Probe_ID,miRNA_original,hsa_candidate,species_label,mapping_method,mean_intensity_PD,mean_intensity_Saline,pseudocount,log2FC_PDF_vs_saline,direction,dataset,biological_organism,array_probe_organism,analysis_note,PD_1,PD_2,PD_3,Saline_1,Saline_2,Saline_3
42839,rno-miR-135a-5p,hsa-miR-135a-5p,CROSS-SPECIES,rno_to_hsa_stem_homology,1.7929,0.1787,1.0,1.2446,UP,GSE130387,Mus musculus (C57BL/6),Rattus norvegicus (rno-),EXPLORATORY_DESCRIPTIVE_ONLY_CROSS_SPECIES_n3vs3; pseudocount=1.0; filter: non-null in >=3 samples,3.83458646616541,0.973429951690821,0.570548367221195,0.329973474801061,0.0274102079395085,
147512,rno-miR-21-5p,hsa-miR-21-5p,CROSS-SPECIES,rno_to_hsa_stem_homology,9.5181,3.6967,1.0,1.1632,UP,GSE130387,Mus musculus (C57BL/6),Rattus norvegicus (rno-),EXPLORATORY_DESCRIPTIVE_ONLY_CROSS_SPECIES_n3vs3; pseudocount=1.0; filter: non-null in >=3 samples,4.31694621168305,9.65942028985507,14.5779420825632,2.69920424403183,3.66162570888469,4.72931907709623
145914,rno-miR-135b-5p,hsa-miR-135b-5p,CROSS-SPECIES,rno_to_hsa_stem_homology,4.8,1.8668,1.0,1.0166,UP,GSE130387,Mus musculus (C57BL/6),Rattus norvegicus (rno-),EXPLORATORY_DESCRIPTIVE_ONLY_CROSS_SPECIES_n3vs3; pseudocount=1.0; filter: non-null in >=3 samples,7.24117987275882,3.61352657004831,3.5452865064695,5.36976127320955,0.129489603024575,0.101294316263365
14288,rno-miR-503-5p,hsa-miR-503-5p,CROSS-SPECIES,rno_to_hsa_stem_homology,2.8393,0.9254,1.0,0.9957,UNCHANGED,GSE130387,Mus musculus (C57BL/6),Rattus norvegicus (rno-),EXPLORATORY_DESCRIPTIVE_ONLY_CROSS_SPECIES_n3vs3; pseudocount=1.0; filter: non-null in >=3 samples,4.36784268363216,1.59299516908213,2.5569932224276,1.05464190981432,0.975425330812854,0.746201463140124
17896,rno-miR-21-3p,hsa-miR-21-3p,CROSS-SPECIES,rno_to_hsa_stem_homology,1.7486,0.4642,1.0,0.9085,UNCHANGED,GSE130387,Mus musculus (C57BL/6),Rattus norvegicus (rno-),EXPLORATORY_DESCRIPTIVE_ONLY_CROSS_SPECIES_n3vs3; pseudocount=1.0; filter: non-null in >=3 samples,1.5026026604974,1.42391304347826,2.31916204559458,0.544297082228117,0.502835538752363,0.345526167698368
148075,rno-miR-206-5p,hsa-miR-206-5p,CROSS-SPECIES,rno_to_hsa_stem_homology,1.1677,0.1649,1.0,0.896,UNCHANGED,GSE130387,Mus musculus (C57BL/6),Rattus norvegicus (rno-),EXPLORATORY_DESCRIPTIVE_ONLY_CROSS_SPECIES_n3vs3; pseudocount=1.0; filter: non-null in >=3 samples,1.77790630422209,0.723429951690821,1.00184842883549,0.214323607427056,0.164461247637051,0.115925717501407
148385,rno-miR-331-5p,hsa-miR-331-5p,CROSS-SPECIES,rno_to_hsa_stem_homology,16.7957,8.6786,1.0,0.8787,UNCHANGED,GSE130387,Mus musculus (C57BL/6),Rattus norvegicus (rno-),EXPLORATORY_DESCRIPTIVE_ONLY_CROSS_SPECIES_n3vs3; pseudocount=1.0; filter: non-null in >=3 samples,23.925968768074,18.5929951690821,7.86814540973506,19.0100795755968,1.67958412098299,5.34608891389983
148207,rno-miR-465-3p,hsa-miR-465-3p,CROSS-SPECIES,rno_to_hsa_stem_homology,1.436,0.3565,1.0,0.8446,UNCHANGED,GSE130387,Mus musculus (C57BL/6),Rattus norvegicus (rno-),EXPLORATORY_DESCRIPTIVE_ONLY_CROSS_SPECIES_n3vs3; pseudocount=1.0; filter: non-null in >=3 samples,2.24985540775014,0.952898550724638,1.10536044362292,0.492307692307692,0.319470699432892,0.257737760270118
148174,rno-miR-653-3p,hsa-miR-653-3p,CROSS-SPECIES,rno_to_hsa_stem_homology,24.6243,13.6705,1.0,0.8046,UNCHANGED,GSE130387,Mus musculus (C57BL/6),Rattus norvegicus (rno-),EXPLORATORY_DESCRIPTIVE_ONLY_CROSS_SPECIES_n3vs3; pseudocount=1.0; filter: non-null in >=3 samples,31.7513013302487,24.5628019323672,17.5588416512631,29.3941644562334,2.20037807183365,9.41699493528419
46381,rno-miR-1298,hsa-miR-1298,CROSS-SPECIES,rno_to_hsa_stem_homology,0.7927,0.0537,1.0,0.7667,UNCHANGED,GSE130387,Mus musculus (C57BL/6),Rattus norvegicus (rno-),EXPLORATORY_DESCRIPTIVE_ONLY_CROSS_SPECIES_n3vs3; pseudocount=1.0; filter: non-null in >=3 samples,1.11740890688259,0.415458937198068,0.845348120764017,0.0710875331564987,0.0765595463137996,0.0135059088351154
148594,rno-miR-466d,hsa-miR-466d,CROSS-SPECIES,rno_to_hsa_stem_homology,1.8481,0.7411,1.0,0.71,UNCHANGED,GSE130387,Mus musculus (C57BL/6),Rattus norvegicus (rno-),EXPLORATORY_DESCRIPTIVE_ONLY_CROSS_SPECIES_n3vs3; pseudocount=1.0; filter: non-null in >=3 samples,2.8849045691151,1.14130434782609,1.51817621688232,1.31989389920424,0.362003780718337,0.541361845807541
148483,rno-miR-466b-1-3p,hsa-miR-466b-1-3p,CROSS-SPECIES,rno_to_hsa_stem_homology,1.7478,0.7063,1.0,0.6874,UNCHANGED,GSE130387,Mus musculus (C57BL/6),Rattus norvegicus (rno-),EXPLORATORY_DESCRIPTIVE_ONLY_CROSS_SPECIES_n3vs3; pseudocount=1.0; filter: non-null in >=3 samples,1.96067090803933,1.09903381642512,2.18361059765866,0.663129973474801,0.646502835538752,0.809229037703995
145798,rno-miR-142-5p,hsa-miR-142-5p,CROSS-SPECIES,rno_to_hsa_stem_homology,2.9963,1.5082,1.0,0.672,UNCHANGED,GSE130387,Mus musculus (C57BL/6),Rattus norvegicus (rno-),EXPLORATORY_DESCRIPTIVE_ONLY_CROSS_SPECIES_n3vs3; pseudocount=1.0; filter: non-null in >=3 samples,0.802776171197224,2.60628019323672,5.57979051139864,1.01432360742706,1.62287334593573,1.88745075970737
148139,rno-miR-3596c,hsa-miR-3596c,CROSS-SPECIES,rno_to_hsa_stem_homology,4.7096,2.5843,1.0,0.6717,UNCHANGED,GSE130387,Mus musculus (C57BL/6),Rattus norvegicus (rno-),EXPLORATORY_DESCRIPTIVE_ONLY_CROSS_SPECIES_n3vs3; pseudocount=1.0; filter: non-null in >=3 samples,5.9224985540775,3.91666666666667,4.28958718422674,4.12944297082228,1.2069943289225,2.41643218908272
29872,rno-miR-340-5p,hsa-miR-340-5p,CROSS-SPECIES,rno_to_hsa_stem_homology,5.0898,2.8334,1.0,0.6678,UNCHANGED,GSE130387,Mus musculus (C57BL/6),Rattus norvegicus (rno-),EXPLORATORY_DESCRIPTIVE_ONLY_CROSS_SPECIES_n3vs3; pseudocount=1.0; filter: non-null in >=3 samples,4.82822440717178,4.59903381642512,5.8422674060382,2.34801061007958,3.21928166351607,2.93303320202589
148591,rno-miR-329-5p,hsa-miR-329-5p,CROSS-SPECIES,rno_to_hsa_stem_homology,1.0848,0.3189,1.0,0.6606,UNCHANGED,GSE130387,Mus musculus (C57BL/6),Rattus norvegicus (rno-),EXPLORATORY_DESCRIPTIVE_ONLY_CROSS_SPECIES_n3vs3; pseudocount=1.0; filter: non-null in >=3 samples,1.60670908039329,0.783816425120773,0.863832409118916,0.416976127320955,0.22117202268431,0.318514350028137
148229,rno-miR-3557-5p,hsa-miR-3557-5p,CROSS-SPECIES,rno_to_hsa_stem_homology,1.215,0.4148,1.0,0.6467,UNCHANGED,GSE130387,Mus musculus (C57BL/6),Rattus norvegicus (rno-),EXPLORATORY_DESCRIPTIVE_ONLY_CROSS_SPECIES_n3vs3; pseudocount=1.0; filter: non-null in >=3 samples,1.82417582417582,0.692028985507246,1.12877387553913,0.241909814323607,0.673913043478261,0.328643781654474
10977,rno-miR-183-5p,hsa-miR-183-5p,CROSS-SPECIES,rno_to_hsa_stem_homology,0.7405,0.1317,1.0,0.621,UNCHANGED,GSE130387,Mus musculus (C57BL/6),Rattus norvegicus (rno-),EXPLORATORY_DESCRIPTIVE_ONLY_CROSS_SPECIES_n3vs3; pseudocount=1.0; filter: non-null in >=3 samples,1.0133024869867,0.340579710144928,0.867529266789895,,0.229678638941399,0.0337647720877884
148584,rno-miR-3572,hsa-miR-3572,CROSS-SPECIES,rno_to_hsa_stem_homology,2.0743,1.0137,1.0,0.6104,UNCHANGED,GSE130387,Mus musculus (C57BL/6),Rattus norvegicus (rno-),EXPLORATORY_DESCRIPTIVE_ONLY_CROSS_SPECIES_n3vs3; pseudocount=1.0; filter: non-null in >=3 samples,2.46153846153846,1.49275362318841,2.26863832409119,1.52042440318302,0.642722117202268,0.877884074282499
42677,rno-miR-344a-5p,hsa-miR-344a-5p,CROSS-SPECIES,rno_to_hsa_stem_homology,1.0647,0.3643,1.0,0.5977,UNCHANGED,GSE130387,Mus musculus (C57BL/6),Rattus norvegicus (rno-),EXPLORATORY_DESCRIPTIVE_ONLY_CROSS_SPECIES_n3vs3; pseudocount=1.0; filter: non-null in >=3 samples,1.35916714864083,0.725845410628019,1.1090573012939,0.628116710875332,0.247637051039698,0.217220033764772
10306,rno-miR-146b-5p,hsa-miR-146b-5p,CROSS-SPECIES,rno_to_hsa_stem_homology,3.1861,1.7779,1.0,0.5916,UNCHANGED,GSE130387,Mus musculus (C57BL/6),Rattus norvegicus (rno-),EXPLORATORY_DESCRIPTIVE_ONLY_CROSS_SPECIES_n3vs3; pseudocount=1.0; filter: non-null in >=3 samples,1.26894158473106,2.79227053140097,5.49722735674677,1.56074270557029,1.56805293005671,2.20483961733258
42703,rno-miR-490-3p,hsa-miR-490-3p,CROSS-SPECIES,rno_to_hsa_stem_homology,1.2846,0.5234,1.0,0.5846,UNCHANGED,GSE130387,Mus musculus (C57BL/6),Rattus norvegicus (rno-),EXPLORATORY_DESCRIPTIVE_ONLY_CROSS_SPECIES_n3vs3; pseudocount=1.0; filter: non-null in >=3 samples,1.82070561017929,0.792270531400966,1.24091189155884,0.590981432360743,0.512287334593573,0.467079347214406
148534,rno-miR-103-1-5p,hsa-miR-103-1-5p,CROSS-SPECIES,rno_to_hsa_stem_homology,0.9635,0.3108,1.0,0.5829,UNCHANGED,GSE130387,Mus musculus (C57BL/6),Rattus norvegicus (rno-),EXPLORATORY_DESCRIPTIVE_ONLY_CROSS_SPECIES_n3vs3; pseudocount=1.0; filter: non-null in >=3 samples,1.49103528050896,0.632850241545894,0.766481823783118,0.457294429708223,0.252362948960302,0.222847495779403
11125,rno-miR-493-5p,hsa-miR-493-5p,CROSS-SPECIES,rno_to_hsa_stem_homology,1.281,0.5294,1.0,0.5767,UNCHANGED,GSE130387,Mus musculus (C57BL/6),Rattus norvegicus (rno-),EXPLORATORY_DESCRIPTIVE_ONLY_CROSS_SPECIES_n3vs3; pseudocount=1.0; filter: non-null in >=3 samples,1.45054945054945,1.1268115942029,1.26555760936537,0.964456233421751,0.352551984877127,0.271243669105234
10947,rno-miR-142-3p,hsa-miR-142-3p,CROSS-SPECIES,rno_to_hsa_stem_homology,15.1006,9.8018,1.0,0.5758,UNCHANGED,GSE130387,Mus musculus (C57BL/6),Rattus norvegicus (rno-),EXPLORATORY_DESCRIPTIVE_ONLY_CROSS_SPECIES_n3vs3; pseudocount=1.0; filter: non-null in >=3 samples,5.83111625216888,16.8852657004831,22.5853357979051,9.4026525198939,6.42816635160681,13.5745638716939
148422,rno-miR-301b-5p,hsa-miR-301b-5p,CROSS-SPECIES,rno_to_hsa_stem_homology,0.8909,0.295,1.0,0.5461,UNCHANGED,GSE130387,Mus musculus (C57BL/6),Rattus norvegicus (rno-),EXPLORATORY_DESCRIPTIVE_ONLY_CROSS_SPECIES_n3vs3; pseudocount=1.0; filter: non-null in >=3 samples,1.20647773279352,0.672705314009662,0.793592113370302,0.319363395225464,0.474480151228733,0.0911648846370287
148046,rno-miR-344a/rno-miR-344a-5p,hsa-miR-344a/rno-miR-344a-5p,CROSS-SPECIES,rno_to_hsa_stem_homology,2.3595,1.3193,1.0,0.5346,UNCHANGED,GSE130387,Mus musculus (C57BL/6),Rattus norvegicus (rno-),EXPLORATORY_DESCRIPTIVE_ONLY_CROSS_SPECIES_n3vs3; pseudocount=1.0; filter: non-null in >=3 samples,3.00289184499711,1.85869565217391,2.21688231669747,1.98302387267905,0.757088846880907,1.21778277996624
29490,rno-miR-7a-5p,hsa-miR-7a-5p,CROSS-SPECIES,rno_to_hsa_stem_homology,1.0925,0.4656,1.0,0.5137,UNCHANGED,GSE130387,Mus musculus (C57BL/6),Rattus norvegicus (rno-),EXPLORATORY_DESCRIPTIVE_ONLY_CROSS_SPECIES_n3vs3; pseudocount=1.0; filter: non-null in >=3 samples,1.40427993059572,0.846618357487923,1.02649414664202,0.520954907161804,0.453686200378072,0.422059651097355
148044,rno-miR-450a-3p,hsa-miR-450a-3p,CROSS-SPECIES,rno_to_hsa_stem_homology,2.0396,1.1327,1.0,0.5112,UNCHANGED,GSE130387,Mus musculus (C57BL/6),Rattus norvegicus (rno-),EXPLORATORY_DESCRIPTIVE_ONLY_CROSS_SPECIES_n3vs3; pseudocount=1.0; filter: non-null in >=3 samples,3.11278195488722,1.2536231884058,1.75231053604436,1.49602122015915,1.07372400756144,0.828362408553742
11207,rno-miR-202-3p,hsa-miR-202-3p,CROSS-SPECIES,rno_to_hsa_stem_homology,0.5097,0.0742,1.0,0.4909,UNCHANGED,GSE130387,Mus musculus (C57BL/6),Rattus norvegicus (rno-),EXPLORATORY_DESCRIPTIVE_ONLY_CROSS_SPECIES_n3vs3; pseudocount=1.0; filter: non-null in >=3 samples,0.614227877385772,0.403381642512077,0.511398644485521,0.07424898900000003,0.0888468809073724,0.0596510973550929
29575,rno-miR-32-3p,hsa-miR-32-3p,CROSS-SPECIES,rno_to_hsa_stem_homology,1.5629,0.8269,1.0,0.4884,UNCHANGED,GSE130387,Mus musculus (C57BL/6),Rattus norvegicus (rno-),EXPLORATORY_DESCRIPTIVE_ONLY_CROSS_SPECIES_n3vs3; pseudocount=1.0; filter: non-null in >=3 samples,2.89878542510121,1.05555555555556,0.734442390634627,1.26472148541114,0.446124763705104,0.769836803601576
42770,rno-miR-665,hsa-miR-665,CROSS-SPECIES,rno_to_hsa_stem_homology,1.7465,0.9637,1.0,0.4841,UNCHANGED,GSE130387,Mus musculus (C57BL/6),Rattus norvegicus (rno-),EXPLORATORY_DESCRIPTIVE_ONLY_CROSS_SPECIES_n3vs3; pseudocount=1.0; filter: non-null in >=3 samples,2.08675534991324,1.72463768115942,1.42821934688848,1.11936339522546,0.62476370510397,1.14687675858188
148172,rno-miR-216a-3p,hsa-miR-216a-3p,CROSS-SPECIES,rno_to_hsa_stem_homology,0.748,0.2505,1.0,0.4832,UNCHANGED,GSE130387,Mus musculus (C57BL/6),Rattus norvegicus (rno-),EXPLORATORY_DESCRIPTIVE_ONLY_CROSS_SPECIES_n3vs3; pseudocount=1.0; filter: non-null in >=3 samples,1.00636205899364,0.527777777777778,0.709796672828096,0.357559681697613,0.25992438563327,0.133933595948227
42694,rno-miR-485-3p,hsa-miR-485-3p,CROSS-SPECIES,rno_to_hsa_stem_homology,0.8287,0.3201,1.0,0.4701,UNCHANGED,GSE130387,Mus musculus (C57BL/6),Rattus norvegicus (rno-),EXPLORATORY_DESCRIPTIVE_ONLY_CROSS_SPECIES_n3vs3; pseudocount=1.0; filter: non-null in >=3 samples,1.18681318681319,0.584541062801932,0.714725816389402,0.387267904509284,0.270321361058601,0.302757456387169
148304,rno-miR-212-5p,hsa-miR-212-5p,CROSS-SPECIES,rno_to_hsa_stem_homology,0.4855,0.074,1.0,0.468,UNCHANGED,GSE130387,Mus musculus (C57BL/6),Rattus norvegicus (rno-),EXPLORATORY_DESCRIPTIVE_ONLY_CROSS_SPECIES_n3vs3; pseudocount=1.0; filter: non-null in >=3 samples,0.844418739155581,0.264492753623188,0.347504621072089,0.163395225464191,0.0472589792060492,0.0112549240292628
42626,rno-miR-30b-3p,hsa-miR-30b-3p,CROSS-SPECIES,rno_to_hsa_stem_homology,1.4058,0.7437,1.0,0.4644,UNCHANGED,GSE130387,Mus musculus (C57BL/6),Rattus norvegicus (rno-),EXPLORATORY_DESCRIPTIVE_ONLY_CROSS_SPECIES_n3vs3; pseudocount=1.0; filter: non-null in >=3 samples,1.78368999421631,1.27053140096618,1.16327788046827,1.22228116710875,0.493383742911153,0.515475520540236
145836,rno-miR-218a-2-3p,hsa-miR-218a-2-3p,CROSS-SPECIES,rno_to_hsa_stem_homology,1.0713,0.5017,1.0,0.464,UNCHANGED,GSE130387,Mus musculus (C57BL/6),Rattus norvegicus (rno-),EXPLORATORY_DESCRIPTIVE_ONLY_CROSS_SPECIES_n3vs3; pseudocount=1.0; filter: non-null in >=3 samples,2.03701561596298,0.606280193236715,0.570548367221195,1.31352785145889,0.135160680529301,0.056274620146314
31388,rno-miR-291a-5p,hsa-miR-291a-5p,CROSS-SPECIES,rno_to_hsa_stem_homology,1.445,0.7732,1.0,0.4635,UNCHANGED,GSE130387,Mus musculus (C57BL/6),Rattus norvegicus (rno-),EXPLORATORY_DESCRIPTIVE_ONLY_CROSS_SPECIES_n3vs3; pseudocount=1.0; filter: non-null in >=3 samples,2.09022556390977,1.17391304347826,1.07085643869378,1.03129973474801,0.456521739130435,0.831738885762521
27565,rno-miR-423-5p,hsa-miR-423-5p,CROSS-SPECIES,rno_to_hsa_stem_homology,2.5426,1.5843,1.0,0.455,UNCHANGED,GSE130387,Mus musculus (C57BL/6),Rattus norvegicus (rno-),EXPLORATORY_DESCRIPTIVE_ONLY_CROSS_SPECIES_n3vs3; pseudocount=1.0; filter: non-null in >=3 samples,3.9572006940428,1.96256038647343,1.70794824399261,2.70238726790451,0.949905482041588,1.1007315700619
11240,rno-miR-409a-3p,hsa-miR-409a-3p,CROSS-SPECIES,rno_to_hsa_stem_homology,0.5044,0.0988,1.0,0.4532,UNCHANGED,GSE130387,Mus musculus (C57BL/6),Rattus norvegicus (rno-),EXPLORATORY_DESCRIPTIVE_ONLY_CROSS_SPECIES_n3vs3; pseudocount=1.0; filter: non-null in >=3 samples,0.903412377096588,0.251207729468599,0.358595194085028,0.151724137931034,0.0850661625708885,0.0596510973550929
17825,rno-miR-338-5p,hsa-miR-338-5p,CROSS-SPECIES,rno_to_hsa_stem_homology,0.4251,0.0429,1.0,0.4505,UNCHANGED,GSE130387,Mus musculus (C57BL/6),Rattus norvegicus (rno-),EXPLORATORY_DESCRIPTIVE_ONLY_CROSS_SPECIES_n3vs3; pseudocount=1.0; filter: non-null in >=3 samples,0.421052631578947,0.225845410628019,0.628465804066543,0.00636604774535809,0.0907372400756144,0.0315137872819358
148316,rno-miR-134-3p,hsa-miR-134-3p,CROSS-SPECIES,rno_to_hsa_stem_homology,4.6674,3.1626,1.0,0.4452,UNCHANGED,GSE130387,Mus musculus (C57BL/6),Rattus norvegicus (rno-),EXPLORATORY_DESCRIPTIVE_ONLY_CROSS_SPECIES_n3vs3; pseudocount=1.0; filter: non-null in >=3 samples,6.17235396182765,3.88888888888889,3.94085027726433,5.21379310344828,1.19565217391304,3.07822172200338
148401,rno-miR-185-3p,hsa-miR-185-3p,CROSS-SPECIES,rno_to_hsa_stem_homology,1.4398,0.7958,1.0,0.4422,UNCHANGED,GSE130387,Mus musculus (C57BL/6),Rattus norvegicus (rno-),EXPLORATORY_DESCRIPTIVE_ONLY_CROSS_SPECIES_n3vs3; pseudocount=1.0; filter: non-null in >=3 samples,1.55928282244072,1.22101449275362,1.53912507701787,1.3973474801061,0.397920604914934,0.592009003939223
148576,rno-miR-92a-2-5p,hsa-miR-92a-2-5p,CROSS-SPECIES,rno_to_hsa_stem_homology,0.9196,0.4141,1.0,0.4409,UNCHANGED,GSE130387,Mus musculus (C57BL/6),Rattus norvegicus (rno-),EXPLORATORY_DESCRIPTIVE_ONLY_CROSS_SPECIES_n3vs3; pseudocount=1.0; filter: non-null in >=3 samples,0.940427993059572,0.927536231884058,0.8909426987061,0.7342175066313,0.14461247637051,0.363534046145189
11245,rno-miR-433-5p,hsa-miR-433-5p,CROSS-SPECIES,rno_to_hsa_stem_homology,3.9438,2.6518,1.0,0.437,UNCHANGED,GSE130387,Mus musculus (C57BL/6),Rattus norvegicus (rno-),EXPLORATORY_DESCRIPTIVE_ONLY_CROSS_SPECIES_n3vs3; pseudocount=1.0; filter: non-null in >=3 samples,5.18334297281666,2.73188405797101,3.91620455945779,3.9448275862069,1.96786389413989,2.0427687113112
10952,rno-miR-146a-5p,hsa-miR-146a-5p,CROSS-SPECIES,rno_to_hsa_stem_homology,2.6063,1.6657,1.0,0.436,UNCHANGED,GSE130387,Mus musculus (C57BL/6),Rattus norvegicus (rno-),EXPLORATORY_DESCRIPTIVE_ONLY_CROSS_SPECIES_n3vs3; pseudocount=1.0; filter: non-null in >=3 samples,0.977443609022556,2.86111111111111,3.98028342575478,1.6053050397878,1.44706994328922,1.94485087225661
17316,rno-miR-488-3p,hsa-miR-488-3p,CROSS-SPECIES,rno_to_hsa_stem_homology,0.8256,0.3549,1.0,0.4303,UNCHANGED,GSE130387,Mus musculus (C57BL/6),Rattus norvegicus (rno-),EXPLORATORY_DESCRIPTIVE_ONLY_CROSS_SPECIES_n3vs3; pseudocount=1.0; filter: non-null in >=3 samples,1.11856564488143,0.647342995169082,0.711028958718423,0.711936339522546,0.145557655954631,0.207090602138436
29802,rno-miR-144-3p,hsa-miR-144-3p,CROSS-SPECIES,rno_to_hsa_stem_homology,3.5356,2.4083,1.0,0.4122,UNCHANGED,GSE130387,Mus musculus (C57BL/6),Rattus norvegicus (rno-),EXPLORATORY_DESCRIPTIVE_ONLY_CROSS_SPECIES_n3vs3; pseudocount=1.0; filter: non-null in >=3 samples,1.88316946211683,4.16787439613527,4.55576093653728,0.637665782493369,0.744801512287335,5.84243106359032
10975,rno-miR-182,hsa-miR-182,CROSS-SPECIES,rno_to_hsa_stem_homology,0.3878,0.0444,1.0,0.4101,UNCHANGED,GSE130387,Mus musculus (C57BL/6),Rattus norvegicus (rno-),EXPLORATORY_DESCRIPTIVE_ONLY_CROSS_SPECIES_n3vs3; pseudocount=1.0; filter: non-null in >=3 samples,0.718334297281666,0.109903381642512,0.335181762168823,,0.0444234404536862,
42706,rno-miR-325-3p,hsa-miR-325-3p,CROSS-SPECIES,rno_to_hsa_stem_homology,1.8486,1.1442,1.0,0.4098,UNCHANGED,GSE130387,Mus musculus (C57BL/6),Rattus norvegicus (rno-),EXPLORATORY_DESCRIPTIVE_ONLY_CROSS_SPECIES_n3vs3; pseudocount=1.0; filter: non-null in >=3 samples,2.32504337767496,1.34903381642512,1.87184226740604,1.52997347480106,0.723062381852552,1.17951603826674
148201,rno-miR-365-5p,hsa-miR-365-5p,CROSS-SPECIES,rno_to_hsa_stem_homology,0.3925,0.0508,1.0,0.4062,UNCHANGED,GSE130387,Mus musculus (C57BL/6),Rattus norvegicus (rno-),EXPLORATORY_DESCRIPTIVE_ONLY_CROSS_SPECIES_n3vs3; pseudocount=1.0; filter: non-null in >=3 samples,0.793522267206478,0.0821256038647343,0.301910043130006,0.0742705570291777,0.0274102079395085,
42570,rno-miR-194-3p,hsa-miR-194-3p,CROSS-SPECIES,rno_to_hsa_stem_homology,0.4677,0.1345,1.0,0.3716,UNCHANGED,GSE130387,Mus musculus (C57BL/6),Rattus norvegicus (rno-),EXPLORATORY_DESCRIPTIVE_ONLY_CROSS_SPECIES_n3vs3; pseudocount=1.0; filter: non-null in >=3 samples,0.64893001735107,0.363526570048309,0.390634627233518,0.157029177718833,0.101134215500945,0.14518851997749
17822,rno-miR-490-5p,hsa-miR-490-5p,CROSS-SPECIES,rno_to_hsa_stem_homology,0.4901,0.1545,1.0,0.3681,UNCHANGED,GSE130387,Mus musculus (C57BL/6),Rattus norvegicus (rno-),EXPLORATORY_DESCRIPTIVE_ONLY_CROSS_SPECIES_n3vs3; pseudocount=1.0; filter: non-null in >=3 samples,0.456911509543089,0.340579710144928,0.672828096118299,0.248275862068966,0.139886578449905,0.0754079909960608
148530,rno-miR-466c-3p,hsa-miR-466c-3p,CROSS-SPECIES,rno_to_hsa_stem_homology,0.565,0.2125,1.0,0.3681,UNCHANGED,GSE130387,Mus musculus (C57BL/6),Rattus norvegicus (rno-),EXPLORATORY_DESCRIPTIVE_ONLY_CROSS_SPECIES_n3vs3; pseudocount=1.0; filter: non-null in >=3 samples,0.593406593406593,0.304347826086957,0.797288971041282,0.135809018567639,0.319470699432892,0.182329769274057
17898,rno-miR-99b-3p,hsa-miR-99b-3p,CROSS-SPECIES,rno_to_hsa_stem_homology,0.8903,0.4732,1.0,0.3597,UNCHANGED,GSE130387,Mus musculus (C57BL/6),Rattus norvegicus (rno-),EXPLORATORY_DESCRIPTIVE_ONLY_CROSS_SPECIES_n3vs3; pseudocount=1.0; filter: non-null in >=3 samples,1.16136495083864,0.782608695652174,0.727048675292668,0.706631299734748,0.34593572778828,0.366910523353967
42586,rno-miR-466c-5p,hsa-miR-466c-5p,CROSS-SPECIES,rno_to_hsa_stem_homology,0.5261,0.1984,1.0,0.3488,UNCHANGED,GSE130387,Mus musculus (C57BL/6),Rattus norvegicus (rno-),EXPLORATORY_DESCRIPTIVE_ONLY_CROSS_SPECIES_n3vs3; pseudocount=1.0; filter: non-null in >=3 samples,0.569115095430885,0.368357487922705,0.640788662969809,0.214323607427056,0.216446124763705,0.164321890827237
42490,rno-miR-505-5p,hsa-miR-505-5p,CROSS-SPECIES,rno_to_hsa_stem_homology,1.357,0.8542,1.0,0.3462,UNCHANGED,GSE130387,Mus musculus (C57BL/6),Rattus norvegicus (rno-),EXPLORATORY_DESCRIPTIVE_ONLY_CROSS_SPECIES_n3vs3; pseudocount=1.0; filter: non-null in >=3 samples,1.99305957200694,1.2536231884058,0.824399260628466,0.985676392572944,0.866729678638941,0.710185706246483
42462,rno-miR-883-5p,hsa-miR-883-5p,CROSS-SPECIES,rno_to_hsa_stem_homology,5.2476,3.918,1.0,0.3452,UNCHANGED,GSE130387,Mus musculus (C57BL/6),Rattus norvegicus (rno-),EXPLORATORY_DESCRIPTIVE_ONLY_CROSS_SPECIES_n3vs3; pseudocount=1.0; filter: non-null in >=3 samples,6.38866396761134,4.3768115942029,4.97720271102896,6.58037135278515,1.6890359168242,3.48452447945976
17854,rno-miR-106b-3p,hsa-miR-106b-3p,CROSS-SPECIES,rno_to_hsa_stem_homology,0.862,0.4698,1.0,0.3412,UNCHANGED,GSE130387,Mus musculus (C57BL/6),Rattus norvegicus (rno-),EXPLORATORY_DESCRIPTIVE_ONLY_CROSS_SPECIES_n3vs3; pseudocount=1.0; filter: non-null in >=3 samples,1.14864083285136,0.699275362318841,0.738139248305607,0.681167108753316,0.324196597353497,0.404051772650535
148057,rno-miR-186-3p,hsa-miR-186-3p,CROSS-SPECIES,rno_to_hsa_stem_homology,0.6844,0.3395,1.0,0.3305,UNCHANGED,GSE130387,Mus musculus (C57BL/6),Rattus norvegicus (rno-),EXPLORATORY_DESCRIPTIVE_ONLY_CROSS_SPECIES_n3vs3; pseudocount=1.0; filter: non-null in >=3 samples,0.6524002313476,0.438405797101449,0.96241528034504,0.0190981432360743,0.88468809073724,0.114800225098481
42899,rno-miR-377-5p,hsa-miR-377-5p,CROSS-SPECIES,rno_to_hsa_stem_homology,0.6729,0.3426,1.0,0.3173,UNCHANGED,GSE130387,Mus musculus (C57BL/6),Rattus norvegicus (rno-),EXPLORATORY_DESCRIPTIVE_ONLY_CROSS_SPECIES_n3vs3; pseudocount=1.0; filter: non-null in >=3 samples,0.732215153267785,0.548309178743961,0.738139248305607,0.609018567639257,0.218336483931947,0.200337647720878
148050,rno-miR-3558-3p,hsa-miR-3558-3p,CROSS-SPECIES,rno_to_hsa_stem_homology,0.4453,0.1644,1.0,0.3118,UNCHANGED,GSE130387,Mus musculus (C57BL/6),Rattus norvegicus (rno-),EXPLORATORY_DESCRIPTIVE_ONLY_CROSS_SPECIES_n3vs3; pseudocount=1.0; filter: non-null in >=3 samples,0.725274725274725,0.272946859903382,0.337646333949476,0.356498673740053,0.0803402646502836,0.056274620146314
42723,rno-miR-195-3p,hsa-miR-195-3p,CROSS-SPECIES,rno_to_hsa_stem_homology,0.4581,0.1747,1.0,0.3118,UNCHANGED,GSE130387,Mus musculus (C57BL/6),Rattus norvegicus (rno-),EXPLORATORY_DESCRIPTIVE_ONLY_CROSS_SPECIES_n3vs3; pseudocount=1.0; filter: non-null in >=3 samples,0.651243493348757,0.382850241545894,0.340110905730129,0.127320954907162,0.239130434782609,0.157568936409679
42502,rno-miR-204-3p,hsa-miR-204-3p,CROSS-SPECIES,rno_to_hsa_stem_homology,2.5699,1.8786,1.0,0.3105,UNCHANGED,GSE130387,Mus musculus (C57BL/6),Rattus norvegicus (rno-),EXPLORATORY_DESCRIPTIVE_ONLY_CROSS_SPECIES_n3vs3; pseudocount=1.0; filter: non-null in >=3 samples,3.85887796414112,2.1292270531401,1.7215033887862,2.6525198938992,1.08790170132325,1.89532920652786
27571,rno-miR-292-5p,hsa-miR-292-5p,CROSS-SPECIES,rno_to_hsa_stem_homology,0.2639,0.0204,1.0,0.3087,UNCHANGED,GSE130387,Mus musculus (C57BL/6),Rattus norvegicus (rno-),EXPLORATORY_DESCRIPTIVE_ONLY_CROSS_SPECIES_n3vs3; pseudocount=1.0; filter: non-null in >=3 samples,0.415268941584731,0.157004830917874,0.219346888478127,0.0169761273209549,0.0330812854442344,0.0112549240292628
17427,rno-miR-200c-3p,hsa-miR-200c-3p,CROSS-SPECIES,rno_to_hsa_stem_homology,0.4748,0.2088,1.0,0.2869,UNCHANGED,GSE130387,Mus musculus (C57BL/6),Rattus norvegicus (rno-),EXPLORATORY_DESCRIPTIVE_ONLY_CROSS_SPECIES_n3vs3; pseudocount=1.0; filter: non-null in >=3 samples,0.406015037593985,0.344202898550725,0.674060382008626,0.319363395225464,0.15406427221172,0.153066966797974
146163,rno-miR-224-3p,hsa-miR-224-3p,CROSS-SPECIES,rno_to_hsa_stem_homology,0.2892,0.0579,1.0,0.2853,UNCHANGED,GSE130387,Mus musculus (C57BL/6),Rattus norvegicus (rno-),EXPLORATORY_DESCRIPTIVE_ONLY_CROSS_SPECIES_n3vs3; pseudocount=1.0; filter: non-null in >=3 samples,0.275303643724696,0.138888888888889,0.453481207640173,0.0647214854111406,0.0510396975425331,
148608,rno-miR-551b-5p,hsa-miR-551b-5p,CROSS-SPECIES,rno_to_hsa_stem_homology,1.0455,0.6806,1.0,0.2835,UNCHANGED,GSE130387,Mus musculus (C57BL/6),Rattus norvegicus (rno-),EXPLORATORY_DESCRIPTIVE_ONLY_CROSS_SPECIES_n3vs3; pseudocount=1.0; filter: non-null in >=3 samples,1.28513591671486,0.758454106280193,1.09303758471966,0.786206896551724,0.898865784499055,0.356781091727631
11235,rno-miR-351-5p,hsa-miR-351-5p,CROSS-SPECIES,rno_to_hsa_stem_homology,7.0732,5.6603,1.0,0.2775,UNCHANGED,GSE130387,Mus musculus (C57BL/6),Rattus norvegicus (rno-),EXPLORATORY_DESCRIPTIVE_ONLY_CROSS_SPECIES_n3vs3; pseudocount=1.0; filter: non-null in >=3 samples,8.65934065934066,6.57367149758454,5.98644485520641,9.47480106100796,2.75992438563327,4.74620146314012
148633,rno-miR-299a-5p,hsa-miR-299a-5p,CROSS-SPECIES,rno_to_hsa_stem_homology,0.3396,0.1068,1.0,0.2754,UNCHANGED,GSE130387,Mus musculus (C57BL/6),Rattus norvegicus (rno-),EXPLORATORY_DESCRIPTIVE_ONLY_CROSS_SPECIES_n3vs3; pseudocount=1.0; filter: non-null in >=3 samples,0.296124927703875,0.278985507246377,0.44362292051756,0.070026525198939,0.120982986767486,0.129431626336522
148592,rno-miR-448-5p,hsa-miR-448-5p,CROSS-SPECIES,rno_to_hsa_stem_homology,0.3581,0.1232,1.0,0.274,UNCHANGED,GSE130387,Mus musculus (C57BL/6),Rattus norvegicus (rno-),EXPLORATORY_DESCRIPTIVE_ONLY_CROSS_SPECIES_n3vs3; pseudocount=1.0; filter: non-null in >=3 samples,0.561017929438982,0.213768115942029,0.299445471349353,,0.183364839319471,0.0630275745638717
42717,rno-miR-92b-5p,hsa-miR-92b-5p,CROSS-SPECIES,rno_to_hsa_stem_homology,0.2807,0.0594,1.0,0.2737,UNCHANGED,GSE130387,Mus musculus (C57BL/6),Rattus norvegicus (rno-),EXPLORATORY_DESCRIPTIVE_ONLY_CROSS_SPECIES_n3vs3; pseudocount=1.0; filter: non-null in >=3 samples,0.426836321573164,0.184782608695652,0.230437461491066,0.046684350132626,0.0425330812854442,0.0889138998311761
11231,rno-miR-345-5p,hsa-miR-345-5p,CROSS-SPECIES,rno_to_hsa_stem_homology,0.511,0.2603,1.0,0.2618,UNCHANGED,GSE130387,Mus musculus (C57BL/6),Rattus norvegicus (rno-),EXPLORATORY_DESCRIPTIVE_ONLY_CROSS_SPECIES_n3vs3; pseudocount=1.0; filter: non-null in >=3 samples,0.621168305378832,0.367149758454106,0.544670363524338,0.159151193633952,0.322306238185255,0.299380979178391
148068,rno-miR-758-5p,hsa-miR-758-5p,CROSS-SPECIES,rno_to_hsa_stem_homology,1.0338,0.7005,1.0,0.2582,UNCHANGED,GSE130387,Mus musculus (C57BL/6),Rattus norvegicus (rno-),EXPLORATORY_DESCRIPTIVE_ONLY_CROSS_SPECIES_n3vs3; pseudocount=1.0; filter: non-null in >=3 samples,1.20532099479468,0.931159420289855,0.964879852125693,0.878514588859416,0.568998109640832,0.653911086100169
148609,rno-miR-487b-5p,hsa-miR-487b-5p,CROSS-SPECIES,rno_to_hsa_stem_homology,0.2314,0.0343,1.0,0.2517,UNCHANGED,GSE130387,Mus musculus (C57BL/6),Rattus norvegicus (rno-),EXPLORATORY_DESCRIPTIVE_ONLY_CROSS_SPECIES_n3vs3; pseudocount=1.0; filter: non-null in >=3 samples,0.330827067669173,0.1243961352657,0.239063462723352,,0.053875236294896,0.0146314012380416
4390,rno-miR-7b,hsa-miR-7b,CROSS-SPECIES,rno_to_hsa_stem_homology,0.2088,0.017,1.0,0.2492,UNCHANGED,GSE130387,Mus musculus (C57BL/6),Rattus norvegicus (rno-),EXPLORATORY_DESCRIPTIVE_ONLY_CROSS_SPECIES_n3vs3; pseudocount=1.0; filter: non-null in >=3 samples,0.37941006362059,0.0954106280193237,0.151571164510166,,0.0170132325141777,
42638,rno-miR-23a-5p,hsa-miR-23a-5p,CROSS-SPECIES,rno_to_hsa_stem_homology,0.29,0.0867,1.0,0.2473,UNCHANGED,GSE130387,Mus musculus (C57BL/6),Rattus norvegicus (rno-),EXPLORATORY_DESCRIPTIVE_ONLY_CROSS_SPECIES_n3vs3; pseudocount=1.0; filter: non-null in >=3 samples,0.462695199537305,0.155797101449275,0.251386321626617,0.107161803713528,0.0945179584120983,0.0585256049521666
148472,rno-miR-201-5p,hsa-miR-201-5p,CROSS-SPECIES,rno_to_hsa_stem_homology,0.5564,0.321,1.0,0.2366,UNCHANGED,GSE130387,Mus musculus (C57BL/6),Rattus norvegicus (rno-),EXPLORATORY_DESCRIPTIVE_ONLY_CROSS_SPECIES_n3vs3; pseudocount=1.0; filter: non-null in >=3 samples,1.01445922498554,0.285024154589372,0.369685767097967,,0.593572778827977,0.0483961733258301
42479,rno-miR-29b-1-5p,hsa-miR-29b-1-5p,CROSS-SPECIES,rno_to_hsa_stem_homology,0.3928,0.1823,1.0,0.2364,UNCHANGED,GSE130387,Mus musculus (C57BL/6),Rattus norvegicus (rno-),EXPLORATORY_DESCRIPTIVE_ONLY_CROSS_SPECIES_n3vs3; pseudocount=1.0; filter: non-null in >=3 samples,0.562174667437825,0.293478260869565,0.322858903265558,0.294960212201592,0.148393194706994,0.103545301069218
42707,rno-miR-294,hsa-miR-294,CROSS-SPECIES,rno_to_hsa_stem_homology,2.0731,1.6125,1.0,0.2342,UNCHANGED,GSE130387,Mus musculus (C57BL/6),Rattus norvegicus (rno-),EXPLORATORY_DESCRIPTIVE_ONLY_CROSS_SPECIES_n3vs3; pseudocount=1.0; filter: non-null in >=3 samples,2.69635627530364,1.88888888888889,1.63401109057301,1.73580901856764,1.52835538752363,1.57343837929094
148439,rno-miR-2985,hsa-miR-2985,CROSS-SPECIES,rno_to_hsa_stem_homology,0.207,0.0276,1.0,0.2322,UNCHANGED,GSE130387,Mus musculus (C57BL/6),Rattus norvegicus (rno-),EXPLORATORY_DESCRIPTIVE_ONLY_CROSS_SPECIES_n3vs3; pseudocount=1.0; filter: non-null in >=3 samples,0.225563909774436,0.1256038647343,0.269870609981516,0.0328912466843501,0.0453686200378072,0.00450196961170512
148280,rno-miR-466b-2-3p,hsa-miR-466b-2-3p,CROSS-SPECIES,rno_to_hsa_stem_homology,0.4117,0.2064,1.0,0.2268,UNCHANGED,GSE130387,Mus musculus (C57BL/6),Rattus norvegicus (rno-),EXPLORATORY_DESCRIPTIVE_ONLY_CROSS_SPECIES_n3vs3; pseudocount=1.0; filter: non-null in >=3 samples,0.459224985540775,0.205314009661836,0.570548367221195,,0.225897920604915,0.186831738885763
17835,rno-miR-450a-5p,hsa-miR-450a-5p,CROSS-SPECIES,rno_to_hsa_stem_homology,0.7455,0.4962,1.0,0.2224,UNCHANGED,GSE130387,Mus musculus (C57BL/6),Rattus norvegicus (rno-),EXPLORATORY_DESCRIPTIVE_ONLY_CROSS_SPECIES_n3vs3; pseudocount=1.0; filter: non-null in >=3 samples,0.69866975130133,0.548309178743961,0.989525569932224,0.53262599469496,0.434782608695652,0.521102982554868
17411,rno-miR-147,hsa-miR-147,CROSS-SPECIES,rno_to_hsa_stem_homology,0.2127,0.042,1.0,0.2189,UNCHANGED,GSE130387,Mus musculus (C57BL/6),Rattus norvegicus (rno-),EXPLORATORY_DESCRIPTIVE_ONLY_CROSS_SPECIES_n3vs3; pseudocount=1.0; filter: non-null in >=3 samples,0.268363215731637,0.121980676328502,0.247689463955638,,0.055765595463138,0.028137310073157
42916,rno-miR-471-5p,hsa-miR-471-5p,CROSS-SPECIES,rno_to_hsa_stem_homology,0.2323,0.0602,1.0,0.217,UNCHANGED,GSE130387,Mus musculus (C57BL/6),Rattus norvegicus (rno-),EXPLORATORY_DESCRIPTIVE_ONLY_CROSS_SPECIES_n3vs3; pseudocount=1.0; filter: non-null in >=3 samples,0.275303643724696,0.117149758454106,0.304374614910659,0.0371352785145889,0.0831758034026465,
11208,rno-miR-207,hsa-miR-207,CROSS-SPECIES,rno_to_hsa_stem_homology,15.849,13.5185,1.0,0.2148,UNCHANGED,GSE130387,Mus musculus (C57BL/6),Rattus norvegicus (rno-),EXPLORATORY_DESCRIPTIVE_ONLY_CROSS_SPECIES_n3vs3; pseudocount=1.0; filter: non-null in >=3 samples,18.2082128397918,15.3647342995169,13.9741219963031,21.6519893899204,4.75708884688091,14.1463140123804
42866,rno-miR-451-5p,hsa-miR-451-5p,CROSS-SPECIES,rno_to_hsa_stem_homology,17.173,14.7273,1.0,0.2085,UNCHANGED,GSE130387,Mus musculus (C57BL/6),Rattus norvegicus (rno-),EXPLORATORY_DESCRIPTIVE_ONLY_CROSS_SPECIES_n3vs3; pseudocount=1.0; filter: non-null in >=3 samples,12.6373626373626,23.3599033816425,15.5218730745533,6.15384615384615,5.06805293005671,32.9600450196961
42902,rno-miR-185-5p,hsa-miR-185-5p,CROSS-SPECIES,rno_to_hsa_stem_homology,1.2204,0.9344,1.0,0.1989,UNCHANGED,GSE130387,Mus musculus (C57BL/6),Rattus norvegicus (rno-),EXPLORATORY_DESCRIPTIVE_ONLY_CROSS_SPECIES_n3vs3; pseudocount=1.0; filter: non-null in >=3 samples,1.90052053209948,0.989130434782609,0.771410967344424,1.4026525198939,0.534971644612476,0.865503657850309
148497,rno-miR-3573-5p,hsa-miR-3573-5p,CROSS-SPECIES,rno_to_hsa_stem_homology,0.2262,0.0703,1.0,0.1962,UNCHANGED,GSE130387,Mus musculus (C57BL/6),Rattus norvegicus (rno-),EXPLORATORY_DESCRIPTIVE_ONLY_CROSS_SPECIES_n3vs3; pseudocount=1.0; filter: non-null in >=3 samples,0.463851937536148,0.0978260869565217,0.117067159581023,0.0827586206896552,0.0888468809073724,0.0393922341024198
42826,rno-miR-300-5p,hsa-miR-300-5p,CROSS-SPECIES,rno_to_hsa_stem_homology,3.3218,2.7806,1.0,0.193,UNCHANGED,GSE130387,Mus musculus (C57BL/6),Rattus norvegicus (rno-),EXPLORATORY_DESCRIPTIVE_ONLY_CROSS_SPECIES_n3vs3; pseudocount=1.0; filter: non-null in >=3 samples,4.98322729901677,2.36473429951691,2.6173752310536,4.16870026525199,1.79489603024575,2.37816544738323
10923,rno-miR-107-3p,hsa-miR-107-3p,CROSS-SPECIES,rno_to_hsa_stem_homology,1.6152,1.2923,1.0,0.1901,UNCHANGED,GSE130387,Mus musculus (C57BL/6),Rattus norvegicus (rno-),EXPLORATORY_DESCRIPTIVE_ONLY_CROSS_SPECIES_n3vs3; pseudocount=1.0; filter: non-null in >=3 samples,1.08502024291498,1.46980676328502,2.29081947011707,1.50875331564987,0.984877126654064,1.3832301631964
11226,rno-miR-325-5p,hsa-miR-325-5p,CROSS-SPECIES,rno_to_hsa_stem_homology,0.1987,0.051,1.0,0.1897,UNCHANGED,GSE130387,Mus musculus (C57BL/6),Rattus norvegicus (rno-),EXPLORATORY_DESCRIPTIVE_ONLY_CROSS_SPECIES_n3vs3; pseudocount=1.0; filter: non-null in >=3 samples,0.155002891844997,0.1243961352657,0.316697473813925,,0.0510396975425331,
148383,rno-miR-103-2-5p,hsa-miR-103-2-5p,CROSS-SPECIES,rno_to_hsa_stem_homology,0.1429,0.0028,1.0,0.1886,UNCHANGED,GSE130387,Mus musculus (C57BL/6),Rattus norvegicus (rno-),EXPLORATORY_DESCRIPTIVE_ONLY_CROSS_SPECIES_n3vs3; pseudocount=1.0; filter: non-null in >=3 samples,0.308849045691151,0.0422705314009662,0.077634011090573,,0.00283553875236295,
27572,rno-miR-298-5p,hsa-miR-298-5p,CROSS-SPECIES,rno_to_hsa_stem_homology,0.5373,0.3509,1.0,0.1865,UNCHANGED,GSE130387,Mus musculus (C57BL/6),Rattus norvegicus (rno-),EXPLORATORY_DESCRIPTIVE_ONLY_CROSS_SPECIES_n3vs3; pseudocount=1.0; filter: non-null in >=3 samples,0.731058415268942,0.496376811594203,0.384473197781885,0.535809018567639,0.228733459357278,0.288126055149128
11229,rno-miR-341,hsa-miR-341,CROSS-SPECIES,rno_to_hsa_stem_homology,0.4546,0.2829,1.0,0.1812,UNCHANGED,GSE130387,Mus musculus (C57BL/6),Rattus norvegicus (rno-),EXPLORATORY_DESCRIPTIVE_ONLY_CROSS_SPECIES_n3vs3; pseudocount=1.0; filter: non-null in >=3 samples,0.364372469635628,0.538647342995169,0.460874922982132,0.385145888594164,0.206994328922495,0.256612267867192
28944,rno-miR-667-3p,hsa-miR-667-3p,CROSS-SPECIES,rno_to_hsa_stem_homology,1.6686,1.3553,1.0,0.1802,UNCHANGED,GSE130387,Mus musculus (C57BL/6),Rattus norvegicus (rno-),EXPLORATORY_DESCRIPTIVE_ONLY_CROSS_SPECIES_n3vs3; pseudocount=1.0; filter: non-null in >=3 samples,1.38114517061885,1.2463768115942,2.37831176833025,1.93209549071618,0.991493383742911,1.14237478897017
148436,rno-miR-3584-5p,hsa-miR-3584-5p,CROSS-SPECIES,rno_to_hsa_stem_homology,0.4157,0.2509,1.0,0.1785,UNCHANGED,GSE130387,Mus musculus (C57BL/6),Rattus norvegicus (rno-),EXPLORATORY_DESCRIPTIVE_ONLY_CROSS_SPECIES_n3vs3; pseudocount=1.0; filter: non-null in >=3 samples,0.607287449392713,0.415458937198068,0.224276032039433,0.236604774535809,0.29773156899811,0.218345526167698
42576,rno-miR-342-5p,hsa-miR-342-5p,CROSS-SPECIES,rno_to_hsa_stem_homology,0.1711,0.039,1.0,0.1726,UNCHANGED,GSE130387,Mus musculus (C57BL/6),Rattus norvegicus (rno-),EXPLORATORY_DESCRIPTIVE_ONLY_CROSS_SPECIES_n3vs3; pseudocount=1.0; filter: non-null in >=3 samples,0.145748987854251,0.102657004830918,0.264941466420209,0.0180371352785146,0.0765595463137996,0.0225098480585256
42913,rno-miR-345-3p,hsa-miR-345-3p,CROSS-SPECIES,rno_to_hsa_stem_homology,0.2467,0.1063,1.0,0.1723,UNCHANGED,GSE130387,Mus musculus (C57BL/6),Rattus norvegicus (rno-),EXPLORATORY_DESCRIPTIVE_ONLY_CROSS_SPECIES_n3vs3; pseudocount=1.0; filter: non-null in >=3 samples,0.340080971659919,0.211352657004831,0.188539741219963,0.102917771883289,0.15406427221172,0.0619020821609454
148480,rno-miR-494-5p,hsa-miR-494-5p,CROSS-SPECIES,rno_to_hsa_stem_homology,0.2278,0.0898,1.0,0.172,UNCHANGED,GSE130387,Mus musculus (C57BL/6),Rattus norvegicus (rno-),EXPLORATORY_DESCRIPTIVE_ONLY_CROSS_SPECIES_n3vs3; pseudocount=1.0; filter: non-null in >=3 samples,0.263736263736264,0.142512077294686,0.277264325323475,0.073209549071618,0.0982986767485822,0.0979178390545864
145838,rno-miR-125b-1-3p,hsa-miR-125b-1-3p,CROSS-SPECIES,rno_to_hsa_stem_homology,0.2748,0.133,1.0,0.1701,UNCHANGED,GSE130387,Mus musculus (C57BL/6),Rattus norvegicus (rno-),EXPLORATORY_DESCRIPTIVE_ONLY_CROSS_SPECIES_n3vs3; pseudocount=1.0; filter: non-null in >=3 samples,0.471949103528051,0.176328502415459,0.176216882316697,0.142175066312997,0.116257088846881,0.140686550365785
148129,rno-miR-503-3p,hsa-miR-503-3p,CROSS-SPECIES,rno_to_hsa_stem_homology,0.1929,0.0624,1.0,0.1671,UNCHANGED,GSE130387,Mus musculus (C57BL/6),Rattus norvegicus (rno-),EXPLORATORY_DESCRIPTIVE_ONLY_CROSS_SPECIES_n3vs3; pseudocount=1.0; filter: non-null in >=3 samples,0.305378831694621,0.13768115942029,0.135551447935921,0.0763925729442971,0.0680529300567108,0.0427687113111987
146003,rno-miR-711,hsa-miR-711,CROSS-SPECIES,rno_to_hsa_stem_homology,0.1935,0.0642,1.0,0.1655,UNCHANGED,GSE130387,Mus musculus (C57BL/6),Rattus norvegicus (rno-),EXPLORATORY_DESCRIPTIVE_ONLY_CROSS_SPECIES_n3vs3; pseudocount=1.0; filter: non-null in >=3 samples,0.362058993637941,0.105072463768116,0.113370301910043,0.093368700265252,0.0349716446124764,
14289,rno-miR-540-3p,hsa-miR-540-3p,CROSS-SPECIES,rno_to_hsa_stem_homology,0.1783,0.0542,1.0,0.1606,UNCHANGED,GSE130387,Mus musculus (C57BL/6),Rattus norvegicus (rno-),EXPLORATORY_DESCRIPTIVE_ONLY_CROSS_SPECIES_n3vs3; pseudocount=1.0; filter: non-null in >=3 samples,0.185078079814922,0.123188405797101,0.226740603820086,,0.0869565217391304,0.0213843556555993
17932,rno-miR-381-5p,hsa-miR-381-5p,CROSS-SPECIES,rno_to_hsa_stem_homology,0.151,0.0312,1.0,0.1586,UNCHANGED,GSE130387,Mus musculus (C57BL/6),Rattus norvegicus (rno-),EXPLORATORY_DESCRIPTIVE_ONLY_CROSS_SPECIES_n3vs3; pseudocount=1.0; filter: non-null in >=3 samples,0.215153267784847,0.0567632850241546,0.181146025878004,,0.0311909262759924,
42747,rno-miR-93-3p,hsa-miR-93-3p,CROSS-SPECIES,rno_to_hsa_stem_homology,0.2289,0.1011,1.0,0.1584,UNCHANGED,GSE130387,Mus musculus (C57BL/6),Rattus norvegicus (rno-),EXPLORATORY_DESCRIPTIVE_ONLY_CROSS_SPECIES_n3vs3; pseudocount=1.0; filter: non-null in >=3 samples,0.224407171775593,0.171497584541063,0.290819470117067,,0.101134215500945,
42933,rno-miR-466b-5p,hsa-miR-466b-5p,CROSS-SPECIES,rno_to_hsa_stem_homology,0.183,0.064,1.0,0.1529,UNCHANGED,GSE130387,Mus musculus (C57BL/6),Rattus norvegicus (rno-),EXPLORATORY_DESCRIPTIVE_ONLY_CROSS_SPECIES_n3vs3; pseudocount=1.0; filter: non-null in >=3 samples,0.230190861769809,0.0833333333333333,0.235366605052372,0.0488063660477454,0.0689981096408318,0.0742824985931345
146043,rno-miR-24-1-5p,hsa-miR-24-1-5p,CROSS-SPECIES,rno_to_hsa_stem_homology,5.0861,4.4767,1.0,0.1522,UNCHANGED,GSE130387,Mus musculus (C57BL/6),Rattus norvegicus (rno-),EXPLORATORY_DESCRIPTIVE_ONLY_CROSS_SPECIES_n3vs3; pseudocount=1.0; filter: non-null in >=3 samples,5.00404858299595,3.92028985507246,6.3339494762785,5.49496021220159,4.51701323251418,3.41812042768711
42852,rno-miR-760-3p,hsa-miR-760-3p,CROSS-SPECIES,rno_to_hsa_stem_homology,0.145,0.0312,1.0,0.1511,UNCHANGED,GSE130387,Mus musculus (C57BL/6),Rattus norvegicus (rno-),EXPLORATORY_DESCRIPTIVE_ONLY_CROSS_SPECIES_n3vs3; pseudocount=1.0; filter: non-null in >=3 samples,0.217466743782533,0.0857487922705314,0.131854590264941,,0.0311909262759924,
42963,rno-miR-742-3p,hsa-miR-742-3p,CROSS-SPECIES,rno_to_hsa_stem_homology,0.5971,0.4392,1.0,0.1503,UNCHANGED,GSE130387,Mus musculus (C57BL/6),Rattus norvegicus (rno-),EXPLORATORY_DESCRIPTIVE_ONLY_CROSS_SPECIES_n3vs3; pseudocount=1.0; filter: non-null in >=3 samples,0.360902255639098,0.432367149758454,0.99815157116451,0.682228116710875,0.351606805293006,0.283624085537423
42898,rno-miR-124-5p,hsa-miR-124-5p,CROSS-SPECIES,rno_to_hsa_stem_homology,0.1663,0.051,1.0,0.1501,UNCHANGED,GSE130387,Mus musculus (C57BL/6),Rattus norvegicus (rno-),EXPLORATORY_DESCRIPTIVE_ONLY_CROSS_SPECIES_n3vs3; pseudocount=1.0; filter: non-null in >=3 samples,0.327356853672643,0.0483091787439614,0.123228589032656,,0.0510396975425331,
42845,rno-miR-125b-2-3p,hsa-miR-125b-2-3p,CROSS-SPECIES,rno_to_hsa_stem_homology,0.2561,0.1323,1.0,0.1497,UNCHANGED,GSE130387,Mus musculus (C57BL/6),Rattus norvegicus (rno-),EXPLORATORY_DESCRIPTIVE_ONLY_CROSS_SPECIES_n3vs3; pseudocount=1.0; filter: non-null in >=3 samples,0.142278773857721,0.183574879227053,0.442390634627233,0.0668435013262599,0.228733459357278,0.101294316263365
148507,rno-miR-539-3p,hsa-miR-539-3p,CROSS-SPECIES,rno_to_hsa_stem_homology,7.5518,6.7143,1.0,0.1487,UNCHANGED,GSE130387,Mus musculus (C57BL/6),Rattus norvegicus (rno-),EXPLORATORY_DESCRIPTIVE_ONLY_CROSS_SPECIES_n3vs3; pseudocount=1.0; filter: non-null in >=3 samples,3.84846732215153,9.10869565217391,9.69808995686999,8.58992042440318,1.9187145557656,9.63421496904896
11221,rno-miR-300-3p,hsa-miR-300-3p,CROSS-SPECIES,rno_to_hsa_stem_homology,0.3251,0.1964,1.0,0.1474,UNCHANGED,GSE130387,Mus musculus (C57BL/6),Rattus norvegicus (rno-),EXPLORATORY_DESCRIPTIVE_ONLY_CROSS_SPECIES_n3vs3; pseudocount=1.0; filter: non-null in >=3 samples,0.283400809716599,0.27536231884058,0.416512630930376,0.197347480106101,0.300567107750473,0.0911648846370287
148670,rno-miR-122-5p,hsa-miR-122-5p,CROSS-SPECIES,rno_to_hsa_stem_homology,0.1357,0.0257,1.0,0.147,UNCHANGED,GSE130387,Mus musculus (C57BL/6),Rattus norvegicus (rno-),EXPLORATORY_DESCRIPTIVE_ONLY_CROSS_SPECIES_n3vs3; pseudocount=1.0; filter: non-null in >=3 samples,0.197802197802198,0.072463768115942,0.136783733826248,,0.0491493383742911,0.00225098480585256
42787,rno-miR-130b-5p,hsa-miR-130b-5p,CROSS-SPECIES,rno_to_hsa_stem_homology,0.1295,0.0221,1.0,0.1441,UNCHANGED,GSE130387,Mus musculus (C57BL/6),Rattus norvegicus (rno-),EXPLORATORY_DESCRIPTIVE_ONLY_CROSS_SPECIES_n3vs3; pseudocount=1.0; filter: non-null in >=3 samples,0.200115673799884,0.072463768115942,0.115834873690696,0.0137931034482759,0.0368620037807183,0.0157568936409679
148348,rno-miR-3573-3p,hsa-miR-3573-3p,CROSS-SPECIES,rno_to_hsa_stem_homology,0.9711,0.7861,1.0,0.1422,UNCHANGED,GSE130387,Mus musculus (C57BL/6),Rattus norvegicus (rno-),EXPLORATORY_DESCRIPTIVE_ONLY_CROSS_SPECIES_n3vs3; pseudocount=1.0; filter: non-null in >=3 samples,1.05031810294968,0.805555555555556,1.05730129390018,1.40053050397878,0.295841209829868,0.661789532920653
148359,rno-miR-3596d,hsa-miR-3596d,CROSS-SPECIES,rno_to_hsa_stem_homology,0.18,0.0693,1.0,0.1421,UNCHANGED,GSE130387,Mus musculus (C57BL/6),Rattus norvegicus (rno-),EXPLORATORY_DESCRIPTIVE_ONLY_CROSS_SPECIES_n3vs3; pseudocount=1.0; filter: non-null in >=3 samples,0.194331983805668,0.0917874396135266,0.25385089340727,0.105039787798408,0.0746691871455577,0.028137310073157
17917,rno-miR-873-5p,hsa-miR-873-5p,CROSS-SPECIES,rno_to_hsa_stem_homology,0.1112,0.0076,1.0,0.1413,UNCHANGED,GSE130387,Mus musculus (C57BL/6),Rattus norvegicus (rno-),EXPLORATORY_DESCRIPTIVE_ONLY_CROSS_SPECIES_n3vs3; pseudocount=1.0; filter: non-null in >=3 samples,0.165413533834586,0.0265700483091787,0.141712877387554,,0.00756143667296786,
148144,rno-miR-881-5p,hsa-miR-881-5p,CROSS-SPECIES,rno_to_hsa_stem_homology,0.2103,0.1013,1.0,0.1362,UNCHANGED,GSE130387,Mus musculus (C57BL/6),Rattus norvegicus (rno-),EXPLORATORY_DESCRIPTIVE_ONLY_CROSS_SPECIES_n3vs3; pseudocount=1.0; filter: non-null in >=3 samples,0.226720647773279,0.182367149758454,0.22181146025878,0.218567639257294,0.0841209829867675,0.00112549240292628
148255,rno-miR-673-3p,hsa-miR-673-3p,CROSS-SPECIES,rno_to_hsa_stem_homology,0.2689,0.1553,1.0,0.1353,UNCHANGED,GSE130387,Mus musculus (C57BL/6),Rattus norvegicus (rno-),EXPLORATORY_DESCRIPTIVE_ONLY_CROSS_SPECIES_n3vs3; pseudocount=1.0; filter: non-null in >=3 samples,0.365529207634471,0.241545893719807,0.199630314232902,0.297082228116711,0.100189035916824,0.0686550365785031
46626,rno-miR-30c-2-3p,hsa-miR-30c-2-3p,CROSS-SPECIES,rno_to_hsa_stem_homology,0.3723,0.2527,1.0,0.1316,UNCHANGED,GSE130387,Mus musculus (C57BL/6),Rattus norvegicus (rno-),EXPLORATORY_DESCRIPTIVE_ONLY_CROSS_SPECIES_n3vs3; pseudocount=1.0; filter: non-null in >=3 samples,0.685945633314054,0.257246376811594,0.173752310536044,0.395755968169761,0.159735349716446,0.20258863252673
30033,rno-miR-877,hsa-miR-877,CROSS-SPECIES,rno_to_hsa_stem_homology,1.7017,1.4677,1.0,0.1307,UNCHANGED,GSE130387,Mus musculus (C57BL/6),Rattus norvegicus (rno-),EXPLORATORY_DESCRIPTIVE_ONLY_CROSS_SPECIES_n3vs3; pseudocount=1.0; filter: non-null in >=3 samples,2.33892423366108,1.40942028985507,1.35674676524954,3.07586206896552,0.618147448015123,0.709060213843557
148389,rno-miR-3571,hsa-miR-3571,CROSS-SPECIES,rno_to_hsa_stem_homology,1.9581,1.7066,1.0,0.1282,UNCHANGED,GSE130387,Mus musculus (C57BL/6),Rattus norvegicus (rno-),EXPLORATORY_DESCRIPTIVE_ONLY_CROSS_SPECIES_n3vs3; pseudocount=1.0; filter: non-null in >=3 samples,1.01445922498554,1.22463768115942,3.63524337646334,0.861538461538462,3.03024574669187,1.22791221159257
27578,rno-miR-327,hsa-miR-327,CROSS-SPECIES,rno_to_hsa_stem_homology,0.2791,0.1709,1.0,0.1276,UNCHANGED,GSE130387,Mus musculus (C57BL/6),Rattus norvegicus (rno-),EXPLORATORY_DESCRIPTIVE_ONLY_CROSS_SPECIES_n3vs3; pseudocount=1.0; filter: non-null in >=3 samples,0.503181029496819,0.169082125603865,0.165126309303758,0.436074270557029,0.0415879017013233,0.0348902644907147
46461,rno-miR-1224,hsa-miR-1224,CROSS-SPECIES,rno_to_hsa_stem_homology,0.145,0.0482,1.0,0.1275,UNCHANGED,GSE130387,Mus musculus (C57BL/6),Rattus norvegicus (rno-),EXPLORATORY_DESCRIPTIVE_ONLY_CROSS_SPECIES_n3vs3; pseudocount=1.0; filter: non-null in >=3 samples,0.26257952573742,0.0652173913043478,0.10720887245841,0.107161803713528,0.0283553875236295,0.00900393922341024
148078,rno-miR-3577,hsa-miR-3577,CROSS-SPECIES,rno_to_hsa_stem_homology,0.1196,0.027,1.0,0.1246,UNCHANGED,GSE130387,Mus musculus (C57BL/6),Rattus norvegicus (rno-),EXPLORATORY_DESCRIPTIVE_ONLY_CROSS_SPECIES_n3vs3; pseudocount=1.0; filter: non-null in >=3 samples,0.183921341816079,0.0664251207729469,0.108441158348737,,0.0359168241965974,0.0180078784468205
148017,rno-miR-743a-5p,hsa-miR-743a-5p,CROSS-SPECIES,rno_to_hsa_stem_homology,0.0912,0.0019,1.0,0.1232,UNCHANGED,GSE130387,Mus musculus (C57BL/6),Rattus norvegicus (rno-),EXPLORATORY_DESCRIPTIVE_ONLY_CROSS_SPECIES_n3vs3; pseudocount=1.0; filter: non-null in >=3 samples,0.17004048582996,,0.0123228589032656,,0.00189035916824197,
148326,rno-miR-344b-5p,hsa-miR-344b-5p,CROSS-SPECIES,rno_to_hsa_stem_homology,0.0995,0.0104,1.0,0.1219,UNCHANGED,GSE130387,Mus musculus (C57BL/6),Rattus norvegicus (rno-),EXPLORATORY_DESCRIPTIVE_ONLY_CROSS_SPECIES_n3vs3; pseudocount=1.0; filter: non-null in >=3 samples,0.135338345864662,0.0386473429951691,0.124460874922982,,0.0103969754253308,
11227,rno-miR-329-3p,hsa-miR-329-3p,CROSS-SPECIES,rno_to_hsa_stem_homology,0.3901,0.2777,1.0,0.1216,UNCHANGED,GSE130387,Mus musculus (C57BL/6),Rattus norvegicus (rno-),EXPLORATORY_DESCRIPTIVE_ONLY_CROSS_SPECIES_n3vs3; pseudocount=1.0; filter: non-null in >=3 samples,0.277617119722383,0.345410628019324,0.547134935304991,0.212201591511936,0.362003780718337,0.258863252673044
148654,rno-miR-184,hsa-miR-184,CROSS-SPECIES,rno_to_hsa_stem_homology,0.2702,0.1679,1.0,0.1211,UNCHANGED,GSE130387,Mus musculus (C57BL/6),Rattus norvegicus (rno-),EXPLORATORY_DESCRIPTIVE_ONLY_CROSS_SPECIES_n3vs3; pseudocount=1.0; filter: non-null in >=3 samples,0.441873915558126,0.170289855072464,0.198398028342575,0.122015915119363,0.18241965973535,0.199212155317952
11215,rno-miR-292-3p,hsa-miR-292-3p,CROSS-SPECIES,rno_to_hsa_stem_homology,0.1435,0.0528,1.0,0.1193,UNCHANGED,GSE130387,Mus musculus (C57BL/6),Rattus norvegicus (rno-),EXPLORATORY_DESCRIPTIVE_ONLY_CROSS_SPECIES_n3vs3; pseudocount=1.0; filter: non-null in >=3 samples,0.116830537883169,0.0833333333333333,0.230437461491066,0.0870026525198939,0.0623818525519849,0.00900393922341024
42862,rno-miR-881-3p,hsa-miR-881-3p,CROSS-SPECIES,rno_to_hsa_stem_homology,0.155,0.0635,1.0,0.119,UNCHANGED,GSE130387,Mus musculus (C57BL/6),Rattus norvegicus (rno-),EXPLORATORY_DESCRIPTIVE_ONLY_CROSS_SPECIES_n3vs3; pseudocount=1.0; filter: non-null in >=3 samples,,0.0881642512077295,0.22181146025878,,0.101134215500945,0.0258863252673044
148300,rno-miR-370-5p,hsa-miR-370-5p,CROSS-SPECIES,rno_to_hsa_stem_homology,0.2066,0.1112,1.0,0.1189,UNCHANGED,GSE130387,Mus musculus (C57BL/6),Rattus norvegicus (rno-),EXPLORATORY_DESCRIPTIVE_ONLY_CROSS_SPECIES_n3vs3; pseudocount=1.0; filter: non-null in >=3 samples,0.0694042799305957,0.202898550724638,0.347504621072089,0.159151193633952,0.130434782608696,0.0438942037141249
148600,rno-miR-196c-3p,hsa-miR-196c-3p,CROSS-SPECIES,rno_to_hsa_stem_homology,0.1331,0.044,1.0,0.1181,UNCHANGED,GSE130387,Mus musculus (C57BL/6),Rattus norvegicus (rno-),EXPLORATORY_DESCRIPTIVE_ONLY_CROSS_SPECIES_n3vs3; pseudocount=1.0; filter: non-null in >=3 samples,,0.0591787439613527,0.207024029574861,0.0180371352785146,0.0803402646502836,0.0337647720877884
42481,rno-miR-25-5p,hsa-miR-25-5p,CROSS-SPECIES,rno_to_hsa_stem_homology,0.1563,0.0667,1.0,0.1164,UNCHANGED,GSE130387,Mus musculus (C57BL/6),Rattus norvegicus (rno-),EXPLORATORY_DESCRIPTIVE_ONLY_CROSS_SPECIES_n3vs3; pseudocount=1.0; filter: non-null in >=3 samples,0.195488721804511,0.0664251207729469,0.207024029574861,,0.120982986767486,0.0123804164321891
148219,rno-miR-3596a,hsa-miR-3596a,CROSS-SPECIES,rno_to_hsa_stem_homology,0.1092,0.024,1.0,0.1153,UNCHANGED,GSE130387,Mus musculus (C57BL/6),Rattus norvegicus (rno-),EXPLORATORY_DESCRIPTIVE_ONLY_CROSS_SPECIES_n3vs3; pseudocount=1.0; filter: non-null in >=3 samples,0.190861769809138,0.0640096618357488,0.0727048675292668,,0.0434782608695652,0.00450196961170512
42525,rno-miR-671,hsa-miR-671,CROSS-SPECIES,rno_to_hsa_stem_homology,0.1348,0.051,1.0,0.1106,UNCHANGED,GSE130387,Mus musculus (C57BL/6),Rattus norvegicus (rno-),EXPLORATORY_DESCRIPTIVE_ONLY_CROSS_SPECIES_n3vs3; pseudocount=1.0; filter: non-null in >=3 samples,,0.0157004830917874,0.25385089340727,,0.0510396975425331,
10937,rno-miR-132-3p,hsa-miR-132-3p,CROSS-SPECIES,rno_to_hsa_stem_homology,0.1084,0.0274,1.0,0.1096,UNCHANGED,GSE130387,Mus musculus (C57BL/6),Rattus norvegicus (rno-),EXPLORATORY_DESCRIPTIVE_ONLY_CROSS_SPECIES_n3vs3; pseudocount=1.0; filter: non-null in >=3 samples,,,0.108441158348737,,0.0491493383742911,0.0056274620146314
148121,rno-miR-155-3p,hsa-miR-155-3p,CROSS-SPECIES,rno_to_hsa_stem_homology,0.1941,0.107,1.0,0.1093,UNCHANGED,GSE130387,Mus musculus (C57BL/6),Rattus norvegicus (rno-),EXPLORATORY_DESCRIPTIVE_ONLY_CROSS_SPECIES_n3vs3; pseudocount=1.0; filter: non-null in >=3 samples,0.187391555812608,0.153381642512077,0.241528034504005,0.0190981432360743,0.170132325141777,0.131682611142375
42722,rno-miR-346,hsa-miR-346,CROSS-SPECIES,rno_to_hsa_stem_homology,0.1521,0.0686,1.0,0.1085,UNCHANGED,GSE130387,Mus musculus (C57BL/6),Rattus norvegicus (rno-),EXPLORATORY_DESCRIPTIVE_ONLY_CROSS_SPECIES_n3vs3; pseudocount=1.0; filter: non-null in >=3 samples,0.348178137651822,0.0217391304347826,0.0862600123228589,0.096551724137931,0.0406427221172023,
148581,rno-miR-3557-3p,hsa-miR-3557-3p,CROSS-SPECIES,rno_to_hsa_stem_homology,0.2116,0.1248,1.0,0.1072,UNCHANGED,GSE130387,Mus musculus (C57BL/6),Rattus norvegicus (rno-),EXPLORATORY_DESCRIPTIVE_ONLY_CROSS_SPECIES_n3vs3; pseudocount=1.0; filter: non-null in >=3 samples,0.320416425679584,0.178743961352657,0.135551447935921,0.108222811671088,0.168241965973535,0.0979178390545864
148277,rno-miR-3542,hsa-miR-3542,CROSS-SPECIES,rno_to_hsa_stem_homology,0.0975,0.0198,1.0,0.1058,UNCHANGED,GSE130387,Mus musculus (C57BL/6),Rattus norvegicus (rno-),EXPLORATORY_DESCRIPTIVE_ONLY_CROSS_SPECIES_n3vs3; pseudocount=1.0; filter: non-null in >=3 samples,0.0717177559282823,,0.123228589032656,,0.0198487712665406,
148021,rno-miR-3556a,hsa-miR-3556a,CROSS-SPECIES,rno_to_hsa_stem_homology,0.1065,0.0284,1.0,0.1057,UNCHANGED,GSE130387,Mus musculus (C57BL/6),Rattus norvegicus (rno-),EXPLORATORY_DESCRIPTIVE_ONLY_CROSS_SPECIES_n3vs3; pseudocount=1.0; filter: non-null in >=3 samples,0.157316367842684,0.0217391304347826,0.140480591497227,,0.0283553875236295,
11007,rno-miR-206-3p,hsa-miR-206-3p,CROSS-SPECIES,rno_to_hsa_stem_homology,0.3841,0.2878,1.0,0.1041,UNCHANGED,GSE130387,Mus musculus (C57BL/6),Rattus norvegicus (rno-),EXPLORATORY_DESCRIPTIVE_ONLY_CROSS_SPECIES_n3vs3; pseudocount=1.0; filter: non-null in >=3 samples,0.626951995373048,0.281400966183575,0.243992606284658,0.161273209549072,0.591682419659735,0.110298255486775
42876,rno-miR-20a-3p,hsa-miR-20a-3p,CROSS-SPECIES,rno_to_hsa_stem_homology,0.1336,0.0567,1.0,0.1013,UNCHANGED,GSE130387,Mus musculus (C57BL/6),Rattus norvegicus (rno-),EXPLORATORY_DESCRIPTIVE_ONLY_CROSS_SPECIES_n3vs3; pseudocount=1.0; filter: non-null in >=3 samples,0.182764603817235,0.0664251207729469,0.151571164510166,,0.056710775047259,
42712,rno-miR-742-5p,hsa-miR-742-5p,CROSS-SPECIES,rno_to_hsa_stem_homology,0.0948,0.0217,1.0,0.0997,UNCHANGED,GSE130387,Mus musculus (C57BL/6),Rattus norvegicus (rno-),EXPLORATORY_DESCRIPTIVE_ONLY_CROSS_SPECIES_n3vs3; pseudocount=1.0; filter: non-null in >=3 samples,0.142278773857721,0.0338164251207729,0.108441158348737,,0.0217391304347826,
148519,rno-miR-3580-3p,hsa-miR-3580-3p,CROSS-SPECIES,rno_to_hsa_stem_homology,0.2133,0.133,1.0,0.0988,UNCHANGED,GSE130387,Mus musculus (C57BL/6),Rattus norvegicus (rno-),EXPLORATORY_DESCRIPTIVE_ONLY_CROSS_SPECIES_n3vs3; pseudocount=1.0; filter: non-null in >=3 samples,0.390977443609023,0.1256038647343,0.123228589032656,0.236604774535809,0.0293005671077505,
146144,rno-miR-678,hsa-miR-678,CROSS-SPECIES,rno_to_hsa_stem_homology,0.1039,0.0308,1.0,0.0988,UNCHANGED,GSE130387,Mus musculus (C57BL/6),Rattus norvegicus (rno-),EXPLORATORY_DESCRIPTIVE_ONLY_CROSS_SPECIES_n3vs3; pseudocount=1.0; filter: non-null in >=3 samples,0.112203585887796,0.0664251207729469,0.133086876155268,0.0371352785145889,0.0406427221172023,0.0146314012380416
145897,rno-miR-92b-3p,hsa-miR-92b-3p,CROSS-SPECIES,rno_to_hsa_stem_homology,0.1567,0.0802,1.0,0.0987,UNCHANGED,GSE130387,Mus musculus (C57BL/6),Rattus norvegicus (rno-),EXPLORATORY_DESCRIPTIVE_ONLY_CROSS_SPECIES_n3vs3; pseudocount=1.0; filter: non-null in >=3 samples,0.16657027183343,0.106280193236715,0.197165742452249,,0.0916824196597354,0.0686550365785031
148195,rno-miR-291b,hsa-miR-291b,CROSS-SPECIES,rno_to_hsa_stem_homology,0.1169,0.0435,1.0,0.0981,UNCHANGED,GSE130387,Mus musculus (C57BL/6),Rattus norvegicus (rno-),EXPLORATORY_DESCRIPTIVE_ONLY_CROSS_SPECIES_n3vs3; pseudocount=1.0; filter: non-null in >=3 samples,,0.0120772946859903,0.22181146025878,0.0530503978779841,0.0340264650283554,
148260,rno-miR-664-2-5p,hsa-miR-664-2-5p,CROSS-SPECIES,rno_to_hsa_stem_homology,1.2401,1.0954,1.0,0.0963,UNCHANGED,GSE130387,Mus musculus (C57BL/6),Rattus norvegicus (rno-),EXPLORATORY_DESCRIPTIVE_ONLY_CROSS_SPECIES_n3vs3; pseudocount=1.0; filter: non-null in >=3 samples,1.85425101214575,1.19444444444444,0.671595810227973,1.82493368700265,0.433837429111531,1.02757456387169
148459,rno-miR-3593-3p,hsa-miR-3593-3p,CROSS-SPECIES,rno_to_hsa_stem_homology,0.1842,0.108,1.0,0.0959,UNCHANGED,GSE130387,Mus musculus (C57BL/6),Rattus norvegicus (rno-),EXPLORATORY_DESCRIPTIVE_ONLY_CROSS_SPECIES_n3vs3; pseudocount=1.0; filter: non-null in >=3 samples,0.238288027761712,0.119565217391304,0.194701170671596,0.128381962864721,0.0775047258979206,0.118176702307259
148334,rno-miR-122-3p,hsa-miR-122-3p,CROSS-SPECIES,rno_to_hsa_stem_homology,0.1057,0.0369,1.0,0.0928,UNCHANGED,GSE130387,Mus musculus (C57BL/6),Rattus norvegicus (rno-),EXPLORATORY_DESCRIPTIVE_ONLY_CROSS_SPECIES_n3vs3; pseudocount=1.0; filter: non-null in >=3 samples,,0.0241545893719807,0.187307455329636,,0.0368620037807183,
148369,rno-miR-652-5p,hsa-miR-652-5p,CROSS-SPECIES,rno_to_hsa_stem_homology,0.116,0.0467,1.0,0.0924,UNCHANGED,GSE130387,Mus musculus (C57BL/6),Rattus norvegicus (rno-),EXPLORATORY_DESCRIPTIVE_ONLY_CROSS_SPECIES_n3vs3; pseudocount=1.0; filter: non-null in >=3 samples,0.203585887796414,0.0471014492753623,0.0973505853357979,0.0679045092838196,0.0396975425330813,0.0326392796848621
30681,rno-miR-376c-3p,hsa-miR-376c-3p,CROSS-SPECIES,rno_to_hsa_stem_homology,1.6106,1.4501,1.0,0.0916,UNCHANGED,GSE130387,Mus musculus (C57BL/6),Rattus norvegicus (rno-),EXPLORATORY_DESCRIPTIVE_ONLY_CROSS_SPECIES_n3vs3; pseudocount=1.0; filter: non-null in >=3 samples,2.23944476576056,1.47342995169082,1.11891558841651,2.50822281167109,0.621928166351607,1.22003376477209
148011,rno-miR-702-3p,hsa-miR-702-3p,CROSS-SPECIES,rno_to_hsa_stem_homology,0.094,0.0274,1.0,0.0906,UNCHANGED,GSE130387,Mus musculus (C57BL/6),Rattus norvegicus (rno-),EXPLORATORY_DESCRIPTIVE_ONLY_CROSS_SPECIES_n3vs3; pseudocount=1.0; filter: non-null in >=3 samples,0.100636205899364,0.0471014492753623,0.134319162045595,,0.0274102079395085,
42528,rno-miR-296-3p,hsa-miR-296-3p,CROSS-SPECIES,rno_to_hsa_stem_homology,0.1964,0.1248,1.0,0.0891,UNCHANGED,GSE130387,Mus musculus (C57BL/6),Rattus norvegicus (rno-),EXPLORATORY_DESCRIPTIVE_ONLY_CROSS_SPECIES_n3vs3; pseudocount=1.0; filter: non-null in >=3 samples,0.26604973973395,0.105072463768116,0.2181146025878,0.269496021220159,0.0699432892249527,0.0348902644907147
42811,rno-miR-542-5p,hsa-miR-542-5p,CROSS-SPECIES,rno_to_hsa_stem_homology,0.143,0.075,1.0,0.0884,UNCHANGED,GSE130387,Mus musculus (C57BL/6),Rattus norvegicus (rno-),EXPLORATORY_DESCRIPTIVE_ONLY_CROSS_SPECIES_n3vs3; pseudocount=1.0; filter: non-null in >=3 samples,0.0902255639097744,0.131642512077295,0.207024029574861,0.00106100795755968,0.165406427221172,0.0585256049521666
32884,rno-miR-342-3p,hsa-miR-342-3p,CROSS-SPECIES,rno_to_hsa_stem_homology,0.1356,0.0692,1.0,0.0869,UNCHANGED,GSE130387,Mus musculus (C57BL/6),Rattus norvegicus (rno-),EXPLORATORY_DESCRIPTIVE_ONLY_CROSS_SPECIES_n3vs3; pseudocount=1.0; filter: non-null in >=3 samples,,,0.135551447935921,,0.118147448015123,0.020258863252673
42606,rno-miR-330-3p,hsa-miR-330-3p,CROSS-SPECIES,rno_to_hsa_stem_homology,0.1174,0.0536,1.0,0.0849,UNCHANGED,GSE130387,Mus musculus (C57BL/6),Rattus norvegicus (rno-),EXPLORATORY_DESCRIPTIVE_ONLY_CROSS_SPECIES_n3vs3; pseudocount=1.0; filter: non-null in >=3 samples,0.0150375939849624,0.0772946859903382,0.260012322858903,0.0190981432360743,0.119092627599244,0.0225098480585256
148645,rno-miR-129-5p,hsa-miR-129-5p,CROSS-SPECIES,rno_to_hsa_stem_homology,0.0664,0.0057,1.0,0.0847,UNCHANGED,GSE130387,Mus musculus (C57BL/6),Rattus norvegicus (rno-),EXPLORATORY_DESCRIPTIVE_ONLY_CROSS_SPECIES_n3vs3; pseudocount=1.0; filter: non-null in >=3 samples,0.17004048582996,0.0132850241545894,0.0160197165742452,,0.0056710775047259,
148182,rno-miR-3596b,hsa-miR-3596b,CROSS-SPECIES,rno_to_hsa_stem_homology,0.0959,0.0345,1.0,0.0832,UNCHANGED,GSE130387,Mus musculus (C57BL/6),Rattus norvegicus (rno-),EXPLORATORY_DESCRIPTIVE_ONLY_CROSS_SPECIES_n3vs3; pseudocount=1.0; filter: non-null in >=3 samples,0.0913823019086177,0.0434782608695652,0.152803450400493,0.0328912466843501,0.0604914933837429,0.0101294316263365
148569,rno-miR-3560,hsa-miR-3560,CROSS-SPECIES,rno_to_hsa_stem_homology,0.4822,0.3994,1.0,0.0829,UNCHANGED,GSE130387,Mus musculus (C57BL/6),Rattus norvegicus (rno-),EXPLORATORY_DESCRIPTIVE_ONLY_CROSS_SPECIES_n3vs3; pseudocount=1.0; filter: non-null in >=3 samples,0.331983805668016,0.457729468599034,0.656808379544054,0.488063660477454,0.206994328922495,0.503095104108047
148323,rno-miR-3580-5p,hsa-miR-3580-5p,CROSS-SPECIES,rno_to_hsa_stem_homology,0.2094,0.1421,1.0,0.0827,UNCHANGED,GSE130387,Mus musculus (C57BL/6),Rattus norvegicus (rno-),EXPLORATORY_DESCRIPTIVE_ONLY_CROSS_SPECIES_n3vs3; pseudocount=1.0; filter: non-null in >=3 samples,0.275303643724696,0.21256038647343,0.140480591497227,0.223872679045093,0.0897920604914934,0.112549240292628
17942,rno-miR-125a-3p,hsa-miR-125a-3p,CROSS-SPECIES,rno_to_hsa_stem_homology,0.327,0.2535,1.0,0.0822,UNCHANGED,GSE130387,Mus musculus (C57BL/6),Rattus norvegicus (rno-),EXPLORATORY_DESCRIPTIVE_ONLY_CROSS_SPECIES_n3vs3; pseudocount=1.0; filter: non-null in >=3 samples,0.490456911509543,0.301932367149758,0.188539741219963,0.294960212201592,0.238185255198488,0.227349465391109
32608,rno-miR-761,hsa-miR-761,CROSS-SPECIES,rno_to_hsa_stem_homology,0.2156,0.1489,1.0,0.0814,UNCHANGED,GSE130387,Mus musculus (C57BL/6),Rattus norvegicus (rno-),EXPLORATORY_DESCRIPTIVE_ONLY_CROSS_SPECIES_n3vs3; pseudocount=1.0; filter: non-null in >=3 samples,0.149219201850781,0.13768115942029,0.359827479975354,0.0350132625994695,0.319470699432892,0.092290377039955
148568,rno-miR-3586-5p,hsa-miR-3586-5p,CROSS-SPECIES,rno_to_hsa_stem_homology,0.1412,0.0788,1.0,0.0811,UNCHANGED,GSE130387,Mus musculus (C57BL/6),Rattus norvegicus (rno-),EXPLORATORY_DESCRIPTIVE_ONLY_CROSS_SPECIES_n3vs3; pseudocount=1.0; filter: non-null in >=3 samples,0.117987275882013,0.119565217391304,0.18607516943931,0.0785145888594165,0.0869565217391304,0.0709060213843557
148308,rno-miR-702-5p,hsa-miR-702-5p,CROSS-SPECIES,rno_to_hsa_stem_homology,0.0694,0.0113,1.0,0.0805,UNCHANGED,GSE130387,Mus musculus (C57BL/6),Rattus norvegicus (rno-),EXPLORATORY_DESCRIPTIVE_ONLY_CROSS_SPECIES_n3vs3; pseudocount=1.0; filter: non-null in >=3 samples,0.128397917871602,0.0157004830917874,0.0640788662969809,,0.0113421550094518,
42470,rno-miR-543-3p,hsa-miR-543-3p,CROSS-SPECIES,rno_to_hsa_stem_homology,0.1501,0.0883,1.0,0.0797,UNCHANGED,GSE130387,Mus musculus (C57BL/6),Rattus norvegicus (rno-),EXPLORATORY_DESCRIPTIVE_ONLY_CROSS_SPECIES_n3vs3; pseudocount=1.0; filter: non-null in >=3 samples,0.213996529786003,0.0748792270531401,0.161429451632779,0.116710875331565,0.131379962192817,0.0168823860438942
146038,rno-miR-504,hsa-miR-504,CROSS-SPECIES,rno_to_hsa_stem_homology,0.0756,0.0198,1.0,0.0768,UNCHANGED,GSE130387,Mus musculus (C57BL/6),Rattus norvegicus (rno-),EXPLORATORY_DESCRIPTIVE_ONLY_CROSS_SPECIES_n3vs3; pseudocount=1.0; filter: non-null in >=3 samples,0.0798149219201851,,0.0714725816389402,,0.0198487712665406,
42834,rno-miR-219a-2-3p,hsa-miR-219a-2-3p,CROSS-SPECIES,rno_to_hsa_stem_homology,0.0837,0.0302,1.0,0.073,UNCHANGED,GSE130387,Mus musculus (C57BL/6),Rattus norvegicus (rno-),EXPLORATORY_DESCRIPTIVE_ONLY_CROSS_SPECIES_n3vs3; pseudocount=1.0; filter: non-null in >=3 samples,0.0659340659340659,0.0398550724637681,0.145409735058534,,0.0302457466918715,
42853,rno-miR-433-3p,hsa-miR-433-3p,CROSS-SPECIES,rno_to_hsa_stem_homology,0.0714,0.02,1.0,0.0709,UNCHANGED,GSE130387,Mus musculus (C57BL/6),Rattus norvegicus (rno-),EXPLORATORY_DESCRIPTIVE_ONLY_CROSS_SPECIES_n3vs3; pseudocount=1.0; filter: non-null in >=3 samples,0.0855986119144014,0.0410628019323672,0.0874922982131855,0.00742705570291777,0.0425330812854442,0.0101294316263365
11271,rno-miR-349,hsa-miR-349,CROSS-SPECIES,rno_to_hsa_stem_homology,0.0583,0.0076,1.0,0.0708,UNCHANGED,GSE130387,Mus musculus (C57BL/6),Rattus norvegicus (rno-),EXPLORATORY_DESCRIPTIVE_ONLY_CROSS_SPECIES_n3vs3; pseudocount=1.0; filter: non-null in >=3 samples,0.0589936379410064,0.00241545893719807,0.113370301910043,,0.00756143667296786,
148365,rno-miR-146a-3p,hsa-miR-146a-3p,CROSS-SPECIES,rno_to_hsa_stem_homology,0.0957,0.0448,1.0,0.0687,UNCHANGED,GSE130387,Mus musculus (C57BL/6),Rattus norvegicus (rno-),EXPLORATORY_DESCRIPTIVE_ONLY_CROSS_SPECIES_n3vs3; pseudocount=1.0; filter: non-null in >=3 samples,0.0532099479467901,0.0664251207729469,0.167590881084412,,0.0793950850661626,0.0101294316263365
42769,rno-let-7b-3p,hsa-let-7b-3p,CROSS-SPECIES,rno_to_hsa_stem_homology,0.1221,0.0709,1.0,0.0674,UNCHANGED,GSE130387,Mus musculus (C57BL/6),Rattus norvegicus (rno-),EXPLORATORY_DESCRIPTIVE_ONLY_CROSS_SPECIES_n3vs3; pseudocount=1.0; filter: non-null in >=3 samples,0.246385193753615,0.0446859903381642,0.0751694393099199,,0.0708884688090737,
10936,rno-miR-130b-3p,hsa-miR-130b-3p,CROSS-SPECIES,rno_to_hsa_stem_homology,0.1949,0.141,1.0,0.0666,UNCHANGED,GSE130387,Mus musculus (C57BL/6),Rattus norvegicus (rno-),EXPLORATORY_DESCRIPTIVE_ONLY_CROSS_SPECIES_n3vs3; pseudocount=1.0; filter: non-null in >=3 samples,0.234817813765182,0.119565217391304,0.230437461491066,0.0509283819628647,0.309073724007561,0.0630275745638717
148429,rno-miR-344b-1-3p,hsa-miR-344b-1-3p,CROSS-SPECIES,rno_to_hsa_stem_homology,0.1826,0.1294,1.0,0.0664,UNCHANGED,GSE130387,Mus musculus (C57BL/6),Rattus norvegicus (rno-),EXPLORATORY_DESCRIPTIVE_ONLY_CROSS_SPECIES_n3vs3; pseudocount=1.0; filter: non-null in >=3 samples,0.178137651821862,0.128019323671498,0.241528034504005,0.0254641909814324,0.310964083175803,0.0517726505346089
42763,rno-miR-347,hsa-miR-347,CROSS-SPECIES,rno_to_hsa_stem_homology,0.6889,0.6132,1.0,0.0661,UNCHANGED,GSE130387,Mus musculus (C57BL/6),Rattus norvegicus (rno-),EXPLORATORY_DESCRIPTIVE_ONLY_CROSS_SPECIES_n3vs3; pseudocount=1.0; filter: non-null in >=3 samples,0.719491035280509,0.527777777777778,0.81947011706716,0.918832891246684,0.341209829867675,0.579628587507034
148611,rno-miR-3576,hsa-miR-3576,CROSS-SPECIES,rno_to_hsa_stem_homology,0.0813,0.0354,1.0,0.0626,UNCHANGED,GSE130387,Mus musculus (C57BL/6),Rattus norvegicus (rno-),EXPLORATORY_DESCRIPTIVE_ONLY_CROSS_SPECIES_n3vs3; pseudocount=1.0; filter: non-null in >=3 samples,,,0.0813308687615527,0.0169761273209549,0.053875236294896,
148491,rno-miR-501-5p,hsa-miR-501-5p,CROSS-SPECIES,rno_to_hsa_stem_homology,0.0707,0.0255,1.0,0.0622,UNCHANGED,GSE130387,Mus musculus (C57BL/6),Rattus norvegicus (rno-),EXPLORATORY_DESCRIPTIVE_ONLY_CROSS_SPECIES_n3vs3; pseudocount=1.0; filter: non-null in >=3 samples,0.122614227877386,0.0205314009661836,0.0690080098582871,,0.0255198487712665,
42942,rno-miR-134-5p,hsa-miR-134-5p,CROSS-SPECIES,rno_to_hsa_stem_homology,0.0904,0.0444,1.0,0.0621,UNCHANGED,GSE130387,Mus musculus (C57BL/6),Rattus norvegicus (rno-),EXPLORATORY_DESCRIPTIVE_ONLY_CROSS_SPECIES_n3vs3; pseudocount=1.0; filter: non-null in >=3 samples,0.00809716599190283,0.036231884057971,0.226740603820086,,0.0444234404536862,
148116,rno-miR-3578,hsa-miR-3578,CROSS-SPECIES,rno_to_hsa_stem_homology,0.0508,0.0066,1.0,0.062,UNCHANGED,GSE130387,Mus musculus (C57BL/6),Rattus norvegicus (rno-),EXPLORATORY_DESCRIPTIVE_ONLY_CROSS_SPECIES_n3vs3; pseudocount=1.0; filter: non-null in >=3 samples,0.10989010989011,0.0265700483091787,0.0160197165742452,,0.00661625708884688,
145865,rno-miR-361-3p,hsa-miR-361-3p,CROSS-SPECIES,rno_to_hsa_stem_homology,0.0927,0.0471,1.0,0.0616,UNCHANGED,GSE130387,Mus musculus (C57BL/6),Rattus norvegicus (rno-),EXPLORATORY_DESCRIPTIVE_ONLY_CROSS_SPECIES_n3vs3; pseudocount=1.0; filter: non-null in >=3 samples,0.120300751879699,0.0531400966183575,0.104744300677757,0.043501326259947,0.0775047258979206,0.020258863252673
145843,rno-miR-330-5p,hsa-miR-330-5p,CROSS-SPECIES,rno_to_hsa_stem_homology,0.0696,0.0259,1.0,0.0602,UNCHANGED,GSE130387,Mus musculus (C57BL/6),Rattus norvegicus (rno-),EXPLORATORY_DESCRIPTIVE_ONLY_CROSS_SPECIES_n3vs3; pseudocount=1.0; filter: non-null in >=3 samples,0.0948525159051475,0.03743961352657,0.0764017252002465,0.00636604774535809,0.0453686200378072,
42676,rno-miR-495,hsa-miR-495,CROSS-SPECIES,rno_to_hsa_stem_homology,0.0739,0.0302,1.0,0.0599,UNCHANGED,GSE130387,Mus musculus (C57BL/6),Rattus norvegicus (rno-),EXPLORATORY_DESCRIPTIVE_ONLY_CROSS_SPECIES_n3vs3; pseudocount=1.0; filter: non-null in >=3 samples,0.075187969924812,,0.0727048675292668,,0.0302457466918715,
46835,rno-miR-483-5p,hsa-miR-483-5p,CROSS-SPECIES,rno_to_hsa_stem_homology,0.0799,0.0366,1.0,0.059,UNCHANGED,GSE130387,Mus musculus (C57BL/6),Rattus norvegicus (rno-),EXPLORATORY_DESCRIPTIVE_ONLY_CROSS_SPECIES_n3vs3; pseudocount=1.0; filter: non-null in >=3 samples,0.138808559861191,,0.0209488601355514,0.0647214854111406,0.00850661625708885,
14307,rno-miR-382-3p,hsa-miR-382-3p,CROSS-SPECIES,rno_to_hsa_stem_homology,0.1002,0.0574,1.0,0.0573,UNCHANGED,GSE130387,Mus musculus (C57BL/6),Rattus norvegicus (rno-),EXPLORATORY_DESCRIPTIVE_ONLY_CROSS_SPECIES_n3vs3; pseudocount=1.0; filter: non-null in >=3 samples,0.0555234239444766,0.0628019323671498,0.18237831176833,,0.112476370510397,0.00225098480585256
29852,rno-miR-9a-3p,hsa-miR-9a-3p,CROSS-SPECIES,rno_to_hsa_stem_homology,0.2752,0.2261,1.0,0.0567,UNCHANGED,GSE130387,Mus musculus (C57BL/6),Rattus norvegicus (rno-),EXPLORATORY_DESCRIPTIVE_ONLY_CROSS_SPECIES_n3vs3; pseudocount=1.0; filter: non-null in >=3 samples,0.404858299595142,0.210144927536232,0.210720887245841,0.140053050397878,0.482986767485822,0.0551491277433877
145756,rno-miR-488-5p,hsa-miR-488-5p,CROSS-SPECIES,rno_to_hsa_stem_homology,0.0494,0.0104,1.0,0.0547,UNCHANGED,GSE130387,Mus musculus (C57BL/6),Rattus norvegicus (rno-),EXPLORATORY_DESCRIPTIVE_ONLY_CROSS_SPECIES_n3vs3; pseudocount=1.0; filter: non-null in >=3 samples,0.0520532099479468,,0.0468268638324091,,0.0103969754253308,
148488,rno-miR-3590-5p,hsa-miR-3590-5p,CROSS-SPECIES,rno_to_hsa_stem_homology,0.3189,0.2698,1.0,0.0547,UNCHANGED,GSE130387,Mus musculus (C57BL/6),Rattus norvegicus (rno-),EXPLORATORY_DESCRIPTIVE_ONLY_CROSS_SPECIES_n3vs3; pseudocount=1.0; filter: non-null in >=3 samples,0.323886639676113,0.157004830917874,0.475662353666051,,0.416824196597353,0.122678671918965
148089,rno-miR-208a-3p,hsa-miR-208a-3p,CROSS-SPECIES,rno_to_hsa_stem_homology,0.0664,0.0274,1.0,0.0537,UNCHANGED,GSE130387,Mus musculus (C57BL/6),Rattus norvegicus (rno-),EXPLORATORY_DESCRIPTIVE_ONLY_CROSS_SPECIES_n3vs3; pseudocount=1.0; filter: non-null in >=3 samples,0.0798149219201851,,0.0529882932840419,,0.0274102079395085,
42647,rno-miR-743a-3p,hsa-miR-743a-3p,CROSS-SPECIES,rno_to_hsa_stem_homology,0.0775,0.0382,1.0,0.0536,UNCHANGED,GSE130387,Mus musculus (C57BL/6),Rattus norvegicus (rno-),EXPLORATORY_DESCRIPTIVE_ONLY_CROSS_SPECIES_n3vs3; pseudocount=1.0; filter: non-null in >=3 samples,0.0347021399652979,0.0301932367149758,0.167590881084412,,0.0595463137996219,0.0168823860438942
42967,rno-miR-370-3p,hsa-miR-370-3p,CROSS-SPECIES,rno_to_hsa_stem_homology,0.0459,0.0085,1.0,0.0526,UNCHANGED,GSE130387,Mus musculus (C57BL/6),Rattus norvegicus (rno-),EXPLORATORY_DESCRIPTIVE_ONLY_CROSS_SPECIES_n3vs3; pseudocount=1.0; filter: non-null in >=3 samples,0.0647773279352227,,0.0271102895871842,,0.00850661625708885,
42881,rno-miR-463-3p,hsa-miR-463-3p,CROSS-SPECIES,rno_to_hsa_stem_homology,0.1075,0.068,1.0,0.0524,UNCHANGED,GSE130387,Mus musculus (C57BL/6),Rattus norvegicus (rno-),EXPLORATORY_DESCRIPTIVE_ONLY_CROSS_SPECIES_n3vs3; pseudocount=1.0; filter: non-null in >=3 samples,0.0520532099479468,0.0881642512077295,0.18237831176833,0.0254641909814324,0.114366729678639,0.064153066966798
148340,rno-miR-181a-2-3p,hsa-miR-181a-2-3p,CROSS-SPECIES,rno_to_hsa_stem_homology,0.0994,0.062,1.0,0.0499,UNCHANGED,GSE130387,Mus musculus (C57BL/6),Rattus norvegicus (rno-),EXPLORATORY_DESCRIPTIVE_ONLY_CROSS_SPECIES_n3vs3; pseudocount=1.0; filter: non-null in >=3 samples,0.0532099479467901,0.0772946859903382,0.167590881084412,0.0615384615384615,0.114366729678639,0.0101294316263365
14304,rno-miR-376b-3p,hsa-miR-376b-3p,CROSS-SPECIES,rno_to_hsa_stem_homology,0.096,0.0591,1.0,0.0494,UNCHANGED,GSE130387,Mus musculus (C57BL/6),Rattus norvegicus (rno-),EXPLORATORY_DESCRIPTIVE_ONLY_CROSS_SPECIES_n3vs3; pseudocount=1.0; filter: non-null in >=3 samples,0.0855986119144014,0.0458937198067633,0.156500308071473,,0.0822306238185255,0.036015756893641
11202,rno-miR-151-3p,hsa-miR-151-3p,CROSS-SPECIES,rno_to_hsa_stem_homology,0.2392,0.1978,1.0,0.049,UNCHANGED,GSE130387,Mus musculus (C57BL/6),Rattus norvegicus (rno-),EXPLORATORY_DESCRIPTIVE_ONLY_CROSS_SPECIES_n3vs3; pseudocount=1.0; filter: non-null in >=3 samples,0.333140543666859,0.181159420289855,0.203327171903882,0.195225464190981,0.242911153119093,0.155317951603827
147366,rno-miR-320-5p,hsa-miR-320-5p,CROSS-SPECIES,rno_to_hsa_stem_homology,0.2532,0.2114,1.0,0.0489,UNCHANGED,GSE130387,Mus musculus (C57BL/6),Rattus norvegicus (rno-),EXPLORATORY_DESCRIPTIVE_ONLY_CROSS_SPECIES_n3vs3; pseudocount=1.0; filter: non-null in >=3 samples,0.306535569693464,0.268115942028986,0.184842883548983,0.326790450928382,0.129489603024575,0.177827799662352
148322,rno-miR-3541,hsa-miR-3541,CROSS-SPECIES,rno_to_hsa_stem_homology,0.0731,0.0375,1.0,0.0486,UNCHANGED,GSE130387,Mus musculus (C57BL/6),Rattus norvegicus (rno-),EXPLORATORY_DESCRIPTIVE_ONLY_CROSS_SPECIES_n3vs3; pseudocount=1.0; filter: non-null in >=3 samples,0.0890688259109312,0.0217391304347826,0.108441158348737,,0.0727788279773157,0.00225098480585256
11074,rno-miR-34c-5p,hsa-miR-34c-5p,CROSS-SPECIES,rno_to_hsa_stem_homology,0.2906,0.248,1.0,0.0485,UNCHANGED,GSE130387,Mus musculus (C57BL/6),Rattus norvegicus (rno-),EXPLORATORY_DESCRIPTIVE_ONLY_CROSS_SPECIES_n3vs3; pseudocount=1.0; filter: non-null in >=3 samples,0.0821283979178716,0.253623188405797,0.536044362292052,0.0880636604774536,0.373345935727788,0.282498593134496
42808,rno-miR-874-3p,hsa-miR-874-3p,CROSS-SPECIES,rno_to_hsa_stem_homology,0.099,0.064,1.0,0.0466,UNCHANGED,GSE130387,Mus musculus (C57BL/6),Rattus norvegicus (rno-),EXPLORATORY_DESCRIPTIVE_ONLY_CROSS_SPECIES_n3vs3; pseudocount=1.0; filter: non-null in >=3 samples,0.145748987854251,0.0217391304347826,0.129390018484288,0.00106100795755968,0.17296786389414,0.0180078784468205
46320,rno-miR-31a-3p,hsa-miR-31a-3p,CROSS-SPECIES,rno_to_hsa_stem_homology,0.0967,0.0618,1.0,0.0466,UNCHANGED,GSE130387,Mus musculus (C57BL/6),Rattus norvegicus (rno-),EXPLORATORY_DESCRIPTIVE_ONLY_CROSS_SPECIES_n3vs3; pseudocount=1.0; filter: non-null in >=3 samples,,0.0036231884057971,0.18977202711029,,0.0831758034026465,0.0405177265053461
148341,rno-miR-3564,hsa-miR-3564,CROSS-SPECIES,rno_to_hsa_stem_homology,0.0337,0.0066,1.0,0.0383,UNCHANGED,GSE130387,Mus musculus (C57BL/6),Rattus norvegicus (rno-),EXPLORATORY_DESCRIPTIVE_ONLY_CROSS_SPECIES_n3vs3; pseudocount=1.0; filter: non-null in >=3 samples,0.0427993059572007,,0.0246457178065311,,0.00661625708884688,
17818,rno-miR-27a-5p,hsa-miR-27a-5p,CROSS-SPECIES,rno_to_hsa_stem_homology,0.0633,0.0359,1.0,0.0377,UNCHANGED,GSE130387,Mus musculus (C57BL/6),Rattus norvegicus (rno-),EXPLORATORY_DESCRIPTIVE_ONLY_CROSS_SPECIES_n3vs3; pseudocount=1.0; filter: non-null in >=3 samples,0.0844418739155581,0.0205314009661836,0.0850277264325323,,0.0359168241965974,
42664,rno-miR-301b-3p,hsa-miR-301b-3p,CROSS-SPECIES,rno_to_hsa_stem_homology,0.0664,0.0397,1.0,0.0366,UNCHANGED,GSE130387,Mus musculus (C57BL/6),Rattus norvegicus (rno-),EXPLORATORY_DESCRIPTIVE_ONLY_CROSS_SPECIES_n3vs3; pseudocount=1.0; filter: non-null in >=3 samples,0.0231347599768652,,0.109673444239063,,0.0396975425330813,
42668,rno-let-7c-1-3p,hsa-let-7c-1-3p,CROSS-SPECIES,rno_to_hsa_stem_homology,0.2501,0.2188,1.0,0.0366,UNCHANGED,GSE130387,Mus musculus (C57BL/6),Rattus norvegicus (rno-),EXPLORATORY_DESCRIPTIVE_ONLY_CROSS_SPECIES_n3vs3; pseudocount=1.0; filter: non-null in >=3 samples,0.26951995373048,0.28743961352657,0.193468884781269,0.290716180371353,0.201323251417769,0.164321890827237
42709,rno-miR-743b-5p,hsa-miR-743b-5p,CROSS-SPECIES,rno_to_hsa_stem_homology,0.0749,0.0482,1.0,0.0363,UNCHANGED,GSE130387,Mus musculus (C57BL/6),Rattus norvegicus (rno-),EXPLORATORY_DESCRIPTIVE_ONLY_CROSS_SPECIES_n3vs3; pseudocount=1.0; filter: non-null in >=3 samples,0.0740312319259688,0.03743961352657,0.113370301910043,,0.0482041587901701,
145840,rno-let-7f-1-3p,hsa-let-7f-1-3p,CROSS-SPECIES,rno_to_hsa_stem_homology,0.1392,0.1116,1.0,0.0354,UNCHANGED,GSE130387,Mus musculus (C57BL/6),Rattus norvegicus (rno-),EXPLORATORY_DESCRIPTIVE_ONLY_CROSS_SPECIES_n3vs3; pseudocount=1.0; filter: non-null in >=3 samples,0.146905725853094,0.135265700483092,0.135551447935921,0.0254641909814324,0.159735349716446,0.149690489589195
148447,rno-miR-383-3p,hsa-miR-383-3p,CROSS-SPECIES,rno_to_hsa_stem_homology,0.0394,0.0143,1.0,0.0353,UNCHANGED,GSE130387,Mus musculus (C57BL/6),Rattus norvegicus (rno-),EXPLORATORY_DESCRIPTIVE_ONLY_CROSS_SPECIES_n3vs3; pseudocount=1.0; filter: non-null in >=3 samples,,,0.0394331484904498,0.0190981432360743,0.00945179584120983,
42693,rno-miR-326-3p,hsa-miR-326-3p,CROSS-SPECIES,rno_to_hsa_stem_homology,0.0679,0.0426,1.0,0.0345,UNCHANGED,GSE130387,Mus musculus (C57BL/6),Rattus norvegicus (rno-),EXPLORATORY_DESCRIPTIVE_ONLY_CROSS_SPECIES_n3vs3; pseudocount=1.0; filter: non-null in >=3 samples,0.10641989589358,0.00966183574879227,0.0874922982131855,,0.0784499054820416,0.00675295441755768
14285,rno-miR-487b-3p,hsa-miR-487b-3p,CROSS-SPECIES,rno_to_hsa_stem_homology,0.1149,0.0905,1.0,0.0319,UNCHANGED,GSE130387,Mus musculus (C57BL/6),Rattus norvegicus (rno-),EXPLORATORY_DESCRIPTIVE_ONLY_CROSS_SPECIES_n3vs3; pseudocount=1.0; filter: non-null in >=3 samples,0.0636205899363794,0.0543478260869565,0.226740603820086,0.0297082228116711,0.106805293005671,0.135059088351154
42530,rno-let-7a-2-3p,hsa-let-7a-2-3p,CROSS-SPECIES,rno_to_hsa_stem_homology,0.4306,0.402,1.0,0.0291,UNCHANGED,GSE130387,Mus musculus (C57BL/6),Rattus norvegicus (rno-),EXPLORATORY_DESCRIPTIVE_ONLY_CROSS_SPECIES_n3vs3; pseudocount=1.0; filter: non-null in >=3 samples,0.54251012145749,0.240338164251208,0.508934072704868,0.236604774535809,0.676748582230624,0.292628024760833
148614,rno-miR-7a-2-3p,hsa-miR-7a-2-3p,CROSS-SPECIES,rno_to_hsa_stem_homology,0.1907,0.1682,1.0,0.0276,UNCHANGED,GSE130387,Mus musculus (C57BL/6),Rattus norvegicus (rno-),EXPLORATORY_DESCRIPTIVE_ONLY_CROSS_SPECIES_n3vs3; pseudocount=1.0; filter: non-null in >=3 samples,0.111046847888953,0.169082125603865,0.292051756007394,0.178249336870027,0.212665406427221,0.113674732695554
148651,rno-miR-3072,hsa-miR-3072,CROSS-SPECIES,rno_to_hsa_stem_homology,0.1499,0.1284,1.0,0.0273,UNCHANGED,GSE130387,Mus musculus (C57BL/6),Rattus norvegicus (rno-),EXPLORATORY_DESCRIPTIVE_ONLY_CROSS_SPECIES_n3vs3; pseudocount=1.0; filter: non-null in >=3 samples,0.129554655870445,0.130434782608696,0.18977202711029,0.263129973474801,0.0860113421550095,0.036015756893641
148460,rno-miR-500-5p,hsa-miR-500-5p,CROSS-SPECIES,rno_to_hsa_stem_homology,0.1163,0.0957,1.0,0.0269,UNCHANGED,GSE130387,Mus musculus (C57BL/6),Rattus norvegicus (rno-),EXPLORATORY_DESCRIPTIVE_ONLY_CROSS_SPECIES_n3vs3; pseudocount=1.0; filter: non-null in >=3 samples,0.182764603817235,0.072463768115942,0.0936537276648182,0.168700265251989,0.0226843100189036,
145643,rno-miR-382-5p,hsa-miR-382-5p,CROSS-SPECIES,rno_to_hsa_stem_homology,0.2033,0.1845,1.0,0.0227,UNCHANGED,GSE130387,Mus musculus (C57BL/6),Rattus norvegicus (rno-),EXPLORATORY_DESCRIPTIVE_ONLY_CROSS_SPECIES_n3vs3; pseudocount=1.0; filter: non-null in >=3 samples,0.229034123770966,0.183574879227053,0.197165742452249,0.125198938992042,0.274102079395085,0.1541924592009
145970,rno-miR-129-2-3p,hsa-miR-129-2-3p,CROSS-SPECIES,rno_to_hsa_stem_homology,0.0296,0.0144,1.0,0.0214,UNCHANGED,GSE130387,Mus musculus (C57BL/6),Rattus norvegicus (rno-),EXPLORATORY_DESCRIPTIVE_ONLY_CROSS_SPECIES_n3vs3; pseudocount=1.0; filter: non-null in >=3 samples,,,0.0295748613678373,0.0212201591511936,0.00756143667296786,
148574,rno-miR-16-3p,hsa-miR-16-3p,CROSS-SPECIES,rno_to_hsa_stem_homology,0.0344,0.0198,1.0,0.0205,UNCHANGED,GSE130387,Mus musculus (C57BL/6),Rattus norvegicus (rno-),EXPLORATORY_DESCRIPTIVE_ONLY_CROSS_SPECIES_n3vs3; pseudocount=1.0; filter: non-null in >=3 samples,0.0578368999421631,0.00483091787439614,0.0406654343807763,,0.0198487712665406,
42741,rno-miR-760-5p,hsa-miR-760-5p,CROSS-SPECIES,rno_to_hsa_stem_homology,0.3814,0.3621,1.0,0.0203,UNCHANGED,GSE130387,Mus musculus (C57BL/6),Rattus norvegicus (rno-),EXPLORATORY_DESCRIPTIVE_ONLY_CROSS_SPECIES_n3vs3; pseudocount=1.0; filter: non-null in >=3 samples,0.270676691729323,0.370772946859903,0.502772643253235,0.644031830238727,0.15406427221172,0.288126055149128
148511,rno-miR-3595,hsa-miR-3595,CROSS-SPECIES,rno_to_hsa_stem_homology,0.063,0.0482,1.0,0.0202,UNCHANGED,GSE130387,Mus musculus (C57BL/6),Rattus norvegicus (rno-),EXPLORATORY_DESCRIPTIVE_ONLY_CROSS_SPECIES_n3vs3; pseudocount=1.0; filter: non-null in >=3 samples,0.0717177559282823,,0.0542205791743685,,0.0482041587901701,
42621,rno-miR-879-3p,hsa-miR-879-3p,CROSS-SPECIES,rno_to_hsa_stem_homology,0.0192,0.0057,1.0,0.0193,UNCHANGED,GSE130387,Mus musculus (C57BL/6),Rattus norvegicus (rno-),EXPLORATORY_DESCRIPTIVE_ONLY_CROSS_SPECIES_n3vs3; pseudocount=1.0; filter: non-null in >=3 samples,0.0335454019664546,,0.00492914356130622,,0.0056710775047259,
148150,rno-miR-3559-5p,hsa-miR-3559-5p,CROSS-SPECIES,rno_to_hsa_stem_homology,0.0947,0.0804,1.0,0.019,UNCHANGED,GSE130387,Mus musculus (C57BL/6),Rattus norvegicus (rno-),EXPLORATORY_DESCRIPTIVE_ONLY_CROSS_SPECIES_n3vs3; pseudocount=1.0; filter: non-null in >=3 samples,0.0902255639097744,0.035024154589372,0.158964879852126,,0.112476370510397,0.0483961733258301
42660,rno-miR-144-5p,hsa-miR-144-5p,CROSS-SPECIES,rno_to_hsa_stem_homology,0.0173,0.0049,1.0,0.0176,UNCHANGED,GSE130387,Mus musculus (C57BL/6),Rattus norvegicus (rno-),EXPLORATORY_DESCRIPTIVE_ONLY_CROSS_SPECIES_n3vs3; pseudocount=1.0; filter: non-null in >=3 samples,,,0.0172520024645718,,0.00189035916824197,0.00787844682048396
145974,rno-miR-200b-5p,hsa-miR-200b-5p,CROSS-SPECIES,rno_to_hsa_stem_homology,0.0456,0.0331,1.0,0.0174,UNCHANGED,GSE130387,Mus musculus (C57BL/6),Rattus norvegicus (rno-),EXPLORATORY_DESCRIPTIVE_ONLY_CROSS_SPECIES_n3vs3; pseudocount=1.0; filter: non-null in >=3 samples,0.0173510699826489,,0.0739371534195934,,0.0330812854442344,
11052,rno-miR-31a-5p,hsa-miR-31a-5p,CROSS-SPECIES,rno_to_hsa_stem_homology,0.6719,0.6535,1.0,0.016,UNCHANGED,GSE130387,Mus musculus (C57BL/6),Rattus norvegicus (rno-),EXPLORATORY_DESCRIPTIVE_ONLY_CROSS_SPECIES_n3vs3; pseudocount=1.0; filter: non-null in >=3 samples,0.43262001156738,0.565217391304348,1.01786814540974,0.557029177718833,0.519848771266541,0.88351153629713
148644,rno-miR-551b-3p,hsa-miR-551b-3p,CROSS-SPECIES,rno_to_hsa_stem_homology,0.0197,0.0085,1.0,0.016,UNCHANGED,GSE130387,Mus musculus (C57BL/6),Rattus norvegicus (rno-),EXPLORATORY_DESCRIPTIVE_ONLY_CROSS_SPECIES_n3vs3; pseudocount=1.0; filter: non-null in >=3 samples,0.0173510699826489,0.0036231884057971,0.0382008626001232,,0.00850661625708885,
148054,rno-miR-547-5p,hsa-miR-547-5p,CROSS-SPECIES,rno_to_hsa_stem_homology,0.0197,0.0087,1.0,0.0156,UNCHANGED,GSE130387,Mus musculus (C57BL/6),Rattus norvegicus (rno-),EXPLORATORY_DESCRIPTIVE_ONLY_CROSS_SPECIES_n3vs3; pseudocount=1.0; filter: non-null in >=3 samples,,,0.0197165742452249,0.00424403183023873,0.0132325141776938,
148053,rno-miR-667-5p,hsa-miR-667-5p,CROSS-SPECIES,rno_to_hsa_stem_homology,0.0688,0.0577,1.0,0.0152,UNCHANGED,GSE130387,Mus musculus (C57BL/6),Rattus norvegicus (rno-),EXPLORATORY_DESCRIPTIVE_ONLY_CROSS_SPECIES_n3vs3; pseudocount=1.0; filter: non-null in >=3 samples,0.0508964719491035,0.0422705314009662,0.113370301910043,,0.05765595463138,
148583,rno-miR-3584-3p,hsa-miR-3584-3p,CROSS-SPECIES,rno_to_hsa_stem_homology,0.0564,0.0454,1.0,0.0151,UNCHANGED,GSE130387,Mus musculus (C57BL/6),Rattus norvegicus (rno-),EXPLORATORY_DESCRIPTIVE_ONLY_CROSS_SPECIES_n3vs3; pseudocount=1.0; filter: non-null in >=3 samples,0.0566801619433198,0.0471014492753623,0.0653111521873075,,0.0453686200378072,
11262,rno-miR-297,hsa-miR-297,CROSS-SPECIES,rno_to_hsa_stem_homology,0.0295,0.0189,1.0,0.0149,UNCHANGED,GSE130387,Mus musculus (C57BL/6),Rattus norvegicus (rno-),EXPLORATORY_DESCRIPTIVE_ONLY_CROSS_SPECIES_n3vs3; pseudocount=1.0; filter: non-null in >=3 samples,0.00231347599768652,,0.0566851509550216,,0.0189035916824197,
148067,rno-miR-201-3p,hsa-miR-201-3p,CROSS-SPECIES,rno_to_hsa_stem_homology,0.0159,0.0066,1.0,0.0133,UNCHANGED,GSE130387,Mus musculus (C57BL/6),Rattus norvegicus (rno-),EXPLORATORY_DESCRIPTIVE_ONLY_CROSS_SPECIES_n3vs3; pseudocount=1.0; filter: non-null in >=3 samples,0.00347021399652979,,0.0283425754775108,,0.00661625708884688,
147592,rno-miR-3072,hsa-miR-3072,CROSS-SPECIES,rno_to_hsa_stem_homology,0.0305,0.021,1.0,0.0133,UNCHANGED,GSE130387,Mus musculus (C57BL/6),Rattus norvegicus (rno-),EXPLORATORY_DESCRIPTIVE_ONLY_CROSS_SPECIES_n3vs3; pseudocount=1.0; filter: non-null in >=3 samples,0.0104106419895894,,0.0505237215033888,,0.0330812854442344,0.00900393922341024
42821,rno-miR-295-5p,hsa-miR-295-5p,CROSS-SPECIES,rno_to_hsa_stem_homology,0.0297,0.0208,1.0,0.0125,UNCHANGED,GSE130387,Mus musculus (C57BL/6),Rattus norvegicus (rno-),EXPLORATORY_DESCRIPTIVE_ONLY_CROSS_SPECIES_n3vs3; pseudocount=1.0; filter: non-null in >=3 samples,0.0161943319838057,,0.0431300061614295,,0.0207939508506616,
46223,rno-miR-1306-3p,hsa-miR-1306-3p,CROSS-SPECIES,rno_to_hsa_stem_homology,0.0114,0.0028,1.0,0.0123,UNCHANGED,GSE130387,Mus musculus (C57BL/6),Rattus norvegicus (rno-),EXPLORATORY_DESCRIPTIVE_ONLY_CROSS_SPECIES_n3vs3; pseudocount=1.0; filter: non-null in >=3 samples,0.00809716599190283,,0.0147874306839187,,0.00283553875236295,
148458,rno-miR-3594-5p,hsa-miR-3594-5p,CROSS-SPECIES,rno_to_hsa_stem_homology,0.0297,0.0217,1.0,0.0113,UNCHANGED,GSE130387,Mus musculus (C57BL/6),Rattus norvegicus (rno-),EXPLORATORY_DESCRIPTIVE_ONLY_CROSS_SPECIES_n3vs3; pseudocount=1.0; filter: non-null in >=3 samples,0.0323886639676113,,0.0271102895871842,,0.0217391304347826,
42625,rno-miR-299a-3p,hsa-miR-299a-3p,CROSS-SPECIES,rno_to_hsa_stem_homology,0.0096,0.0019,1.0,0.011,UNCHANGED,GSE130387,Mus musculus (C57BL/6),Rattus norvegicus (rno-),EXPLORATORY_DESCRIPTIVE_ONLY_CROSS_SPECIES_n3vs3; pseudocount=1.0; filter: non-null in >=3 samples,0.0092539039907461,,0.00985828712261245,,0.00189035916824197,
17851,rno-miR-200c-5p,hsa-miR-200c-5p,CROSS-SPECIES,rno_to_hsa_stem_homology,0.0512,0.0435,1.0,0.0107,UNCHANGED,GSE130387,Mus musculus (C57BL/6),Rattus norvegicus (rno-),EXPLORATORY_DESCRIPTIVE_ONLY_CROSS_SPECIES_n3vs3; pseudocount=1.0; filter: non-null in >=3 samples,0.0161943319838057,,0.0862600123228589,,0.0434782608695652,
148555,rno-miR-544-5p,hsa-miR-544-5p,CROSS-SPECIES,rno_to_hsa_stem_homology,0.0455,0.0378,1.0,0.0106,UNCHANGED,GSE130387,Mus musculus (C57BL/6),Rattus norvegicus (rno-),EXPLORATORY_DESCRIPTIVE_ONLY_CROSS_SPECIES_n3vs3; pseudocount=1.0; filter: non-null in >=3 samples,,0.0120772946859903,0.0788662969808996,,0.0378071833648393,
42692,rno-miR-127-5p,hsa-miR-127-5p,CROSS-SPECIES,rno_to_hsa_stem_homology,0.1808,0.1725,1.0,0.0102,UNCHANGED,GSE130387,Mus musculus (C57BL/6),Rattus norvegicus (rno-),EXPLORATORY_DESCRIPTIVE_ONLY_CROSS_SPECIES_n3vs3; pseudocount=1.0; filter: non-null in >=3 samples,0.234817813765182,0.152173913043478,0.155268022181146,0.157029177718833,0.217391304347826,0.142937535171638
147536,rno-miR-107-5p,hsa-miR-107-5p,CROSS-SPECIES,rno_to_hsa_stem_homology,0.0486,0.0416,1.0,0.0097,UNCHANGED,GSE130387,Mus musculus (C57BL/6),Rattus norvegicus (rno-),EXPLORATORY_DESCRIPTIVE_ONLY_CROSS_SPECIES_n3vs3; pseudocount=1.0; filter: non-null in >=3 samples,0.0832851359167149,0.0108695652173913,0.0517560073937153,,0.0415879017013233,
148291,rno-miR-496-5p,hsa-miR-496-5p,CROSS-SPECIES,rno_to_hsa_stem_homology,0.0247,0.018,1.0,0.0096,UNCHANGED,GSE130387,Mus musculus (C57BL/6),Rattus norvegicus (rno-),EXPLORATORY_DESCRIPTIVE_ONLY_CROSS_SPECIES_n3vs3; pseudocount=1.0; filter: non-null in >=3 samples,0.0115673799884326,0.00966183574879227,0.0529882932840419,,0.0179584120982987,
148442,rno-miR-214-5p,hsa-miR-214-5p,CROSS-SPECIES,rno_to_hsa_stem_homology,0.0684,0.0614,1.0,0.0094,UNCHANGED,GSE130387,Mus musculus (C57BL/6),Rattus norvegicus (rno-),EXPLORATORY_DESCRIPTIVE_ONLY_CROSS_SPECIES_n3vs3; pseudocount=1.0; filter: non-null in >=3 samples,0.0624638519375361,0.00966183574879227,0.133086876155268,,0.0614366729678639,
148306,rno-miR-381-3p,hsa-miR-381-3p,CROSS-SPECIES,rno_to_hsa_stem_homology,0.0285,0.0223,1.0,0.0088,UNCHANGED,GSE130387,Mus musculus (C57BL/6),Rattus norvegicus (rno-),EXPLORATORY_DESCRIPTIVE_ONLY_CROSS_SPECIES_n3vs3; pseudocount=1.0; filter: non-null in >=3 samples,0.0138808559861191,,0.0431300061614295,,0.0378071833648393,0.00675295441755768
19601,rno-miR-211-5p,hsa-miR-211-5p,CROSS-SPECIES,rno_to_hsa_stem_homology,0.0147,0.0104,1.0,0.0061,UNCHANGED,GSE130387,Mus musculus (C57BL/6),Rattus norvegicus (rno-),EXPLORATORY_DESCRIPTIVE_ONLY_CROSS_SPECIES_n3vs3; pseudocount=1.0; filter: non-null in >=3 samples,0.00347021399652979,,0.0258780036968577,,0.0103969754253308,
42457,rno-miR-323-5p,hsa-miR-323-5p,CROSS-SPECIES,rno_to_hsa_stem_homology,0.0215,0.018,1.0,0.005,UNCHANGED,GSE130387,Mus musculus (C57BL/6),Rattus norvegicus (rno-),EXPLORATORY_DESCRIPTIVE_ONLY_CROSS_SPECIES_n3vs3; pseudocount=1.0; filter: non-null in >=3 samples,0.00115673799884326,,0.0418977202711029,,0.0179584120982987,
33177,rno-miR-672-5p,hsa-miR-672-5p,CROSS-SPECIES,rno_to_hsa_stem_homology,0.0119,0.0095,1.0,0.0035,UNCHANGED,GSE130387,Mus musculus (C57BL/6),Rattus norvegicus (rno-),EXPLORATORY_DESCRIPTIVE_ONLY_CROSS_SPECIES_n3vs3; pseudocount=1.0; filter: non-null in >=3 samples,0.0127241179872759,,0.011090573012939,,0.00945179584120983,
11053,rno-miR-32-5p,hsa-miR-32-5p,CROSS-SPECIES,rno_to_hsa_stem_homology,0.2172,0.2145,1.0,0.0032,UNCHANGED,GSE130387,Mus musculus (C57BL/6),Rattus norvegicus (rno-),EXPLORATORY_DESCRIPTIVE_ONLY_CROSS_SPECIES_n3vs3; pseudocount=1.0; filter: non-null in >=3 samples,,0.0942028985507246,0.340110905730129,,0.306238185255198,0.122678671918965
148284,rno-miR-208b-3p,hsa-miR-208b-3p,CROSS-SPECIES,rno_to_hsa_stem_homology,0.0884,0.086,1.0,0.0031,UNCHANGED,GSE130387,Mus musculus (C57BL/6),Rattus norvegicus (rno-),EXPLORATORY_DESCRIPTIVE_ONLY_CROSS_SPECIES_n3vs3; pseudocount=1.0; filter: non-null in >=3 samples,0.0983227299016773,0.0422705314009662,0.124460874922982,,0.0860113421550095,
146177,rno-miR-3585-5p,hsa-miR-3585-5p,CROSS-SPECIES,rno_to_hsa_stem_homology,0.0409,0.0388,1.0,0.003,UNCHANGED,GSE130387,Mus musculus (C57BL/6),Rattus norvegicus (rno-),EXPLORATORY_DESCRIPTIVE_ONLY_CROSS_SPECIES_n3vs3; pseudocount=1.0; filter: non-null in >=3 samples,0.0427993059572007,0.00845410628019324,0.0714725816389402,,0.0387523629489603,
148337,rno-miR-3592,hsa-miR-3592,CROSS-SPECIES,rno_to_hsa_stem_homology,0.0616,0.0595,1.0,0.0027,UNCHANGED,GSE130387,Mus musculus (C57BL/6),Rattus norvegicus (rno-),EXPLORATORY_DESCRIPTIVE_ONLY_CROSS_SPECIES_n3vs3; pseudocount=1.0; filter: non-null in >=3 samples,0.0323886639676113,0.0265700483091787,0.125693160813309,,0.0595463137996219,
148512,rno-miR-187-5p,hsa-miR-187-5p,CROSS-SPECIES,rno_to_hsa_stem_homology,0.0503,0.0488,1.0,0.0021,UNCHANGED,GSE130387,Mus musculus (C57BL/6),Rattus norvegicus (rno-),EXPLORATORY_DESCRIPTIVE_ONLY_CROSS_SPECIES_n3vs3; pseudocount=1.0; filter: non-null in >=3 samples,,0.0229468599033816,0.077634011090573,,0.0964083175803403,0.00112549240292628
28019,rno-miR-10a-3p,hsa-miR-10a-3p,CROSS-SPECIES,rno_to_hsa_stem_homology,0.36,0.3581,1.0,0.002,UNCHANGED,GSE130387,Mus musculus (C57BL/6),Rattus norvegicus (rno-),EXPLORATORY_DESCRIPTIVE_ONLY_CROSS_SPECIES_n3vs3; pseudocount=1.0; filter: non-null in >=3 samples,0.470792365529208,0.282608695652174,0.326555760936537,0.390450928381963,0.362003780718337,0.321890827236916
42532,rno-miR-22-5p,hsa-miR-22-5p,CROSS-SPECIES,rno_to_hsa_stem_homology,0.3479,0.3464,1.0,0.0016,UNCHANGED,GSE130387,Mus musculus (C57BL/6),Rattus norvegicus (rno-),EXPLORATORY_DESCRIPTIVE_ONLY_CROSS_SPECIES_n3vs3; pseudocount=1.0; filter: non-null in >=3 samples,0.0913823019086177,0.311594202898551,0.640788662969809,0.0583554376657825,0.645557655954631,0.335396736072032
148237,rno-miR-337-5p,hsa-miR-337-5p,CROSS-SPECIES,rno_to_hsa_stem_homology,0.0251,0.0246,1.0,0.0007,UNCHANGED,GSE130387,Mus musculus (C57BL/6),Rattus norvegicus (rno-),EXPLORATORY_DESCRIPTIVE_ONLY_CROSS_SPECIES_n3vs3; pseudocount=1.0; filter: non-null in >=3 samples,0.0323886639676113,0.0157004830917874,0.0271102895871842,0.0318302387267905,0.0340264650283554,0.00787844682048396
42925,rno-miR-409a-5p,hsa-miR-409a-5p,CROSS-SPECIES,rno_to_hsa_stem_homology,0.0295,0.0293,1.0,0.0003,UNCHANGED,GSE130387,Mus musculus (C57BL/6),Rattus norvegicus (rno-),EXPLORATORY_DESCRIPTIVE_ONLY_CROSS_SPECIES_n3vs3; pseudocount=1.0; filter: non-null in >=3 samples,0.0208212839791787,0.00120772946859903,0.066543438077634,,0.0293005671077505,
148185,rno-miR-471-3p,hsa-miR-471-3p,CROSS-SPECIES,rno_to_hsa_stem_homology,0.0253,0.0251,1.0,0.0002,UNCHANGED,GSE130387,Mus musculus (C57BL/6),Rattus norvegicus (rno-),EXPLORATORY_DESCRIPTIVE_ONLY_CROSS_SPECIES_n3vs3; pseudocount=1.0; filter: non-null in >=3 samples,0.0092539039907461,0.00120772946859903,0.0653111521873075,,0.0255198487712665,0.0247608328643782
145634,rno-miR-132-5p,hsa-miR-132-5p,CROSS-SPECIES,rno_to_hsa_stem_homology,0.0918,0.0917,1.0,0.0001,UNCHANGED,GSE130387,Mus musculus (C57BL/6),Rattus norvegicus (rno-),EXPLORATORY_DESCRIPTIVE_ONLY_CROSS_SPECIES_n3vs3; pseudocount=1.0; filter: non-null in >=3 samples,0.130711393869289,0.0410628019323672,0.103512014787431,,0.0916824196597354,
148123,rno-miR-100-3p,hsa-miR-100-3p,CROSS-SPECIES,rno_to_hsa_stem_homology,0.0191,0.0191,1.0,0.0,UNCHANGED,GSE130387,Mus musculus (C57BL/6),Rattus norvegicus (rno-),EXPLORATORY_DESCRIPTIVE_ONLY_CROSS_SPECIES_n3vs3; pseudocount=1.0; filter: non-null in >=3 samples,0.0242914979757085,0.00845410628019324,0.0246457178065311,0.0212201591511936,0.0170132325141777,
29529,rno-miR-369-3p,hsa-miR-369-3p,CROSS-SPECIES,rno_to_hsa_stem_homology,0.0325,0.0331,1.0,-0.0009,UNCHANGED,GSE130387,Mus musculus (C57BL/6),Rattus norvegicus (rno-),EXPLORATORY_DESCRIPTIVE_ONLY_CROSS_SPECIES_n3vs3; pseudocount=1.0; filter: non-null in >=3 samples,,0.0193236714975845,0.0455945779420826,0.0180371352785146,0.0482041587901701,
42627,rno-miR-212-3p,hsa-miR-212-3p,CROSS-SPECIES,rno_to_hsa_stem_homology,0.0801,0.081,1.0,-0.0013,UNCHANGED,GSE130387,Mus musculus (C57BL/6),Rattus norvegicus (rno-),EXPLORATORY_DESCRIPTIVE_ONLY_CROSS_SPECIES_n3vs3; pseudocount=1.0; filter: non-null in >=3 samples,,0.0036231884057971,0.156500308071473,,0.147448015122873,0.0146314012380416
148081,rno-miR-3102,hsa-miR-3102,CROSS-SPECIES,rno_to_hsa_stem_homology,0.0185,0.0205,1.0,-0.0028,UNCHANGED,GSE130387,Mus musculus (C57BL/6),Rattus norvegicus (rno-),EXPLORATORY_DESCRIPTIVE_ONLY_CROSS_SPECIES_n3vs3; pseudocount=1.0; filter: non-null in >=3 samples,,,0.0184842883548983,0.0371352785145889,0.00378071833648393,
42453,rno-miR-376c-5p,hsa-miR-376c-5p,CROSS-SPECIES,rno_to_hsa_stem_homology,0.0135,0.0161,1.0,-0.0037,UNCHANGED,GSE130387,Mus musculus (C57BL/6),Rattus norvegicus (rno-),EXPLORATORY_DESCRIPTIVE_ONLY_CROSS_SPECIES_n3vs3; pseudocount=1.0; filter: non-null in >=3 samples,0.0208212839791787,,0.00616142945163278,,0.0160680529300567,
145857,rno-miR-154-5p,hsa-miR-154-5p,CROSS-SPECIES,rno_to_hsa_stem_homology,0.299,0.3026,1.0,-0.0039,UNCHANGED,GSE130387,Mus musculus (C57BL/6),Rattus norvegicus (rno-),EXPLORATORY_DESCRIPTIVE_ONLY_CROSS_SPECIES_n3vs3; pseudocount=1.0; filter: non-null in >=3 samples,0.392134181607866,0.315217391304348,0.18977202711029,0.540053050397878,0.120037807183365,0.247608328643782
28547,rno-miR-675-5p,hsa-miR-675-5p,CROSS-SPECIES,rno_to_hsa_stem_homology,0.4936,0.4979,1.0,-0.0042,UNCHANGED,GSE130387,Mus musculus (C57BL/6),Rattus norvegicus (rno-),EXPLORATORY_DESCRIPTIVE_ONLY_CROSS_SPECIES_n3vs3; pseudocount=1.0; filter: non-null in >=3 samples,0.621168305378832,0.446859903381643,0.412815773259396,0.5315649867374,0.625708884688091,0.336522228474958
11066,rno-miR-337-3p,hsa-miR-337-3p,CROSS-SPECIES,rno_to_hsa_stem_homology,0.0264,0.0301,1.0,-0.0052,UNCHANGED,GSE130387,Mus musculus (C57BL/6),Rattus norvegicus (rno-),EXPLORATORY_DESCRIPTIVE_ONLY_CROSS_SPECIES_n3vs3; pseudocount=1.0; filter: non-null in >=3 samples,,0.00845410628019324,0.044362292051756,0.0339522546419098,0.0349716446124764,0.0213843556555993
146078,rno-miR-632,hsa-miR-632,CROSS-SPECIES,rno_to_hsa_stem_homology,0.0148,0.0188,1.0,-0.0056,UNCHANGED,GSE130387,Mus musculus (C57BL/6),Rattus norvegicus (rno-),EXPLORATORY_DESCRIPTIVE_ONLY_CROSS_SPECIES_n3vs3; pseudocount=1.0; filter: non-null in >=3 samples,,,0.0147874306839187,0.023342175066313,0.0141776937618147,
148261,rno-miR-208a-5p,hsa-miR-208a-5p,CROSS-SPECIES,rno_to_hsa_stem_homology,0.0596,0.0647,1.0,-0.0068,UNCHANGED,GSE130387,Mus musculus (C57BL/6),Rattus norvegicus (rno-),EXPLORATORY_DESCRIPTIVE_ONLY_CROSS_SPECIES_n3vs3; pseudocount=1.0; filter: non-null in >=3 samples,0.0289184499710816,0.0157004830917874,0.134319162045595,,0.112476370510397,0.0168823860438942
42568,rno-miR-880-3p,hsa-miR-880-3p,CROSS-SPECIES,rno_to_hsa_stem_homology,0.2473,0.2545,1.0,-0.0083,UNCHANGED,GSE130387,Mus musculus (C57BL/6),Rattus norvegicus (rno-),EXPLORATORY_DESCRIPTIVE_ONLY_CROSS_SPECIES_n3vs3; pseudocount=1.0; filter: non-null in >=3 samples,0.167727009832273,0.189613526570048,0.384473197781885,0.440318302387268,0.206049149338374,0.117051209904333
42509,rno-miR-219a-5p,hsa-miR-219a-5p,CROSS-SPECIES,rno_to_hsa_stem_homology,0.032,0.0393,1.0,-0.0101,UNCHANGED,GSE130387,Mus musculus (C57BL/6),Rattus norvegicus (rno-),EXPLORATORY_DESCRIPTIVE_ONLY_CROSS_SPECIES_n3vs3; pseudocount=1.0; filter: non-null in >=3 samples,,,0.0320394331484904,,0.0718336483931947,0.00675295441755768
42601,rno-miR-540-5p,hsa-miR-540-5p,CROSS-SPECIES,rno_to_hsa_stem_homology,0.0531,0.0613,1.0,-0.0112,UNCHANGED,GSE130387,Mus musculus (C57BL/6),Rattus norvegicus (rno-),EXPLORATORY_DESCRIPTIVE_ONLY_CROSS_SPECIES_n3vs3; pseudocount=1.0; filter: non-null in >=3 samples,,0.0471014492753623,0.0591497227356747,0.0827586206896552,0.0595463137996219,0.0416432189082724
146160,rno-miR-133b-3p,hsa-miR-133b-3p,CROSS-SPECIES,rno_to_hsa_stem_homology,0.258,0.2687,1.0,-0.0122,UNCHANGED,GSE130387,Mus musculus (C57BL/6),Rattus norvegicus (rno-),EXPLORATORY_DESCRIPTIVE_ONLY_CROSS_SPECIES_n3vs3; pseudocount=1.0; filter: non-null in >=3 samples,0.220936957779063,0.195652173913043,0.357362908194701,0.348010610079576,0.301512287334594,0.156443444006753
145708,rno-miR-324-3p,hsa-miR-324-3p,CROSS-SPECIES,rno_to_hsa_stem_homology,0.0814,0.0918,1.0,-0.0138,UNCHANGED,GSE130387,Mus musculus (C57BL/6),Rattus norvegicus (rno-),EXPLORATORY_DESCRIPTIVE_ONLY_CROSS_SPECIES_n3vs3; pseudocount=1.0; filter: non-null in >=3 samples,0.0844418739155581,0.0845410628019324,0.0751694393099199,0.0647214854111406,0.10586011342155,0.104670793472144
33902,rno-miR-128-3p,hsa-miR-128-3p,CROSS-SPECIES,rno_to_hsa_stem_homology,0.0325,0.043,1.0,-0.0146,UNCHANGED,GSE130387,Mus musculus (C57BL/6),Rattus norvegicus (rno-),EXPLORATORY_DESCRIPTIVE_ONLY_CROSS_SPECIES_n3vs3; pseudocount=1.0; filter: non-null in >=3 samples,,0.0181159420289855,0.0468268638324091,0.0307692307692308,0.0633270321361059,0.0348902644907147
42553,rno-miR-216a-5p,hsa-miR-216a-5p,CROSS-SPECIES,rno_to_hsa_stem_homology,0.0191,0.0321,1.0,-0.0183,UNCHANGED,GSE130387,Mus musculus (C57BL/6),Rattus norvegicus (rno-),EXPLORATORY_DESCRIPTIVE_ONLY_CROSS_SPECIES_n3vs3; pseudocount=1.0; filter: non-null in >=3 samples,0.0185078079814922,,0.0197165742452249,,0.0321361058601134,
14271,rno-miR-539-5p,hsa-miR-539-5p,CROSS-SPECIES,rno_to_hsa_stem_homology,0.0059,0.0189,1.0,-0.0185,UNCHANGED,GSE130387,Mus musculus (C57BL/6),Rattus norvegicus (rno-),EXPLORATORY_DESCRIPTIVE_ONLY_CROSS_SPECIES_n3vs3; pseudocount=1.0; filter: non-null in >=3 samples,0.00809716599190283,,0.00369685767097967,,0.0189035916824197,
14279,rno-miR-362-5p,hsa-miR-362-5p,CROSS-SPECIES,rno_to_hsa_stem_homology,0.032,0.0454,1.0,-0.0186,UNCHANGED,GSE130387,Mus musculus (C57BL/6),Rattus norvegicus (rno-),EXPLORATORY_DESCRIPTIVE_ONLY_CROSS_SPECIES_n3vs3; pseudocount=1.0; filter: non-null in >=3 samples,0.0404858299595142,0.0036231884057971,0.0517560073937153,,0.0453686200378072,
148386,rno-miR-219b,hsa-miR-219b,CROSS-SPECIES,rno_to_hsa_stem_homology,0.0768,0.0908,1.0,-0.0187,UNCHANGED,GSE130387,Mus musculus (C57BL/6),Rattus norvegicus (rno-),EXPLORATORY_DESCRIPTIVE_ONLY_CROSS_SPECIES_n3vs3; pseudocount=1.0; filter: non-null in >=3 samples,0.0127241179872759,0.0253623188405797,0.192236598890943,,0.151228733459357,0.0303882948790096
17953,rno-miR-183-3p,hsa-miR-183-3p,CROSS-SPECIES,rno_to_hsa_stem_homology,0.4246,0.4434,1.0,-0.0189,UNCHANGED,GSE130387,Mus musculus (C57BL/6),Rattus norvegicus (rno-),EXPLORATORY_DESCRIPTIVE_ONLY_CROSS_SPECIES_n3vs3; pseudocount=1.0; filter: non-null in >=3 samples,0.624638519375362,0.311594202898551,0.337646333949476,0.0976127320954907,1.06049149338374,0.172200337647721
145637,rno-miR-187-3p,hsa-miR-187-3p,CROSS-SPECIES,rno_to_hsa_stem_homology,0.0507,0.0646,1.0,-0.0189,UNCHANGED,GSE130387,Mus musculus (C57BL/6),Rattus norvegicus (rno-),EXPLORATORY_DESCRIPTIVE_ONLY_CROSS_SPECIES_n3vs3; pseudocount=1.0; filter: non-null in >=3 samples,0.021978021978022,0.0869565217391304,0.0431300061614295,0.0360742705570292,0.100189035916824,0.0574001125492403
14305,rno-miR-376b-5p,hsa-miR-376b-5p,CROSS-SPECIES,rno_to_hsa_stem_homology,0.006,0.0204,1.0,-0.0205,UNCHANGED,GSE130387,Mus musculus (C57BL/6),Rattus norvegicus (rno-),EXPLORATORY_DESCRIPTIVE_ONLY_CROSS_SPECIES_n3vs3; pseudocount=1.0; filter: non-null in >=3 samples,,0.00603864734299517,,0.0190981432360743,0.0217391304347826,
148372,rno-miR-511-3p,hsa-miR-511-3p,CROSS-SPECIES,rno_to_hsa_stem_homology,0.0807,0.0968,1.0,-0.0214,UNCHANGED,GSE130387,Mus musculus (C57BL/6),Rattus norvegicus (rno-),EXPLORATORY_DESCRIPTIVE_ONLY_CROSS_SPECIES_n3vs3; pseudocount=1.0; filter: non-null in >=3 samples,0.0161943319838057,0.0410628019323672,0.184842883548983,,0.129489603024575,0.064153066966798
13179,rno-miR-455-5p,hsa-miR-455-5p,CROSS-SPECIES,rno_to_hsa_stem_homology,0.032,0.0475,1.0,-0.0215,UNCHANGED,GSE130387,Mus musculus (C57BL/6),Rattus norvegicus (rno-),EXPLORATORY_DESCRIPTIVE_ONLY_CROSS_SPECIES_n3vs3; pseudocount=1.0; filter: non-null in >=3 samples,0.0358588779641411,0.0144927536231884,0.0455945779420826,,0.0746691871455577,0.020258863252673
42620,rno-miR-188-5p,hsa-miR-188-5p,CROSS-SPECIES,rno_to_hsa_stem_homology,0.0158,0.0312,1.0,-0.0218,UNCHANGED,GSE130387,Mus musculus (C57BL/6),Rattus norvegicus (rno-),EXPLORATORY_DESCRIPTIVE_ONLY_CROSS_SPECIES_n3vs3; pseudocount=1.0; filter: non-null in >=3 samples,0.0115673799884326,0.00241545893719807,0.033271719038817,,0.0311909262759924,
148612,rno-miR-3561-5p,hsa-miR-3561-5p,CROSS-SPECIES,rno_to_hsa_stem_homology,0.0357,0.052,1.0,-0.0225,UNCHANGED,GSE130387,Mus musculus (C57BL/6),Rattus norvegicus (rno-),EXPLORATORY_DESCRIPTIVE_ONLY_CROSS_SPECIES_n3vs3; pseudocount=1.0; filter: non-null in >=3 samples,,0.00241545893719807,0.0690080098582871,,0.0519848771266541,
14294,rno-miR-1-3p,hsa-miR-1-3p,CROSS-SPECIES,rno_to_hsa_stem_homology,0.07,0.0875,1.0,-0.0234,UNCHANGED,GSE130387,Mus musculus (C57BL/6),Rattus norvegicus (rno-),EXPLORATORY_DESCRIPTIVE_ONLY_CROSS_SPECIES_n3vs3; pseudocount=1.0; filter: non-null in >=3 samples,0.0728744939271255,0.107487922705314,0.0295748613678373,0.023342175066313,0.173913043478261,0.0652785593697243
42957,rno-miR-323-3p,hsa-miR-323-3p,CROSS-SPECIES,rno_to_hsa_stem_homology,0.248,0.272,1.0,-0.0274,UNCHANGED,GSE130387,Mus musculus (C57BL/6),Rattus norvegicus (rno-),EXPLORATORY_DESCRIPTIVE_ONLY_CROSS_SPECIES_n3vs3; pseudocount=1.0; filter: non-null in >=3 samples,0.337767495662233,0.256038647342995,0.15033887861984,0.184615384615385,0.378071833648393,0.253235790658413
42640,rno-miR-20b-5p,hsa-miR-20b-5p,CROSS-SPECIES,rno_to_hsa_stem_homology,0.2858,0.3107,1.0,-0.0276,UNCHANGED,GSE130387,Mus musculus (C57BL/6),Rattus norvegicus (rno-),EXPLORATORY_DESCRIPTIVE_ONLY_CROSS_SPECIES_n3vs3; pseudocount=1.0; filter: non-null in >=3 samples,0.021978021978022,0.185990338164251,0.649414664202095,0.0477453580901857,0.485822306238185,0.398424310635903
148099,rno-miR-344b-2-3p,hsa-miR-344b-2-3p,CROSS-SPECIES,rno_to_hsa_stem_homology,0.629,0.6606,1.0,-0.0277,UNCHANGED,GSE130387,Mus musculus (C57BL/6),Rattus norvegicus (rno-),EXPLORATORY_DESCRIPTIVE_ONLY_CROSS_SPECIES_n3vs3; pseudocount=1.0; filter: non-null in >=3 samples,0.514748409485252,0.513285024154589,0.858903265557609,0.416976127320955,1.08979206049149,0.47495779403489
145641,rno-miR-369-5p,hsa-miR-369-5p,CROSS-SPECIES,rno_to_hsa_stem_homology,0.0224,0.0423,1.0,-0.0278,UNCHANGED,GSE130387,Mus musculus (C57BL/6),Rattus norvegicus (rno-),EXPLORATORY_DESCRIPTIVE_ONLY_CROSS_SPECIES_n3vs3; pseudocount=1.0; filter: non-null in >=3 samples,0.00462695199537305,0.0144927536231884,0.0480591497227357,0.0392572944297082,0.0453686200378072,
148211,rno-miR-3590-3p,hsa-miR-3590-3p,CROSS-SPECIES,rno_to_hsa_stem_homology,0.0211,0.0416,1.0,-0.0286,UNCHANGED,GSE130387,Mus musculus (C57BL/6),Rattus norvegicus (rno-),EXPLORATORY_DESCRIPTIVE_ONLY_CROSS_SPECIES_n3vs3; pseudocount=1.0; filter: non-null in >=3 samples,0.0138808559861191,,0.0283425754775108,,0.0415879017013233,
145705,rno-miR-431,hsa-miR-431,CROSS-SPECIES,rno_to_hsa_stem_homology,0.0123,0.0331,1.0,-0.0294,UNCHANGED,GSE130387,Mus musculus (C57BL/6),Rattus norvegicus (rno-),EXPLORATORY_DESCRIPTIVE_ONLY_CROSS_SPECIES_n3vs3; pseudocount=1.0; filter: non-null in >=3 samples,,,0.0123228589032656,,0.0595463137996219,0.00675295441755768
148559,rno-miR-411-3p,hsa-miR-411-3p,CROSS-SPECIES,rno_to_hsa_stem_homology,0.0875,0.1119,1.0,-0.032,UNCHANGED,GSE130387,Mus musculus (C57BL/6),Rattus norvegicus (rno-),EXPLORATORY_DESCRIPTIVE_ONLY_CROSS_SPECIES_n3vs3; pseudocount=1.0; filter: non-null in >=3 samples,0.0844418739155581,0.0917874396135266,0.0862600123228589,0.0413793103448276,0.162570888468809,0.131682611142375
146019,rno-miR-1839-5p,hsa-miR-1839-5p,CROSS-SPECIES,rno_to_hsa_stem_homology,0.0197,0.0449,1.0,-0.0352,UNCHANGED,GSE130387,Mus musculus (C57BL/6),Rattus norvegicus (rno-),EXPLORATORY_DESCRIPTIVE_ONLY_CROSS_SPECIES_n3vs3; pseudocount=1.0; filter: non-null in >=3 samples,,,0.0197165742452249,,0.0841209829867675,0.0056274620146314
11268,rno-miR-344a-3p,hsa-miR-344a-3p,CROSS-SPECIES,rno_to_hsa_stem_homology,0.1094,0.1383,1.0,-0.0371,UNCHANGED,GSE130387,Mus musculus (C57BL/6),Rattus norvegicus (rno-),EXPLORATORY_DESCRIPTIVE_ONLY_CROSS_SPECIES_n3vs3; pseudocount=1.0; filter: non-null in >=3 samples,0.111046847888953,0.102657004830918,0.11460258780037,0.19946949602122,0.186200378071834,0.0292628024760833
148051,rno-miR-770-3p,hsa-miR-770-3p,CROSS-SPECIES,rno_to_hsa_stem_homology,0.0413,0.0687,1.0,-0.0375,UNCHANGED,GSE130387,Mus musculus (C57BL/6),Rattus norvegicus (rno-),EXPLORATORY_DESCRIPTIVE_ONLY_CROSS_SPECIES_n3vs3; pseudocount=1.0; filter: non-null in >=3 samples,0.0763447079236553,0.0289855072463768,0.0184842883548983,0.115649867374005,0.0217391304347826,
145633,rno-let-7d-3p,hsa-let-7d-3p,CROSS-SPECIES,rno_to_hsa_stem_homology,1.5444,1.6125,1.0,-0.0381,UNCHANGED,GSE130387,Mus musculus (C57BL/6),Rattus norvegicus (rno-),EXPLORATORY_DESCRIPTIVE_ONLY_CROSS_SPECIES_n3vs3; pseudocount=1.0; filter: non-null in >=3 samples,1.51532677848467,1.5036231884058,1.61429451632779,2.26419098143236,0.563327032136106,2.01012943162634
148501,rno-miR-425-3p,hsa-miR-425-3p,CROSS-SPECIES,rno_to_hsa_stem_homology,0.1686,0.2022,1.0,-0.0409,UNCHANGED,GSE130387,Mus musculus (C57BL/6),Rattus norvegicus (rno-),EXPLORATORY_DESCRIPTIVE_ONLY_CROSS_SPECIES_n3vs3; pseudocount=1.0; filter: non-null in >=3 samples,0.143435511856565,0.171497584541063,0.191004313000616,0.274801061007958,0.206994328922495,0.124929656724817
146079,rno-miR-547-3p,hsa-miR-547-3p,CROSS-SPECIES,rno_to_hsa_stem_homology,0.0025,0.0323,1.0,-0.0423,UNCHANGED,GSE130387,Mus musculus (C57BL/6),Rattus norvegicus (rno-),EXPLORATORY_DESCRIPTIVE_ONLY_CROSS_SPECIES_n3vs3; pseudocount=1.0; filter: non-null in >=3 samples,,,0.00246457178065311,,0.056710775047259,0.00787844682048396
145759,rno-miR-181c-3p,hsa-miR-181c-3p,CROSS-SPECIES,rno_to_hsa_stem_homology,0.0037,0.034,1.0,-0.043,UNCHANGED,GSE130387,Mus musculus (C57BL/6),Rattus norvegicus (rno-),EXPLORATORY_DESCRIPTIVE_ONLY_CROSS_SPECIES_n3vs3; pseudocount=1.0; filter: non-null in >=3 samples,0.00115673799884326,,0.00616142945163278,,0.0340264650283554,
42752,rno-miR-872-3p,hsa-miR-872-3p,CROSS-SPECIES,rno_to_hsa_stem_homology,1.6734,1.7555,1.0,-0.0436,UNCHANGED,GSE130387,Mus musculus (C57BL/6),Rattus norvegicus (rno-),EXPLORATORY_DESCRIPTIVE_ONLY_CROSS_SPECIES_n3vs3; pseudocount=1.0; filter: non-null in >=3 samples,1.86003470213997,1.23792270531401,1.92236598890943,2.77665782493369,1.14366729678639,1.34608891389983
11024,rno-miR-223-3p,hsa-miR-223-3p,CROSS-SPECIES,rno_to_hsa_stem_homology,1.6145,1.6962,1.0,-0.0444,UNCHANGED,GSE130387,Mus musculus (C57BL/6),Rattus norvegicus (rno-),EXPLORATORY_DESCRIPTIVE_ONLY_CROSS_SPECIES_n3vs3; pseudocount=1.0; filter: non-null in >=3 samples,0.434933487565067,1.78260869565217,2.62600123228589,1.11936339522546,1.51890359168242,2.45019696117051
148187,rno-miR-410-5p,hsa-miR-410-5p,CROSS-SPECIES,rno_to_hsa_stem_homology,0.0412,0.0784,1.0,-0.0507,UNCHANGED,GSE130387,Mus musculus (C57BL/6),Rattus norvegicus (rno-),EXPLORATORY_DESCRIPTIVE_ONLY_CROSS_SPECIES_n3vs3; pseudocount=1.0; filter: non-null in >=3 samples,0.0451127819548872,0.0193236714975845,0.0591497227356747,,0.0784499054820416,
19588,rno-miR-17-1-3p,hsa-miR-17-1-3p,CROSS-SPECIES,rno_to_hsa_stem_homology,0.1121,0.1549,1.0,-0.0545,UNCHANGED,GSE130387,Mus musculus (C57BL/6),Rattus norvegicus (rno-),EXPLORATORY_DESCRIPTIVE_ONLY_CROSS_SPECIES_n3vs3; pseudocount=1.0; filter: non-null in >=3 samples,0.0659340659340659,0.0929951690821256,0.177449168207024,,0.210775047258979,0.0990433314575127
146012,rno-miR-1949,hsa-miR-1949,CROSS-SPECIES,rno_to_hsa_stem_homology,0.3957,0.4523,1.0,-0.0573,UNCHANGED,GSE130387,Mus musculus (C57BL/6),Rattus norvegicus (rno-),EXPLORATORY_DESCRIPTIVE_ONLY_CROSS_SPECIES_n3vs3; pseudocount=1.0; filter: non-null in >=3 samples,0.152689415847311,0.391304347826087,0.643253234750462,0.073209549071618,0.705103969754253,0.578503095104108
42477,rno-miR-324-5p,hsa-miR-324-5p,CROSS-SPECIES,rno_to_hsa_stem_homology,0.0258,0.0675,1.0,-0.0574,UNCHANGED,GSE130387,Mus musculus (C57BL/6),Rattus norvegicus (rno-),EXPLORATORY_DESCRIPTIVE_ONLY_CROSS_SPECIES_n3vs3; pseudocount=1.0; filter: non-null in >=3 samples,0.0115673799884326,0.0289855072463768,0.0369685767097967,0.0848806366047745,0.0500945179584121,
31053,rno-miR-674-3p,hsa-miR-674-3p,CROSS-SPECIES,rno_to_hsa_stem_homology,0.0844,0.1285,1.0,-0.0576,UNCHANGED,GSE130387,Mus musculus (C57BL/6),Rattus norvegicus (rno-),EXPLORATORY_DESCRIPTIVE_ONLY_CROSS_SPECIES_n3vs3; pseudocount=1.0; filter: non-null in >=3 samples,0.0312319259687681,0.113526570048309,0.108441158348737,0.00424403183023873,0.224952741020794,0.156443444006753
17853,rno-miR-30d-3p,hsa-miR-30d-3p,CROSS-SPECIES,rno_to_hsa_stem_homology,0.0148,0.0585,1.0,-0.0608,UNCHANGED,GSE130387,Mus musculus (C57BL/6),Rattus norvegicus (rno-),EXPLORATORY_DESCRIPTIVE_ONLY_CROSS_SPECIES_n3vs3; pseudocount=1.0; filter: non-null in >=3 samples,,,0.0147874306839187,,0.0831758034026465,0.0337647720877884
145889,rno-miR-196b-5p,hsa-miR-196b-5p,CROSS-SPECIES,rno_to_hsa_stem_homology,0.0574,0.1042,1.0,-0.0626,UNCHANGED,GSE130387,Mus musculus (C57BL/6),Rattus norvegicus (rno-),EXPLORATORY_DESCRIPTIVE_ONLY_CROSS_SPECIES_n3vs3; pseudocount=1.0; filter: non-null in >=3 samples,0.0728744939271255,0.0301932367149758,0.0690080098582871,0.0997347480106101,0.108695652173913,
10997,rno-miR-19a-3p,hsa-miR-19a-3p,CROSS-SPECIES,rno_to_hsa_stem_homology,0.4703,0.5359,1.0,-0.063,UNCHANGED,GSE130387,Mus musculus (C57BL/6),Rattus norvegicus (rno-),EXPLORATORY_DESCRIPTIVE_ONLY_CROSS_SPECIES_n3vs3; pseudocount=1.0; filter: non-null in >=3 samples,0.0497397339502603,0.45048309178744,0.910659272951325,0.0827586206896552,0.713610586011342,0.811480022509848
148343,rno-miR-3568,hsa-miR-3568,CROSS-SPECIES,rno_to_hsa_stem_homology,0.1892,0.2446,1.0,-0.0657,UNCHANGED,GSE130387,Mus musculus (C57BL/6),Rattus norvegicus (rno-),EXPLORATORY_DESCRIPTIVE_ONLY_CROSS_SPECIES_n3vs3; pseudocount=1.0; filter: non-null in >=3 samples,0.16657027183343,0.14975845410628,0.251386321626617,,0.438563327032136,0.0506471581316826
11234,rno-miR-350,hsa-miR-350,CROSS-SPECIES,rno_to_hsa_stem_homology,0.0737,0.1276,1.0,-0.0706,UNCHANGED,GSE130387,Mus musculus (C57BL/6),Rattus norvegicus (rno-),EXPLORATORY_DESCRIPTIVE_ONLY_CROSS_SPECIES_n3vs3; pseudocount=1.0; filter: non-null in >=3 samples,,0.0205314009661836,0.126925446703635,,0.178638941398866,0.0765334833989871
14300,rno-miR-29c-5p,hsa-miR-29c-5p,CROSS-SPECIES,rno_to_hsa_stem_homology,0.0723,0.1266,1.0,-0.0713,UNCHANGED,GSE130387,Mus musculus (C57BL/6),Rattus norvegicus (rno-),EXPLORATORY_DESCRIPTIVE_ONLY_CROSS_SPECIES_n3vs3; pseudocount=1.0; filter: non-null in >=3 samples,0.0763447079236553,0.0615942028985507,0.0788662969808996,0.049867374005305,0.188090737240076,0.141812042768711
11013,rno-miR-181a-1-3p,hsa-miR-181a-1-3p,CROSS-SPECIES,rno_to_hsa_stem_homology,0.0356,0.0893,1.0,-0.073,UNCHANGED,GSE130387,Mus musculus (C57BL/6),Rattus norvegicus (rno-),EXPLORATORY_DESCRIPTIVE_ONLY_CROSS_SPECIES_n3vs3; pseudocount=1.0; filter: non-null in >=3 samples,0.00694042799305957,0.0652173913043478,0.0345040049291436,0.0923076923076923,0.0822306238185255,0.0934158694428813
42738,rno-miR-340-3p,hsa-miR-340-3p,CROSS-SPECIES,rno_to_hsa_stem_homology,0.221,0.2874,1.0,-0.0765,UNCHANGED,GSE130387,Mus musculus (C57BL/6),Rattus norvegicus (rno-),EXPLORATORY_DESCRIPTIVE_ONLY_CROSS_SPECIES_n3vs3; pseudocount=1.0; filter: non-null in >=3 samples,0.196645459803355,0.157004830917874,0.309303758471966,0.0625994694960212,0.639886578449905,0.159819921215532
13150,rno-miR-322-5p,hsa-miR-322-5p,CROSS-SPECIES,rno_to_hsa_stem_homology,0.5849,0.6717,1.0,-0.0769,UNCHANGED,GSE130387,Mus musculus (C57BL/6),Rattus norvegicus (rno-),EXPLORATORY_DESCRIPTIVE_ONLY_CROSS_SPECIES_n3vs3; pseudocount=1.0; filter: non-null in >=3 samples,0.182764603817235,0.568840579710145,1.00308071472582,0.444562334217507,0.953686200378072,0.616769836803602
42511,rno-miR-99a-3p,hsa-miR-99a-3p,CROSS-SPECIES,rno_to_hsa_stem_homology,0.1272,0.1898,1.0,-0.078,UNCHANGED,GSE130387,Mus musculus (C57BL/6),Rattus norvegicus (rno-),EXPLORATORY_DESCRIPTIVE_ONLY_CROSS_SPECIES_n3vs3; pseudocount=1.0; filter: non-null in >=3 samples,0.0323886639676113,0.155797101449275,0.193468884781269,0.102917771883289,0.279773156899811,0.186831738885763
14303,rno-miR-376a-3p,hsa-miR-376a-3p,CROSS-SPECIES,rno_to_hsa_stem_homology,0.0706,0.1302,1.0,-0.0782,UNCHANGED,GSE130387,Mus musculus (C57BL/6),Rattus norvegicus (rno-),EXPLORATORY_DESCRIPTIVE_ONLY_CROSS_SPECIES_n3vs3; pseudocount=1.0; filter: non-null in >=3 samples,0.0520532099479468,0.0857487922705314,0.0739371534195934,0.0721485411140584,0.15406427221172,0.164321890827237
42730,rno-miR-423-3p,hsa-miR-423-3p,CROSS-SPECIES,rno_to_hsa_stem_homology,0.2331,0.3035,1.0,-0.0801,UNCHANGED,GSE130387,Mus musculus (C57BL/6),Rattus norvegicus (rno-),EXPLORATORY_DESCRIPTIVE_ONLY_CROSS_SPECIES_n3vs3; pseudocount=1.0; filter: non-null in >=3 samples,0.21631000578369,0.190821256038647,0.292051756007394,0.0488063660477454,0.621928166351607,0.239729881823298
46918,rno-miR-375-3p,hsa-miR-375-3p,CROSS-SPECIES,rno_to_hsa_stem_homology,0.5505,0.6395,1.0,-0.0806,UNCHANGED,GSE130387,Mus musculus (C57BL/6),Rattus norvegicus (rno-),EXPLORATORY_DESCRIPTIVE_ONLY_CROSS_SPECIES_n3vs3; pseudocount=1.0; filter: non-null in >=3 samples,0.793522267206478,0.353864734299517,0.504004929143561,0.393633952254642,1.20982986767486,0.315137872819358
14290,rno-miR-541-5p,hsa-miR-541-5p,CROSS-SPECIES,rno_to_hsa_stem_homology,0.3543,0.4337,1.0,-0.0822,UNCHANGED,GSE130387,Mus musculus (C57BL/6),Rattus norvegicus (rno-),EXPLORATORY_DESCRIPTIVE_ONLY_CROSS_SPECIES_n3vs3; pseudocount=1.0; filter: non-null in >=3 samples,0.384037015615963,0.426328502415459,0.252618607516944,0.560212201591512,0.281663516068053,0.459200900393922
42474,rno-miR-362-3p,hsa-miR-362-3p,CROSS-SPECIES,rno_to_hsa_stem_homology,0.0564,0.1186,1.0,-0.0825,UNCHANGED,GSE130387,Mus musculus (C57BL/6),Rattus norvegicus (rno-),EXPLORATORY_DESCRIPTIVE_ONLY_CROSS_SPECIES_n3vs3; pseudocount=1.0; filter: non-null in >=3 samples,,0.0277777777777778,0.0850277264325323,,0.17296786389414,0.064153066966798
147514,rno-miR-494-3p,hsa-miR-494-3p,CROSS-SPECIES,rno_to_hsa_stem_homology,0.0111,0.0732,1.0,-0.086,UNCHANGED,GSE130387,Mus musculus (C57BL/6),Rattus norvegicus (rno-),EXPLORATORY_DESCRIPTIVE_ONLY_CROSS_SPECIES_n3vs3; pseudocount=1.0; filter: non-null in >=3 samples,,,0.011090573012939,,0.0879017013232514,0.0585256049521666
148278,rno-miR-138-2-3p,hsa-miR-138-2-3p,CROSS-SPECIES,rno_to_hsa_stem_homology,0.9398,1.06,1.0,-0.0867,UNCHANGED,GSE130387,Mus musculus (C57BL/6),Rattus norvegicus (rno-),EXPLORATORY_DESCRIPTIVE_ONLY_CROSS_SPECIES_n3vs3; pseudocount=1.0; filter: non-null in >=3 samples,0.321573163678427,0.916666666666667,1.58102279728897,0.56763925729443,1.09168241965974,1.5205402363534
17624,rno-miR-532-5p,hsa-miR-532-5p,CROSS-SPECIES,rno_to_hsa_stem_homology,0.2809,0.3627,1.0,-0.0893,UNCHANGED,GSE130387,Mus musculus (C57BL/6),Rattus norvegicus (rno-),EXPLORATORY_DESCRIPTIVE_ONLY_CROSS_SPECIES_n3vs3; pseudocount=1.0; filter: non-null in >=3 samples,0.0844418739155581,0.342995169082126,0.415280345040049,0.224933687002653,0.466918714555766,0.396173325830051
29153,rno-miR-34b-5p,hsa-miR-34b-5p,CROSS-SPECIES,rno_to_hsa_stem_homology,0.08,0.1506,1.0,-0.0914,UNCHANGED,GSE130387,Mus musculus (C57BL/6),Rattus norvegicus (rno-),EXPLORATORY_DESCRIPTIVE_ONLY_CROSS_SPECIES_n3vs3; pseudocount=1.0; filter: non-null in >=3 samples,,0.0144927536231884,0.145409735058534,,0.179584120982987,0.121553179516038
42767,rno-miR-34c-3p,hsa-miR-34c-3p,CROSS-SPECIES,rno_to_hsa_stem_homology,0.0751,0.1463,1.0,-0.0926,UNCHANGED,GSE130387,Mus musculus (C57BL/6),Rattus norvegicus (rno-),EXPLORATORY_DESCRIPTIVE_ONLY_CROSS_SPECIES_n3vs3; pseudocount=1.0; filter: non-null in >=3 samples,0.00809716599190283,0.0519323671497585,0.165126309303758,,0.247637051039698,0.0450196961170512
145714,rno-miR-28-3p,hsa-miR-28-3p,CROSS-SPECIES,rno_to_hsa_stem_homology,0.0349,0.1044,1.0,-0.0938,UNCHANGED,GSE130387,Mus musculus (C57BL/6),Rattus norvegicus (rno-),EXPLORATORY_DESCRIPTIVE_ONLY_CROSS_SPECIES_n3vs3; pseudocount=1.0; filter: non-null in >=3 samples,0.026604973973395,0.0422705314009662,0.0357362908194701,0.026525198938992,0.143667296786389,0.142937535171638
17888,rno-let-7a-1-3p/rno-let-7c-2-3p,hsa-let-7a-1-3p/rno-let-7c-2-3p,CROSS-SPECIES,rno_to_hsa_stem_homology,0.0787,0.1521,1.0,-0.095,UNCHANGED,GSE130387,Mus musculus (C57BL/6),Rattus norvegicus (rno-),EXPLORATORY_DESCRIPTIVE_ONLY_CROSS_SPECIES_n3vs3; pseudocount=1.0; filter: non-null in >=3 samples,,0.0785024154589372,0.0788662969808996,0.00742705570291777,0.231568998109641,0.217220033764772
11022,rno-miR-221-3p,hsa-miR-221-3p,CROSS-SPECIES,rno_to_hsa_stem_homology,3.6969,4.0184,1.0,-0.0955,UNCHANGED,GSE130387,Mus musculus (C57BL/6),Rattus norvegicus (rno-),EXPLORATORY_DESCRIPTIVE_ONLY_CROSS_SPECIES_n3vs3; pseudocount=1.0; filter: non-null in >=3 samples,3.37536148062464,4.29710144927536,3.41836105976587,4.85729442970822,1.99243856332703,5.20540236353405
11093,rno-miR-379-5p,hsa-miR-379-5p,CROSS-SPECIES,rno_to_hsa_stem_homology,0.1611,0.2461,1.0,-0.1019,UNCHANGED,GSE130387,Mus musculus (C57BL/6),Rattus norvegicus (rno-),EXPLORATORY_DESCRIPTIVE_ONLY_CROSS_SPECIES_n3vs3; pseudocount=1.0; filter: non-null in >=3 samples,0.0647773279352227,0.211352657004831,0.207024029574861,0.0806366047745358,0.376181474480151,0.28137310073157
10988,rno-miR-194-5p,hsa-miR-194-5p,CROSS-SPECIES,rno_to_hsa_stem_homology,0.0259,0.1021,1.0,-0.1033,UNCHANGED,GSE130387,Mus musculus (C57BL/6),Rattus norvegicus (rno-),EXPLORATORY_DESCRIPTIVE_ONLY_CROSS_SPECIES_n3vs3; pseudocount=1.0; filter: non-null in >=3 samples,,,0.0258780036968577,,0.174858223062382,0.0292628024760833
42800,rno-miR-582-5p,hsa-miR-582-5p,CROSS-SPECIES,rno_to_hsa_stem_homology,0.0067,0.0816,1.0,-0.1035,UNCHANGED,GSE130387,Mus musculus (C57BL/6),Rattus norvegicus (rno-),EXPLORATORY_DESCRIPTIVE_ONLY_CROSS_SPECIES_n3vs3; pseudocount=1.0; filter: non-null in >=3 samples,,0.0120772946859903,0.00123228589032656,,0.136105860113422,0.0270118176702307
42512,rno-miR-136-3p,hsa-miR-136-3p,CROSS-SPECIES,rno_to_hsa_stem_homology,0.1532,0.2398,1.0,-0.1045,UNCHANGED,GSE130387,Mus musculus (C57BL/6),Rattus norvegicus (rno-),EXPLORATORY_DESCRIPTIVE_ONLY_CROSS_SPECIES_n3vs3; pseudocount=1.0; filter: non-null in >=3 samples,,0.144927536231884,0.161429451632779,0.218567639257294,0.194706994328922,0.306133933595948
17482,rno-miR-411-5p,hsa-miR-411-5p,CROSS-SPECIES,rno_to_hsa_stem_homology,0.0244,0.1033,1.0,-0.107,UNCHANGED,GSE130387,Mus musculus (C57BL/6),Rattus norvegicus (rno-),EXPLORATORY_DESCRIPTIVE_ONLY_CROSS_SPECIES_n3vs3; pseudocount=1.0; filter: non-null in >=3 samples,0.02443698800000001,0.020531401,0.028342575,0.10328493799999998,0.103024575,0.103545301
14301,rno-miR-361-5p,hsa-miR-361-5p,CROSS-SPECIES,rno_to_hsa_stem_homology,1.1034,1.2765,1.0,-0.1141,UNCHANGED,GSE130387,Mus musculus (C57BL/6),Rattus norvegicus (rno-),EXPLORATORY_DESCRIPTIVE_ONLY_CROSS_SPECIES_n3vs3; pseudocount=1.0; filter: non-null in >=3 samples,0.735685367264315,1.02415458937198,1.55021565003081,0.868965517241379,1.99716446124764,0.963421496904896
17608,rno-miR-425-5p,hsa-miR-425-5p,CROSS-SPECIES,rno_to_hsa_stem_homology,0.3214,0.4303,1.0,-0.1142,UNCHANGED,GSE130387,Mus musculus (C57BL/6),Rattus norvegicus (rno-),EXPLORATORY_DESCRIPTIVE_ONLY_CROSS_SPECIES_n3vs3; pseudocount=1.0; filter: non-null in >=3 samples,0.175824175824176,0.3743961352657,0.414048059149723,0.442440318302387,0.49054820415879,0.357906584130557
42887,rno-miR-331-3p,hsa-miR-331-3p,CROSS-SPECIES,rno_to_hsa_stem_homology,0.2144,0.3158,1.0,-0.1157,UNCHANGED,GSE130387,Mus musculus (C57BL/6),Rattus norvegicus (rno-),EXPLORATORY_DESCRIPTIVE_ONLY_CROSS_SPECIES_n3vs3; pseudocount=1.0; filter: non-null in >=3 samples,0.248698669751301,0.230676328502415,0.163894023413432,0.159151193633952,0.45179584120983,0.336522228474958
146059,rno-miR-105,hsa-miR-105,CROSS-SPECIES,rno_to_hsa_stem_homology,0.0727,0.1645,1.0,-0.1184,UNCHANGED,GSE130387,Mus musculus (C57BL/6),Rattus norvegicus (rno-),EXPLORATORY_DESCRIPTIVE_ONLY_CROSS_SPECIES_n3vs3; pseudocount=1.0; filter: non-null in >=3 samples,0.0196645459803355,0.0555555555555556,0.14294516327788,,0.164461247637051,
148397,rno-miR-664-1-5p,hsa-miR-664-1-5p,CROSS-SPECIES,rno_to_hsa_stem_homology,2.834,3.166,1.0,-0.1198,UNCHANGED,GSE130387,Mus musculus (C57BL/6),Rattus norvegicus (rno-),EXPLORATORY_DESCRIPTIVE_ONLY_CROSS_SPECIES_n3vs3; pseudocount=1.0; filter: non-null in >=3 samples,3.95835743204164,3.14492753623188,1.39864448552064,4.47851458885942,1.87712665406427,3.14237478897017
145998,rno-miR-465-5p,hsa-miR-465-5p,CROSS-SPECIES,rno_to_hsa_stem_homology,1.6577,1.8888,1.0,-0.1203,UNCHANGED,GSE130387,Mus musculus (C57BL/6),Rattus norvegicus (rno-),EXPLORATORY_DESCRIPTIVE_ONLY_CROSS_SPECIES_n3vs3; pseudocount=1.0; filter: non-null in >=3 samples,1.10584152689416,1.55434782608696,2.31300061614295,2.11140583554377,0.840264650283554,2.71468767585819
148417,rno-miR-1188-3p,hsa-miR-1188-3p,CROSS-SPECIES,rno_to_hsa_stem_homology,0.5937,0.7369,1.0,-0.1241,UNCHANGED,GSE130387,Mus musculus (C57BL/6),Rattus norvegicus (rno-),EXPLORATORY_DESCRIPTIVE_ONLY_CROSS_SPECIES_n3vs3; pseudocount=1.0; filter: non-null in >=3 samples,0.563331405436669,0.471014492753623,0.746765249537893,1.21273209549072,0.302457466918715,0.695554305008441
14316,rno-miR-664-3p,hsa-miR-664-3p,CROSS-SPECIES,rno_to_hsa_stem_homology,0.2753,0.3931,1.0,-0.1275,UNCHANGED,GSE130387,Mus musculus (C57BL/6),Rattus norvegicus (rno-),EXPLORATORY_DESCRIPTIVE_ONLY_CROSS_SPECIES_n3vs3; pseudocount=1.0; filter: non-null in >=3 samples,0.192018507807981,0.344202898550725,0.289587184226741,0.224933687002653,0.514177693761815,0.440067529544176
146201,rno-miR-1839-3p,hsa-miR-1839-3p,CROSS-SPECIES,rno_to_hsa_stem_homology,0.3783,0.5061,1.0,-0.1279,UNCHANGED,GSE130387,Mus musculus (C57BL/6),Rattus norvegicus (rno-),EXPLORATORY_DESCRIPTIVE_ONLY_CROSS_SPECIES_n3vs3; pseudocount=1.0; filter: non-null in >=3 samples,0.342394447657606,0.41304347826087,0.379544054220579,0.294960212201592,0.708884688090737,0.51435002813731
42496,rno-miR-181c-5p,hsa-miR-181c-5p,CROSS-SPECIES,rno_to_hsa_stem_homology,0.0185,0.113,1.0,-0.128,UNCHANGED,GSE130387,Mus musculus (C57BL/6),Rattus norvegicus (rno-),EXPLORATORY_DESCRIPTIVE_ONLY_CROSS_SPECIES_n3vs3; pseudocount=1.0; filter: non-null in >=3 samples,,,0.0184842883548983,,0.178638941398866,0.0472706809229038
146137,rno-miR-133a-3p,hsa-miR-133a-3p,CROSS-SPECIES,rno_to_hsa_stem_homology,0.0159,0.1153,1.0,-0.1346,UNCHANGED,GSE130387,Mus musculus (C57BL/6),Rattus norvegicus (rno-),EXPLORATORY_DESCRIPTIVE_ONLY_CROSS_SPECIES_n3vs3; pseudocount=1.0; filter: non-null in >=3 samples,,0.0120772946859903,0.0197165742452249,0.140053050397878,0.160680529300567,0.0450196961170512
148477,rno-miR-1843-5p,hsa-miR-1843-5p,CROSS-SPECIES,rno_to_hsa_stem_homology,0.3547,0.4876,1.0,-0.135,UNCHANGED,GSE130387,Mus musculus (C57BL/6),Rattus norvegicus (rno-),EXPLORATORY_DESCRIPTIVE_ONLY_CROSS_SPECIES_n3vs3; pseudocount=1.0; filter: non-null in >=3 samples,0.474262579525737,0.328502415458937,0.26124460874923,0.370291777188329,0.656899810964083,0.43556555993247
46777,rno-miR-17-5p,hsa-miR-17-5p,CROSS-SPECIES,rno_to_hsa_stem_homology,0.8324,1.0223,1.0,-0.1422,UNCHANGED,GSE130387,Mus musculus (C57BL/6),Rattus norvegicus (rno-),EXPLORATORY_DESCRIPTIVE_ONLY_CROSS_SPECIES_n3vs3; pseudocount=1.0; filter: non-null in >=3 samples,0.320416425679584,0.938405797101449,1.23844731977819,0.780901856763926,1.00850661625709,1.27743387732133
148435,rno-miR-672-3p,hsa-miR-672-3p,CROSS-SPECIES,rno_to_hsa_stem_homology,2.289,2.6319,1.0,-0.1431,UNCHANGED,GSE130387,Mus musculus (C57BL/6),Rattus norvegicus (rno-),EXPLORATORY_DESCRIPTIVE_ONLY_CROSS_SPECIES_n3vs3; pseudocount=1.0; filter: non-null in >=3 samples,1.59051474840949,2.06159420289855,3.21503388786198,3.51724137931034,1.72684310018904,2.65166010129432
148520,rno-miR-137-5p,hsa-miR-137-5p,CROSS-SPECIES,rno_to_hsa_stem_homology,0.0949,0.2117,1.0,-0.1463,UNCHANGED,GSE130387,Mus musculus (C57BL/6),Rattus norvegicus (rno-),EXPLORATORY_DESCRIPTIVE_ONLY_CROSS_SPECIES_n3vs3; pseudocount=1.0; filter: non-null in >=3 samples,0.123770965876229,0.0301932367149758,0.130622304374615,,0.2117202268431,
11260,rno-miR-151-5p,hsa-miR-151-5p,CROSS-SPECIES,rno_to_hsa_stem_homology,0.4997,0.6651,1.0,-0.1509,UNCHANGED,GSE130387,Mus musculus (C57BL/6),Rattus norvegicus (rno-),EXPLORATORY_DESCRIPTIVE_ONLY_CROSS_SPECIES_n3vs3; pseudocount=1.0; filter: non-null in >=3 samples,0.37246963562753,0.526570048309179,0.600123228589033,0.540053050397878,0.956521739130435,0.498593134496342
145845,rno-miR-20a-5p,hsa-miR-20a-5p,CROSS-SPECIES,rno_to_hsa_stem_homology,0.5618,0.7354,1.0,-0.1521,UNCHANGED,GSE130387,Mus musculus (C57BL/6),Rattus norvegicus (rno-),EXPLORATORY_DESCRIPTIVE_ONLY_CROSS_SPECIES_n3vs3; pseudocount=1.0; filter: non-null in >=3 samples,0.22325043377675,0.636473429951691,0.825631546518792,0.345888594164456,0.920604914933837,0.939786156443444
145852,rno-miR-210-3p,hsa-miR-210-3p,CROSS-SPECIES,rno_to_hsa_stem_homology,0.3899,0.5466,1.0,-0.1542,UNCHANGED,GSE130387,Mus musculus (C57BL/6),Rattus norvegicus (rno-),EXPLORATORY_DESCRIPTIVE_ONLY_CROSS_SPECIES_n3vs3; pseudocount=1.0; filter: non-null in >=3 samples,0.0936957779063042,0.472222222222222,0.603820086260012,0.489124668435013,0.610586011342155,0.540236353404615
42566,rno-miR-224-5p,hsa-miR-224-5p,CROSS-SPECIES,rno_to_hsa_stem_homology,0.0789,0.2083,1.0,-0.1635,UNCHANGED,GSE130387,Mus musculus (C57BL/6),Rattus norvegicus (rno-),EXPLORATORY_DESCRIPTIVE_ONLY_CROSS_SPECIES_n3vs3; pseudocount=1.0; filter: non-null in >=3 samples,,,0.0788662969808996,0.0488063660477454,0.272211720226843,0.303882948790096
30768,rno-miR-674-5p,hsa-miR-674-5p,CROSS-SPECIES,rno_to_hsa_stem_homology,1.0455,1.3031,1.0,-0.1711,UNCHANGED,GSE130387,Mus musculus (C57BL/6),Rattus norvegicus (rno-),EXPLORATORY_DESCRIPTIVE_ONLY_CROSS_SPECIES_n3vs3; pseudocount=1.0; filter: non-null in >=3 samples,1.18912666281087,1.31642512077295,0.630930375847197,1.46100795755968,1.01890359168242,1.42937535171638
27558,rno-miR-155-5p,hsa-miR-155-5p,CROSS-SPECIES,rno_to_hsa_stem_homology,0.1141,0.2561,1.0,-0.173,UNCHANGED,GSE130387,Mus musculus (C57BL/6),Rattus norvegicus (rno-),EXPLORATORY_DESCRIPTIVE_ONLY_CROSS_SPECIES_n3vs3; pseudocount=1.0; filter: non-null in >=3 samples,0.0104106419895894,0.161835748792271,0.170055452865065,,0.294896030245747,0.217220033764772
145640,rno-miR-328a-3p,hsa-miR-328a-3p,CROSS-SPECIES,rno_to_hsa_stem_homology,0.2887,0.4569,1.0,-0.177,UNCHANGED,GSE130387,Mus musculus (C57BL/6),Rattus norvegicus (rno-),EXPLORATORY_DESCRIPTIVE_ONLY_CROSS_SPECIES_n3vs3; pseudocount=1.0; filter: non-null in >=3 samples,0.37246963562753,0.330917874396135,0.162661737523105,0.618567639257294,0.264650283553875,0.487338210467079
17280,rno-miR-15b-5p,hsa-miR-15b-5p,CROSS-SPECIES,rno_to_hsa_stem_homology,0.7433,0.9755,1.0,-0.1804,UNCHANGED,GSE130387,Mus musculus (C57BL/6),Rattus norvegicus (rno-),EXPLORATORY_DESCRIPTIVE_ONLY_CROSS_SPECIES_n3vs3; pseudocount=1.0; filter: non-null in >=3 samples,0.127241179872759,0.711352657004831,1.39125077017868,0.120954907161804,1.6531190926276,1.15250422059651
14272,rno-miR-542-3p,hsa-miR-542-3p,CROSS-SPECIES,rno_to_hsa_stem_homology,0.571,0.7874,1.0,-0.1862,UNCHANGED,GSE130387,Mus musculus (C57BL/6),Rattus norvegicus (rno-),EXPLORATORY_DESCRIPTIVE_ONLY_CROSS_SPECIES_n3vs3; pseudocount=1.0; filter: non-null in >=3 samples,0.281087333718913,0.670289855072464,0.761552680221811,0.440318302387268,1.39508506616257,0.526730444569499
28250,rno-miR-872-5p,hsa-miR-872-5p,CROSS-SPECIES,rno_to_hsa_stem_homology,0.1564,0.3159,1.0,-0.1863,UNCHANGED,GSE130387,Mus musculus (C57BL/6),Rattus norvegicus (rno-),EXPLORATORY_DESCRIPTIVE_ONLY_CROSS_SPECIES_n3vs3; pseudocount=1.0; filter: non-null in >=3 samples,0.0323886639676113,0.210144927536232,0.226740603820086,0.149602122015915,0.44234404536862,0.355655599324705
10972,rno-miR-181b-5p,hsa-miR-181b-5p,CROSS-SPECIES,rno_to_hsa_stem_homology,0.5715,0.7901,1.0,-0.1879,UNCHANGED,GSE130387,Mus musculus (C57BL/6),Rattus norvegicus (rno-),EXPLORATORY_DESCRIPTIVE_ONLY_CROSS_SPECIES_n3vs3; pseudocount=1.0; filter: non-null in >=3 samples,0.640832851359167,0.765700483091787,0.308071472581639,1.15013262599469,0.583175803402647,0.637028700056275
42579,rno-miR-193-5p,hsa-miR-193-5p,CROSS-SPECIES,rno_to_hsa_stem_homology,0.0111,0.161,1.0,-0.1994,UNCHANGED,GSE130387,Mus musculus (C57BL/6),Rattus norvegicus (rno-),EXPLORATORY_DESCRIPTIVE_ONLY_CROSS_SPECIES_n3vs3; pseudocount=1.0; filter: non-null in >=3 samples,,,0.011090573012939,,0.253308128544423,0.0686550365785031
42872,rno-miR-138-1-3p,hsa-miR-138-1-3p,CROSS-SPECIES,rno_to_hsa_stem_homology,0.3331,0.5348,1.0,-0.2032,UNCHANGED,GSE130387,Mus musculus (C57BL/6),Rattus norvegicus (rno-),EXPLORATORY_DESCRIPTIVE_ONLY_CROSS_SPECIES_n3vs3; pseudocount=1.0; filter: non-null in >=3 samples,0.107576633892423,0.258454106280193,0.63339494762785,0.143236074270557,0.80718336483932,0.653911086100169
11247,rno-miR-434-5p,hsa-miR-434-5p,CROSS-SPECIES,rno_to_hsa_stem_homology,0.0213,0.1781,1.0,-0.2061,UNCHANGED,GSE130387,Mus musculus (C57BL/6),Rattus norvegicus (rno-),EXPLORATORY_DESCRIPTIVE_ONLY_CROSS_SPECIES_n3vs3; pseudocount=1.0; filter: non-null in >=3 samples,0.0173510699826489,0.0144927536231884,0.0320394331484904,,0.274102079395085,0.0821609454136185
148175,rno-miR-1843-3p,hsa-miR-1843-3p,CROSS-SPECIES,rno_to_hsa_stem_homology,1.2209,1.567,1.0,-0.2089,UNCHANGED,GSE130387,Mus musculus (C57BL/6),Rattus norvegicus (rno-),EXPLORATORY_DESCRIPTIVE_ONLY_CROSS_SPECIES_n3vs3; pseudocount=1.0; filter: non-null in >=3 samples,1.00173510699827,1.25,1.41096734442391,1.44084880636605,1.34782608695652,1.91221159257175
42475,rno-miR-221-5p,hsa-miR-221-5p,CROSS-SPECIES,rno_to_hsa_stem_homology,0.3336,0.5414,1.0,-0.209,UNCHANGED,GSE130387,Mus musculus (C57BL/6),Rattus norvegicus (rno-),EXPLORATORY_DESCRIPTIVE_ONLY_CROSS_SPECIES_n3vs3; pseudocount=1.0; filter: non-null in >=3 samples,0.152689415847311,0.172705314009662,0.675292667898953,,1.01417769376181,0.0686550365785031
42724,rno-miR-34b-3p,hsa-miR-34b-3p,CROSS-SPECIES,rno_to_hsa_stem_homology,1.0245,1.3413,1.0,-0.2097,UNCHANGED,GSE130387,Mus musculus (C57BL/6),Rattus norvegicus (rno-),EXPLORATORY_DESCRIPTIVE_ONLY_CROSS_SPECIES_n3vs3; pseudocount=1.0; filter: non-null in >=3 samples,0.504337767495662,0.67512077294686,1.89402341343192,0.327851458885942,2.2069943289225,1.48902644907147
148056,rno-miR-299a-3p/rno-miR-299b-3p,hsa-miR-299a-3p/rno-miR-299b-3p,CROSS-SPECIES,rno_to_hsa_stem_homology,0.0613,0.2467,1.0,-0.2323,UNCHANGED,GSE130387,Mus musculus (C57BL/6),Rattus norvegicus (rno-),EXPLORATORY_DESCRIPTIVE_ONLY_CROSS_SPECIES_n3vs3; pseudocount=1.0; filter: non-null in >=3 samples,0.0659340659340659,,0.0566851509550216,,0.246691871455577,
11014,rno-miR-214-3p,hsa-miR-214-3p,CROSS-SPECIES,rno_to_hsa_stem_homology,1.4973,1.9573,1.0,-0.2439,UNCHANGED,GSE130387,Mus musculus (C57BL/6),Rattus norvegicus (rno-),EXPLORATORY_DESCRIPTIVE_ONLY_CROSS_SPECIES_n3vs3; pseudocount=1.0; filter: non-null in >=3 samples,0.454598033545402,1.86111111111111,2.1762168823167,1.05888594164456,2.64744801512287,2.16544738323016
11005,rno-miR-204-5p,hsa-miR-204-5p,CROSS-SPECIES,rno_to_hsa_stem_homology,0.518,0.8018,1.0,-0.2472,UNCHANGED,GSE130387,Mus musculus (C57BL/6),Rattus norvegicus (rno-),EXPLORATORY_DESCRIPTIVE_ONLY_CROSS_SPECIES_n3vs3; pseudocount=1.0; filter: non-null in >=3 samples,0.410641989589358,0.67512077294686,0.468268638324091,0.580371352785146,0.675803402646503,1.14912774338773
10919,rno-miR-103-3p,hsa-miR-103-3p,CROSS-SPECIES,rno_to_hsa_stem_homology,3.1338,3.9067,1.0,-0.2473,UNCHANGED,GSE130387,Mus musculus (C57BL/6),Rattus norvegicus (rno-),EXPLORATORY_DESCRIPTIVE_ONLY_CROSS_SPECIES_n3vs3; pseudocount=1.0; filter: non-null in >=3 samples,2.76576055523424,3.46497584541063,3.17067159581023,3.60106100795756,3.8241965973535,4.29487900956669
148012,rno-miR-203b-3p,hsa-miR-203b-3p,CROSS-SPECIES,rno_to_hsa_stem_homology,0.0099,0.1991,1.0,-0.2478,UNCHANGED,GSE130387,Mus musculus (C57BL/6),Rattus norvegicus (rno-),EXPLORATORY_DESCRIPTIVE_ONLY_CROSS_SPECIES_n3vs3; pseudocount=1.0; filter: non-null in >=3 samples,,,0.00985828712261245,,0.35538752362949,0.0427687113111987
42645,rno-miR-878,hsa-miR-878,CROSS-SPECIES,rno_to_hsa_stem_homology,0.4075,0.6739,1.0,-0.25,UNCHANGED,GSE130387,Mus musculus (C57BL/6),Rattus norvegicus (rno-),EXPLORATORY_DESCRIPTIVE_ONLY_CROSS_SPECIES_n3vs3; pseudocount=1.0; filter: non-null in >=3 samples,0.139965297860035,0.330917874396135,0.751694393099199,0.379840848806366,0.650283553875236,0.991558806978053
10995,rno-miR-199a-3p,hsa-miR-199a-3p,CROSS-SPECIES,rno_to_hsa_stem_homology,4.3252,5.3382,1.0,-0.2512,UNCHANGED,GSE130387,Mus musculus (C57BL/6),Rattus norvegicus (rno-),EXPLORATORY_DESCRIPTIVE_ONLY_CROSS_SPECIES_n3vs3; pseudocount=1.0; filter: non-null in >=3 samples,2.35396182764604,4.9987922705314,5.62292051756007,5.02705570291777,3.07183364839319,7.91558806978053
42592,rno-miR-338-3p,hsa-miR-338-3p,CROSS-SPECIES,rno_to_hsa_stem_homology,0.0092,0.2032,1.0,-0.2537,UNCHANGED,GSE130387,Mus musculus (C57BL/6),Rattus norvegicus (rno-),EXPLORATORY_DESCRIPTIVE_ONLY_CROSS_SPECIES_n3vs3; pseudocount=1.0; filter: non-null in >=3 samples,,0.00603864734299517,0.0123228589032656,0.0137931034482759,0.475425330812854,0.120427687113112
14328,rno-miR-124-3p,hsa-miR-124-3p,CROSS-SPECIES,rno_to_hsa_stem_homology,0.1188,0.3357,1.0,-0.2556,UNCHANGED,GSE130387,Mus musculus (C57BL/6),Rattus norvegicus (rno-),EXPLORATORY_DESCRIPTIVE_ONLY_CROSS_SPECIES_n3vs3; pseudocount=1.0; filter: non-null in >=3 samples,0.100636205899364,0.0229468599033816,0.232902033271719,,0.628544423440454,0.0427687113111987
42669,rno-miR-505-3p,hsa-miR-505-3p,CROSS-SPECIES,rno_to_hsa_stem_homology,0.3515,0.6148,1.0,-0.2568,UNCHANGED,GSE130387,Mus musculus (C57BL/6),Rattus norvegicus (rno-),EXPLORATORY_DESCRIPTIVE_ONLY_CROSS_SPECIES_n3vs3; pseudocount=1.0; filter: non-null in >=3 samples,0.285714285714286,0.48792270531401,0.280961182994455,0.677984084880637,0.504725897920605,0.661789532920653
18739,rno-miR-186-5p,hsa-miR-186-5p,CROSS-SPECIES,rno_to_hsa_stem_homology,0.5896,0.9086,1.0,-0.2639,UNCHANGED,GSE130387,Mus musculus (C57BL/6),Rattus norvegicus (rno-),EXPLORATORY_DESCRIPTIVE_ONLY_CROSS_SPECIES_n3vs3; pseudocount=1.0; filter: non-null in >=3 samples,0.684788895315211,0.745169082125604,0.338878619839803,1.07692307692308,0.595463137996219,1.053460889139
17478,rno-miR-429,hsa-miR-429,CROSS-SPECIES,rno_to_hsa_stem_homology,0.1555,0.3945,1.0,-0.2713,UNCHANGED,GSE130387,Mus musculus (C57BL/6),Rattus norvegicus (rno-),EXPLORATORY_DESCRIPTIVE_ONLY_CROSS_SPECIES_n3vs3; pseudocount=1.0; filter: non-null in >=3 samples,0.0694042799305957,0.241545893719807,,0.514588859416446,0.286389413988658,0.382667416994935
148271,rno-miR-328b-3p,hsa-miR-328b-3p,CROSS-SPECIES,rno_to_hsa_stem_homology,0.2955,0.5702,1.0,-0.2774,UNCHANGED,GSE130387,Mus musculus (C57BL/6),Rattus norvegicus (rno-),EXPLORATORY_DESCRIPTIVE_ONLY_CROSS_SPECIES_n3vs3; pseudocount=1.0; filter: non-null in >=3 samples,0.396761133603239,0.334541062801932,0.155268022181146,0.723607427055703,0.354442344045369,0.63252673044457
4700,rno-miR-140-5p,hsa-miR-140-5p,CROSS-SPECIES,rno_to_hsa_stem_homology,0.981,1.4072,1.0,-0.2811,UNCHANGED,GSE130387,Mus musculus (C57BL/6),Rattus norvegicus (rno-),EXPLORATORY_DESCRIPTIVE_ONLY_CROSS_SPECIES_n3vs3; pseudocount=1.0; filter: non-null in >=3 samples,0.816657027183343,1.18478260869565,0.941466420209489,1.44615384615385,1.26275992438563,1.51266178953292
17752,rno-let-7f-5p,hsa-let-7f-5p,CROSS-SPECIES,rno_to_hsa_stem_homology,3.2871,4.2113,1.0,-0.2816,UNCHANGED,GSE130387,Mus musculus (C57BL/6),Rattus norvegicus (rno-),EXPLORATORY_DESCRIPTIVE_ONLY_CROSS_SPECIES_n3vs3; pseudocount=1.0; filter: non-null in >=3 samples,1.83458646616541,4.32004830917874,3.70671595810228,4.63872679045093,2.44990548204159,5.54530106921778
14313,rno-miR-499-5p,hsa-miR-499-5p,CROSS-SPECIES,rno_to_hsa_stem_homology,0.0844,0.3188,1.0,-0.2823,UNCHANGED,GSE130387,Mus musculus (C57BL/6),Rattus norvegicus (rno-),EXPLORATORY_DESCRIPTIVE_ONLY_CROSS_SPECIES_n3vs3; pseudocount=1.0; filter: non-null in >=3 samples,0.0416425679583574,0.134057971014493,0.077634011090573,0.0827586206896552,0.552930056710775,0.32076533483399
42739,rno-miR-339-5p,hsa-miR-339-5p,CROSS-SPECIES,rno_to_hsa_stem_homology,0.3139,0.5991,1.0,-0.2834,UNCHANGED,GSE130387,Mus musculus (C57BL/6),Rattus norvegicus (rno-),EXPLORATORY_DESCRIPTIVE_ONLY_CROSS_SPECIES_n3vs3; pseudocount=1.0; filter: non-null in >=3 samples,0.208212839791787,0.347826086956522,0.385705483672212,0.29920424403183,0.848771266540643,0.649409116488464
29562,rno-miR-199a-5p,hsa-miR-199a-5p,CROSS-SPECIES,rno_to_hsa_stem_homology,9.9578,12.3441,1.0,-0.2842,UNCHANGED,GSE130387,Mus musculus (C57BL/6),Rattus norvegicus (rno-),EXPLORATORY_DESCRIPTIVE_ONLY_CROSS_SPECIES_n3vs3; pseudocount=1.0; filter: non-null in >=3 samples,7.13707345286293,12.2705314009662,10.4658040665434,13.7039787798408,6.75330812854442,16.5751266178953
11018,rno-miR-218a-5p,hsa-miR-218a-5p,CROSS-SPECIES,rno_to_hsa_stem_homology,0.6002,0.9496,1.0,-0.2849,UNCHANGED,GSE130387,Mus musculus (C57BL/6),Rattus norvegicus (rno-),EXPLORATORY_DESCRIPTIVE_ONLY_CROSS_SPECIES_n3vs3; pseudocount=1.0; filter: non-null in >=3 samples,0.328513591671486,0.867149758454106,0.605052372150339,0.610079575596817,1.26748582230624,0.97129994372538
145636,rno-miR-181d-5p,hsa-miR-181d-5p,CROSS-SPECIES,rno_to_hsa_stem_homology,0.4181,0.7277,1.0,-0.2849,UNCHANGED,GSE130387,Mus musculus (C57BL/6),Rattus norvegicus (rno-),EXPLORATORY_DESCRIPTIVE_ONLY_CROSS_SPECIES_n3vs3; pseudocount=1.0; filter: non-null in >=3 samples,0.358588779641411,0.614734299516908,0.280961182994455,0.779840848806366,0.697542533081285,0.705683736634778
146049,rno-miR-28-5p,hsa-miR-28-5p,CROSS-SPECIES,rno_to_hsa_stem_homology,0.1756,0.4329,1.0,-0.2856,UNCHANGED,GSE130387,Mus musculus (C57BL/6),Rattus norvegicus (rno-),EXPLORATORY_DESCRIPTIVE_ONLY_CROSS_SPECIES_n3vs3; pseudocount=1.0; filter: non-null in >=3 samples,0.0844418739155581,0.243961352657005,0.198398028342575,0.374535809018568,0.523629489603025,0.400675295441756
30687,rno-miR-93-5p,hsa-miR-93-5p,CROSS-SPECIES,rno_to_hsa_stem_homology,0.4354,0.7524,1.0,-0.2879,UNCHANGED,GSE130387,Mus musculus (C57BL/6),Rattus norvegicus (rno-),EXPLORATORY_DESCRIPTIVE_ONLY_CROSS_SPECIES_n3vs3; pseudocount=1.0; filter: non-null in >=3 samples,0.347021399652979,0.63768115942029,0.321626617375231,0.493368700265252,0.965973534971645,0.797974113674733
145677,rno-miR-139-5p,hsa-miR-139-5p,CROSS-SPECIES,rno_to_hsa_stem_homology,0.0713,0.3123,1.0,-0.2927,UNCHANGED,GSE130387,Mus musculus (C57BL/6),Rattus norvegicus (rno-),EXPLORATORY_DESCRIPTIVE_ONLY_CROSS_SPECIES_n3vs3; pseudocount=1.0; filter: non-null in >=3 samples,0.0427993059572007,0.0628019323671498,0.108441158348737,0.105039787798408,0.571833648393195,0.259988745075971
145746,rno-let-7i-3p,hsa-let-7i-3p,CROSS-SPECIES,rno_to_hsa_stem_homology,0.3149,0.6129,1.0,-0.2946,UNCHANGED,GSE130387,Mus musculus (C57BL/6),Rattus norvegicus (rno-),EXPLORATORY_DESCRIPTIVE_ONLY_CROSS_SPECIES_n3vs3; pseudocount=1.0; filter: non-null in >=3 samples,0.227877385772123,0.3743961352657,0.342575477510782,0.612201591511936,0.662570888468809,0.563871693866066
10967,rno-miR-16-5p,hsa-miR-16-5p,CROSS-SPECIES,rno_to_hsa_stem_homology,6.4368,8.137,1.0,-0.297,UNCHANGED,GSE130387,Mus musculus (C57BL/6),Rattus norvegicus (rno-),EXPLORATORY_DESCRIPTIVE_ONLY_CROSS_SPECIES_n3vs3; pseudocount=1.0; filter: non-null in >=3 samples,3.89473684210526,7.64734299516908,7.76833025261861,7.78355437665782,4.51701323251418,12.1102982554868
42670,rno-miR-500-3p,hsa-miR-500-3p,CROSS-SPECIES,rno_to_hsa_stem_homology,0.9146,1.3527,1.0,-0.2973,UNCHANGED,GSE130387,Mus musculus (C57BL/6),Rattus norvegicus (rno-),EXPLORATORY_DESCRIPTIVE_ONLY_CROSS_SPECIES_n3vs3; pseudocount=1.0; filter: non-null in >=3 samples,0.821283979178716,1.14734299516908,0.775107825015404,1.31564986737401,1.18809073724008,1.55430500844119
46917,rno-miR-205,hsa-miR-205,CROSS-SPECIES,rno_to_hsa_stem_homology,0.4205,0.7507,1.0,-0.3015,UNCHANGED,GSE130387,Mus musculus (C57BL/6),Rattus norvegicus (rno-),EXPLORATORY_DESCRIPTIVE_ONLY_CROSS_SPECIES_n3vs3; pseudocount=1.0; filter: non-null in >=3 samples,0.64545980335454,0.253623188405797,0.362292051756007,0.125198938992042,1.43572778827977,0.691052335396736
145678,rno-miR-150-5p,hsa-miR-150-5p,CROSS-SPECIES,rno_to_hsa_stem_homology,0.6288,1.011,1.0,-0.304,UNCHANGED,GSE130387,Mus musculus (C57BL/6),Rattus norvegicus (rno-),EXPLORATORY_DESCRIPTIVE_ONLY_CROSS_SPECIES_n3vs3; pseudocount=1.0; filter: non-null in >=3 samples,0.608444187391556,0.595410628019324,0.682686383240912,0.463660477453581,1.70037807183365,0.868880135059088
11182,rno-miR-98-5p,hsa-miR-98-5p,CROSS-SPECIES,rno_to_hsa_stem_homology,4.5257,5.8223,1.0,-0.3041,UNCHANGED,GSE130387,Mus musculus (C57BL/6),Rattus norvegicus (rno-),EXPLORATORY_DESCRIPTIVE_ONLY_CROSS_SPECIES_n3vs3; pseudocount=1.0; filter: non-null in >=3 samples,3.15905147484095,5.5024154589372,4.91558841651263,6.25888594164456,4.06899810964083,7.1389983117614
13143,rno-miR-301a-3p,hsa-miR-301a-3p,CROSS-SPECIES,rno_to_hsa_stem_homology,0.4605,0.8159,1.0,-0.3142,UNCHANGED,GSE130387,Mus musculus (C57BL/6),Rattus norvegicus (rno-),EXPLORATORY_DESCRIPTIVE_ONLY_CROSS_SPECIES_n3vs3; pseudocount=1.0; filter: non-null in >=3 samples,0.200115673799884,0.684782608695652,0.496611213801602,0.290716180371353,1.39603024574669,0.760832864378165
19595,rno-miR-30a-3p,hsa-miR-30a-3p,CROSS-SPECIES,rno_to_hsa_stem_homology,0.1432,0.4404,1.0,-0.3334,UNCHANGED,GSE130387,Mus musculus (C57BL/6),Rattus norvegicus (rno-),EXPLORATORY_DESCRIPTIVE_ONLY_CROSS_SPECIES_n3vs3; pseudocount=1.0; filter: non-null in >=3 samples,0.0682475419317525,0.234299516908213,0.126925446703635,0.327851458885942,0.568998109640832,0.424310635903208
145701,rno-miR-668,hsa-miR-668,CROSS-SPECIES,rno_to_hsa_stem_homology,0.285,0.6198,1.0,-0.3341,UNCHANGED,GSE130387,Mus musculus (C57BL/6),Rattus norvegicus (rno-),EXPLORATORY_DESCRIPTIVE_ONLY_CROSS_SPECIES_n3vs3; pseudocount=1.0; filter: non-null in >=3 samples,0.241758241758242,0.141304347826087,0.471965495995071,0.159151193633952,1.47637051039698,0.22397298818233
42630,rno-miR-140-3p,hsa-miR-140-3p,CROSS-SPECIES,rno_to_hsa_stem_homology,1.2706,1.8669,1.0,-0.3365,UNCHANGED,GSE130387,Mus musculus (C57BL/6),Rattus norvegicus (rno-),EXPLORATORY_DESCRIPTIVE_ONLY_CROSS_SPECIES_n3vs3; pseudocount=1.0; filter: non-null in >=3 samples,1.33487565066512,1.63888888888889,0.837954405422058,1.53103448275862,1.97637051039698,2.09341586944288
42829,rno-miR-127-3p,hsa-miR-127-3p,CROSS-SPECIES,rno_to_hsa_stem_homology,2.0903,2.9244,1.0,-0.3447,UNCHANGED,GSE130387,Mus musculus (C57BL/6),Rattus norvegicus (rno-),EXPLORATORY_DESCRIPTIVE_ONLY_CROSS_SPECIES_n3vs3; pseudocount=1.0; filter: non-null in >=3 samples,2.50086755349913,1.97584541062802,1.79420825631547,5.28488063660477,1.11814744801512,2.37028700056275
11092,rno-miR-378a-5p,hsa-miR-378a-5p,CROSS-SPECIES,rno_to_hsa_stem_homology,0.0771,0.3749,1.0,-0.3521,UNCHANGED,GSE130387,Mus musculus (C57BL/6),Rattus norvegicus (rno-),EXPLORATORY_DESCRIPTIVE_ONLY_CROSS_SPECIES_n3vs3; pseudocount=1.0; filter: non-null in >=3 samples,0.0335454019664546,0.0253623188405797,0.172520024645718,,0.494328922495274,0.255486775464266
11246,rno-miR-434-3p,hsa-miR-434-3p,CROSS-SPECIES,rno_to_hsa_stem_homology,0.233,0.5758,1.0,-0.3539,UNCHANGED,GSE130387,Mus musculus (C57BL/6),Rattus norvegicus (rno-),EXPLORATORY_DESCRIPTIVE_ONLY_CROSS_SPECIES_n3vs3; pseudocount=1.0; filter: non-null in >=3 samples,0.0960092539039907,0.278985507246377,0.324091189155884,0.405305039787798,0.868620037807183,0.453573438379291
19582,rno-miR-106b-5p,hsa-miR-106b-5p,CROSS-SPECIES,rno_to_hsa_stem_homology,0.8406,1.3528,1.0,-0.3542,UNCHANGED,GSE130387,Mus musculus (C57BL/6),Rattus norvegicus (rno-),EXPLORATORY_DESCRIPTIVE_ONLY_CROSS_SPECIES_n3vs3; pseudocount=1.0; filter: non-null in >=3 samples,0.488143435511857,1.01086956521739,1.02279728897104,0.731034482758621,1.73251417769376,1.59482273494654
42864,rno-miR-743b-3p,hsa-miR-743b-3p,CROSS-SPECIES,rno_to_hsa_stem_homology,1.2162,1.8546,1.0,-0.3652,UNCHANGED,GSE130387,Mus musculus (C57BL/6),Rattus norvegicus (rno-),EXPLORATORY_DESCRIPTIVE_ONLY_CROSS_SPECIES_n3vs3; pseudocount=1.0; filter: non-null in >=3 samples,0.362058993637941,0.847826086956522,2.43869377695625,1.16286472148541,2.51228733459357,1.8885762521103
42702,rno-miR-30c-1-3p,hsa-miR-30c-1-3p,CROSS-SPECIES,rno_to_hsa_stem_homology,3.2324,4.4599,1.0,-0.3674,UNCHANGED,GSE130387,Mus musculus (C57BL/6),Rattus norvegicus (rno-),EXPLORATORY_DESCRIPTIVE_ONLY_CROSS_SPECIES_n3vs3; pseudocount=1.0; filter: non-null in >=3 samples,6.60844418739156,2.27536231884058,0.813308687615527,11.1002652519894,0.429111531190926,1.8503095104108
42682,rno-miR-25-3p,hsa-miR-25-3p,CROSS-SPECIES,rno_to_hsa_stem_homology,0.6726,1.1762,1.0,-0.3797,UNCHANGED,GSE130387,Mus musculus (C57BL/6),Rattus norvegicus (rno-),EXPLORATORY_DESCRIPTIVE_ONLY_CROSS_SPECIES_n3vs3; pseudocount=1.0; filter: non-null in >=3 samples,0.517061885482938,0.914251207729469,0.586568083795441,0.889124668435013,1.04347826086957,1.59594822734947
10946,rno-miR-141-3p,hsa-miR-141-3p,CROSS-SPECIES,rno_to_hsa_stem_homology,0.197,0.5744,1.0,-0.3954,UNCHANGED,GSE130387,Mus musculus (C57BL/6),Rattus norvegicus (rno-),EXPLORATORY_DESCRIPTIVE_ONLY_CROSS_SPECIES_n3vs3; pseudocount=1.0; filter: non-null in >=3 samples,0.0520532099479468,0.467391304347826,0.0714725816389402,0.813793103448276,0.371455576559546,0.537985368598762
46467,rno-miR-143-5p,hsa-miR-143-5p,CROSS-SPECIES,rno_to_hsa_stem_homology,0.0856,0.4327,1.0,-0.4003,UNCHANGED,GSE130387,Mus musculus (C57BL/6),Rattus norvegicus (rno-),EXPLORATORY_DESCRIPTIVE_ONLY_CROSS_SPECIES_n3vs3; pseudocount=1.0; filter: non-null in >=3 samples,0.134181607865818,0.0966183574879227,0.0258780036968577,0.444562334217507,0.446124763705104,0.407428249859313
9938,rno-let-7i-5p,hsa-let-7i-5p,CROSS-SPECIES,rno_to_hsa_stem_homology,3.8601,5.4242,1.0,-0.4025,UNCHANGED,GSE130387,Mus musculus (C57BL/6),Rattus norvegicus (rno-),EXPLORATORY_DESCRIPTIVE_ONLY_CROSS_SPECIES_n3vs3; pseudocount=1.0; filter: non-null in >=3 samples,2.36784268363216,5.33212560386473,3.88046826863832,5.04827586206897,3.41776937618147,7.80641530669668
145742,rno-miR-935,hsa-miR-935,CROSS-SPECIES,rno_to_hsa_stem_homology,0.0157,0.344,1.0,-0.4041,UNCHANGED,GSE130387,Mus musculus (C57BL/6),Rattus norvegicus (rno-),EXPLORATORY_DESCRIPTIVE_ONLY_CROSS_SPECIES_n3vs3; pseudocount=1.0; filter: non-null in >=3 samples,0.0104106419895894,,0.0209488601355514,,0.344045368620038,
27217,rno-miR-34a-5p,hsa-miR-34a-5p,CROSS-SPECIES,rno_to_hsa_stem_homology,0.7065,1.2676,1.0,-0.4102,UNCHANGED,GSE130387,Mus musculus (C57BL/6),Rattus norvegicus (rno-),EXPLORATORY_DESCRIPTIVE_ONLY_CROSS_SPECIES_n3vs3; pseudocount=1.0; filter: non-null in >=3 samples,0.208212839791787,0.491545893719807,1.41959334565619,0.273740053050398,1.99054820415879,1.53854811480023
145638,rno-miR-29a-5p,hsa-miR-29a-5p,CROSS-SPECIES,rno_to_hsa_stem_homology,0.9828,1.6371,1.0,-0.4114,UNCHANGED,GSE130387,Mus musculus (C57BL/6),Rattus norvegicus (rno-),EXPLORATORY_DESCRIPTIVE_ONLY_CROSS_SPECIES_n3vs3; pseudocount=1.0; filter: non-null in >=3 samples,0.958935801041064,1.54468599033816,0.444855206407887,1.64774535809019,2.03780718336484,1.22566122678672
11023,rno-miR-222-3p,hsa-miR-222-3p,CROSS-SPECIES,rno_to_hsa_stem_homology,3.4944,5.0418,1.0,-0.4268,UNCHANGED,GSE130387,Mus musculus (C57BL/6),Rattus norvegicus (rno-),EXPLORATORY_DESCRIPTIVE_ONLY_CROSS_SPECIES_n3vs3; pseudocount=1.0; filter: non-null in >=3 samples,3.47252747252747,4.77657004830918,2.23413431916205,5.80901856763926,2.91682419659735,6.39954980303883
145846,rno-let-7e-5p,hsa-let-7e-5p,CROSS-SPECIES,rno_to_hsa_stem_homology,4.6509,6.5969,1.0,-0.4269,UNCHANGED,GSE130387,Mus musculus (C57BL/6),Rattus norvegicus (rno-),EXPLORATORY_DESCRIPTIVE_ONLY_CROSS_SPECIES_n3vs3; pseudocount=1.0; filter: non-null in >=3 samples,5.1417004048583,5.20652173913043,3.60443622920518,5.80583554376658,6.97637051039698,7.00844119302195
19585,rno-miR-148b-3p,hsa-miR-148b-3p,CROSS-SPECIES,rno_to_hsa_stem_homology,0.5312,1.0896,1.0,-0.4486,UNCHANGED,GSE130387,Mus musculus (C57BL/6),Rattus norvegicus (rno-),EXPLORATORY_DESCRIPTIVE_ONLY_CROSS_SPECIES_n3vs3; pseudocount=1.0; filter: non-null in >=3 samples,0.21631000578369,0.692028985507246,0.685150955021565,0.611140583554377,1.64933837429112,1.00844119302195
145820,rno-let-7c-5p,hsa-let-7c-5p,CROSS-SPECIES,rno_to_hsa_stem_homology,7.8266,11.1158,1.0,-0.457,UNCHANGED,GSE130387,Mus musculus (C57BL/6),Rattus norvegicus (rno-),EXPLORATORY_DESCRIPTIVE_ONLY_CROSS_SPECIES_n3vs3; pseudocount=1.0; filter: non-null in >=3 samples,6.53788316946212,10.3478260869565,6.5939617991374,15.2912466843501,5.18052930056711,12.8756330894766
10998,rno-miR-19b-3p,hsa-miR-19b-3p,CROSS-SPECIES,rno_to_hsa_stem_homology,0.9288,1.6701,1.0,-0.4692,UNCHANGED,GSE130387,Mus musculus (C57BL/6),Rattus norvegicus (rno-),EXPLORATORY_DESCRIPTIVE_ONLY_CROSS_SPECIES_n3vs3; pseudocount=1.0; filter: non-null in >=3 samples,0.300751879699248,1.08333333333333,1.40234134319162,0.538992042440318,2.29678638941399,2.17445132245357
10943,rno-miR-136-5p,hsa-miR-136-5p,CROSS-SPECIES,rno_to_hsa_stem_homology,0.8558,1.5867,1.0,-0.4791,UNCHANGED,GSE130387,Mus musculus (C57BL/6),Rattus norvegicus (rno-),EXPLORATORY_DESCRIPTIVE_ONLY_CROSS_SPECIES_n3vs3; pseudocount=1.0; filter: non-null in >=3 samples,0.53903990746096,1.27777777777778,0.750462107208872,1.39310344827586,1.57183364839319,1.79516038266742
147186,rno-miR-200b-3p,hsa-miR-200b-3p,CROSS-SPECIES,rno_to_hsa_stem_homology,0.4355,1.0077,1.0,-0.4841,UNCHANGED,GSE130387,Mus musculus (C57BL/6),Rattus norvegicus (rno-),EXPLORATORY_DESCRIPTIVE_ONLY_CROSS_SPECIES_n3vs3; pseudocount=1.0; filter: non-null in >=3 samples,0.453441295546559,0.658212560386473,0.194701170671596,1.34323607427056,0.709829867674858,0.970174451322454
145968,rno-let-7d-5p,hsa-let-7d-5p,CROSS-SPECIES,rno_to_hsa_stem_homology,3.4594,5.2585,1.0,-0.489,UNCHANGED,GSE130387,Mus musculus (C57BL/6),Rattus norvegicus (rno-),EXPLORATORY_DESCRIPTIVE_ONLY_CROSS_SPECIES_n3vs3; pseudocount=1.0; filter: non-null in >=3 samples,2.03817235396183,4.42753623188406,3.91250770178681,5.79522546419098,3.17202268431002,6.80810354530107
27533,rno-miR-320-3p,hsa-miR-320-3p,CROSS-SPECIES,rno_to_hsa_stem_homology,1.6183,2.6816,1.0,-0.4917,UNCHANGED,GSE130387,Mus musculus (C57BL/6),Rattus norvegicus (rno-),EXPLORATORY_DESCRIPTIVE_ONLY_CROSS_SPECIES_n3vs3; pseudocount=1.0; filter: non-null in >=3 samples,2.2567958357432,2.16666666666667,0.431300061614295,3.8026525198939,1.93950850661626,2.30275745638717
147162,rno-let-7a-5p,hsa-let-7a-5p,CROSS-SPECIES,rno_to_hsa_stem_homology,5.9325,8.8131,1.0,-0.5013,UNCHANGED,GSE130387,Mus musculus (C57BL/6),Rattus norvegicus (rno-),EXPLORATORY_DESCRIPTIVE_ONLY_CROSS_SPECIES_n3vs3; pseudocount=1.0; filter: non-null in >=3 samples,3.1764025448236,8.29468599033816,6.32655576093654,10.2355437665783,4.58412098298677,11.6195835678109
148391,rno-miR-3068-5p,hsa-miR-3068-5p,CROSS-SPECIES,rno_to_hsa_stem_homology,0.1754,0.6689,1.0,-0.5057,UNCHANGED,GSE130387,Mus musculus (C57BL/6),Rattus norvegicus (rno-),EXPLORATORY_DESCRIPTIVE_ONLY_CROSS_SPECIES_n3vs3; pseudocount=1.0; filter: non-null in >=3 samples,0.048582995951417,0.323671497584541,0.154035736290819,0.302387267904509,1.01890359168242,0.685424873382105
42823,rno-miR-27b-5p,hsa-miR-27b-5p,CROSS-SPECIES,rno_to_hsa_stem_homology,0.0502,0.4953,1.0,-0.5098,UNCHANGED,GSE130387,Mus musculus (C57BL/6),Rattus norvegicus (rno-),EXPLORATORY_DESCRIPTIVE_ONLY_CROSS_SPECIES_n3vs3; pseudocount=1.0; filter: non-null in >=3 samples,0.0289184499710816,,0.0714725816389402,,0.495274102079395,
46483,rno-miR-27a-3p,hsa-miR-27a-3p,CROSS-SPECIES,rno_to_hsa_stem_homology,3.0282,4.7371,1.0,-0.5102,UNCHANGED,GSE130387,Mus musculus (C57BL/6),Rattus norvegicus (rno-),EXPLORATORY_DESCRIPTIVE_ONLY_CROSS_SPECIES_n3vs3; pseudocount=1.0; filter: non-null in >=3 samples,1.64488143435512,3.43357487922705,4.00616142945163,5.84933687002653,2.53875236294896,5.82329769274057
31867,rno-miR-145-3p,hsa-miR-145-3p,CROSS-SPECIES,rno_to_hsa_stem_homology,0.5289,1.1814,1.0,-0.5127,UNCHANGED,GSE130387,Mus musculus (C57BL/6),Rattus norvegicus (rno-),EXPLORATORY_DESCRIPTIVE_ONLY_CROSS_SPECIES_n3vs3; pseudocount=1.0; filter: non-null in >=3 samples,0.631578947368421,0.53743961352657,0.417744916820702,0.944297082228117,1.45746691871456,1.14237478897017
145859,rno-miR-33-5p,hsa-miR-33-5p,CROSS-SPECIES,rno_to_hsa_stem_homology,0.5449,1.2172,1.0,-0.5212,UNCHANGED,GSE130387,Mus musculus (C57BL/6),Rattus norvegicus (rno-),EXPLORATORY_DESCRIPTIVE_ONLY_CROSS_SPECIES_n3vs3; pseudocount=1.0; filter: non-null in >=3 samples,0.0890688259109312,0.521739130434783,1.02402957486137,0.461538461538462,2.39319470699433,0.796848621271806
33596,rno-miR-126a-5p,hsa-miR-126a-5p,CROSS-SPECIES,rno_to_hsa_stem_homology,1.0,1.8974,1.0,-0.5347,UNCHANGED,GSE130387,Mus musculus (C57BL/6),Rattus norvegicus (rno-),EXPLORATORY_DESCRIPTIVE_ONLY_CROSS_SPECIES_n3vs3; pseudocount=1.0; filter: non-null in >=3 samples,0.998264893001735,0.942028985507246,1.05976586568084,1.21803713527851,1.69187145557656,2.78221722003376
10138,rno-miR-130a-3p,hsa-miR-130a-3p,CROSS-SPECIES,rno_to_hsa_stem_homology,5.4122,8.3709,1.0,-0.5474,UNCHANGED,GSE130387,Mus musculus (C57BL/6),Rattus norvegicus (rno-),EXPLORATORY_DESCRIPTIVE_ONLY_CROSS_SPECIES_n3vs3; pseudocount=1.0; filter: non-null in >=3 samples,3.6657027183343,7.79468599033816,4.77634011090573,9.50344827586207,6.10207939508507,9.50703432751829
42847,rno-miR-497-5p,hsa-miR-497-5p,CROSS-SPECIES,rno_to_hsa_stem_homology,1.2253,2.2573,1.0,-0.5496,UNCHANGED,GSE130387,Mus musculus (C57BL/6),Rattus norvegicus (rno-),EXPLORATORY_DESCRIPTIVE_ONLY_CROSS_SPECIES_n3vs3; pseudocount=1.0; filter: non-null in >=3 samples,0.565644881434355,1.69202898550725,1.41836105976587,1.71034482758621,2.11153119092628,2.94991558806978
42827,rno-miR-652-3p,hsa-miR-652-3p,CROSS-SPECIES,rno_to_hsa_stem_homology,0.6704,1.451,1.0,-0.5531,UNCHANGED,GSE130387,Mus musculus (C57BL/6),Rattus norvegicus (rno-),EXPLORATORY_DESCRIPTIVE_ONLY_CROSS_SPECIES_n3vs3; pseudocount=1.0; filter: non-null in >=3 samples,0.328513591671486,1.17753623188406,0.505237215033888,1.12042440318302,1.62759924385633,1.60495216657288
42865,rno-miR-181a-5p,hsa-miR-181a-5p,CROSS-SPECIES,rno_to_hsa_stem_homology,4.6319,7.2687,1.0,-0.5541,UNCHANGED,GSE130387,Mus musculus (C57BL/6),Rattus norvegicus (rno-),EXPLORATORY_DESCRIPTIVE_ONLY_CROSS_SPECIES_n3vs3; pseudocount=1.0; filter: non-null in >=3 samples,4.08444187391556,6.743961352657,3.0671595810228,9.83978779840849,4.99054820415879,6.97580191333708
42950,rno-miR-24-2-5p,hsa-miR-24-2-5p,CROSS-SPECIES,rno_to_hsa_stem_homology,1.0214,1.987,1.0,-0.5633,UNCHANGED,GSE130387,Mus musculus (C57BL/6),Rattus norvegicus (rno-),EXPLORATORY_DESCRIPTIVE_ONLY_CROSS_SPECIES_n3vs3; pseudocount=1.0; filter: non-null in >=3 samples,0.790052053209948,1.60265700483092,0.671595810227973,1.91618037135279,1.74102079395085,2.3038829487901
147199,rno-miR-27b-3p,hsa-miR-27b-3p,CROSS-SPECIES,rno_to_hsa_stem_homology,2.7855,4.7918,1.0,-0.6135,UNCHANGED,GSE130387,Mus musculus (C57BL/6),Rattus norvegicus (rno-),EXPLORATORY_DESCRIPTIVE_ONLY_CROSS_SPECIES_n3vs3; pseudocount=1.0; filter: non-null in >=3 samples,1.61133603238866,3.65700483091787,3.08810844115835,4.6132625994695,3.84310018903592,5.91896454698931
11004,rno-miR-203a-3p,hsa-miR-203a-3p,CROSS-SPECIES,rno_to_hsa_stem_homology,0.1785,0.8135,1.0,-0.6218,UNCHANGED,GSE130387,Mus musculus (C57BL/6),Rattus norvegicus (rno-),EXPLORATORY_DESCRIPTIVE_ONLY_CROSS_SPECIES_n3vs3; pseudocount=1.0; filter: non-null in >=3 samples,0.196645459803355,0.184782608695652,0.154035736290819,0.154907161803714,1.43572778827977,0.849746764209342
19596,rno-miR-30d-5p,hsa-miR-30d-5p,CROSS-SPECIES,rno_to_hsa_stem_homology,2.1182,3.8088,1.0,-0.625,UNCHANGED,GSE130387,Mus musculus (C57BL/6),Rattus norvegicus (rno-),EXPLORATORY_DESCRIPTIVE_ONLY_CROSS_SPECIES_n3vs3; pseudocount=1.0; filter: non-null in >=3 samples,2.00925390399075,2.83695652173913,1.5083179297597,4.6790450928382,2.40737240075614,4.33989870568374
17506,rno-miR-24-3p,hsa-miR-24-3p,CROSS-SPECIES,rno_to_hsa_stem_homology,5.3981,8.8928,1.0,-0.6287,UNCHANGED,GSE130387,Mus musculus (C57BL/6),Rattus norvegicus (rno-),EXPLORATORY_DESCRIPTIVE_ONLY_CROSS_SPECIES_n3vs3; pseudocount=1.0; filter: non-null in >=3 samples,2.76229034123771,7.8780193236715,5.55391250770179,8.57931034482759,6.6304347826087,11.4687675858188
17676,rno-miR-152-3p,hsa-miR-152-3p,CROSS-SPECIES,rno_to_hsa_stem_homology,2.1413,3.8603,1.0,-0.6297,UNCHANGED,GSE130387,Mus musculus (C57BL/6),Rattus norvegicus (rno-),EXPLORATORY_DESCRIPTIVE_ONLY_CROSS_SPECIES_n3vs3; pseudocount=1.0; filter: non-null in >=3 samples,1.32909196067091,2.94806763285024,2.14664202094886,2.79151193633952,4.38185255198488,4.40742824985931
145676,rno-miR-30e-3p,hsa-miR-30e-3p,CROSS-SPECIES,rno_to_hsa_stem_homology,1.0344,2.1569,1.0,-0.6339,UNCHANGED,GSE130387,Mus musculus (C57BL/6),Rattus norvegicus (rno-),EXPLORATORY_DESCRIPTIVE_ONLY_CROSS_SPECIES_n3vs3; pseudocount=1.0; filter: non-null in >=3 samples,0.835164835164835,1.42753623188406,0.840418977202711,1.55225464190981,2.70226843100189,2.21609454136185
147165,rno-let-7b-5p,hsa-let-7b-5p,CROSS-SPECIES,rno_to_hsa_stem_homology,6.0789,10.0845,1.0,-0.6469,UNCHANGED,GSE130387,Mus musculus (C57BL/6),Rattus norvegicus (rno-),EXPLORATORY_DESCRIPTIVE_ONLY_CROSS_SPECIES_n3vs3; pseudocount=1.0; filter: non-null in >=3 samples,5.60092539039908,7.64371980676329,4.99199014171288,9.79098143236074,6.40170132325142,14.060776589758
148098,rno-miR-374-5p,hsa-miR-374-5p,CROSS-SPECIES,rno_to_hsa_stem_homology,1.1568,2.4147,1.0,-0.6629,UNCHANGED,GSE130387,Mus musculus (C57BL/6),Rattus norvegicus (rno-),EXPLORATORY_DESCRIPTIVE_ONLY_CROSS_SPECIES_n3vs3; pseudocount=1.0; filter: non-null in >=3 samples,1.08502024291498,1.65338164251208,0.731977818853974,2.45092838196286,2.18998109640832,2.60326392796849
145943,rno-miR-100-5p,hsa-miR-100-5p,CROSS-SPECIES,rno_to_hsa_stem_homology,1.6534,3.2043,1.0,-0.6641,UNCHANGED,GSE130387,Mus musculus (C57BL/6),Rattus norvegicus (rno-),EXPLORATORY_DESCRIPTIVE_ONLY_CROSS_SPECIES_n3vs3; pseudocount=1.0; filter: non-null in >=3 samples,1.39502602660497,2.48067632850242,1.08441158348737,3.51511936339523,2.0,4.09791783905459
11020,rno-miR-22-3p,hsa-miR-22-3p,CROSS-SPECIES,rno_to_hsa_stem_homology,15.6298,25.3722,1.0,-0.6653,UNCHANGED,GSE130387,Mus musculus (C57BL/6),Rattus norvegicus (rno-),EXPLORATORY_DESCRIPTIVE_ONLY_CROSS_SPECIES_n3vs3; pseudocount=1.0; filter: non-null in >=3 samples,14.4233661075766,23.5700483091787,8.89587184226741,33.8503978779841,12.3383742911153,29.9279684862127
28191,rno-miR-30e-5p,hsa-miR-30e-5p,CROSS-SPECIES,rno_to_hsa_stem_homology,5.094,8.7547,1.0,-0.6787,UNCHANGED,GSE130387,Mus musculus (C57BL/6),Rattus norvegicus (rno-),EXPLORATORY_DESCRIPTIVE_ONLY_CROSS_SPECIES_n3vs3; pseudocount=1.0; filter: non-null in >=3 samples,4.01619433198381,7.08574879227053,4.17991373998768,9.93527851458886,5.66257088846881,10.6662915025324
29190,rno-miR-708-5p,hsa-miR-708-5p,CROSS-SPECIES,rno_to_hsa_stem_homology,0.2857,1.07,1.0,-0.6871,UNCHANGED,GSE130387,Mus musculus (C57BL/6),Rattus norvegicus (rno-),EXPLORATORY_DESCRIPTIVE_ONLY_CROSS_SPECIES_n3vs3; pseudocount=1.0; filter: non-null in >=3 samples,0.486986697513013,0.167874396135266,0.202094886013555,0.572944297082228,1.78166351606805,0.855374226223973
42708,rno-miR-99a-5p,hsa-miR-99a-5p,CROSS-SPECIES,rno_to_hsa_stem_homology,3.3516,6.0202,1.0,-0.69,UNCHANGED,GSE130387,Mus musculus (C57BL/6),Rattus norvegicus (rno-),EXPLORATORY_DESCRIPTIVE_ONLY_CROSS_SPECIES_n3vs3; pseudocount=1.0; filter: non-null in >=3 samples,2.71139386928861,4.84178743961353,2.50154035736291,7.08328912466844,3.26654064272212,7.71074845244795
27536,rno-miR-190a-5p,hsa-miR-190a-5p,CROSS-SPECIES,rno_to_hsa_stem_homology,0.5229,1.4572,1.0,-0.6902,UNCHANGED,GSE130387,Mus musculus (C57BL/6),Rattus norvegicus (rno-),EXPLORATORY_DESCRIPTIVE_ONLY_CROSS_SPECIES_n3vs3; pseudocount=1.0; filter: non-null in >=3 samples,0.316946211683054,0.915458937198068,0.33641404805915,0.920954907161804,1.71077504725898,1.74001125492403
148668,rno-miR-378a-3p,hsa-miR-378a-3p,CROSS-SPECIES,rno_to_hsa_stem_homology,2.9083,5.3413,1.0,-0.6982,UNCHANGED,GSE130387,Mus musculus (C57BL/6),Rattus norvegicus (rno-),EXPLORATORY_DESCRIPTIVE_ONLY_CROSS_SPECIES_n3vs3; pseudocount=1.0; filter: non-null in >=3 samples,3.63678426836322,3.02898550724638,2.05914972273567,4.07533156498674,6.84120982986768,5.10748452447946
46251,rno-miR-1193-3p,hsa-miR-1193-3p,CROSS-SPECIES,rno_to_hsa_stem_homology,7.1271,12.2368,1.0,-0.7037,UNCHANGED,GSE130387,Mus musculus (C57BL/6),Rattus norvegicus (rno-),EXPLORATORY_DESCRIPTIVE_ONLY_CROSS_SPECIES_n3vs3; pseudocount=1.0; filter: non-null in >=3 samples,5.78253325621747,7.55314009661836,8.04559457794208,15.3697612732096,6.24102079395085,15.099606077659
30787,rno-miR-125b-5p,hsa-miR-125b-5p,CROSS-SPECIES,rno_to_hsa_stem_homology,29.5137,49.3176,1.0,-0.7216,UNCHANGED,GSE130387,Mus musculus (C57BL/6),Rattus norvegicus (rno-),EXPLORATORY_DESCRIPTIVE_ONLY_CROSS_SPECIES_n3vs3; pseudocount=1.0; filter: non-null in >=3 samples,28.7356853672643,41.1473429951691,18.6580406654344,84.8870026525199,16.3431001890359,46.7225661226787
11184,rno-miR-99b-5p,hsa-miR-99b-5p,CROSS-SPECIES,rno_to_hsa_stem_homology,1.211,2.6573,1.0,-0.7261,UNCHANGED,GSE130387,Mus musculus (C57BL/6),Rattus norvegicus (rno-),EXPLORATORY_DESCRIPTIVE_ONLY_CROSS_SPECIES_n3vs3; pseudocount=1.0; filter: non-null in >=3 samples,0.953152111046848,1.78260869565217,0.897104128157733,1.94164456233422,2.98015122873346,3.05008441193022
13148,rno-miR-195-5p,hsa-miR-195-5p,CROSS-SPECIES,rno_to_hsa_stem_homology,5.0977,9.2917,1.0,-0.7551,UNCHANGED,GSE130387,Mus musculus (C57BL/6),Rattus norvegicus (rno-),EXPLORATORY_DESCRIPTIVE_ONLY_CROSS_SPECIES_n3vs3; pseudocount=1.0; filter: non-null in >=3 samples,3.80335454019665,7.21497584541063,4.27479975354282,7.69973474801061,9.06332703213611,11.1119864940912
42953,rno-miR-101b-3p,hsa-miR-101b-3p,CROSS-SPECIES,rno_to_hsa_stem_homology,2.9529,5.8924,1.0,-0.8021,UNCHANGED,GSE130387,Mus musculus (C57BL/6),Rattus norvegicus (rno-),EXPLORATORY_DESCRIPTIVE_ONLY_CROSS_SPECIES_n3vs3; pseudocount=1.0; filter: non-null in >=3 samples,1.63331405436669,4.46739130434783,2.75785582255083,4.67055702917772,6.53497164461248,6.47158131682611
11273,rno-miR-352,hsa-miR-352,CROSS-SPECIES,rno_to_hsa_stem_homology,3.6301,7.1454,1.0,-0.8149,UNCHANGED,GSE130387,Mus musculus (C57BL/6),Rattus norvegicus (rno-),EXPLORATORY_DESCRIPTIVE_ONLY_CROSS_SPECIES_n3vs3; pseudocount=1.0; filter: non-null in >=3 samples,2.33545401966455,4.95652173913043,3.59827479975354,7.53209549071618,5.97826086956522,7.92571750140687
42744,rno-miR-23a-3p,hsa-miR-23a-3p,CROSS-SPECIES,rno_to_hsa_stem_homology,13.8198,25.8687,1.0,-0.8584,UNCHANGED,GSE130387,Mus musculus (C57BL/6),Rattus norvegicus (rno-),EXPLORATORY_DESCRIPTIVE_ONLY_CROSS_SPECIES_n3vs3; pseudocount=1.0; filter: non-null in >=3 samples,11.5292076344708,19.6111111111111,10.3191620455946,31.3485411140584,13.0151228733459,33.2425436128306
146086,rno-miR-30a-5p,hsa-miR-30a-5p,CROSS-SPECIES,rno_to_hsa_stem_homology,8.2708,15.8517,1.0,-0.8621,UNCHANGED,GSE130387,Mus musculus (C57BL/6),Rattus norvegicus (rno-),EXPLORATORY_DESCRIPTIVE_ONLY_CROSS_SPECIES_n3vs3; pseudocount=1.0; filter: non-null in >=3 samples,6.14459224985541,12.9190821256039,5.74861367837338,20.8435013262599,9.96975425330813,16.7416994935284
27544,rno-miR-363-5p,hsa-miR-363-5p,CROSS-SPECIES,rno_to_hsa_stem_homology,0.3092,1.3815,1.0,-0.8632,UNCHANGED,GSE130387,Mus musculus (C57BL/6),Rattus norvegicus (rno-),EXPLORATORY_DESCRIPTIVE_ONLY_CROSS_SPECIES_n3vs3; pseudocount=1.0; filter: non-null in >=3 samples,,0.071256038647343,0.547134935304991,,2.36578449905482,0.397298818232977
11041,rno-miR-29c-3p,hsa-miR-29c-3p,CROSS-SPECIES,rno_to_hsa_stem_homology,1.3606,3.343,1.0,-0.8795,UNCHANGED,GSE130387,Mus musculus (C57BL/6),Rattus norvegicus (rno-),EXPLORATORY_DESCRIPTIVE_ONLY_CROSS_SPECIES_n3vs3; pseudocount=1.0; filter: non-null in >=3 samples,0.687102371312898,2.07367149758454,1.32101047443007,3.03448275862069,2.29206049149338,4.702307259426
13140,rno-miR-138-5p,hsa-miR-138-5p,CROSS-SPECIES,rno_to_hsa_stem_homology,0.9895,2.6809,1.0,-0.8877,UNCHANGED,GSE130387,Mus musculus (C57BL/6),Rattus norvegicus (rno-),EXPLORATORY_DESCRIPTIVE_ONLY_CROSS_SPECIES_n3vs3; pseudocount=1.0; filter: non-null in >=3 samples,0.772700983227299,1.82608695652174,0.369685767097967,3.36551724137931,1.84877126654064,2.82836240855374
10928,rno-miR-125a-5p,hsa-miR-125a-5p,CROSS-SPECIES,rno_to_hsa_stem_homology,11.354,22.2455,1.0,-0.912,UNCHANGED,GSE130387,Mus musculus (C57BL/6),Rattus norvegicus (rno-),EXPLORATORY_DESCRIPTIVE_ONLY_CROSS_SPECIES_n3vs3; pseudocount=1.0; filter: non-null in >=3 samples,9.61596298438404,16.9130434782609,7.53296364756623,31.4535809018568,9.39886578449905,25.8840742824986
10985,rno-miR-191a-5p,hsa-miR-191a-5p,CROSS-SPECIES,rno_to_hsa_stem_homology,2.2574,5.1455,1.0,-0.9158,UNCHANGED,GSE130387,Mus musculus (C57BL/6),Rattus norvegicus (rno-),EXPLORATORY_DESCRIPTIVE_ONLY_CROSS_SPECIES_n3vs3; pseudocount=1.0; filter: non-null in >=3 samples,1.63678426836322,3.30555555555556,1.82994454713494,4.14323607427056,5.72778827977316,5.56555993247046
31026,rno-miR-101a-3p,hsa-miR-101a-3p,CROSS-SPECIES,rno_to_hsa_stem_homology,15.8994,31.1932,1.0,-0.9298,UNCHANGED,GSE130387,Mus musculus (C57BL/6),Rattus norvegicus (rno-),EXPLORATORY_DESCRIPTIVE_ONLY_CROSS_SPECIES_n3vs3; pseudocount=1.0; filter: non-null in >=3 samples,14.9508386350492,25.3091787439614,7.43807763401109,32.1167108753316,19.5056710775047,41.9572312886888
147198,rno-miR-26a-5p,hsa-miR-26a-5p,CROSS-SPECIES,rno_to_hsa_stem_homology,3.2696,7.2187,1.0,-0.9448,UNCHANGED,GSE130387,Mus musculus (C57BL/6),Rattus norvegicus (rno-),EXPLORATORY_DESCRIPTIVE_ONLY_CROSS_SPECIES_n3vs3; pseudocount=1.0; filter: non-null in >=3 samples,1.47252747252747,5.03140096618357,3.30499075785582,7.39840848806366,6.05293005671077,8.20483961733258
11040,rno-miR-29b-3p,hsa-miR-29b-3p,CROSS-SPECIES,rno_to_hsa_stem_homology,6.9239,14.4494,1.0,-0.9633,UNCHANGED,GSE130387,Mus musculus (C57BL/6),Rattus norvegicus (rno-),EXPLORATORY_DESCRIPTIVE_ONLY_CROSS_SPECIES_n3vs3; pseudocount=1.0; filter: non-null in >=3 samples,3.88201272411799,9.69202898550725,7.19778188539741,12.9273209549072,9.75897920604915,20.6617895329207
11078,rno-miR-365-3p,hsa-miR-365-3p,CROSS-SPECIES,rno_to_hsa_stem_homology,0.6917,2.3072,1.0,-0.9671,UNCHANGED,GSE130387,Mus musculus (C57BL/6),Rattus norvegicus (rno-),EXPLORATORY_DESCRIPTIVE_ONLY_CROSS_SPECIES_n3vs3; pseudocount=1.0; filter: non-null in >=3 samples,0.791208791208791,0.730676328502415,0.553296364756624,1.68275862068966,2.18431001890359,3.05458638154192
42641,rno-miR-145-5p,hsa-miR-145-5p,CROSS-SPECIES,rno_to_hsa_stem_homology,2.7239,6.335,1.0,-0.978,UNCHANGED,GSE130387,Mus musculus (C57BL/6),Rattus norvegicus (rno-),EXPLORATORY_DESCRIPTIVE_ONLY_CROSS_SPECIES_n3vs3; pseudocount=1.0; filter: non-null in >=3 samples,2.36668594563331,3.82487922705314,1.98028342575478,6.10397877984085,5.02362948960302,7.87732132808104
145841,rno-miR-23b-3p,hsa-miR-23b-3p,CROSS-SPECIES,rno_to_hsa_stem_homology,14.4585,29.4988,1.0,-0.9804,UNCHANGED,GSE130387,Mus musculus (C57BL/6),Rattus norvegicus (rno-),EXPLORATORY_DESCRIPTIVE_ONLY_CROSS_SPECIES_n3vs3; pseudocount=1.0; filter: non-null in >=3 samples,8.79467900520532,24.6509661835749,9.92975970425139,32.1931034482759,19.2362948960302,37.0669667979741
146112,rno-miR-30b-5p,hsa-miR-30b-5p,CROSS-SPECIES,rno_to_hsa_stem_homology,3.7078,8.446,1.0,-1.0046,DOWN,GSE130387,Mus musculus (C57BL/6),Rattus norvegicus (rno-),EXPLORATORY_DESCRIPTIVE_ONLY_CROSS_SPECIES_n3vs3; pseudocount=1.0; filter: non-null in >=3 samples,1.95373048004627,5.92270531400966,3.24707332101047,6.24084880636605,7.69943289224953,11.3978615644344
146008,rno-miR-26b-5p,hsa-miR-26b-5p,CROSS-SPECIES,rno_to_hsa_stem_homology,4.5466,10.1541,1.0,-1.0079,DOWN,GSE130387,Mus musculus (C57BL/6),Rattus norvegicus (rno-),EXPLORATORY_DESCRIPTIVE_ONLY_CROSS_SPECIES_n3vs3; pseudocount=1.0; filter: non-null in >=3 samples,1.85078079814922,6.74154589371981,5.04744300677757,11.1395225464191,6.53497164461248,12.7878446820484
42923,rno-miR-30c-5p,hsa-miR-30c-5p,CROSS-SPECIES,rno_to_hsa_stem_homology,5.4655,12.2234,1.0,-1.0323,DOWN,GSE130387,Mus musculus (C57BL/6),Rattus norvegicus (rno-),EXPLORATORY_DESCRIPTIVE_ONLY_CROSS_SPECIES_n3vs3; pseudocount=1.0; filter: non-null in >=3 samples,4.03123192596877,7.84782608695652,4.51756007393715,10.9803713527851,8.91776937618148,16.7720877884074
11000,rno-miR-200a-3p,hsa-miR-200a-3p,CROSS-SPECIES,rno_to_hsa_stem_homology,0.5983,2.2867,1.0,-1.0402,DOWN,GSE130387,Mus musculus (C57BL/6),Rattus norvegicus (rno-),EXPLORATORY_DESCRIPTIVE_ONLY_CROSS_SPECIES_n3vs3; pseudocount=1.0; filter: non-null in >=3 samples,0.296124927703875,1.44565217391304,0.0529882932840419,3.08541114058355,1.7882797731569,1.98649409116488
13485,rno-miR-10a-5p,hsa-miR-10a-5p,CROSS-SPECIES,rno_to_hsa_stem_homology,7.8139,17.4846,1.0,-1.0685,DOWN,GSE130387,Mus musculus (C57BL/6),Rattus norvegicus (rno-),EXPLORATORY_DESCRIPTIVE_ONLY_CROSS_SPECIES_n3vs3; pseudocount=1.0; filter: non-null in >=3 samples,7.43435511856564,12.6062801932367,3.40110905730129,19.0429708222812,15.117202268431,18.2937535171638
11039,rno-miR-29a-3p,hsa-miR-29a-3p,CROSS-SPECIES,rno_to_hsa_stem_homology,14.1908,31.7675,1.0,-1.1091,DOWN,GSE130387,Mus musculus (C57BL/6),Rattus norvegicus (rno-),EXPLORATORY_DESCRIPTIVE_ONLY_CROSS_SPECIES_n3vs3; pseudocount=1.0; filter: non-null in >=3 samples,11.0873337189127,23.0785024154589,8.40665434380776,43.7633952254642,11.8497164461248,39.6893640967923
10925,rno-miR-10b-5p,hsa-miR-10b-5p,CROSS-SPECIES,rno_to_hsa_stem_homology,3.6876,9.2572,1.0,-1.1297,DOWN,GSE130387,Mus musculus (C57BL/6),Rattus norvegicus (rno-),EXPLORATORY_DESCRIPTIVE_ONLY_CROSS_SPECIES_n3vs3; pseudocount=1.0; filter: non-null in >=3 samples,4.0694042799306,5.01932367149758,1.97412199630314,9.60636604774536,7.37618147448015,10.7889701744513
11065,rno-miR-335,hsa-miR-335,CROSS-SPECIES,rno_to_hsa_stem_homology,0.2571,1.78,1.0,-1.1449,DOWN,GSE130387,Mus musculus (C57BL/6),Rattus norvegicus (rno-),EXPLORATORY_DESCRIPTIVE_ONLY_CROSS_SPECIES_n3vs3; pseudocount=1.0; filter: non-null in >=3 samples,0.374783111625217,0.189613526570048,0.207024029574861,0.386206896551724,2.19848771266541,2.75520540236353
4610,rno-miR-126a-3p,hsa-miR-126a-3p,CROSS-SPECIES,rno_to_hsa_stem_homology,4.2106,11.3126,1.0,-1.2406,DOWN,GSE130387,Mus musculus (C57BL/6),Rattus norvegicus (rno-),EXPLORATORY_DESCRIPTIVE_ONLY_CROSS_SPECIES_n3vs3; pseudocount=1.0; filter: non-null in >=3 samples,5.71312897628687,6.03260869565217,0.886013555144794,8.47745358090186,9.99621928166352,15.4642656162071
10986,rno-miR-193-3p,hsa-miR-193-3p,CROSS-SPECIES,rno_to_hsa_stem_homology,1.4168,5.9562,1.0,-1.5252,DOWN,GSE130387,Mus musculus (C57BL/6),Rattus norvegicus (rno-),EXPLORATORY_DESCRIPTIVE_ONLY_CROSS_SPECIES_n3vs3; pseudocount=1.0; filter: non-null in >=3 samples,1.42394447657606,1.41666666666667,1.40973505853358,2.20583554376658,9.82136105860113,5.84130557118739
13177,rno-miR-143-3p,hsa-miR-143-3p,CROSS-SPECIES,rno_to_hsa_stem_homology,10.4033,36.1973,1.0,-1.7058,DOWN,GSE130387,Mus musculus (C57BL/6),Rattus norvegicus (rno-),EXPLORATORY_DESCRIPTIVE_ONLY_CROSS_SPECIES_n3vs3; pseudocount=1.0; filter: non-null in >=3 samples,8.73221515326778,18.6944444444444,3.78311768330253,40.2790450928382,24.0775047258979,44.2352279122116
