target_symbol,mature_mirna_id,database,evidence_tier,experiment,type
COL3A1,hsa-miR-29c-3p,mirecords,Tier_B,,validated
COL3A1,hsa-miR-29a-3p,mirecords,Tier_B,,validated
COL3A1,hsa-miR-29b-3p,mirecords,Tier_B,,validated
COL11A1,hsa-miR-335-5p,mirtarbase,Tier_B,Microarray,validated
FN1,hsa-miR-200c-3p,mirtarbase,Tier_B,Microarray,validated
FN1,hsa-miR-200c-3p,mirtarbase,Tier_A,Immunoblot//Luciferase reporter assay//qRT-PCR//Western blot,validated
FN1,hsa-miR-200c-3p,mirtarbase,Tier_A,Immunohistochemistry//Luciferase reporter assay//qRT-PCR//Western blot,validated
FN1,hsa-miR-200b-3p,mirtarbase,Tier_B,Microarray,validated
FN1,hsa-miR-200b-3p,mirtarbase,Tier_A,Luciferase reporter assay//qRT-PCR//Western blot,validated
FN1,hsa-miR-1-3p,mirtarbase,Tier_A,GFP reporter assay//qRT-PCR//Western blot,validated
FN1,hsa-miR-1-3p,mirtarbase,Tier_A,Immunoblot//Immunofluorescence//Immunoprecipitaion//Luciferase reporter assay//Microarray//qRT-PCR//Western blot,validated
FN1,hsa-let-7g-5p,mirtarbase,Tier_A,Luciferase reporter assay//Microarray//Western blot,validated
FN1,hsa-miR-26b-5p,mirtarbase,Tier_B,Microarray,validated
FN1,hsa-miR-615-3p,mirtarbase,Tier_B,CLASH,validated
FN1,hsa-miR-218-5p,mirtarbase,Tier_B,HITS-CLIP,validated
FN1,hsa-miR-140-3p,mirtarbase,Tier_A,Luciferase reporter assay,validated
FN1,hsa-miR-200c-3p,mirtarbase,Tier_A,Microarray//Immunoblot//Luciferase reporter assay//qRT-PCR//Western blot//Other,validated
FN1,hsa-miR-200b-3p,mirtarbase,Tier_A,Microarray//Other//Luciferase reporter assay//qRT-PCR//Western blot,validated
FN1,hsa-miR-1-3p,mirtarbase,Tier_A,GFP reporter assay//qRT-PCR//Western blot//Immunoblot//Immunofluorescence//Immunoprecipitaion//Luciferase reporter assay//Microarray,validated
FN1,hsa-miR-218-5p,mirtarbase,Tier_B,HITS-CLIP//microarray,validated
FN1,hsa-miR-101-3p,mirtarbase,Tier_A,Immunohistochemistry (IHC)//Western blotting,validated
FN1,hsa-miR-432-5p,mirtarbase,Tier_A,Luciferase reporter assay//Western blotting//qRT-PCR,validated
INHBA,hsa-miR-148b-3p,mirtarbase,Tier_B,Microarray,validated
INHBA,hsa-miR-31-3p,mirtarbase,Tier_B,CLASH,validated
INHBA,hsa-miR-10b-5p,mirtarbase,Tier_B,CLASH,validated
INHBA,hsa-miR-218-5p,mirtarbase,Tier_B,HITS-CLIP,validated
INHBA,hsa-miR-3065-5p,mirtarbase,Tier_B,PAR-CLIP,validated
INHBA,hsa-miR-3065-5p,mirtarbase,Tier_B,PAR-CLIP//HITS-CLIP,validated
INHBA,hsa-miR-3065-5p,mirtarbase,Tier_B,HITS-CLIP,validated
INHBA,hsa-miR-5688,mirtarbase,Tier_B,PAR-CLIP,validated
INHBA,hsa-miR-5688,mirtarbase,Tier_B,PAR-CLIP//HITS-CLIP,validated
INHBA,hsa-miR-5688,mirtarbase,Tier_B,HITS-CLIP,validated
INHBA,hsa-miR-495-3p,mirtarbase,Tier_B,PAR-CLIP,validated
INHBA,hsa-miR-495-3p,mirtarbase,Tier_B,PAR-CLIP//HITS-CLIP,validated
INHBA,hsa-miR-495-3p,mirtarbase,Tier_B,HITS-CLIP,validated
INHBA,hsa-miR-3121-3p,mirtarbase,Tier_B,PAR-CLIP,validated
INHBA,hsa-miR-3121-3p,mirtarbase,Tier_B,PAR-CLIP//HITS-CLIP,validated
INHBA,hsa-miR-3121-3p,mirtarbase,Tier_B,HITS-CLIP,validated
INHBA,hsa-miR-548t-3p,mirtarbase,Tier_B,PAR-CLIP,validated
INHBA,hsa-miR-548t-3p,mirtarbase,Tier_B,PAR-CLIP//HITS-CLIP,validated
INHBA,hsa-miR-548t-3p,mirtarbase,Tier_B,HITS-CLIP,validated
INHBA,hsa-miR-548ap-3p,mirtarbase,Tier_B,PAR-CLIP,validated
INHBA,hsa-miR-548ap-3p,mirtarbase,Tier_B,PAR-CLIP//HITS-CLIP,validated
INHBA,hsa-miR-548ap-3p,mirtarbase,Tier_B,HITS-CLIP,validated
INHBA,hsa-miR-548aa,mirtarbase,Tier_B,PAR-CLIP,validated
INHBA,hsa-miR-548aa,mirtarbase,Tier_B,PAR-CLIP//HITS-CLIP,validated
INHBA,hsa-miR-548aa,mirtarbase,Tier_B,HITS-CLIP,validated
INHBA,hsa-miR-548z,mirtarbase,Tier_B,PAR-CLIP,validated
INHBA,hsa-miR-548z,mirtarbase,Tier_B,PAR-CLIP//HITS-CLIP,validated
INHBA,hsa-miR-548z,mirtarbase,Tier_B,HITS-CLIP,validated
INHBA,hsa-miR-548h-3p,mirtarbase,Tier_B,PAR-CLIP,validated
INHBA,hsa-miR-548h-3p,mirtarbase,Tier_B,PAR-CLIP//HITS-CLIP,validated
INHBA,hsa-miR-548h-3p,mirtarbase,Tier_B,HITS-CLIP,validated
INHBA,hsa-miR-548d-3p,mirtarbase,Tier_B,PAR-CLIP,validated
INHBA,hsa-miR-548d-3p,mirtarbase,Tier_B,PAR-CLIP//HITS-CLIP,validated
INHBA,hsa-miR-548d-3p,mirtarbase,Tier_B,HITS-CLIP,validated
INHBA,hsa-miR-548bb-3p,mirtarbase,Tier_B,PAR-CLIP,validated
INHBA,hsa-miR-548bb-3p,mirtarbase,Tier_B,PAR-CLIP//HITS-CLIP,validated
INHBA,hsa-miR-548bb-3p,mirtarbase,Tier_B,HITS-CLIP,validated
INHBA,hsa-miR-548ac,mirtarbase,Tier_B,PAR-CLIP,validated
INHBA,hsa-miR-548ac,mirtarbase,Tier_B,PAR-CLIP//HITS-CLIP,validated
INHBA,hsa-miR-548ac,mirtarbase,Tier_B,HITS-CLIP,validated
INHBA,hsa-miR-3973,mirtarbase,Tier_B,PAR-CLIP,validated
INHBA,hsa-miR-559,mirtarbase,Tier_B,PAR-CLIP,validated
INHBA,hsa-miR-548y,mirtarbase,Tier_B,PAR-CLIP,validated
INHBA,hsa-miR-548w,mirtarbase,Tier_B,PAR-CLIP,validated
INHBA,hsa-miR-548o-5p,mirtarbase,Tier_B,PAR-CLIP,validated
INHBA,hsa-miR-548j-5p,mirtarbase,Tier_B,PAR-CLIP,validated
INHBA,hsa-miR-548i,mirtarbase,Tier_B,PAR-CLIP,validated
INHBA,hsa-miR-548h-5p,mirtarbase,Tier_B,PAR-CLIP,validated
INHBA,hsa-miR-548d-5p,mirtarbase,Tier_B,PAR-CLIP,validated
INHBA,hsa-miR-548c-5p,mirtarbase,Tier_B,PAR-CLIP,validated
INHBA,hsa-miR-548bb-5p,mirtarbase,Tier_B,PAR-CLIP,validated
INHBA,hsa-miR-548b-5p,mirtarbase,Tier_B,PAR-CLIP,validated
INHBA,hsa-miR-548ay-5p,mirtarbase,Tier_B,PAR-CLIP,validated
INHBA,hsa-miR-548au-5p,mirtarbase,Tier_B,PAR-CLIP,validated
INHBA,hsa-miR-548as-5p,mirtarbase,Tier_B,PAR-CLIP,validated
INHBA,hsa-miR-548ar-5p,mirtarbase,Tier_B,PAR-CLIP,validated
INHBA,hsa-miR-548aq-5p,mirtarbase,Tier_B,PAR-CLIP,validated
INHBA,hsa-miR-548ap-5p,mirtarbase,Tier_B,PAR-CLIP,validated
INHBA,hsa-miR-548am-5p,mirtarbase,Tier_B,PAR-CLIP,validated
INHBA,hsa-miR-548ak,mirtarbase,Tier_B,PAR-CLIP,validated
INHBA,hsa-miR-548ae-5p,mirtarbase,Tier_B,PAR-CLIP,validated
INHBA,hsa-miR-548ad-5p,mirtarbase,Tier_B,PAR-CLIP,validated
INHBA,hsa-miR-548ab,mirtarbase,Tier_B,PAR-CLIP,validated
INHBA,hsa-miR-548a-5p,mirtarbase,Tier_B,PAR-CLIP,validated
INHBA,hsa-miR-214-5p,mirtarbase,Tier_B,HITS-CLIP,validated
INHBA,hsa-miR-223-5p,mirtarbase,Tier_B,HITS-CLIP,validated
INHBA,hsa-miR-4728-3p,mirtarbase,Tier_B,HITS-CLIP,validated
INHBA,hsa-miR-4789-5p,mirtarbase,Tier_B,HITS-CLIP,validated
INHBA,hsa-miR-574-5p,mirtarbase,Tier_B,HITS-CLIP,validated
INHBA,hsa-miR-6514-3p,mirtarbase,Tier_B,HITS-CLIP,validated
INHBA,hsa-miR-675-3p,mirtarbase,Tier_B,HITS-CLIP,validated
INHBA,hsa-miR-6768-5p,mirtarbase,Tier_B,HITS-CLIP,validated
INHBA,hsa-miR-6811-3p,mirtarbase,Tier_B,HITS-CLIP,validated
INHBA,hsa-miR-6867-5p,mirtarbase,Tier_B,HITS-CLIP,validated
INHBA,hsa-miR-8075,mirtarbase,Tier_B,HITS-CLIP,validated
LOX,hsa-miR-335-5p,mirtarbase,Tier_B,Microarray,validated
LOX,hsa-miR-29a-3p,mirtarbase,Tier_A,Luciferase reporter assay,validated
LOX,hsa-miR-29b-3p,mirtarbase,Tier_A,Luciferase reporter assay//qRT-PCR,validated
LOX,hsa-miR-29b-3p,mirtarbase,Tier_A,Luciferase reporter assay,validated
LOX,hsa-miR-29b-3p,mirtarbase,Tier_A,qRT-PCR,validated
LOX,hsa-miR-29c-3p,mirtarbase,Tier_A,Luciferase reporter assay,validated
LOX,hsa-miR-767-5p,mirtarbase,Tier_A,Luciferase reporter assay,validated
LOX,hsa-miR-200b-3p,mirtarbase,Tier_A,Luciferase reporter assay//qRT-PCR//Western blot,validated
LOX,hsa-miR-4743-3p,mirtarbase,Tier_B,PAR-CLIP,validated
LOX,hsa-miR-3591-5p,mirtarbase,Tier_B,PAR-CLIP,validated
LOX,hsa-miR-511-5p,mirtarbase,Tier_B,PAR-CLIP,validated
LOX,hsa-miR-6888-3p,mirtarbase,Tier_B,PAR-CLIP,validated
LOX,hsa-miR-142-3p,mirtarbase,Tier_B,PAR-CLIP,validated
LOX,hsa-miR-6830-3p,mirtarbase,Tier_B,PAR-CLIP,validated
LOX,hsa-miR-3120-5p,mirtarbase,Tier_B,PAR-CLIP,validated
LOX,hsa-miR-4280,mirtarbase,Tier_B,PAR-CLIP,validated
LOX,hsa-miR-548e-5p,mirtarbase,Tier_B,PAR-CLIP,validated
LOX,hsa-miR-30a-5p,mirtarbase,Tier_A,Western blot//Luciferase reporter assay//Immunohistochemistry,validated
LOX,hsa-miR-1271-5p,mirtarbase,Tier_B,PAR-CLIP,validated
LOX,hsa-miR-182-5p,mirtarbase,Tier_B,PAR-CLIP,validated
LOX,hsa-miR-4470,mirtarbase,Tier_B,PAR-CLIP,validated
LOX,hsa-miR-4517,mirtarbase,Tier_B,PAR-CLIP,validated
LOX,hsa-miR-5583-3p,mirtarbase,Tier_B,PAR-CLIP,validated
LOX,hsa-miR-889-3p,mirtarbase,Tier_B,PAR-CLIP,validated
LOX,hsa-miR-9-5p,mirtarbase,Tier_B,PAR-CLIP,validated
LOX,hsa-miR-96-5p,mirtarbase,Tier_B,PAR-CLIP,validated
THBS3,hsa-miR-335-5p,mirtarbase,Tier_B,Microarray,validated
EDIL3,hsa-miR-21-5p,mirtarbase,Tier_B,Microarray,validated
EDIL3,hsa-miR-377-3p,mirtarbase,Tier_B,PAR-CLIP,validated
EDIL3,hsa-miR-676-5p,mirtarbase,Tier_B,PAR-CLIP,validated
EDIL3,hsa-miR-3691-3p,mirtarbase,Tier_B,PAR-CLIP,validated
EDIL3,hsa-miR-1228-3p,mirtarbase,Tier_B,PAR-CLIP,validated
EDIL3,hsa-miR-4698,mirtarbase,Tier_B,PAR-CLIP,validated
EDIL3,hsa-miR-8063,mirtarbase,Tier_B,PAR-CLIP,validated
EDIL3,hsa-miR-1264,mirtarbase,Tier_B,PAR-CLIP,validated
EDIL3,hsa-miR-4668-5p,mirtarbase,Tier_B,HITS-CLIP,validated
EDIL3,hsa-miR-4328,mirtarbase,Tier_B,HITS-CLIP,validated
EDIL3,hsa-miR-548t-3p,mirtarbase,Tier_B,HITS-CLIP,validated
EDIL3,hsa-miR-548ap-3p,mirtarbase,Tier_B,HITS-CLIP,validated
EDIL3,hsa-miR-548aa,mirtarbase,Tier_B,HITS-CLIP,validated
EDIL3,hsa-miR-548z,mirtarbase,Tier_B,HITS-CLIP,validated
EDIL3,hsa-miR-548h-3p,mirtarbase,Tier_B,HITS-CLIP,validated
EDIL3,hsa-miR-548d-3p,mirtarbase,Tier_B,HITS-CLIP,validated
EDIL3,hsa-miR-548bb-3p,mirtarbase,Tier_B,HITS-CLIP,validated
EDIL3,hsa-miR-548ac,mirtarbase,Tier_B,HITS-CLIP,validated
EDIL3,hsa-miR-7154-5p,mirtarbase,Tier_B,HITS-CLIP,validated
EDIL3,hsa-miR-8060,mirtarbase,Tier_B,HITS-CLIP,validated
VCAN,hsa-miR-545-3p,mirtarbase,Tier_B,PAR-CLIP,validated
VCAN,hsa-miR-5197-3p,mirtarbase,Tier_B,PAR-CLIP,validated
VCAN,hsa-miR-103a-3p,mirtarbase,Tier_B,PAR-CLIP,validated
VCAN,hsa-miR-107,mirtarbase,Tier_B,PAR-CLIP,validated
VCAN,hsa-miR-218-5p,mirtarbase,Tier_B,HITS-CLIP,validated
VCAN,hsa-miR-578,mirtarbase,Tier_B,PAR-CLIP,validated
VCAN,hsa-miR-3185,mirtarbase,Tier_B,PAR-CLIP,validated
VCAN,hsa-miR-643,mirtarbase,Tier_B,PAR-CLIP,validated
VCAN,hsa-miR-335-3p,mirtarbase,Tier_B,HITS-CLIP,validated
VCAN,hsa-miR-4436b-5p,mirtarbase,Tier_B,HITS-CLIP,validated
VCAN,hsa-miR-627-3p,mirtarbase,Tier_B,HITS-CLIP,validated
VCAN,hsa-miR-6777-3p,mirtarbase,Tier_B,HITS-CLIP,validated
VCAN,hsa-miR-5003-3p,mirtarbase,Tier_B,HITS-CLIP,validated
VCAN,hsa-miR-23b-3p,mirtarbase,Tier_A,Luciferase reporter assay//Western blot,validated
VCAN,hsa-miR-129-5p,mirtarbase,Tier_B,HITS-CLIP,validated
VCAN,hsa-miR-302c-5p,mirtarbase,Tier_B,HITS-CLIP,validated
VCAN,hsa-miR-361-3p,mirtarbase,Tier_B,HITS-CLIP,validated
VCAN,hsa-miR-3680-3p,mirtarbase,Tier_B,HITS-CLIP,validated
VCAN,hsa-miR-450b-5p,mirtarbase,Tier_B,HITS-CLIP,validated
VCAN,hsa-miR-4666b,mirtarbase,Tier_B,HITS-CLIP,validated
VCAN,hsa-miR-5011-3p,mirtarbase,Tier_B,HITS-CLIP,validated
VCAN,hsa-miR-507,mirtarbase,Tier_B,HITS-CLIP,validated
VCAN,hsa-miR-552-5p,mirtarbase,Tier_B,HITS-CLIP,validated
VCAN,hsa-miR-557,mirtarbase,Tier_B,HITS-CLIP,validated
COL8A1,hsa-miR-6516-5p,mirtarbase,Tier_B,PAR-CLIP,validated
COL8A1,hsa-miR-4266,mirtarbase,Tier_B,PAR-CLIP,validated
COL8A1,hsa-miR-455-3p,mirtarbase,Tier_B,PAR-CLIP,validated
COL8A1,hsa-miR-6086,mirtarbase,Tier_B,PAR-CLIP,validated
COL8A1,hsa-miR-4451,mirtarbase,Tier_B,PAR-CLIP,validated
COL8A1,hsa-miR-377-5p,mirtarbase,Tier_B,PAR-CLIP,validated
COL8A1,hsa-miR-98-5p,mirtarbase,Tier_B,PAR-CLIP,validated
COL8A1,hsa-miR-4458,mirtarbase,Tier_B,PAR-CLIP,validated
COL8A1,hsa-miR-4500,mirtarbase,Tier_B,PAR-CLIP,validated
COL8A1,hsa-let-7i-5p,mirtarbase,Tier_B,PAR-CLIP,validated
COL8A1,hsa-let-7g-5p,mirtarbase,Tier_B,PAR-CLIP,validated
COL8A1,hsa-let-7f-5p,mirtarbase,Tier_B,PAR-CLIP,validated
COL8A1,hsa-let-7e-5p,mirtarbase,Tier_B,PAR-CLIP,validated
COL8A1,hsa-let-7d-5p,mirtarbase,Tier_B,PAR-CLIP,validated
COL8A1,hsa-let-7c-5p,mirtarbase,Tier_B,PAR-CLIP,validated
COL8A1,hsa-let-7b-5p,mirtarbase,Tier_B,PAR-CLIP,validated
COL8A1,hsa-let-7a-5p,mirtarbase,Tier_B,PAR-CLIP,validated
COL8A1,hsa-miR-6831-5p,mirtarbase,Tier_B,PAR-CLIP,validated
COL8A1,hsa-miR-3927-3p,mirtarbase,Tier_B,PAR-CLIP,validated
COL8A1,hsa-miR-4779,mirtarbase,Tier_B,PAR-CLIP,validated
COL8A1,hsa-miR-4695-5p,mirtarbase,Tier_B,PAR-CLIP,validated
COL8A1,hsa-miR-1277-5p,mirtarbase,Tier_B,PAR-CLIP,validated
COL8A1,hsa-miR-1277-5p,mirtarbase,Tier_B,PAR-CLIP//HITS-CLIP,validated
COL8A1,hsa-miR-1277-5p,mirtarbase,Tier_B,HITS-CLIP,validated
COL8A1,hsa-miR-190a-3p,mirtarbase,Tier_B,PAR-CLIP,validated
COL8A1,hsa-miR-190a-3p,mirtarbase,Tier_B,PAR-CLIP//HITS-CLIP,validated
COL8A1,hsa-miR-190a-3p,mirtarbase,Tier_B,HITS-CLIP,validated
COL8A1,hsa-miR-1295b-3p,mirtarbase,Tier_B,PAR-CLIP,validated
COL8A1,hsa-miR-1295b-3p,mirtarbase,Tier_B,PAR-CLIP//HITS-CLIP,validated
COL8A1,hsa-miR-1295b-3p,mirtarbase,Tier_B,HITS-CLIP,validated
COL8A1,hsa-miR-5011-5p,mirtarbase,Tier_B,PAR-CLIP,validated
COL8A1,hsa-miR-5011-5p,mirtarbase,Tier_B,PAR-CLIP//HITS-CLIP,validated
COL8A1,hsa-miR-5011-5p,mirtarbase,Tier_B,HITS-CLIP,validated
COL8A1,hsa-miR-4789-3p,mirtarbase,Tier_B,PAR-CLIP,validated
COL8A1,hsa-miR-4789-3p,mirtarbase,Tier_B,PAR-CLIP//HITS-CLIP,validated
COL8A1,hsa-miR-4789-3p,mirtarbase,Tier_B,HITS-CLIP,validated
COL8A1,hsa-miR-8485,mirtarbase,Tier_B,PAR-CLIP,validated
COL8A1,hsa-miR-8485,mirtarbase,Tier_B,PAR-CLIP//HITS-CLIP,validated
COL8A1,hsa-miR-8485,mirtarbase,Tier_B,HITS-CLIP,validated
COL8A1,hsa-miR-3186-3p,mirtarbase,Tier_B,HITS-CLIP,validated
COL8A1,hsa-miR-3939,mirtarbase,Tier_B,HITS-CLIP,validated
COL8A1,hsa-miR-6514-3p,mirtarbase,Tier_B,HITS-CLIP,validated
COL8A1,hsa-miR-7977,mirtarbase,Tier_B,HITS-CLIP,validated
COL8A1,hsa-miR-24-3p,mirtarbase,Tier_B,HITS-CLIP,validated
COL8A1,hsa-miR-4284,mirtarbase,Tier_B,HITS-CLIP,validated
COL8A1,hsa-miR-4743-5p,mirtarbase,Tier_B,HITS-CLIP,validated
COL8A1,hsa-miR-564,mirtarbase,Tier_B,HITS-CLIP,validated
COL8A1,hsa-miR-6847-3p,mirtarbase,Tier_B,HITS-CLIP,validated
COL8A1,hsa-miR-6811-3p,mirtarbase,Tier_B,HITS-CLIP,validated
COL8A1,hsa-miR-214-5p,mirtarbase,Tier_B,HITS-CLIP,validated
COL8A1,hsa-miR-383-3p,mirtarbase,Tier_B,HITS-CLIP,validated
ISM1,hsa-miR-6083,mirtarbase,Tier_B,HITS-CLIP,validated
ISM1,hsa-miR-4725-5p,mirtarbase,Tier_B,HITS-CLIP,validated
ISM1,hsa-miR-6832-3p,mirtarbase,Tier_B,HITS-CLIP,validated
COL3A1,hsa-miR-29c-3p,mirtarbase,Tier_A,Luciferase reporter assay//Reporter assay;Other,validated
COL3A1,hsa-miR-29c-3p,mirtarbase,Tier_A,Luciferase reporter assay,validated
COL3A1,hsa-miR-29c-3p,mirtarbase,Tier_A,Immunoblot//Luciferase reporter assay//qRT-PCR//Western blot,validated
COL3A1,hsa-miR-29b-3p,mirtarbase,Tier_A,Luciferase reporter assay//qRT-PCR//Western blot,validated
COL3A1,hsa-miR-29b-3p,mirtarbase,Tier_B,Microarray,validated
COL3A1,hsa-miR-29b-3p,mirtarbase,Tier_A,Luciferase reporter assay,validated
COL3A1,hsa-miR-29b-3p,mirtarbase,Tier_A,qRT-PCR,validated
COL3A1,hsa-miR-335-5p,mirtarbase,Tier_B,Microarray,validated
COL3A1,hsa-miR-29a-3p,mirtarbase,Tier_A,Luciferase reporter assay,validated
COL3A1,hsa-miR-29a-3p,mirtarbase,Tier_A,Next Generation Sequencing (NGS)//qRT-PCR//Western blot,validated
COL3A1,hsa-miR-455-3p,mirtarbase,Tier_B,CLASH,validated
COL3A1,hsa-let-7b-5p,mirtarbase,Tier_A,Luciferase reporter assay//Microarray//qRT-PCR,validated
COL3A1,hsa-miR-767-5p,mirtarbase,Tier_A,Luciferase reporter assay,validated
COL3A1,hsa-miR-143-3p,mirtarbase,Tier_A,In situ hybridization//qRT-PCR//Western blot,validated
COL3A1,hsa-miR-29b-1-5p,mirtarbase,Tier_A,Luciferase reporter assay//qRT-PCR,validated
COL3A1,hsa-let-7d-5p,mirtarbase,Tier_A,ELISA//Immunohistochemistry//qRT-PCR//Western blot,validated
COL3A1,hsa-miR-29a-5p,mirtarbase,Tier_A,Flow//Immunohistochemistry//qRT-PCR//Western blot,validated
COL3A1,hsa-miR-29c-3p,mirtarbase,Tier_A,Luciferase reporter assay//Other//Reporter assay;Other//Immunoblot//qRT-PCR//Western blot,validated
COL3A1,hsa-miR-29b-3p,mirtarbase,Tier_A,Luciferase reporter assay//qRT-PCR//Western blot//Other//Microarray,validated
COL3A1,hsa-miR-29a-3p,mirtarbase,Tier_A,Other//Luciferase reporter assay//Next Generation Sequencing (NGS)//qRT-PCR//Western blot//microarray,validated
COL3A1,hsa-let-7e-3p,mirtarbase,Tier_A,qRT-PCR,validated
COL3A1,hsa-miR-29a-3p,tarbase,Tier_B,HITS-CLIP//PAR-CLIP//Microarrays//Luciferase Reporter Assay,validated
COL3A1,hsa-miR-29b-3p,tarbase,Tier_B,HITS-CLIP//PAR-CLIP//sRNA-Seq//Luciferase Reporter Assay,validated
COL3A1,hsa-miR-29c-3p,tarbase,Tier_B,HITS-CLIP//PAR-CLIP//Luciferase Reporter Assay,validated
COL3A1,hsa-let-7e-5p,tarbase,Tier_B,PAR-CLIP//HITS-CLIP,validated
COL3A1,hsa-miR-196a-5p,tarbase,Tier_B,PAR-CLIP//HITS-CLIP,validated
COL3A1,hsa-let-7i-5p,tarbase,Tier_B,PAR-CLIP//HITS-CLIP,validated
COL3A1,hsa-let-7g-5p,tarbase,Tier_B,PAR-CLIP//HITS-CLIP,validated
COL3A1,hsa-let-7f-5p,tarbase,Tier_B,PAR-CLIP//HITS-CLIP,validated
COL3A1,hsa-let-7a-5p,tarbase,Tier_B,PAR-CLIP//HITS-CLIP,validated
COL3A1,hsa-miR-98-5p,tarbase,Tier_B,PAR-CLIP//HITS-CLIP,validated
COL3A1,hsa-let-7d-5p,tarbase,Tier_B,PAR-CLIP//HITS-CLIP,validated
COL3A1,hsa-miR-196b-5p,tarbase,Tier_B,PAR-CLIP//HITS-CLIP,validated
COL3A1,hsa-let-7b-5p,tarbase,Tier_B,HITS-CLIP,validated
COL3A1,hsa-let-7c-5p,tarbase,Tier_B,HITS-CLIP//PAR-CLIP,validated
COL3A1,hsa-miR-138-5p,tarbase,Tier_B,HITS-CLIP,validated
COL3A1,hsa-miR-143-5p,tarbase,Tier_B,HITS-CLIP,validated
COL3A1,hsa-miR-15b-5p,tarbase,Tier_B,HITS-CLIP//PAR-CLIP,validated
COL3A1,hsa-miR-16-2-3p,tarbase,Tier_B,HITS-CLIP,validated
COL3A1,hsa-miR-16-5p,tarbase,Tier_B,HITS-CLIP,validated
COL3A1,hsa-miR-17-5p,tarbase,Tier_B,HITS-CLIP//PAR-CLIP,validated
COL3A1,hsa-miR-181a-5p,tarbase,Tier_B,HITS-CLIP,validated
COL3A1,hsa-miR-181b-5p,tarbase,Tier_B,HITS-CLIP,validated
COL3A1,hsa-miR-181d-5p,tarbase,Tier_B,HITS-CLIP,validated
COL3A1,hsa-miR-185-5p,tarbase,Tier_B,HITS-CLIP,validated
COL3A1,hsa-miR-186-5p,tarbase,Tier_B,HITS-CLIP,validated
COL3A1,hsa-miR-191-5p,tarbase,Tier_B,HITS-CLIP,validated
COL3A1,hsa-miR-193b-3p,tarbase,Tier_B,HITS-CLIP,validated
COL3A1,hsa-miR-19b-3p,tarbase,Tier_B,HITS-CLIP,validated
COL3A1,hsa-miR-20a-5p,tarbase,Tier_B,HITS-CLIP,validated
COL3A1,hsa-miR-24-3p,tarbase,Tier_B,HITS-CLIP,validated
COL3A1,hsa-miR-25-3p,tarbase,Tier_B,HITS-CLIP//PAR-CLIP,validated
COL3A1,hsa-miR-2682-5p,tarbase,Tier_B,HITS-CLIP,validated
COL3A1,hsa-miR-34a-5p,tarbase,Tier_B,HITS-CLIP,validated
COL3A1,hsa-miR-423-3p,tarbase,Tier_B,HITS-CLIP,validated
COL3A1,hsa-miR-423-5p,tarbase,Tier_B,HITS-CLIP,validated
COL3A1,hsa-miR-452-5p,tarbase,Tier_B,HITS-CLIP,validated
COL3A1,hsa-miR-92a-3p,tarbase,Tier_B,HITS-CLIP//PAR-CLIP,validated
COL3A1,hsa-miR-92b-3p,tarbase,Tier_B,HITS-CLIP//PAR-CLIP,validated
COL3A1,hsa-miR-99b-3p,tarbase,Tier_B,HITS-CLIP,validated
COL3A1,hsa-miR-1271-5p,tarbase,Tier_B,HITS-CLIP//RNA-Seq,validated
COL3A1,hsa-miR-146a-5p,tarbase,Tier_B,HITS-CLIP,validated
COL3A1,hsa-miR-146b-5p,tarbase,Tier_B,HITS-CLIP,validated
COL3A1,hsa-miR-15a-5p,tarbase,Tier_B,HITS-CLIP//PAR-CLIP,validated
COL3A1,hsa-miR-17-3p,tarbase,Tier_B,HITS-CLIP,validated
COL3A1,hsa-miR-193a-3p,tarbase,Tier_B,HITS-CLIP,validated
COL3A1,hsa-miR-195-5p,tarbase,Tier_B,HITS-CLIP//PAR-CLIP,validated
COL3A1,hsa-miR-204-5p,tarbase,Tier_B,HITS-CLIP,validated
COL3A1,hsa-miR-214-3p,tarbase,Tier_B,HITS-CLIP,validated
COL3A1,hsa-miR-28-5p,tarbase,Tier_B,HITS-CLIP//PAR-CLIP,validated
COL3A1,hsa-miR-31-5p,tarbase,Tier_B,HITS-CLIP,validated
COL3A1,hsa-miR-3117-3p,tarbase,Tier_B,HITS-CLIP,validated
COL3A1,hsa-miR-3152-5p,tarbase,Tier_B,HITS-CLIP,validated
COL3A1,hsa-miR-33a-5p,tarbase,Tier_B,HITS-CLIP,validated
COL3A1,hsa-miR-33b-5p,tarbase,Tier_B,HITS-CLIP,validated
COL3A1,hsa-miR-424-5p,tarbase,Tier_B,HITS-CLIP//PAR-CLIP,validated
COL3A1,hsa-miR-4454,tarbase,Tier_B,HITS-CLIP,validated
COL3A1,hsa-miR-503-5p,tarbase,Tier_B,HITS-CLIP,validated
COL3A1,hsa-miR-589-5p,tarbase,Tier_B,HITS-CLIP,validated
COL3A1,hsa-miR-708-5p,tarbase,Tier_B,HITS-CLIP,validated
COL3A1,hsa-miR-106b-5p,tarbase,Tier_B,HITS-CLIP//PAR-CLIP,validated
COL3A1,hsa-miR-15b-3p,tarbase,Tier_B,HITS-CLIP,validated
COL3A1,hsa-miR-182-5p,tarbase,Tier_B,HITS-CLIP//PAR-CLIP,validated
COL3A1,hsa-miR-197-3p,tarbase,Tier_B,HITS-CLIP,validated
COL3A1,hsa-miR-431-3p,tarbase,Tier_B,HITS-CLIP,validated
COL3A1,hsa-miR-93-5p,tarbase,Tier_B,HITS-CLIP,validated
COL3A1,hsa-miR-106a-5p,tarbase,Tier_B,HITS-CLIP//PAR-CLIP,validated
COL3A1,hsa-miR-142-5p,tarbase,Tier_B,HITS-CLIP,validated
COL3A1,hsa-miR-18a-5p,tarbase,Tier_B,HITS-CLIP,validated
COL3A1,hsa-miR-194-5p,tarbase,Tier_B,HITS-CLIP,validated
COL3A1,hsa-miR-19a-3p,tarbase,Tier_B,HITS-CLIP//PAR-CLIP,validated
COL3A1,hsa-miR-20b-5p,tarbase,Tier_B,HITS-CLIP//RNA-Seq,validated
COL3A1,hsa-miR-21-5p,tarbase,Tier_B,HITS-CLIP,validated
COL3A1,hsa-miR-216a-3p,tarbase,Tier_B,HITS-CLIP,validated
COL3A1,hsa-miR-2278,tarbase,Tier_B,HITS-CLIP,validated
COL3A1,hsa-miR-642a-3p,tarbase,Tier_B,HITS-CLIP,validated
COL3A1,hsa-miR-642b-3p,tarbase,Tier_B,HITS-CLIP,validated
COL3A1,hsa-miR-7-5p,tarbase,Tier_B,HITS-CLIP//sRNA-Seq,validated
COL3A1,hsa-miR-101-3p,tarbase,Tier_B,HITS-CLIP//PAR-CLIP,validated
COL3A1,hsa-miR-324-5p,tarbase,Tier_B,HITS-CLIP,validated
COL3A1,hsa-miR-374b-5p,tarbase,Tier_B,HITS-CLIP//PAR-CLIP,validated
COL3A1,hsa-miR-1-3p,tarbase,Tier_B,HITS-CLIP//RNA-Seq//RPF-Seq,validated
COL3A1,hsa-miR-10b-5p,tarbase,Tier_B,HITS-CLIP,validated
COL3A1,hsa-miR-125b-5p,tarbase,Tier_B,HITS-CLIP,validated
COL3A1,hsa-miR-133a-3p,tarbase,Tier_B,HITS-CLIP//PAR-CLIP,validated
COL3A1,hsa-miR-133b,tarbase,Tier_B,HITS-CLIP,validated
COL3A1,hsa-miR-433-3p,tarbase,Tier_B,HITS-CLIP,validated
COL3A1,hsa-miR-320b,tarbase,Tier_B,PAR-CLIP,validated
COL3A1,hsa-let-7i-3p,tarbase,Tier_B,PAR-CLIP,validated
COL3A1,hsa-miR-497-5p,tarbase,Tier_B,PAR-CLIP,validated
COL3A1,hsa-miR-9-5p,tarbase,Tier_B,PAR-CLIP,validated
COL3A1,hsa-miR-199b-5p,tarbase,Tier_B,PAR-CLIP,validated
COL3A1,hsa-miR-27b-3p,tarbase,Tier_B,PAR-CLIP,validated
COL3A1,hsa-miR-7-1-3p,tarbase,Tier_B,PAR-CLIP,validated
COL3A1,hsa-miR-374a-5p,tarbase,Tier_B,PAR-CLIP,validated
COL3A1,hsa-miR-183-5p,tarbase,Tier_B,PAR-CLIP,validated
COL3A1,hsa-miR-335-3p,tarbase,Tier_B,PAR-CLIP//sRNA-Seq,validated
COL3A1,hsa-miR-199a-5p,tarbase,Tier_B,PAR-CLIP,validated
COL3A1,hsa-miR-126-5p,tarbase,Tier_B,PAR-CLIP,validated
COL3A1,hsa-miR-29b-1-5p,tarbase,Tier_B,PAR-CLIP,validated
COL3A1,hsa-miR-19b-1-5p,tarbase,Tier_B,PAR-CLIP,validated
COL3A1,hsa-miR-103a-3p,tarbase,Tier_B,HITS-CLIP,validated
COL3A1,hsa-miR-450a-5p,tarbase,Tier_B,RNA-Seq,validated
COL3A1,hsa-miR-767-5p,tarbase,Tier_B,Luciferase Reporter Assay,validated
COL3A1,hsa-miR-494-3p,tarbase,Tier_B,RIP-Seq,validated
COL3A1,hsa-miR-335-5p,tarbase,Tier_B,Microarrays,validated
COL11A1,hsa-let-7a-5p,tarbase,Tier_B,HITS-CLIP,validated
COL11A1,hsa-miR-125b-5p,tarbase,Tier_B,HITS-CLIP,validated
COL11A1,hsa-miR-130a-3p,tarbase,Tier_B,HITS-CLIP,validated
COL11A1,hsa-miR-146a-5p,tarbase,Tier_B,HITS-CLIP,validated
COL11A1,hsa-miR-196a-5p,tarbase,Tier_B,HITS-CLIP,validated
COL11A1,hsa-miR-19b-3p,tarbase,Tier_B,HITS-CLIP,validated
COL11A1,hsa-miR-29a-3p,tarbase,Tier_B,HITS-CLIP//qCLASH,validated
COL11A1,hsa-miR-29b-3p,tarbase,Tier_B,HITS-CLIP//qCLASH,validated
COL11A1,hsa-miR-34a-5p,tarbase,Tier_B,HITS-CLIP,validated
COL11A1,hsa-miR-425-5p,tarbase,Tier_B,HITS-CLIP,validated
COL11A1,hsa-miR-671-5p,tarbase,Tier_B,HITS-CLIP,validated
COL11A1,hsa-miR-29c-3p,tarbase,Tier_B,HITS-CLIP,validated
COL11A1,hsa-let-7g-3p,tarbase,Tier_B,HITS-CLIP,validated
COL11A1,hsa-miR-101-3p,tarbase,Tier_B,HITS-CLIP,validated
COL11A1,hsa-miR-106a-5p,tarbase,Tier_B,HITS-CLIP,validated
COL11A1,hsa-miR-124-3p,tarbase,Tier_B,HITS-CLIP,validated
COL11A1,hsa-miR-142-5p,tarbase,Tier_B,HITS-CLIP,validated
COL11A1,hsa-miR-144-3p,tarbase,Tier_B,HITS-CLIP,validated
COL11A1,hsa-miR-154-3p,tarbase,Tier_B,HITS-CLIP,validated
COL11A1,hsa-miR-16-1-3p,tarbase,Tier_B,HITS-CLIP,validated
COL11A1,hsa-miR-17-5p,tarbase,Tier_B,HITS-CLIP,validated
COL11A1,hsa-miR-18a-5p,tarbase,Tier_B,HITS-CLIP,validated
COL11A1,hsa-miR-18b-5p,tarbase,Tier_B,HITS-CLIP,validated
COL11A1,hsa-miR-20a-5p,tarbase,Tier_B,HITS-CLIP,validated
COL11A1,hsa-miR-20b-5p,tarbase,Tier_B,HITS-CLIP,validated
COL11A1,hsa-miR-297,tarbase,Tier_B,HITS-CLIP,validated
COL11A1,hsa-miR-324-3p,tarbase,Tier_B,HITS-CLIP,validated
COL11A1,hsa-miR-374a-5p,tarbase,Tier_B,HITS-CLIP,validated
COL11A1,hsa-miR-499a-5p,tarbase,Tier_B,HITS-CLIP,validated
COL11A1,hsa-miR-876-3p,tarbase,Tier_B,HITS-CLIP,validated
COL11A1,hsa-miR-93-5p,tarbase,Tier_B,HITS-CLIP,validated
COL11A1,hsa-let-7d-5p,tarbase,Tier_B,HITS-CLIP,validated
COL11A1,hsa-miR-1271-3p,tarbase,Tier_B,HITS-CLIP,validated
COL11A1,hsa-miR-25-3p,tarbase,Tier_B,HITS-CLIP,validated
COL11A1,hsa-miR-27a-3p,tarbase,Tier_B,HITS-CLIP,validated
COL11A1,hsa-miR-92a-3p,tarbase,Tier_B,HITS-CLIP//qCLASH,validated
COL11A1,hsa-miR-92b-3p,tarbase,Tier_B,HITS-CLIP,validated
COL11A1,hsa-miR-139-5p,tarbase,Tier_B,HITS-CLIP,validated
COL11A1,hsa-miR-30a-3p,tarbase,Tier_B,HITS-CLIP,validated
COL11A1,hsa-miR-30e-3p,tarbase,Tier_B,HITS-CLIP,validated
COL11A1,hsa-miR-3149,tarbase,Tier_B,HITS-CLIP,validated
COL11A1,hsa-miR-33b-5p,tarbase,Tier_B,HITS-CLIP,validated
COL11A1,hsa-miR-532-5p,tarbase,Tier_B,HITS-CLIP,validated
COL11A1,hsa-miR-656-3p,tarbase,Tier_B,HITS-CLIP,validated
COL11A1,hsa-miR-664b-3p,tarbase,Tier_B,HITS-CLIP,validated
COL11A1,hsa-miR-767-5p,tarbase,Tier_B,HITS-CLIP,validated
COL11A1,hsa-miR-130b-3p,tarbase,Tier_B,HITS-CLIP,validated
COL11A1,hsa-miR-148b-5p,tarbase,Tier_B,HITS-CLIP,validated
COL11A1,hsa-miR-19a-3p,tarbase,Tier_B,HITS-CLIP,validated
COL11A1,hsa-miR-19b-1-5p,tarbase,Tier_B,HITS-CLIP,validated
COL11A1,hsa-miR-2276-3p,tarbase,Tier_B,HITS-CLIP,validated
COL11A1,hsa-miR-30a-5p,tarbase,Tier_B,HITS-CLIP,validated
COL11A1,hsa-miR-454-3p,tarbase,Tier_B,HITS-CLIP,validated
COL11A1,hsa-miR-6514-5p,tarbase,Tier_B,HITS-CLIP,validated
COL11A1,hsa-miR-15b-5p,tarbase,Tier_B,qCLASH,validated
COL11A1,hsa-miR-16-5p,tarbase,Tier_B,qCLASH,validated
COL11A1,hsa-miR-195-5p,tarbase,Tier_B,qCLASH,validated
COL11A1,hsa-miR-125a-5p,tarbase,Tier_B,qCLASH,validated
COL11A1,hsa-miR-450a-5p,tarbase,Tier_B,RNA-Seq,validated
COL11A1,hsa-miR-335-5p,tarbase,Tier_B,Microarrays,validated
COL11A1,hsa-miR-1-3p,tarbase,Tier_B,RNA-Seq,validated
FN1,hsa-miR-302b-3p,tarbase,Tier_B,PAR-CLIP//HITS-CLIP,validated
FN1,hsa-miR-302c-3p,tarbase,Tier_B,PAR-CLIP,validated
FN1,hsa-miR-484,tarbase,Tier_B,PAR-CLIP,validated
FN1,hsa-miR-302e,tarbase,Tier_B,PAR-CLIP,validated
FN1,hsa-miR-210-3p,tarbase,Tier_B,PAR-CLIP//HITS-CLIP,validated
FN1,hsa-miR-512-3p,tarbase,Tier_B,PAR-CLIP,validated
FN1,hsa-miR-302a-3p,tarbase,Tier_B,PAR-CLIP//HITS-CLIP,validated
FN1,hsa-miR-34a-5p,tarbase,Tier_B,PAR-CLIP//HITS-CLIP//qCLASH//Microarrays,validated
FN1,hsa-miR-26a-5p,tarbase,Tier_B,HITS-CLIP//qCLASH,validated
FN1,hsa-let-7a-5p,tarbase,Tier_B,PAR-CLIP//HITS-CLIP//qCLASH,validated
FN1,hsa-let-7b-5p,tarbase,Tier_B,PAR-CLIP//HITS-CLIP//qCLASH//Microarrays,validated
FN1,hsa-miR-135b-3p,tarbase,Tier_B,PAR-CLIP,validated
FN1,hsa-miR-940,tarbase,Tier_B,PAR-CLIP,validated
FN1,hsa-miR-455-5p,tarbase,Tier_B,PAR-CLIP//qCLASH,validated
FN1,hsa-miR-182-5p,tarbase,Tier_B,PAR-CLIP//qCLASH,validated
FN1,hsa-miR-191-5p,tarbase,Tier_B,PAR-CLIP//HITS-CLIP//qCLASH,validated
FN1,hsa-miR-92a-1-5p,tarbase,Tier_B,PAR-CLIP,validated
FN1,hsa-miR-671-5p,tarbase,Tier_B,PAR-CLIP//HITS-CLIP,validated
FN1,hsa-let-7c-5p,tarbase,Tier_B,HITS-CLIP//PAR-CLIP//qCLASH,validated
FN1,hsa-let-7d-5p,tarbase,Tier_B,HITS-CLIP//PAR-CLIP//qCLASH,validated
FN1,hsa-let-7e-5p,tarbase,Tier_B,HITS-CLIP//PAR-CLIP//qCLASH,validated
FN1,hsa-let-7f-2-3p,tarbase,Tier_B,HITS-CLIP,validated
FN1,hsa-let-7f-5p,tarbase,Tier_B,HITS-CLIP//PAR-CLIP//qCLASH,validated
FN1,hsa-let-7g-5p,tarbase,Tier_B,HITS-CLIP//PAR-CLIP//qCLASH,validated
FN1,hsa-let-7i-5p,tarbase,Tier_B,HITS-CLIP//PAR-CLIP//qCLASH,validated
FN1,hsa-miR-1-3p,tarbase,Tier_B,HITS-CLIP//RPF-Seq//RNA-Seq//Luciferase Reporter Assay//Western Blot//Microarrays,validated
FN1,hsa-miR-101-3p,tarbase,Tier_B,HITS-CLIP//PAR-CLIP,validated
FN1,hsa-miR-10395-3p,tarbase,Tier_B,HITS-CLIP,validated
FN1,hsa-miR-103a-3p,tarbase,Tier_B,HITS-CLIP//PAR-CLIP,validated
FN1,hsa-miR-106b-5p,tarbase,Tier_B,HITS-CLIP//PAR-CLIP,validated
FN1,hsa-miR-107,tarbase,Tier_B,HITS-CLIP//PAR-CLIP,validated
FN1,hsa-miR-125b-1-3p,tarbase,Tier_B,HITS-CLIP,validated
FN1,hsa-miR-125b-5p,tarbase,Tier_B,HITS-CLIP//PAR-CLIP,validated
FN1,hsa-miR-1271-5p,tarbase,Tier_B,HITS-CLIP//RNA-Seq,validated
FN1,hsa-miR-130a-3p,tarbase,Tier_B,HITS-CLIP//PAR-CLIP//sRNA-Seq,validated
FN1,hsa-miR-132-3p,tarbase,Tier_B,HITS-CLIP//Western Blot,validated
FN1,hsa-miR-138-5p,tarbase,Tier_B,HITS-CLIP//qCLASH,validated
FN1,hsa-miR-140-5p,tarbase,Tier_B,HITS-CLIP,validated
FN1,hsa-miR-145-3p,tarbase,Tier_B,HITS-CLIP,validated
FN1,hsa-miR-146b-5p,tarbase,Tier_B,HITS-CLIP,validated
FN1,hsa-miR-148a-3p,tarbase,Tier_B,HITS-CLIP//PAR-CLIP,validated
FN1,hsa-miR-148b-3p,tarbase,Tier_B,HITS-CLIP//PAR-CLIP,validated
FN1,hsa-miR-152-3p,tarbase,Tier_B,HITS-CLIP,validated
FN1,hsa-miR-15b-5p,tarbase,Tier_B,HITS-CLIP//PAR-CLIP//qCLASH,validated
FN1,hsa-miR-16-5p,tarbase,Tier_B,HITS-CLIP//PAR-CLIP//qCLASH//Microarrays,validated
FN1,hsa-miR-17-5p,tarbase,Tier_B,HITS-CLIP//PAR-CLIP//qCLASH//RNA-Seq,validated
FN1,hsa-miR-181a-5p,tarbase,Tier_B,HITS-CLIP//qCLASH,validated
FN1,hsa-miR-181b-5p,tarbase,Tier_B,HITS-CLIP//qCLASH,validated
FN1,hsa-miR-181d-5p,tarbase,Tier_B,HITS-CLIP//PAR-CLIP,validated
FN1,hsa-miR-185-5p,tarbase,Tier_B,HITS-CLIP,validated
FN1,hsa-miR-193a-5p,tarbase,Tier_B,HITS-CLIP,validated
FN1,hsa-miR-193b-3p,tarbase,Tier_B,HITS-CLIP//RNA-Seq,validated
FN1,hsa-miR-195-5p,tarbase,Tier_B,HITS-CLIP//PAR-CLIP,validated
FN1,hsa-miR-196a-5p,tarbase,Tier_B,HITS-CLIP//PAR-CLIP,validated
FN1,hsa-miR-196b-5p,tarbase,Tier_B,HITS-CLIP//PAR-CLIP,validated
FN1,hsa-miR-199a-3p,tarbase,Tier_B,HITS-CLIP,validated
FN1,hsa-miR-199b-3p,tarbase,Tier_B,HITS-CLIP,validated
FN1,hsa-miR-19b-3p,tarbase,Tier_B,HITS-CLIP//PAR-CLIP//qCLASH,validated
FN1,hsa-miR-20a-5p,tarbase,Tier_B,HITS-CLIP//PAR-CLIP//qCLASH,validated
FN1,hsa-miR-21-5p,tarbase,Tier_B,HITS-CLIP//PAR-CLIP//qCLASH,validated
FN1,hsa-miR-214-3p,tarbase,Tier_B,HITS-CLIP,validated
FN1,hsa-miR-218-5p,tarbase,Tier_B,HITS-CLIP//PAR-CLIP,validated
FN1,hsa-miR-221-3p,tarbase,Tier_B,HITS-CLIP,validated
FN1,hsa-miR-222-3p,tarbase,Tier_B,HITS-CLIP//PAR-CLIP//qCLASH,validated
FN1,hsa-miR-23a-3p,tarbase,Tier_B,HITS-CLIP//PAR-CLIP//qCLASH,validated
FN1,hsa-miR-23b-3p,tarbase,Tier_B,HITS-CLIP//PAR-CLIP//qCLASH//RNA-Seq,validated
FN1,hsa-miR-24-3p,tarbase,Tier_B,HITS-CLIP//PAR-CLIP//qCLASH,validated
FN1,hsa-miR-25-3p,tarbase,Tier_B,HITS-CLIP//PAR-CLIP//qCLASH,validated
FN1,hsa-miR-2682-5p,tarbase,Tier_B,HITS-CLIP,validated
FN1,hsa-miR-26b-5p,tarbase,Tier_B,HITS-CLIP//qCLASH//Microarrays//Western Blot,validated
FN1,hsa-miR-27a-3p,tarbase,Tier_B,HITS-CLIP//PAR-CLIP//qCLASH,validated
FN1,hsa-miR-27b-3p,tarbase,Tier_B,HITS-CLIP//PAR-CLIP//qCLASH,validated
FN1,hsa-miR-28-5p,tarbase,Tier_B,HITS-CLIP//PAR-CLIP,validated
FN1,hsa-miR-29a-3p,tarbase,Tier_B,HITS-CLIP//PAR-CLIP//qCLASH,validated
FN1,hsa-miR-29b-3p,tarbase,Tier_B,HITS-CLIP//PAR-CLIP//qCLASH//sRNA-Seq//Western Blot,validated
FN1,hsa-miR-30a-5p,tarbase,Tier_B,HITS-CLIP//PAR-CLIP//qCLASH,validated
FN1,hsa-miR-30c-2-3p,tarbase,Tier_B,HITS-CLIP//PAR-CLIP,validated
FN1,hsa-miR-30d-5p,tarbase,Tier_B,HITS-CLIP//PAR-CLIP,validated
FN1,hsa-miR-30e-5p,tarbase,Tier_B,HITS-CLIP//PAR-CLIP,validated
FN1,hsa-miR-31-5p,tarbase,Tier_B,HITS-CLIP//PAR-CLIP,validated
FN1,hsa-miR-342-3p,tarbase,Tier_B,HITS-CLIP//PAR-CLIP,validated
FN1,hsa-miR-345-5p,tarbase,Tier_B,HITS-CLIP//PAR-CLIP,validated
FN1,hsa-miR-361-5p,tarbase,Tier_B,HITS-CLIP//PAR-CLIP,validated
FN1,hsa-miR-379-5p,tarbase,Tier_B,HITS-CLIP,validated
FN1,hsa-miR-3909,tarbase,Tier_B,HITS-CLIP,validated
FN1,hsa-miR-423-5p,tarbase,Tier_B,HITS-CLIP//PAR-CLIP//qCLASH,validated
FN1,hsa-miR-425-5p,tarbase,Tier_B,HITS-CLIP//PAR-CLIP,validated
FN1,hsa-miR-432-5p,tarbase,Tier_B,HITS-CLIP,validated
FN1,hsa-miR-4326,tarbase,Tier_B,HITS-CLIP,validated
FN1,hsa-miR-433-3p,tarbase,Tier_B,HITS-CLIP,validated
FN1,hsa-miR-493-5p,tarbase,Tier_B,HITS-CLIP,validated
FN1,hsa-miR-501-3p,tarbase,Tier_B,HITS-CLIP,validated
FN1,hsa-miR-502-3p,tarbase,Tier_B,HITS-CLIP,validated
FN1,hsa-miR-503-5p,tarbase,Tier_B,HITS-CLIP,validated
FN1,hsa-miR-505-3p,tarbase,Tier_B,HITS-CLIP,validated
FN1,hsa-miR-652-3p,tarbase,Tier_B,HITS-CLIP,validated
FN1,hsa-miR-654-5p,tarbase,Tier_B,HITS-CLIP,validated
FN1,hsa-miR-7-5p,tarbase,Tier_B,HITS-CLIP//PAR-CLIP//sRNA-Seq//Microarrays,validated
FN1,hsa-miR-744-5p,tarbase,Tier_B,HITS-CLIP//PAR-CLIP,validated
FN1,hsa-miR-93-5p,tarbase,Tier_B,HITS-CLIP//PAR-CLIP,validated
FN1,hsa-miR-98-5p,tarbase,Tier_B,HITS-CLIP//PAR-CLIP//qCLASH,validated
FN1,hsa-miR-99a-5p,tarbase,Tier_B,HITS-CLIP,validated
FN1,hsa-miR-129-2-3p,tarbase,Tier_B,HITS-CLIP,validated
FN1,hsa-miR-1301-3p,tarbase,Tier_B,HITS-CLIP,validated
FN1,hsa-miR-130b-3p,tarbase,Tier_B,HITS-CLIP//PAR-CLIP,validated
FN1,hsa-miR-134-5p,tarbase,Tier_B,HITS-CLIP,validated
FN1,hsa-miR-15a-5p,tarbase,Tier_B,HITS-CLIP//PAR-CLIP,validated
FN1,hsa-miR-19a-3p,tarbase,Tier_B,HITS-CLIP//PAR-CLIP,validated
FN1,hsa-miR-222-5p,tarbase,Tier_B,HITS-CLIP,validated
FN1,hsa-miR-23a-5p,tarbase,Tier_B,HITS-CLIP,validated
FN1,hsa-miR-30c-1-3p,tarbase,Tier_B,HITS-CLIP//PAR-CLIP,validated
FN1,hsa-miR-3152-5p,tarbase,Tier_B,HITS-CLIP,validated
FN1,hsa-miR-324-5p,tarbase,Tier_B,HITS-CLIP,validated
FN1,hsa-miR-33a-5p,tarbase,Tier_B,HITS-CLIP//PAR-CLIP,validated
FN1,hsa-miR-33b-5p,tarbase,Tier_B,HITS-CLIP,validated
FN1,hsa-miR-376a-3p,tarbase,Tier_B,HITS-CLIP//sRNA-Seq,validated
FN1,hsa-miR-376a-5p,tarbase,Tier_B,HITS-CLIP,validated
FN1,hsa-miR-424-5p,tarbase,Tier_B,HITS-CLIP//PAR-CLIP,validated
FN1,hsa-miR-4677-3p,tarbase,Tier_B,HITS-CLIP,validated
FN1,hsa-miR-574-5p,tarbase,Tier_B,HITS-CLIP//qCLASH//RNA-Seq,validated
FN1,hsa-miR-769-5p,tarbase,Tier_B,HITS-CLIP//PAR-CLIP,validated
FN1,hsa-miR-7974,tarbase,Tier_B,HITS-CLIP,validated
FN1,hsa-miR-148b-5p,tarbase,Tier_B,HITS-CLIP//PAR-CLIP,validated
FN1,hsa-miR-15b-3p,tarbase,Tier_B,HITS-CLIP//PAR-CLIP,validated
FN1,hsa-miR-181c-5p,tarbase,Tier_B,HITS-CLIP//PAR-CLIP,validated
FN1,hsa-miR-193a-3p,tarbase,Tier_B,HITS-CLIP//PAR-CLIP,validated
FN1,hsa-miR-301a-3p,tarbase,Tier_B,HITS-CLIP//PAR-CLIP,validated
FN1,hsa-miR-301b-3p,tarbase,Tier_B,HITS-CLIP//PAR-CLIP,validated
FN1,hsa-miR-3117-3p,tarbase,Tier_B,HITS-CLIP,validated
FN1,hsa-miR-320b,tarbase,Tier_B,HITS-CLIP//PAR-CLIP,validated
FN1,hsa-miR-330-5p,tarbase,Tier_B,HITS-CLIP//PAR-CLIP,validated
FN1,hsa-miR-376b-3p,tarbase,Tier_B,HITS-CLIP,validated
FN1,hsa-miR-4521,tarbase,Tier_B,HITS-CLIP,validated
FN1,hsa-miR-485-5p,tarbase,Tier_B,HITS-CLIP,validated
FN1,hsa-miR-493-3p,tarbase,Tier_B,HITS-CLIP,validated
FN1,hsa-miR-10a-5p,tarbase,Tier_B,HITS-CLIP//PAR-CLIP,validated
FN1,hsa-miR-1197,tarbase,Tier_B,HITS-CLIP,validated
FN1,hsa-miR-127-3p,tarbase,Tier_B,HITS-CLIP,validated
FN1,hsa-miR-1304-3p,tarbase,Tier_B,HITS-CLIP,validated
FN1,hsa-miR-139-5p,tarbase,Tier_B,HITS-CLIP,validated
FN1,hsa-miR-151a-5p,tarbase,Tier_B,HITS-CLIP//PAR-CLIP,validated
FN1,hsa-miR-181a-2-3p,tarbase,Tier_B,HITS-CLIP//PAR-CLIP,validated
FN1,hsa-miR-18a-5p,tarbase,Tier_B,HITS-CLIP//PAR-CLIP//qCLASH,validated
FN1,hsa-miR-214-5p,tarbase,Tier_B,HITS-CLIP,validated
FN1,hsa-miR-216a-3p,tarbase,Tier_B,HITS-CLIP,validated
FN1,hsa-miR-217-3p,tarbase,Tier_B,HITS-CLIP,validated
FN1,hsa-miR-29c-3p,tarbase,Tier_B,HITS-CLIP,validated
FN1,hsa-miR-423-3p,tarbase,Tier_B,HITS-CLIP//PAR-CLIP,validated
FN1,hsa-miR-454-3p,tarbase,Tier_B,HITS-CLIP//PAR-CLIP//qCLASH,validated
FN1,hsa-miR-500a-3p,tarbase,Tier_B,HITS-CLIP//PAR-CLIP,validated
FN1,hsa-miR-628-5p,tarbase,Tier_B,HITS-CLIP,validated
FN1,hsa-miR-92b-3p,tarbase,Tier_B,HITS-CLIP//PAR-CLIP,validated
FN1,hsa-miR-183-5p,tarbase,Tier_B,HITS-CLIP//PAR-CLIP//qCLASH,validated
FN1,hsa-let-7g-3p,tarbase,Tier_B,HITS-CLIP,validated
FN1,hsa-miR-147b-3p,tarbase,Tier_B,HITS-CLIP//PAR-CLIP,validated
FN1,hsa-miR-2115-5p,tarbase,Tier_B,HITS-CLIP,validated
FN1,hsa-miR-449b-5p,tarbase,Tier_B,HITS-CLIP//Microarrays,validated
FN1,hsa-miR-873-3p,tarbase,Tier_B,HITS-CLIP//PAR-CLIP,validated
FN1,hsa-miR-96-5p,tarbase,Tier_B,HITS-CLIP//qCLASH,validated
FN1,hsa-miR-106a-5p,tarbase,Tier_B,HITS-CLIP//PAR-CLIP,validated
FN1,hsa-miR-124-3p,tarbase,Tier_B,HITS-CLIP//RNA-Seq//Western Blot,validated
FN1,hsa-miR-142-5p,tarbase,Tier_B,HITS-CLIP,validated
FN1,hsa-miR-151b,tarbase,Tier_B,HITS-CLIP,validated
FN1,hsa-miR-30b-3p,tarbase,Tier_B,HITS-CLIP,validated
FN1,hsa-miR-320a-3p,tarbase,Tier_B,HITS-CLIP//qCLASH,validated
FN1,hsa-miR-320c,tarbase,Tier_B,HITS-CLIP,validated
FN1,hsa-miR-323b-3p,tarbase,Tier_B,HITS-CLIP,validated
FN1,hsa-miR-8485,tarbase,Tier_B,HITS-CLIP,validated
FN1,hsa-miR-876-3p,tarbase,Tier_B,HITS-CLIP,validated
FN1,hsa-miR-889-5p,tarbase,Tier_B,HITS-CLIP,validated
FN1,hsa-miR-92a-3p,tarbase,Tier_B,HITS-CLIP//PAR-CLIP//qCLASH,validated
FN1,hsa-miR-18b-5p,tarbase,Tier_B,HITS-CLIP,validated
FN1,hsa-miR-194-5p,tarbase,Tier_B,HITS-CLIP,validated
FN1,hsa-miR-1270,tarbase,Tier_B,HITS-CLIP,validated
FN1,hsa-miR-143-3p,tarbase,Tier_B,HITS-CLIP//PAR-CLIP,validated
FN1,hsa-miR-200c-3p,tarbase,Tier_B,HITS-CLIP//RNA-Seq//qPCR//Western Blot//Microarrays//Luciferase Reporter Assay,validated
FN1,hsa-miR-20b-5p,tarbase,Tier_B,HITS-CLIP//PAR-CLIP,validated
FN1,hsa-miR-28-3p,tarbase,Tier_B,HITS-CLIP,validated
FN1,hsa-miR-3085-3p,tarbase,Tier_B,HITS-CLIP,validated
FN1,hsa-miR-30b-5p,tarbase,Tier_B,HITS-CLIP,validated
FN1,hsa-miR-3117-5p,tarbase,Tier_B,HITS-CLIP,validated
FN1,hsa-miR-3200-3p,tarbase,Tier_B,HITS-CLIP,validated
FN1,hsa-miR-3200-5p,tarbase,Tier_B,HITS-CLIP,validated
FN1,hsa-miR-425-3p,tarbase,Tier_B,HITS-CLIP,validated
FN1,hsa-miR-4474-3p,tarbase,Tier_B,HITS-CLIP,validated
FN1,hsa-miR-449a,tarbase,Tier_B,HITS-CLIP,validated
FN1,hsa-miR-4664-5p,tarbase,Tier_B,HITS-CLIP,validated
FN1,hsa-miR-491-5p,tarbase,Tier_B,HITS-CLIP,validated
FN1,hsa-miR-532-5p,tarbase,Tier_B,HITS-CLIP,validated
FN1,hsa-miR-542-3p,tarbase,Tier_B,HITS-CLIP//PAR-CLIP,validated
FN1,hsa-miR-542-5p,tarbase,Tier_B,HITS-CLIP,validated
FN1,hsa-miR-664b-3p,tarbase,Tier_B,HITS-CLIP,validated
FN1,hsa-miR-6810-5p,tarbase,Tier_B,HITS-CLIP,validated
FN1,hsa-miR-758-5p,tarbase,Tier_B,HITS-CLIP,validated
FN1,hsa-miR-885-5p,tarbase,Tier_B,HITS-CLIP,validated
FN1,hsa-miR-9-3p,tarbase,Tier_B,HITS-CLIP//RNA-Seq,validated
FN1,hsa-miR-100-5p,tarbase,Tier_B,HITS-CLIP,validated
FN1,hsa-miR-1179,tarbase,Tier_B,HITS-CLIP,validated
FN1,hsa-miR-125a-3p,tarbase,Tier_B,HITS-CLIP//PAR-CLIP,validated
FN1,hsa-miR-1271-3p,tarbase,Tier_B,HITS-CLIP,validated
FN1,hsa-miR-1285-3p,tarbase,Tier_B,HITS-CLIP,validated
FN1,hsa-miR-133a-5p,tarbase,Tier_B,HITS-CLIP,validated
FN1,hsa-miR-136-5p,tarbase,Tier_B,HITS-CLIP,validated
FN1,hsa-miR-139-3p,tarbase,Tier_B,HITS-CLIP,validated
FN1,hsa-miR-151a-3p,tarbase,Tier_B,HITS-CLIP,validated
FN1,hsa-miR-153-5p,tarbase,Tier_B,HITS-CLIP,validated
FN1,hsa-miR-181c-3p,tarbase,Tier_B,HITS-CLIP,validated
FN1,hsa-miR-200b-3p,tarbase,Tier_B,HITS-CLIP//PAR-CLIP//qCLASH//RNA-Seq//Luciferase Reporter Assay,validated
FN1,hsa-miR-218-1-3p,tarbase,Tier_B,HITS-CLIP,validated
FN1,hsa-miR-29b-2-5p,tarbase,Tier_B,HITS-CLIP,validated
FN1,hsa-miR-30e-3p,tarbase,Tier_B,HITS-CLIP//PAR-CLIP,validated
FN1,hsa-miR-32-5p,tarbase,Tier_B,HITS-CLIP,validated
FN1,hsa-miR-377-5p,tarbase,Tier_B,HITS-CLIP,validated
FN1,hsa-miR-380-5p,tarbase,Tier_B,HITS-CLIP,validated
FN1,hsa-miR-4423-5p,tarbase,Tier_B,HITS-CLIP,validated
FN1,hsa-miR-4525,tarbase,Tier_B,HITS-CLIP,validated
FN1,hsa-miR-499a-3p,tarbase,Tier_B,HITS-CLIP,validated
FN1,hsa-miR-516b-5p,tarbase,Tier_B,HITS-CLIP,validated
FN1,hsa-miR-597-5p,tarbase,Tier_B,HITS-CLIP,validated
FN1,hsa-miR-129-1-3p,tarbase,Tier_B,HITS-CLIP,validated
FN1,hsa-miR-138-1-3p,tarbase,Tier_B,HITS-CLIP,validated
FN1,hsa-miR-203a-3p,tarbase,Tier_B,HITS-CLIP,validated
FN1,hsa-miR-219a-5p,tarbase,Tier_B,HITS-CLIP,validated
FN1,hsa-miR-30c-5p,tarbase,Tier_B,HITS-CLIP//PAR-CLIP//qCLASH,validated
FN1,hsa-miR-4510,tarbase,Tier_B,HITS-CLIP,validated
FN1,hsa-miR-519a-3p,tarbase,Tier_B,HITS-CLIP,validated
FN1,hsa-miR-1287-5p,tarbase,Tier_B,HITS-CLIP,validated
FN1,hsa-miR-146a-5p,tarbase,Tier_B,HITS-CLIP//PAR-CLIP,validated
FN1,hsa-miR-200a-5p,tarbase,Tier_B,HITS-CLIP//PAR-CLIP,validated
FN1,hsa-miR-22-5p,tarbase,Tier_B,HITS-CLIP//qCLASH,validated
FN1,hsa-miR-301a-5p,tarbase,Tier_B,HITS-CLIP,validated
FN1,hsa-miR-30a-3p,tarbase,Tier_B,HITS-CLIP//PAR-CLIP,validated
FN1,hsa-miR-340-3p,tarbase,Tier_B,HITS-CLIP,validated
FN1,hsa-miR-34c-5p,tarbase,Tier_B,HITS-CLIP,validated
FN1,hsa-miR-130b-5p,tarbase,Tier_B,HITS-CLIP,validated
FN1,hsa-miR-199a-5p,tarbase,Tier_B,HITS-CLIP,validated
FN1,hsa-miR-26b-3p,tarbase,Tier_B,HITS-CLIP//PAR-CLIP,validated
FN1,hsa-miR-330-3p,tarbase,Tier_B,HITS-CLIP,validated
FN1,hsa-miR-1269b,tarbase,Tier_B,HITS-CLIP,validated
FN1,hsa-miR-3613-5p,tarbase,Tier_B,HITS-CLIP//PAR-CLIP,validated
FN1,hsa-miR-574-3p,tarbase,Tier_B,HITS-CLIP//qCLASH,validated
FN1,hsa-miR-641,tarbase,Tier_B,HITS-CLIP,validated
FN1,hsa-miR-221-5p,tarbase,Tier_B,HITS-CLIP,validated
FN1,hsa-miR-511-5p,tarbase,Tier_B,HITS-CLIP,validated
FN1,hsa-miR-582-5p,tarbase,Tier_B,HITS-CLIP//PAR-CLIP,validated
FN1,hsa-miR-942-5p,tarbase,Tier_B,HITS-CLIP//PAR-CLIP,validated
FN1,hsa-miR-3187-3p,tarbase,Tier_B,HITS-CLIP,validated
FN1,hsa-miR-3664-3p,tarbase,Tier_B,HITS-CLIP,validated
FN1,hsa-miR-140-3p,tarbase,Tier_B,PAR-CLIP//qCLASH,validated
FN1,hsa-miR-378c,tarbase,Tier_B,PAR-CLIP,validated
FN1,hsa-miR-9-5p,tarbase,Tier_B,PAR-CLIP//RNA-Seq,validated
FN1,hsa-miR-625-5p,tarbase,Tier_B,PAR-CLIP,validated
FN1,hsa-miR-183-3p,tarbase,Tier_B,PAR-CLIP,validated
FN1,hsa-miR-10b-5p,tarbase,Tier_B,HITS-CLIP//qCLASH,validated
FN1,hsa-miR-196a-3p,tarbase,Tier_B,HITS-CLIP,validated
FN1,hsa-miR-2110,tarbase,Tier_B,HITS-CLIP,validated
FN1,hsa-miR-1226-3p,tarbase,Tier_B,PAR-CLIP,validated
FN1,hsa-miR-1234-3p,tarbase,Tier_B,PAR-CLIP,validated
FN1,hsa-miR-125a-5p,tarbase,Tier_B,PAR-CLIP//qCLASH,validated
FN1,hsa-miR-450a-5p,tarbase,Tier_B,PAR-CLIP,validated
FN1,hsa-miR-125b-2-3p,tarbase,Tier_B,PAR-CLIP,validated
FN1,hsa-miR-1296-5p,tarbase,Tier_B,PAR-CLIP,validated
FN1,hsa-miR-4709-5p,tarbase,Tier_B,PAR-CLIP,validated
FN1,hsa-miR-205-5p,tarbase,Tier_B,PAR-CLIP,validated
FN1,hsa-miR-1323,tarbase,Tier_B,PAR-CLIP,validated
FN1,hsa-miR-135b-5p,tarbase,Tier_B,PAR-CLIP//sRNA-Seq,validated
FN1,hsa-let-7d-3p,tarbase,Tier_B,PAR-CLIP,validated
FN1,hsa-miR-17-3p,tarbase,Tier_B,PAR-CLIP,validated
FN1,hsa-miR-615-3p,tarbase,Tier_B,PAR-CLIP,validated
FN1,hsa-miR-197-3p,tarbase,Tier_B,PAR-CLIP,validated
FN1,hsa-miR-636,tarbase,Tier_B,PAR-CLIP,validated
FN1,hsa-miR-197-5p,tarbase,Tier_B,PAR-CLIP,validated
FN1,hsa-miR-3652,tarbase,Tier_B,PAR-CLIP,validated
FN1,hsa-miR-331-3p,tarbase,Tier_B,PAR-CLIP,validated
FN1,hsa-miR-203b-5p,tarbase,Tier_B,PAR-CLIP,validated
FN1,hsa-miR-335-3p,tarbase,Tier_B,PAR-CLIP//sRNA-Seq,validated
FN1,hsa-miR-335-5p,tarbase,Tier_B,PAR-CLIP,validated
FN1,hsa-miR-1225-5p,tarbase,Tier_B,PAR-CLIP,validated
FN1,hsa-miR-374a-3p,tarbase,Tier_B,PAR-CLIP,validated
FN1,hsa-miR-128-3p,tarbase,Tier_B,PAR-CLIP,validated
FN1,hsa-miR-374b-5p,tarbase,Tier_B,PAR-CLIP,validated
FN1,hsa-miR-182-3p,tarbase,Tier_B,PAR-CLIP,validated
FN1,hsa-miR-320d,tarbase,Tier_B,PAR-CLIP,validated
FN1,hsa-miR-486-3p,tarbase,Tier_B,PAR-CLIP,validated
FN1,hsa-miR-520f-3p,tarbase,Tier_B,PAR-CLIP,validated
FN1,hsa-miR-22-3p,tarbase,Tier_B,PAR-CLIP,validated
FN1,hsa-miR-671-3p,tarbase,Tier_B,PAR-CLIP,validated
FN1,hsa-miR-1180-3p,tarbase,Tier_B,PAR-CLIP,validated
FN1,hsa-miR-760,tarbase,Tier_B,PAR-CLIP,validated
FN1,hsa-miR-1910-5p,tarbase,Tier_B,PAR-CLIP,validated
FN1,hsa-miR-4728-3p,tarbase,Tier_B,PAR-CLIP,validated
FN1,hsa-miR-4787-3p,tarbase,Tier_B,PAR-CLIP,validated
FN1,hsa-miR-30d-3p,tarbase,Tier_B,PAR-CLIP,validated
FN1,hsa-miR-363-3p,tarbase,Tier_B,PAR-CLIP,validated
FN1,hsa-miR-520c-3p,tarbase,Tier_B,PAR-CLIP,validated
FN1,hsa-miR-548k,tarbase,Tier_B,PAR-CLIP,validated
FN1,hsa-miR-582-3p,tarbase,Tier_B,PAR-CLIP,validated
FN1,hsa-miR-224-5p,tarbase,Tier_B,PAR-CLIP,validated
FN1,hsa-miR-2277-3p,tarbase,Tier_B,PAR-CLIP,validated
FN1,hsa-miR-3184-5p,tarbase,Tier_B,PAR-CLIP,validated
FN1,hsa-miR-429,tarbase,Tier_B,PAR-CLIP//qCLASH,validated
FN1,hsa-miR-181b-3p,tarbase,Tier_B,PAR-CLIP,validated
FN1,hsa-miR-372-3p,tarbase,Tier_B,PAR-CLIP,validated
FN1,hsa-miR-200a-3p,tarbase,Tier_B,PAR-CLIP//HITS-CLIP,validated
FN1,hsa-miR-375-3p,tarbase,Tier_B,PAR-CLIP,validated
FN1,hsa-miR-326,tarbase,Tier_B,PAR-CLIP,validated
FN1,hsa-miR-3074-5p,tarbase,Tier_B,PAR-CLIP,validated
FN1,hsa-miR-378a-3p,tarbase,Tier_B,PAR-CLIP,validated
FN1,hsa-miR-3184-3p,tarbase,Tier_B,PAR-CLIP,validated
FN1,hsa-miR-3529-3p,tarbase,Tier_B,PAR-CLIP,validated
FN1,hsa-miR-338-3p,tarbase,Tier_B,PAR-CLIP//HITS-CLIP,validated
FN1,hsa-miR-3609,tarbase,Tier_B,PAR-CLIP,validated
FN1,hsa-miR-3615,tarbase,Tier_B,PAR-CLIP,validated
FN1,hsa-miR-486-5p,tarbase,Tier_B,PAR-CLIP,validated
FN1,hsa-miR-877-5p,tarbase,Tier_B,PAR-CLIP,validated
FN1,hsa-miR-331-5p,tarbase,Tier_B,PAR-CLIP,validated
FN1,hsa-miR-3177-3p,tarbase,Tier_B,PAR-CLIP,validated
FN1,hsa-miR-451a,tarbase,Tier_B,PAR-CLIP,validated
FN1,hsa-miR-4664-3p,tarbase,Tier_B,PAR-CLIP,validated
FN1,hsa-miR-378i,tarbase,Tier_B,PAR-CLIP,validated
FN1,hsa-miR-133a-3p,tarbase,Tier_B,HITS-CLIP,validated
FN1,hsa-miR-133b,tarbase,Tier_B,HITS-CLIP//RNA-Seq,validated
FN1,hsa-miR-206,tarbase,Tier_B,HITS-CLIP//RNA-Seq//Western Blot,validated
FN1,hsa-miR-141-3p,tarbase,Tier_B,HITS-CLIP,validated
FN1,hsa-miR-145-5p,tarbase,Tier_B,HITS-CLIP,validated
FN1,hsa-miR-3157-5p,tarbase,Tier_B,HITS-CLIP,validated
FN1,hsa-miR-2278,tarbase,Tier_B,HITS-CLIP,validated
FN1,hsa-miR-411-3p,tarbase,Tier_B,HITS-CLIP,validated
FN1,hsa-miR-6820-3p,tarbase,Tier_B,HITS-CLIP,validated
FN1,hsa-miR-324-3p,tarbase,Tier_B,HITS-CLIP,validated
FN1,hsa-miR-5100,tarbase,Tier_B,HITS-CLIP,validated
FN1,hsa-miR-887-5p,tarbase,Tier_B,HITS-CLIP,validated
FN1,hsa-miR-1307-3p,tarbase,Tier_B,qCLASH,validated
FN1,hsa-miR-708-5p,tarbase,Tier_B,qCLASH,validated
FN1,hsa-miR-328-3p,tarbase,Tier_B,qCLASH,validated
FN1,hsa-miR-99b-5p,tarbase,Tier_B,qCLASH,validated
FN1,hsa-miR-365b-3p,tarbase,Tier_B,qCLASH,validated
FN1,hsa-miR-6500-3p,tarbase,Tier_B,qCLASH,validated
FN1,hsa-miR-155-5p,tarbase,Tier_B,RNA-Seq//Microarrays,validated
FN1,hsa-miR-106b-3p,tarbase,Tier_B,Western Blot,validated
FN1,hsa-miR-204-3p,tarbase,Tier_B,Luciferase Reporter Assay//Western Blot,validated
INHBA,hsa-miR-374a-5p,tarbase,Tier_B,PAR-CLIP,validated
INHBA,hsa-miR-19b-3p,tarbase,Tier_B,PAR-CLIP,validated
INHBA,hsa-miR-301a-3p,tarbase,Tier_B,PAR-CLIP,validated
INHBA,hsa-miR-29b-3p,tarbase,Tier_B,PAR-CLIP,validated
INHBA,hsa-miR-30a-5p,tarbase,Tier_B,PAR-CLIP,validated
INHBA,hsa-miR-887-3p,tarbase,Tier_B,PAR-CLIP,validated
INHBA,hsa-miR-19a-3p,tarbase,Tier_B,PAR-CLIP,validated
INHBA,hsa-miR-142-5p,tarbase,Tier_B,PAR-CLIP,validated
INHBA,hsa-miR-495-3p,tarbase,Tier_B,PAR-CLIP,validated
INHBA,hsa-miR-410-3p,tarbase,Tier_B,PAR-CLIP,validated
INHBA,hsa-miR-494-3p,tarbase,Tier_B,PAR-CLIP,validated
INHBA,hsa-miR-182-5p,tarbase,Tier_B,PAR-CLIP,validated
INHBA,hsa-let-7a-5p,tarbase,Tier_B,PAR-CLIP,validated
INHBA,hsa-miR-106b-5p,tarbase,Tier_B,PAR-CLIP,validated
INHBA,hsa-miR-29a-3p,tarbase,Tier_B,PAR-CLIP,validated
INHBA,hsa-miR-1225-5p,tarbase,Tier_B,PAR-CLIP,validated
INHBA,hsa-miR-18a-5p,tarbase,Tier_B,PAR-CLIP,validated
INHBA,hsa-miR-21-3p,tarbase,Tier_B,PAR-CLIP,validated
INHBA,hsa-miR-196a-5p,tarbase,Tier_B,PAR-CLIP,validated
INHBA,hsa-miR-146b-5p,tarbase,Tier_B,PAR-CLIP,validated
INHBA,hsa-let-7d-5p,tarbase,Tier_B,PAR-CLIP,validated
INHBA,hsa-let-7i-5p,tarbase,Tier_B,PAR-CLIP,validated
INHBA,hsa-miR-200a-5p,tarbase,Tier_B,PAR-CLIP,validated
INHBA,hsa-miR-15a-5p,tarbase,Tier_B,PAR-CLIP,validated
INHBA,hsa-miR-20a-5p,tarbase,Tier_B,PAR-CLIP,validated
INHBA,hsa-miR-15b-3p,tarbase,Tier_B,PAR-CLIP,validated
INHBA,hsa-miR-106a-5p,tarbase,Tier_B,PAR-CLIP,validated
INHBA,hsa-miR-20b-5p,tarbase,Tier_B,PAR-CLIP,validated
INHBA,hsa-miR-27a-3p,tarbase,Tier_B,PAR-CLIP//Microarrays,validated
INHBA,hsa-miR-103a-3p,tarbase,Tier_B,PAR-CLIP,validated
INHBA,hsa-miR-17-5p,tarbase,Tier_B,PAR-CLIP,validated
INHBA,hsa-miR-92b-3p,tarbase,Tier_B,PAR-CLIP,validated
INHBA,hsa-miR-423-5p,tarbase,Tier_B,PAR-CLIP,validated
INHBA,hsa-miR-183-5p,tarbase,Tier_B,PAR-CLIP,validated
INHBA,hsa-miR-27b-3p,tarbase,Tier_B,PAR-CLIP,validated
INHBA,hsa-miR-107,tarbase,Tier_B,PAR-CLIP,validated
INHBA,hsa-miR-29c-3p,tarbase,Tier_B,PAR-CLIP//Microarrays,validated
INHBA,hsa-miR-191-5p,tarbase,Tier_B,PAR-CLIP,validated
INHBA,hsa-miR-128-3p,tarbase,Tier_B,PAR-CLIP,validated
INHBA,hsa-miR-1306-5p,tarbase,Tier_B,PAR-CLIP,validated
INHBA,hsa-miR-302a-3p,tarbase,Tier_B,PAR-CLIP,validated
INHBA,hsa-miR-486-3p,tarbase,Tier_B,PAR-CLIP,validated
INHBA,hsa-miR-30c-1-3p,tarbase,Tier_B,PAR-CLIP,validated
INHBA,hsa-miR-339-3p,tarbase,Tier_B,PAR-CLIP,validated
INHBA,hsa-miR-96-5p,tarbase,Tier_B,PAR-CLIP,validated
INHBA,hsa-miR-23a-3p,tarbase,Tier_B,PAR-CLIP,validated
INHBA,hsa-miR-151a-3p,tarbase,Tier_B,PAR-CLIP,validated
INHBA,hsa-miR-34a-5p,tarbase,Tier_B,PAR-CLIP,validated
INHBA,hsa-miR-7-5p,tarbase,Tier_B,PAR-CLIP,validated
INHBA,hsa-miR-374b-5p,tarbase,Tier_B,PAR-CLIP,validated
INHBA,hsa-miR-197-5p,tarbase,Tier_B,PAR-CLIP,validated
INHBA,hsa-miR-335-5p,tarbase,Tier_B,PAR-CLIP,validated
INHBA,hsa-miR-375-3p,tarbase,Tier_B,PAR-CLIP,validated
INHBA,hsa-miR-500a-3p,tarbase,Tier_B,PAR-CLIP,validated
INHBA,hsa-miR-504-5p,tarbase,Tier_B,PAR-CLIP,validated
INHBA,hsa-miR-93-5p,tarbase,Tier_B,PAR-CLIP,validated
INHBA,hsa-miR-210-3p,tarbase,Tier_B,PAR-CLIP//Microarrays,validated
INHBA,hsa-miR-331-3p,tarbase,Tier_B,PAR-CLIP,validated
INHBA,hsa-miR-1271-5p,tarbase,Tier_B,RNA-Seq,validated
INHBA,hsa-miR-378a-3p,tarbase,Tier_B,RNA-Seq,validated
INHBA,hsa-miR-101-3p,tarbase,Tier_B,RNA-Seq//Microarrays,validated
INHBA,hsa-miR-1343-3p,tarbase,Tier_B,RNA-Seq,validated
INHBA,hsa-miR-218-5p,tarbase,Tier_B,HITS-CLIP,validated
INHBA,hsa-miR-31-3p,tarbase,Tier_B,CLASH,validated
INHBA,hsa-miR-34b-5p,tarbase,Tier_B,Microarrays,validated
INHBA,hsa-miR-129-2-3p,tarbase,Tier_B,Microarrays,validated
INHBA,hsa-miR-148b-3p,tarbase,Tier_B,Microarrays,validated
INHBA,hsa-miR-138-5p,tarbase,Tier_B,Microarrays,validated
LOX,hsa-miR-29a-3p,tarbase,Tier_B,HITS-CLIP//Luciferase Reporter Assay,validated
LOX,hsa-miR-29b-3p,tarbase,Tier_B,HITS-CLIP//Luciferase Reporter Assay,validated
LOX,hsa-miR-29c-3p,tarbase,Tier_B,HITS-CLIP//Luciferase Reporter Assay,validated
LOX,hsa-miR-196a-5p,tarbase,Tier_B,HITS-CLIP,validated
LOX,hsa-miR-155-5p,tarbase,Tier_B,PAR-CLIP//RNA-Seq//Microarrays,validated
LOX,hsa-miR-92b-3p,tarbase,Tier_B,PAR-CLIP//HITS-CLIP,validated
LOX,hsa-miR-92a-3p,tarbase,Tier_B,PAR-CLIP//HITS-CLIP,validated
LOX,hsa-let-7i-5p,tarbase,Tier_B,HITS-CLIP,validated
LOX,hsa-miR-137-3p,tarbase,Tier_B,HITS-CLIP,validated
LOX,hsa-miR-151a-3p,tarbase,Tier_B,HITS-CLIP,validated
LOX,hsa-miR-17-5p,tarbase,Tier_B,HITS-CLIP,validated
LOX,hsa-miR-181a-2-3p,tarbase,Tier_B,HITS-CLIP,validated
LOX,hsa-miR-181a-5p,tarbase,Tier_B,HITS-CLIP,validated
LOX,hsa-miR-181b-5p,tarbase,Tier_B,HITS-CLIP,validated
LOX,hsa-miR-193b-3p,tarbase,Tier_B,HITS-CLIP//RNA-Seq,validated
LOX,hsa-miR-196b-5p,tarbase,Tier_B,HITS-CLIP,validated
LOX,hsa-miR-19b-3p,tarbase,Tier_B,HITS-CLIP,validated
LOX,hsa-miR-21-5p,tarbase,Tier_B,HITS-CLIP,validated
LOX,hsa-miR-24-3p,tarbase,Tier_B,HITS-CLIP,validated
LOX,hsa-miR-25-3p,tarbase,Tier_B,HITS-CLIP,validated
LOX,hsa-miR-26a-5p,tarbase,Tier_B,HITS-CLIP,validated
LOX,hsa-miR-28-3p,tarbase,Tier_B,HITS-CLIP,validated
LOX,hsa-miR-30d-5p,tarbase,Tier_B,HITS-CLIP,validated
LOX,hsa-miR-34a-5p,tarbase,Tier_B,HITS-CLIP,validated
LOX,hsa-miR-423-3p,tarbase,Tier_B,HITS-CLIP,validated
LOX,hsa-miR-503-5p,tarbase,Tier_B,HITS-CLIP,validated
LOX,hsa-let-7g-5p,tarbase,Tier_B,HITS-CLIP,validated
LOX,hsa-miR-15b-3p,tarbase,Tier_B,HITS-CLIP,validated
LOX,hsa-miR-210-3p,tarbase,Tier_B,HITS-CLIP,validated
LOX,hsa-miR-27a-3p,tarbase,Tier_B,HITS-CLIP,validated
LOX,hsa-miR-299-3p,tarbase,Tier_B,HITS-CLIP,validated
LOX,hsa-miR-26b-5p,tarbase,Tier_B,HITS-CLIP,validated
LOX,hsa-miR-431-3p,tarbase,Tier_B,HITS-CLIP,validated
LOX,hsa-miR-107,tarbase,Tier_B,HITS-CLIP,validated
LOX,hsa-miR-15a-5p,tarbase,Tier_B,HITS-CLIP,validated
LOX,hsa-miR-15b-5p,tarbase,Tier_B,HITS-CLIP,validated
LOX,hsa-miR-424-5p,tarbase,Tier_B,HITS-CLIP,validated
LOX,hsa-miR-139-5p,tarbase,Tier_B,HITS-CLIP,validated
LOX,hsa-miR-330-5p,tarbase,Tier_B,HITS-CLIP,validated
LOX,hsa-miR-4524a-3p,tarbase,Tier_B,HITS-CLIP,validated
LOX,hsa-miR-873-5p,tarbase,Tier_B,HITS-CLIP,validated
LOX,hsa-let-7a-5p,tarbase,Tier_B,HITS-CLIP,validated
LOX,hsa-let-7b-5p,tarbase,Tier_B,HITS-CLIP,validated
LOX,hsa-let-7c-5p,tarbase,Tier_B,HITS-CLIP,validated
LOX,hsa-let-7d-5p,tarbase,Tier_B,HITS-CLIP,validated
LOX,hsa-miR-106a-5p,tarbase,Tier_B,HITS-CLIP,validated
LOX,hsa-miR-106b-5p,tarbase,Tier_B,HITS-CLIP,validated
LOX,hsa-miR-20a-5p,tarbase,Tier_B,HITS-CLIP,validated
LOX,hsa-miR-22-5p,tarbase,Tier_B,HITS-CLIP,validated
LOX,hsa-miR-221-3p,tarbase,Tier_B,HITS-CLIP,validated
LOX,hsa-miR-31-5p,tarbase,Tier_B,HITS-CLIP//RNA-Seq,validated
LOX,hsa-miR-4521,tarbase,Tier_B,HITS-CLIP,validated
LOX,hsa-miR-93-5p,tarbase,Tier_B,HITS-CLIP,validated
LOX,hsa-miR-98-5p,tarbase,Tier_B,HITS-CLIP,validated
LOX,hsa-let-7e-5p,tarbase,Tier_B,HITS-CLIP,validated
LOX,hsa-let-7f-5p,tarbase,Tier_B,HITS-CLIP,validated
LOX,hsa-miR-101-3p,tarbase,Tier_B,HITS-CLIP,validated
LOX,hsa-miR-142-5p,tarbase,Tier_B,HITS-CLIP,validated
LOX,hsa-miR-193a-3p,tarbase,Tier_B,HITS-CLIP,validated
LOX,hsa-miR-199a-3p,tarbase,Tier_B,HITS-CLIP,validated
LOX,hsa-miR-199b-3p,tarbase,Tier_B,HITS-CLIP,validated
LOX,hsa-miR-200b-3p,tarbase,Tier_B,HITS-CLIP//RNA-Seq,validated
LOX,hsa-miR-30a-5p,tarbase,Tier_B,HITS-CLIP,validated
LOX,hsa-miR-103a-3p,tarbase,Tier_B,HITS-CLIP,validated
LOX,hsa-miR-10a-5p,tarbase,Tier_B,HITS-CLIP,validated
LOX,hsa-miR-10b-5p,tarbase,Tier_B,HITS-CLIP,validated
LOX,hsa-miR-16-5p,tarbase,Tier_B,HITS-CLIP//Microarrays,validated
LOX,hsa-miR-194-5p,tarbase,Tier_B,HITS-CLIP,validated
LOX,hsa-miR-767-5p,tarbase,Tier_B,HITS-CLIP,validated
LOX,hsa-miR-181c-5p,tarbase,Tier_B,HITS-CLIP,validated
LOX,hsa-miR-181d-5p,tarbase,Tier_B,HITS-CLIP,validated
LOX,hsa-miR-183-5p,tarbase,Tier_B,HITS-CLIP//qCLASH,validated
LOX,hsa-miR-33b-5p,tarbase,Tier_B,HITS-CLIP,validated
LOX,hsa-miR-454-3p,tarbase,Tier_B,HITS-CLIP,validated
LOX,hsa-miR-652-3p,tarbase,Tier_B,HITS-CLIP,validated
LOX,hsa-miR-19a-3p,tarbase,Tier_B,HITS-CLIP,validated
LOX,hsa-miR-301a-3p,tarbase,Tier_B,HITS-CLIP,validated
LOX,hsa-miR-574-5p,tarbase,Tier_B,RNA-Seq,validated
LOX,hsa-miR-200c-3p,tarbase,Tier_B,RNA-Seq//Microarrays,validated
LOX,hsa-miR-206,tarbase,Tier_B,RNA-Seq,validated
LOX,hsa-miR-9-5p,tarbase,Tier_B,RNA-Seq,validated
LOX,hsa-miR-1271-5p,tarbase,Tier_B,RNA-Seq,validated
LOX,hsa-miR-3662,tarbase,Tier_B,RNA-Seq,validated
LOX,hsa-miR-1-3p,tarbase,Tier_B,RNA-Seq,validated
LOX,hsa-miR-124-3p,tarbase,Tier_B,RNA-Seq//Microarrays,validated
LOX,hsa-miR-146a-5p,tarbase,Tier_B,Microarrays,validated
LOX,hsa-miR-335-5p,tarbase,Tier_B,Microarrays,validated
THBS3,hsa-miR-25-3p,tarbase,Tier_B,HITS-CLIP,validated
THBS3,hsa-miR-29b-3p,tarbase,Tier_B,HITS-CLIP,validated
THBS3,hsa-miR-34a-5p,tarbase,Tier_B,HITS-CLIP,validated
THBS3,hsa-miR-92a-3p,tarbase,Tier_B,HITS-CLIP,validated
THBS3,hsa-miR-92b-3p,tarbase,Tier_B,HITS-CLIP,validated
THBS3,hsa-let-7a-5p,tarbase,Tier_B,HITS-CLIP//PAR-CLIP,validated
THBS3,hsa-let-7b-5p,tarbase,Tier_B,HITS-CLIP//PAR-CLIP,validated
THBS3,hsa-let-7c-5p,tarbase,Tier_B,HITS-CLIP,validated
THBS3,hsa-let-7d-5p,tarbase,Tier_B,HITS-CLIP//PAR-CLIP,validated
THBS3,hsa-let-7e-5p,tarbase,Tier_B,HITS-CLIP//PAR-CLIP,validated
THBS3,hsa-let-7f-5p,tarbase,Tier_B,HITS-CLIP//PAR-CLIP,validated
THBS3,hsa-let-7g-5p,tarbase,Tier_B,HITS-CLIP//PAR-CLIP,validated
THBS3,hsa-let-7i-5p,tarbase,Tier_B,HITS-CLIP//PAR-CLIP,validated
THBS3,hsa-miR-196a-5p,tarbase,Tier_B,HITS-CLIP,validated
THBS3,hsa-miR-98-5p,tarbase,Tier_B,HITS-CLIP//PAR-CLIP,validated
THBS3,hsa-miR-27a-3p,tarbase,Tier_B,HITS-CLIP,validated
THBS3,hsa-miR-15b-5p,tarbase,Tier_B,HITS-CLIP,validated
THBS3,hsa-miR-16-5p,tarbase,Tier_B,HITS-CLIP,validated
THBS3,hsa-miR-423-5p,tarbase,Tier_B,HITS-CLIP,validated
THBS3,hsa-miR-424-5p,tarbase,Tier_B,HITS-CLIP,validated
THBS3,hsa-miR-181a-5p,tarbase,Tier_B,HITS-CLIP,validated
THBS3,hsa-miR-23a-3p,tarbase,Tier_B,HITS-CLIP,validated
THBS3,hsa-miR-23b-3p,tarbase,Tier_B,HITS-CLIP,validated
THBS3,hsa-miR-30b-3p,tarbase,Tier_B,HITS-CLIP,validated
THBS3,hsa-miR-486-3p,tarbase,Tier_B,PAR-CLIP,validated
THBS3,hsa-miR-206,tarbase,Tier_B,RNA-Seq,validated
THBS3,hsa-miR-450a-5p,tarbase,Tier_B,RNA-Seq,validated
THBS3,hsa-miR-20b-5p,tarbase,Tier_B,RNA-Seq,validated
THBS3,hsa-miR-3662,tarbase,Tier_B,RNA-Seq,validated
THBS3,hsa-miR-212-3p,tarbase,Tier_B,Microarrays,validated
THBS3,hsa-miR-335-5p,tarbase,Tier_B,Microarrays,validated
EDIL3,hsa-miR-34a-5p,tarbase,Tier_B,PAR-CLIP//HITS-CLIP,validated
EDIL3,hsa-miR-520g-3p,tarbase,Tier_B,PAR-CLIP,validated
EDIL3,hsa-miR-374a-5p,tarbase,Tier_B,PAR-CLIP,validated
EDIL3,hsa-miR-17-5p,tarbase,Tier_B,PAR-CLIP,validated
EDIL3,hsa-miR-7-5p,tarbase,Tier_B,PAR-CLIP//HITS-CLIP//sRNA-Seq,validated
EDIL3,hsa-miR-374b-5p,tarbase,Tier_B,PAR-CLIP//HITS-CLIP,validated
EDIL3,hsa-let-7g-5p,tarbase,Tier_B,HITS-CLIP//PAR-CLIP,validated
EDIL3,hsa-miR-19a-3p,tarbase,Tier_B,HITS-CLIP//PAR-CLIP,validated
EDIL3,hsa-miR-19b-3p,tarbase,Tier_B,HITS-CLIP//PAR-CLIP,validated
EDIL3,hsa-miR-15b-3p,tarbase,Tier_B,HITS-CLIP,validated
EDIL3,hsa-miR-92a-3p,tarbase,Tier_B,PAR-CLIP//HITS-CLIP,validated
EDIL3,hsa-miR-103a-3p,tarbase,Tier_B,PAR-CLIP//HITS-CLIP,validated
EDIL3,hsa-miR-16-5p,tarbase,Tier_B,PAR-CLIP//HITS-CLIP//Microarrays,validated
EDIL3,hsa-miR-425-3p,tarbase,Tier_B,PAR-CLIP,validated
EDIL3,hsa-miR-32-5p,tarbase,Tier_B,PAR-CLIP,validated
EDIL3,hsa-miR-497-5p,tarbase,Tier_B,PAR-CLIP,validated
EDIL3,hsa-miR-9-5p,tarbase,Tier_B,PAR-CLIP,validated
EDIL3,hsa-miR-625-5p,tarbase,Tier_B,PAR-CLIP,validated
EDIL3,hsa-miR-494-3p,tarbase,Tier_B,PAR-CLIP,validated
EDIL3,hsa-let-7i-5p,tarbase,Tier_B,PAR-CLIP//HITS-CLIP,validated
EDIL3,hsa-miR-124-3p,tarbase,Tier_B,PAR-CLIP,validated
EDIL3,hsa-miR-671-5p,tarbase,Tier_B,PAR-CLIP//HITS-CLIP,validated
EDIL3,hsa-miR-374a-3p,tarbase,Tier_B,PAR-CLIP,validated
EDIL3,hsa-miR-182-5p,tarbase,Tier_B,PAR-CLIP,validated
EDIL3,hsa-miR-196a-5p,tarbase,Tier_B,PAR-CLIP//HITS-CLIP,validated
EDIL3,hsa-miR-107,tarbase,Tier_B,PAR-CLIP//HITS-CLIP,validated
EDIL3,hsa-let-7d-5p,tarbase,Tier_B,PAR-CLIP//HITS-CLIP,validated
EDIL3,hsa-miR-135b-3p,tarbase,Tier_B,PAR-CLIP,validated
EDIL3,hsa-let-7a-5p,tarbase,Tier_B,PAR-CLIP//HITS-CLIP//qCLASH,validated
EDIL3,hsa-let-7b-5p,tarbase,Tier_B,PAR-CLIP//HITS-CLIP,validated
EDIL3,hsa-miR-15b-5p,tarbase,Tier_B,PAR-CLIP//HITS-CLIP,validated
EDIL3,hsa-miR-135a-5p,tarbase,Tier_B,PAR-CLIP,validated
EDIL3,hsa-let-7c-5p,tarbase,Tier_B,PAR-CLIP//HITS-CLIP,validated
EDIL3,hsa-miR-15a-5p,tarbase,Tier_B,PAR-CLIP//HITS-CLIP,validated
EDIL3,hsa-miR-16-1-3p,tarbase,Tier_B,PAR-CLIP//HITS-CLIP,validated
EDIL3,hsa-miR-92b-3p,tarbase,Tier_B,PAR-CLIP//HITS-CLIP,validated
EDIL3,hsa-miR-30a-5p,tarbase,Tier_B,PAR-CLIP//HITS-CLIP,validated
EDIL3,hsa-miR-1-3p,tarbase,Tier_B,HITS-CLIP//RNA-Seq//Microarrays//RPF-Seq,validated
EDIL3,hsa-miR-106b-5p,tarbase,Tier_B,HITS-CLIP,validated
EDIL3,hsa-miR-130a-3p,tarbase,Tier_B,HITS-CLIP//sRNA-Seq,validated
EDIL3,hsa-miR-181a-5p,tarbase,Tier_B,HITS-CLIP//PAR-CLIP,validated
EDIL3,hsa-miR-181b-5p,tarbase,Tier_B,HITS-CLIP,validated
EDIL3,hsa-miR-195-5p,tarbase,Tier_B,HITS-CLIP,validated
EDIL3,hsa-miR-24-3p,tarbase,Tier_B,HITS-CLIP//qCLASH,validated
EDIL3,hsa-miR-25-3p,tarbase,Tier_B,HITS-CLIP//PAR-CLIP,validated
EDIL3,hsa-miR-27a-3p,tarbase,Tier_B,HITS-CLIP//PAR-CLIP//qCLASH,validated
EDIL3,hsa-miR-34c-5p,tarbase,Tier_B,HITS-CLIP,validated
EDIL3,hsa-miR-361-5p,tarbase,Tier_B,HITS-CLIP,validated
EDIL3,hsa-miR-382-5p,tarbase,Tier_B,HITS-CLIP,validated
EDIL3,hsa-miR-450b-5p,tarbase,Tier_B,HITS-CLIP,validated
EDIL3,hsa-miR-93-5p,tarbase,Tier_B,HITS-CLIP,validated
EDIL3,hsa-miR-130b-3p,tarbase,Tier_B,HITS-CLIP,validated
EDIL3,hsa-miR-181d-5p,tarbase,Tier_B,HITS-CLIP,validated
EDIL3,hsa-miR-18a-5p,tarbase,Tier_B,HITS-CLIP,validated
EDIL3,hsa-miR-20b-5p,tarbase,Tier_B,HITS-CLIP//RNA-Seq,validated
EDIL3,hsa-miR-21-5p,tarbase,Tier_B,HITS-CLIP//qCLASH//Microarrays,validated
EDIL3,hsa-miR-301a-3p,tarbase,Tier_B,HITS-CLIP,validated
EDIL3,hsa-miR-30d-5p,tarbase,Tier_B,HITS-CLIP,validated
EDIL3,hsa-miR-31-5p,tarbase,Tier_B,HITS-CLIP//Microarrays,validated
EDIL3,hsa-miR-34b-5p,tarbase,Tier_B,HITS-CLIP,validated
EDIL3,hsa-miR-424-5p,tarbase,Tier_B,HITS-CLIP//PAR-CLIP,validated
EDIL3,hsa-miR-708-5p,tarbase,Tier_B,HITS-CLIP,validated
EDIL3,hsa-miR-125b-2-3p,tarbase,Tier_B,HITS-CLIP,validated
EDIL3,hsa-miR-1301-3p,tarbase,Tier_B,HITS-CLIP,validated
EDIL3,hsa-miR-139-5p,tarbase,Tier_B,HITS-CLIP,validated
EDIL3,hsa-miR-17-3p,tarbase,Tier_B,HITS-CLIP,validated
EDIL3,hsa-miR-301b-3p,tarbase,Tier_B,HITS-CLIP,validated
EDIL3,hsa-miR-363-3p,tarbase,Tier_B,HITS-CLIP,validated
EDIL3,hsa-miR-106a-5p,tarbase,Tier_B,HITS-CLIP,validated
EDIL3,hsa-miR-18b-5p,tarbase,Tier_B,HITS-CLIP,validated
EDIL3,hsa-miR-2682-5p,tarbase,Tier_B,HITS-CLIP,validated
EDIL3,hsa-miR-26a-5p,tarbase,Tier_B,HITS-CLIP,validated
EDIL3,hsa-miR-26b-5p,tarbase,Tier_B,HITS-CLIP,validated
EDIL3,hsa-miR-30b-5p,tarbase,Tier_B,HITS-CLIP,validated
EDIL3,hsa-miR-423-5p,tarbase,Tier_B,HITS-CLIP,validated
EDIL3,hsa-miR-449a,tarbase,Tier_B,HITS-CLIP,validated
EDIL3,hsa-miR-769-5p,tarbase,Tier_B,HITS-CLIP,validated
EDIL3,hsa-miR-103a-2-5p,tarbase,Tier_B,HITS-CLIP,validated
EDIL3,hsa-miR-1285-3p,tarbase,Tier_B,HITS-CLIP,validated
EDIL3,hsa-miR-142-5p,tarbase,Tier_B,HITS-CLIP,validated
EDIL3,hsa-miR-191-5p,tarbase,Tier_B,HITS-CLIP,validated
EDIL3,hsa-miR-200c-3p,tarbase,Tier_B,HITS-CLIP,validated
EDIL3,hsa-miR-218-5p,tarbase,Tier_B,HITS-CLIP,validated
EDIL3,hsa-miR-23b-3p,tarbase,Tier_B,HITS-CLIP//RNA-Seq,validated
EDIL3,hsa-miR-30c-1-3p,tarbase,Tier_B,HITS-CLIP,validated
EDIL3,hsa-miR-320a-3p,tarbase,Tier_B,HITS-CLIP//PAR-CLIP,validated
EDIL3,hsa-miR-320b,tarbase,Tier_B,HITS-CLIP,validated
EDIL3,hsa-miR-320c,tarbase,Tier_B,HITS-CLIP,validated
EDIL3,hsa-miR-4423-5p,tarbase,Tier_B,HITS-CLIP,validated
EDIL3,hsa-miR-449b-5p,tarbase,Tier_B,HITS-CLIP,validated
EDIL3,hsa-miR-4510,tarbase,Tier_B,HITS-CLIP,validated
EDIL3,hsa-miR-490-5p,tarbase,Tier_B,HITS-CLIP,validated
EDIL3,hsa-miR-496,tarbase,Tier_B,HITS-CLIP,validated
EDIL3,hsa-miR-766-5p,tarbase,Tier_B,HITS-CLIP,validated
EDIL3,hsa-miR-876-3p,tarbase,Tier_B,HITS-CLIP,validated
EDIL3,hsa-miR-935,tarbase,Tier_B,HITS-CLIP,validated
EDIL3,hsa-miR-98-5p,tarbase,Tier_B,HITS-CLIP//PAR-CLIP,validated
EDIL3,hsa-let-7e-5p,tarbase,Tier_B,HITS-CLIP//PAR-CLIP,validated
EDIL3,hsa-let-7g-3p,tarbase,Tier_B,HITS-CLIP,validated
EDIL3,hsa-miR-101-3p,tarbase,Tier_B,HITS-CLIP,validated
EDIL3,hsa-miR-1248,tarbase,Tier_B,HITS-CLIP,validated
EDIL3,hsa-miR-1264,tarbase,Tier_B,HITS-CLIP,validated
EDIL3,hsa-miR-129-1-3p,tarbase,Tier_B,HITS-CLIP,validated
EDIL3,hsa-miR-129-2-3p,tarbase,Tier_B,HITS-CLIP//Microarrays,validated
EDIL3,hsa-miR-141-3p,tarbase,Tier_B,HITS-CLIP,validated
EDIL3,hsa-miR-144-5p,tarbase,Tier_B,HITS-CLIP,validated
EDIL3,hsa-miR-146a-5p,tarbase,Tier_B,HITS-CLIP,validated
EDIL3,hsa-miR-146b-5p,tarbase,Tier_B,HITS-CLIP,validated
EDIL3,hsa-miR-153-3p,tarbase,Tier_B,HITS-CLIP,validated
EDIL3,hsa-miR-15a-3p,tarbase,Tier_B,HITS-CLIP,validated
EDIL3,hsa-miR-184,tarbase,Tier_B,HITS-CLIP,validated
EDIL3,hsa-miR-192-3p,tarbase,Tier_B,HITS-CLIP,validated
EDIL3,hsa-miR-200a-3p,tarbase,Tier_B,HITS-CLIP,validated
EDIL3,hsa-miR-210-3p,tarbase,Tier_B,HITS-CLIP,validated
EDIL3,hsa-miR-22-5p,tarbase,Tier_B,HITS-CLIP,validated
EDIL3,hsa-miR-23c,tarbase,Tier_B,HITS-CLIP,validated
EDIL3,hsa-miR-28-5p,tarbase,Tier_B,HITS-CLIP//PAR-CLIP,validated
EDIL3,hsa-miR-30b-3p,tarbase,Tier_B,HITS-CLIP,validated
EDIL3,hsa-miR-3149,tarbase,Tier_B,HITS-CLIP,validated
EDIL3,hsa-miR-380-5p,tarbase,Tier_B,HITS-CLIP,validated
EDIL3,hsa-miR-433-3p,tarbase,Tier_B,HITS-CLIP,validated
EDIL3,hsa-miR-4426,tarbase,Tier_B,HITS-CLIP,validated
EDIL3,hsa-miR-4440,tarbase,Tier_B,HITS-CLIP,validated
EDIL3,hsa-miR-449c-5p,tarbase,Tier_B,HITS-CLIP,validated
EDIL3,hsa-miR-493-5p,tarbase,Tier_B,HITS-CLIP,validated
EDIL3,hsa-miR-495-3p,tarbase,Tier_B,HITS-CLIP,validated
EDIL3,hsa-miR-499a-5p,tarbase,Tier_B,HITS-CLIP,validated
EDIL3,hsa-miR-505-5p,tarbase,Tier_B,HITS-CLIP,validated
EDIL3,hsa-miR-545-3p,tarbase,Tier_B,HITS-CLIP,validated
EDIL3,hsa-miR-654-3p,tarbase,Tier_B,HITS-CLIP,validated
EDIL3,hsa-miR-758-5p,tarbase,Tier_B,HITS-CLIP,validated
EDIL3,hsa-let-7a-2-3p,tarbase,Tier_B,HITS-CLIP,validated
EDIL3,hsa-let-7f-5p,tarbase,Tier_B,HITS-CLIP//PAR-CLIP//qCLASH,validated
EDIL3,hsa-miR-4521,tarbase,Tier_B,HITS-CLIP,validated
EDIL3,hsa-miR-454-3p,tarbase,Tier_B,HITS-CLIP,validated
EDIL3,hsa-miR-486-5p,tarbase,Tier_B,HITS-CLIP//PAR-CLIP,validated
EDIL3,hsa-miR-7974,tarbase,Tier_B,HITS-CLIP,validated
EDIL3,hsa-miR-877-5p,tarbase,Tier_B,HITS-CLIP//PAR-CLIP,validated
EDIL3,hsa-let-7i-3p,tarbase,Tier_B,HITS-CLIP,validated
EDIL3,hsa-miR-100-3p,tarbase,Tier_B,HITS-CLIP,validated
EDIL3,hsa-miR-221-5p,tarbase,Tier_B,HITS-CLIP,validated
EDIL3,hsa-miR-425-5p,tarbase,Tier_B,HITS-CLIP,validated
EDIL3,hsa-miR-186-5p,tarbase,Tier_B,HITS-CLIP,validated
EDIL3,hsa-miR-503-5p,tarbase,Tier_B,HITS-CLIP,validated
EDIL3,hsa-miR-3613-5p,tarbase,Tier_B,HITS-CLIP,validated
EDIL3,hsa-miR-335-3p,tarbase,Tier_B,PAR-CLIP//sRNA-Seq,validated
EDIL3,hsa-miR-335-5p,tarbase,Tier_B,PAR-CLIP,validated
EDIL3,hsa-miR-196b-5p,tarbase,Tier_B,PAR-CLIP,validated
EDIL3,hsa-miR-576-5p,tarbase,Tier_B,PAR-CLIP,validated
EDIL3,hsa-miR-183-5p,tarbase,Tier_B,PAR-CLIP,validated
EDIL3,hsa-miR-450a-5p,tarbase,Tier_B,PAR-CLIP//RNA-Seq,validated
EDIL3,hsa-miR-423-3p,tarbase,Tier_B,PAR-CLIP,validated
EDIL3,hsa-miR-27b-3p,tarbase,Tier_B,PAR-CLIP,validated
EDIL3,hsa-miR-30e-3p,tarbase,Tier_B,PAR-CLIP,validated
EDIL3,hsa-miR-138-5p,tarbase,Tier_B,PAR-CLIP,validated
EDIL3,hsa-miR-483-5p,tarbase,Tier_B,HITS-CLIP,validated
EDIL3,hsa-miR-33a-5p,tarbase,Tier_B,HITS-CLIP,validated
EDIL3,hsa-miR-33b-5p,tarbase,Tier_B,HITS-CLIP,validated
EDIL3,hsa-miR-23a-3p,tarbase,Tier_B,qCLASH,validated
EDIL3,hsa-miR-29b-3p,tarbase,Tier_B,qCLASH,validated
EDIL3,hsa-miR-660-3p,tarbase,Tier_B,qCLASH,validated
EDIL3,hsa-miR-1271-5p,tarbase,Tier_B,RNA-Seq,validated
EDIL3,hsa-miR-3662,tarbase,Tier_B,RNA-Seq,validated
EDIL3,hsa-miR-155-5p,tarbase,Tier_B,Microarrays//RNA-Seq,validated
EDIL3,hsa-miR-128-3p,tarbase,Tier_B,Microarrays,validated
COMP,hsa-let-7a-5p,tarbase,Tier_B,HITS-CLIP,validated
COMP,hsa-let-7b-5p,tarbase,Tier_B,HITS-CLIP,validated
COMP,hsa-let-7c-5p,tarbase,Tier_B,HITS-CLIP,validated
COMP,hsa-let-7g-5p,tarbase,Tier_B,HITS-CLIP,validated
COMP,hsa-let-7i-5p,tarbase,Tier_B,HITS-CLIP,validated
COMP,hsa-miR-1-3p,tarbase,Tier_B,HITS-CLIP,validated
COMP,hsa-miR-23a-3p,tarbase,Tier_B,HITS-CLIP,validated
COMP,hsa-miR-20b-5p,tarbase,Tier_B,RNA-Seq,validated
COMP,hsa-miR-146a-5p,tarbase,Tier_B,Microarrays,validated
VCAN,hsa-miR-106a-5p,tarbase,Tier_B,PAR-CLIP//HITS-CLIP,validated
VCAN,hsa-miR-1262,tarbase,Tier_B,PAR-CLIP,validated
VCAN,hsa-miR-1-3p,tarbase,Tier_B,PAR-CLIP//HITS-CLIP,validated
VCAN,hsa-miR-15a-5p,tarbase,Tier_B,PAR-CLIP//HITS-CLIP,validated
VCAN,hsa-miR-107,tarbase,Tier_B,PAR-CLIP//HITS-CLIP,validated
VCAN,hsa-miR-15b-5p,tarbase,Tier_B,PAR-CLIP//HITS-CLIP,validated
VCAN,hsa-miR-210-3p,tarbase,Tier_B,PAR-CLIP//HITS-CLIP,validated
VCAN,hsa-miR-33b-5p,tarbase,Tier_B,PAR-CLIP//HITS-CLIP,validated
VCAN,hsa-miR-183-5p,tarbase,Tier_B,PAR-CLIP,validated
VCAN,hsa-miR-187-3p,tarbase,Tier_B,PAR-CLIP,validated
VCAN,hsa-miR-20a-5p,tarbase,Tier_B,PAR-CLIP//HITS-CLIP,validated
VCAN,hsa-miR-18b-5p,tarbase,Tier_B,PAR-CLIP//HITS-CLIP,validated
VCAN,hsa-miR-106b-5p,tarbase,Tier_B,PAR-CLIP//HITS-CLIP,validated
VCAN,hsa-miR-192-5p,tarbase,Tier_B,PAR-CLIP,validated
VCAN,hsa-miR-24-3p,tarbase,Tier_B,PAR-CLIP//HITS-CLIP,validated
VCAN,hsa-miR-30a-5p,tarbase,Tier_B,PAR-CLIP//HITS-CLIP,validated
VCAN,hsa-miR-34a-5p,tarbase,Tier_B,PAR-CLIP//HITS-CLIP,validated
VCAN,hsa-miR-29b-3p,tarbase,Tier_B,PAR-CLIP//HITS-CLIP,validated
VCAN,hsa-miR-18a-5p,tarbase,Tier_B,PAR-CLIP//HITS-CLIP,validated
VCAN,hsa-miR-224-5p,tarbase,Tier_B,PAR-CLIP,validated
VCAN,hsa-miR-203a-3p,tarbase,Tier_B,PAR-CLIP//HITS-CLIP,validated
VCAN,hsa-miR-423-5p,tarbase,Tier_B,PAR-CLIP//HITS-CLIP,validated
VCAN,hsa-miR-92a-3p,tarbase,Tier_B,PAR-CLIP//HITS-CLIP,validated
VCAN,hsa-miR-33a-5p,tarbase,Tier_B,PAR-CLIP//HITS-CLIP,validated
VCAN,hsa-miR-512-3p,tarbase,Tier_B,PAR-CLIP,validated
VCAN,hsa-miR-30a-3p,tarbase,Tier_B,PAR-CLIP//HITS-CLIP,validated
VCAN,hsa-miR-876-3p,tarbase,Tier_B,PAR-CLIP//HITS-CLIP,validated
VCAN,hsa-miR-218-5p,tarbase,Tier_B,PAR-CLIP//HITS-CLIP,validated
VCAN,hsa-miR-103a-3p,tarbase,Tier_B,PAR-CLIP//HITS-CLIP,validated
VCAN,hsa-miR-4521,tarbase,Tier_B,PAR-CLIP,validated
VCAN,hsa-miR-101-3p,tarbase,Tier_B,HITS-CLIP,validated
VCAN,hsa-miR-185-5p,tarbase,Tier_B,PAR-CLIP,validated
VCAN,hsa-miR-1301-3p,tarbase,Tier_B,PAR-CLIP,validated
VCAN,hsa-miR-17-5p,tarbase,Tier_B,HITS-CLIP,validated
VCAN,hsa-miR-20b-5p,tarbase,Tier_B,HITS-CLIP//RNA-Seq,validated
VCAN,hsa-miR-93-5p,tarbase,Tier_B,HITS-CLIP,validated
VCAN,hsa-let-7a-5p,tarbase,Tier_B,HITS-CLIP//PAR-CLIP,validated
VCAN,hsa-let-7c-5p,tarbase,Tier_B,HITS-CLIP,validated
VCAN,hsa-let-7e-5p,tarbase,Tier_B,HITS-CLIP,validated
VCAN,hsa-let-7f-5p,tarbase,Tier_B,HITS-CLIP,validated
VCAN,hsa-let-7g-5p,tarbase,Tier_B,HITS-CLIP,validated
VCAN,hsa-let-7i-5p,tarbase,Tier_B,HITS-CLIP//PAR-CLIP,validated
VCAN,hsa-miR-130a-3p,tarbase,Tier_B,HITS-CLIP,validated
VCAN,hsa-miR-138-5p,tarbase,Tier_B,HITS-CLIP//Microarrays,validated
VCAN,hsa-miR-16-5p,tarbase,Tier_B,HITS-CLIP,validated
VCAN,hsa-miR-181a-5p,tarbase,Tier_B,HITS-CLIP,validated
VCAN,hsa-miR-191-5p,tarbase,Tier_B,HITS-CLIP,validated
VCAN,hsa-miR-196a-5p,tarbase,Tier_B,HITS-CLIP//PAR-CLIP,validated
VCAN,hsa-miR-196b-5p,tarbase,Tier_B,HITS-CLIP,validated
VCAN,hsa-miR-199a-3p,tarbase,Tier_B,HITS-CLIP,validated
VCAN,hsa-miR-199b-3p,tarbase,Tier_B,HITS-CLIP,validated
VCAN,hsa-miR-19b-3p,tarbase,Tier_B,HITS-CLIP,validated
VCAN,hsa-miR-221-3p,tarbase,Tier_B,HITS-CLIP,validated
VCAN,hsa-miR-222-3p,tarbase,Tier_B,HITS-CLIP,validated
VCAN,hsa-miR-23a-3p,tarbase,Tier_B,HITS-CLIP,validated
VCAN,hsa-miR-23b-3p,tarbase,Tier_B,HITS-CLIP//Microarrays,validated
VCAN,hsa-miR-25-3p,tarbase,Tier_B,HITS-CLIP//PAR-CLIP,validated
VCAN,hsa-miR-26a-5p,tarbase,Tier_B,HITS-CLIP,validated
VCAN,hsa-miR-26b-5p,tarbase,Tier_B,HITS-CLIP,validated
VCAN,hsa-miR-27a-3p,tarbase,Tier_B,HITS-CLIP//PAR-CLIP,validated
VCAN,hsa-miR-27b-3p,tarbase,Tier_B,HITS-CLIP//PAR-CLIP,validated
VCAN,hsa-miR-28-3p,tarbase,Tier_B,HITS-CLIP,validated
VCAN,hsa-miR-30e-3p,tarbase,Tier_B,HITS-CLIP//PAR-CLIP,validated
VCAN,hsa-miR-320a-3p,tarbase,Tier_B,HITS-CLIP//PAR-CLIP,validated
VCAN,hsa-miR-320b,tarbase,Tier_B,HITS-CLIP,validated
VCAN,hsa-miR-320c,tarbase,Tier_B,HITS-CLIP,validated
VCAN,hsa-miR-487b-3p,tarbase,Tier_B,HITS-CLIP,validated
VCAN,hsa-miR-629-5p,tarbase,Tier_B,HITS-CLIP,validated
VCAN,hsa-miR-7-5p,tarbase,Tier_B,HITS-CLIP,validated
VCAN,hsa-miR-92b-3p,tarbase,Tier_B,HITS-CLIP//PAR-CLIP,validated
VCAN,hsa-miR-92b-5p,tarbase,Tier_B,HITS-CLIP,validated
VCAN,hsa-miR-99b-5p,tarbase,Tier_B,HITS-CLIP,validated
VCAN,hsa-miR-222-5p,tarbase,Tier_B,HITS-CLIP,validated
VCAN,hsa-miR-141-3p,tarbase,Tier_B,HITS-CLIP,validated
VCAN,hsa-miR-200a-3p,tarbase,Tier_B,HITS-CLIP,validated
VCAN,hsa-miR-139-5p,tarbase,Tier_B,HITS-CLIP,validated
VCAN,hsa-miR-30e-5p,tarbase,Tier_B,HITS-CLIP,validated
VCAN,hsa-miR-363-3p,tarbase,Tier_B,HITS-CLIP,validated
VCAN,hsa-miR-376a-3p,tarbase,Tier_B,HITS-CLIP,validated
VCAN,hsa-miR-376b-3p,tarbase,Tier_B,HITS-CLIP,validated
VCAN,hsa-miR-424-5p,tarbase,Tier_B,HITS-CLIP,validated
VCAN,hsa-let-7b-5p,tarbase,Tier_B,HITS-CLIP//Microarrays,validated
VCAN,hsa-let-7g-3p,tarbase,Tier_B,HITS-CLIP,validated
VCAN,hsa-miR-1269a,tarbase,Tier_B,HITS-CLIP,validated
VCAN,hsa-miR-134-5p,tarbase,Tier_B,HITS-CLIP,validated
VCAN,hsa-miR-138-2-3p,tarbase,Tier_B,HITS-CLIP,validated
VCAN,hsa-miR-140-5p,tarbase,Tier_B,HITS-CLIP,validated
VCAN,hsa-miR-142-5p,tarbase,Tier_B,HITS-CLIP,validated
VCAN,hsa-miR-17-3p,tarbase,Tier_B,HITS-CLIP,validated
VCAN,hsa-miR-19a-3p,tarbase,Tier_B,HITS-CLIP,validated
VCAN,hsa-miR-20a-3p,tarbase,Tier_B,HITS-CLIP,validated
VCAN,hsa-miR-21-5p,tarbase,Tier_B,HITS-CLIP,validated
VCAN,hsa-miR-22-3p,tarbase,Tier_B,HITS-CLIP,validated
VCAN,hsa-miR-3065-5p,tarbase,Tier_B,HITS-CLIP,validated
VCAN,hsa-miR-30b-3p,tarbase,Tier_B,HITS-CLIP,validated
VCAN,hsa-miR-30d-5p,tarbase,Tier_B,HITS-CLIP,validated
VCAN,hsa-miR-3149,tarbase,Tier_B,HITS-CLIP,validated
VCAN,hsa-miR-32-5p,tarbase,Tier_B,HITS-CLIP,validated
VCAN,hsa-miR-365a-3p,tarbase,Tier_B,HITS-CLIP,validated
VCAN,hsa-miR-365b-3p,tarbase,Tier_B,HITS-CLIP,validated
VCAN,hsa-miR-380-5p,tarbase,Tier_B,HITS-CLIP,validated
VCAN,hsa-miR-4474-3p,tarbase,Tier_B,HITS-CLIP,validated
VCAN,hsa-miR-6770-5p,tarbase,Tier_B,HITS-CLIP,validated
VCAN,hsa-miR-766-5p,tarbase,Tier_B,HITS-CLIP,validated
VCAN,hsa-miR-885-5p,tarbase,Tier_B,HITS-CLIP,validated
VCAN,hsa-let-7d-5p,tarbase,Tier_B,HITS-CLIP,validated
VCAN,hsa-miR-124-3p,tarbase,Tier_B,HITS-CLIP,validated
VCAN,hsa-miR-1285-3p,tarbase,Tier_B,HITS-CLIP,validated
VCAN,hsa-miR-181b-5p,tarbase,Tier_B,HITS-CLIP,validated
VCAN,hsa-miR-18b-3p,tarbase,Tier_B,HITS-CLIP,validated
VCAN,hsa-miR-193a-3p,tarbase,Tier_B,HITS-CLIP,validated
VCAN,hsa-miR-221-5p,tarbase,Tier_B,HITS-CLIP,validated
VCAN,hsa-miR-29c-5p,tarbase,Tier_B,HITS-CLIP,validated
VCAN,hsa-miR-302b-3p,tarbase,Tier_B,HITS-CLIP,validated
VCAN,hsa-miR-376a-5p,tarbase,Tier_B,HITS-CLIP,validated
VCAN,hsa-miR-487a-5p,tarbase,Tier_B,HITS-CLIP,validated
VCAN,hsa-miR-98-5p,tarbase,Tier_B,HITS-CLIP,validated
VCAN,hsa-miR-20b-3p,tarbase,Tier_B,HITS-CLIP,validated
VCAN,hsa-miR-15b-3p,tarbase,Tier_B,HITS-CLIP,validated
VCAN,hsa-miR-200a-5p,tarbase,Tier_B,HITS-CLIP//PAR-CLIP,validated
VCAN,hsa-miR-99b-3p,tarbase,Tier_B,HITS-CLIP,validated
VCAN,hsa-miR-345-5p,tarbase,Tier_B,PAR-CLIP,validated
VCAN,hsa-miR-182-5p,tarbase,Tier_B,PAR-CLIP//HITS-CLIP,validated
VCAN,hsa-miR-106b-3p,tarbase,Tier_B,PAR-CLIP,validated
VCAN,hsa-miR-1910-5p,tarbase,Tier_B,PAR-CLIP,validated
VCAN,hsa-miR-145-3p,tarbase,Tier_B,PAR-CLIP,validated
VCAN,hsa-miR-1296-5p,tarbase,Tier_B,PAR-CLIP//Chimeric fragments,validated
VCAN,hsa-miR-374a-5p,tarbase,Tier_B,PAR-CLIP,validated
VCAN,hsa-miR-500a-3p,tarbase,Tier_B,PAR-CLIP,validated
VCAN,hsa-miR-486-5p,tarbase,Tier_B,PAR-CLIP,validated
VCAN,hsa-miR-181a-2-3p,tarbase,Tier_B,PAR-CLIP,validated
VCAN,hsa-miR-148b-5p,tarbase,Tier_B,PAR-CLIP//HITS-CLIP,validated
VCAN,hsa-miR-4677-3p,tarbase,Tier_B,PAR-CLIP,validated
VCAN,hsa-miR-625-5p,tarbase,Tier_B,PAR-CLIP,validated
VCAN,hsa-miR-576-5p,tarbase,Tier_B,PAR-CLIP,validated
VCAN,hsa-miR-375-3p,tarbase,Tier_B,PAR-CLIP,validated
VCAN,hsa-miR-30b-5p,tarbase,Tier_B,PAR-CLIP,validated
VCAN,hsa-miR-30c-5p,tarbase,Tier_B,PAR-CLIP,validated
VCAN,hsa-miR-30d-3p,tarbase,Tier_B,PAR-CLIP,validated
VCAN,hsa-miR-339-5p,tarbase,Tier_B,PAR-CLIP,validated
VCAN,hsa-miR-133a-5p,tarbase,Tier_B,HITS-CLIP,validated
VCAN,hsa-miR-130b-3p,tarbase,Tier_B,HITS-CLIP,validated
VCAN,hsa-miR-181c-3p,tarbase,Tier_B,HITS-CLIP,validated
VCAN,hsa-miR-3659,tarbase,Tier_B,HITS-CLIP,validated
VCAN,hsa-miR-454-3p,tarbase,Tier_B,HITS-CLIP,validated
VCAN,hsa-miR-6516-5p,tarbase,Tier_B,HITS-CLIP,validated
VCAN,hsa-miR-128-3p,tarbase,Tier_B,HITS-CLIP//Microarrays,validated
VCAN,hsa-miR-194-5p,tarbase,Tier_B,HITS-CLIP,validated
VCAN,hsa-miR-28-5p,tarbase,Tier_B,HITS-CLIP,validated
VCAN,hsa-miR-30c-2-3p,tarbase,Tier_B,HITS-CLIP,validated
VCAN,hsa-miR-541-3p,tarbase,Tier_B,HITS-CLIP,validated
VCAN,hsa-miR-6818-5p,tarbase,Tier_B,HITS-CLIP,validated
VCAN,hsa-miR-2278,tarbase,Tier_B,HITS-CLIP,validated
VCAN,hsa-miR-4429,tarbase,Tier_B,HITS-CLIP,validated
VCAN,hsa-miR-5010-3p,tarbase,Tier_B,HITS-CLIP,validated
VCAN,hsa-miR-15a-3p,tarbase,Tier_B,HITS-CLIP,validated
VCAN,hsa-miR-193b-3p,tarbase,Tier_B,HITS-CLIP,validated
VCAN,hsa-miR-143-3p,tarbase,Tier_B,HITS-CLIP,validated
VCAN,hsa-miR-181d-5p,tarbase,Tier_B,HITS-CLIP,validated
VCAN,hsa-miR-3158-3p,tarbase,Tier_B,HITS-CLIP,validated
VCAN,hsa-miR-372-3p,tarbase,Tier_B,HITS-CLIP,validated
VCAN,hsa-miR-374b-5p,tarbase,Tier_B,HITS-CLIP,validated
VCAN,hsa-miR-379-5p,tarbase,Tier_B,HITS-CLIP,validated
VCAN,hsa-miR-455-5p,tarbase,Tier_B,HITS-CLIP,validated
VCAN,hsa-miR-507,tarbase,Tier_B,HITS-CLIP,validated
VCAN,hsa-miR-518a-3p,tarbase,Tier_B,HITS-CLIP,validated
VCAN,hsa-miR-589-5p,tarbase,Tier_B,HITS-CLIP,validated
VCAN,hsa-miR-7854-3p,tarbase,Tier_B,HITS-CLIP,validated
VCAN,hsa-miR-887-3p,tarbase,Tier_B,HITS-CLIP,validated
VCAN,hsa-miR-1299,tarbase,Tier_B,HITS-CLIP,validated
VCAN,hsa-miR-29a-3p,tarbase,Tier_B,HITS-CLIP,validated
VCAN,hsa-miR-29c-3p,tarbase,Tier_B,HITS-CLIP,validated
VCAN,hsa-miR-876-5p,tarbase,Tier_B,HITS-CLIP,validated
VCAN,hsa-miR-9-5p,tarbase,Tier_B,HITS-CLIP,validated
VCAN,hsa-miR-1271-5p,tarbase,Tier_B,RNA-Seq,validated
VCAN,hsa-miR-126-3p,tarbase,Tier_B,Microarrays,validated
VCAN,hsa-miR-449b-5p,tarbase,Tier_B,Microarrays,validated
VCAN,hsa-miR-449a,tarbase,Tier_B,Microarrays,validated
VCAN,hsa-miR-147a,tarbase,Tier_B,Microarrays,validated
VCAN,hsa-miR-129-2-3p,tarbase,Tier_B,Microarrays,validated
VCAN,hsa-miR-155-5p,tarbase,Tier_B,RNA-Seq,validated
VCAN,hsa-miR-146a-5p,tarbase,Tier_B,Microarrays,validated
COL8A1,hsa-let-7b-5p,tarbase,Tier_B,HITS-CLIP,validated
COL8A1,hsa-let-7e-5p,tarbase,Tier_B,HITS-CLIP,validated
COL8A1,hsa-let-7f-5p,tarbase,Tier_B,HITS-CLIP,validated
COL8A1,hsa-let-7g-5p,tarbase,Tier_B,HITS-CLIP,validated
COL8A1,hsa-let-7i-5p,tarbase,Tier_B,HITS-CLIP,validated
COL8A1,hsa-miR-15b-5p,tarbase,Tier_B,HITS-CLIP,validated
COL8A1,hsa-miR-16-5p,tarbase,Tier_B,HITS-CLIP,validated
COL8A1,hsa-miR-195-5p,tarbase,Tier_B,HITS-CLIP,validated
COL8A1,hsa-miR-196a-5p,tarbase,Tier_B,HITS-CLIP,validated
COL8A1,hsa-miR-26a-5p,tarbase,Tier_B,HITS-CLIP,validated
COL8A1,hsa-miR-26b-5p,tarbase,Tier_B,HITS-CLIP,validated
COL8A1,hsa-miR-29b-3p,tarbase,Tier_B,HITS-CLIP,validated
COL8A1,hsa-miR-34a-5p,tarbase,Tier_B,HITS-CLIP,validated
COL8A1,hsa-miR-92a-3p,tarbase,Tier_B,HITS-CLIP,validated
COL8A1,hsa-miR-98-5p,tarbase,Tier_B,HITS-CLIP,validated
COL8A1,hsa-let-7d-5p,tarbase,Tier_B,HITS-CLIP,validated
COL8A1,hsa-miR-1271-5p,tarbase,Tier_B,HITS-CLIP,validated
COL8A1,hsa-miR-18a-5p,tarbase,Tier_B,HITS-CLIP,validated
COL8A1,hsa-miR-25-3p,tarbase,Tier_B,HITS-CLIP,validated
COL8A1,hsa-miR-29a-3p,tarbase,Tier_B,HITS-CLIP,validated
COL8A1,hsa-miR-29c-3p,tarbase,Tier_B,HITS-CLIP,validated
COL8A1,hsa-miR-107,tarbase,Tier_B,HITS-CLIP,validated
COL8A1,hsa-miR-15a-5p,tarbase,Tier_B,HITS-CLIP,validated
COL8A1,hsa-let-7b-3p,tarbase,Tier_B,HITS-CLIP,validated
COL8A1,hsa-miR-106a-5p,tarbase,Tier_B,HITS-CLIP,validated
COL8A1,hsa-miR-106b-5p,tarbase,Tier_B,HITS-CLIP,validated
COL8A1,hsa-miR-124-3p,tarbase,Tier_B,HITS-CLIP,validated
COL8A1,hsa-miR-129-1-3p,tarbase,Tier_B,HITS-CLIP,validated
COL8A1,hsa-miR-17-5p,tarbase,Tier_B,HITS-CLIP,validated
COL8A1,hsa-miR-18b-5p,tarbase,Tier_B,HITS-CLIP,validated
COL8A1,hsa-miR-1912-3p,tarbase,Tier_B,HITS-CLIP,validated
COL8A1,hsa-miR-20a-3p,tarbase,Tier_B,HITS-CLIP,validated
COL8A1,hsa-miR-20a-5p,tarbase,Tier_B,HITS-CLIP,validated
COL8A1,hsa-miR-20b-5p,tarbase,Tier_B,HITS-CLIP,validated
COL8A1,hsa-miR-212-3p,tarbase,Tier_B,HITS-CLIP,validated
COL8A1,hsa-miR-221-5p,tarbase,Tier_B,HITS-CLIP,validated
COL8A1,hsa-miR-23a-3p,tarbase,Tier_B,HITS-CLIP,validated
COL8A1,hsa-miR-23b-3p,tarbase,Tier_B,HITS-CLIP//RNA-Seq,validated
COL8A1,hsa-miR-24-1-5p,tarbase,Tier_B,HITS-CLIP,validated
COL8A1,hsa-miR-30a-5p,tarbase,Tier_B,HITS-CLIP,validated
COL8A1,hsa-miR-30d-5p,tarbase,Tier_B,HITS-CLIP,validated
COL8A1,hsa-miR-32-5p,tarbase,Tier_B,HITS-CLIP,validated
COL8A1,hsa-miR-324-3p,tarbase,Tier_B,HITS-CLIP,validated
COL8A1,hsa-miR-4664-5p,tarbase,Tier_B,HITS-CLIP,validated
COL8A1,hsa-miR-625-3p,tarbase,Tier_B,HITS-CLIP,validated
COL8A1,hsa-miR-766-5p,tarbase,Tier_B,HITS-CLIP,validated
COL8A1,hsa-miR-93-5p,tarbase,Tier_B,HITS-CLIP,validated
COL8A1,hsa-miR-103a-3p,tarbase,Tier_B,HITS-CLIP,validated
COL8A1,hsa-miR-191-5p,tarbase,Tier_B,HITS-CLIP,validated
COL8A1,hsa-miR-378a-3p,tarbase,Tier_B,HITS-CLIP,validated
COL8A1,hsa-miR-424-5p,tarbase,Tier_B,HITS-CLIP,validated
COL8A1,hsa-miR-6830-3p,tarbase,Tier_B,HITS-CLIP,validated
COL8A1,hsa-miR-92b-3p,tarbase,Tier_B,HITS-CLIP,validated
COL8A1,hsa-miR-1-3p,tarbase,Tier_B,HITS-CLIP//Microarrays//RNA-Seq//RPF-Seq,validated
COL8A1,hsa-miR-5682,tarbase,Tier_B,HITS-CLIP,validated
COL8A1,hsa-miR-619-5p,tarbase,Tier_B,HITS-CLIP,validated
COL8A1,hsa-miR-624-5p,tarbase,Tier_B,HITS-CLIP,validated
COL8A1,hsa-miR-101-3p,tarbase,Tier_B,HITS-CLIP,validated
COL8A1,hsa-miR-138-5p,tarbase,Tier_B,HITS-CLIP,validated
COL8A1,hsa-miR-30e-5p,tarbase,Tier_B,HITS-CLIP,validated
COL8A1,hsa-miR-374b-5p,tarbase,Tier_B,HITS-CLIP,validated
COL8A1,hsa-miR-7-5p,tarbase,Tier_B,HITS-CLIP,validated
COL8A1,hsa-miR-130b-3p,tarbase,Tier_B,HITS-CLIP,validated
COL8A1,hsa-miR-877-5p,tarbase,Tier_B,HITS-CLIP,validated
COL8A1,hsa-let-7f-2-3p,tarbase,Tier_B,HITS-CLIP,validated
COL8A1,hsa-miR-182-5p,tarbase,Tier_B,HITS-CLIP,validated
COL8A1,hsa-miR-19a-3p,tarbase,Tier_B,HITS-CLIP,validated
COL8A1,hsa-miR-19b-3p,tarbase,Tier_B,HITS-CLIP,validated
COL8A1,hsa-miR-206,tarbase,Tier_B,HITS-CLIP,validated
COL8A1,hsa-miR-654-3p,tarbase,Tier_B,HITS-CLIP,validated
COL8A1,hsa-let-7a-5p,tarbase,Tier_B,HITS-CLIP,validated
COL8A1,hsa-miR-133b,tarbase,Tier_B,RNA-Seq,validated
COL8A1,hsa-miR-155-5p,tarbase,Tier_B,RNA-Seq,validated
COL8A1,hsa-miR-122-5p,tarbase,Tier_B,Biotin-Microarrays,validated
COL8A1,hsa-miR-129-2-3p,tarbase,Tier_B,Microarrays,validated
COL8A1,hsa-miR-27a-3p,tarbase,Tier_B,Microarrays,validated
ISM1,hsa-let-7a-5p,tarbase,Tier_B,HITS-CLIP,validated
ISM1,hsa-let-7g-5p,tarbase,Tier_B,HITS-CLIP,validated
ISM1,hsa-miR-148a-3p,tarbase,Tier_B,HITS-CLIP,validated
ISM1,hsa-miR-148b-3p,tarbase,Tier_B,HITS-CLIP,validated
ISM1,hsa-miR-30b-3p,tarbase,Tier_B,HITS-CLIP,validated
ISM1,hsa-miR-3913-5p,tarbase,Tier_B,HITS-CLIP,validated
ISM1,hsa-miR-423-5p,tarbase,Tier_B,HITS-CLIP,validated
ISM1,hsa-miR-93-5p,tarbase,Tier_B,HITS-CLIP,validated
ISM1,hsa-miR-106a-5p,tarbase,Tier_B,HITS-CLIP,validated
ISM1,hsa-miR-3662,tarbase,Tier_B,RNA-Seq,validated
ISM1,hsa-miR-200c-3p,tarbase,Tier_B,Microarrays,validated
ISM1,hsa-miR-31-5p,tarbase,Tier_B,Microarrays,validated
COL3A1,hsa-let-7c-5p,diana_microt,Tier_B,Bioinformatic prediction (multiMiR),predicted
COL3A1,hsa-let-7b-5p,diana_microt,Tier_B,Bioinformatic prediction (multiMiR),predicted
COL3A1,hsa-miR-29a-3p,diana_microt,Tier_B,Bioinformatic prediction (multiMiR),predicted
COL3A1,hsa-miR-29b-3p,diana_microt,Tier_B,Bioinformatic prediction (multiMiR),predicted
COL3A1,hsa-miR-29c-3p,diana_microt,Tier_B,Bioinformatic prediction (multiMiR),predicted
COL11A1,hsa-miR-1323,diana_microt,Tier_B,Bioinformatic prediction (multiMiR),predicted
INHBA,hsa-miR-147a,diana_microt,Tier_B,Bioinformatic prediction (multiMiR),predicted
INHBA,hsa-miR-302c-5p,diana_microt,Tier_B,Bioinformatic prediction (multiMiR),predicted
EDIL3,hsa-miR-4672,diana_microt,Tier_B,Bioinformatic prediction (multiMiR),predicted
COMP,hsa-miR-2355-3p,diana_microt,Tier_B,Bioinformatic prediction (multiMiR),predicted
VCAN,hsa-miR-130a-5p,diana_microt,Tier_B,Bioinformatic prediction (multiMiR),predicted
COL8A1,hsa-miR-29b-3p,diana_microt,Tier_B,Bioinformatic prediction (multiMiR),predicted
COL3A1,hsa-miR-98-5p,diana_microt,Tier_B,Bioinformatic prediction (multiMiR),predicted
COL3A1,hsa-miR-4500,diana_microt,Tier_B,Bioinformatic prediction (multiMiR),predicted
COL3A1,hsa-let-7a-5p,diana_microt,Tier_B,Bioinformatic prediction (multiMiR),predicted
COL3A1,hsa-let-7f-5p,diana_microt,Tier_B,Bioinformatic prediction (multiMiR),predicted
COL3A1,hsa-let-7g-5p,diana_microt,Tier_B,Bioinformatic prediction (multiMiR),predicted
COL3A1,hsa-let-7i-5p,diana_microt,Tier_B,Bioinformatic prediction (multiMiR),predicted
COL11A1,hsa-miR-3663-3p,diana_microt,Tier_B,Bioinformatic prediction (multiMiR),predicted
THBS3,hsa-miR-1208,diana_microt,Tier_B,Bioinformatic prediction (multiMiR),predicted
COL8A1,hsa-miR-29a-3p,diana_microt,Tier_B,Bioinformatic prediction (multiMiR),predicted
COL8A1,hsa-miR-29c-3p,diana_microt,Tier_B,Bioinformatic prediction (multiMiR),predicted
COL11A1,hsa-miR-4666b,diana_microt,Tier_B,Bioinformatic prediction (multiMiR),predicted
INHBA,hsa-miR-5692a,diana_microt,Tier_B,Bioinformatic prediction (multiMiR),predicted
VCAN,hsa-miR-9-5p,diana_microt,Tier_B,Bioinformatic prediction (multiMiR),predicted
FN1,hsa-miR-1237-3p,diana_microt,Tier_B,Bioinformatic prediction (multiMiR),predicted
FN1,hsa-miR-3190-5p,diana_microt,Tier_B,Bioinformatic prediction (multiMiR),predicted
INHBA,hsa-miR-3658,diana_microt,Tier_B,Bioinformatic prediction (multiMiR),predicted
INHBA,hsa-miR-4803,diana_microt,Tier_B,Bioinformatic prediction (multiMiR),predicted
INHBA,hsa-miR-5688,diana_microt,Tier_B,Bioinformatic prediction (multiMiR),predicted
INHBA,hsa-miR-3121-3p,diana_microt,Tier_B,Bioinformatic prediction (multiMiR),predicted
LOX,hsa-miR-4698,diana_microt,Tier_B,Bioinformatic prediction (multiMiR),predicted
LOX,hsa-miR-30e-5p,diana_microt,Tier_B,Bioinformatic prediction (multiMiR),predicted
COL8A1,hsa-miR-135a-3p,diana_microt,Tier_B,Bioinformatic prediction (multiMiR),predicted
COL3A1,hsa-let-7e-5p,diana_microt,Tier_B,Bioinformatic prediction (multiMiR),predicted
COL11A1,hsa-miR-4775,diana_microt,Tier_B,Bioinformatic prediction (multiMiR),predicted
INHBA,hsa-miR-4753-5p,diana_microt,Tier_B,Bioinformatic prediction (multiMiR),predicted
VCAN,hsa-miR-4760-5p,diana_microt,Tier_B,Bioinformatic prediction (multiMiR),predicted
COL3A1,hsa-miR-4653-3p,diana_microt,Tier_B,Bioinformatic prediction (multiMiR),predicted
INHBA,hsa-miR-3911,diana_microt,Tier_B,Bioinformatic prediction (multiMiR),predicted
VCAN,hsa-miR-4729,diana_microt,Tier_B,Bioinformatic prediction (multiMiR),predicted
VCAN,hsa-miR-1185-2-3p,diana_microt,Tier_B,Bioinformatic prediction (multiMiR),predicted
FN1,hsa-miR-144-3p,diana_microt,Tier_B,Bioinformatic prediction (multiMiR),predicted
INHBA,hsa-miR-2052,diana_microt,Tier_B,Bioinformatic prediction (multiMiR),predicted
LOX,hsa-miR-30a-5p,diana_microt,Tier_B,Bioinformatic prediction (multiMiR),predicted
LOX,hsa-miR-200c-3p,diana_microt,Tier_B,Bioinformatic prediction (multiMiR),predicted
COL11A1,hsa-miR-5011-5p,diana_microt,Tier_B,Bioinformatic prediction (multiMiR),predicted
INHBA,hsa-miR-5010-3p,diana_microt,Tier_B,Bioinformatic prediction (multiMiR),predicted
INHBA,hsa-miR-495-3p,diana_microt,Tier_B,Bioinformatic prediction (multiMiR),predicted
LOX,hsa-miR-30c-5p,diana_microt,Tier_B,Bioinformatic prediction (multiMiR),predicted
LOX,hsa-miR-30d-5p,diana_microt,Tier_B,Bioinformatic prediction (multiMiR),predicted
LOX,hsa-miR-30b-5p,diana_microt,Tier_B,Bioinformatic prediction (multiMiR),predicted
COMP,hsa-miR-3909,diana_microt,Tier_B,Bioinformatic prediction (multiMiR),predicted
VCAN,hsa-miR-1185-1-3p,diana_microt,Tier_B,Bioinformatic prediction (multiMiR),predicted
COL3A1,hsa-miR-5682,diana_microt,Tier_B,Bioinformatic prediction (multiMiR),predicted
COL3A1,hsa-miR-3145-3p,diana_microt,Tier_B,Bioinformatic prediction (multiMiR),predicted
COL11A1,hsa-miR-5692a,diana_microt,Tier_B,Bioinformatic prediction (multiMiR),predicted
INHBA,hsa-miR-3133,diana_microt,Tier_B,Bioinformatic prediction (multiMiR),predicted
LOX,hsa-miR-4282,diana_microt,Tier_B,Bioinformatic prediction (multiMiR),predicted
EDIL3,hsa-miR-1305,diana_microt,Tier_B,Bioinformatic prediction (multiMiR),predicted
EDIL3,hsa-miR-4282,diana_microt,Tier_B,Bioinformatic prediction (multiMiR),predicted
COL8A1,hsa-miR-579-3p,diana_microt,Tier_B,Bioinformatic prediction (multiMiR),predicted
FN1,hsa-miR-513a-5p,diana_microt,Tier_B,Bioinformatic prediction (multiMiR),predicted
INHBA,hsa-miR-4677-5p,diana_microt,Tier_B,Bioinformatic prediction (multiMiR),predicted
INHBA,hsa-miR-4775,diana_microt,Tier_B,Bioinformatic prediction (multiMiR),predicted
LOX,hsa-miR-429,diana_microt,Tier_B,Bioinformatic prediction (multiMiR),predicted
COL11A1,hsa-miR-29b-3p,diana_microt,Tier_B,Bioinformatic prediction (multiMiR),predicted
COL11A1,hsa-miR-29c-3p,diana_microt,Tier_B,Bioinformatic prediction (multiMiR),predicted
INHBA,hsa-miR-2117,diana_microt,Tier_B,Bioinformatic prediction (multiMiR),predicted
INHBA,hsa-miR-4273,diana_microt,Tier_B,Bioinformatic prediction (multiMiR),predicted
INHBA,hsa-miR-4643,diana_microt,Tier_B,Bioinformatic prediction (multiMiR),predicted
LOX,hsa-miR-876-5p,diana_microt,Tier_B,Bioinformatic prediction (multiMiR),predicted
LOX,hsa-miR-200b-3p,diana_microt,Tier_B,Bioinformatic prediction (multiMiR),predicted
LOX,hsa-miR-488-3p,diana_microt,Tier_B,Bioinformatic prediction (multiMiR),predicted
VCAN,hsa-miR-5696,diana_microt,Tier_B,Bioinformatic prediction (multiMiR),predicted
COL8A1,hsa-miR-3145-3p,diana_microt,Tier_B,Bioinformatic prediction (multiMiR),predicted
INHBA,hsa-miR-375-3p,diana_microt,Tier_B,Bioinformatic prediction (multiMiR),predicted
INHBA,hsa-miR-429,diana_microt,Tier_B,Bioinformatic prediction (multiMiR),predicted
INHBA,hsa-miR-153-3p,diana_microt,Tier_B,Bioinformatic prediction (multiMiR),predicted
THBS3,hsa-miR-1237-3p,diana_microt,Tier_B,Bioinformatic prediction (multiMiR),predicted
VCAN,hsa-miR-3164,diana_microt,Tier_B,Bioinformatic prediction (multiMiR),predicted
COL11A1,hsa-miR-548o-3p,diana_microt,Tier_B,Bioinformatic prediction (multiMiR),predicted
INHBA,hsa-miR-26a-5p,diana_microt,Tier_B,Bioinformatic prediction (multiMiR),predicted
COL8A1,hsa-miR-335-3p,diana_microt,Tier_B,Bioinformatic prediction (multiMiR),predicted
COL11A1,hsa-miR-3065-3p,diana_microt,Tier_B,Bioinformatic prediction (multiMiR),predicted
COL11A1,hsa-miR-1277-5p,diana_microt,Tier_B,Bioinformatic prediction (multiMiR),predicted
COL11A1,hsa-miR-29a-3p,diana_microt,Tier_B,Bioinformatic prediction (multiMiR),predicted
FN1,hsa-miR-4660,diana_microt,Tier_B,Bioinformatic prediction (multiMiR),predicted
LOX,hsa-miR-4495,diana_microt,Tier_B,Bioinformatic prediction (multiMiR),predicted
LOX,hsa-miR-4729,diana_microt,Tier_B,Bioinformatic prediction (multiMiR),predicted
COMP,hsa-miR-1343-3p,diana_microt,Tier_B,Bioinformatic prediction (multiMiR),predicted
VCAN,hsa-miR-33a-5p,diana_microt,Tier_B,Bioinformatic prediction (multiMiR),predicted
VCAN,hsa-miR-135b-5p,diana_microt,Tier_B,Bioinformatic prediction (multiMiR),predicted
COL8A1,hsa-miR-133a-3p,diana_microt,Tier_B,Bioinformatic prediction (multiMiR),predicted
COL8A1,hsa-miR-133b,diana_microt,Tier_B,Bioinformatic prediction (multiMiR),predicted
COL11A1,hsa-miR-3147,diana_microt,Tier_B,Bioinformatic prediction (multiMiR),predicted
LOX,hsa-miR-135a-3p,diana_microt,Tier_B,Bioinformatic prediction (multiMiR),predicted
LOX,hsa-miR-5700,diana_microt,Tier_B,Bioinformatic prediction (multiMiR),predicted
LOX,hsa-miR-29b-3p,diana_microt,Tier_B,Bioinformatic prediction (multiMiR),predicted
INHBA,hsa-miR-26b-5p,diana_microt,Tier_B,Bioinformatic prediction (multiMiR),predicted
LOX,hsa-miR-29c-3p,diana_microt,Tier_B,Bioinformatic prediction (multiMiR),predicted
VCAN,hsa-miR-4430,diana_microt,Tier_B,Bioinformatic prediction (multiMiR),predicted
COL3A1,hsa-miR-513c-3p,diana_microt,Tier_B,Bioinformatic prediction (multiMiR),predicted
COL3A1,hsa-miR-513a-3p,diana_microt,Tier_B,Bioinformatic prediction (multiMiR),predicted
INHBA,hsa-miR-1297,diana_microt,Tier_B,Bioinformatic prediction (multiMiR),predicted
EDIL3,hsa-miR-3163,diana_microt,Tier_B,Bioinformatic prediction (multiMiR),predicted
EDIL3,hsa-miR-548d-3p,diana_microt,Tier_B,Bioinformatic prediction (multiMiR),predicted
VCAN,hsa-miR-3163,diana_microt,Tier_B,Bioinformatic prediction (multiMiR),predicted
VCAN,hsa-miR-664b-3p,diana_microt,Tier_B,Bioinformatic prediction (multiMiR),predicted
VCAN,hsa-miR-135a-5p,diana_microt,Tier_B,Bioinformatic prediction (multiMiR),predicted
FN1,hsa-miR-206,diana_microt,Tier_B,Bioinformatic prediction (multiMiR),predicted
INHBA,hsa-miR-4653-5p,diana_microt,Tier_B,Bioinformatic prediction (multiMiR),predicted
INHBA,hsa-miR-548x-3p,diana_microt,Tier_B,Bioinformatic prediction (multiMiR),predicted
INHBA,hsa-miR-548aj-3p,diana_microt,Tier_B,Bioinformatic prediction (multiMiR),predicted
EDIL3,hsa-miR-5584-5p,diana_microt,Tier_B,Bioinformatic prediction (multiMiR),predicted
VCAN,hsa-miR-579-3p,diana_microt,Tier_B,Bioinformatic prediction (multiMiR),predicted
COL8A1,hsa-miR-4517,diana_microt,Tier_B,Bioinformatic prediction (multiMiR),predicted
COL11A1,hsa-miR-3163,diana_microt,Tier_B,Bioinformatic prediction (multiMiR),predicted
FN1,hsa-miR-3944-5p,diana_microt,Tier_B,Bioinformatic prediction (multiMiR),predicted
INHBA,hsa-miR-548c-3p,diana_microt,Tier_B,Bioinformatic prediction (multiMiR),predicted
LOX,hsa-miR-4517,diana_microt,Tier_B,Bioinformatic prediction (multiMiR),predicted
EDIL3,hsa-miR-548i,diana_microt,Tier_B,Bioinformatic prediction (multiMiR),predicted
COL8A1,hsa-miR-664b-3p,diana_microt,Tier_B,Bioinformatic prediction (multiMiR),predicted
COL11A1,hsa-miR-381-3p,diana_microt,Tier_B,Bioinformatic prediction (multiMiR),predicted
INHBA,hsa-miR-509-5p,diana_microt,Tier_B,Bioinformatic prediction (multiMiR),predicted
INHBA,hsa-miR-509-3-5p,diana_microt,Tier_B,Bioinformatic prediction (multiMiR),predicted
INHBA,hsa-miR-5590-3p,diana_microt,Tier_B,Bioinformatic prediction (multiMiR),predicted
VCAN,hsa-miR-23c,diana_microt,Tier_B,Bioinformatic prediction (multiMiR),predicted
VCAN,hsa-miR-5093,diana_microt,Tier_B,Bioinformatic prediction (multiMiR),predicted
COL3A1,hsa-let-7d-5p,diana_microt,Tier_B,Bioinformatic prediction (multiMiR),predicted
LOX,hsa-miR-29a-3p,diana_microt,Tier_B,Bioinformatic prediction (multiMiR),predicted
EDIL3,hsa-miR-548as-5p,diana_microt,Tier_B,Bioinformatic prediction (multiMiR),predicted
EDIL3,hsa-miR-137-3p,diana_microt,Tier_B,Bioinformatic prediction (multiMiR),predicted
COMP,hsa-miR-4259,diana_microt,Tier_B,Bioinformatic prediction (multiMiR),predicted
INHBA,hsa-miR-3613-3p,diana_microt,Tier_B,Bioinformatic prediction (multiMiR),predicted
EDIL3,hsa-miR-548aq-5p,diana_microt,Tier_B,Bioinformatic prediction (multiMiR),predicted
ISM1,hsa-miR-450b-5p,diana_microt,Tier_B,Bioinformatic prediction (multiMiR),predicted
LOX,hsa-miR-380-3p,diana_microt,Tier_B,Bioinformatic prediction (multiMiR),predicted
EDIL3,hsa-miR-548j-5p,diana_microt,Tier_B,Bioinformatic prediction (multiMiR),predicted
EDIL3,hsa-miR-548ab,diana_microt,Tier_B,Bioinformatic prediction (multiMiR),predicted
EDIL3,hsa-miR-548h-5p,diana_microt,Tier_B,Bioinformatic prediction (multiMiR),predicted
VCAN,hsa-miR-4650-5p,diana_microt,Tier_B,Bioinformatic prediction (multiMiR),predicted
VCAN,hsa-miR-23b-3p,diana_microt,Tier_B,Bioinformatic prediction (multiMiR),predicted
VCAN,hsa-miR-33b-5p,diana_microt,Tier_B,Bioinformatic prediction (multiMiR),predicted
COL11A1,hsa-miR-587,diana_microt,Tier_B,Bioinformatic prediction (multiMiR),predicted
COL11A1,hsa-miR-3148,diana_microt,Tier_B,Bioinformatic prediction (multiMiR),predicted
COL11A1,hsa-miR-4287,diana_microt,Tier_B,Bioinformatic prediction (multiMiR),predicted
INHBA,hsa-miR-4482-3p,diana_microt,Tier_B,Bioinformatic prediction (multiMiR),predicted
LOX,hsa-miR-1911-3p,diana_microt,Tier_B,Bioinformatic prediction (multiMiR),predicted
EDIL3,hsa-miR-548c-5p,diana_microt,Tier_B,Bioinformatic prediction (multiMiR),predicted
EDIL3,hsa-miR-548o-5p,diana_microt,Tier_B,Bioinformatic prediction (multiMiR),predicted
EDIL3,hsa-miR-548am-5p,diana_microt,Tier_B,Bioinformatic prediction (multiMiR),predicted
COL11A1,hsa-miR-300,diana_microt,Tier_B,Bioinformatic prediction (multiMiR),predicted
COL11A1,hsa-miR-202-3p,diana_microt,Tier_B,Bioinformatic prediction (multiMiR),predicted
COL11A1,hsa-miR-335-3p,diana_microt,Tier_B,Bioinformatic prediction (multiMiR),predicted
INHBA,hsa-miR-335-3p,diana_microt,Tier_B,Bioinformatic prediction (multiMiR),predicted
LOX,hsa-miR-24-3p,diana_microt,Tier_B,Bioinformatic prediction (multiMiR),predicted
EDIL3,hsa-miR-548y,diana_microt,Tier_B,Bioinformatic prediction (multiMiR),predicted
EDIL3,hsa-miR-548ap-5p,diana_microt,Tier_B,Bioinformatic prediction (multiMiR),predicted
EDIL3,hsa-miR-548au-5p,diana_microt,Tier_B,Bioinformatic prediction (multiMiR),predicted
VCAN,hsa-miR-1298-5p,diana_microt,Tier_B,Bioinformatic prediction (multiMiR),predicted
VCAN,hsa-miR-548l,diana_microt,Tier_B,Bioinformatic prediction (multiMiR),predicted
INHBA,hsa-miR-5680,diana_microt,Tier_B,Bioinformatic prediction (multiMiR),predicted
EDIL3,hsa-miR-548a-5p,diana_microt,Tier_B,Bioinformatic prediction (multiMiR),predicted
EDIL3,hsa-miR-4793-3p,diana_microt,Tier_B,Bioinformatic prediction (multiMiR),predicted
VCAN,hsa-miR-23a-3p,diana_microt,Tier_B,Bioinformatic prediction (multiMiR),predicted
COL8A1,hsa-miR-1290,diana_microt,Tier_B,Bioinformatic prediction (multiMiR),predicted
FN1,hsa-miR-9-3p,diana_microt,Tier_B,Bioinformatic prediction (multiMiR),predicted
FN1,hsa-miR-1-3p,diana_microt,Tier_B,Bioinformatic prediction (multiMiR),predicted
INHBA,hsa-miR-4517,diana_microt,Tier_B,Bioinformatic prediction (multiMiR),predicted
INHBA,hsa-miR-4753-3p,diana_microt,Tier_B,Bioinformatic prediction (multiMiR),predicted
EDIL3,hsa-miR-548d-5p,diana_microt,Tier_B,Bioinformatic prediction (multiMiR),predicted
EDIL3,hsa-miR-548w,diana_microt,Tier_B,Bioinformatic prediction (multiMiR),predicted
VCAN,hsa-miR-4309,diana_microt,Tier_B,Bioinformatic prediction (multiMiR),predicted
COL3A1,hsa-miR-380-5p,diana_microt,Tier_B,Bioinformatic prediction (multiMiR),predicted
INHBA,hsa-miR-452-5p,diana_microt,Tier_B,Bioinformatic prediction (multiMiR),predicted
EDIL3,hsa-miR-548b-5p,diana_microt,Tier_B,Bioinformatic prediction (multiMiR),predicted
EDIL3,hsa-miR-548ar-5p,diana_microt,Tier_B,Bioinformatic prediction (multiMiR),predicted
COL8A1,hsa-miR-588,diana_microt,Tier_B,Bioinformatic prediction (multiMiR),predicted
COL8A1,hsa-miR-548t-5p,diana_microt,Tier_B,Bioinformatic prediction (multiMiR),predicted
COL11A1,hsa-miR-498-5p,diana_microt,Tier_B,Bioinformatic prediction (multiMiR),predicted
EDIL3,hsa-miR-548e-3p,diana_microt,Tier_B,Bioinformatic prediction (multiMiR),predicted
EDIL3,hsa-miR-548ak,diana_microt,Tier_B,Bioinformatic prediction (multiMiR),predicted
COL11A1,hsa-miR-676-5p,diana_microt,Tier_B,Bioinformatic prediction (multiMiR),predicted
LOX,hsa-miR-5692a,diana_microt,Tier_B,Bioinformatic prediction (multiMiR),predicted
COL3A1,hsa-miR-196a-5p,diana_microt,Tier_B,Bioinformatic prediction (multiMiR),predicted
INHBA,hsa-miR-3921,diana_microt,Tier_B,Bioinformatic prediction (multiMiR),predicted
COL3A1,hsa-miR-4504,diana_microt,Tier_B,Bioinformatic prediction (multiMiR),predicted
COL3A1,hsa-miR-196b-5p,diana_microt,Tier_B,Bioinformatic prediction (multiMiR),predicted
INHBA,hsa-miR-454-3p,diana_microt,Tier_B,Bioinformatic prediction (multiMiR),predicted
LOX,hsa-miR-3924,diana_microt,Tier_B,Bioinformatic prediction (multiMiR),predicted
THBS3,hsa-miR-342-3p,diana_microt,Tier_B,Bioinformatic prediction (multiMiR),predicted
COL3A1,hsa-miR-4474-3p,diana_microt,Tier_B,Bioinformatic prediction (multiMiR),predicted
EDIL3,hsa-miR-559,diana_microt,Tier_B,Bioinformatic prediction (multiMiR),predicted
LOX,hsa-miR-607,diana_microt,Tier_B,Bioinformatic prediction (multiMiR),predicted
THBS3,hsa-miR-2355-3p,diana_microt,Tier_B,Bioinformatic prediction (multiMiR),predicted
COL11A1,hsa-miR-4795-3p,diana_microt,Tier_B,Bioinformatic prediction (multiMiR),predicted
EDIL3,hsa-miR-496,diana_microt,Tier_B,Bioinformatic prediction (multiMiR),predicted
COL11A1,hsa-miR-4685-3p,diana_microt,Tier_B,Bioinformatic prediction (multiMiR),predicted
EDIL3,hsa-miR-590-3p,diana_microt,Tier_B,Bioinformatic prediction (multiMiR),predicted
VCAN,hsa-miR-340-5p,diana_microt,Tier_B,Bioinformatic prediction (multiMiR),predicted
VCAN,hsa-miR-3121-3p,diana_microt,Tier_B,Bioinformatic prediction (multiMiR),predicted
COL11A1,hsa-miR-1305,diana_microt,Tier_B,Bioinformatic prediction (multiMiR),predicted
COL11A1,hsa-miR-548an,diana_microt,Tier_B,Bioinformatic prediction (multiMiR),predicted
INHBA,hsa-miR-3119,diana_microt,Tier_B,Bioinformatic prediction (multiMiR),predicted
EDIL3,hsa-miR-4775,diana_microt,Tier_B,Bioinformatic prediction (multiMiR),predicted
LOX,hsa-miR-21-3p,diana_microt,Tier_B,Bioinformatic prediction (multiMiR),predicted
EDIL3,hsa-miR-3974,diana_microt,Tier_B,Bioinformatic prediction (multiMiR),predicted
COL8A1,hsa-miR-3121-3p,diana_microt,Tier_B,Bioinformatic prediction (multiMiR),predicted
THBS3,hsa-miR-5196-3p,diana_microt,Tier_B,Bioinformatic prediction (multiMiR),predicted
EDIL3,hsa-miR-548n,diana_microt,Tier_B,Bioinformatic prediction (multiMiR),predicted
INHBA,hsa-miR-376c-3p,diana_microt,Tier_B,Bioinformatic prediction (multiMiR),predicted
ISM1,hsa-miR-2052,diana_microt,Tier_B,Bioinformatic prediction (multiMiR),predicted
COL11A1,hsa-miR-520d-5p,diana_microt,Tier_B,Bioinformatic prediction (multiMiR),predicted
INHBA,hsa-miR-4684-3p,diana_microt,Tier_B,Bioinformatic prediction (multiMiR),predicted
COMP,hsa-miR-571,diana_microt,Tier_B,Bioinformatic prediction (multiMiR),predicted
INHBA,hsa-miR-342-3p,diana_microt,Tier_B,Bioinformatic prediction (multiMiR),predicted
LOX,hsa-miR-548at-5p,diana_microt,Tier_B,Bioinformatic prediction (multiMiR),predicted
INHBA,hsa-miR-4284,diana_microt,Tier_B,Bioinformatic prediction (multiMiR),predicted
EDIL3,hsa-miR-5680,diana_microt,Tier_B,Bioinformatic prediction (multiMiR),predicted
LOX,hsa-miR-548c-3p,diana_microt,Tier_B,Bioinformatic prediction (multiMiR),predicted
COL8A1,hsa-miR-4439,diana_microt,Tier_B,Bioinformatic prediction (multiMiR),predicted
COL11A1,hsa-miR-524-5p,diana_microt,Tier_B,Bioinformatic prediction (multiMiR),predicted
FN1,hsa-miR-515-5p,diana_microt,Tier_B,Bioinformatic prediction (multiMiR),predicted
LOX,hsa-miR-3163,diana_microt,Tier_B,Bioinformatic prediction (multiMiR),predicted
VCAN,hsa-miR-885-5p,diana_microt,Tier_B,Bioinformatic prediction (multiMiR),predicted
COL8A1,hsa-miR-3163,diana_microt,Tier_B,Bioinformatic prediction (multiMiR),predicted
COL11A1,hsa-miR-4659b-5p,diana_microt,Tier_B,Bioinformatic prediction (multiMiR),predicted
EDIL3,hsa-miR-518a-5p,diana_microt,Tier_B,Bioinformatic prediction (multiMiR),predicted
EDIL3,hsa-miR-527,diana_microt,Tier_B,Bioinformatic prediction (multiMiR),predicted
COL8A1,hsa-miR-4753-3p,diana_microt,Tier_B,Bioinformatic prediction (multiMiR),predicted
COL11A1,hsa-miR-4694-3p,diana_microt,Tier_B,Bioinformatic prediction (multiMiR),predicted
VCAN,hsa-miR-5011-5p,diana_microt,Tier_B,Bioinformatic prediction (multiMiR),predicted
VCAN,hsa-miR-335-3p,diana_microt,Tier_B,Bioinformatic prediction (multiMiR),predicted
ISM1,hsa-miR-5011-5p,diana_microt,Tier_B,Bioinformatic prediction (multiMiR),predicted
COL11A1,hsa-miR-4680-5p,diana_microt,Tier_B,Bioinformatic prediction (multiMiR),predicted
LOX,hsa-miR-101-5p,diana_microt,Tier_B,Bioinformatic prediction (multiMiR),predicted
EDIL3,hsa-miR-548f-3p,diana_microt,Tier_B,Bioinformatic prediction (multiMiR),predicted
FN1,hsa-miR-519e-5p,diana_microt,Tier_B,Bioinformatic prediction (multiMiR),predicted
LOX,hsa-miR-379-3p,diana_microt,Tier_B,Bioinformatic prediction (multiMiR),predicted
COL11A1,hsa-miR-369-3p,diana_microt,Tier_B,Bioinformatic prediction (multiMiR),predicted
INHBA,hsa-miR-3160-5p,diana_microt,Tier_B,Bioinformatic prediction (multiMiR),predicted
INHBA,hsa-miR-5692c,diana_microt,Tier_B,Bioinformatic prediction (multiMiR),predicted
THBS3,hsa-miR-4793-3p,diana_microt,Tier_B,Bioinformatic prediction (multiMiR),predicted
EDIL3,hsa-miR-607,diana_microt,Tier_B,Bioinformatic prediction (multiMiR),predicted
FN1,hsa-miR-593-5p,diana_microt,Tier_B,Bioinformatic prediction (multiMiR),predicted
INHBA,hsa-miR-323b-3p,diana_microt,Tier_B,Bioinformatic prediction (multiMiR),predicted
INHBA,hsa-miR-4660,diana_microt,Tier_B,Bioinformatic prediction (multiMiR),predicted
COL8A1,hsa-miR-3671,diana_microt,Tier_B,Bioinformatic prediction (multiMiR),predicted
COL8A1,hsa-miR-3664-5p,diana_microt,Tier_B,Bioinformatic prediction (multiMiR),predicted
FN1,hsa-miR-3921,diana_microt,Tier_B,Bioinformatic prediction (multiMiR),predicted
EDIL3,hsa-miR-548ar-3p,diana_microt,Tier_B,Bioinformatic prediction (multiMiR),predicted
VCAN,hsa-miR-4288,diana_microt,Tier_B,Bioinformatic prediction (multiMiR),predicted
COL8A1,hsa-miR-4802-3p,diana_microt,Tier_B,Bioinformatic prediction (multiMiR),predicted
INHBA,hsa-miR-5692b,diana_microt,Tier_B,Bioinformatic prediction (multiMiR),predicted
LOX,hsa-miR-411-3p,diana_microt,Tier_B,Bioinformatic prediction (multiMiR),predicted
COL3A1,hsa-miR-4517,diana_microt,Tier_B,Bioinformatic prediction (multiMiR),predicted
FN1,hsa-miR-298,diana_microt,Tier_B,Bioinformatic prediction (multiMiR),predicted
INHBA,hsa-miR-4676-3p,diana_microt,Tier_B,Bioinformatic prediction (multiMiR),predicted
INHBA,hsa-miR-217-5p,diana_microt,Tier_B,Bioinformatic prediction (multiMiR),predicted
COL8A1,hsa-miR-217-5p,diana_microt,Tier_B,Bioinformatic prediction (multiMiR),predicted
COL11A1,hsa-miR-4760-3p,diana_microt,Tier_B,Bioinformatic prediction (multiMiR),predicted
COL11A1,hsa-miR-4776-3p,diana_microt,Tier_B,Bioinformatic prediction (multiMiR),predicted
INHBA,hsa-miR-944,diana_microt,Tier_B,Bioinformatic prediction (multiMiR),predicted
VCAN,hsa-miR-524-5p,diana_microt,Tier_B,Bioinformatic prediction (multiMiR),predicted
COL8A1,hsa-miR-5093,diana_microt,Tier_B,Bioinformatic prediction (multiMiR),predicted
FN1,hsa-miR-27b-3p,diana_microt,Tier_B,Bioinformatic prediction (multiMiR),predicted
LOX,hsa-miR-3662,diana_microt,Tier_B,Bioinformatic prediction (multiMiR),predicted
LOX,hsa-miR-4670-3p,diana_microt,Tier_B,Bioinformatic prediction (multiMiR),predicted
LOX,hsa-miR-30c-2-3p,diana_microt,Tier_B,Bioinformatic prediction (multiMiR),predicted
EDIL3,hsa-miR-5011-5p,diana_microt,Tier_B,Bioinformatic prediction (multiMiR),predicted
VCAN,hsa-miR-520d-5p,diana_microt,Tier_B,Bioinformatic prediction (multiMiR),predicted
COL11A1,hsa-miR-302f,diana_microt,Tier_B,Bioinformatic prediction (multiMiR),predicted
COL11A1,hsa-miR-4698,diana_microt,Tier_B,Bioinformatic prediction (multiMiR),predicted
COL11A1,hsa-miR-664a-3p,diana_microt,Tier_B,Bioinformatic prediction (multiMiR),predicted
FN1,hsa-miR-27a-3p,diana_microt,Tier_B,Bioinformatic prediction (multiMiR),predicted
INHBA,hsa-miR-518c-5p,diana_microt,Tier_B,Bioinformatic prediction (multiMiR),predicted
EDIL3,hsa-miR-374a-5p,diana_microt,Tier_B,Bioinformatic prediction (multiMiR),predicted
VCAN,hsa-let-7f-2-3p,diana_microt,Tier_B,Bioinformatic prediction (multiMiR),predicted
EDIL3,hsa-miR-425-5p,diana_microt,Tier_B,Bioinformatic prediction (multiMiR),predicted
FN1,hsa-miR-4769-3p,diana_microt,Tier_B,Bioinformatic prediction (multiMiR),predicted
COL8A1,hsa-miR-5582-3p,diana_microt,Tier_B,Bioinformatic prediction (multiMiR),predicted
FN1,hsa-miR-2117,diana_microt,Tier_B,Bioinformatic prediction (multiMiR),predicted
INHBA,hsa-miR-548g-5p,diana_microt,Tier_B,Bioinformatic prediction (multiMiR),predicted
INHBA,hsa-miR-548x-5p,diana_microt,Tier_B,Bioinformatic prediction (multiMiR),predicted
INHBA,hsa-miR-548aj-5p,diana_microt,Tier_B,Bioinformatic prediction (multiMiR),predicted
LOX,hsa-miR-655-3p,diana_microt,Tier_B,Bioinformatic prediction (multiMiR),predicted
INHBA,hsa-miR-1277-5p,diana_microt,Tier_B,Bioinformatic prediction (multiMiR),predicted
VCAN,hsa-let-7b-3p,diana_microt,Tier_B,Bioinformatic prediction (multiMiR),predicted
VCAN,hsa-miR-541-5p,diana_microt,Tier_B,Bioinformatic prediction (multiMiR),predicted
COL8A1,hsa-miR-1225-5p,diana_microt,Tier_B,Bioinformatic prediction (multiMiR),predicted
INHBA,hsa-miR-4635,diana_microt,Tier_B,Bioinformatic prediction (multiMiR),predicted
INHBA,hsa-miR-4662a-5p,diana_microt,Tier_B,Bioinformatic prediction (multiMiR),predicted
INHBA,hsa-miR-205-5p,diana_microt,Tier_B,Bioinformatic prediction (multiMiR),predicted
INHBA,hsa-miR-200c-3p,diana_microt,Tier_B,Bioinformatic prediction (multiMiR),predicted
FN1,hsa-miR-4252,diana_microt,Tier_B,Bioinformatic prediction (multiMiR),predicted
FN1,hsa-miR-4653-5p,diana_microt,Tier_B,Bioinformatic prediction (multiMiR),predicted
FN1,hsa-miR-629-3p,diana_microt,Tier_B,Bioinformatic prediction (multiMiR),predicted
INHBA,hsa-miR-374c-5p,diana_microt,Tier_B,Bioinformatic prediction (multiMiR),predicted
EDIL3,hsa-miR-944,diana_microt,Tier_B,Bioinformatic prediction (multiMiR),predicted
VCAN,hsa-miR-513b-5p,diana_microt,Tier_B,Bioinformatic prediction (multiMiR),predicted
COL8A1,hsa-miR-4775,diana_microt,Tier_B,Bioinformatic prediction (multiMiR),predicted
INHBA,hsa-miR-3163,diana_microt,Tier_B,Bioinformatic prediction (multiMiR),predicted
INHBA,hsa-miR-200b-3p,diana_microt,Tier_B,Bioinformatic prediction (multiMiR),predicted
COMP,hsa-miR-676-3p,diana_microt,Tier_B,Bioinformatic prediction (multiMiR),predicted
COL3A1,hsa-miR-767-5p,diana_microt,Tier_B,Bioinformatic prediction (multiMiR),predicted
INHBA,hsa-miR-548ac,diana_microt,Tier_B,Bioinformatic prediction (multiMiR),predicted
EDIL3,hsa-miR-3121-3p,diana_microt,Tier_B,Bioinformatic prediction (multiMiR),predicted
COL8A1,hsa-miR-5584-5p,diana_microt,Tier_B,Bioinformatic prediction (multiMiR),predicted
EDIL3,hsa-miR-4311,diana_microt,Tier_B,Bioinformatic prediction (multiMiR),predicted
VCAN,hsa-let-7a-3p,diana_microt,Tier_B,Bioinformatic prediction (multiMiR),predicted
ISM1,hsa-miR-4753-3p,diana_microt,Tier_B,Bioinformatic prediction (multiMiR),predicted
LOX,hsa-miR-183-5p,diana_microt,Tier_B,Bioinformatic prediction (multiMiR),predicted
COL8A1,hsa-miR-765,diana_microt,Tier_B,Bioinformatic prediction (multiMiR),predicted
COL11A1,hsa-miR-4459,diana_microt,Tier_B,Bioinformatic prediction (multiMiR),predicted
INHBA,hsa-miR-3529-3p,diana_microt,Tier_B,Bioinformatic prediction (multiMiR),predicted
EDIL3,hsa-miR-940,diana_microt,Tier_B,Bioinformatic prediction (multiMiR),predicted
EDIL3,hsa-miR-4666a-3p,diana_microt,Tier_B,Bioinformatic prediction (multiMiR),predicted
FN1,hsa-miR-96-5p,diana_microt,Tier_B,Bioinformatic prediction (multiMiR),predicted
INHBA,hsa-miR-548d-3p,diana_microt,Tier_B,Bioinformatic prediction (multiMiR),predicted
LOX,hsa-miR-5583-3p,diana_microt,Tier_B,Bioinformatic prediction (multiMiR),predicted
LOX,hsa-miR-5590-3p,diana_microt,Tier_B,Bioinformatic prediction (multiMiR),predicted
LOX,hsa-miR-33a-3p,diana_microt,Tier_B,Bioinformatic prediction (multiMiR),predicted
EDIL3,hsa-miR-620,diana_microt,Tier_B,Bioinformatic prediction (multiMiR),predicted
COL8A1,hsa-miR-4307,diana_microt,Tier_B,Bioinformatic prediction (multiMiR),predicted
ISM1,hsa-miR-520a-5p,diana_microt,Tier_B,Bioinformatic prediction (multiMiR),predicted
VCAN,hsa-let-7f-1-3p,diana_microt,Tier_B,Bioinformatic prediction (multiMiR),predicted
VCAN,hsa-miR-3150a-3p,diana_microt,Tier_B,Bioinformatic prediction (multiMiR),predicted
COL8A1,hsa-miR-607,diana_microt,Tier_B,Bioinformatic prediction (multiMiR),predicted
LOX,hsa-miR-1323,diana_microt,Tier_B,Bioinformatic prediction (multiMiR),predicted
VCAN,hsa-miR-3133,diana_microt,Tier_B,Bioinformatic prediction (multiMiR),predicted
VCAN,hsa-miR-3613-3p,diana_microt,Tier_B,Bioinformatic prediction (multiMiR),predicted
VCAN,hsa-miR-4505,diana_microt,Tier_B,Bioinformatic prediction (multiMiR),predicted
COL11A1,hsa-miR-132-3p,diana_microt,Tier_B,Bioinformatic prediction (multiMiR),predicted
LOX,hsa-miR-583,diana_microt,Tier_B,Bioinformatic prediction (multiMiR),predicted
THBS3,hsa-miR-1206,diana_microt,Tier_B,Bioinformatic prediction (multiMiR),predicted
VCAN,hsa-miR-323a-3p,diana_microt,Tier_B,Bioinformatic prediction (multiMiR),predicted
COL3A1,hsa-miR-4459,diana_microt,Tier_B,Bioinformatic prediction (multiMiR),predicted
INHBA,hsa-miR-548z,diana_microt,Tier_B,Bioinformatic prediction (multiMiR),predicted
INHBA,hsa-miR-4418,diana_microt,Tier_B,Bioinformatic prediction (multiMiR),predicted
INHBA,hsa-miR-4712-5p,diana_microt,Tier_B,Bioinformatic prediction (multiMiR),predicted
INHBA,hsa-miR-548h-3p,diana_microt,Tier_B,Bioinformatic prediction (multiMiR),predicted
COL11A1,hsa-miR-548a-5p,diana_microt,Tier_B,Bioinformatic prediction (multiMiR),predicted
COL11A1,hsa-miR-891b,diana_microt,Tier_B,Bioinformatic prediction (multiMiR),predicted
LOX,hsa-miR-548k,diana_microt,Tier_B,Bioinformatic prediction (multiMiR),predicted
EDIL3,hsa-miR-548z,diana_microt,Tier_B,Bioinformatic prediction (multiMiR),predicted
EDIL3,hsa-miR-548h-3p,diana_microt,Tier_B,Bioinformatic prediction (multiMiR),predicted
VCAN,hsa-miR-4747-5p,diana_microt,Tier_B,Bioinformatic prediction (multiMiR),predicted
COL11A1,hsa-miR-607,diana_microt,Tier_B,Bioinformatic prediction (multiMiR),predicted
COL11A1,hsa-miR-212-3p,diana_microt,Tier_B,Bioinformatic prediction (multiMiR),predicted
EDIL3,hsa-miR-340-5p,diana_microt,Tier_B,Bioinformatic prediction (multiMiR),predicted
VCAN,hsa-miR-3165,diana_microt,Tier_B,Bioinformatic prediction (multiMiR),predicted
INHBA,hsa-miR-7-2-3p,diana_microt,Tier_B,Bioinformatic prediction (multiMiR),predicted
LOX,hsa-miR-4307,diana_microt,Tier_B,Bioinformatic prediction (multiMiR),predicted
VCAN,hsa-miR-211-3p,diana_microt,Tier_B,Bioinformatic prediction (multiMiR),predicted
COL8A1,hsa-miR-590-3p,diana_microt,Tier_B,Bioinformatic prediction (multiMiR),predicted
INHBA,hsa-miR-4789-3p,diana_microt,Tier_B,Bioinformatic prediction (multiMiR),predicted
LOX,hsa-miR-4775,diana_microt,Tier_B,Bioinformatic prediction (multiMiR),predicted
COL8A1,hsa-miR-3650,diana_microt,Tier_B,Bioinformatic prediction (multiMiR),predicted
COL8A1,hsa-miR-5002-5p,diana_microt,Tier_B,Bioinformatic prediction (multiMiR),predicted
INHBA,hsa-miR-4699-3p,diana_microt,Tier_B,Bioinformatic prediction (multiMiR),predicted
INHBA,hsa-miR-302a-3p,diana_microt,Tier_B,Bioinformatic prediction (multiMiR),predicted
COL8A1,hsa-miR-2052,diana_microt,Tier_B,Bioinformatic prediction (multiMiR),predicted
COL8A1,hsa-miR-7-5p,diana_microt,Tier_B,Bioinformatic prediction (multiMiR),predicted
COL11A1,hsa-miR-137-3p,diana_microt,Tier_B,Bioinformatic prediction (multiMiR),predicted
FN1,hsa-miR-4646-5p,diana_microt,Tier_B,Bioinformatic prediction (multiMiR),predicted
INHBA,hsa-miR-544a,diana_microt,Tier_B,Bioinformatic prediction (multiMiR),predicted
EDIL3,hsa-miR-548ac,diana_microt,Tier_B,Bioinformatic prediction (multiMiR),predicted
COL8A1,hsa-miR-5682,diana_microt,Tier_B,Bioinformatic prediction (multiMiR),predicted
EDIL3,hsa-miR-513a-5p,diana_microt,Tier_B,Bioinformatic prediction (multiMiR),predicted
VCAN,hsa-miR-107,diana_microt,Tier_B,Bioinformatic prediction (multiMiR),predicted
COL11A1,hsa-miR-548b-5p,diana_microt,Tier_B,Bioinformatic prediction (multiMiR),predicted
COL11A1,hsa-miR-3607-5p,diana_microt,Tier_B,Bioinformatic prediction (multiMiR),predicted
LOX,hsa-miR-122b-3p,diana_microt,Tier_B,Bioinformatic prediction (multiMiR),predicted
EDIL3,hsa-miR-548aj-3p,diana_microt,Tier_B,Bioinformatic prediction (multiMiR),predicted
COL3A1,hsa-miR-5692a,diana_microt,Tier_B,Bioinformatic prediction (multiMiR),predicted
FN1,hsa-miR-4482-3p,diana_microt,Tier_B,Bioinformatic prediction (multiMiR),predicted
EDIL3,hsa-miR-507,diana_microt,Tier_B,Bioinformatic prediction (multiMiR),predicted
EDIL3,hsa-miR-509-3-5p,diana_microt,Tier_B,Bioinformatic prediction (multiMiR),predicted
COL3A1,hsa-miR-515-5p,diana_microt,Tier_B,Bioinformatic prediction (multiMiR),predicted
INHBA,hsa-miR-1305,diana_microt,Tier_B,Bioinformatic prediction (multiMiR),predicted
INHBA,hsa-miR-7-1-3p,diana_microt,Tier_B,Bioinformatic prediction (multiMiR),predicted
VCAN,hsa-miR-3652,diana_microt,Tier_B,Bioinformatic prediction (multiMiR),predicted
COL3A1,hsa-miR-3663-3p,diana_microt,Tier_B,Bioinformatic prediction (multiMiR),predicted
COL11A1,hsa-miR-1264,diana_microt,Tier_B,Bioinformatic prediction (multiMiR),predicted
COL11A1,hsa-miR-4751,diana_microt,Tier_B,Bioinformatic prediction (multiMiR),predicted
COL11A1,hsa-miR-548as-5p,diana_microt,Tier_B,Bioinformatic prediction (multiMiR),predicted
INHBA,hsa-miR-770-5p,diana_microt,Tier_B,Bioinformatic prediction (multiMiR),predicted
INHBA,hsa-miR-4709-5p,diana_microt,Tier_B,Bioinformatic prediction (multiMiR),predicted
INHBA,hsa-miR-302c-3p,diana_microt,Tier_B,Bioinformatic prediction (multiMiR),predicted
INHBA,hsa-miR-377-3p,diana_microt,Tier_B,Bioinformatic prediction (multiMiR),predicted
LOX,hsa-miR-2117,diana_microt,Tier_B,Bioinformatic prediction (multiMiR),predicted
LOX,hsa-miR-5195-3p,diana_microt,Tier_B,Bioinformatic prediction (multiMiR),predicted
EDIL3,hsa-miR-335-3p,diana_microt,Tier_B,Bioinformatic prediction (multiMiR),predicted
EDIL3,hsa-miR-548x-3p,diana_microt,Tier_B,Bioinformatic prediction (multiMiR),predicted
VCAN,hsa-miR-103a-3p,diana_microt,Tier_B,Bioinformatic prediction (multiMiR),predicted
COL11A1,hsa-miR-548ab,diana_microt,Tier_B,Bioinformatic prediction (multiMiR),predicted
INHBA,hsa-miR-4524b-3p,diana_microt,Tier_B,Bioinformatic prediction (multiMiR),predicted
LOX,hsa-miR-548ah-5p,diana_microt,Tier_B,Bioinformatic prediction (multiMiR),predicted
COMP,hsa-miR-3914,diana_microt,Tier_B,Bioinformatic prediction (multiMiR),predicted
COL8A1,hsa-miR-3613-3p,diana_microt,Tier_B,Bioinformatic prediction (multiMiR),predicted
COL11A1,hsa-miR-548j-5p,diana_microt,Tier_B,Bioinformatic prediction (multiMiR),predicted
COL11A1,hsa-miR-4652-3p,diana_microt,Tier_B,Bioinformatic prediction (multiMiR),predicted
COL11A1,hsa-miR-5692b,diana_microt,Tier_B,Bioinformatic prediction (multiMiR),predicted
INHBA,hsa-miR-519b-3p,diana_microt,Tier_B,Bioinformatic prediction (multiMiR),predicted
ISM1,hsa-miR-450a-1-3p,diana_microt,Tier_B,Bioinformatic prediction (multiMiR),predicted
COL3A1,hsa-miR-665,diana_microt,Tier_B,Bioinformatic prediction (multiMiR),predicted
COL3A1,hsa-miR-548t-5p,diana_microt,Tier_B,Bioinformatic prediction (multiMiR),predicted
COL11A1,hsa-miR-5692c,diana_microt,Tier_B,Bioinformatic prediction (multiMiR),predicted
INHBA,hsa-miR-369-3p,diana_microt,Tier_B,Bioinformatic prediction (multiMiR),predicted
INHBA,hsa-miR-519c-3p,diana_microt,Tier_B,Bioinformatic prediction (multiMiR),predicted
COMP,hsa-miR-3663-5p,diana_microt,Tier_B,Bioinformatic prediction (multiMiR),predicted
COL8A1,hsa-miR-5004-3p,diana_microt,Tier_B,Bioinformatic prediction (multiMiR),predicted
INHBA,hsa-miR-519a-3p,diana_microt,Tier_B,Bioinformatic prediction (multiMiR),predicted
EDIL3,hsa-miR-509-5p,diana_microt,Tier_B,Bioinformatic prediction (multiMiR),predicted
EDIL3,hsa-miR-450b-5p,diana_microt,Tier_B,Bioinformatic prediction (multiMiR),predicted
VCAN,hsa-miR-548at-5p,diana_microt,Tier_B,Bioinformatic prediction (multiMiR),predicted
COL3A1,hsa-miR-4733-3p,diana_microt,Tier_B,Bioinformatic prediction (multiMiR),predicted
COL11A1,hsa-miR-656-3p,diana_microt,Tier_B,Bioinformatic prediction (multiMiR),predicted
LOX,hsa-miR-548t-5p,diana_microt,Tier_B,Bioinformatic prediction (multiMiR),predicted
COMP,hsa-miR-4763-5p,diana_microt,Tier_B,Bioinformatic prediction (multiMiR),predicted
COL8A1,hsa-miR-548c-3p,diana_microt,Tier_B,Bioinformatic prediction (multiMiR),predicted
COL3A1,hsa-miR-4458,diana_microt,Tier_B,Bioinformatic prediction (multiMiR),predicted
EDIL3,hsa-miR-548ae-3p,diana_microt,Tier_B,Bioinformatic prediction (multiMiR),predicted
EDIL3,hsa-miR-548aq-3p,diana_microt,Tier_B,Bioinformatic prediction (multiMiR),predicted
VCAN,hsa-miR-516a-5p,diana_microt,Tier_B,Bioinformatic prediction (multiMiR),predicted
COL8A1,hsa-miR-618,diana_microt,Tier_B,Bioinformatic prediction (multiMiR),predicted
COL11A1,hsa-miR-548d-5p,diana_microt,Tier_B,Bioinformatic prediction (multiMiR),predicted
VCAN,hsa-miR-323a-5p,diana_microt,Tier_B,Bioinformatic prediction (multiMiR),predicted
COL8A1,hsa-miR-493-5p,diana_microt,Tier_B,Bioinformatic prediction (multiMiR),predicted
EDIL3,hsa-miR-548am-3p,diana_microt,Tier_B,Bioinformatic prediction (multiMiR),predicted
COL8A1,hsa-miR-194-3p,diana_microt,Tier_B,Bioinformatic prediction (multiMiR),predicted
ISM1,hsa-miR-525-5p,diana_microt,Tier_B,Bioinformatic prediction (multiMiR),predicted
FN1,hsa-miR-3126-3p,diana_microt,Tier_B,Bioinformatic prediction (multiMiR),predicted
INHBA,hsa-miR-574-5p,diana_microt,Tier_B,Bioinformatic prediction (multiMiR),predicted
LOX,hsa-miR-543,diana_microt,Tier_B,Bioinformatic prediction (multiMiR),predicted
EDIL3,hsa-miR-3148,diana_microt,Tier_B,Bioinformatic prediction (multiMiR),predicted
COL8A1,hsa-miR-4701-5p,diana_microt,Tier_B,Bioinformatic prediction (multiMiR),predicted
COL8A1,hsa-miR-616-5p,diana_microt,Tier_B,Bioinformatic prediction (multiMiR),predicted
COL11A1,hsa-miR-3671,diana_microt,Tier_B,Bioinformatic prediction (multiMiR),predicted
INHBA,hsa-miR-135a-5p,diana_microt,Tier_B,Bioinformatic prediction (multiMiR),predicted
LOX,hsa-miR-1305,diana_microt,Tier_B,Bioinformatic prediction (multiMiR),predicted
THBS3,hsa-miR-4527,diana_microt,Tier_B,Bioinformatic prediction (multiMiR),predicted
EDIL3,hsa-miR-4677-5p,diana_microt,Tier_B,Bioinformatic prediction (multiMiR),predicted
EDIL3,hsa-miR-548ah-3p,diana_microt,Tier_B,Bioinformatic prediction (multiMiR),predicted
VCAN,hsa-miR-587,diana_microt,Tier_B,Bioinformatic prediction (multiMiR),predicted
VCAN,hsa-miR-129-5p,diana_microt,Tier_B,Bioinformatic prediction (multiMiR),predicted
COL8A1,hsa-miR-216b-5p,diana_microt,Tier_B,Bioinformatic prediction (multiMiR),predicted
COL3A1,hsa-miR-590-3p,diana_microt,Tier_B,Bioinformatic prediction (multiMiR),predicted
COL11A1,hsa-miR-548ap-5p,diana_microt,Tier_B,Bioinformatic prediction (multiMiR),predicted
INHBA,hsa-miR-302d-3p,diana_microt,Tier_B,Bioinformatic prediction (multiMiR),predicted
VCAN,hsa-miR-1289,diana_microt,Tier_B,Bioinformatic prediction (multiMiR),predicted
COL8A1,hsa-miR-559,diana_microt,Tier_B,Bioinformatic prediction (multiMiR),predicted
INHBA,hsa-miR-466,diana_microt,Tier_B,Bioinformatic prediction (multiMiR),predicted
INHBA,hsa-miR-3682-5p,diana_microt,Tier_B,Bioinformatic prediction (multiMiR),predicted
LOX,hsa-miR-513c-3p,diana_microt,Tier_B,Bioinformatic prediction (multiMiR),predicted
COL8A1,hsa-miR-4717-3p,diana_microt,Tier_B,Bioinformatic prediction (multiMiR),predicted
INHBA,hsa-miR-4438,diana_microt,Tier_B,Bioinformatic prediction (multiMiR),predicted
LOX,hsa-miR-5011-5p,diana_microt,Tier_B,Bioinformatic prediction (multiMiR),predicted
COL11A1,hsa-miR-548au-5p,diana_microt,Tier_B,Bioinformatic prediction (multiMiR),predicted
FN1,hsa-miR-4727-5p,diana_microt,Tier_B,Bioinformatic prediction (multiMiR),predicted
INHBA,hsa-miR-4693-5p,diana_microt,Tier_B,Bioinformatic prediction (multiMiR),predicted
LOX,hsa-miR-186-5p,diana_microt,Tier_B,Bioinformatic prediction (multiMiR),predicted
LOX,hsa-miR-513a-3p,diana_microt,Tier_B,Bioinformatic prediction (multiMiR),predicted
EDIL3,hsa-miR-548an,diana_microt,Tier_B,Bioinformatic prediction (multiMiR),predicted
VCAN,hsa-miR-3175,diana_microt,Tier_B,Bioinformatic prediction (multiMiR),predicted
VCAN,hsa-miR-548c-3p,diana_microt,Tier_B,Bioinformatic prediction (multiMiR),predicted
COL8A1,hsa-miR-515-3p,diana_microt,Tier_B,Bioinformatic prediction (multiMiR),predicted
COL11A1,hsa-miR-5582-3p,diana_microt,Tier_B,Bioinformatic prediction (multiMiR),predicted
FN1,hsa-miR-3673,diana_microt,Tier_B,Bioinformatic prediction (multiMiR),predicted
INHBA,hsa-miR-302b-3p,diana_microt,Tier_B,Bioinformatic prediction (multiMiR),predicted
ISM1,hsa-miR-548aj-3p,diana_microt,Tier_B,Bioinformatic prediction (multiMiR),predicted
INHBA,hsa-miR-3661,diana_microt,Tier_B,Bioinformatic prediction (multiMiR),predicted
COL11A1,hsa-miR-548c-5p,diana_microt,Tier_B,Bioinformatic prediction (multiMiR),predicted
COL11A1,hsa-miR-548y,diana_microt,Tier_B,Bioinformatic prediction (multiMiR),predicted
COL11A1,hsa-miR-548o-5p,diana_microt,Tier_B,Bioinformatic prediction (multiMiR),predicted
COL11A1,hsa-miR-548am-5p,diana_microt,Tier_B,Bioinformatic prediction (multiMiR),predicted
INHBA,hsa-miR-302e,diana_microt,Tier_B,Bioinformatic prediction (multiMiR),predicted
INHBA,hsa-miR-541-5p,diana_microt,Tier_B,Bioinformatic prediction (multiMiR),predicted
VCAN,hsa-miR-4789-5p,diana_microt,Tier_B,Bioinformatic prediction (multiMiR),predicted
COL8A1,hsa-miR-548ar-3p,diana_microt,Tier_B,Bioinformatic prediction (multiMiR),predicted
COL11A1,hsa-miR-548i,diana_microt,Tier_B,Bioinformatic prediction (multiMiR),predicted
COL11A1,hsa-miR-4282,diana_microt,Tier_B,Bioinformatic prediction (multiMiR),predicted
COL8A1,hsa-miR-4762-5p,diana_microt,Tier_B,Bioinformatic prediction (multiMiR),predicted
ISM1,hsa-miR-548x-3p,diana_microt,Tier_B,Bioinformatic prediction (multiMiR),predicted
COL11A1,hsa-miR-548ar-5p,diana_microt,Tier_B,Bioinformatic prediction (multiMiR),predicted
COL11A1,hsa-miR-548h-5p,diana_microt,Tier_B,Bioinformatic prediction (multiMiR),predicted
LOX,hsa-miR-3613-3p,diana_microt,Tier_B,Bioinformatic prediction (multiMiR),predicted
VCAN,hsa-miR-4496,diana_microt,Tier_B,Bioinformatic prediction (multiMiR),predicted
COL8A1,hsa-miR-155-5p,diana_microt,Tier_B,Bioinformatic prediction (multiMiR),predicted
ISM1,hsa-miR-548aq-3p,diana_microt,Tier_B,Bioinformatic prediction (multiMiR),predicted
LOX,hsa-miR-4273,diana_microt,Tier_B,Bioinformatic prediction (multiMiR),predicted
LOX,hsa-miR-126-5p,diana_microt,Tier_B,Bioinformatic prediction (multiMiR),predicted
VCAN,hsa-miR-3159,diana_microt,Tier_B,Bioinformatic prediction (multiMiR),predicted
COL8A1,hsa-miR-603,diana_microt,Tier_B,Bioinformatic prediction (multiMiR),predicted
INHBA,hsa-miR-129-5p,diana_microt,Tier_B,Bioinformatic prediction (multiMiR),predicted
EDIL3,hsa-miR-5010-3p,diana_microt,Tier_B,Bioinformatic prediction (multiMiR),predicted
ISM1,hsa-miR-548ah-3p,diana_microt,Tier_B,Bioinformatic prediction (multiMiR),predicted
INHBA,hsa-let-7g-3p,diana_microt,Tier_B,Bioinformatic prediction (multiMiR),predicted
COL11A1,hsa-miR-144-3p,diana_microt,Tier_B,Bioinformatic prediction (multiMiR),predicted
INHBA,hsa-miR-3191-5p,diana_microt,Tier_B,Bioinformatic prediction (multiMiR),predicted
EDIL3,hsa-miR-548at-5p,diana_microt,Tier_B,Bioinformatic prediction (multiMiR),predicted
VCAN,hsa-miR-934,diana_microt,Tier_B,Bioinformatic prediction (multiMiR),predicted
COL8A1,hsa-miR-767-3p,diana_microt,Tier_B,Bioinformatic prediction (multiMiR),predicted
COL11A1,hsa-miR-767-5p,diana_microt,Tier_B,Bioinformatic prediction (multiMiR),predicted
COL11A1,hsa-miR-4774-5p,diana_microt,Tier_B,Bioinformatic prediction (multiMiR),predicted
INHBA,hsa-miR-579-3p,diana_microt,Tier_B,Bioinformatic prediction (multiMiR),predicted
COL8A1,hsa-miR-3136-5p,diana_microt,Tier_B,Bioinformatic prediction (multiMiR),predicted
ISM1,hsa-miR-548ae-3p,diana_microt,Tier_B,Bioinformatic prediction (multiMiR),predicted
LOX,hsa-miR-548av-5p,diana_microt,Tier_B,Bioinformatic prediction (multiMiR),predicted
EDIL3,hsa-miR-1270,diana_microt,Tier_B,Bioinformatic prediction (multiMiR),predicted
VCAN,hsa-miR-5195-5p,diana_microt,Tier_B,Bioinformatic prediction (multiMiR),predicted
ISM1,hsa-miR-2355-5p,diana_microt,Tier_B,Bioinformatic prediction (multiMiR),predicted
COL11A1,hsa-miR-548ak,diana_microt,Tier_B,Bioinformatic prediction (multiMiR),predicted
INHBA,hsa-miR-664b-3p,diana_microt,Tier_B,Bioinformatic prediction (multiMiR),predicted
ISM1,hsa-miR-548am-3p,diana_microt,Tier_B,Bioinformatic prediction (multiMiR),predicted
INHBA,hsa-miR-141-5p,diana_microt,Tier_B,Bioinformatic prediction (multiMiR),predicted
LOX,hsa-miR-369-3p,diana_microt,Tier_B,Bioinformatic prediction (multiMiR),predicted
EDIL3,hsa-miR-516a-3p,diana_microt,Tier_B,Bioinformatic prediction (multiMiR),predicted
EDIL3,hsa-miR-516b-3p,diana_microt,Tier_B,Bioinformatic prediction (multiMiR),predicted
COMP,hsa-miR-873-5p,diana_microt,Tier_B,Bioinformatic prediction (multiMiR),predicted
COL8A1,hsa-miR-1305,diana_microt,Tier_B,Bioinformatic prediction (multiMiR),predicted
COL8A1,hsa-miR-130b-5p,diana_microt,Tier_B,Bioinformatic prediction (multiMiR),predicted
INHBA,hsa-miR-3977,diana_microt,Tier_B,Bioinformatic prediction (multiMiR),predicted
INHBA,hsa-miR-548ah-3p,diana_microt,Tier_B,Bioinformatic prediction (multiMiR),predicted
INHBA,hsa-miR-548am-3p,diana_microt,Tier_B,Bioinformatic prediction (multiMiR),predicted
LOX,hsa-miR-4668-3p,diana_microt,Tier_B,Bioinformatic prediction (multiMiR),predicted
COL3A1,hsa-miR-3681-3p,diana_microt,Tier_B,Bioinformatic prediction (multiMiR),predicted
FN1,hsa-miR-452-3p,diana_microt,Tier_B,Bioinformatic prediction (multiMiR),predicted
INHBA,hsa-miR-3148,diana_microt,Tier_B,Bioinformatic prediction (multiMiR),predicted
INHBA,hsa-miR-3182,diana_microt,Tier_B,Bioinformatic prediction (multiMiR),predicted
INHBA,hsa-miR-4282,diana_microt,Tier_B,Bioinformatic prediction (multiMiR),predicted
INHBA,hsa-miR-548ae-3p,diana_microt,Tier_B,Bioinformatic prediction (multiMiR),predicted
EDIL3,hsa-miR-4802-5p,diana_microt,Tier_B,Bioinformatic prediction (multiMiR),predicted
COL8A1,hsa-miR-371b-5p,diana_microt,Tier_B,Bioinformatic prediction (multiMiR),predicted
COL8A1,hsa-miR-5011-5p,diana_microt,Tier_B,Bioinformatic prediction (multiMiR),predicted
COL11A1,hsa-miR-548w,diana_microt,Tier_B,Bioinformatic prediction (multiMiR),predicted
FN1,hsa-miR-3148,diana_microt,Tier_B,Bioinformatic prediction (multiMiR),predicted
INHBA,hsa-miR-4717-3p,diana_microt,Tier_B,Bioinformatic prediction (multiMiR),predicted
COL8A1,hsa-miR-944,diana_microt,Tier_B,Bioinformatic prediction (multiMiR),predicted
COL11A1,hsa-miR-5093,diana_microt,Tier_B,Bioinformatic prediction (multiMiR),predicted
INHBA,hsa-miR-548aq-3p,diana_microt,Tier_B,Bioinformatic prediction (multiMiR),predicted
EDIL3,hsa-miR-186-5p,diana_microt,Tier_B,Bioinformatic prediction (multiMiR),predicted
COL8A1,hsa-miR-381-3p,diana_microt,Tier_B,Bioinformatic prediction (multiMiR),predicted
INHBA,hsa-miR-942-5p,diana_microt,Tier_B,Bioinformatic prediction (multiMiR),predicted
INHBA,hsa-miR-302d-5p,diana_microt,Tier_B,Bioinformatic prediction (multiMiR),predicted
LOX,hsa-miR-4311,diana_microt,Tier_B,Bioinformatic prediction (multiMiR),predicted
COMP,hsa-miR-3192-5p,diana_microt,Tier_B,Bioinformatic prediction (multiMiR),predicted
COL8A1,hsa-miR-300,diana_microt,Tier_B,Bioinformatic prediction (multiMiR),predicted
INHBA,hsa-miR-122b-3p,diana_microt,Tier_B,Bioinformatic prediction (multiMiR),predicted
COL8A1,hsa-miR-4654,diana_microt,Tier_B,Bioinformatic prediction (multiMiR),predicted
COL3A1,hsa-miR-519e-5p,diana_microt,Tier_B,Bioinformatic prediction (multiMiR),predicted
COL3A1,hsa-miR-653-5p,diana_microt,Tier_B,Bioinformatic prediction (multiMiR),predicted
COL11A1,hsa-miR-548n,diana_microt,Tier_B,Bioinformatic prediction (multiMiR),predicted
INHBA,hsa-miR-520a-3p,diana_microt,Tier_B,Bioinformatic prediction (multiMiR),predicted
FN1,hsa-miR-3922-3p,diana_microt,Tier_B,Bioinformatic prediction (multiMiR),predicted
INHBA,hsa-miR-655-3p,diana_microt,Tier_B,Bioinformatic prediction (multiMiR),predicted
COL8A1,hsa-miR-371a-5p,diana_microt,Tier_B,Bioinformatic prediction (multiMiR),predicted
COL11A1,hsa-miR-4729,diana_microt,Tier_B,Bioinformatic prediction (multiMiR),predicted
LOX,hsa-miR-5696,diana_microt,Tier_B,Bioinformatic prediction (multiMiR),predicted
VCAN,hsa-miR-3612,diana_microt,Tier_B,Bioinformatic prediction (multiMiR),predicted
COMP,hsa-miR-449a,diana_microt,Tier_B,Bioinformatic prediction (multiMiR),predicted
VCAN,hsa-miR-543,diana_microt,Tier_B,Bioinformatic prediction (multiMiR),predicted
VCAN,hsa-miR-3117-3p,diana_microt,Tier_B,Bioinformatic prediction (multiMiR),predicted
FN1,hsa-miR-4668-5p,diana_microt,Tier_B,Bioinformatic prediction (multiMiR),predicted
EDIL3,hsa-miR-557,diana_microt,Tier_B,Bioinformatic prediction (multiMiR),predicted
EDIL3,hsa-miR-548k,diana_microt,Tier_B,Bioinformatic prediction (multiMiR),predicted
EDIL3,hsa-miR-548av-5p,diana_microt,Tier_B,Bioinformatic prediction (multiMiR),predicted
VCAN,hsa-miR-4691-5p,diana_microt,Tier_B,Bioinformatic prediction (multiMiR),predicted
COL11A1,hsa-miR-32-5p,diana_microt,Tier_B,Bioinformatic prediction (multiMiR),predicted
FN1,hsa-miR-942-5p,diana_microt,Tier_B,Bioinformatic prediction (multiMiR),predicted
INHBA,hsa-miR-138-2-3p,diana_microt,Tier_B,Bioinformatic prediction (multiMiR),predicted
EDIL3,hsa-miR-656-3p,diana_microt,Tier_B,Bioinformatic prediction (multiMiR),predicted
FN1,hsa-miR-200b-3p,diana_microt,Tier_B,Bioinformatic prediction (multiMiR),predicted
FN1,hsa-miR-200c-3p,diana_microt,Tier_B,Bioinformatic prediction (multiMiR),predicted
INHBA,hsa-miR-135b-5p,diana_microt,Tier_B,Bioinformatic prediction (multiMiR),predicted
VCAN,hsa-miR-522-3p,diana_microt,Tier_B,Bioinformatic prediction (multiMiR),predicted
COL8A1,hsa-miR-410-3p,diana_microt,Tier_B,Bioinformatic prediction (multiMiR),predicted
INHBA,hsa-miR-302b-5p,diana_microt,Tier_B,Bioinformatic prediction (multiMiR),predicted
INHBA,hsa-miR-520d-3p,diana_microt,Tier_B,Bioinformatic prediction (multiMiR),predicted
LOX,hsa-miR-590-3p,diana_microt,Tier_B,Bioinformatic prediction (multiMiR),predicted
LOX,hsa-miR-3910,diana_microt,Tier_B,Bioinformatic prediction (multiMiR),predicted
COL3A1,hsa-miR-3065-5p,diana_microt,Tier_B,Bioinformatic prediction (multiMiR),predicted
COL11A1,hsa-miR-889-3p,diana_microt,Tier_B,Bioinformatic prediction (multiMiR),predicted
COL11A1,hsa-miR-513c-3p,diana_microt,Tier_B,Bioinformatic prediction (multiMiR),predicted
COL11A1,hsa-miR-513a-3p,diana_microt,Tier_B,Bioinformatic prediction (multiMiR),predicted
FN1,hsa-miR-429,diana_microt,Tier_B,Bioinformatic prediction (multiMiR),predicted
EDIL3,hsa-miR-5582-3p,diana_microt,Tier_B,Bioinformatic prediction (multiMiR),predicted
LOX,hsa-miR-507,diana_microt,Tier_B,Bioinformatic prediction (multiMiR),predicted
ISM1,hsa-miR-5692a,diana_microt,Tier_B,Bioinformatic prediction (multiMiR),predicted
COL11A1,hsa-miR-16-2-3p,diana_microt,Tier_B,Bioinformatic prediction (multiMiR),predicted
EDIL3,hsa-miR-381-3p,diana_microt,Tier_B,Bioinformatic prediction (multiMiR),predicted
EDIL3,hsa-miR-676-5p,diana_microt,Tier_B,Bioinformatic prediction (multiMiR),predicted
VCAN,hsa-miR-382-3p,diana_microt,Tier_B,Bioinformatic prediction (multiMiR),predicted
FN1,hsa-miR-199b-3p,diana_microt,Tier_B,Bioinformatic prediction (multiMiR),predicted
FN1,hsa-miR-199a-3p,diana_microt,Tier_B,Bioinformatic prediction (multiMiR),predicted
INHBA,hsa-miR-9-5p,diana_microt,Tier_B,Bioinformatic prediction (multiMiR),predicted
LOX,hsa-miR-5004-3p,diana_microt,Tier_B,Bioinformatic prediction (multiMiR),predicted
EDIL3,hsa-miR-5692a,diana_microt,Tier_B,Bioinformatic prediction (multiMiR),predicted
COL8A1,hsa-miR-5696,diana_microt,Tier_B,Bioinformatic prediction (multiMiR),predicted
INHBA,hsa-miR-4647,diana_microt,Tier_B,Bioinformatic prediction (multiMiR),predicted
INHBA,hsa-miR-4733-5p,diana_microt,Tier_B,Bioinformatic prediction (multiMiR),predicted
INHBA,hsa-miR-103a-2-5p,diana_microt,Tier_B,Bioinformatic prediction (multiMiR),predicted
EDIL3,hsa-miR-300,diana_microt,Tier_B,Bioinformatic prediction (multiMiR),predicted
INHBA,hsa-miR-548aa,diana_microt,Tier_B,Bioinformatic prediction (multiMiR),predicted
INHBA,hsa-miR-548t-3p,diana_microt,Tier_B,Bioinformatic prediction (multiMiR),predicted
INHBA,hsa-miR-520d-5p,diana_microt,Tier_B,Bioinformatic prediction (multiMiR),predicted
EDIL3,hsa-miR-4639-5p,diana_microt,Tier_B,Bioinformatic prediction (multiMiR),predicted
COMP,hsa-miR-298,diana_microt,Tier_B,Bioinformatic prediction (multiMiR),predicted
VCAN,hsa-miR-4666b,diana_microt,Tier_B,Bioinformatic prediction (multiMiR),predicted
COL8A1,hsa-miR-577,diana_microt,Tier_B,Bioinformatic prediction (multiMiR),predicted
COL8A1,hsa-miR-3125,diana_microt,Tier_B,Bioinformatic prediction (multiMiR),predicted
EDIL3,hsa-miR-548aa,diana_microt,Tier_B,Bioinformatic prediction (multiMiR),predicted
EDIL3,hsa-miR-4683,diana_microt,Tier_B,Bioinformatic prediction (multiMiR),predicted
EDIL3,hsa-miR-548t-3p,diana_microt,Tier_B,Bioinformatic prediction (multiMiR),predicted
INHBA,hsa-miR-1303,diana_microt,Tier_B,Bioinformatic prediction (multiMiR),predicted
THBS3,hsa-miR-5000-3p,diana_microt,Tier_B,Bioinformatic prediction (multiMiR),predicted
INHBA,hsa-miR-548ap-3p,diana_microt,Tier_B,Bioinformatic prediction (multiMiR),predicted
INHBA,hsa-miR-524-5p,diana_microt,Tier_B,Bioinformatic prediction (multiMiR),predicted
COL8A1,hsa-miR-1909-5p,diana_microt,Tier_B,Bioinformatic prediction (multiMiR),predicted
COL3A1,hsa-miR-5002-5p,diana_microt,Tier_B,Bioinformatic prediction (multiMiR),predicted
INHBA,hsa-miR-3675-3p,diana_microt,Tier_B,Bioinformatic prediction (multiMiR),predicted
EDIL3,hsa-miR-3658,diana_microt,Tier_B,Bioinformatic prediction (multiMiR),predicted
INHBA,hsa-miR-20a-3p,diana_microt,Tier_B,Bioinformatic prediction (multiMiR),predicted
LOX,hsa-miR-5692b,diana_microt,Tier_B,Bioinformatic prediction (multiMiR),predicted
COMP,hsa-miR-5587-3p,diana_microt,Tier_B,Bioinformatic prediction (multiMiR),predicted
COL11A1,hsa-miR-3910,diana_microt,Tier_B,Bioinformatic prediction (multiMiR),predicted
FN1,hsa-miR-511-5p,diana_microt,Tier_B,Bioinformatic prediction (multiMiR),predicted
INHBA,hsa-miR-5584-3p,diana_microt,Tier_B,Bioinformatic prediction (multiMiR),predicted
INHBA,hsa-miR-374a-5p,diana_microt,Tier_B,Bioinformatic prediction (multiMiR),predicted
EDIL3,hsa-miR-4496,diana_microt,Tier_B,Bioinformatic prediction (multiMiR),predicted
VCAN,hsa-miR-494-3p,diana_microt,Tier_B,Bioinformatic prediction (multiMiR),predicted
COL11A1,hsa-miR-522-3p,diana_microt,Tier_B,Bioinformatic prediction (multiMiR),predicted
LOX,hsa-miR-548l,diana_microt,Tier_B,Bioinformatic prediction (multiMiR),predicted
LOX,hsa-miR-374b-5p,diana_microt,Tier_B,Bioinformatic prediction (multiMiR),predicted
COMP,hsa-miR-3663-3p,diana_microt,Tier_B,Bioinformatic prediction (multiMiR),predicted
INHBA,hsa-miR-4801,diana_microt,Tier_B,Bioinformatic prediction (multiMiR),predicted
LOX,hsa-miR-5692c,diana_microt,Tier_B,Bioinformatic prediction (multiMiR),predicted
VCAN,hsa-miR-5196-5p,diana_microt,Tier_B,Bioinformatic prediction (multiMiR),predicted
VCAN,hsa-miR-5680,diana_microt,Tier_B,Bioinformatic prediction (multiMiR),predicted
COL8A1,hsa-miR-3916,diana_microt,Tier_B,Bioinformatic prediction (multiMiR),predicted
COL11A1,hsa-miR-559,diana_microt,Tier_B,Bioinformatic prediction (multiMiR),predicted
INHBA,hsa-miR-448,diana_microt,Tier_B,Bioinformatic prediction (multiMiR),predicted
INHBA,hsa-miR-150-3p,diana_microt,Tier_B,Bioinformatic prediction (multiMiR),predicted
INHBA,hsa-miR-664a-3p,diana_microt,Tier_B,Bioinformatic prediction (multiMiR),predicted
LOX,hsa-miR-335-3p,diana_microt,Tier_B,Bioinformatic prediction (multiMiR),predicted
EDIL3,hsa-miR-4699-3p,diana_microt,Tier_B,Bioinformatic prediction (multiMiR),predicted
EDIL3,hsa-miR-361-5p,diana_microt,Tier_B,Bioinformatic prediction (multiMiR),predicted
VCAN,hsa-miR-1288-3p,diana_microt,Tier_B,Bioinformatic prediction (multiMiR),predicted
VCAN,hsa-miR-5010-3p,diana_microt,Tier_B,Bioinformatic prediction (multiMiR),predicted
COL11A1,hsa-miR-5580-3p,diana_microt,Tier_B,Bioinformatic prediction (multiMiR),predicted
COMP,hsa-miR-3136-3p,diana_microt,Tier_B,Bioinformatic prediction (multiMiR),predicted
VCAN,hsa-miR-5003-3p,diana_microt,Tier_B,Bioinformatic prediction (multiMiR),predicted
FN1,hsa-miR-128-3p,diana_microt,Tier_B,Bioinformatic prediction (multiMiR),predicted
EDIL3,hsa-miR-548av-3p,diana_microt,Tier_B,Bioinformatic prediction (multiMiR),predicted
COL3A1,hsa-miR-3659,diana_microt,Tier_B,Bioinformatic prediction (multiMiR),predicted
COL11A1,hsa-miR-224-3p,diana_microt,Tier_B,Bioinformatic prediction (multiMiR),predicted
COL11A1,hsa-miR-339-5p,diana_microt,Tier_B,Bioinformatic prediction (multiMiR),predicted
INHBA,hsa-miR-520e-3p,diana_microt,Tier_B,Bioinformatic prediction (multiMiR),predicted
VCAN,hsa-miR-1284,diana_microt,Tier_B,Bioinformatic prediction (multiMiR),predicted
COL3A1,hsa-miR-3115,diana_microt,Tier_B,Bioinformatic prediction (multiMiR),predicted
EDIL3,hsa-miR-5692c,diana_microt,Tier_B,Bioinformatic prediction (multiMiR),predicted
COL8A1,hsa-miR-4803,diana_microt,Tier_B,Bioinformatic prediction (multiMiR),predicted
INHBA,hsa-miR-520c-3p,diana_microt,Tier_B,Bioinformatic prediction (multiMiR),predicted
LOX,hsa-miR-892a,diana_microt,Tier_B,Bioinformatic prediction (multiMiR),predicted
VCAN,hsa-miR-4509,diana_microt,Tier_B,Bioinformatic prediction (multiMiR),predicted
COL11A1,hsa-miR-603,diana_microt,Tier_B,Bioinformatic prediction (multiMiR),predicted
INHBA,hsa-miR-520b-3p,diana_microt,Tier_B,Bioinformatic prediction (multiMiR),predicted
COL3A1,hsa-miR-5096,diana_microt,Tier_B,Bioinformatic prediction (multiMiR),predicted
COL11A1,hsa-miR-1913,diana_microt,Tier_B,Bioinformatic prediction (multiMiR),predicted
EDIL3,hsa-miR-4668-3p,diana_microt,Tier_B,Bioinformatic prediction (multiMiR),predicted
EDIL3,hsa-miR-513a-3p,diana_microt,Tier_B,Bioinformatic prediction (multiMiR),predicted
EDIL3,hsa-miR-5692b,diana_microt,Tier_B,Bioinformatic prediction (multiMiR),predicted
EDIL3,hsa-miR-513c-3p,diana_microt,Tier_B,Bioinformatic prediction (multiMiR),predicted
VCAN,hsa-miR-628-5p,diana_microt,Tier_B,Bioinformatic prediction (multiMiR),predicted
VCAN,hsa-miR-224-3p,diana_microt,Tier_B,Bioinformatic prediction (multiMiR),predicted
INHBA,hsa-miR-130b-5p,diana_microt,Tier_B,Bioinformatic prediction (multiMiR),predicted
INHBA,hsa-miR-186-5p,diana_microt,Tier_B,Bioinformatic prediction (multiMiR),predicted
LOX,hsa-miR-1299,diana_microt,Tier_B,Bioinformatic prediction (multiMiR),predicted
COMP,hsa-miR-3692-3p,diana_microt,Tier_B,Bioinformatic prediction (multiMiR),predicted
VCAN,hsa-miR-4753-3p,diana_microt,Tier_B,Bioinformatic prediction (multiMiR),predicted
COL11A1,hsa-miR-1267,diana_microt,Tier_B,Bioinformatic prediction (multiMiR),predicted
INHBA,hsa-miR-498-5p,diana_microt,Tier_B,Bioinformatic prediction (multiMiR),predicted
LOX,hsa-miR-589-3p,diana_microt,Tier_B,Bioinformatic prediction (multiMiR),predicted
EDIL3,hsa-miR-4712-3p,diana_microt,Tier_B,Bioinformatic prediction (multiMiR),predicted
EDIL3,hsa-miR-374b-5p,diana_microt,Tier_B,Bioinformatic prediction (multiMiR),predicted
VCAN,hsa-miR-3142,diana_microt,Tier_B,Bioinformatic prediction (multiMiR),predicted
VCAN,hsa-miR-200a-3p,diana_microt,Tier_B,Bioinformatic prediction (multiMiR),predicted
COL11A1,hsa-miR-5590-5p,diana_microt,Tier_B,Bioinformatic prediction (multiMiR),predicted
INHBA,hsa-miR-5003-3p,diana_microt,Tier_B,Bioinformatic prediction (multiMiR),predicted
LOX,hsa-miR-4795-3p,diana_microt,Tier_B,Bioinformatic prediction (multiMiR),predicted
VCAN,hsa-miR-3662,diana_microt,Tier_B,Bioinformatic prediction (multiMiR),predicted
COL11A1,hsa-miR-580-3p,diana_microt,Tier_B,Bioinformatic prediction (multiMiR),predicted
COL11A1,hsa-miR-4738-3p,diana_microt,Tier_B,Bioinformatic prediction (multiMiR),predicted
COL11A1,hsa-miR-195-3p,diana_microt,Tier_B,Bioinformatic prediction (multiMiR),predicted
FN1,hsa-miR-5001-3p,diana_microt,Tier_B,Bioinformatic prediction (multiMiR),predicted
INHBA,hsa-miR-548aw,diana_microt,Tier_B,Bioinformatic prediction (multiMiR),predicted
VCAN,hsa-miR-548t-5p,diana_microt,Tier_B,Bioinformatic prediction (multiMiR),predicted
COL8A1,hsa-miR-3910,diana_microt,Tier_B,Bioinformatic prediction (multiMiR),predicted
COL8A1,hsa-miR-4789-3p,diana_microt,Tier_B,Bioinformatic prediction (multiMiR),predicted
VCAN,hsa-miR-141-3p,diana_microt,Tier_B,Bioinformatic prediction (multiMiR),predicted
VCAN,hsa-miR-616-3p,diana_microt,Tier_B,Bioinformatic prediction (multiMiR),predicted
EDIL3,hsa-miR-4668-5p,diana_microt,Tier_B,Bioinformatic prediction (multiMiR),predicted
COL8A1,hsa-miR-4666a-3p,diana_microt,Tier_B,Bioinformatic prediction (multiMiR),predicted
COL3A1,hsa-miR-563,diana_microt,Tier_B,Bioinformatic prediction (multiMiR),predicted
LOX,hsa-miR-613,diana_microt,Tier_B,Bioinformatic prediction (multiMiR),predicted
LOX,hsa-miR-539-5p,diana_microt,Tier_B,Bioinformatic prediction (multiMiR),predicted
COL11A1,hsa-miR-10a-3p,diana_microt,Tier_B,Bioinformatic prediction (multiMiR),predicted
INHBA,hsa-miR-1257,diana_microt,Tier_B,Bioinformatic prediction (multiMiR),predicted
INHBA,hsa-miR-570-3p,diana_microt,Tier_B,Bioinformatic prediction (multiMiR),predicted
INHBA,hsa-miR-340-5p,diana_microt,Tier_B,Bioinformatic prediction (multiMiR),predicted
LOX,hsa-miR-577,diana_microt,Tier_B,Bioinformatic prediction (multiMiR),predicted
LOX,hsa-miR-382-3p,diana_microt,Tier_B,Bioinformatic prediction (multiMiR),predicted
EDIL3,hsa-miR-4760-3p,diana_microt,Tier_B,Bioinformatic prediction (multiMiR),predicted
LOX,hsa-miR-5006-5p,diana_microt,Tier_B,Bioinformatic prediction (multiMiR),predicted
EDIL3,hsa-miR-3662,diana_microt,Tier_B,Bioinformatic prediction (multiMiR),predicted
EDIL3,hsa-miR-5093,diana_microt,Tier_B,Bioinformatic prediction (multiMiR),predicted
VCAN,hsa-miR-4270,diana_microt,Tier_B,Bioinformatic prediction (multiMiR),predicted
COL3A1,hsa-miR-421,diana_microt,Tier_B,Bioinformatic prediction (multiMiR),predicted
INHBA,hsa-miR-1233-3p,diana_microt,Tier_B,Bioinformatic prediction (multiMiR),predicted
INHBA,hsa-miR-3168,diana_microt,Tier_B,Bioinformatic prediction (multiMiR),predicted
INHBA,hsa-miR-4252,diana_microt,Tier_B,Bioinformatic prediction (multiMiR),predicted
INHBA,hsa-miR-3944-5p,diana_microt,Tier_B,Bioinformatic prediction (multiMiR),predicted
LOX,hsa-miR-149-5p,diana_microt,Tier_B,Bioinformatic prediction (multiMiR),predicted
INHBA,hsa-miR-559,diana_microt,Tier_B,Bioinformatic prediction (multiMiR),predicted
LOX,hsa-miR-1290,diana_microt,Tier_B,Bioinformatic prediction (multiMiR),predicted
LOX,hsa-miR-4760-3p,diana_microt,Tier_B,Bioinformatic prediction (multiMiR),predicted
THBS3,hsa-miR-3192-5p,diana_microt,Tier_B,Bioinformatic prediction (multiMiR),predicted
COL8A1,hsa-miR-380-3p,diana_microt,Tier_B,Bioinformatic prediction (multiMiR),predicted
ISM1,hsa-miR-548ar-3p,diana_microt,Tier_B,Bioinformatic prediction (multiMiR),predicted
INHBA,hsa-miR-656-3p,diana_microt,Tier_B,Bioinformatic prediction (multiMiR),predicted
INHBA,hsa-miR-452-3p,diana_microt,Tier_B,Bioinformatic prediction (multiMiR),predicted
EDIL3,hsa-miR-5582-5p,diana_microt,Tier_B,Bioinformatic prediction (multiMiR),predicted
INHBA,hsa-miR-1208,diana_microt,Tier_B,Bioinformatic prediction (multiMiR),predicted
INHBA,hsa-miR-4503,diana_microt,Tier_B,Bioinformatic prediction (multiMiR),predicted
INHBA,hsa-miR-301a-3p,diana_microt,Tier_B,Bioinformatic prediction (multiMiR),predicted
COMP,hsa-miR-4288,diana_microt,Tier_B,Bioinformatic prediction (multiMiR),predicted
INHBA,hsa-miR-3184-3p,diana_microt,Tier_B,Bioinformatic prediction (multiMiR),predicted
EDIL3,hsa-miR-548ap-3p,diana_microt,Tier_B,Bioinformatic prediction (multiMiR),predicted
EDIL3,hsa-miR-449c-5p,diana_microt,Tier_B,Bioinformatic prediction (multiMiR),predicted
VCAN,hsa-miR-200a-5p,diana_microt,Tier_B,Bioinformatic prediction (multiMiR),predicted
COL3A1,hsa-miR-3173-3p,diana_microt,Tier_B,Bioinformatic prediction (multiMiR),predicted
COL11A1,hsa-miR-3121-3p,diana_microt,Tier_B,Bioinformatic prediction (multiMiR),predicted
EDIL3,hsa-miR-1185-2-3p,diana_microt,Tier_B,Bioinformatic prediction (multiMiR),predicted
COL11A1,hsa-miR-944,diana_microt,Tier_B,Bioinformatic prediction (multiMiR),predicted
INHBA,hsa-miR-380-3p,diana_microt,Tier_B,Bioinformatic prediction (multiMiR),predicted
LOX,hsa-miR-22-5p,diana_microt,Tier_B,Bioinformatic prediction (multiMiR),predicted
LOX,hsa-miR-374c-5p,diana_microt,Tier_B,Bioinformatic prediction (multiMiR),predicted
EDIL3,hsa-miR-34b-5p,diana_microt,Tier_B,Bioinformatic prediction (multiMiR),predicted
COMP,hsa-miR-1976,diana_microt,Tier_B,Bioinformatic prediction (multiMiR),predicted
INHBA,hsa-miR-130b-3p,diana_microt,Tier_B,Bioinformatic prediction (multiMiR),predicted
LOX,hsa-miR-548w,diana_microt,Tier_B,Bioinformatic prediction (multiMiR),predicted
COMP,hsa-miR-3620-3p,diana_microt,Tier_B,Bioinformatic prediction (multiMiR),predicted
COMP,hsa-miR-34c-5p,diana_microt,Tier_B,Bioinformatic prediction (multiMiR),predicted
COL8A1,hsa-miR-4769-5p,diana_microt,Tier_B,Bioinformatic prediction (multiMiR),predicted
COL8A1,hsa-miR-1277-5p,diana_microt,Tier_B,Bioinformatic prediction (multiMiR),predicted
COL8A1,hsa-miR-212-3p,diana_microt,Tier_B,Bioinformatic prediction (multiMiR),predicted
COL11A1,hsa-miR-4659a-5p,diana_microt,Tier_B,Bioinformatic prediction (multiMiR),predicted
LOX,hsa-miR-4796-3p,diana_microt,Tier_B,Bioinformatic prediction (multiMiR),predicted
INHBA,hsa-miR-513c-3p,diana_microt,Tier_B,Bioinformatic prediction (multiMiR),predicted
LOX,hsa-miR-889-3p,diana_microt,Tier_B,Bioinformatic prediction (multiMiR),predicted
EDIL3,hsa-miR-155-3p,diana_microt,Tier_B,Bioinformatic prediction (multiMiR),predicted
COMP,hsa-miR-30c-1-3p,diana_microt,Tier_B,Bioinformatic prediction (multiMiR),predicted
COL8A1,hsa-miR-373-5p,diana_microt,Tier_B,Bioinformatic prediction (multiMiR),predicted
INHBA,hsa-miR-513a-3p,diana_microt,Tier_B,Bioinformatic prediction (multiMiR),predicted
VCAN,hsa-miR-632,diana_microt,Tier_B,Bioinformatic prediction (multiMiR),predicted
COL11A1,hsa-miR-452-5p,diana_microt,Tier_B,Bioinformatic prediction (multiMiR),predicted
INHBA,hsa-miR-4731-3p,diana_microt,Tier_B,Bioinformatic prediction (multiMiR),predicted
INHBA,hsa-miR-130a-3p,diana_microt,Tier_B,Bioinformatic prediction (multiMiR),predicted
VCAN,hsa-miR-4526,diana_microt,Tier_B,Bioinformatic prediction (multiMiR),predicted
VCAN,hsa-miR-4744,diana_microt,Tier_B,Bioinformatic prediction (multiMiR),predicted
LOX,hsa-miR-200c-5p,diana_microt,Tier_B,Bioinformatic prediction (multiMiR),predicted
EDIL3,hsa-miR-1323,diana_microt,Tier_B,Bioinformatic prediction (multiMiR),predicted
EDIL3,hsa-miR-551b-5p,diana_microt,Tier_B,Bioinformatic prediction (multiMiR),predicted
COL8A1,hsa-miR-513c-3p,diana_microt,Tier_B,Bioinformatic prediction (multiMiR),predicted
LOX,hsa-miR-4325,diana_microt,Tier_B,Bioinformatic prediction (multiMiR),predicted
COMP,hsa-miR-30c-2-3p,diana_microt,Tier_B,Bioinformatic prediction (multiMiR),predicted
COL8A1,hsa-miR-513a-3p,diana_microt,Tier_B,Bioinformatic prediction (multiMiR),predicted
COL11A1,hsa-miR-138-2-3p,diana_microt,Tier_B,Bioinformatic prediction (multiMiR),predicted
INHBA,hsa-miR-892a,diana_microt,Tier_B,Bioinformatic prediction (multiMiR),predicted
INHBA,hsa-miR-30a-5p,diana_microt,Tier_B,Bioinformatic prediction (multiMiR),predicted
INHBA,hsa-miR-30e-5p,diana_microt,Tier_B,Bioinformatic prediction (multiMiR),predicted
COMP,hsa-miR-662,diana_microt,Tier_B,Bioinformatic prediction (multiMiR),predicted
COL3A1,hsa-miR-219a-2-3p,diana_microt,Tier_B,Bioinformatic prediction (multiMiR),predicted
FN1,hsa-miR-4326,diana_microt,Tier_B,Bioinformatic prediction (multiMiR),predicted
FN1,hsa-miR-3187-3p,diana_microt,Tier_B,Bioinformatic prediction (multiMiR),predicted
INHBA,hsa-miR-543,diana_microt,Tier_B,Bioinformatic prediction (multiMiR),predicted
INHBA,hsa-miR-30d-5p,diana_microt,Tier_B,Bioinformatic prediction (multiMiR),predicted
INHBA,hsa-miR-30b-5p,diana_microt,Tier_B,Bioinformatic prediction (multiMiR),predicted
EDIL3,hsa-miR-1185-1-3p,diana_microt,Tier_B,Bioinformatic prediction (multiMiR),predicted
EDIL3,hsa-miR-217-5p,diana_microt,Tier_B,Bioinformatic prediction (multiMiR),predicted
COMP,hsa-miR-603,diana_microt,Tier_B,Bioinformatic prediction (multiMiR),predicted
COL3A1,hsa-miR-4422,diana_microt,Tier_B,Bioinformatic prediction (multiMiR),predicted
COL11A1,hsa-miR-5007-5p,diana_microt,Tier_B,Bioinformatic prediction (multiMiR),predicted
FN1,hsa-miR-216b-5p,diana_microt,Tier_B,Bioinformatic prediction (multiMiR),predicted
INHBA,hsa-miR-301b-3p,diana_microt,Tier_B,Bioinformatic prediction (multiMiR),predicted
COMP,hsa-miR-34a-5p,diana_microt,Tier_B,Bioinformatic prediction (multiMiR),predicted
VCAN,hsa-miR-200b-5p,diana_microt,Tier_B,Bioinformatic prediction (multiMiR),predicted
VCAN,hsa-miR-141-5p,diana_microt,Tier_B,Bioinformatic prediction (multiMiR),predicted
INHBA,hsa-miR-4277,diana_microt,Tier_B,Bioinformatic prediction (multiMiR),predicted
INHBA,hsa-miR-30c-5p,diana_microt,Tier_B,Bioinformatic prediction (multiMiR),predicted
INHBA,hsa-let-7a-2-3p,diana_microt,Tier_B,Bioinformatic prediction (multiMiR),predicted
LOX,hsa-miR-3682-3p,diana_microt,Tier_B,Bioinformatic prediction (multiMiR),predicted
EDIL3,hsa-miR-1277-5p,diana_microt,Tier_B,Bioinformatic prediction (multiMiR),predicted
VCAN,hsa-miR-381-3p,diana_microt,Tier_B,Bioinformatic prediction (multiMiR),predicted
COL8A1,hsa-miR-466,diana_microt,Tier_B,Bioinformatic prediction (multiMiR),predicted
INHBA,hsa-miR-32-3p,diana_microt,Tier_B,Bioinformatic prediction (multiMiR),predicted
INHBA,hsa-miR-33a-3p,diana_microt,Tier_B,Bioinformatic prediction (multiMiR),predicted
VCAN,hsa-miR-1323,diana_microt,Tier_B,Bioinformatic prediction (multiMiR),predicted
VCAN,hsa-miR-548av-3p,diana_microt,Tier_B,Bioinformatic prediction (multiMiR),predicted
VCAN,hsa-miR-551b-5p,diana_microt,Tier_B,Bioinformatic prediction (multiMiR),predicted
COL8A1,hsa-miR-4318,diana_microt,Tier_B,Bioinformatic prediction (multiMiR),predicted
COL11A1,hsa-miR-590-3p,diana_microt,Tier_B,Bioinformatic prediction (multiMiR),predicted
VCAN,hsa-miR-944,diana_microt,Tier_B,Bioinformatic prediction (multiMiR),predicted
VCAN,hsa-miR-3135b,diana_microt,Tier_B,Bioinformatic prediction (multiMiR),predicted
COL8A1,hsa-miR-4269,diana_microt,Tier_B,Bioinformatic prediction (multiMiR),predicted
ISM1,hsa-miR-2110,diana_microt,Tier_B,Bioinformatic prediction (multiMiR),predicted
COL3A1,hsa-miR-4768-3p,diana_microt,Tier_B,Bioinformatic prediction (multiMiR),predicted
INHBA,hsa-miR-3666,diana_microt,Tier_B,Bioinformatic prediction (multiMiR),predicted
INHBA,hsa-miR-497-3p,diana_microt,Tier_B,Bioinformatic prediction (multiMiR),predicted
COL8A1,hsa-miR-3161,diana_microt,Tier_B,Bioinformatic prediction (multiMiR),predicted
COL11A1,hsa-miR-20a-3p,diana_microt,Tier_B,Bioinformatic prediction (multiMiR),predicted
INHBA,hsa-miR-330-3p,diana_microt,Tier_B,Bioinformatic prediction (multiMiR),predicted
VCAN,hsa-miR-548an,diana_microt,Tier_B,Bioinformatic prediction (multiMiR),predicted
COL11A1,hsa-miR-4428,diana_microt,Tier_B,Bioinformatic prediction (multiMiR),predicted
FN1,hsa-miR-4279,diana_microt,Tier_B,Bioinformatic prediction (multiMiR),predicted
INHBA,hsa-miR-4295,diana_microt,Tier_B,Bioinformatic prediction (multiMiR),predicted
INHBA,hsa-miR-4637,diana_microt,Tier_B,Bioinformatic prediction (multiMiR),predicted
EDIL3,hsa-miR-138-1-3p,diana_microt,Tier_B,Bioinformatic prediction (multiMiR),predicted
VCAN,hsa-miR-300,diana_microt,Tier_B,Bioinformatic prediction (multiMiR),predicted
VCAN,hsa-miR-548av-5p,diana_microt,Tier_B,Bioinformatic prediction (multiMiR),predicted
VCAN,hsa-miR-186-5p,diana_microt,Tier_B,Bioinformatic prediction (multiMiR),predicted
COL8A1,hsa-miR-4714-5p,diana_microt,Tier_B,Bioinformatic prediction (multiMiR),predicted
FN1,hsa-miR-3925-3p,diana_microt,Tier_B,Bioinformatic prediction (multiMiR),predicted
COL11A1,hsa-miR-548g-3p,diana_microt,Tier_B,Bioinformatic prediction (multiMiR),predicted
LOX,hsa-miR-138-1-3p,diana_microt,Tier_B,Bioinformatic prediction (multiMiR),predicted
COMP,hsa-miR-3202,diana_microt,Tier_B,Bioinformatic prediction (multiMiR),predicted
VCAN,hsa-miR-513a-5p,diana_microt,Tier_B,Bioinformatic prediction (multiMiR),predicted
COL8A1,hsa-miR-338-5p,diana_microt,Tier_B,Bioinformatic prediction (multiMiR),predicted
COL8A1,hsa-miR-20a-3p,diana_microt,Tier_B,Bioinformatic prediction (multiMiR),predicted
INHBA,hsa-miR-4477a,diana_microt,Tier_B,Bioinformatic prediction (multiMiR),predicted
VCAN,hsa-miR-548k,diana_microt,Tier_B,Bioinformatic prediction (multiMiR),predicted
VCAN,hsa-mir-1258,diana_microt,Tier_B,Bioinformatic prediction (multiMiR),predicted
COL8A1,hsa-miR-494-3p,diana_microt,Tier_B,Bioinformatic prediction (multiMiR),predicted
INHBA,hsa-miR-4672,diana_microt,Tier_B,Bioinformatic prediction (multiMiR),predicted
THBS3,hsa-miR-541-5p,diana_microt,Tier_B,Bioinformatic prediction (multiMiR),predicted
FN1,hsa-miR-425-3p,diana_microt,Tier_B,Bioinformatic prediction (multiMiR),predicted
EDIL3,hsa-miR-548a-3p,diana_microt,Tier_B,Bioinformatic prediction (multiMiR),predicted
COL8A1,hsa-miR-4471,diana_microt,Tier_B,Bioinformatic prediction (multiMiR),predicted
ISM1,hsa-miR-508-5p,diana_microt,Tier_B,Bioinformatic prediction (multiMiR),predicted
COL11A1,hsa-miR-3143,diana_microt,Tier_B,Bioinformatic prediction (multiMiR),predicted
COL11A1,hsa-miR-4272,diana_microt,Tier_B,Bioinformatic prediction (multiMiR),predicted
COL11A1,hsa-let-7b-3p,diana_microt,Tier_B,Bioinformatic prediction (multiMiR),predicted
FN1,hsa-miR-5696,diana_microt,Tier_B,Bioinformatic prediction (multiMiR),predicted
EDIL3,hsa-miR-3941,diana_microt,Tier_B,Bioinformatic prediction (multiMiR),predicted
VCAN,hsa-miR-3148,diana_microt,Tier_B,Bioinformatic prediction (multiMiR),predicted
VCAN,hsa-miR-548ak,diana_microt,Tier_B,Bioinformatic prediction (multiMiR),predicted
VCAN,hsa-miR-3680-3p,diana_microt,Tier_B,Bioinformatic prediction (multiMiR),predicted
LOX,hsa-miR-219b-3p,diana_microt,Tier_B,Bioinformatic prediction (multiMiR),predicted
EDIL3,hsa-miR-224-5p,diana_microt,Tier_B,Bioinformatic prediction (multiMiR),predicted
VCAN,hsa-miR-4422,diana_microt,Tier_B,Bioinformatic prediction (multiMiR),predicted
VCAN,hsa-miR-27a-3p,diana_microt,Tier_B,Bioinformatic prediction (multiMiR),predicted
VCAN,hsa-miR-27b-3p,diana_microt,Tier_B,Bioinformatic prediction (multiMiR),predicted
COL3A1,hsa-miR-3918,diana_microt,Tier_B,Bioinformatic prediction (multiMiR),predicted
COL11A1,hsa-miR-561-3p,diana_microt,Tier_B,Bioinformatic prediction (multiMiR),predicted
INHBA,hsa-miR-374b-5p,diana_microt,Tier_B,Bioinformatic prediction (multiMiR),predicted
EDIL3,hsa-miR-548t-5p,diana_microt,Tier_B,Bioinformatic prediction (multiMiR),predicted
COL8A1,hsa-miR-3662,diana_microt,Tier_B,Bioinformatic prediction (multiMiR),predicted
COL8A1,hsa-miR-548at-5p,diana_microt,Tier_B,Bioinformatic prediction (multiMiR),predicted
EDIL3,hsa-miR-4709-3p,diana_microt,Tier_B,Bioinformatic prediction (multiMiR),predicted
COL8A1,hsa-miR-1253,diana_microt,Tier_B,Bioinformatic prediction (multiMiR),predicted
COL11A1,hsa-miR-4677-5p,diana_microt,Tier_B,Bioinformatic prediction (multiMiR),predicted
THBS3,hsa-miR-548au-3p,diana_microt,Tier_B,Bioinformatic prediction (multiMiR),predicted
EDIL3,hsa-miR-653-5p,diana_microt,Tier_B,Bioinformatic prediction (multiMiR),predicted
VCAN,hsa-miR-4668-3p,diana_microt,Tier_B,Bioinformatic prediction (multiMiR),predicted
ISM1,hsa-miR-197-3p,diana_microt,Tier_B,Bioinformatic prediction (multiMiR),predicted
COL11A1,hsa-miR-655-3p,diana_microt,Tier_B,Bioinformatic prediction (multiMiR),predicted
FN1,hsa-miR-4527,diana_microt,Tier_B,Bioinformatic prediction (multiMiR),predicted
THBS3,hsa-miR-3120-5p,diana_microt,Tier_B,Bioinformatic prediction (multiMiR),predicted
VCAN,hsa-miR-4478,diana_microt,Tier_B,Bioinformatic prediction (multiMiR),predicted
COL8A1,hsa-miR-3944-5p,diana_microt,Tier_B,Bioinformatic prediction (multiMiR),predicted
COL11A1,hsa-miR-1825,diana_microt,Tier_B,Bioinformatic prediction (multiMiR),predicted
FN1,hsa-miR-4703-3p,diana_microt,Tier_B,Bioinformatic prediction (multiMiR),predicted
INHBA,hsa-miR-1183,diana_microt,Tier_B,Bioinformatic prediction (multiMiR),predicted
INHBA,hsa-miR-5011-5p,diana_microt,Tier_B,Bioinformatic prediction (multiMiR),predicted
VCAN,hsa-miR-548w,diana_microt,Tier_B,Bioinformatic prediction (multiMiR),predicted
COL8A1,hsa-miR-548l,diana_microt,Tier_B,Bioinformatic prediction (multiMiR),predicted
COL11A1,hsa-miR-3661,diana_microt,Tier_B,Bioinformatic prediction (multiMiR),predicted
COL11A1,hsa-miR-545-3p,diana_microt,Tier_B,Bioinformatic prediction (multiMiR),predicted
COL11A1,hsa-miR-541-5p,diana_microt,Tier_B,Bioinformatic prediction (multiMiR),predicted
FN1,hsa-miR-615-5p,diana_microt,Tier_B,Bioinformatic prediction (multiMiR),predicted
LOX,hsa-miR-665,diana_microt,Tier_B,Bioinformatic prediction (multiMiR),predicted
LOX,hsa-miR-3922-5p,diana_microt,Tier_B,Bioinformatic prediction (multiMiR),predicted
VCAN,hsa-miR-4482-3p,diana_microt,Tier_B,Bioinformatic prediction (multiMiR),predicted
COL8A1,hsa-miR-147a,diana_microt,Tier_B,Bioinformatic prediction (multiMiR),predicted
ISM1,hsa-miR-3183,diana_microt,Tier_B,Bioinformatic prediction (multiMiR),predicted
ISM1,hsa-miR-3680-3p,diana_microt,Tier_B,Bioinformatic prediction (multiMiR),predicted
FN1,hsa-miR-4722-5p,diana_microt,Tier_B,Bioinformatic prediction (multiMiR),predicted
LOX,hsa-miR-548ak,diana_microt,Tier_B,Bioinformatic prediction (multiMiR),predicted
COL3A1,hsa-miR-5580-3p,diana_microt,Tier_B,Bioinformatic prediction (multiMiR),predicted
EDIL3,hsa-miR-5683,diana_microt,Tier_B,Bioinformatic prediction (multiMiR),predicted
COL3A1,hsa-miR-524-5p,diana_microt,Tier_B,Bioinformatic prediction (multiMiR),predicted
COL11A1,hsa-miR-3180-5p,diana_microt,Tier_B,Bioinformatic prediction (multiMiR),predicted
COL11A1,hsa-miR-3913-3p,diana_microt,Tier_B,Bioinformatic prediction (multiMiR),predicted
INHBA,hsa-miR-373-3p,diana_microt,Tier_B,Bioinformatic prediction (multiMiR),predicted
LOX,hsa-miR-5584-3p,diana_microt,Tier_B,Bioinformatic prediction (multiMiR),predicted
EDIL3,hsa-miR-4531,diana_microt,Tier_B,Bioinformatic prediction (multiMiR),predicted
EDIL3,hsa-miR-410-3p,diana_microt,Tier_B,Bioinformatic prediction (multiMiR),predicted
VCAN,hsa-miR-134-5p,diana_microt,Tier_B,Bioinformatic prediction (multiMiR),predicted
VCAN,hsa-miR-410-3p,diana_microt,Tier_B,Bioinformatic prediction (multiMiR),predicted
COL11A1,hsa-miR-619-3p,diana_microt,Tier_B,Bioinformatic prediction (multiMiR),predicted
COL11A1,hsa-miR-5192,diana_microt,Tier_B,Bioinformatic prediction (multiMiR),predicted
INHBA,hsa-miR-4263,diana_microt,Tier_B,Bioinformatic prediction (multiMiR),predicted
INHBA,hsa-miR-133a-3p,diana_microt,Tier_B,Bioinformatic prediction (multiMiR),predicted
LOX,hsa-miR-4781-3p,diana_microt,Tier_B,Bioinformatic prediction (multiMiR),predicted
COL11A1,hsa-miR-488-3p,diana_microt,Tier_B,Bioinformatic prediction (multiMiR),predicted
INHBA,hsa-miR-4422,diana_microt,Tier_B,Bioinformatic prediction (multiMiR),predicted
LOX,hsa-miR-27b-3p,diana_microt,Tier_B,Bioinformatic prediction (multiMiR),predicted
COL8A1,hsa-miR-766-5p,diana_microt,Tier_B,Bioinformatic prediction (multiMiR),predicted
COL3A1,hsa-miR-3613-3p,diana_microt,Tier_B,Bioinformatic prediction (multiMiR),predicted
LOX,hsa-miR-548i,diana_microt,Tier_B,Bioinformatic prediction (multiMiR),predicted
COMP,hsa-miR-2117,diana_microt,Tier_B,Bioinformatic prediction (multiMiR),predicted
VCAN,hsa-miR-631,diana_microt,Tier_B,Bioinformatic prediction (multiMiR),predicted
VCAN,hsa-miR-939-5p,diana_microt,Tier_B,Bioinformatic prediction (multiMiR),predicted
COL8A1,hsa-miR-3187-3p,diana_microt,Tier_B,Bioinformatic prediction (multiMiR),predicted
COL3A1,hsa-miR-583,diana_microt,Tier_B,Bioinformatic prediction (multiMiR),predicted
COL3A1,hsa-miR-4524a-3p,diana_microt,Tier_B,Bioinformatic prediction (multiMiR),predicted
COL11A1,hsa-miR-548aq-5p,diana_microt,Tier_B,Bioinformatic prediction (multiMiR),predicted
INHBA,hsa-miR-548l,diana_microt,Tier_B,Bioinformatic prediction (multiMiR),predicted
INHBA,hsa-miR-133b,diana_microt,Tier_B,Bioinformatic prediction (multiMiR),predicted
LOX,hsa-miR-656-3p,diana_microt,Tier_B,Bioinformatic prediction (multiMiR),predicted
FN1,hsa-miR-579-3p,diana_microt,Tier_B,Bioinformatic prediction (multiMiR),predicted
LOX,hsa-miR-767-5p,diana_microt,Tier_B,Bioinformatic prediction (multiMiR),predicted
LOX,hsa-miR-2054,diana_microt,Tier_B,Bioinformatic prediction (multiMiR),predicted
LOX,hsa-miR-142-5p,diana_microt,Tier_B,Bioinformatic prediction (multiMiR),predicted
COMP,hsa-miR-4527,diana_microt,Tier_B,Bioinformatic prediction (multiMiR),predicted
VCAN,hsa-miR-548u,diana_microt,Tier_B,Bioinformatic prediction (multiMiR),predicted
COL8A1,hsa-miR-5003-3p,diana_microt,Tier_B,Bioinformatic prediction (multiMiR),predicted
COL8A1,hsa-miR-132-3p,diana_microt,Tier_B,Bioinformatic prediction (multiMiR),predicted
INHBA,hsa-miR-548ak,diana_microt,Tier_B,Bioinformatic prediction (multiMiR),predicted
LOX,hsa-miR-1185-2-3p,diana_microt,Tier_B,Bioinformatic prediction (multiMiR),predicted
LOX,hsa-miR-1185-1-3p,diana_microt,Tier_B,Bioinformatic prediction (multiMiR),predicted
LOX,hsa-miR-27a-3p,diana_microt,Tier_B,Bioinformatic prediction (multiMiR),predicted
EDIL3,hsa-miR-4719,diana_microt,Tier_B,Bioinformatic prediction (multiMiR),predicted
COL8A1,hsa-miR-4425,diana_microt,Tier_B,Bioinformatic prediction (multiMiR),predicted
FN1,hsa-miR-4713-5p,diana_microt,Tier_B,Bioinformatic prediction (multiMiR),predicted
COMP,hsa-miR-548au-3p,diana_microt,Tier_B,Bioinformatic prediction (multiMiR),predicted
COL3A1,hsa-miR-4751,diana_microt,Tier_B,Bioinformatic prediction (multiMiR),predicted
COL3A1,hsa-miR-149-3p,diana_microt,Tier_B,Bioinformatic prediction (multiMiR),predicted
COL11A1,hsa-miR-3927-3p,diana_microt,Tier_B,Bioinformatic prediction (multiMiR),predicted
COL11A1,hsa-miR-5009-3p,diana_microt,Tier_B,Bioinformatic prediction (multiMiR),predicted
INHBA,hsa-miR-548w,diana_microt,Tier_B,Bioinformatic prediction (multiMiR),predicted
INHBA,hsa-miR-19a-3p,diana_microt,Tier_B,Bioinformatic prediction (multiMiR),predicted
INHBA,hsa-miR-19b-3p,diana_microt,Tier_B,Bioinformatic prediction (multiMiR),predicted
EDIL3,hsa-miR-2115-3p,diana_microt,Tier_B,Bioinformatic prediction (multiMiR),predicted
VCAN,hsa-miR-1245b-5p,diana_microt,Tier_B,Bioinformatic prediction (multiMiR),predicted
COL8A1,hsa-miR-4765,diana_microt,Tier_B,Bioinformatic prediction (multiMiR),predicted
COL11A1,hsa-miR-374c-5p,diana_microt,Tier_B,Bioinformatic prediction (multiMiR),predicted
EDIL3,hsa-miR-524-5p,diana_microt,Tier_B,Bioinformatic prediction (multiMiR),predicted
COL8A1,hsa-miR-5692a,diana_microt,Tier_B,Bioinformatic prediction (multiMiR),predicted
EDIL3,hsa-miR-3680-3p,diana_microt,Tier_B,Bioinformatic prediction (multiMiR),predicted
VCAN,hsa-miR-4724-5p,diana_microt,Tier_B,Bioinformatic prediction (multiMiR),predicted
ISM1,hsa-miR-372-3p,diana_microt,Tier_B,Bioinformatic prediction (multiMiR),predicted
ISM1,hsa-miR-548e-3p,diana_microt,Tier_B,Bioinformatic prediction (multiMiR),predicted
FN1,hsa-miR-1278,diana_microt,Tier_B,Bioinformatic prediction (multiMiR),predicted
FN1,hsa-miR-136-3p,diana_microt,Tier_B,Bioinformatic prediction (multiMiR),predicted
INHBA,hsa-miR-1279,diana_microt,Tier_B,Bioinformatic prediction (multiMiR),predicted
LOX,hsa-miR-375-3p,diana_microt,Tier_B,Bioinformatic prediction (multiMiR),predicted
THBS3,hsa-miR-146b-3p,diana_microt,Tier_B,Bioinformatic prediction (multiMiR),predicted
COMP,hsa-miR-3147,diana_microt,Tier_B,Bioinformatic prediction (multiMiR),predicted
COL8A1,hsa-miR-548ah-5p,diana_microt,Tier_B,Bioinformatic prediction (multiMiR),predicted
COL11A1,hsa-miR-4477a,diana_microt,Tier_B,Bioinformatic prediction (multiMiR),predicted
COL11A1,hsa-miR-361-5p,diana_microt,Tier_B,Bioinformatic prediction (multiMiR),predicted
FN1,hsa-miR-3176,diana_microt,Tier_B,Bioinformatic prediction (multiMiR),predicted
FN1,hsa-miR-4766-3p,diana_microt,Tier_B,Bioinformatic prediction (multiMiR),predicted
INHBA,hsa-miR-501-3p,diana_microt,Tier_B,Bioinformatic prediction (multiMiR),predicted
LOX,hsa-miR-548as-5p,diana_microt,Tier_B,Bioinformatic prediction (multiMiR),predicted
COL8A1,hsa-miR-548d-3p,diana_microt,Tier_B,Bioinformatic prediction (multiMiR),predicted
COL3A1,hsa-miR-3686,diana_microt,Tier_B,Bioinformatic prediction (multiMiR),predicted
COL11A1,hsa-miR-506-5p,diana_microt,Tier_B,Bioinformatic prediction (multiMiR),predicted
COL11A1,hsa-let-7e-5p,diana_microt,Tier_B,Bioinformatic prediction (multiMiR),predicted
COL11A1,hsa-miR-544a,diana_microt,Tier_B,Bioinformatic prediction (multiMiR),predicted
FN1,hsa-miR-101-3p,diana_microt,Tier_B,Bioinformatic prediction (multiMiR),predicted
INHBA,hsa-miR-3673,diana_microt,Tier_B,Bioinformatic prediction (multiMiR),predicted
INHBA,hsa-miR-4793-5p,diana_microt,Tier_B,Bioinformatic prediction (multiMiR),predicted
LOX,hsa-miR-451b,diana_microt,Tier_B,Bioinformatic prediction (multiMiR),predicted
EDIL3,hsa-miR-556-3p,diana_microt,Tier_B,Bioinformatic prediction (multiMiR),predicted
VCAN,hsa-miR-4533,diana_microt,Tier_B,Bioinformatic prediction (multiMiR),predicted
COL8A1,hsa-miR-4729,diana_microt,Tier_B,Bioinformatic prediction (multiMiR),predicted
COL11A1,hsa-let-7f-1-3p,diana_microt,Tier_B,Bioinformatic prediction (multiMiR),predicted
LOX,hsa-miR-26b-3p,diana_microt,Tier_B,Bioinformatic prediction (multiMiR),predicted
THBS3,hsa-miR-3200-5p,diana_microt,Tier_B,Bioinformatic prediction (multiMiR),predicted
EDIL3,hsa-miR-575,diana_microt,Tier_B,Bioinformatic prediction (multiMiR),predicted
EDIL3,hsa-miR-7-2-3p,diana_microt,Tier_B,Bioinformatic prediction (multiMiR),predicted
COMP,hsa-miR-1205,diana_microt,Tier_B,Bioinformatic prediction (multiMiR),predicted
VCAN,hsa-miR-4759,diana_microt,Tier_B,Bioinformatic prediction (multiMiR),predicted
VCAN,hsa-miR-3681-3p,diana_microt,Tier_B,Bioinformatic prediction (multiMiR),predicted
COL8A1,hsa-miR-548z,diana_microt,Tier_B,Bioinformatic prediction (multiMiR),predicted
COL8A1,hsa-miR-548ac,diana_microt,Tier_B,Bioinformatic prediction (multiMiR),predicted
COL8A1,hsa-miR-548h-3p,diana_microt,Tier_B,Bioinformatic prediction (multiMiR),predicted
ISM1,hsa-miR-548b-3p,diana_microt,Tier_B,Bioinformatic prediction (multiMiR),predicted
FN1,hsa-miR-3143,diana_microt,Tier_B,Bioinformatic prediction (multiMiR),predicted
FN1,hsa-miR-1271-5p,diana_microt,Tier_B,Bioinformatic prediction (multiMiR),predicted
INHBA,hsa-miR-205-3p,diana_microt,Tier_B,Bioinformatic prediction (multiMiR),predicted
VCAN,hsa-miR-320d,diana_microt,Tier_B,Bioinformatic prediction (multiMiR),predicted
VCAN,hsa-miR-506-3p,diana_microt,Tier_B,Bioinformatic prediction (multiMiR),predicted
VCAN,hsa-miR-96-3p,diana_microt,Tier_B,Bioinformatic prediction (multiMiR),predicted
COL8A1,hsa-miR-519e-3p,diana_microt,Tier_B,Bioinformatic prediction (multiMiR),predicted
FN1,hsa-miR-4752,diana_microt,Tier_B,Bioinformatic prediction (multiMiR),predicted
EDIL3,hsa-miR-7-1-3p,diana_microt,Tier_B,Bioinformatic prediction (multiMiR),predicted
VCAN,hsa-miR-1276,diana_microt,Tier_B,Bioinformatic prediction (multiMiR),predicted
VCAN,hsa-miR-3169,diana_microt,Tier_B,Bioinformatic prediction (multiMiR),predicted
VCAN,hsa-miR-3173-3p,diana_microt,Tier_B,Bioinformatic prediction (multiMiR),predicted
INHBA,hsa-miR-502-3p,diana_microt,Tier_B,Bioinformatic prediction (multiMiR),predicted
INHBA,hsa-miR-3926,diana_microt,Tier_B,Bioinformatic prediction (multiMiR),predicted
LOX,hsa-miR-495-3p,diana_microt,Tier_B,Bioinformatic prediction (multiMiR),predicted
COL11A1,hsa-miR-1263,diana_microt,Tier_B,Bioinformatic prediction (multiMiR),predicted
COL11A1,hsa-miR-4506,diana_microt,Tier_B,Bioinformatic prediction (multiMiR),predicted
INHBA,hsa-miR-548a-5p,diana_microt,Tier_B,Bioinformatic prediction (multiMiR),predicted
LOX,hsa-miR-409-3p,diana_microt,Tier_B,Bioinformatic prediction (multiMiR),predicted
EDIL3,hsa-miR-4698,diana_microt,Tier_B,Bioinformatic prediction (multiMiR),predicted
VCAN,hsa-miR-4719,diana_microt,Tier_B,Bioinformatic prediction (multiMiR),predicted
COL8A1,hsa-miR-4668-5p,diana_microt,Tier_B,Bioinformatic prediction (multiMiR),predicted
COL8A1,hsa-miR-548as-3p,diana_microt,Tier_B,Bioinformatic prediction (multiMiR),predicted
LOX,hsa-miR-663b,diana_microt,Tier_B,Bioinformatic prediction (multiMiR),predicted
VCAN,hsa-miR-320c,diana_microt,Tier_B,Bioinformatic prediction (multiMiR),predicted
COL8A1,hsa-miR-4666a-5p,diana_microt,Tier_B,Bioinformatic prediction (multiMiR),predicted
INHBA,hsa-miR-5583-3p,diana_microt,Tier_B,Bioinformatic prediction (multiMiR),predicted
INHBA,hsa-miR-660-5p,diana_microt,Tier_B,Bioinformatic prediction (multiMiR),predicted
LOX,hsa-miR-548c-5p,diana_microt,Tier_B,Bioinformatic prediction (multiMiR),predicted
LOX,hsa-miR-548z,diana_microt,Tier_B,Bioinformatic prediction (multiMiR),predicted
LOX,hsa-miR-548ac,diana_microt,Tier_B,Bioinformatic prediction (multiMiR),predicted
LOX,hsa-miR-548h-3p,diana_microt,Tier_B,Bioinformatic prediction (multiMiR),predicted
LOX,hsa-miR-548o-5p,diana_microt,Tier_B,Bioinformatic prediction (multiMiR),predicted
LOX,hsa-miR-548am-5p,diana_microt,Tier_B,Bioinformatic prediction (multiMiR),predicted
LOX,hsa-miR-1185-5p,diana_microt,Tier_B,Bioinformatic prediction (multiMiR),predicted
LOX,hsa-miR-3152-3p,diana_microt,Tier_B,Bioinformatic prediction (multiMiR),predicted
EDIL3,hsa-miR-520d-5p,diana_microt,Tier_B,Bioinformatic prediction (multiMiR),predicted
VCAN,hsa-miR-320a-3p,diana_microt,Tier_B,Bioinformatic prediction (multiMiR),predicted
ISM1,hsa-miR-4468,diana_microt,Tier_B,Bioinformatic prediction (multiMiR),predicted
COL11A1,hsa-miR-567,diana_microt,Tier_B,Bioinformatic prediction (multiMiR),predicted
COL11A1,hsa-miR-4666a-3p,diana_microt,Tier_B,Bioinformatic prediction (multiMiR),predicted
INHBA,hsa-miR-4494,diana_microt,Tier_B,Bioinformatic prediction (multiMiR),predicted
INHBA,hsa-miR-548at-3p,diana_microt,Tier_B,Bioinformatic prediction (multiMiR),predicted
INHBA,hsa-miR-4666a-3p,diana_microt,Tier_B,Bioinformatic prediction (multiMiR),predicted
THBS3,hsa-miR-603,diana_microt,Tier_B,Bioinformatic prediction (multiMiR),predicted
VCAN,hsa-miR-320b,diana_microt,Tier_B,Bioinformatic prediction (multiMiR),predicted
COL8A1,hsa-miR-4694-3p,diana_microt,Tier_B,Bioinformatic prediction (multiMiR),predicted
COL8A1,hsa-miR-548a-3p,diana_microt,Tier_B,Bioinformatic prediction (multiMiR),predicted
COL11A1,hsa-miR-302a-5p,diana_microt,Tier_B,Bioinformatic prediction (multiMiR),predicted
COL11A1,hsa-let-7a-3p,diana_microt,Tier_B,Bioinformatic prediction (multiMiR),predicted
INHBA,hsa-miR-548i,diana_microt,Tier_B,Bioinformatic prediction (multiMiR),predicted
INHBA,hsa-miR-548as-3p,diana_microt,Tier_B,Bioinformatic prediction (multiMiR),predicted
INHBA,hsa-miR-629-3p,diana_microt,Tier_B,Bioinformatic prediction (multiMiR),predicted
LOX,hsa-miR-4720-3p,diana_microt,Tier_B,Bioinformatic prediction (multiMiR),predicted
EDIL3,hsa-let-7f-1-3p,diana_microt,Tier_B,Bioinformatic prediction (multiMiR),predicted
COL3A1,hsa-miR-3620-3p,diana_microt,Tier_B,Bioinformatic prediction (multiMiR),predicted
COL11A1,hsa-miR-410-3p,diana_microt,Tier_B,Bioinformatic prediction (multiMiR),predicted
FN1,hsa-miR-183-5p,diana_microt,Tier_B,Bioinformatic prediction (multiMiR),predicted
INHBA,hsa-miR-5093,diana_microt,Tier_B,Bioinformatic prediction (multiMiR),predicted
THBS3,hsa-miR-1197,diana_microt,Tier_B,Bioinformatic prediction (multiMiR),predicted
EDIL3,hsa-miR-338-5p,diana_microt,Tier_B,Bioinformatic prediction (multiMiR),predicted
EDIL3,hsa-miR-4645-3p,diana_microt,Tier_B,Bioinformatic prediction (multiMiR),predicted
COL8A1,hsa-miR-4662a-3p,diana_microt,Tier_B,Bioinformatic prediction (multiMiR),predicted
COL11A1,hsa-miR-25-3p,diana_microt,Tier_B,Bioinformatic prediction (multiMiR),predicted
LOX,hsa-miR-3672,diana_microt,Tier_B,Bioinformatic prediction (multiMiR),predicted
EDIL3,hsa-miR-30c-5p,diana_microt,Tier_B,Bioinformatic prediction (multiMiR),predicted
VCAN,hsa-miR-4289,diana_microt,Tier_B,Bioinformatic prediction (multiMiR),predicted
VCAN,hsa-miR-4429,diana_microt,Tier_B,Bioinformatic prediction (multiMiR),predicted
FN1,hsa-miR-330-3p,diana_microt,Tier_B,Bioinformatic prediction (multiMiR),predicted
INHBA,hsa-miR-548at-5p,diana_microt,Tier_B,Bioinformatic prediction (multiMiR),predicted
LOX,hsa-miR-586,diana_microt,Tier_B,Bioinformatic prediction (multiMiR),predicted
LOX,hsa-miR-30c-1-3p,diana_microt,Tier_B,Bioinformatic prediction (multiMiR),predicted
EDIL3,hsa-miR-4753-3p,diana_microt,Tier_B,Bioinformatic prediction (multiMiR),predicted
VCAN,hsa-miR-559,diana_microt,Tier_B,Bioinformatic prediction (multiMiR),predicted
VCAN,hsa-miR-646,diana_microt,Tier_B,Bioinformatic prediction (multiMiR),predicted
COL8A1,hsa-miR-548w,diana_microt,Tier_B,Bioinformatic prediction (multiMiR),predicted
FN1,hsa-miR-320e,diana_microt,Tier_B,Bioinformatic prediction (multiMiR),predicted
LOX,hsa-miR-16-1-3p,diana_microt,Tier_B,Bioinformatic prediction (multiMiR),predicted
THBS3,hsa-miR-4676-3p,diana_microt,Tier_B,Bioinformatic prediction (multiMiR),predicted
EDIL3,hsa-miR-30b-5p,diana_microt,Tier_B,Bioinformatic prediction (multiMiR),predicted
VCAN,hsa-miR-1250-5p,diana_microt,Tier_B,Bioinformatic prediction (multiMiR),predicted
COL8A1,hsa-miR-376c-3p,diana_microt,Tier_B,Bioinformatic prediction (multiMiR),predicted
INHBA,hsa-miR-548h-5p,diana_microt,Tier_B,Bioinformatic prediction (multiMiR),predicted
EDIL3,hsa-miR-889-3p,diana_microt,Tier_B,Bioinformatic prediction (multiMiR),predicted
EDIL3,hsa-miR-548m,diana_microt,Tier_B,Bioinformatic prediction (multiMiR),predicted
EDIL3,hsa-let-7a-3p,diana_microt,Tier_B,Bioinformatic prediction (multiMiR),predicted
VCAN,hsa-miR-323b-3p,diana_microt,Tier_B,Bioinformatic prediction (multiMiR),predicted
COL8A1,hsa-miR-340-5p,diana_microt,Tier_B,Bioinformatic prediction (multiMiR),predicted
ISM1,hsa-miR-548av-3p,diana_microt,Tier_B,Bioinformatic prediction (multiMiR),predicted
COL3A1,hsa-miR-765,diana_microt,Tier_B,Bioinformatic prediction (multiMiR),predicted
INHBA,hsa-miR-372-3p,diana_microt,Tier_B,Bioinformatic prediction (multiMiR),predicted
INHBA,hsa-miR-548j-5p,diana_microt,Tier_B,Bioinformatic prediction (multiMiR),predicted
INHBA,hsa-miR-548y,diana_microt,Tier_B,Bioinformatic prediction (multiMiR),predicted
VCAN,hsa-miR-650,diana_microt,Tier_B,Bioinformatic prediction (multiMiR),predicted
VCAN,hsa-miR-548aq-5p,diana_microt,Tier_B,Bioinformatic prediction (multiMiR),predicted
COL11A1,hsa-miR-197-3p,diana_microt,Tier_B,Bioinformatic prediction (multiMiR),predicted
FN1,hsa-miR-1286,diana_microt,Tier_B,Bioinformatic prediction (multiMiR),predicted
INHBA,hsa-miR-548as-5p,diana_microt,Tier_B,Bioinformatic prediction (multiMiR),predicted
LOX,hsa-miR-548a-5p,diana_microt,Tier_B,Bioinformatic prediction (multiMiR),predicted
LOX,hsa-miR-202-5p,diana_microt,Tier_B,Bioinformatic prediction (multiMiR),predicted
LOX,hsa-miR-664a-3p,diana_microt,Tier_B,Bioinformatic prediction (multiMiR),predicted
THBS3,hsa-miR-3663-3p,diana_microt,Tier_B,Bioinformatic prediction (multiMiR),predicted
EDIL3,hsa-miR-27b-3p,diana_microt,Tier_B,Bioinformatic prediction (multiMiR),predicted
COL8A1,hsa-miR-3149,diana_microt,Tier_B,Bioinformatic prediction (multiMiR),predicted
COL11A1,hsa-miR-631,diana_microt,Tier_B,Bioinformatic prediction (multiMiR),predicted
COL11A1,hsa-miR-4676-3p,diana_microt,Tier_B,Bioinformatic prediction (multiMiR),predicted
FN1,hsa-miR-3163,diana_microt,Tier_B,Bioinformatic prediction (multiMiR),predicted
FN1,hsa-miR-4318,diana_microt,Tier_B,Bioinformatic prediction (multiMiR),predicted
INHBA,hsa-miR-548ap-5p,diana_microt,Tier_B,Bioinformatic prediction (multiMiR),predicted
LOX,hsa-miR-5582-3p,diana_microt,Tier_B,Bioinformatic prediction (multiMiR),predicted
COMP,hsa-miR-1237-3p,diana_microt,Tier_B,Bioinformatic prediction (multiMiR),predicted
COMP,hsa-miR-4700-5p,diana_microt,Tier_B,Bioinformatic prediction (multiMiR),predicted
ISM1,hsa-miR-5002-5p,diana_microt,Tier_B,Bioinformatic prediction (multiMiR),predicted
COL11A1,hsa-miR-219a-1-3p,diana_microt,Tier_B,Bioinformatic prediction (multiMiR),predicted
LOX,hsa-miR-3913-5p,diana_microt,Tier_B,Bioinformatic prediction (multiMiR),predicted
EDIL3,hsa-miR-624-3p,diana_microt,Tier_B,Bioinformatic prediction (multiMiR),predicted
ISM1,hsa-miR-507,diana_microt,Tier_B,Bioinformatic prediction (multiMiR),predicted
COL11A1,hsa-miR-98-5p,diana_microt,Tier_B,Bioinformatic prediction (multiMiR),predicted
COL11A1,hsa-let-7g-5p,diana_microt,Tier_B,Bioinformatic prediction (multiMiR),predicted
FN1,hsa-miR-3616-5p,diana_microt,Tier_B,Bioinformatic prediction (multiMiR),predicted
INHBA,hsa-miR-628-5p,diana_microt,Tier_B,Bioinformatic prediction (multiMiR),predicted
INHBA,hsa-miR-548ar-5p,diana_microt,Tier_B,Bioinformatic prediction (multiMiR),predicted
EDIL3,hsa-miR-27a-3p,diana_microt,Tier_B,Bioinformatic prediction (multiMiR),predicted
COL8A1,hsa-miR-587,diana_microt,Tier_B,Bioinformatic prediction (multiMiR),predicted
COL8A1,hsa-miR-520d-5p,diana_microt,Tier_B,Bioinformatic prediction (multiMiR),predicted
ISM1,hsa-miR-4450,diana_microt,Tier_B,Bioinformatic prediction (multiMiR),predicted
INHBA,hsa-miR-548c-5p,diana_microt,Tier_B,Bioinformatic prediction (multiMiR),predicted
INHBA,hsa-miR-1205,diana_microt,Tier_B,Bioinformatic prediction (multiMiR),predicted
INHBA,hsa-miR-548au-5p,diana_microt,Tier_B,Bioinformatic prediction (multiMiR),predicted
INHBA,hsa-miR-548o-5p,diana_microt,Tier_B,Bioinformatic prediction (multiMiR),predicted
INHBA,hsa-miR-548am-5p,diana_microt,Tier_B,Bioinformatic prediction (multiMiR),predicted
LOX,hsa-miR-4645-3p,diana_microt,Tier_B,Bioinformatic prediction (multiMiR),predicted
LOX,hsa-miR-4753-3p,diana_microt,Tier_B,Bioinformatic prediction (multiMiR),predicted
LOX,hsa-miR-374a-5p,diana_microt,Tier_B,Bioinformatic prediction (multiMiR),predicted
LOX,hsa-miR-148a-5p,diana_microt,Tier_B,Bioinformatic prediction (multiMiR),predicted
EDIL3,hsa-miR-3672,diana_microt,Tier_B,Bioinformatic prediction (multiMiR),predicted
VCAN,hsa-miR-3167,diana_microt,Tier_B,Bioinformatic prediction (multiMiR),predicted
EDIL3,hsa-miR-34c-5p,diana_microt,Tier_B,Bioinformatic prediction (multiMiR),predicted
EDIL3,hsa-miR-29b-1-5p,diana_microt,Tier_B,Bioinformatic prediction (multiMiR),predicted
VCAN,hsa-miR-4795-3p,diana_microt,Tier_B,Bioinformatic prediction (multiMiR),predicted
COL3A1,hsa-miR-3163,diana_microt,Tier_B,Bioinformatic prediction (multiMiR),predicted
INHBA,hsa-miR-4745-5p,diana_microt,Tier_B,Bioinformatic prediction (multiMiR),predicted
INHBA,hsa-miR-379-3p,diana_microt,Tier_B,Bioinformatic prediction (multiMiR),predicted
INHBA,hsa-miR-548t-5p,diana_microt,Tier_B,Bioinformatic prediction (multiMiR),predicted
LOX,hsa-miR-3125,diana_microt,Tier_B,Bioinformatic prediction (multiMiR),predicted
LOX,hsa-miR-548ar-5p,diana_microt,Tier_B,Bioinformatic prediction (multiMiR),predicted
LOX,hsa-miR-548au-5p,diana_microt,Tier_B,Bioinformatic prediction (multiMiR),predicted
LOX,hsa-miR-181b-3p,diana_microt,Tier_B,Bioinformatic prediction (multiMiR),predicted
LOX,hsa-miR-155-5p,diana_microt,Tier_B,Bioinformatic prediction (multiMiR),predicted
THBS3,hsa-miR-4682,diana_microt,Tier_B,Bioinformatic prediction (multiMiR),predicted
EDIL3,hsa-miR-224-3p,diana_microt,Tier_B,Bioinformatic prediction (multiMiR),predicted
COL8A1,hsa-miR-5683,diana_microt,Tier_B,Bioinformatic prediction (multiMiR),predicted
COL8A1,hsa-miR-524-5p,diana_microt,Tier_B,Bioinformatic prediction (multiMiR),predicted
ISM1,hsa-miR-302f,diana_microt,Tier_B,Bioinformatic prediction (multiMiR),predicted
COL3A1,hsa-miR-548at-5p,diana_microt,Tier_B,Bioinformatic prediction (multiMiR),predicted
COL11A1,hsa-miR-1185-1-3p,diana_microt,Tier_B,Bioinformatic prediction (multiMiR),predicted
COL11A1,hsa-let-7f-5p,diana_microt,Tier_B,Bioinformatic prediction (multiMiR),predicted
INHBA,hsa-miR-5002-3p,diana_microt,Tier_B,Bioinformatic prediction (multiMiR),predicted
INHBA,hsa-miR-5580-3p,diana_microt,Tier_B,Bioinformatic prediction (multiMiR),predicted
INHBA,hsa-miR-302a-5p,diana_microt,Tier_B,Bioinformatic prediction (multiMiR),predicted
LOX,hsa-miR-935,diana_microt,Tier_B,Bioinformatic prediction (multiMiR),predicted
COL11A1,hsa-miR-1185-2-3p,diana_microt,Tier_B,Bioinformatic prediction (multiMiR),predicted
COL11A1,hsa-miR-126-5p,diana_microt,Tier_B,Bioinformatic prediction (multiMiR),predicted
INHBA,hsa-miR-330-5p,diana_microt,Tier_B,Bioinformatic prediction (multiMiR),predicted
ISM1,hsa-miR-4646-3p,diana_microt,Tier_B,Bioinformatic prediction (multiMiR),predicted
ISM1,hsa-miR-3121-3p,diana_microt,Tier_B,Bioinformatic prediction (multiMiR),predicted
ISM1,hsa-miR-4536-5p,diana_microt,Tier_B,Bioinformatic prediction (multiMiR),predicted
COL11A1,hsa-let-7a-5p,diana_microt,Tier_B,Bioinformatic prediction (multiMiR),predicted
EDIL3,hsa-miR-369-3p,diana_microt,Tier_B,Bioinformatic prediction (multiMiR),predicted
VCAN,hsa-miR-4424,diana_microt,Tier_B,Bioinformatic prediction (multiMiR),predicted
VCAN,hsa-miR-4661-3p,diana_microt,Tier_B,Bioinformatic prediction (multiMiR),predicted
VCAN,hsa-miR-5700,diana_microt,Tier_B,Bioinformatic prediction (multiMiR),predicted
COL8A1,hsa-miR-1825,diana_microt,Tier_B,Bioinformatic prediction (multiMiR),predicted
COL8A1,hsa-miR-3941,diana_microt,Tier_B,Bioinformatic prediction (multiMiR),predicted
COL8A1,hsa-miR-129-5p,diana_microt,Tier_B,Bioinformatic prediction (multiMiR),predicted
ISM1,hsa-miR-130b-5p,diana_microt,Tier_B,Bioinformatic prediction (multiMiR),predicted
COL11A1,hsa-miR-196a-5p,diana_microt,Tier_B,Bioinformatic prediction (multiMiR),predicted
COL11A1,hsa-let-7i-5p,diana_microt,Tier_B,Bioinformatic prediction (multiMiR),predicted
LOX,hsa-miR-548y,diana_microt,Tier_B,Bioinformatic prediction (multiMiR),predicted
EDIL3,hsa-miR-3977,diana_microt,Tier_B,Bioinformatic prediction (multiMiR),predicted
COL11A1,hsa-miR-3144-3p,diana_microt,Tier_B,Bioinformatic prediction (multiMiR),predicted
COL11A1,hsa-miR-4500,diana_microt,Tier_B,Bioinformatic prediction (multiMiR),predicted
COL11A1,hsa-miR-3173-3p,diana_microt,Tier_B,Bioinformatic prediction (multiMiR),predicted
FN1,hsa-miR-613,diana_microt,Tier_B,Bioinformatic prediction (multiMiR),predicted
LOX,hsa-miR-4516,diana_microt,Tier_B,Bioinformatic prediction (multiMiR),predicted
COMP,hsa-miR-4260,diana_microt,Tier_B,Bioinformatic prediction (multiMiR),predicted
VCAN,hsa-miR-5582-3p,diana_microt,Tier_B,Bioinformatic prediction (multiMiR),predicted
COL8A1,hsa-miR-362-3p,diana_microt,Tier_B,Bioinformatic prediction (multiMiR),predicted
COL11A1,hsa-let-7c-5p,diana_microt,Tier_B,Bioinformatic prediction (multiMiR),predicted
COL11A1,hsa-let-7b-5p,diana_microt,Tier_B,Bioinformatic prediction (multiMiR),predicted
INHBA,hsa-miR-586,diana_microt,Tier_B,Bioinformatic prediction (multiMiR),predicted
INHBA,hsa-miR-5590-5p,diana_microt,Tier_B,Bioinformatic prediction (multiMiR),predicted
LOX,hsa-miR-548n,diana_microt,Tier_B,Bioinformatic prediction (multiMiR),predicted
LOX,hsa-miR-548ap-5p,diana_microt,Tier_B,Bioinformatic prediction (multiMiR),predicted
LOX,hsa-miR-106a-5p,diana_microt,Tier_B,Bioinformatic prediction (multiMiR),predicted
THBS3,hsa-miR-661,diana_microt,Tier_B,Bioinformatic prediction (multiMiR),predicted
THBS3,hsa-miR-377-3p,diana_microt,Tier_B,Bioinformatic prediction (multiMiR),predicted
EDIL3,hsa-miR-3127-3p,diana_microt,Tier_B,Bioinformatic prediction (multiMiR),predicted
EDIL3,hsa-miR-106a-5p,diana_microt,Tier_B,Bioinformatic prediction (multiMiR),predicted
COL8A1,hsa-miR-4742-3p,diana_microt,Tier_B,Bioinformatic prediction (multiMiR),predicted
ISM1,hsa-miR-3162-3p,diana_microt,Tier_B,Bioinformatic prediction (multiMiR),predicted
COL3A1,hsa-miR-4756-5p,diana_microt,Tier_B,Bioinformatic prediction (multiMiR),predicted
COL11A1,hsa-miR-4482-3p,diana_microt,Tier_B,Bioinformatic prediction (multiMiR),predicted
COL11A1,hsa-miR-548a-3p,diana_microt,Tier_B,Bioinformatic prediction (multiMiR),predicted
INHBA,hsa-miR-4318,diana_microt,Tier_B,Bioinformatic prediction (multiMiR),predicted
LOX,hsa-miR-129-5p,diana_microt,Tier_B,Bioinformatic prediction (multiMiR),predicted
ISM1,hsa-miR-766-3p,diana_microt,Tier_B,Bioinformatic prediction (multiMiR),predicted
COL11A1,hsa-miR-3134,diana_microt,Tier_B,Bioinformatic prediction (multiMiR),predicted
COL11A1,hsa-miR-4507,diana_microt,Tier_B,Bioinformatic prediction (multiMiR),predicted
INHBA,hsa-miR-1298-5p,diana_microt,Tier_B,Bioinformatic prediction (multiMiR),predicted
INHBA,hsa-miR-548ab,diana_microt,Tier_B,Bioinformatic prediction (multiMiR),predicted
INHBA,hsa-miR-1-3p,diana_microt,Tier_B,Bioinformatic prediction (multiMiR),predicted
LOX,hsa-miR-5701,diana_microt,Tier_B,Bioinformatic prediction (multiMiR),predicted
COL3A1,hsa-miR-3916,diana_microt,Tier_B,Bioinformatic prediction (multiMiR),predicted
COL11A1,hsa-miR-139-5p,diana_microt,Tier_B,Bioinformatic prediction (multiMiR),predicted
LOX,hsa-miR-548ab,diana_microt,Tier_B,Bioinformatic prediction (multiMiR),predicted
EDIL3,hsa-miR-1273f,diana_microt,Tier_B,Bioinformatic prediction (multiMiR),predicted
COL8A1,hsa-miR-329-3p,diana_microt,Tier_B,Bioinformatic prediction (multiMiR),predicted
COL11A1,hsa-miR-1256,diana_microt,Tier_B,Bioinformatic prediction (multiMiR),predicted
FN1,hsa-miR-1305,diana_microt,Tier_B,Bioinformatic prediction (multiMiR),predicted
INHBA,hsa-miR-548b-5p,diana_microt,Tier_B,Bioinformatic prediction (multiMiR),predicted
INHBA,hsa-miR-548d-5p,diana_microt,Tier_B,Bioinformatic prediction (multiMiR),predicted
INHBA,hsa-miR-548f-3p,diana_microt,Tier_B,Bioinformatic prediction (multiMiR),predicted
COL3A1,hsa-miR-5581-5p,diana_microt,Tier_B,Bioinformatic prediction (multiMiR),predicted
COL3A1,hsa-miR-548c-3p,diana_microt,Tier_B,Bioinformatic prediction (multiMiR),predicted
COL11A1,hsa-miR-2052,diana_microt,Tier_B,Bioinformatic prediction (multiMiR),predicted
FN1,hsa-miR-4729,diana_microt,Tier_B,Bioinformatic prediction (multiMiR),predicted
FN1,hsa-miR-30b-5p,diana_microt,Tier_B,Bioinformatic prediction (multiMiR),predicted
INHBA,hsa-miR-1324,diana_microt,Tier_B,Bioinformatic prediction (multiMiR),predicted
INHBA,hsa-miR-4709-3p,diana_microt,Tier_B,Bioinformatic prediction (multiMiR),predicted
INHBA,hsa-miR-411-3p,diana_microt,Tier_B,Bioinformatic prediction (multiMiR),predicted
INHBA,hsa-miR-548o-3p,diana_microt,Tier_B,Bioinformatic prediction (multiMiR),predicted
LOX,hsa-miR-3914,diana_microt,Tier_B,Bioinformatic prediction (multiMiR),predicted
LOX,hsa-miR-5002-5p,diana_microt,Tier_B,Bioinformatic prediction (multiMiR),predicted
EDIL3,hsa-miR-4320,diana_microt,Tier_B,Bioinformatic prediction (multiMiR),predicted
COL3A1,hsa-miR-5691,diana_microt,Tier_B,Bioinformatic prediction (multiMiR),predicted
COL3A1,hsa-miR-186-5p,diana_microt,Tier_B,Bioinformatic prediction (multiMiR),predicted
COL3A1,hsa-miR-4666a-3p,diana_microt,Tier_B,Bioinformatic prediction (multiMiR),predicted
FN1,hsa-miR-30c-5p,diana_microt,Tier_B,Bioinformatic prediction (multiMiR),predicted
FN1,hsa-miR-3145-3p,diana_microt,Tier_B,Bioinformatic prediction (multiMiR),predicted
LOX,hsa-miR-548x-3p,diana_microt,Tier_B,Bioinformatic prediction (multiMiR),predicted
LOX,hsa-miR-548aj-3p,diana_microt,Tier_B,Bioinformatic prediction (multiMiR),predicted
COMP,hsa-miR-4669,diana_microt,Tier_B,Bioinformatic prediction (multiMiR),predicted
COL3A1,hsa-miR-4323,diana_microt,Tier_B,Bioinformatic prediction (multiMiR),predicted
COL11A1,hsa-miR-548k,diana_microt,Tier_B,Bioinformatic prediction (multiMiR),predicted
COL11A1,hsa-miR-4328,diana_microt,Tier_B,Bioinformatic prediction (multiMiR),predicted
FN1,hsa-miR-1301-3p,diana_microt,Tier_B,Bioinformatic prediction (multiMiR),predicted
LOX,hsa-miR-548j-5p,diana_microt,Tier_B,Bioinformatic prediction (multiMiR),predicted
EDIL3,hsa-miR-3133,diana_microt,Tier_B,Bioinformatic prediction (multiMiR),predicted
COL8A1,hsa-miR-3911,diana_microt,Tier_B,Bioinformatic prediction (multiMiR),predicted
ISM1,hsa-miR-520e-3p,diana_microt,Tier_B,Bioinformatic prediction (multiMiR),predicted
COL3A1,hsa-miR-3119,diana_microt,Tier_B,Bioinformatic prediction (multiMiR),predicted
COL3A1,hsa-miR-520d-5p,diana_microt,Tier_B,Bioinformatic prediction (multiMiR),predicted
FN1,hsa-miR-30a-5p,diana_microt,Tier_B,Bioinformatic prediction (multiMiR),predicted
FN1,hsa-miR-30d-5p,diana_microt,Tier_B,Bioinformatic prediction (multiMiR),predicted
INHBA,hsa-miR-206,diana_microt,Tier_B,Bioinformatic prediction (multiMiR),predicted
LOX,hsa-miR-548h-5p,diana_microt,Tier_B,Bioinformatic prediction (multiMiR),predicted
EDIL3,hsa-miR-3935,diana_microt,Tier_B,Bioinformatic prediction (multiMiR),predicted
COMP,hsa-miR-4314,diana_microt,Tier_B,Bioinformatic prediction (multiMiR),predicted
COL3A1,hsa-miR-548ah-5p,diana_microt,Tier_B,Bioinformatic prediction (multiMiR),predicted
COL11A1,hsa-miR-4760-5p,diana_microt,Tier_B,Bioinformatic prediction (multiMiR),predicted
COL3A1,hsa-miR-3928-3p,diana_microt,Tier_B,Bioinformatic prediction (multiMiR),predicted
COL3A1,hsa-miR-138-2-3p,diana_microt,Tier_B,Bioinformatic prediction (multiMiR),predicted
COL11A1,hsa-miR-19a-5p,diana_microt,Tier_B,Bioinformatic prediction (multiMiR),predicted
FN1,hsa-miR-5047,diana_microt,Tier_B,Bioinformatic prediction (multiMiR),predicted
INHBA,hsa-miR-4778-3p,diana_microt,Tier_B,Bioinformatic prediction (multiMiR),predicted
LOX,hsa-miR-548d-5p,diana_microt,Tier_B,Bioinformatic prediction (multiMiR),predicted
EDIL3,hsa-miR-522-3p,diana_microt,Tier_B,Bioinformatic prediction (multiMiR),predicted
EDIL3,hsa-miR-449b-5p,diana_microt,Tier_B,Bioinformatic prediction (multiMiR),predicted
COMP,hsa-miR-3943,diana_microt,Tier_B,Bioinformatic prediction (multiMiR),predicted
COL8A1,hsa-miR-3190-3p,diana_microt,Tier_B,Bioinformatic prediction (multiMiR),predicted
COL8A1,hsa-miR-490-3p,diana_microt,Tier_B,Bioinformatic prediction (multiMiR),predicted
INHBA,hsa-miR-567,diana_microt,Tier_B,Bioinformatic prediction (multiMiR),predicted
LOX,hsa-miR-3167,diana_microt,Tier_B,Bioinformatic prediction (multiMiR),predicted
EDIL3,hsa-miR-30e-5p,diana_microt,Tier_B,Bioinformatic prediction (multiMiR),predicted
COMP,hsa-miR-513a-5p,diana_microt,Tier_B,Bioinformatic prediction (multiMiR),predicted
VCAN,hsa-miR-3118,diana_microt,Tier_B,Bioinformatic prediction (multiMiR),predicted
VCAN,hsa-miR-4668-5p,diana_microt,Tier_B,Bioinformatic prediction (multiMiR),predicted
VCAN,hsa-miR-4778-3p,diana_microt,Tier_B,Bioinformatic prediction (multiMiR),predicted
COL11A1,hsa-miR-548av-5p,diana_microt,Tier_B,Bioinformatic prediction (multiMiR),predicted
FN1,hsa-miR-30e-5p,diana_microt,Tier_B,Bioinformatic prediction (multiMiR),predicted
INHBA,hsa-miR-3622a-3p,diana_microt,Tier_B,Bioinformatic prediction (multiMiR),predicted
INHBA,hsa-miR-625-5p,diana_microt,Tier_B,Bioinformatic prediction (multiMiR),predicted
LOX,hsa-miR-4420,diana_microt,Tier_B,Bioinformatic prediction (multiMiR),predicted
EDIL3,hsa-miR-548g-3p,diana_microt,Tier_B,Bioinformatic prediction (multiMiR),predicted
COMP,hsa-miR-1193,diana_microt,Tier_B,Bioinformatic prediction (multiMiR),predicted
VCAN,hsa-miR-4677-5p,diana_microt,Tier_B,Bioinformatic prediction (multiMiR),predicted
COL8A1,hsa-miR-622,diana_microt,Tier_B,Bioinformatic prediction (multiMiR),predicted
COL8A1,hsa-miR-124-3p,diana_microt,Tier_B,Bioinformatic prediction (multiMiR),predicted
COL3A1,hsa-miR-4282,diana_microt,Tier_B,Bioinformatic prediction (multiMiR),predicted
INHBA,hsa-miR-1237-3p,diana_microt,Tier_B,Bioinformatic prediction (multiMiR),predicted
INHBA,hsa-miR-410-3p,diana_microt,Tier_B,Bioinformatic prediction (multiMiR),predicted
EDIL3,hsa-miR-302f,diana_microt,Tier_B,Bioinformatic prediction (multiMiR),predicted
COMP,hsa-miR-3124-5p,diana_microt,Tier_B,Bioinformatic prediction (multiMiR),predicted
VCAN,hsa-miR-583,diana_microt,Tier_B,Bioinformatic prediction (multiMiR),predicted
COL8A1,hsa-miR-4282,diana_microt,Tier_B,Bioinformatic prediction (multiMiR),predicted
ISM1,hsa-miR-4778-3p,diana_microt,Tier_B,Bioinformatic prediction (multiMiR),predicted
COL3A1,hsa-miR-381-3p,diana_microt,Tier_B,Bioinformatic prediction (multiMiR),predicted
COL3A1,hsa-miR-582-3p,diana_microt,Tier_B,Bioinformatic prediction (multiMiR),predicted
COL11A1,hsa-miR-5096,diana_microt,Tier_B,Bioinformatic prediction (multiMiR),predicted
COL11A1,hsa-miR-367-5p,diana_microt,Tier_B,Bioinformatic prediction (multiMiR),predicted
FN1,hsa-miR-4766-5p,diana_microt,Tier_B,Bioinformatic prediction (multiMiR),predicted
INHBA,hsa-miR-548e-3p,diana_microt,Tier_B,Bioinformatic prediction (multiMiR),predicted
LOX,hsa-miR-579-3p,diana_microt,Tier_B,Bioinformatic prediction (multiMiR),predicted
EDIL3,hsa-miR-3668,diana_microt,Tier_B,Bioinformatic prediction (multiMiR),predicted
EDIL3,hsa-miR-30a-5p,diana_microt,Tier_B,Bioinformatic prediction (multiMiR),predicted
EDIL3,hsa-let-7b-3p,diana_microt,Tier_B,Bioinformatic prediction (multiMiR),predicted
VCAN,hsa-miR-421,diana_microt,Tier_B,Bioinformatic prediction (multiMiR),predicted
COL8A1,hsa-miR-632,diana_microt,Tier_B,Bioinformatic prediction (multiMiR),predicted
COL8A1,hsa-miR-1303,diana_microt,Tier_B,Bioinformatic prediction (multiMiR),predicted
COL8A1,hsa-miR-4496,diana_microt,Tier_B,Bioinformatic prediction (multiMiR),predicted
COL8A1,hsa-miR-4719,diana_microt,Tier_B,Bioinformatic prediction (multiMiR),predicted
COL3A1,hsa-miR-300,diana_microt,Tier_B,Bioinformatic prediction (multiMiR),predicted
COL11A1,hsa-miR-577,diana_microt,Tier_B,Bioinformatic prediction (multiMiR),predicted
COL11A1,hsa-miR-5680,diana_microt,Tier_B,Bioinformatic prediction (multiMiR),predicted
FN1,hsa-miR-508-5p,diana_microt,Tier_B,Bioinformatic prediction (multiMiR),predicted
FN1,hsa-miR-34b-3p,diana_microt,Tier_B,Bioinformatic prediction (multiMiR),predicted
EDIL3,hsa-miR-4325,diana_microt,Tier_B,Bioinformatic prediction (multiMiR),predicted
EDIL3,hsa-miR-212-3p,diana_microt,Tier_B,Bioinformatic prediction (multiMiR),predicted
EDIL3,hsa-miR-495-3p,diana_microt,Tier_B,Bioinformatic prediction (multiMiR),predicted
COL8A1,hsa-miR-4438,diana_microt,Tier_B,Bioinformatic prediction (multiMiR),predicted
VCAN,hsa-miR-5688,diana_microt,Tier_B,Bioinformatic prediction (multiMiR),predicted
COL8A1,hsa-miR-509-5p,diana_microt,Tier_B,Bioinformatic prediction (multiMiR),predicted
COL8A1,hsa-miR-509-3-5p,diana_microt,Tier_B,Bioinformatic prediction (multiMiR),predicted
COL8A1,hsa-let-7g-3p,diana_microt,Tier_B,Bioinformatic prediction (multiMiR),predicted
COL8A1,hsa-miR-642b-3p,diana_microt,Tier_B,Bioinformatic prediction (multiMiR),predicted
FN1,hsa-miR-4744,diana_microt,Tier_B,Bioinformatic prediction (multiMiR),predicted
EDIL3,hsa-miR-580-3p,diana_microt,Tier_B,Bioinformatic prediction (multiMiR),predicted
EDIL3,hsa-miR-587,diana_microt,Tier_B,Bioinformatic prediction (multiMiR),predicted
COMP,hsa-miR-4516,diana_microt,Tier_B,Bioinformatic prediction (multiMiR),predicted
COL11A1,hsa-miR-548l,diana_microt,Tier_B,Bioinformatic prediction (multiMiR),predicted
EDIL3,hsa-miR-30d-5p,diana_microt,Tier_B,Bioinformatic prediction (multiMiR),predicted
COL11A1,hsa-miR-4687-5p,diana_microt,Tier_B,Bioinformatic prediction (multiMiR),predicted
INHBA,hsa-miR-21-3p,diana_microt,Tier_B,Bioinformatic prediction (multiMiR),predicted
EDIL3,hsa-miR-543,diana_microt,Tier_B,Bioinformatic prediction (multiMiR),predicted
EDIL3,hsa-miR-323b-3p,diana_microt,Tier_B,Bioinformatic prediction (multiMiR),predicted
COMP,hsa-miR-626,diana_microt,Tier_B,Bioinformatic prediction (multiMiR),predicted
COMP,hsa-miR-1245b-3p,diana_microt,Tier_B,Bioinformatic prediction (multiMiR),predicted
INHBA,hsa-miR-4729,diana_microt,Tier_B,Bioinformatic prediction (multiMiR),predicted
LOX,hsa-miR-548aq-3p,diana_microt,Tier_B,Bioinformatic prediction (multiMiR),predicted
LOX,hsa-miR-134-5p,diana_microt,Tier_B,Bioinformatic prediction (multiMiR),predicted
EDIL3,hsa-miR-3162-5p,diana_microt,Tier_B,Bioinformatic prediction (multiMiR),predicted
VCAN,hsa-miR-4476,diana_microt,Tier_B,Bioinformatic prediction (multiMiR),predicted
VCAN,hsa-miR-128-3p,diana_microt,Tier_B,Bioinformatic prediction (multiMiR),predicted
VCAN,hsa-miR-195-3p,diana_microt,Tier_B,Bioinformatic prediction (multiMiR),predicted
COL8A1,hsa-miR-3148,diana_microt,Tier_B,Bioinformatic prediction (multiMiR),predicted
COL8A1,hsa-miR-10a-3p,diana_microt,Tier_B,Bioinformatic prediction (multiMiR),predicted
COL11A1,hsa-miR-19b-1-5p,diana_microt,Tier_B,Bioinformatic prediction (multiMiR),predicted
FN1,hsa-miR-664b-3p,diana_microt,Tier_B,Bioinformatic prediction (multiMiR),predicted
LOX,hsa-miR-664b-3p,diana_microt,Tier_B,Bioinformatic prediction (multiMiR),predicted
EDIL3,hsa-miR-642a-3p,diana_microt,Tier_B,Bioinformatic prediction (multiMiR),predicted
EDIL3,hsa-miR-616-3p,diana_microt,Tier_B,Bioinformatic prediction (multiMiR),predicted
EDIL3,hsa-miR-642b-3p,diana_microt,Tier_B,Bioinformatic prediction (multiMiR),predicted
COL11A1,hsa-miR-5681a,diana_microt,Tier_B,Bioinformatic prediction (multiMiR),predicted
COL11A1,hsa-miR-5706,diana_microt,Tier_B,Bioinformatic prediction (multiMiR),predicted
COL11A1,hsa-miR-92a-3p,diana_microt,Tier_B,Bioinformatic prediction (multiMiR),predicted
COL11A1,hsa-miR-92b-3p,diana_microt,Tier_B,Bioinformatic prediction (multiMiR),predicted
LOX,hsa-miR-548d-3p,diana_microt,Tier_B,Bioinformatic prediction (multiMiR),predicted
EDIL3,hsa-miR-599,diana_microt,Tier_B,Bioinformatic prediction (multiMiR),predicted
VCAN,hsa-miR-1972,diana_microt,Tier_B,Bioinformatic prediction (multiMiR),predicted
COL8A1,hsa-let-7a-2-3p,diana_microt,Tier_B,Bioinformatic prediction (multiMiR),predicted
COL11A1,hsa-miR-4782-5p,diana_microt,Tier_B,Bioinformatic prediction (multiMiR),predicted
COL11A1,hsa-miR-5095,diana_microt,Tier_B,Bioinformatic prediction (multiMiR),predicted
COL11A1,hsa-miR-105-5p,diana_microt,Tier_B,Bioinformatic prediction (multiMiR),predicted
FN1,hsa-miR-767-5p,diana_microt,Tier_B,Bioinformatic prediction (multiMiR),predicted
LOX,hsa-miR-5003-3p,diana_microt,Tier_B,Bioinformatic prediction (multiMiR),predicted
COMP,hsa-miR-1301-3p,diana_microt,Tier_B,Bioinformatic prediction (multiMiR),predicted
COMP,hsa-miR-1206,diana_microt,Tier_B,Bioinformatic prediction (multiMiR),predicted
COMP,hsa-miR-1286,diana_microt,Tier_B,Bioinformatic prediction (multiMiR),predicted
VCAN,hsa-miR-626,diana_microt,Tier_B,Bioinformatic prediction (multiMiR),predicted
COL8A1,hsa-miR-4308,diana_microt,Tier_B,Bioinformatic prediction (multiMiR),predicted
COL8A1,hsa-miR-548ak,diana_microt,Tier_B,Bioinformatic prediction (multiMiR),predicted
COL8A1,hsa-miR-642a-3p,diana_microt,Tier_B,Bioinformatic prediction (multiMiR),predicted
ISM1,hsa-miR-520d-3p,diana_microt,Tier_B,Bioinformatic prediction (multiMiR),predicted
COL11A1,hsa-miR-2115-3p,diana_microt,Tier_B,Bioinformatic prediction (multiMiR),predicted
FN1,hsa-miR-4509,diana_microt,Tier_B,Bioinformatic prediction (multiMiR),predicted
INHBA,hsa-miR-3065-5p,diana_microt,Tier_B,Bioinformatic prediction (multiMiR),predicted
EDIL3,hsa-miR-4711-3p,diana_microt,Tier_B,Bioinformatic prediction (multiMiR),predicted
EDIL3,hsa-miR-132-3p,diana_microt,Tier_B,Bioinformatic prediction (multiMiR),predicted
COMP,hsa-miR-5047,diana_microt,Tier_B,Bioinformatic prediction (multiMiR),predicted
VCAN,hsa-miR-539-5p,diana_microt,Tier_B,Bioinformatic prediction (multiMiR),predicted
COL8A1,hsa-miR-4731-3p,diana_microt,Tier_B,Bioinformatic prediction (multiMiR),predicted
INHBA,hsa-miR-587,diana_microt,Tier_B,Bioinformatic prediction (multiMiR),predicted
LOX,hsa-miR-3136-3p,diana_microt,Tier_B,Bioinformatic prediction (multiMiR),predicted
EDIL3,hsa-miR-548p,diana_microt,Tier_B,Bioinformatic prediction (multiMiR),predicted
EDIL3,hsa-miR-32-3p,diana_microt,Tier_B,Bioinformatic prediction (multiMiR),predicted
COMP,hsa-miR-2115-5p,diana_microt,Tier_B,Bioinformatic prediction (multiMiR),predicted
VCAN,hsa-miR-452-3p,diana_microt,Tier_B,Bioinformatic prediction (multiMiR),predicted
COL8A1,hsa-miR-224-3p,diana_microt,Tier_B,Bioinformatic prediction (multiMiR),predicted
THBS3,hsa-miR-587,diana_microt,Tier_B,Bioinformatic prediction (multiMiR),predicted
EDIL3,hsa-miR-380-3p,diana_microt,Tier_B,Bioinformatic prediction (multiMiR),predicted
VCAN,hsa-miR-647,diana_microt,Tier_B,Bioinformatic prediction (multiMiR),predicted
VCAN,hsa-miR-4484,diana_microt,Tier_B,Bioinformatic prediction (multiMiR),predicted
COL8A1,hsa-miR-548d-5p,diana_microt,Tier_B,Bioinformatic prediction (multiMiR),predicted
COL11A1,hsa-miR-19b-2-5p,diana_microt,Tier_B,Bioinformatic prediction (multiMiR),predicted
FN1,hsa-miR-3606-5p,diana_microt,Tier_B,Bioinformatic prediction (multiMiR),predicted
FN1,hsa-miR-4693-5p,diana_microt,Tier_B,Bioinformatic prediction (multiMiR),predicted
INHBA,hsa-miR-607,diana_microt,Tier_B,Bioinformatic prediction (multiMiR),predicted
INHBA,hsa-miR-4278,diana_microt,Tier_B,Bioinformatic prediction (multiMiR),predicted
INHBA,hsa-miR-4666a-5p,diana_microt,Tier_B,Bioinformatic prediction (multiMiR),predicted
LOX,hsa-miR-154-3p,diana_microt,Tier_B,Bioinformatic prediction (multiMiR),predicted
THBS3,hsa-miR-3173-5p,diana_microt,Tier_B,Bioinformatic prediction (multiMiR),predicted
EDIL3,hsa-miR-5003-3p,diana_microt,Tier_B,Bioinformatic prediction (multiMiR),predicted
VCAN,hsa-miR-5681a,diana_microt,Tier_B,Bioinformatic prediction (multiMiR),predicted
COL11A1,hsa-miR-374a-3p,diana_microt,Tier_B,Bioinformatic prediction (multiMiR),predicted
FN1,hsa-miR-1228-3p,diana_microt,Tier_B,Bioinformatic prediction (multiMiR),predicted
LOX,hsa-miR-4326,diana_microt,Tier_B,Bioinformatic prediction (multiMiR),predicted
LOX,hsa-miR-1277-5p,diana_microt,Tier_B,Bioinformatic prediction (multiMiR),predicted
EDIL3,hsa-miR-5579-5p,diana_microt,Tier_B,Bioinformatic prediction (multiMiR),predicted
COL8A1,hsa-miR-4268,diana_microt,Tier_B,Bioinformatic prediction (multiMiR),predicted
ISM1,hsa-miR-1185-2-3p,diana_microt,Tier_B,Bioinformatic prediction (multiMiR),predicted
COL3A1,hsa-miR-4461,diana_microt,Tier_B,Bioinformatic prediction (multiMiR),predicted
LOX,hsa-miR-206,diana_microt,Tier_B,Bioinformatic prediction (multiMiR),predicted
THBS3,hsa-miR-3689a-3p,diana_microt,Tier_B,Bioinformatic prediction (multiMiR),predicted
EDIL3,hsa-miR-4491,diana_microt,Tier_B,Bioinformatic prediction (multiMiR),predicted
VCAN,hsa-miR-124-3p,diana_microt,Tier_B,Bioinformatic prediction (multiMiR),predicted
COL8A1,hsa-miR-876-5p,diana_microt,Tier_B,Bioinformatic prediction (multiMiR),predicted
ISM1,hsa-miR-1185-1-3p,diana_microt,Tier_B,Bioinformatic prediction (multiMiR),predicted
COL11A1,hsa-miR-26a-5p,diana_microt,Tier_B,Bioinformatic prediction (multiMiR),predicted
COL11A1,hsa-miR-449b-3p,diana_microt,Tier_B,Bioinformatic prediction (multiMiR),predicted
FN1,hsa-miR-143-3p,diana_microt,Tier_B,Bioinformatic prediction (multiMiR),predicted
FN1,hsa-miR-155-3p,diana_microt,Tier_B,Bioinformatic prediction (multiMiR),predicted
INHBA,hsa-miR-1290,diana_microt,Tier_B,Bioinformatic prediction (multiMiR),predicted
EDIL3,hsa-miR-3143,diana_microt,Tier_B,Bioinformatic prediction (multiMiR),predicted
VCAN,hsa-miR-607,diana_microt,Tier_B,Bioinformatic prediction (multiMiR),predicted
COL3A1,hsa-miR-1321,diana_microt,Tier_B,Bioinformatic prediction (multiMiR),predicted
COL3A1,hsa-miR-5687,diana_microt,Tier_B,Bioinformatic prediction (multiMiR),predicted
INHBA,hsa-miR-300,diana_microt,Tier_B,Bioinformatic prediction (multiMiR),predicted
INHBA,hsa-miR-4521,diana_microt,Tier_B,Bioinformatic prediction (multiMiR),predicted
LOX,hsa-miR-548b-5p,diana_microt,Tier_B,Bioinformatic prediction (multiMiR),predicted
LOX,hsa-miR-4645-5p,diana_microt,Tier_B,Bioinformatic prediction (multiMiR),predicted
THBS3,hsa-miR-3689c,diana_microt,Tier_B,Bioinformatic prediction (multiMiR),predicted
THBS3,hsa-miR-5591-5p,diana_microt,Tier_B,Bioinformatic prediction (multiMiR),predicted
THBS3,hsa-miR-3689b-3p,diana_microt,Tier_B,Bioinformatic prediction (multiMiR),predicted
EDIL3,hsa-miR-485-3p,diana_microt,Tier_B,Bioinformatic prediction (multiMiR),predicted
COMP,hsa-miR-188-3p,diana_microt,Tier_B,Bioinformatic prediction (multiMiR),predicted
COMP,hsa-miR-4713-5p,diana_microt,Tier_B,Bioinformatic prediction (multiMiR),predicted
COL8A1,hsa-miR-548f-3p,diana_microt,Tier_B,Bioinformatic prediction (multiMiR),predicted
ISM1,hsa-miR-548ap-3p,diana_microt,Tier_B,Bioinformatic prediction (multiMiR),predicted
FN1,hsa-miR-1273g-3p,diana_microt,Tier_B,Bioinformatic prediction (multiMiR),predicted
INHBA,hsa-miR-3064-3p,diana_microt,Tier_B,Bioinformatic prediction (multiMiR),predicted
INHBA,hsa-miR-3922-3p,diana_microt,Tier_B,Bioinformatic prediction (multiMiR),predicted
EDIL3,hsa-miR-4657,diana_microt,Tier_B,Bioinformatic prediction (multiMiR),predicted
VCAN,hsa-miR-106a-5p,diana_microt,Tier_B,Bioinformatic prediction (multiMiR),predicted
ISM1,hsa-miR-3064-5p,diana_microt,Tier_B,Bioinformatic prediction (multiMiR),predicted
COL3A1,hsa-miR-4739,diana_microt,Tier_B,Bioinformatic prediction (multiMiR),predicted
COL3A1,hsa-miR-5010-3p,diana_microt,Tier_B,Bioinformatic prediction (multiMiR),predicted
COL3A1,hsa-miR-16-2-3p,diana_microt,Tier_B,Bioinformatic prediction (multiMiR),predicted
COL11A1,hsa-miR-4733-3p,diana_microt,Tier_B,Bioinformatic prediction (multiMiR),predicted
COL11A1,hsa-miR-5701,diana_microt,Tier_B,Bioinformatic prediction (multiMiR),predicted
INHBA,hsa-miR-381-3p,diana_microt,Tier_B,Bioinformatic prediction (multiMiR),predicted
LOX,hsa-miR-1276,diana_microt,Tier_B,Bioinformatic prediction (multiMiR),predicted
LOX,hsa-miR-9-5p,diana_microt,Tier_B,Bioinformatic prediction (multiMiR),predicted
COL8A1,hsa-miR-506-3p,diana_microt,Tier_B,Bioinformatic prediction (multiMiR),predicted
COL3A1,hsa-miR-634,diana_microt,Tier_B,Bioinformatic prediction (multiMiR),predicted
INHBA,hsa-miR-4495,diana_microt,Tier_B,Bioinformatic prediction (multiMiR),predicted
LOX,hsa-miR-3658,diana_microt,Tier_B,Bioinformatic prediction (multiMiR),predicted
COL8A1,hsa-miR-549a-3p,diana_microt,Tier_B,Bioinformatic prediction (multiMiR),predicted
COL8A1,hsa-miR-5582-5p,diana_microt,Tier_B,Bioinformatic prediction (multiMiR),predicted
INHBA,hsa-miR-548ah-5p,diana_microt,Tier_B,Bioinformatic prediction (multiMiR),predicted
LOX,hsa-miR-4669,diana_microt,Tier_B,Bioinformatic prediction (multiMiR),predicted
LOX,hsa-miR-551b-5p,diana_microt,Tier_B,Bioinformatic prediction (multiMiR),predicted
COL8A1,hsa-miR-548as-5p,diana_microt,Tier_B,Bioinformatic prediction (multiMiR),predicted
ISM1,hsa-miR-548aa,diana_microt,Tier_B,Bioinformatic prediction (multiMiR),predicted
ISM1,hsa-miR-548t-3p,diana_microt,Tier_B,Bioinformatic prediction (multiMiR),predicted
COL11A1,hsa-miR-4789-5p,diana_microt,Tier_B,Bioinformatic prediction (multiMiR),predicted
LOX,hsa-miR-141-3p,diana_microt,Tier_B,Bioinformatic prediction (multiMiR),predicted
LOX,hsa-miR-487a-3p,diana_microt,Tier_B,Bioinformatic prediction (multiMiR),predicted
EDIL3,hsa-miR-3925-5p,diana_microt,Tier_B,Bioinformatic prediction (multiMiR),predicted
COL3A1,hsa-miR-3148,diana_microt,Tier_B,Bioinformatic prediction (multiMiR),predicted
COL11A1,hsa-miR-4422,diana_microt,Tier_B,Bioinformatic prediction (multiMiR),predicted
COL11A1,hsa-miR-3940-5p,diana_microt,Tier_B,Bioinformatic prediction (multiMiR),predicted
COL11A1,hsa-miR-26b-5p,diana_microt,Tier_B,Bioinformatic prediction (multiMiR),predicted
COL11A1,hsa-miR-32-3p,diana_microt,Tier_B,Bioinformatic prediction (multiMiR),predicted
INHBA,hsa-miR-493-5p,diana_microt,Tier_B,Bioinformatic prediction (multiMiR),predicted
LOX,hsa-miR-580-3p,diana_microt,Tier_B,Bioinformatic prediction (multiMiR),predicted
VCAN,hsa-miR-4640-5p,diana_microt,Tier_B,Bioinformatic prediction (multiMiR),predicted
COL8A1,hsa-miR-548e-3p,diana_microt,Tier_B,Bioinformatic prediction (multiMiR),predicted
COL8A1,hsa-miR-302c-5p,diana_microt,Tier_B,Bioinformatic prediction (multiMiR),predicted
COL11A1,hsa-miR-3612,diana_microt,Tier_B,Bioinformatic prediction (multiMiR),predicted
COL11A1,hsa-miR-3978,diana_microt,Tier_B,Bioinformatic prediction (multiMiR),predicted
FN1,hsa-miR-4742-5p,diana_microt,Tier_B,Bioinformatic prediction (multiMiR),predicted
LOX,hsa-miR-3660,diana_microt,Tier_B,Bioinformatic prediction (multiMiR),predicted
EDIL3,hsa-miR-4643,diana_microt,Tier_B,Bioinformatic prediction (multiMiR),predicted
COL8A1,hsa-miR-369-3p,diana_microt,Tier_B,Bioinformatic prediction (multiMiR),predicted
COL3A1,hsa-miR-548k,diana_microt,Tier_B,Bioinformatic prediction (multiMiR),predicted
COL3A1,hsa-miR-548av-5p,diana_microt,Tier_B,Bioinformatic prediction (multiMiR),predicted
COL11A1,hsa-miR-302c-5p,diana_microt,Tier_B,Bioinformatic prediction (multiMiR),predicted
FN1,hsa-miR-1208,diana_microt,Tier_B,Bioinformatic prediction (multiMiR),predicted
LOX,hsa-miR-3118,diana_microt,Tier_B,Bioinformatic prediction (multiMiR),predicted
LOX,hsa-miR-182-5p,diana_microt,Tier_B,Bioinformatic prediction (multiMiR),predicted
EDIL3,hsa-miR-382-3p,diana_microt,Tier_B,Bioinformatic prediction (multiMiR),predicted
EDIL3,hsa-miR-10a-3p,diana_microt,Tier_B,Bioinformatic prediction (multiMiR),predicted
EDIL3,hsa-miR-579-3p,diana_microt,Tier_B,Bioinformatic prediction (multiMiR),predicted
VCAN,hsa-miR-550b-2-5p,diana_microt,Tier_B,Bioinformatic prediction (multiMiR),predicted
COL8A1,hsa-miR-3174,diana_microt,Tier_B,Bioinformatic prediction (multiMiR),predicted
COL8A1,hsa-miR-3665,diana_microt,Tier_B,Bioinformatic prediction (multiMiR),predicted
ISM1,hsa-miR-5692c,diana_microt,Tier_B,Bioinformatic prediction (multiMiR),predicted
ISM1,hsa-miR-5692b,diana_microt,Tier_B,Bioinformatic prediction (multiMiR),predicted
COL3A1,hsa-miR-335-3p,diana_microt,Tier_B,Bioinformatic prediction (multiMiR),predicted
COL11A1,hsa-miR-1297,diana_microt,Tier_B,Bioinformatic prediction (multiMiR),predicted
COL11A1,hsa-miR-4490,diana_microt,Tier_B,Bioinformatic prediction (multiMiR),predicted
COL11A1,hsa-miR-200c-5p,diana_microt,Tier_B,Bioinformatic prediction (multiMiR),predicted
FN1,hsa-miR-936,diana_microt,Tier_B,Bioinformatic prediction (multiMiR),predicted
INHBA,hsa-miR-4673,diana_microt,Tier_B,Bioinformatic prediction (multiMiR),predicted
INHBA,hsa-miR-548g-3p,diana_microt,Tier_B,Bioinformatic prediction (multiMiR),predicted
LOX,hsa-miR-200a-3p,diana_microt,Tier_B,Bioinformatic prediction (multiMiR),predicted
LOX,hsa-miR-888-3p,diana_microt,Tier_B,Bioinformatic prediction (multiMiR),predicted
EDIL3,hsa-miR-466,diana_microt,Tier_B,Bioinformatic prediction (multiMiR),predicted
EDIL3,hsa-miR-2682-5p,diana_microt,Tier_B,Bioinformatic prediction (multiMiR),predicted
COL8A1,hsa-miR-548b-5p,diana_microt,Tier_B,Bioinformatic prediction (multiMiR),predicted
COL3A1,hsa-miR-4802-5p,diana_microt,Tier_B,Bioinformatic prediction (multiMiR),predicted
INHBA,hsa-miR-301a-5p,diana_microt,Tier_B,Bioinformatic prediction (multiMiR),predicted
VCAN,hsa-miR-539-3p,diana_microt,Tier_B,Bioinformatic prediction (multiMiR),predicted
COL3A1,hsa-miR-4670-3p,diana_microt,Tier_B,Bioinformatic prediction (multiMiR),predicted
INHBA,hsa-miR-28-3p,diana_microt,Tier_B,Bioinformatic prediction (multiMiR),predicted
INHBA,hsa-miR-140-3p,diana_microt,Tier_B,Bioinformatic prediction (multiMiR),predicted
INHBA,hsa-miR-3158-5p,diana_microt,Tier_B,Bioinformatic prediction (multiMiR),predicted
LOX,hsa-miR-5683,diana_microt,Tier_B,Bioinformatic prediction (multiMiR),predicted
EDIL3,hsa-miR-4778-3p,diana_microt,Tier_B,Bioinformatic prediction (multiMiR),predicted
COMP,hsa-miR-1233-3p,diana_microt,Tier_B,Bioinformatic prediction (multiMiR),predicted
VCAN,hsa-miR-604,diana_microt,Tier_B,Bioinformatic prediction (multiMiR),predicted
COL11A1,hsa-miR-3613-3p,diana_microt,Tier_B,Bioinformatic prediction (multiMiR),predicted
FN1,hsa-miR-4677-5p,diana_microt,Tier_B,Bioinformatic prediction (multiMiR),predicted
INHBA,hsa-miR-367-5p,diana_microt,Tier_B,Bioinformatic prediction (multiMiR),predicted
LOX,hsa-miR-4318,diana_microt,Tier_B,Bioinformatic prediction (multiMiR),predicted
LOX,hsa-miR-3671,diana_microt,Tier_B,Bioinformatic prediction (multiMiR),predicted
COMP,hsa-miR-3657,diana_microt,Tier_B,Bioinformatic prediction (multiMiR),predicted
VCAN,hsa-miR-3130-3p,diana_microt,Tier_B,Bioinformatic prediction (multiMiR),predicted
COL3A1,hsa-miR-205-3p,diana_microt,Tier_B,Bioinformatic prediction (multiMiR),predicted
COL11A1,hsa-miR-129-5p,diana_microt,Tier_B,Bioinformatic prediction (multiMiR),predicted
COL11A1,hsa-miR-205-3p,diana_microt,Tier_B,Bioinformatic prediction (multiMiR),predicted
FN1,hsa-miR-588,diana_microt,Tier_B,Bioinformatic prediction (multiMiR),predicted
FN1,hsa-miR-499b-3p,diana_microt,Tier_B,Bioinformatic prediction (multiMiR),predicted
INHBA,hsa-miR-4662b,diana_microt,Tier_B,Bioinformatic prediction (multiMiR),predicted
INHBA,hsa-miR-4789-5p,diana_microt,Tier_B,Bioinformatic prediction (multiMiR),predicted
INHBA,hsa-miR-17-3p,diana_microt,Tier_B,Bioinformatic prediction (multiMiR),predicted
THBS3,hsa-miR-30c-2-3p,diana_microt,Tier_B,Bioinformatic prediction (multiMiR),predicted
COL11A1,hsa-miR-1279,diana_microt,Tier_B,Bioinformatic prediction (multiMiR),predicted
COL11A1,hsa-miR-141-3p,diana_microt,Tier_B,Bioinformatic prediction (multiMiR),predicted
INHBA,hsa-miR-1248,diana_microt,Tier_B,Bioinformatic prediction (multiMiR),predicted
FN1,hsa-miR-4753-3p,diana_microt,Tier_B,Bioinformatic prediction (multiMiR),predicted
FN1,hsa-miR-143-5p,diana_microt,Tier_B,Bioinformatic prediction (multiMiR),predicted
EDIL3,hsa-miR-5688,diana_microt,Tier_B,Bioinformatic prediction (multiMiR),predicted
ISM1,hsa-miR-548f-3p,diana_microt,Tier_B,Bioinformatic prediction (multiMiR),predicted
COL11A1,hsa-miR-3941,diana_microt,Tier_B,Bioinformatic prediction (multiMiR),predicted
FN1,hsa-miR-375-3p,diana_microt,Tier_B,Bioinformatic prediction (multiMiR),predicted
FN1,hsa-miR-558,diana_microt,Tier_B,Bioinformatic prediction (multiMiR),predicted
INHBA,hsa-miR-4698,diana_microt,Tier_B,Bioinformatic prediction (multiMiR),predicted
LOX,hsa-miR-557,diana_microt,Tier_B,Bioinformatic prediction (multiMiR),predicted
COL3A1,hsa-miR-4795-3p,diana_microt,Tier_B,Bioinformatic prediction (multiMiR),predicted
FN1,hsa-miR-4701-5p,diana_microt,Tier_B,Bioinformatic prediction (multiMiR),predicted
INHBA,hsa-miR-491-3p,diana_microt,Tier_B,Bioinformatic prediction (multiMiR),predicted
INHBA,hsa-miR-5696,diana_microt,Tier_B,Bioinformatic prediction (multiMiR),predicted
EDIL3,hsa-miR-4736,diana_microt,Tier_B,Bioinformatic prediction (multiMiR),predicted
VCAN,hsa-miR-1237-3p,diana_microt,Tier_B,Bioinformatic prediction (multiMiR),predicted
VCAN,hsa-miR-3682-5p,diana_microt,Tier_B,Bioinformatic prediction (multiMiR),predicted
COL11A1,hsa-miR-5590-3p,diana_microt,Tier_B,Bioinformatic prediction (multiMiR),predicted
FN1,hsa-miR-182-5p,diana_microt,Tier_B,Bioinformatic prediction (multiMiR),predicted
FN1,hsa-miR-377-3p,diana_microt,Tier_B,Bioinformatic prediction (multiMiR),predicted
FN1,hsa-miR-3160-3p,diana_microt,Tier_B,Bioinformatic prediction (multiMiR),predicted
LOX,hsa-miR-3139,diana_microt,Tier_B,Bioinformatic prediction (multiMiR),predicted
LOX,hsa-miR-4317,diana_microt,Tier_B,Bioinformatic prediction (multiMiR),predicted
LOX,hsa-miR-5096,diana_microt,Tier_B,Bioinformatic prediction (multiMiR),predicted
LOX,hsa-miR-31-3p,diana_microt,Tier_B,Bioinformatic prediction (multiMiR),predicted
FN1,hsa-miR-548au-3p,diana_microt,Tier_B,Bioinformatic prediction (multiMiR),predicted
EDIL3,hsa-miR-4763-3p,diana_microt,Tier_B,Bioinformatic prediction (multiMiR),predicted
COMP,hsa-miR-1225-3p,diana_microt,Tier_B,Bioinformatic prediction (multiMiR),predicted
VCAN,hsa-miR-570-3p,diana_microt,Tier_B,Bioinformatic prediction (multiMiR),predicted
ISM1,hsa-miR-130a-5p,diana_microt,Tier_B,Bioinformatic prediction (multiMiR),predicted
LOX,hsa-miR-30a-5p,elmmo,Tier_B,Bioinformatic prediction (multiMiR),predicted
LOX,hsa-miR-30e-5p,elmmo,Tier_B,Bioinformatic prediction (multiMiR),predicted
LOX,hsa-miR-30c-5p,elmmo,Tier_B,Bioinformatic prediction (multiMiR),predicted
LOX,hsa-miR-30d-5p,elmmo,Tier_B,Bioinformatic prediction (multiMiR),predicted
LOX,hsa-miR-30b-5p,elmmo,Tier_B,Bioinformatic prediction (multiMiR),predicted
VCAN,hsa-miR-124-3p,elmmo,Tier_B,Bioinformatic prediction (multiMiR),predicted
VCAN,hsa-miR-506-3p,elmmo,Tier_B,Bioinformatic prediction (multiMiR),predicted
COL3A1,hsa-let-7b-5p,elmmo,Tier_B,Bioinformatic prediction (multiMiR),predicted
COL3A1,hsa-let-7e-5p,elmmo,Tier_B,Bioinformatic prediction (multiMiR),predicted
COL3A1,hsa-let-7a-5p,elmmo,Tier_B,Bioinformatic prediction (multiMiR),predicted
COL3A1,hsa-let-7g-5p,elmmo,Tier_B,Bioinformatic prediction (multiMiR),predicted
COL3A1,hsa-let-7i-5p,elmmo,Tier_B,Bioinformatic prediction (multiMiR),predicted
COL3A1,hsa-miR-98-5p,elmmo,Tier_B,Bioinformatic prediction (multiMiR),predicted
COL3A1,hsa-let-7f-5p,elmmo,Tier_B,Bioinformatic prediction (multiMiR),predicted
COL3A1,hsa-let-7c-5p,elmmo,Tier_B,Bioinformatic prediction (multiMiR),predicted
VCAN,hsa-miR-9-5p,elmmo,Tier_B,Bioinformatic prediction (multiMiR),predicted
COL3A1,hsa-miR-29b-3p,elmmo,Tier_B,Bioinformatic prediction (multiMiR),predicted
COL3A1,hsa-miR-29a-3p,elmmo,Tier_B,Bioinformatic prediction (multiMiR),predicted
COL3A1,hsa-miR-29c-3p,elmmo,Tier_B,Bioinformatic prediction (multiMiR),predicted
COL11A1,hsa-let-7a-2-3p,elmmo,Tier_B,Bioinformatic prediction (multiMiR),predicted
COL11A1,hsa-let-7g-3p,elmmo,Tier_B,Bioinformatic prediction (multiMiR),predicted
COL11A1,hsa-miR-29b-3p,elmmo,Tier_B,Bioinformatic prediction (multiMiR),predicted
COL11A1,hsa-miR-29a-3p,elmmo,Tier_B,Bioinformatic prediction (multiMiR),predicted
COL11A1,hsa-miR-29c-3p,elmmo,Tier_B,Bioinformatic prediction (multiMiR),predicted
LOX,hsa-miR-29b-3p,elmmo,Tier_B,Bioinformatic prediction (multiMiR),predicted
LOX,hsa-miR-29a-3p,elmmo,Tier_B,Bioinformatic prediction (multiMiR),predicted
LOX,hsa-miR-29c-3p,elmmo,Tier_B,Bioinformatic prediction (multiMiR),predicted
EDIL3,hsa-miR-137-3p,elmmo,Tier_B,Bioinformatic prediction (multiMiR),predicted
VCAN,hsa-let-7b-3p,elmmo,Tier_B,Bioinformatic prediction (multiMiR),predicted
VCAN,hsa-let-7a-3p,elmmo,Tier_B,Bioinformatic prediction (multiMiR),predicted
VCAN,hsa-let-7f-1-3p,elmmo,Tier_B,Bioinformatic prediction (multiMiR),predicted
COL3A1,hsa-let-7d-5p,elmmo,Tier_B,Bioinformatic prediction (multiMiR),predicted
VCAN,hsa-miR-181b-5p,elmmo,Tier_B,Bioinformatic prediction (multiMiR),predicted
VCAN,hsa-miR-181a-5p,elmmo,Tier_B,Bioinformatic prediction (multiMiR),predicted
VCAN,hsa-miR-181c-5p,elmmo,Tier_B,Bioinformatic prediction (multiMiR),predicted
VCAN,hsa-miR-181d-5p,elmmo,Tier_B,Bioinformatic prediction (multiMiR),predicted
FN1,hsa-miR-144-3p,elmmo,Tier_B,Bioinformatic prediction (multiMiR),predicted
VCAN,hsa-miR-4262,elmmo,Tier_B,Bioinformatic prediction (multiMiR),predicted
COL11A1,hsa-miR-26a-5p,elmmo,Tier_B,Bioinformatic prediction (multiMiR),predicted
COL11A1,hsa-miR-26b-5p,elmmo,Tier_B,Bioinformatic prediction (multiMiR),predicted
COL11A1,hsa-miR-1297,elmmo,Tier_B,Bioinformatic prediction (multiMiR),predicted
COL11A1,hsa-miR-137-3p,elmmo,Tier_B,Bioinformatic prediction (multiMiR),predicted
FN1,hsa-miR-101-3p,elmmo,Tier_B,Bioinformatic prediction (multiMiR),predicted
VCAN,hsa-miR-135a-5p,elmmo,Tier_B,Bioinformatic prediction (multiMiR),predicted
VCAN,hsa-miR-135b-5p,elmmo,Tier_B,Bioinformatic prediction (multiMiR),predicted
VCAN,hsa-miR-340-5p,elmmo,Tier_B,Bioinformatic prediction (multiMiR),predicted
LOX,hsa-miR-27b-3p,elmmo,Tier_B,Bioinformatic prediction (multiMiR),predicted
LOX,hsa-miR-27a-3p,elmmo,Tier_B,Bioinformatic prediction (multiMiR),predicted
COL11A1,hsa-let-7b-3p,elmmo,Tier_B,Bioinformatic prediction (multiMiR),predicted
COL11A1,hsa-let-7a-3p,elmmo,Tier_B,Bioinformatic prediction (multiMiR),predicted
COL11A1,hsa-let-7f-1-3p,elmmo,Tier_B,Bioinformatic prediction (multiMiR),predicted
COL11A1,hsa-miR-202-3p,elmmo,Tier_B,Bioinformatic prediction (multiMiR),predicted
VCAN,hsa-miR-3910,elmmo,Tier_B,Bioinformatic prediction (multiMiR),predicted
INHBA,hsa-miR-135a-5p,elmmo,Tier_B,Bioinformatic prediction (multiMiR),predicted
INHBA,hsa-miR-135b-5p,elmmo,Tier_B,Bioinformatic prediction (multiMiR),predicted
FN1,hsa-miR-3163,elmmo,Tier_B,Bioinformatic prediction (multiMiR),predicted
VCAN,hsa-miR-3163,elmmo,Tier_B,Bioinformatic prediction (multiMiR),predicted
FN1,hsa-miR-200b-3p,elmmo,Tier_B,Bioinformatic prediction (multiMiR),predicted
FN1,hsa-miR-96-5p,elmmo,Tier_B,Bioinformatic prediction (multiMiR),predicted
FN1,hsa-miR-429,elmmo,Tier_B,Bioinformatic prediction (multiMiR),predicted
FN1,hsa-miR-200c-3p,elmmo,Tier_B,Bioinformatic prediction (multiMiR),predicted
FN1,hsa-miR-199a-3p,elmmo,Tier_B,Bioinformatic prediction (multiMiR),predicted
FN1,hsa-miR-199b-3p,elmmo,Tier_B,Bioinformatic prediction (multiMiR),predicted
FN1,hsa-miR-9-3p,elmmo,Tier_B,Bioinformatic prediction (multiMiR),predicted
VCAN,hsa-miR-103a-3p,elmmo,Tier_B,Bioinformatic prediction (multiMiR),predicted
VCAN,hsa-miR-107,elmmo,Tier_B,Bioinformatic prediction (multiMiR),predicted
LOX,hsa-let-7d-5p,elmmo,Tier_B,Bioinformatic prediction (multiMiR),predicted
COL11A1,hsa-miR-381-3p,elmmo,Tier_B,Bioinformatic prediction (multiMiR),predicted
COL11A1,hsa-miR-300,elmmo,Tier_B,Bioinformatic prediction (multiMiR),predicted
VCAN,hsa-miR-130a-5p,elmmo,Tier_B,Bioinformatic prediction (multiMiR),predicted
FN1,hsa-miR-182-5p,elmmo,Tier_B,Bioinformatic prediction (multiMiR),predicted
VCAN,hsa-let-7f-2-3p,elmmo,Tier_B,Bioinformatic prediction (multiMiR),predicted
VCAN,hsa-miR-23a-3p,elmmo,Tier_B,Bioinformatic prediction (multiMiR),predicted
VCAN,hsa-miR-23b-3p,elmmo,Tier_B,Bioinformatic prediction (multiMiR),predicted
VCAN,hsa-miR-381-3p,elmmo,Tier_B,Bioinformatic prediction (multiMiR),predicted
VCAN,hsa-miR-300,elmmo,Tier_B,Bioinformatic prediction (multiMiR),predicted
VCAN,hsa-miR-23c,elmmo,Tier_B,Bioinformatic prediction (multiMiR),predicted
COL3A1,hsa-miR-381-3p,elmmo,Tier_B,Bioinformatic prediction (multiMiR),predicted
COL3A1,hsa-miR-300,elmmo,Tier_B,Bioinformatic prediction (multiMiR),predicted
VCAN,hsa-miR-33a-5p,elmmo,Tier_B,Bioinformatic prediction (multiMiR),predicted
VCAN,hsa-miR-33b-5p,elmmo,Tier_B,Bioinformatic prediction (multiMiR),predicted
COL11A1,hsa-miR-543,elmmo,Tier_B,Bioinformatic prediction (multiMiR),predicted
VCAN,hsa-miR-543,elmmo,Tier_B,Bioinformatic prediction (multiMiR),predicted
LOX,hsa-miR-4262,elmmo,Tier_B,Bioinformatic prediction (multiMiR),predicted
COL11A1,hsa-miR-524-5p,elmmo,Tier_B,Bioinformatic prediction (multiMiR),predicted
COL11A1,hsa-miR-520d-5p,elmmo,Tier_B,Bioinformatic prediction (multiMiR),predicted
VCAN,hsa-miR-524-5p,elmmo,Tier_B,Bioinformatic prediction (multiMiR),predicted
VCAN,hsa-miR-520d-5p,elmmo,Tier_B,Bioinformatic prediction (multiMiR),predicted
COL11A1,hsa-miR-3910,elmmo,Tier_B,Bioinformatic prediction (multiMiR),predicted
LOX,hsa-miR-181b-5p,elmmo,Tier_B,Bioinformatic prediction (multiMiR),predicted
LOX,hsa-miR-181a-5p,elmmo,Tier_B,Bioinformatic prediction (multiMiR),predicted
LOX,hsa-miR-181c-5p,elmmo,Tier_B,Bioinformatic prediction (multiMiR),predicted
LOX,hsa-miR-181d-5p,elmmo,Tier_B,Bioinformatic prediction (multiMiR),predicted
VCAN,hsa-miR-101-3p,elmmo,Tier_B,Bioinformatic prediction (multiMiR),predicted
ISM1,hsa-miR-3163,elmmo,Tier_B,Bioinformatic prediction (multiMiR),predicted
LOX,hsa-miR-128-3p,elmmo,Tier_B,Bioinformatic prediction (multiMiR),predicted
VCAN,hsa-miR-3121-3p,elmmo,Tier_B,Bioinformatic prediction (multiMiR),predicted
COL11A1,hsa-miR-3671,elmmo,Tier_B,Bioinformatic prediction (multiMiR),predicted
VCAN,hsa-miR-4310,elmmo,Tier_B,Bioinformatic prediction (multiMiR),predicted
VCAN,hsa-miR-144-3p,elmmo,Tier_B,Bioinformatic prediction (multiMiR),predicted
ISM1,hsa-miR-130a-5p,elmmo,Tier_B,Bioinformatic prediction (multiMiR),predicted
ISM1,hsa-miR-519c-3p,elmmo,Tier_B,Bioinformatic prediction (multiMiR),predicted
ISM1,hsa-miR-519b-3p,elmmo,Tier_B,Bioinformatic prediction (multiMiR),predicted
ISM1,hsa-miR-519a-3p,elmmo,Tier_B,Bioinformatic prediction (multiMiR),predicted
COL11A1,hsa-let-7b-5p,elmmo,Tier_B,Bioinformatic prediction (multiMiR),predicted
COL11A1,hsa-let-7e-5p,elmmo,Tier_B,Bioinformatic prediction (multiMiR),predicted
COL11A1,hsa-let-7a-5p,elmmo,Tier_B,Bioinformatic prediction (multiMiR),predicted
COL11A1,hsa-let-7g-5p,elmmo,Tier_B,Bioinformatic prediction (multiMiR),predicted
COL11A1,hsa-let-7i-5p,elmmo,Tier_B,Bioinformatic prediction (multiMiR),predicted
COL11A1,hsa-miR-98-5p,elmmo,Tier_B,Bioinformatic prediction (multiMiR),predicted
COL11A1,hsa-let-7f-5p,elmmo,Tier_B,Bioinformatic prediction (multiMiR),predicted
COL11A1,hsa-let-7c-5p,elmmo,Tier_B,Bioinformatic prediction (multiMiR),predicted
LOX,hsa-miR-513a-5p,elmmo,Tier_B,Bioinformatic prediction (multiMiR),predicted
LOX,hsa-miR-145-5p,elmmo,Tier_B,Bioinformatic prediction (multiMiR),predicted
LOX,hsa-miR-202-3p,elmmo,Tier_B,Bioinformatic prediction (multiMiR),predicted
ISM1,hsa-miR-23a-3p,elmmo,Tier_B,Bioinformatic prediction (multiMiR),predicted
ISM1,hsa-miR-23b-3p,elmmo,Tier_B,Bioinformatic prediction (multiMiR),predicted
ISM1,hsa-miR-23c,elmmo,Tier_B,Bioinformatic prediction (multiMiR),predicted
VCAN,hsa-miR-1284,elmmo,Tier_B,Bioinformatic prediction (multiMiR),predicted
COL3A1,hsa-miR-196a-5p,elmmo,Tier_B,Bioinformatic prediction (multiMiR),predicted
COL3A1,hsa-miR-196b-5p,elmmo,Tier_B,Bioinformatic prediction (multiMiR),predicted
ISM1,hsa-miR-520c-3p,elmmo,Tier_B,Bioinformatic prediction (multiMiR),predicted
ISM1,hsa-miR-520a-3p,elmmo,Tier_B,Bioinformatic prediction (multiMiR),predicted
ISM1,hsa-miR-520d-3p,elmmo,Tier_B,Bioinformatic prediction (multiMiR),predicted
ISM1,hsa-miR-372-3p,elmmo,Tier_B,Bioinformatic prediction (multiMiR),predicted
ISM1,hsa-miR-520b-3p,elmmo,Tier_B,Bioinformatic prediction (multiMiR),predicted
ISM1,hsa-miR-520e-3p,elmmo,Tier_B,Bioinformatic prediction (multiMiR),predicted
EDIL3,hsa-miR-450b-5p,elmmo,Tier_B,Bioinformatic prediction (multiMiR),predicted
LOX,hsa-miR-200b-3p,elmmo,Tier_B,Bioinformatic prediction (multiMiR),predicted
LOX,hsa-miR-429,elmmo,Tier_B,Bioinformatic prediction (multiMiR),predicted
LOX,hsa-miR-200c-3p,elmmo,Tier_B,Bioinformatic prediction (multiMiR),predicted
ISM1,hsa-miR-20a-5p,elmmo,Tier_B,Bioinformatic prediction (multiMiR),predicted
ISM1,hsa-miR-106b-5p,elmmo,Tier_B,Bioinformatic prediction (multiMiR),predicted
COL11A1,hsa-miR-3163,elmmo,Tier_B,Bioinformatic prediction (multiMiR),predicted
COL11A1,hsa-miR-144-3p,elmmo,Tier_B,Bioinformatic prediction (multiMiR),predicted
COL11A1,hsa-miR-9-3p,elmmo,Tier_B,Bioinformatic prediction (multiMiR),predicted
EDIL3,hsa-miR-507,elmmo,Tier_B,Bioinformatic prediction (multiMiR),predicted
LOX,hsa-miR-3910,elmmo,Tier_B,Bioinformatic prediction (multiMiR),predicted
EDIL3,hsa-miR-3671,elmmo,Tier_B,Bioinformatic prediction (multiMiR),predicted
EDIL3,hsa-miR-3910,elmmo,Tier_B,Bioinformatic prediction (multiMiR),predicted
COL11A1,hsa-miR-32-3p,elmmo,Tier_B,Bioinformatic prediction (multiMiR),predicted
LOX,hsa-miR-218-5p,elmmo,Tier_B,Bioinformatic prediction (multiMiR),predicted
ISM1,hsa-miR-17-5p,elmmo,Tier_B,Bioinformatic prediction (multiMiR),predicted
ISM1,hsa-miR-93-5p,elmmo,Tier_B,Bioinformatic prediction (multiMiR),predicted
ISM1,hsa-miR-20b-5p,elmmo,Tier_B,Bioinformatic prediction (multiMiR),predicted
ISM1,hsa-miR-519d-3p,elmmo,Tier_B,Bioinformatic prediction (multiMiR),predicted
COL11A1,hsa-miR-302c-5p,elmmo,Tier_B,Bioinformatic prediction (multiMiR),predicted
COL11A1,hsa-miR-767-5p,elmmo,Tier_B,Bioinformatic prediction (multiMiR),predicted
COL11A1,hsa-miR-374c-5p,elmmo,Tier_B,Bioinformatic prediction (multiMiR),predicted
COL11A1,hsa-miR-655-3p,elmmo,Tier_B,Bioinformatic prediction (multiMiR),predicted
FN1,hsa-miR-27b-3p,elmmo,Tier_B,Bioinformatic prediction (multiMiR),predicted
FN1,hsa-miR-27a-3p,elmmo,Tier_B,Bioinformatic prediction (multiMiR),predicted
ISM1,hsa-miR-548c-3p,elmmo,Tier_B,Bioinformatic prediction (multiMiR),predicted
ISM1,hsa-miR-106a-5p,elmmo,Tier_B,Bioinformatic prediction (multiMiR),predicted
COL3A1,hsa-miR-1179,elmmo,Tier_B,Bioinformatic prediction (multiMiR),predicted
VCAN,hsa-miR-1179,elmmo,Tier_B,Bioinformatic prediction (multiMiR),predicted
ISM1,hsa-miR-450b-5p,elmmo,Tier_B,Bioinformatic prediction (multiMiR),predicted
FN1,hsa-miR-206,elmmo,Tier_B,Bioinformatic prediction (multiMiR),predicted
FN1,hsa-miR-1-3p,elmmo,Tier_B,Bioinformatic prediction (multiMiR),predicted
LOX,hsa-miR-3065-3p,elmmo,Tier_B,Bioinformatic prediction (multiMiR),predicted
VCAN,hsa-miR-4272,elmmo,Tier_B,Bioinformatic prediction (multiMiR),predicted
VCAN,hsa-miR-548c-3p,elmmo,Tier_B,Bioinformatic prediction (multiMiR),predicted
VCAN,hsa-miR-646,elmmo,Tier_B,Bioinformatic prediction (multiMiR),predicted
VCAN,hsa-miR-513b-5p,elmmo,Tier_B,Bioinformatic prediction (multiMiR),predicted
INHBA,hsa-miR-3119,elmmo,Tier_B,Bioinformatic prediction (multiMiR),predicted
LOX,hsa-miR-199a-3p,elmmo,Tier_B,Bioinformatic prediction (multiMiR),predicted
LOX,hsa-miR-199b-3p,elmmo,Tier_B,Bioinformatic prediction (multiMiR),predicted
ISM1,hsa-miR-526b-3p,elmmo,Tier_B,Bioinformatic prediction (multiMiR),predicted
VCAN,hsa-miR-203a-3p,elmmo,Tier_B,Bioinformatic prediction (multiMiR),predicted
VCAN,hsa-miR-27b-3p,elmmo,Tier_B,Bioinformatic prediction (multiMiR),predicted
VCAN,hsa-miR-27a-3p,elmmo,Tier_B,Bioinformatic prediction (multiMiR),predicted
LOX,hsa-miR-3658,elmmo,Tier_B,Bioinformatic prediction (multiMiR),predicted
LOX,hsa-miR-551b-5p,elmmo,Tier_B,Bioinformatic prediction (multiMiR),predicted
EDIL3,hsa-miR-551b-5p,elmmo,Tier_B,Bioinformatic prediction (multiMiR),predicted
ISM1,hsa-miR-302d-3p,elmmo,Tier_B,Bioinformatic prediction (multiMiR),predicted
ISM1,hsa-miR-302a-3p,elmmo,Tier_B,Bioinformatic prediction (multiMiR),predicted
ISM1,hsa-miR-302b-3p,elmmo,Tier_B,Bioinformatic prediction (multiMiR),predicted
ISM1,hsa-miR-302c-3p,elmmo,Tier_B,Bioinformatic prediction (multiMiR),predicted
ISM1,hsa-miR-302e,elmmo,Tier_B,Bioinformatic prediction (multiMiR),predicted
FN1,hsa-miR-1271-5p,elmmo,Tier_B,Bioinformatic prediction (multiMiR),predicted
COL3A1,hsa-miR-548p,elmmo,Tier_B,Bioinformatic prediction (multiMiR),predicted
VCAN,hsa-miR-302c-5p,elmmo,Tier_B,Bioinformatic prediction (multiMiR),predicted
ISM1,hsa-miR-520f-3p,elmmo,Tier_B,Bioinformatic prediction (multiMiR),predicted
COL11A1,hsa-miR-335-3p,elmmo,Tier_B,Bioinformatic prediction (multiMiR),predicted
COL11A1,hsa-miR-944,elmmo,Tier_B,Bioinformatic prediction (multiMiR),predicted
FN1,hsa-miR-145-5p,elmmo,Tier_B,Bioinformatic prediction (multiMiR),predicted
LOX,hsa-miR-944,elmmo,Tier_B,Bioinformatic prediction (multiMiR),predicted
COL11A1,hsa-miR-3065-3p,elmmo,Tier_B,Bioinformatic prediction (multiMiR),predicted
VCAN,hsa-miR-522-3p,elmmo,Tier_B,Bioinformatic prediction (multiMiR),predicted
VCAN,hsa-miR-224-3p,elmmo,Tier_B,Bioinformatic prediction (multiMiR),predicted
FN1,hsa-miR-613,elmmo,Tier_B,Bioinformatic prediction (multiMiR),predicted
VCAN,hsa-miR-199a-3p,elmmo,Tier_B,Bioinformatic prediction (multiMiR),predicted
VCAN,hsa-miR-199b-3p,elmmo,Tier_B,Bioinformatic prediction (multiMiR),predicted
VCAN,hsa-miR-141-3p,elmmo,Tier_B,Bioinformatic prediction (multiMiR),predicted
VCAN,hsa-miR-200a-3p,elmmo,Tier_B,Bioinformatic prediction (multiMiR),predicted
COL3A1,hsa-miR-128-3p,elmmo,Tier_B,Bioinformatic prediction (multiMiR),predicted
VCAN,hsa-miR-579-3p,elmmo,Tier_B,Bioinformatic prediction (multiMiR),predicted
FN1,hsa-miR-4328,elmmo,Tier_B,Bioinformatic prediction (multiMiR),predicted
LOX,hsa-miR-607,elmmo,Tier_B,Bioinformatic prediction (multiMiR),predicted
VCAN,hsa-miR-335-3p,elmmo,Tier_B,Bioinformatic prediction (multiMiR),predicted
VCAN,hsa-miR-607,elmmo,Tier_B,Bioinformatic prediction (multiMiR),predicted
COL3A1,hsa-miR-186-5p,elmmo,Tier_B,Bioinformatic prediction (multiMiR),predicted
FN1,hsa-miR-3658,elmmo,Tier_B,Bioinformatic prediction (multiMiR),predicted
LOX,hsa-miR-26a-5p,elmmo,Tier_B,Bioinformatic prediction (multiMiR),predicted
LOX,hsa-miR-26b-5p,elmmo,Tier_B,Bioinformatic prediction (multiMiR),predicted
LOX,hsa-miR-1297,elmmo,Tier_B,Bioinformatic prediction (multiMiR),predicted
COL11A1,hsa-miR-522-3p,elmmo,Tier_B,Bioinformatic prediction (multiMiR),predicted
COL11A1,hsa-miR-224-3p,elmmo,Tier_B,Bioinformatic prediction (multiMiR),predicted
LOX,hsa-miR-636,elmmo,Tier_B,Bioinformatic prediction (multiMiR),predicted
LOX,hsa-miR-3680-3p,elmmo,Tier_B,Bioinformatic prediction (multiMiR),predicted
ISM1,hsa-miR-3680-3p,elmmo,Tier_B,Bioinformatic prediction (multiMiR),predicted
ISM1,hsa-miR-3613-3p,elmmo,Tier_B,Bioinformatic prediction (multiMiR),predicted
VCAN,hsa-miR-497-3p,elmmo,Tier_B,Bioinformatic prediction (multiMiR),predicted
COL8A1,hsa-miR-493-5p,elmmo,Tier_B,Bioinformatic prediction (multiMiR),predicted
COL11A1,hsa-miR-410-3p,elmmo,Tier_B,Bioinformatic prediction (multiMiR),predicted
INHBA,hsa-miR-205-5p,elmmo,Tier_B,Bioinformatic prediction (multiMiR),predicted
COL11A1,hsa-miR-548a-3p,elmmo,Tier_B,Bioinformatic prediction (multiMiR),predicted
COL3A1,hsa-miR-4255,elmmo,Tier_B,Bioinformatic prediction (multiMiR),predicted
EDIL3,hsa-miR-186-5p,elmmo,Tier_B,Bioinformatic prediction (multiMiR),predicted
EDIL3,hsa-miR-335-3p,elmmo,Tier_B,Bioinformatic prediction (multiMiR),predicted
COL8A1,hsa-miR-335-3p,elmmo,Tier_B,Bioinformatic prediction (multiMiR),predicted
VCAN,hsa-miR-3133,elmmo,Tier_B,Bioinformatic prediction (multiMiR),predicted
EDIL3,hsa-miR-548c-3p,elmmo,Tier_B,Bioinformatic prediction (multiMiR),predicted
ISM1,hsa-miR-373-3p,elmmo,Tier_B,Bioinformatic prediction (multiMiR),predicted
COL3A1,hsa-miR-205-3p,elmmo,Tier_B,Bioinformatic prediction (multiMiR),predicted
COL11A1,hsa-miR-205-3p,elmmo,Tier_B,Bioinformatic prediction (multiMiR),predicted
VCAN,hsa-miR-126-5p,elmmo,Tier_B,Bioinformatic prediction (multiMiR),predicted
VCAN,hsa-miR-495-3p,elmmo,Tier_B,Bioinformatic prediction (multiMiR),predicted
FN1,hsa-miR-105-5p,elmmo,Tier_B,Bioinformatic prediction (multiMiR),predicted
ISM1,hsa-miR-548a-3p,elmmo,Tier_B,Bioinformatic prediction (multiMiR),predicted
INHBA,hsa-miR-519c-3p,elmmo,Tier_B,Bioinformatic prediction (multiMiR),predicted
INHBA,hsa-miR-519b-3p,elmmo,Tier_B,Bioinformatic prediction (multiMiR),predicted
INHBA,hsa-miR-519a-3p,elmmo,Tier_B,Bioinformatic prediction (multiMiR),predicted
ISM1,hsa-miR-381-3p,elmmo,Tier_B,Bioinformatic prediction (multiMiR),predicted
ISM1,hsa-let-7b-3p,elmmo,Tier_B,Bioinformatic prediction (multiMiR),predicted
ISM1,hsa-let-7a-3p,elmmo,Tier_B,Bioinformatic prediction (multiMiR),predicted
ISM1,hsa-let-7f-1-3p,elmmo,Tier_B,Bioinformatic prediction (multiMiR),predicted
ISM1,hsa-miR-300,elmmo,Tier_B,Bioinformatic prediction (multiMiR),predicted
COL3A1,hsa-miR-524-5p,elmmo,Tier_B,Bioinformatic prediction (multiMiR),predicted
COL3A1,hsa-miR-520d-5p,elmmo,Tier_B,Bioinformatic prediction (multiMiR),predicted
VCAN,hsa-miR-606,elmmo,Tier_B,Bioinformatic prediction (multiMiR),predicted
COL11A1,hsa-miR-369-3p,elmmo,Tier_B,Bioinformatic prediction (multiMiR),predicted
LOX,hsa-miR-375-3p,elmmo,Tier_B,Bioinformatic prediction (multiMiR),predicted
LOX,hsa-miR-450b-5p,elmmo,Tier_B,Bioinformatic prediction (multiMiR),predicted
VCAN,hsa-miR-3613-3p,elmmo,Tier_B,Bioinformatic prediction (multiMiR),predicted
LOX,hsa-miR-186-5p,elmmo,Tier_B,Bioinformatic prediction (multiMiR),predicted
COL11A1,hsa-miR-186-5p,elmmo,Tier_B,Bioinformatic prediction (multiMiR),predicted
VCAN,hsa-miR-186-5p,elmmo,Tier_B,Bioinformatic prediction (multiMiR),predicted
COL11A1,hsa-miR-1264,elmmo,Tier_B,Bioinformatic prediction (multiMiR),predicted
LOX,hsa-miR-23a-3p,elmmo,Tier_B,Bioinformatic prediction (multiMiR),predicted
LOX,hsa-miR-23b-3p,elmmo,Tier_B,Bioinformatic prediction (multiMiR),predicted
LOX,hsa-miR-9-3p,elmmo,Tier_B,Bioinformatic prediction (multiMiR),predicted
LOX,hsa-miR-23c,elmmo,Tier_B,Bioinformatic prediction (multiMiR),predicted
EDIL3,hsa-miR-3662,elmmo,Tier_B,Bioinformatic prediction (multiMiR),predicted
VCAN,hsa-miR-4263,elmmo,Tier_B,Bioinformatic prediction (multiMiR),predicted
FN1,hsa-miR-320d,elmmo,Tier_B,Bioinformatic prediction (multiMiR),predicted
FN1,hsa-miR-320b,elmmo,Tier_B,Bioinformatic prediction (multiMiR),predicted
FN1,hsa-miR-320c,elmmo,Tier_B,Bioinformatic prediction (multiMiR),predicted
FN1,hsa-miR-320a-3p,elmmo,Tier_B,Bioinformatic prediction (multiMiR),predicted
COL3A1,hsa-miR-944,elmmo,Tier_B,Bioinformatic prediction (multiMiR),predicted
COL11A1,hsa-miR-203a-3p,elmmo,Tier_B,Bioinformatic prediction (multiMiR),predicted
COL8A1,hsa-miR-410-3p,elmmo,Tier_B,Bioinformatic prediction (multiMiR),predicted
ISM1,hsa-miR-204-5p,elmmo,Tier_B,Bioinformatic prediction (multiMiR),predicted
ISM1,hsa-miR-211-5p,elmmo,Tier_B,Bioinformatic prediction (multiMiR),predicted
COL3A1,hsa-miR-576-5p,elmmo,Tier_B,Bioinformatic prediction (multiMiR),predicted
COL11A1,hsa-miR-545-3p,elmmo,Tier_B,Bioinformatic prediction (multiMiR),predicted
COL11A1,hsa-miR-587,elmmo,Tier_B,Bioinformatic prediction (multiMiR),predicted
COL11A1,hsa-miR-656-3p,elmmo,Tier_B,Bioinformatic prediction (multiMiR),predicted
LOX,hsa-miR-29b-2-5p,elmmo,Tier_B,Bioinformatic prediction (multiMiR),predicted
LOX,hsa-miR-587,elmmo,Tier_B,Bioinformatic prediction (multiMiR),predicted
VCAN,hsa-miR-587,elmmo,Tier_B,Bioinformatic prediction (multiMiR),predicted
LOX,hsa-miR-1244,elmmo,Tier_B,Bioinformatic prediction (multiMiR),predicted
VCAN,hsa-miR-3662,elmmo,Tier_B,Bioinformatic prediction (multiMiR),predicted
COL11A1,hsa-miR-548c-3p,elmmo,Tier_B,Bioinformatic prediction (multiMiR),predicted
ISM1,hsa-miR-548x-3p,elmmo,Tier_B,Bioinformatic prediction (multiMiR),predicted
COL11A1,hsa-miR-4291,elmmo,Tier_B,Bioinformatic prediction (multiMiR),predicted
FN1,hsa-miR-320e,elmmo,Tier_B,Bioinformatic prediction (multiMiR),predicted
LOX,hsa-miR-205-3p,elmmo,Tier_B,Bioinformatic prediction (multiMiR),predicted
LOX,hsa-miR-3714,elmmo,Tier_B,Bioinformatic prediction (multiMiR),predicted
VCAN,hsa-miR-569,elmmo,Tier_B,Bioinformatic prediction (multiMiR),predicted
COL11A1,hsa-miR-141-3p,elmmo,Tier_B,Bioinformatic prediction (multiMiR),predicted
COL11A1,hsa-miR-200a-3p,elmmo,Tier_B,Bioinformatic prediction (multiMiR),predicted
EDIL3,hsa-miR-320d,elmmo,Tier_B,Bioinformatic prediction (multiMiR),predicted
EDIL3,hsa-miR-320b,elmmo,Tier_B,Bioinformatic prediction (multiMiR),predicted
EDIL3,hsa-miR-320c,elmmo,Tier_B,Bioinformatic prediction (multiMiR),predicted
EDIL3,hsa-miR-320a-3p,elmmo,Tier_B,Bioinformatic prediction (multiMiR),predicted
LOX,hsa-miR-876-5p,elmmo,Tier_B,Bioinformatic prediction (multiMiR),predicted
EDIL3,hsa-miR-4255,elmmo,Tier_B,Bioinformatic prediction (multiMiR),predicted
COL11A1,hsa-miR-1323,elmmo,Tier_B,Bioinformatic prediction (multiMiR),predicted
VCAN,hsa-miR-1323,elmmo,Tier_B,Bioinformatic prediction (multiMiR),predicted
COL3A1,hsa-miR-100-3p,elmmo,Tier_B,Bioinformatic prediction (multiMiR),predicted
LOX,hsa-miR-513a-3p,elmmo,Tier_B,Bioinformatic prediction (multiMiR),predicted
EDIL3,hsa-miR-513a-3p,elmmo,Tier_B,Bioinformatic prediction (multiMiR),predicted
VCAN,hsa-miR-513a-3p,elmmo,Tier_B,Bioinformatic prediction (multiMiR),predicted
LOX,hsa-miR-105-5p,elmmo,Tier_B,Bioinformatic prediction (multiMiR),predicted
INHBA,hsa-miR-520c-3p,elmmo,Tier_B,Bioinformatic prediction (multiMiR),predicted
INHBA,hsa-miR-520a-3p,elmmo,Tier_B,Bioinformatic prediction (multiMiR),predicted
INHBA,hsa-miR-520d-3p,elmmo,Tier_B,Bioinformatic prediction (multiMiR),predicted
INHBA,hsa-miR-372-3p,elmmo,Tier_B,Bioinformatic prediction (multiMiR),predicted
INHBA,hsa-miR-520b-3p,elmmo,Tier_B,Bioinformatic prediction (multiMiR),predicted
INHBA,hsa-miR-520e-3p,elmmo,Tier_B,Bioinformatic prediction (multiMiR),predicted
ISM1,hsa-miR-299-5p,elmmo,Tier_B,Bioinformatic prediction (multiMiR),predicted
ISM1,hsa-miR-512-3p,elmmo,Tier_B,Bioinformatic prediction (multiMiR),predicted
VCAN,hsa-miR-485-3p,elmmo,Tier_B,Bioinformatic prediction (multiMiR),predicted
VCAN,hsa-miR-545-3p,elmmo,Tier_B,Bioinformatic prediction (multiMiR),predicted
COL11A1,hsa-miR-3647-3p,elmmo,Tier_B,Bioinformatic prediction (multiMiR),predicted
LOX,hsa-miR-4282,elmmo,Tier_B,Bioinformatic prediction (multiMiR),predicted
COL11A1,hsa-miR-126-5p,elmmo,Tier_B,Bioinformatic prediction (multiMiR),predicted
COL11A1,hsa-miR-4282,elmmo,Tier_B,Bioinformatic prediction (multiMiR),predicted
VCAN,hsa-miR-4282,elmmo,Tier_B,Bioinformatic prediction (multiMiR),predicted
COL3A1,hsa-miR-3681-3p,elmmo,Tier_B,Bioinformatic prediction (multiMiR),predicted
LOX,hsa-miR-3662,elmmo,Tier_B,Bioinformatic prediction (multiMiR),predicted
VCAN,hsa-miR-128-3p,elmmo,Tier_B,Bioinformatic prediction (multiMiR),predicted
COL11A1,hsa-miR-4251,elmmo,Tier_B,Bioinformatic prediction (multiMiR),predicted
VCAN,hsa-miR-323a-3p,elmmo,Tier_B,Bioinformatic prediction (multiMiR),predicted
LOX,hsa-miR-1323,elmmo,Tier_B,Bioinformatic prediction (multiMiR),predicted
COL11A1,hsa-miR-3663-3p,elmmo,Tier_B,Bioinformatic prediction (multiMiR),predicted
COL11A1,hsa-miR-889-3p,elmmo,Tier_B,Bioinformatic prediction (multiMiR),predicted
COL3A1,hsa-miR-335-3p,elmmo,Tier_B,Bioinformatic prediction (multiMiR),predicted
EDIL3,hsa-miR-1298-5p,elmmo,Tier_B,Bioinformatic prediction (multiMiR),predicted
VCAN,hsa-miR-1298-5p,elmmo,Tier_B,Bioinformatic prediction (multiMiR),predicted
ISM1,hsa-miR-4328,elmmo,Tier_B,Bioinformatic prediction (multiMiR),predicted
COL3A1,hsa-miR-545-3p,elmmo,Tier_B,Bioinformatic prediction (multiMiR),predicted
COL11A1,hsa-miR-302a-5p,elmmo,Tier_B,Bioinformatic prediction (multiMiR),predicted
LOX,hsa-miR-513b-5p,elmmo,Tier_B,Bioinformatic prediction (multiMiR),predicted
VCAN,hsa-miR-494-3p,elmmo,Tier_B,Bioinformatic prediction (multiMiR),predicted
EDIL3,hsa-miR-548a-5p,elmmo,Tier_B,Bioinformatic prediction (multiMiR),predicted
EDIL3,hsa-miR-548b-5p,elmmo,Tier_B,Bioinformatic prediction (multiMiR),predicted
EDIL3,hsa-miR-548c-5p,elmmo,Tier_B,Bioinformatic prediction (multiMiR),predicted
EDIL3,hsa-miR-548d-5p,elmmo,Tier_B,Bioinformatic prediction (multiMiR),predicted
EDIL3,hsa-miR-548h-5p,elmmo,Tier_B,Bioinformatic prediction (multiMiR),predicted
EDIL3,hsa-miR-548i,elmmo,Tier_B,Bioinformatic prediction (multiMiR),predicted
EDIL3,hsa-miR-548w,elmmo,Tier_B,Bioinformatic prediction (multiMiR),predicted
EDIL3,hsa-miR-548y,elmmo,Tier_B,Bioinformatic prediction (multiMiR),predicted
EDIL3,hsa-miR-548j-5p,elmmo,Tier_B,Bioinformatic prediction (multiMiR),predicted
FN1,hsa-miR-3673,elmmo,Tier_B,Bioinformatic prediction (multiMiR),predicted
LOX,hsa-miR-374a-5p,elmmo,Tier_B,Bioinformatic prediction (multiMiR),predicted
LOX,hsa-miR-495-3p,elmmo,Tier_B,Bioinformatic prediction (multiMiR),predicted
COL11A1,hsa-miR-676-5p,elmmo,Tier_B,Bioinformatic prediction (multiMiR),predicted
VCAN,hsa-miR-455-5p,elmmo,Tier_B,Bioinformatic prediction (multiMiR),predicted
ISM1,hsa-miR-548g-3p,elmmo,Tier_B,Bioinformatic prediction (multiMiR),predicted
COL11A1,hsa-miR-1256,elmmo,Tier_B,Bioinformatic prediction (multiMiR),predicted
COL8A1,hsa-miR-876-5p,elmmo,Tier_B,Bioinformatic prediction (multiMiR),predicted
LOX,hsa-miR-3942-5p,elmmo,Tier_B,Bioinformatic prediction (multiMiR),predicted
EDIL3,hsa-miR-4328,elmmo,Tier_B,Bioinformatic prediction (multiMiR),predicted
VCAN,hsa-miR-513a-5p,elmmo,Tier_B,Bioinformatic prediction (multiMiR),predicted
COL8A1,hsa-miR-3942-5p,elmmo,Tier_B,Bioinformatic prediction (multiMiR),predicted
COL3A1,hsa-miR-548k,elmmo,Tier_B,Bioinformatic prediction (multiMiR),predicted
EDIL3,hsa-miR-548k,elmmo,Tier_B,Bioinformatic prediction (multiMiR),predicted
COL3A1,hsa-miR-3609,elmmo,Tier_B,Bioinformatic prediction (multiMiR),predicted
FN1,hsa-miR-3671,elmmo,Tier_B,Bioinformatic prediction (multiMiR),predicted
LOX,hsa-miR-3671,elmmo,Tier_B,Bioinformatic prediction (multiMiR),predicted
VCAN,hsa-miR-3671,elmmo,Tier_B,Bioinformatic prediction (multiMiR),predicted
ISM1,hsa-miR-224-5p,elmmo,Tier_B,Bioinformatic prediction (multiMiR),predicted
COL3A1,hsa-miR-3167,elmmo,Tier_B,Bioinformatic prediction (multiMiR),predicted
INHBA,hsa-miR-3167,elmmo,Tier_B,Bioinformatic prediction (multiMiR),predicted
LOX,hsa-miR-3167,elmmo,Tier_B,Bioinformatic prediction (multiMiR),predicted
VCAN,hsa-miR-3167,elmmo,Tier_B,Bioinformatic prediction (multiMiR),predicted
COL11A1,hsa-miR-340-5p,elmmo,Tier_B,Bioinformatic prediction (multiMiR),predicted
LOX,hsa-miR-302a-5p,elmmo,Tier_B,Bioinformatic prediction (multiMiR),predicted
EDIL3,hsa-miR-340-5p,elmmo,Tier_B,Bioinformatic prediction (multiMiR),predicted
LOX,hsa-miR-3647-3p,elmmo,Tier_B,Bioinformatic prediction (multiMiR),predicted
LOX,hsa-miR-126-5p,elmmo,Tier_B,Bioinformatic prediction (multiMiR),predicted
COL8A1,hsa-miR-579-3p,elmmo,Tier_B,Bioinformatic prediction (multiMiR),predicted
COL3A1,hsa-miR-876-5p,elmmo,Tier_B,Bioinformatic prediction (multiMiR),predicted
COL11A1,hsa-miR-3662,elmmo,Tier_B,Bioinformatic prediction (multiMiR),predicted
FN1,hsa-miR-3647-3p,elmmo,Tier_B,Bioinformatic prediction (multiMiR),predicted
COL11A1,hsa-miR-212-3p,elmmo,Tier_B,Bioinformatic prediction (multiMiR),predicted
COL11A1,hsa-miR-132-3p,elmmo,Tier_B,Bioinformatic prediction (multiMiR),predicted
COL11A1,hsa-miR-548p,elmmo,Tier_B,Bioinformatic prediction (multiMiR),predicted
LOX,hsa-miR-29a-5p,elmmo,Tier_B,Bioinformatic prediction (multiMiR),predicted
COL11A1,hsa-miR-498-5p,elmmo,Tier_B,Bioinformatic prediction (multiMiR),predicted
COL11A1,hsa-miR-544a,elmmo,Tier_B,Bioinformatic prediction (multiMiR),predicted
FN1,hsa-miR-579-3p,elmmo,Tier_B,Bioinformatic prediction (multiMiR),predicted
LOX,hsa-miR-579-3p,elmmo,Tier_B,Bioinformatic prediction (multiMiR),predicted
EDIL3,hsa-miR-559,elmmo,Tier_B,Bioinformatic prediction (multiMiR),predicted
LOX,hsa-miR-448,elmmo,Tier_B,Bioinformatic prediction (multiMiR),predicted
LOX,hsa-miR-335-3p,elmmo,Tier_B,Bioinformatic prediction (multiMiR),predicted
COL3A1,hsa-miR-646,elmmo,Tier_B,Bioinformatic prediction (multiMiR),predicted
EDIL3,hsa-miR-374b-5p,elmmo,Tier_B,Bioinformatic prediction (multiMiR),predicted
FN1,hsa-miR-3685,elmmo,Tier_B,Bioinformatic prediction (multiMiR),predicted
LOX,hsa-miR-548x-3p,elmmo,Tier_B,Bioinformatic prediction (multiMiR),predicted
EDIL3,hsa-miR-3685,elmmo,Tier_B,Bioinformatic prediction (multiMiR),predicted
COL3A1,hsa-miR-3120-3p,elmmo,Tier_B,Bioinformatic prediction (multiMiR),predicted
COL11A1,hsa-miR-499a-3p,elmmo,Tier_B,Bioinformatic prediction (multiMiR),predicted
COL8A1,hsa-miR-1290,elmmo,Tier_B,Bioinformatic prediction (multiMiR),predicted
ISM1,hsa-miR-498-5p,elmmo,Tier_B,Bioinformatic prediction (multiMiR),predicted
COL3A1,hsa-miR-3156-5p,elmmo,Tier_B,Bioinformatic prediction (multiMiR),predicted
INHBA,hsa-miR-4303,elmmo,Tier_B,Bioinformatic prediction (multiMiR),predicted
LOX,hsa-miR-1290,elmmo,Tier_B,Bioinformatic prediction (multiMiR),predicted
VCAN,hsa-miR-1290,elmmo,Tier_B,Bioinformatic prediction (multiMiR),predicted
COL11A1,hsa-miR-3673,elmmo,Tier_B,Bioinformatic prediction (multiMiR),predicted
LOX,hsa-miR-33a-3p,elmmo,Tier_B,Bioinformatic prediction (multiMiR),predicted
LOX,hsa-miR-520f-3p,elmmo,Tier_B,Bioinformatic prediction (multiMiR),predicted
COL11A1,hsa-miR-148b-5p,elmmo,Tier_B,Bioinformatic prediction (multiMiR),predicted
EDIL3,hsa-miR-889-3p,elmmo,Tier_B,Bioinformatic prediction (multiMiR),predicted
LOX,hsa-miR-494-3p,elmmo,Tier_B,Bioinformatic prediction (multiMiR),predicted
VCAN,hsa-miR-4289,elmmo,Tier_B,Bioinformatic prediction (multiMiR),predicted
COL3A1,hsa-miR-767-5p,elmmo,Tier_B,Bioinformatic prediction (multiMiR),predicted
LOX,hsa-miR-1256,elmmo,Tier_B,Bioinformatic prediction (multiMiR),predicted
INHBA,hsa-miR-1290,elmmo,Tier_B,Bioinformatic prediction (multiMiR),predicted
LOX,hsa-miR-149-5p,elmmo,Tier_B,Bioinformatic prediction (multiMiR),predicted
LOX,hsa-miR-379-3p,elmmo,Tier_B,Bioinformatic prediction (multiMiR),predicted
LOX,hsa-miR-411-3p,elmmo,Tier_B,Bioinformatic prediction (multiMiR),predicted
LOX,hsa-miR-203a-3p,elmmo,Tier_B,Bioinformatic prediction (multiMiR),predicted
INHBA,hsa-miR-205-3p,elmmo,Tier_B,Bioinformatic prediction (multiMiR),predicted
LOX,hsa-miR-374b-5p,elmmo,Tier_B,Bioinformatic prediction (multiMiR),predicted
ISM1,hsa-miR-130a-3p,elmmo,Tier_B,Bioinformatic prediction (multiMiR),predicted
ISM1,hsa-miR-130b-3p,elmmo,Tier_B,Bioinformatic prediction (multiMiR),predicted
ISM1,hsa-miR-301a-3p,elmmo,Tier_B,Bioinformatic prediction (multiMiR),predicted
ISM1,hsa-miR-4295,elmmo,Tier_B,Bioinformatic prediction (multiMiR),predicted
ISM1,hsa-miR-3666,elmmo,Tier_B,Bioinformatic prediction (multiMiR),predicted
ISM1,hsa-miR-301b-3p,elmmo,Tier_B,Bioinformatic prediction (multiMiR),predicted
LOX,hsa-miR-935,elmmo,Tier_B,Bioinformatic prediction (multiMiR),predicted
COL11A1,hsa-miR-361-5p,elmmo,Tier_B,Bioinformatic prediction (multiMiR),predicted
COL11A1,hsa-miR-548o-3p,elmmo,Tier_B,Bioinformatic prediction (multiMiR),predicted
LOX,hsa-miR-4307,elmmo,Tier_B,Bioinformatic prediction (multiMiR),predicted
EDIL3,hsa-miR-580-3p,elmmo,Tier_B,Bioinformatic prediction (multiMiR),predicted
VCAN,hsa-miR-548o-3p,elmmo,Tier_B,Bioinformatic prediction (multiMiR),predicted
LOX,hsa-miR-541-5p,elmmo,Tier_B,Bioinformatic prediction (multiMiR),predicted
VCAN,hsa-miR-541-5p,elmmo,Tier_B,Bioinformatic prediction (multiMiR),predicted
FN1,hsa-miR-4282,elmmo,Tier_B,Bioinformatic prediction (multiMiR),predicted
LOX,hsa-miR-106a-5p,elmmo,Tier_B,Bioinformatic prediction (multiMiR),predicted
COL3A1,hsa-miR-3613-3p,elmmo,Tier_B,Bioinformatic prediction (multiMiR),predicted
ISM1,hsa-miR-374b-3p,elmmo,Tier_B,Bioinformatic prediction (multiMiR),predicted
EDIL3,hsa-miR-27b-3p,elmmo,Tier_B,Bioinformatic prediction (multiMiR),predicted
EDIL3,hsa-miR-27a-3p,elmmo,Tier_B,Bioinformatic prediction (multiMiR),predicted
LOX,hsa-miR-219a-5p,elmmo,Tier_B,Bioinformatic prediction (multiMiR),predicted
EDIL3,hsa-miR-374a-5p,elmmo,Tier_B,Bioinformatic prediction (multiMiR),predicted
COL11A1,hsa-miR-10a-3p,elmmo,Tier_B,Bioinformatic prediction (multiMiR),predicted
FN1,hsa-miR-499a-3p,elmmo,Tier_B,Bioinformatic prediction (multiMiR),predicted
INHBA,hsa-miR-138-2-3p,elmmo,Tier_B,Bioinformatic prediction (multiMiR),predicted
VCAN,hsa-miR-548a-3p,elmmo,Tier_B,Bioinformatic prediction (multiMiR),predicted
COL8A1,hsa-miR-216b-5p,elmmo,Tier_B,Bioinformatic prediction (multiMiR),predicted
ISM1,hsa-miR-548e-3p,elmmo,Tier_B,Bioinformatic prediction (multiMiR),predicted
ISM1,hsa-miR-548f-3p,elmmo,Tier_B,Bioinformatic prediction (multiMiR),predicted
COL11A1,hsa-miR-3927-3p,elmmo,Tier_B,Bioinformatic prediction (multiMiR),predicted
FN1,hsa-miR-607,elmmo,Tier_B,Bioinformatic prediction (multiMiR),predicted
LOX,hsa-miR-875-3p,elmmo,Tier_B,Bioinformatic prediction (multiMiR),predicted
EDIL3,hsa-miR-607,elmmo,Tier_B,Bioinformatic prediction (multiMiR),predicted
VCAN,hsa-miR-875-3p,elmmo,Tier_B,Bioinformatic prediction (multiMiR),predicted
LOX,hsa-miR-320d,elmmo,Tier_B,Bioinformatic prediction (multiMiR),predicted
LOX,hsa-miR-320b,elmmo,Tier_B,Bioinformatic prediction (multiMiR),predicted
LOX,hsa-miR-320c,elmmo,Tier_B,Bioinformatic prediction (multiMiR),predicted
LOX,hsa-miR-320a-3p,elmmo,Tier_B,Bioinformatic prediction (multiMiR),predicted
EDIL3,hsa-miR-513a-5p,elmmo,Tier_B,Bioinformatic prediction (multiMiR),predicted
EDIL3,hsa-miR-3680-3p,elmmo,Tier_B,Bioinformatic prediction (multiMiR),predicted
VCAN,hsa-miR-192-3p,elmmo,Tier_B,Bioinformatic prediction (multiMiR),predicted
INHBA,hsa-miR-106a-5p,elmmo,Tier_B,Bioinformatic prediction (multiMiR),predicted
INHBA,hsa-miR-20a-5p,elmmo,Tier_B,Bioinformatic prediction (multiMiR),predicted
INHBA,hsa-miR-106b-5p,elmmo,Tier_B,Bioinformatic prediction (multiMiR),predicted
COL11A1,hsa-miR-105-5p,elmmo,Tier_B,Bioinformatic prediction (multiMiR),predicted
INHBA,hsa-miR-204-5p,elmmo,Tier_B,Bioinformatic prediction (multiMiR),predicted
INHBA,hsa-miR-211-5p,elmmo,Tier_B,Bioinformatic prediction (multiMiR),predicted
EDIL3,hsa-miR-183-3p,elmmo,Tier_B,Bioinformatic prediction (multiMiR),predicted
ISM1,hsa-miR-183-3p,elmmo,Tier_B,Bioinformatic prediction (multiMiR),predicted
COL11A1,hsa-miR-374a-5p,elmmo,Tier_B,Bioinformatic prediction (multiMiR),predicted
LOX,hsa-miR-545-3p,elmmo,Tier_B,Bioinformatic prediction (multiMiR),predicted
FN1,hsa-miR-10a-3p,elmmo,Tier_B,Bioinformatic prediction (multiMiR),predicted
EDIL3,hsa-miR-548n,elmmo,Tier_B,Bioinformatic prediction (multiMiR),predicted
COL11A1,hsa-miR-4303,elmmo,Tier_B,Bioinformatic prediction (multiMiR),predicted
LOX,hsa-miR-590-3p,elmmo,Tier_B,Bioinformatic prediction (multiMiR),predicted
LOX,hsa-miR-2053,elmmo,Tier_B,Bioinformatic prediction (multiMiR),predicted
COL11A1,hsa-miR-570-3p,elmmo,Tier_B,Bioinformatic prediction (multiMiR),predicted
LOX,hsa-miR-570-3p,elmmo,Tier_B,Bioinformatic prediction (multiMiR),predicted
THBS3,hsa-miR-570-3p,elmmo,Tier_B,Bioinformatic prediction (multiMiR),predicted
VCAN,hsa-miR-539-5p,elmmo,Tier_B,Bioinformatic prediction (multiMiR),predicted
VCAN,hsa-miR-570-3p,elmmo,Tier_B,Bioinformatic prediction (multiMiR),predicted
LOX,hsa-miR-507,elmmo,Tier_B,Bioinformatic prediction (multiMiR),predicted
LOX,hsa-miR-888-5p,elmmo,Tier_B,Bioinformatic prediction (multiMiR),predicted
VCAN,hsa-miR-320d,elmmo,Tier_B,Bioinformatic prediction (multiMiR),predicted
VCAN,hsa-miR-320b,elmmo,Tier_B,Bioinformatic prediction (multiMiR),predicted
VCAN,hsa-miR-320c,elmmo,Tier_B,Bioinformatic prediction (multiMiR),predicted
VCAN,hsa-miR-320a-3p,elmmo,Tier_B,Bioinformatic prediction (multiMiR),predicted
LOX,hsa-miR-3609,elmmo,Tier_B,Bioinformatic prediction (multiMiR),predicted
VCAN,hsa-miR-4291,elmmo,Tier_B,Bioinformatic prediction (multiMiR),predicted
EDIL3,hsa-miR-205-5p,elmmo,Tier_B,Bioinformatic prediction (multiMiR),predicted
COL3A1,hsa-miR-590-3p,elmmo,Tier_B,Bioinformatic prediction (multiMiR),predicted
LOX,hsa-miR-548c-3p,elmmo,Tier_B,Bioinformatic prediction (multiMiR),predicted
COL3A1,hsa-miR-513a-3p,elmmo,Tier_B,Bioinformatic prediction (multiMiR),predicted
COL3A1,hsa-miR-138-2-3p,elmmo,Tier_B,Bioinformatic prediction (multiMiR),predicted
COL11A1,hsa-miR-590-3p,elmmo,Tier_B,Bioinformatic prediction (multiMiR),predicted
FN1,hsa-miR-590-3p,elmmo,Tier_B,Bioinformatic prediction (multiMiR),predicted
FN1,hsa-miR-32-3p,elmmo,Tier_B,Bioinformatic prediction (multiMiR),predicted
LOX,hsa-miR-32-3p,elmmo,Tier_B,Bioinformatic prediction (multiMiR),predicted
VCAN,hsa-miR-4307,elmmo,Tier_B,Bioinformatic prediction (multiMiR),predicted
FN1,hsa-miR-551b-5p,elmmo,Tier_B,Bioinformatic prediction (multiMiR),predicted
FN1,hsa-miR-3609,elmmo,Tier_B,Bioinformatic prediction (multiMiR),predicted
INHBA,hsa-miR-17-5p,elmmo,Tier_B,Bioinformatic prediction (multiMiR),predicted
INHBA,hsa-miR-93-5p,elmmo,Tier_B,Bioinformatic prediction (multiMiR),predicted
INHBA,hsa-miR-20b-5p,elmmo,Tier_B,Bioinformatic prediction (multiMiR),predicted
INHBA,hsa-miR-519d-3p,elmmo,Tier_B,Bioinformatic prediction (multiMiR),predicted
ISM1,hsa-miR-507,elmmo,Tier_B,Bioinformatic prediction (multiMiR),predicted
COL11A1,hsa-miR-548n,elmmo,Tier_B,Bioinformatic prediction (multiMiR),predicted
COL11A1,hsa-miR-513a-3p,elmmo,Tier_B,Bioinformatic prediction (multiMiR),predicted
FN1,hsa-miR-885-5p,elmmo,Tier_B,Bioinformatic prediction (multiMiR),predicted
INHBA,hsa-miR-513a-3p,elmmo,Tier_B,Bioinformatic prediction (multiMiR),predicted
LOX,hsa-miR-148a-5p,elmmo,Tier_B,Bioinformatic prediction (multiMiR),predicted
FN1,hsa-miR-4275,elmmo,Tier_B,Bioinformatic prediction (multiMiR),predicted
FN1,hsa-miR-302a-5p,elmmo,Tier_B,Bioinformatic prediction (multiMiR),predicted
FN1,hsa-miR-944,elmmo,Tier_B,Bioinformatic prediction (multiMiR),predicted
EDIL3,hsa-miR-944,elmmo,Tier_B,Bioinformatic prediction (multiMiR),predicted
VCAN,hsa-miR-944,elmmo,Tier_B,Bioinformatic prediction (multiMiR),predicted
FN1,hsa-miR-616-5p,elmmo,Tier_B,Bioinformatic prediction (multiMiR),predicted
FN1,hsa-miR-373-5p,elmmo,Tier_B,Bioinformatic prediction (multiMiR),predicted
LOX,hsa-miR-488-5p,elmmo,Tier_B,Bioinformatic prediction (multiMiR),predicted
COL11A1,hsa-miR-218-5p,elmmo,Tier_B,Bioinformatic prediction (multiMiR),predicted
COL11A1,hsa-miR-2115-3p,elmmo,Tier_B,Bioinformatic prediction (multiMiR),predicted
FN1,hsa-miR-2115-3p,elmmo,Tier_B,Bioinformatic prediction (multiMiR),predicted
ISM1,hsa-miR-3133,elmmo,Tier_B,Bioinformatic prediction (multiMiR),predicted
FN1,hsa-miR-520a-5p,elmmo,Tier_B,Bioinformatic prediction (multiMiR),predicted
FN1,hsa-miR-525-5p,elmmo,Tier_B,Bioinformatic prediction (multiMiR),predicted
FN1,hsa-miR-4307,elmmo,Tier_B,Bioinformatic prediction (multiMiR),predicted
COL11A1,hsa-miR-1284,elmmo,Tier_B,Bioinformatic prediction (multiMiR),predicted
ISM1,hsa-miR-3685,elmmo,Tier_B,Bioinformatic prediction (multiMiR),predicted
VCAN,hsa-miR-186-3p,elmmo,Tier_B,Bioinformatic prediction (multiMiR),predicted
ISM1,hsa-miR-520a-5p,elmmo,Tier_B,Bioinformatic prediction (multiMiR),predicted
ISM1,hsa-miR-525-5p,elmmo,Tier_B,Bioinformatic prediction (multiMiR),predicted
COL11A1,hsa-miR-138-2-3p,elmmo,Tier_B,Bioinformatic prediction (multiMiR),predicted
FN1,hsa-miR-511-5p,elmmo,Tier_B,Bioinformatic prediction (multiMiR),predicted
VCAN,hsa-miR-520a-5p,elmmo,Tier_B,Bioinformatic prediction (multiMiR),predicted
VCAN,hsa-miR-525-5p,elmmo,Tier_B,Bioinformatic prediction (multiMiR),predicted
COL3A1,hsa-miR-543,elmmo,Tier_B,Bioinformatic prediction (multiMiR),predicted
LOX,hsa-miR-543,elmmo,Tier_B,Bioinformatic prediction (multiMiR),predicted
EDIL3,hsa-miR-543,elmmo,Tier_B,Bioinformatic prediction (multiMiR),predicted
EDIL3,hsa-miR-2115-3p,elmmo,Tier_B,Bioinformatic prediction (multiMiR),predicted
VCAN,hsa-miR-758-3p,elmmo,Tier_B,Bioinformatic prediction (multiMiR),predicted
COL11A1,hsa-miR-559,elmmo,Tier_B,Bioinformatic prediction (multiMiR),predicted
LOX,hsa-miR-141-3p,elmmo,Tier_B,Bioinformatic prediction (multiMiR),predicted
LOX,hsa-miR-200a-3p,elmmo,Tier_B,Bioinformatic prediction (multiMiR),predicted
EDIL3,hsa-miR-361-5p,elmmo,Tier_B,Bioinformatic prediction (multiMiR),predicted
THBS3,hsa-miR-183-5p,elmmo,Tier_B,Bioinformatic prediction (multiMiR),predicted
LOX,hsa-miR-154-3p,elmmo,Tier_B,Bioinformatic prediction (multiMiR),predicted
LOX,hsa-miR-487a-3p,elmmo,Tier_B,Bioinformatic prediction (multiMiR),predicted
EDIL3,hsa-miR-10b-3p,elmmo,Tier_B,Bioinformatic prediction (multiMiR),predicted
VCAN,hsa-miR-138-2-3p,elmmo,Tier_B,Bioinformatic prediction (multiMiR),predicted
LOX,hsa-miR-224-5p,elmmo,Tier_B,Bioinformatic prediction (multiMiR),predicted
INHBA,hsa-miR-541-5p,elmmo,Tier_B,Bioinformatic prediction (multiMiR),predicted
LOX,hsa-miR-155-5p,elmmo,Tier_B,Bioinformatic prediction (multiMiR),predicted
VCAN,hsa-miR-155-5p,elmmo,Tier_B,Bioinformatic prediction (multiMiR),predicted
EDIL3,hsa-miR-3714,elmmo,Tier_B,Bioinformatic prediction (multiMiR),predicted
LOX,hsa-miR-559,elmmo,Tier_B,Bioinformatic prediction (multiMiR),predicted
LOX,hsa-miR-361-5p,elmmo,Tier_B,Bioinformatic prediction (multiMiR),predicted
VCAN,hsa-miR-559,elmmo,Tier_B,Bioinformatic prediction (multiMiR),predicted
ISM1,hsa-miR-559,elmmo,Tier_B,Bioinformatic prediction (multiMiR),predicted
COL3A1,hsa-miR-410-3p,elmmo,Tier_B,Bioinformatic prediction (multiMiR),predicted
LOX,hsa-miR-100-3p,elmmo,Tier_B,Bioinformatic prediction (multiMiR),predicted
VCAN,hsa-miR-613,elmmo,Tier_B,Bioinformatic prediction (multiMiR),predicted
COL3A1,hsa-miR-3159,elmmo,Tier_B,Bioinformatic prediction (multiMiR),predicted
FN1,hsa-miR-33a-3p,elmmo,Tier_B,Bioinformatic prediction (multiMiR),predicted
VCAN,hsa-miR-33a-3p,elmmo,Tier_B,Bioinformatic prediction (multiMiR),predicted
VCAN,hsa-miR-3159,elmmo,Tier_B,Bioinformatic prediction (multiMiR),predicted
COL11A1,hsa-miR-488-5p,elmmo,Tier_B,Bioinformatic prediction (multiMiR),predicted
COL3A1,hsa-miR-224-5p,elmmo,Tier_B,Bioinformatic prediction (multiMiR),predicted
EDIL3,hsa-miR-224-5p,elmmo,Tier_B,Bioinformatic prediction (multiMiR),predicted
COL3A1,hsa-miR-421,elmmo,Tier_B,Bioinformatic prediction (multiMiR),predicted
COL11A1,hsa-miR-548a-5p,elmmo,Tier_B,Bioinformatic prediction (multiMiR),predicted
COL11A1,hsa-miR-548b-5p,elmmo,Tier_B,Bioinformatic prediction (multiMiR),predicted
COL11A1,hsa-miR-548c-5p,elmmo,Tier_B,Bioinformatic prediction (multiMiR),predicted
COL11A1,hsa-miR-548d-5p,elmmo,Tier_B,Bioinformatic prediction (multiMiR),predicted
COL11A1,hsa-miR-548h-5p,elmmo,Tier_B,Bioinformatic prediction (multiMiR),predicted
COL11A1,hsa-miR-548i,elmmo,Tier_B,Bioinformatic prediction (multiMiR),predicted
COL11A1,hsa-miR-548w,elmmo,Tier_B,Bioinformatic prediction (multiMiR),predicted
COL11A1,hsa-miR-548y,elmmo,Tier_B,Bioinformatic prediction (multiMiR),predicted
COL11A1,hsa-miR-548j-5p,elmmo,Tier_B,Bioinformatic prediction (multiMiR),predicted
LOX,hsa-miR-302b-5p,elmmo,Tier_B,Bioinformatic prediction (multiMiR),predicted
LOX,hsa-miR-302d-5p,elmmo,Tier_B,Bioinformatic prediction (multiMiR),predicted
LOX,hsa-miR-1283,elmmo,Tier_B,Bioinformatic prediction (multiMiR),predicted
COL11A1,hsa-miR-3121-3p,elmmo,Tier_B,Bioinformatic prediction (multiMiR),predicted
LOX,hsa-miR-374c-5p,elmmo,Tier_B,Bioinformatic prediction (multiMiR),predicted
LOX,hsa-miR-655-3p,elmmo,Tier_B,Bioinformatic prediction (multiMiR),predicted
EDIL3,hsa-miR-203a-3p,elmmo,Tier_B,Bioinformatic prediction (multiMiR),predicted
ISM1,hsa-miR-203a-3p,elmmo,Tier_B,Bioinformatic prediction (multiMiR),predicted
ISM1,hsa-miR-513b-5p,elmmo,Tier_B,Bioinformatic prediction (multiMiR),predicted
FN1,hsa-miR-216b-5p,elmmo,Tier_B,Bioinformatic prediction (multiMiR),predicted
EDIL3,hsa-miR-216b-5p,elmmo,Tier_B,Bioinformatic prediction (multiMiR),predicted
LOX,hsa-miR-138-1-3p,microcosm,Tier_B,Bioinformatic prediction (multiMiR),predicted
THBS3,hsa-miR-365a-3p,microcosm,Tier_B,Bioinformatic prediction (multiMiR),predicted
THBS3,hsa-miR-188-5p,microcosm,Tier_B,Bioinformatic prediction (multiMiR),predicted
THBS3,hsa-miR-449a,microcosm,Tier_B,Bioinformatic prediction (multiMiR),predicted
INHBA,hsa-miR-147a,microcosm,Tier_B,Bioinformatic prediction (multiMiR),predicted
THBS3,hsa-miR-505-5p,microcosm,Tier_B,Bioinformatic prediction (multiMiR),predicted
INHBA,hsa-miR-204-5p,microcosm,Tier_B,Bioinformatic prediction (multiMiR),predicted
LOX,hsa-miR-876-5p,microcosm,Tier_B,Bioinformatic prediction (multiMiR),predicted
THBS3,hsa-miR-423-5p,microcosm,Tier_B,Bioinformatic prediction (multiMiR),predicted
FN1,hsa-miR-802,microcosm,Tier_B,Bioinformatic prediction (multiMiR),predicted
INHBA,hsa-miR-135a-5p,microcosm,Tier_B,Bioinformatic prediction (multiMiR),predicted
THBS3,hsa-miR-449b-5p,microcosm,Tier_B,Bioinformatic prediction (multiMiR),predicted
COMP,hsa-miR-326,microcosm,Tier_B,Bioinformatic prediction (multiMiR),predicted
THBS3,hsa-miR-33b-3p,microcosm,Tier_B,Bioinformatic prediction (multiMiR),predicted
THBS3,hsa-miR-570-3p,microcosm,Tier_B,Bioinformatic prediction (multiMiR),predicted
INHBA,hsa-miR-625-5p,microcosm,Tier_B,Bioinformatic prediction (multiMiR),predicted
COL11A1,hsa-miR-144-3p,microcosm,Tier_B,Bioinformatic prediction (multiMiR),predicted
COMP,hsa-miR-603,microcosm,Tier_B,Bioinformatic prediction (multiMiR),predicted
COL11A1,hsa-miR-544a,microcosm,Tier_B,Bioinformatic prediction (multiMiR),predicted
LOX,hsa-miR-21-3p,microcosm,Tier_B,Bioinformatic prediction (multiMiR),predicted
COL3A1,hsa-miR-548b-5p,microcosm,Tier_B,Bioinformatic prediction (multiMiR),predicted
THBS3,hsa-miR-550a-5p,microcosm,Tier_B,Bioinformatic prediction (multiMiR),predicted
COL8A1,hsa-miR-496,microcosm,Tier_B,Bioinformatic prediction (multiMiR),predicted
THBS3,hsa-miR-330-5p,microcosm,Tier_B,Bioinformatic prediction (multiMiR),predicted
COL11A1,hsa-miR-190a-5p,microcosm,Tier_B,Bioinformatic prediction (multiMiR),predicted
COL11A1,hsa-miR-580-3p,microcosm,Tier_B,Bioinformatic prediction (multiMiR),predicted
INHBA,hsa-miR-130b-5p,microcosm,Tier_B,Bioinformatic prediction (multiMiR),predicted
COL11A1,hsa-miR-548c-5p,microcosm,Tier_B,Bioinformatic prediction (multiMiR),predicted
FN1,hsa-miR-645,microcosm,Tier_B,Bioinformatic prediction (multiMiR),predicted
THBS3,hsa-miR-326,microcosm,Tier_B,Bioinformatic prediction (multiMiR),predicted
LOX,hsa-miR-126-5p,microcosm,Tier_B,Bioinformatic prediction (multiMiR),predicted
FN1,hsa-miR-573,microcosm,Tier_B,Bioinformatic prediction (multiMiR),predicted
FN1,hsa-miR-27b-3p,microcosm,Tier_B,Bioinformatic prediction (multiMiR),predicted
FN1,hsa-miR-144-3p,microcosm,Tier_B,Bioinformatic prediction (multiMiR),predicted
THBS3,hsa-miR-185-3p,microcosm,Tier_B,Bioinformatic prediction (multiMiR),predicted
COL8A1,hsa-miR-586,microcosm,Tier_B,Bioinformatic prediction (multiMiR),predicted
COL3A1,hsa-miR-376b-3p,microcosm,Tier_B,Bioinformatic prediction (multiMiR),predicted
COL3A1,hsa-miR-548d-5p,microcosm,Tier_B,Bioinformatic prediction (multiMiR),predicted
FN1,hsa-miR-520a-5p,microcosm,Tier_B,Bioinformatic prediction (multiMiR),predicted
THBS3,hsa-miR-623,microcosm,Tier_B,Bioinformatic prediction (multiMiR),predicted
LOX,hsa-miR-138-2-3p,microcosm,Tier_B,Bioinformatic prediction (multiMiR),predicted
COL11A1,hsa-miR-548d-5p,microcosm,Tier_B,Bioinformatic prediction (multiMiR),predicted
COL11A1,hsa-miR-29a-3p,microcosm,Tier_B,Bioinformatic prediction (multiMiR),predicted
COL11A1,hsa-miR-29c-3p,microcosm,Tier_B,Bioinformatic prediction (multiMiR),predicted
COMP,hsa-miR-330-5p,microcosm,Tier_B,Bioinformatic prediction (multiMiR),predicted
INHBA,hsa-miR-135b-5p,microcosm,Tier_B,Bioinformatic prediction (multiMiR),predicted
COL11A1,hsa-miR-620,microcosm,Tier_B,Bioinformatic prediction (multiMiR),predicted
FN1,hsa-miR-200b-3p,microcosm,Tier_B,Bioinformatic prediction (multiMiR),predicted
COL11A1,hsa-miR-548a-5p,microcosm,Tier_B,Bioinformatic prediction (multiMiR),predicted
THBS3,hsa-miR-363-5p,microcosm,Tier_B,Bioinformatic prediction (multiMiR),predicted
COMP,hsa-miR-296-3p,microcosm,Tier_B,Bioinformatic prediction (multiMiR),predicted
COMP,hsa-miR-296-5p,microcosm,Tier_B,Bioinformatic prediction (multiMiR),predicted
FN1,hsa-miR-200c-3p,microcosm,Tier_B,Bioinformatic prediction (multiMiR),predicted
VCAN,hsa-miR-431-5p,microcosm,Tier_B,Bioinformatic prediction (multiMiR),predicted
THBS3,hsa-miR-513a-3p,microcosm,Tier_B,Bioinformatic prediction (multiMiR),predicted
COL11A1,hsa-miR-548b-5p,microcosm,Tier_B,Bioinformatic prediction (multiMiR),predicted
THBS3,hsa-miR-601,microcosm,Tier_B,Bioinformatic prediction (multiMiR),predicted
COL8A1,hsa-miR-16-1-3p,microcosm,Tier_B,Bioinformatic prediction (multiMiR),predicted
VCAN,hsa-miR-922,microcosm,Tier_B,Bioinformatic prediction (multiMiR),predicted
VCAN,hsa-miR-548c-3p,microcosm,Tier_B,Bioinformatic prediction (multiMiR),predicted
INHBA,hsa-miR-330-5p,microcosm,Tier_B,Bioinformatic prediction (multiMiR),predicted
INHBA,hsa-miR-377-3p,microcosm,Tier_B,Bioinformatic prediction (multiMiR),predicted
INHBA,hsa-miR-335-3p,microcosm,Tier_B,Bioinformatic prediction (multiMiR),predicted
FN1,hsa-miR-548d-3p,microcosm,Tier_B,Bioinformatic prediction (multiMiR),predicted
LOX,hsa-miR-548b-5p,microcosm,Tier_B,Bioinformatic prediction (multiMiR),predicted
LOX,hsa-miR-507,microcosm,Tier_B,Bioinformatic prediction (multiMiR),predicted
COL11A1,hsa-miR-369-3p,microcosm,Tier_B,Bioinformatic prediction (multiMiR),predicted
COL8A1,hsa-miR-548d-5p,microcosm,Tier_B,Bioinformatic prediction (multiMiR),predicted
THBS3,hsa-miR-920,microcosm,Tier_B,Bioinformatic prediction (multiMiR),predicted
LOX,hsa-miR-892a,microcosm,Tier_B,Bioinformatic prediction (multiMiR),predicted
VCAN,hsa-miR-517-5p,miranda,Tier_B,Bioinformatic prediction (multiMiR),predicted
COL3A1,hsa-miR-4323,miranda,Tier_B,Bioinformatic prediction (multiMiR),predicted
LOX,hsa-miR-183-3p,miranda,Tier_B,Bioinformatic prediction (multiMiR),predicted
COL8A1,hsa-miR-454-3p,miranda,Tier_B,Bioinformatic prediction (multiMiR),predicted
COL11A1,hsa-miR-3163,miranda,Tier_B,Bioinformatic prediction (multiMiR),predicted
VCAN,hsa-miR-138-2-3p,miranda,Tier_B,Bioinformatic prediction (multiMiR),predicted
COL8A1,hsa-miR-4295,miranda,Tier_B,Bioinformatic prediction (multiMiR),predicted
VCAN,hsa-miR-130a-5p,miranda,Tier_B,Bioinformatic prediction (multiMiR),predicted
COL3A1,hsa-miR-204-5p,miranda,Tier_B,Bioinformatic prediction (multiMiR),predicted
COL3A1,hsa-miR-211-5p,miranda,Tier_B,Bioinformatic prediction (multiMiR),predicted
COL8A1,hsa-miR-130b-3p,miranda,Tier_B,Bioinformatic prediction (multiMiR),predicted
LOX,hsa-miR-380-3p,miranda,Tier_B,Bioinformatic prediction (multiMiR),predicted
ISM1,hsa-miR-4264,miranda,Tier_B,Bioinformatic prediction (multiMiR),predicted
COL8A1,hsa-miR-130a-3p,miranda,Tier_B,Bioinformatic prediction (multiMiR),predicted
ISM1,hsa-miR-3185,miranda,Tier_B,Bioinformatic prediction (multiMiR),predicted
LOX,hsa-miR-628-3p,miranda,Tier_B,Bioinformatic prediction (multiMiR),predicted
FN1,hsa-miR-802,miranda,Tier_B,Bioinformatic prediction (multiMiR),predicted
VCAN,hsa-miR-124-3p,miranda,Tier_B,Bioinformatic prediction (multiMiR),predicted
COL3A1,hsa-miR-3119,miranda,Tier_B,Bioinformatic prediction (multiMiR),predicted
VCAN,hsa-miR-23a-3p,miranda,Tier_B,Bioinformatic prediction (multiMiR),predicted
VCAN,hsa-miR-23b-3p,miranda,Tier_B,Bioinformatic prediction (multiMiR),predicted
LOX,hsa-miR-1272,miranda,Tier_B,Bioinformatic prediction (multiMiR),predicted
VCAN,hsa-miR-506-3p,miranda,Tier_B,Bioinformatic prediction (multiMiR),predicted
VCAN,hsa-miR-607,miranda,Tier_B,Bioinformatic prediction (multiMiR),predicted
VCAN,hsa-miR-4310,miranda,Tier_B,Bioinformatic prediction (multiMiR),predicted
LOX,hsa-miR-513a-3p,miranda,Tier_B,Bioinformatic prediction (multiMiR),predicted
COL11A1,hsa-miR-2115-5p,miranda,Tier_B,Bioinformatic prediction (multiMiR),predicted
LOX,hsa-miR-126-5p,miranda,Tier_B,Bioinformatic prediction (multiMiR),predicted
LOX,hsa-miR-520g-3p,miranda,Tier_B,Bioinformatic prediction (multiMiR),predicted
LOX,hsa-miR-520h,miranda,Tier_B,Bioinformatic prediction (multiMiR),predicted
COL3A1,hsa-miR-381-3p,miranda,Tier_B,Bioinformatic prediction (multiMiR),predicted
COL3A1,hsa-miR-300,miranda,Tier_B,Bioinformatic prediction (multiMiR),predicted
EDIL3,hsa-miR-548n,miranda,Tier_B,Bioinformatic prediction (multiMiR),predicted
COL8A1,hsa-miR-3120-3p,miranda,Tier_B,Bioinformatic prediction (multiMiR),predicted
COL3A1,hsa-let-7g-3p,miranda,Tier_B,Bioinformatic prediction (multiMiR),predicted
VCAN,hsa-miR-573,miranda,Tier_B,Bioinformatic prediction (multiMiR),predicted
COL11A1,hsa-miR-1299,miranda,Tier_B,Bioinformatic prediction (multiMiR),predicted
LOX,hsa-miR-379-3p,miranda,Tier_B,Bioinformatic prediction (multiMiR),predicted
LOX,hsa-miR-411-3p,miranda,Tier_B,Bioinformatic prediction (multiMiR),predicted
LOX,hsa-miR-101-5p,miranda,Tier_B,Bioinformatic prediction (multiMiR),predicted
VCAN,hsa-miR-3121-3p,miranda,Tier_B,Bioinformatic prediction (multiMiR),predicted
COL3A1,hsa-let-7a-2-3p,miranda,Tier_B,Bioinformatic prediction (multiMiR),predicted
THBS3,hsa-miR-1182,miranda,Tier_B,Bioinformatic prediction (multiMiR),predicted
ISM1,hsa-miR-302a-5p,miranda,Tier_B,Bioinformatic prediction (multiMiR),predicted
EDIL3,hsa-miR-220c,miranda,Tier_B,Bioinformatic prediction (multiMiR),predicted
COL3A1,hsa-miR-548k,miranda,Tier_B,Bioinformatic prediction (multiMiR),predicted
ISM1,hsa-miR-578,miranda,Tier_B,Bioinformatic prediction (multiMiR),predicted
VCAN,hsa-miR-1290,miranda,Tier_B,Bioinformatic prediction (multiMiR),predicted
COL11A1,hsa-miR-190b-5p,miranda,Tier_B,Bioinformatic prediction (multiMiR),predicted
THBS3,hsa-miR-218-5p,miranda,Tier_B,Bioinformatic prediction (multiMiR),predicted
COL8A1,hsa-miR-16-2-3p,miranda,Tier_B,Bioinformatic prediction (multiMiR),predicted
COL8A1,hsa-miR-1914-3p,miranda,Tier_B,Bioinformatic prediction (multiMiR),predicted
COL11A1,hsa-miR-587,miranda,Tier_B,Bioinformatic prediction (multiMiR),predicted
VCAN,hsa-miR-516a-5p,miranda,Tier_B,Bioinformatic prediction (multiMiR),predicted
COL3A1,hsa-miR-616-5p,miranda,Tier_B,Bioinformatic prediction (multiMiR),predicted
COL11A1,hsa-miR-190a-5p,miranda,Tier_B,Bioinformatic prediction (multiMiR),predicted
LOX,hsa-miR-888-3p,miranda,Tier_B,Bioinformatic prediction (multiMiR),predicted
VCAN,hsa-miR-4274,miranda,Tier_B,Bioinformatic prediction (multiMiR),predicted
COL11A1,hsa-miR-759,miranda,Tier_B,Bioinformatic prediction (multiMiR),predicted
VCAN,hsa-miR-411-5p,miranda,Tier_B,Bioinformatic prediction (multiMiR),predicted
ISM1,hsa-miR-520a-5p,miranda,Tier_B,Bioinformatic prediction (multiMiR),predicted
COL8A1,hsa-miR-557,miranda,Tier_B,Bioinformatic prediction (multiMiR),predicted
COL11A1,hsa-miR-1263,miranda,Tier_B,Bioinformatic prediction (multiMiR),predicted
LOX,hsa-miR-149-5p,miranda,Tier_B,Bioinformatic prediction (multiMiR),predicted
COL3A1,hsa-miR-4299,miranda,Tier_B,Bioinformatic prediction (multiMiR),predicted
COL8A1,hsa-miR-507,miranda,Tier_B,Bioinformatic prediction (multiMiR),predicted
COL11A1,hsa-miR-4320,miranda,Tier_B,Bioinformatic prediction (multiMiR),predicted
COL11A1,hsa-miR-548g-3p,miranda,Tier_B,Bioinformatic prediction (multiMiR),predicted
ISM1,hsa-miR-525-5p,miranda,Tier_B,Bioinformatic prediction (multiMiR),predicted
INHBA,hsa-miR-3140-3p,miranda,Tier_B,Bioinformatic prediction (multiMiR),predicted
VCAN,hsa-miR-578,miranda,Tier_B,Bioinformatic prediction (multiMiR),predicted
EDIL3,hsa-miR-496,miranda,Tier_B,Bioinformatic prediction (multiMiR),predicted
THBS3,hsa-miR-550a-5p,miranda,Tier_B,Bioinformatic prediction (multiMiR),predicted
LOX,hsa-miR-1979,miranda,Tier_B,Bioinformatic prediction (multiMiR),predicted
VCAN,hsa-miR-33a-5p,miranda,Tier_B,Bioinformatic prediction (multiMiR),predicted
VCAN,hsa-miR-33b-5p,miranda,Tier_B,Bioinformatic prediction (multiMiR),predicted
ISM1,hsa-miR-647,miranda,Tier_B,Bioinformatic prediction (multiMiR),predicted
COL8A1,hsa-miR-302c-5p,miranda,Tier_B,Bioinformatic prediction (multiMiR),predicted
FN1,hsa-miR-298,miranda,Tier_B,Bioinformatic prediction (multiMiR),predicted
ISM1,hsa-miR-590-3p,miranda,Tier_B,Bioinformatic prediction (multiMiR),predicted
COL11A1,hsa-miR-875-3p,miranda,Tier_B,Bioinformatic prediction (multiMiR),predicted
COL8A1,hsa-miR-3148,miranda,Tier_B,Bioinformatic prediction (multiMiR),predicted
LOX,hsa-miR-1193,miranda,Tier_B,Bioinformatic prediction (multiMiR),predicted
FN1,hsa-miR-548b-3p,miranda,Tier_B,Bioinformatic prediction (multiMiR),predicted
LOX,hsa-miR-570-3p,miranda,Tier_B,Bioinformatic prediction (multiMiR),predicted
VCAN,hsa-miR-548l,miranda,Tier_B,Bioinformatic prediction (multiMiR),predicted
VCAN,hsa-miR-541-5p,miranda,Tier_B,Bioinformatic prediction (multiMiR),predicted
FN1,hsa-miR-1278,miranda,Tier_B,Bioinformatic prediction (multiMiR),predicted
LOX,hsa-miR-24-3p,miranda,Tier_B,Bioinformatic prediction (multiMiR),predicted
VCAN,hsa-miR-136-5p,miranda,Tier_B,Bioinformatic prediction (multiMiR),predicted
FN1,hsa-miR-3158-3p,miranda,Tier_B,Bioinformatic prediction (multiMiR),predicted
COL8A1,hsa-miR-524-5p,miranda,Tier_B,Bioinformatic prediction (multiMiR),predicted
COL11A1,hsa-miR-1267,miranda,Tier_B,Bioinformatic prediction (multiMiR),predicted
EDIL3,hsa-miR-559,miranda,Tier_B,Bioinformatic prediction (multiMiR),predicted
LOX,hsa-miR-145-5p,miranda,Tier_B,Bioinformatic prediction (multiMiR),predicted
COL8A1,hsa-miR-520d-5p,miranda,Tier_B,Bioinformatic prediction (multiMiR),predicted
VCAN,hsa-miR-27a-3p,miranda,Tier_B,Bioinformatic prediction (multiMiR),predicted
VCAN,hsa-miR-27b-3p,miranda,Tier_B,Bioinformatic prediction (multiMiR),predicted
VCAN,hsa-miR-323b-3p,miranda,Tier_B,Bioinformatic prediction (multiMiR),predicted
LOX,hsa-miR-655-3p,miranda,Tier_B,Bioinformatic prediction (multiMiR),predicted
VCAN,hsa-miR-3175,miranda,Tier_B,Bioinformatic prediction (multiMiR),predicted
EDIL3,hsa-miR-548a-5p,miranda,Tier_B,Bioinformatic prediction (multiMiR),predicted
EDIL3,hsa-miR-548c-5p,miranda,Tier_B,Bioinformatic prediction (multiMiR),predicted
EDIL3,hsa-miR-548h-5p,miranda,Tier_B,Bioinformatic prediction (multiMiR),predicted
EDIL3,hsa-miR-548w,miranda,Tier_B,Bioinformatic prediction (multiMiR),predicted
EDIL3,hsa-miR-1272,miranda,Tier_B,Bioinformatic prediction (multiMiR),predicted
INHBA,hsa-miR-554,miranda,Tier_B,Bioinformatic prediction (multiMiR),predicted
EDIL3,hsa-miR-548b-5p,miranda,Tier_B,Bioinformatic prediction (multiMiR),predicted
EDIL3,hsa-miR-548d-5p,miranda,Tier_B,Bioinformatic prediction (multiMiR),predicted
EDIL3,hsa-miR-548j-5p,miranda,Tier_B,Bioinformatic prediction (multiMiR),predicted
EDIL3,hsa-miR-548i,miranda,Tier_B,Bioinformatic prediction (multiMiR),predicted
COL3A1,hsa-miR-367-3p,miranda,Tier_B,Bioinformatic prediction (multiMiR),predicted
ISM1,hsa-miR-138-1-3p,miranda,Tier_B,Bioinformatic prediction (multiMiR),predicted
COL3A1,hsa-miR-3162-5p,miranda,Tier_B,Bioinformatic prediction (multiMiR),predicted
LOX,hsa-miR-3142,miranda,Tier_B,Bioinformatic prediction (multiMiR),predicted
COL3A1,hsa-miR-205-3p,miranda,Tier_B,Bioinformatic prediction (multiMiR),predicted
EDIL3,hsa-miR-374a-3p,miranda,Tier_B,Bioinformatic prediction (multiMiR),predicted
VCAN,hsa-miR-335-3p,miranda,Tier_B,Bioinformatic prediction (multiMiR),predicted
COL8A1,hsa-miR-4287,miranda,Tier_B,Bioinformatic prediction (multiMiR),predicted
COL11A1,hsa-miR-144-3p,miranda,Tier_B,Bioinformatic prediction (multiMiR),predicted
INHBA,hsa-miR-26b-3p,miranda,Tier_B,Bioinformatic prediction (multiMiR),predicted
COL11A1,hsa-miR-138-2-3p,miranda,Tier_B,Bioinformatic prediction (multiMiR),predicted
LOX,hsa-miR-302a-5p,miranda,Tier_B,Bioinformatic prediction (multiMiR),predicted
COL3A1,hsa-miR-154-5p,miranda,Tier_B,Bioinformatic prediction (multiMiR),predicted
ISM1,hsa-miR-654-5p,miranda,Tier_B,Bioinformatic prediction (multiMiR),predicted
VCAN,hsa-miR-202-3p,miranda,Tier_B,Bioinformatic prediction (multiMiR),predicted
VCAN,hsa-miR-4260,miranda,Tier_B,Bioinformatic prediction (multiMiR),predicted
INHBA,hsa-miR-135a-5p,miranda,Tier_B,Bioinformatic prediction (multiMiR),predicted
INHBA,hsa-miR-135b-5p,miranda,Tier_B,Bioinformatic prediction (multiMiR),predicted
COL11A1,hsa-miR-137-3p,miranda,Tier_B,Bioinformatic prediction (multiMiR),predicted
COL11A1,hsa-miR-143-3p,miranda,Tier_B,Bioinformatic prediction (multiMiR),predicted
VCAN,hsa-miR-3116,miranda,Tier_B,Bioinformatic prediction (multiMiR),predicted
THBS3,hsa-miR-570-3p,miranda,Tier_B,Bioinformatic prediction (multiMiR),predicted
COL11A1,hsa-miR-607,miranda,Tier_B,Bioinformatic prediction (multiMiR),predicted
ISM1,hsa-miR-548a-3p,miranda,Tier_B,Bioinformatic prediction (multiMiR),predicted
COL11A1,hsa-miR-532-5p,miranda,Tier_B,Bioinformatic prediction (multiMiR),predicted
EDIL3,hsa-miR-3163,miranda,Tier_B,Bioinformatic prediction (multiMiR),predicted
COL8A1,hsa-miR-1245a,miranda,Tier_B,Bioinformatic prediction (multiMiR),predicted
ISM1,hsa-miR-548f-3p,miranda,Tier_B,Bioinformatic prediction (multiMiR),predicted
COL8A1,hsa-miR-629-3p,miranda,Tier_B,Bioinformatic prediction (multiMiR),predicted
ISM1,hsa-miR-26a-1-3p,miranda,Tier_B,Bioinformatic prediction (multiMiR),predicted
ISM1,hsa-miR-26a-2-3p,miranda,Tier_B,Bioinformatic prediction (multiMiR),predicted
COL11A1,hsa-miR-217-5p,miranda,Tier_B,Bioinformatic prediction (multiMiR),predicted
ISM1,hsa-miR-548e-3p,miranda,Tier_B,Bioinformatic prediction (multiMiR),predicted
FN1,hsa-miR-34b-5p,miranda,Tier_B,Bioinformatic prediction (multiMiR),predicted
COL11A1,hsa-miR-432-3p,miranda,Tier_B,Bioinformatic prediction (multiMiR),predicted
EDIL3,hsa-miR-4297,miranda,Tier_B,Bioinformatic prediction (multiMiR),predicted
COL8A1,hsa-miR-519c-3p,miranda,Tier_B,Bioinformatic prediction (multiMiR),predicted
COL8A1,hsa-miR-519b-3p,miranda,Tier_B,Bioinformatic prediction (multiMiR),predicted
COL8A1,hsa-miR-519a-3p,miranda,Tier_B,Bioinformatic prediction (multiMiR),predicted
LOX,hsa-miR-448,miranda,Tier_B,Bioinformatic prediction (multiMiR),predicted
VCAN,hsa-miR-16-5p,miranda,Tier_B,Bioinformatic prediction (multiMiR),predicted
ISM1,hsa-miR-541-3p,miranda,Tier_B,Bioinformatic prediction (multiMiR),predicted
COL8A1,hsa-miR-106b-5p,miranda,Tier_B,Bioinformatic prediction (multiMiR),predicted
VCAN,hsa-miR-570-3p,miranda,Tier_B,Bioinformatic prediction (multiMiR),predicted
LOX,hsa-miR-607,miranda,Tier_B,Bioinformatic prediction (multiMiR),predicted
COL3A1,hsa-miR-196a-5p,miranda,Tier_B,Bioinformatic prediction (multiMiR),predicted
COL11A1,hsa-miR-96-5p,miranda,Tier_B,Bioinformatic prediction (multiMiR),predicted
FN1,hsa-miR-579-3p,miranda,Tier_B,Bioinformatic prediction (multiMiR),predicted
INHBA,hsa-miR-130b-5p,miranda,Tier_B,Bioinformatic prediction (multiMiR),predicted
LOX,hsa-miR-1244,miranda,Tier_B,Bioinformatic prediction (multiMiR),predicted
COL3A1,hsa-miR-196b-5p,miranda,Tier_B,Bioinformatic prediction (multiMiR),predicted
COL8A1,hsa-miR-1283,miranda,Tier_B,Bioinformatic prediction (multiMiR),predicted
VCAN,hsa-miR-1289,miranda,Tier_B,Bioinformatic prediction (multiMiR),predicted
COL11A1,hsa-miR-452-5p,miranda,Tier_B,Bioinformatic prediction (multiMiR),predicted
VCAN,hsa-miR-561-3p,miranda,Tier_B,Bioinformatic prediction (multiMiR),predicted
INHBA,hsa-miR-541-5p,miranda,Tier_B,Bioinformatic prediction (multiMiR),predicted
LOX,hsa-miR-3166,miranda,Tier_B,Bioinformatic prediction (multiMiR),predicted
VCAN,hsa-miR-192-3p,miranda,Tier_B,Bioinformatic prediction (multiMiR),predicted
INHBA,hsa-miR-141-5p,miranda,Tier_B,Bioinformatic prediction (multiMiR),predicted
COL8A1,hsa-miR-571,miranda,Tier_B,Bioinformatic prediction (multiMiR),predicted
VCAN,hsa-miR-3163,miranda,Tier_B,Bioinformatic prediction (multiMiR),predicted
THBS3,hsa-miR-423-5p,miranda,Tier_B,Bioinformatic prediction (multiMiR),predicted
COL8A1,hsa-miR-93-5p,miranda,Tier_B,Bioinformatic prediction (multiMiR),predicted
COL11A1,hsa-miR-146a-3p,miranda,Tier_B,Bioinformatic prediction (multiMiR),predicted
COL8A1,hsa-miR-17-5p,miranda,Tier_B,Bioinformatic prediction (multiMiR),predicted
COL8A1,hsa-miR-20a-5p,miranda,Tier_B,Bioinformatic prediction (multiMiR),predicted
COL8A1,hsa-miR-106a-5p,miranda,Tier_B,Bioinformatic prediction (multiMiR),predicted
COL8A1,hsa-miR-20b-5p,miranda,Tier_B,Bioinformatic prediction (multiMiR),predicted
LOX,hsa-miR-27a-3p,miranda,Tier_B,Bioinformatic prediction (multiMiR),predicted
LOX,hsa-miR-27b-3p,miranda,Tier_B,Bioinformatic prediction (multiMiR),predicted
THBS3,hsa-miR-3184-5p,miranda,Tier_B,Bioinformatic prediction (multiMiR),predicted
LOX,hsa-miR-3174,miranda,Tier_B,Bioinformatic prediction (multiMiR),predicted
COL8A1,hsa-miR-519d-3p,miranda,Tier_B,Bioinformatic prediction (multiMiR),predicted
COL8A1,hsa-miR-526b-3p,miranda,Tier_B,Bioinformatic prediction (multiMiR),predicted
THBS3,hsa-miR-1323,miranda,Tier_B,Bioinformatic prediction (multiMiR),predicted
COL8A1,hsa-miR-135a-3p,miranda,Tier_B,Bioinformatic prediction (multiMiR),predicted
VCAN,hsa-miR-4311,miranda,Tier_B,Bioinformatic prediction (multiMiR),predicted
FN1,hsa-miR-3145-3p,miranda,Tier_B,Bioinformatic prediction (multiMiR),predicted
COL11A1,hsa-miR-524-5p,miranda,Tier_B,Bioinformatic prediction (multiMiR),predicted
ISM1,hsa-miR-197-3p,miranda,Tier_B,Bioinformatic prediction (multiMiR),predicted
VCAN,hsa-miR-4282,miranda,Tier_B,Bioinformatic prediction (multiMiR),predicted
ISM1,hsa-miR-302f,miranda,Tier_B,Bioinformatic prediction (multiMiR),predicted
COL11A1,hsa-miR-520d-5p,miranda,Tier_B,Bioinformatic prediction (multiMiR),predicted
EDIL3,hsa-miR-3160-3p,miranda,Tier_B,Bioinformatic prediction (multiMiR),predicted
EDIL3,hsa-miR-335-3p,miranda,Tier_B,Bioinformatic prediction (multiMiR),predicted
COL3A1,hsa-miR-3125,miranda,Tier_B,Bioinformatic prediction (multiMiR),predicted
THBS3,hsa-miR-548o-3p,miranda,Tier_B,Bioinformatic prediction (multiMiR),predicted
COL8A1,hsa-miR-143-3p,miranda,Tier_B,Bioinformatic prediction (multiMiR),predicted
COL11A1,hsa-miR-323a-3p,miranda,Tier_B,Bioinformatic prediction (multiMiR),predicted
ISM1,hsa-miR-1826,miranda,Tier_B,Bioinformatic prediction (multiMiR),predicted
COL3A1,hsa-miR-410-3p,miranda,Tier_B,Bioinformatic prediction (multiMiR),predicted
VCAN,hsa-miR-3148,miranda,Tier_B,Bioinformatic prediction (multiMiR),predicted
COL11A1,hsa-miR-545-3p,miranda,Tier_B,Bioinformatic prediction (multiMiR),predicted
COL8A1,hsa-miR-548s,miranda,Tier_B,Bioinformatic prediction (multiMiR),predicted
VCAN,hsa-miR-576-5p,miranda,Tier_B,Bioinformatic prediction (multiMiR),predicted
LOX,hsa-miR-1290,miranda,Tier_B,Bioinformatic prediction (multiMiR),predicted
INHBA,hsa-miR-4287,miranda,Tier_B,Bioinformatic prediction (multiMiR),predicted
VCAN,hsa-miR-675-3p,miranda,Tier_B,Bioinformatic prediction (multiMiR),predicted
COL11A1,hsa-miR-4251,miranda,Tier_B,Bioinformatic prediction (multiMiR),predicted
FN1,hsa-miR-4275,miranda,Tier_B,Bioinformatic prediction (multiMiR),predicted
LOX,hsa-miR-200b-3p,miranda,Tier_B,Bioinformatic prediction (multiMiR),predicted
LOX,hsa-miR-200c-3p,miranda,Tier_B,Bioinformatic prediction (multiMiR),predicted
ISM1,hsa-miR-548x-3p,miranda,Tier_B,Bioinformatic prediction (multiMiR),predicted
LOX,hsa-miR-3129-5p,miranda,Tier_B,Bioinformatic prediction (multiMiR),predicted
LOX,hsa-miR-26b-3p,miranda,Tier_B,Bioinformatic prediction (multiMiR),predicted
FN1,hsa-miR-4326,miranda,Tier_B,Bioinformatic prediction (multiMiR),predicted
LOX,hsa-miR-429,miranda,Tier_B,Bioinformatic prediction (multiMiR),predicted
EDIL3,hsa-miR-524-5p,miranda,Tier_B,Bioinformatic prediction (multiMiR),predicted
VCAN,hsa-miR-1179,miranda,Tier_B,Bioinformatic prediction (multiMiR),predicted
VCAN,hsa-miR-4291,miranda,Tier_B,Bioinformatic prediction (multiMiR),predicted
LOX,hsa-miR-199a-3p,miranda,Tier_B,Bioinformatic prediction (multiMiR),predicted
LOX,hsa-miR-199b-3p,miranda,Tier_B,Bioinformatic prediction (multiMiR),predicted
COL8A1,hsa-miR-323b-5p,miranda,Tier_B,Bioinformatic prediction (multiMiR),predicted
EDIL3,hsa-miR-520d-5p,miranda,Tier_B,Bioinformatic prediction (multiMiR),predicted
VCAN,hsa-miR-1184,miranda,Tier_B,Bioinformatic prediction (multiMiR),predicted
COL11A1,hsa-miR-567,miranda,Tier_B,Bioinformatic prediction (multiMiR),predicted
INHBA,hsa-miR-205-5p,miranda,Tier_B,Bioinformatic prediction (multiMiR),predicted
COL11A1,hsa-miR-142-5p,miranda,Tier_B,Bioinformatic prediction (multiMiR),predicted
FN1,hsa-miR-429,miranda,Tier_B,Bioinformatic prediction (multiMiR),predicted
LOX,hsa-miR-218-5p,miranda,Tier_B,Bioinformatic prediction (multiMiR),predicted
LOX,hsa-miR-548m,miranda,Tier_B,Bioinformatic prediction (multiMiR),predicted
EDIL3,hsa-miR-548s,miranda,Tier_B,Bioinformatic prediction (multiMiR),predicted
COL3A1,hsa-miR-634,miranda,Tier_B,Bioinformatic prediction (multiMiR),predicted
COL11A1,hsa-miR-4287,miranda,Tier_B,Bioinformatic prediction (multiMiR),predicted
COL3A1,hsa-miR-323a-3p,miranda,Tier_B,Bioinformatic prediction (multiMiR),predicted
FN1,hsa-miR-200b-3p,miranda,Tier_B,Bioinformatic prediction (multiMiR),predicted
FN1,hsa-miR-200c-3p,miranda,Tier_B,Bioinformatic prediction (multiMiR),predicted
LOX,hsa-miR-590-3p,miranda,Tier_B,Bioinformatic prediction (multiMiR),predicted
FN1,hsa-miR-589-3p,miranda,Tier_B,Bioinformatic prediction (multiMiR),predicted
COL11A1,hsa-miR-1185-5p,miranda,Tier_B,Bioinformatic prediction (multiMiR),predicted
LOX,hsa-miR-508-3p,miranda,Tier_B,Bioinformatic prediction (multiMiR),predicted
EDIL3,hsa-miR-135a-5p,miranda,Tier_B,Bioinformatic prediction (multiMiR),predicted
EDIL3,hsa-miR-135b-5p,miranda,Tier_B,Bioinformatic prediction (multiMiR),predicted
EDIL3,hsa-miR-216a-5p,miranda,Tier_B,Bioinformatic prediction (multiMiR),predicted
COL11A1,hsa-miR-1248,miranda,Tier_B,Bioinformatic prediction (multiMiR),predicted
COL11A1,hsa-miR-362-5p,miranda,Tier_B,Bioinformatic prediction (multiMiR),predicted
LOX,hsa-miR-9-3p,miranda,Tier_B,Bioinformatic prediction (multiMiR),predicted
LOX,hsa-miR-376a-3p,miranda,Tier_B,Bioinformatic prediction (multiMiR),predicted
LOX,hsa-miR-376b-3p,miranda,Tier_B,Bioinformatic prediction (multiMiR),predicted
LOX,hsa-miR-1246,miranda,Tier_B,Bioinformatic prediction (multiMiR),predicted
FN1,hsa-miR-1262,miranda,Tier_B,Bioinformatic prediction (multiMiR),predicted
VCAN,hsa-miR-944,miranda,Tier_B,Bioinformatic prediction (multiMiR),predicted
COL3A1,hsa-miR-4314,miranda,Tier_B,Bioinformatic prediction (multiMiR),predicted
COL11A1,hsa-miR-202-3p,miranda,Tier_B,Bioinformatic prediction (multiMiR),predicted
LOX,hsa-miR-2052,miranda,Tier_B,Bioinformatic prediction (multiMiR),predicted
COL3A1,hsa-miR-3146,miranda,Tier_B,Bioinformatic prediction (multiMiR),predicted
COL11A1,hsa-miR-544a,miranda,Tier_B,Bioinformatic prediction (multiMiR),predicted
LOX,hsa-miR-4273,miranda,Tier_B,Bioinformatic prediction (multiMiR),predicted
FN1,hsa-miR-590-3p,miranda,Tier_B,Bioinformatic prediction (multiMiR),predicted
INHBA,hsa-miR-942-5p,miranda,Tier_B,Bioinformatic prediction (multiMiR),predicted
COL3A1,hsa-miR-583,miranda,Tier_B,Bioinformatic prediction (multiMiR),predicted
COL3A1,hsa-miR-3158-3p,miranda,Tier_B,Bioinformatic prediction (multiMiR),predicted
ISM1,hsa-miR-204-5p,miranda,Tier_B,Bioinformatic prediction (multiMiR),predicted
ISM1,hsa-miR-211-5p,miranda,Tier_B,Bioinformatic prediction (multiMiR),predicted
LOX,hsa-miR-3065-3p,miranda,Tier_B,Bioinformatic prediction (multiMiR),predicted
COL11A1,hsa-miR-3127-5p,miranda,Tier_B,Bioinformatic prediction (multiMiR),predicted
FN1,hsa-miR-1915-3p,miranda,Tier_B,Bioinformatic prediction (multiMiR),predicted
INHBA,hsa-miR-631,miranda,Tier_B,Bioinformatic prediction (multiMiR),predicted
ISM1,hsa-miR-374b-3p,miranda,Tier_B,Bioinformatic prediction (multiMiR),predicted
LOX,hsa-miR-548p,miranda,Tier_B,Bioinformatic prediction (multiMiR),predicted
LOX,hsa-miR-103a-3p,miranda,Tier_B,Bioinformatic prediction (multiMiR),predicted
LOX,hsa-miR-107,miranda,Tier_B,Bioinformatic prediction (multiMiR),predicted
THBS3,hsa-miR-519e-3p,miranda,Tier_B,Bioinformatic prediction (multiMiR),predicted
THBS3,hsa-miR-33b-3p,miranda,Tier_B,Bioinformatic prediction (multiMiR),predicted
COL3A1,hsa-miR-149-3p,miranda,Tier_B,Bioinformatic prediction (multiMiR),predicted
VCAN,hsa-miR-92a-3p,miranda,Tier_B,Bioinformatic prediction (multiMiR),predicted
COL11A1,hsa-miR-2115-3p,miranda,Tier_B,Bioinformatic prediction (multiMiR),predicted
THBS3,hsa-miR-515-3p,miranda,Tier_B,Bioinformatic prediction (multiMiR),predicted
VCAN,hsa-miR-367-3p,miranda,Tier_B,Bioinformatic prediction (multiMiR),predicted
COL8A1,hsa-miR-20a-3p,miranda,Tier_B,Bioinformatic prediction (multiMiR),predicted
COL11A1,hsa-miR-383-5p,miranda,Tier_B,Bioinformatic prediction (multiMiR),predicted
COL11A1,hsa-miR-1208,miranda,Tier_B,Bioinformatic prediction (multiMiR),predicted
VCAN,hsa-miR-3150a-3p,miranda,Tier_B,Bioinformatic prediction (multiMiR),predicted
ISM1,hsa-miR-130b-5p,miranda,Tier_B,Bioinformatic prediction (multiMiR),predicted
COL11A1,hsa-miR-29a-3p,miranda,Tier_B,Bioinformatic prediction (multiMiR),predicted
COL11A1,hsa-miR-29b-3p,miranda,Tier_B,Bioinformatic prediction (multiMiR),predicted
COL11A1,hsa-miR-29c-3p,miranda,Tier_B,Bioinformatic prediction (multiMiR),predicted
COL3A1,hsa-miR-548p,miranda,Tier_B,Bioinformatic prediction (multiMiR),predicted
VCAN,hsa-miR-656-3p,miranda,Tier_B,Bioinformatic prediction (multiMiR),predicted
VCAN,hsa-miR-1250-5p,miranda,Tier_B,Bioinformatic prediction (multiMiR),predicted
EDIL3,hsa-miR-548x-3p,miranda,Tier_B,Bioinformatic prediction (multiMiR),predicted
COL3A1,hsa-miR-4256,miranda,Tier_B,Bioinformatic prediction (multiMiR),predicted
LOX,hsa-miR-3115,miranda,Tier_B,Bioinformatic prediction (multiMiR),predicted
EDIL3,hsa-miR-218-1-3p,miranda,Tier_B,Bioinformatic prediction (multiMiR),predicted
COL8A1,hsa-miR-30c-1-3p,miranda,Tier_B,Bioinformatic prediction (multiMiR),predicted
COL8A1,hsa-miR-548c-5p,miranda,Tier_B,Bioinformatic prediction (multiMiR),predicted
LOX,hsa-miR-507,miranda,Tier_B,Bioinformatic prediction (multiMiR),predicted
FN1,hsa-miR-511-5p,miranda,Tier_B,Bioinformatic prediction (multiMiR),predicted
COL11A1,hsa-miR-365a-5p,miranda,Tier_B,Bioinformatic prediction (multiMiR),predicted
COL3A1,hsa-miR-4297,miranda,Tier_B,Bioinformatic prediction (multiMiR),predicted
ISM1,hsa-miR-148a-5p,miranda,Tier_B,Bioinformatic prediction (multiMiR),predicted
COL11A1,hsa-let-7a-3p,miranda,Tier_B,Bioinformatic prediction (multiMiR),predicted
COL11A1,hsa-let-7f-1-3p,miranda,Tier_B,Bioinformatic prediction (multiMiR),predicted
EDIL3,hsa-miR-516b-3p,miranda,Tier_B,Bioinformatic prediction (multiMiR),predicted
EDIL3,hsa-miR-516a-3p,miranda,Tier_B,Bioinformatic prediction (multiMiR),predicted
LOX,hsa-miR-557,miranda,Tier_B,Bioinformatic prediction (multiMiR),predicted
LOX,hsa-miR-539-5p,miranda,Tier_B,Bioinformatic prediction (multiMiR),predicted
COL11A1,hsa-let-7b-3p,miranda,Tier_B,Bioinformatic prediction (multiMiR),predicted
COL11A1,hsa-miR-548o-3p,miranda,Tier_B,Bioinformatic prediction (multiMiR),predicted
COL11A1,hsa-miR-1323,miranda,Tier_B,Bioinformatic prediction (multiMiR),predicted
COL8A1,hsa-miR-374a-5p,miranda,Tier_B,Bioinformatic prediction (multiMiR),predicted
COL3A1,hsa-miR-138-2-3p,miranda,Tier_B,Bioinformatic prediction (multiMiR),predicted
EDIL3,hsa-miR-4261,miranda,Tier_B,Bioinformatic prediction (multiMiR),predicted
COL3A1,hsa-miR-767-5p,miranda,Tier_B,Bioinformatic prediction (multiMiR),predicted
COL3A1,hsa-miR-335-3p,miranda,Tier_B,Bioinformatic prediction (multiMiR),predicted
COL8A1,hsa-miR-502-5p,miranda,Tier_B,Bioinformatic prediction (multiMiR),predicted
COL3A1,hsa-miR-452-5p,miranda,Tier_B,Bioinformatic prediction (multiMiR),predicted
COL11A1,hsa-miR-593-5p,miranda,Tier_B,Bioinformatic prediction (multiMiR),predicted
ISM1,hsa-miR-130a-5p,miranda,Tier_B,Bioinformatic prediction (multiMiR),predicted
EDIL3,hsa-miR-218-2-3p,miranda,Tier_B,Bioinformatic prediction (multiMiR),predicted
COL3A1,hsa-miR-1321,miranda,Tier_B,Bioinformatic prediction (multiMiR),predicted
COL3A1,hsa-miR-186-5p,miranda,Tier_B,Bioinformatic prediction (multiMiR),predicted
VCAN,hsa-miR-3117-3p,miranda,Tier_B,Bioinformatic prediction (multiMiR),predicted
ISM1,hsa-miR-23a-3p,miranda,Tier_B,Bioinformatic prediction (multiMiR),predicted
ISM1,hsa-miR-23b-3p,miranda,Tier_B,Bioinformatic prediction (multiMiR),predicted
FN1,hsa-miR-9-3p,miranda,Tier_B,Bioinformatic prediction (multiMiR),predicted
FN1,hsa-miR-3129-5p,miranda,Tier_B,Bioinformatic prediction (multiMiR),predicted
INHBA,hsa-miR-509-5p,miranda,Tier_B,Bioinformatic prediction (multiMiR),predicted
COL3A1,hsa-miR-505-3p,miranda,Tier_B,Bioinformatic prediction (multiMiR),predicted
LOX,hsa-miR-1273d,miranda,Tier_B,Bioinformatic prediction (multiMiR),predicted
LOX,hsa-miR-3148,miranda,Tier_B,Bioinformatic prediction (multiMiR),predicted
VCAN,hsa-miR-551b-5p,miranda,Tier_B,Bioinformatic prediction (multiMiR),predicted
FN1,hsa-miR-199a-3p,miranda,Tier_B,Bioinformatic prediction (multiMiR),predicted
FN1,hsa-miR-199b-3p,miranda,Tier_B,Bioinformatic prediction (multiMiR),predicted
EDIL3,hsa-miR-548f-3p,miranda,Tier_B,Bioinformatic prediction (multiMiR),predicted
ISM1,hsa-miR-1236-3p,miranda,Tier_B,Bioinformatic prediction (multiMiR),predicted
COL3A1,hsa-miR-3120-3p,miranda,Tier_B,Bioinformatic prediction (multiMiR),predicted
EDIL3,hsa-miR-548a-3p,miranda,Tier_B,Bioinformatic prediction (multiMiR),predicted
EDIL3,hsa-miR-548e-3p,miranda,Tier_B,Bioinformatic prediction (multiMiR),predicted
LOX,hsa-miR-944,miranda,Tier_B,Bioinformatic prediction (multiMiR),predicted
FN1,hsa-miR-548t-5p,miranda,Tier_B,Bioinformatic prediction (multiMiR),predicted
COL11A1,hsa-miR-548a-5p,miranda,Tier_B,Bioinformatic prediction (multiMiR),predicted
ISM1,hsa-miR-590-5p,miranda,Tier_B,Bioinformatic prediction (multiMiR),predicted
COL8A1,hsa-miR-511-5p,miranda,Tier_B,Bioinformatic prediction (multiMiR),predicted
LOX,hsa-miR-660-5p,miranda,Tier_B,Bioinformatic prediction (multiMiR),predicted
COL11A1,hsa-miR-548b-5p,miranda,Tier_B,Bioinformatic prediction (multiMiR),predicted
COL11A1,hsa-miR-548c-5p,miranda,Tier_B,Bioinformatic prediction (multiMiR),predicted
COL11A1,hsa-miR-548d-5p,miranda,Tier_B,Bioinformatic prediction (multiMiR),predicted
COL11A1,hsa-miR-548h-5p,miranda,Tier_B,Bioinformatic prediction (multiMiR),predicted
COL11A1,hsa-miR-548i,miranda,Tier_B,Bioinformatic prediction (multiMiR),predicted
COL11A1,hsa-miR-548w,miranda,Tier_B,Bioinformatic prediction (multiMiR),predicted
ISM1,hsa-miR-21-5p,miranda,Tier_B,Bioinformatic prediction (multiMiR),predicted
FN1,hsa-miR-548l,miranda,Tier_B,Bioinformatic prediction (multiMiR),predicted
COL11A1,hsa-miR-548n,miranda,Tier_B,Bioinformatic prediction (multiMiR),predicted
COL11A1,hsa-miR-559,miranda,Tier_B,Bioinformatic prediction (multiMiR),predicted
COL11A1,hsa-miR-548j-5p,miranda,Tier_B,Bioinformatic prediction (multiMiR),predicted
COL11A1,hsa-miR-3148,miranda,Tier_B,Bioinformatic prediction (multiMiR),predicted
VCAN,hsa-miR-369-3p,miranda,Tier_B,Bioinformatic prediction (multiMiR),predicted
COL3A1,hsa-miR-653-5p,miranda,Tier_B,Bioinformatic prediction (multiMiR),predicted
VCAN,hsa-miR-1288-3p,miranda,Tier_B,Bioinformatic prediction (multiMiR),predicted
COL3A1,hsa-miR-576-5p,miranda,Tier_B,Bioinformatic prediction (multiMiR),predicted
COL11A1,hsa-miR-545-5p,miranda,Tier_B,Bioinformatic prediction (multiMiR),predicted
COL11A1,hsa-miR-513a-3p,miranda,Tier_B,Bioinformatic prediction (multiMiR),predicted
FN1,hsa-miR-217-5p,miranda,Tier_B,Bioinformatic prediction (multiMiR),predicted
VCAN,hsa-miR-548k,miranda,Tier_B,Bioinformatic prediction (multiMiR),predicted
COL11A1,hsa-miR-603,miranda,Tier_B,Bioinformatic prediction (multiMiR),predicted
COL11A1,hsa-miR-338-5p,miranda,Tier_B,Bioinformatic prediction (multiMiR),predicted
ISM1,hsa-miR-380-3p,miranda,Tier_B,Bioinformatic prediction (multiMiR),predicted
FN1,hsa-miR-26a-5p,miranda,Tier_B,Bioinformatic prediction (multiMiR),predicted
FN1,hsa-miR-26b-5p,miranda,Tier_B,Bioinformatic prediction (multiMiR),predicted
FN1,hsa-miR-3148,miranda,Tier_B,Bioinformatic prediction (multiMiR),predicted
LOX,hsa-miR-135a-5p,miranda,Tier_B,Bioinformatic prediction (multiMiR),predicted
COL3A1,hsa-miR-16-2-3p,miranda,Tier_B,Bioinformatic prediction (multiMiR),predicted
VCAN,hsa-miR-9-5p,miranda,Tier_B,Bioinformatic prediction (multiMiR),predicted
COL8A1,hsa-miR-892a,miranda,Tier_B,Bioinformatic prediction (multiMiR),predicted
COL3A1,hsa-miR-195-3p,miranda,Tier_B,Bioinformatic prediction (multiMiR),predicted
COL3A1,hsa-miR-4311,miranda,Tier_B,Bioinformatic prediction (multiMiR),predicted
COL11A1,hsa-miR-3065-3p,miranda,Tier_B,Bioinformatic prediction (multiMiR),predicted
LOX,hsa-miR-455-3p,miranda,Tier_B,Bioinformatic prediction (multiMiR),predicted
COL11A1,hsa-miR-498-5p,miranda,Tier_B,Bioinformatic prediction (multiMiR),predicted
FN1,hsa-miR-4282,miranda,Tier_B,Bioinformatic prediction (multiMiR),predicted
COL3A1,hsa-miR-548m,miranda,Tier_B,Bioinformatic prediction (multiMiR),predicted
FN1,hsa-miR-647,miranda,Tier_B,Bioinformatic prediction (multiMiR),predicted
LOX,hsa-miR-146a-3p,miranda,Tier_B,Bioinformatic prediction (multiMiR),predicted
COL11A1,hsa-miR-126-5p,miranda,Tier_B,Bioinformatic prediction (multiMiR),predicted
COL8A1,hsa-miR-526b-5p,miranda,Tier_B,Bioinformatic prediction (multiMiR),predicted
INHBA,hsa-miR-509-3-5p,miranda,Tier_B,Bioinformatic prediction (multiMiR),predicted
COL3A1,hsa-miR-3167,miranda,Tier_B,Bioinformatic prediction (multiMiR),predicted
COL3A1,hsa-miR-876-5p,miranda,Tier_B,Bioinformatic prediction (multiMiR),predicted
COL3A1,hsa-miR-545-3p,miranda,Tier_B,Bioinformatic prediction (multiMiR),predicted
COL11A1,hsa-miR-374a-3p,miranda,Tier_B,Bioinformatic prediction (multiMiR),predicted
COL8A1,hsa-miR-4312,miranda,Tier_B,Bioinformatic prediction (multiMiR),predicted
VCAN,hsa-miR-4262,miranda,Tier_B,Bioinformatic prediction (multiMiR),predicted
VCAN,hsa-miR-543,miranda,Tier_B,Bioinformatic prediction (multiMiR),predicted
VCAN,hsa-miR-513a-3p,miranda,Tier_B,Bioinformatic prediction (multiMiR),predicted
FN1,hsa-miR-27a-3p,miranda,Tier_B,Bioinformatic prediction (multiMiR),predicted
FN1,hsa-miR-27b-3p,miranda,Tier_B,Bioinformatic prediction (multiMiR),predicted
VCAN,hsa-miR-181a-5p,miranda,Tier_B,Bioinformatic prediction (multiMiR),predicted
VCAN,hsa-miR-181b-5p,miranda,Tier_B,Bioinformatic prediction (multiMiR),predicted
COL11A1,hsa-miR-381-3p,miranda,Tier_B,Bioinformatic prediction (multiMiR),predicted
COL11A1,hsa-miR-300,miranda,Tier_B,Bioinformatic prediction (multiMiR),predicted
LOX,hsa-miR-3164,miranda,Tier_B,Bioinformatic prediction (multiMiR),predicted
VCAN,hsa-miR-181d-5p,miranda,Tier_B,Bioinformatic prediction (multiMiR),predicted
COL3A1,hsa-miR-1305,miranda,Tier_B,Bioinformatic prediction (multiMiR),predicted
COL11A1,hsa-miR-363-3p,miranda,Tier_B,Bioinformatic prediction (multiMiR),predicted
VCAN,hsa-miR-181c-5p,miranda,Tier_B,Bioinformatic prediction (multiMiR),predicted
COL11A1,hsa-miR-1255a,miranda,Tier_B,Bioinformatic prediction (multiMiR),predicted
COL11A1,hsa-miR-1255b-5p,miranda,Tier_B,Bioinformatic prediction (multiMiR),predicted
COL11A1,hsa-miR-32-5p,miranda,Tier_B,Bioinformatic prediction (multiMiR),predicted
VCAN,hsa-miR-1259,miranda,Tier_B,Bioinformatic prediction (multiMiR),predicted
COL11A1,hsa-miR-25-3p,miranda,Tier_B,Bioinformatic prediction (multiMiR),predicted
COL11A1,hsa-miR-367-3p,miranda,Tier_B,Bioinformatic prediction (multiMiR),predicted
VCAN,hsa-miR-631,miranda,Tier_B,Bioinformatic prediction (multiMiR),predicted
INHBA,hsa-miR-452-3p,miranda,Tier_B,Bioinformatic prediction (multiMiR),predicted
LOX,hsa-miR-183-5p,miranda,Tier_B,Bioinformatic prediction (multiMiR),predicted
COL11A1,hsa-miR-92a-3p,miranda,Tier_B,Bioinformatic prediction (multiMiR),predicted
COL11A1,hsa-miR-92b-3p,miranda,Tier_B,Bioinformatic prediction (multiMiR),predicted
COL11A1,hsa-miR-1253,miranda,Tier_B,Bioinformatic prediction (multiMiR),predicted
VCAN,hsa-miR-626,miranda,Tier_B,Bioinformatic prediction (multiMiR),predicted
COL8A1,hsa-miR-4318,miranda,Tier_B,Bioinformatic prediction (multiMiR),predicted
VCAN,hsa-miR-632,miranda,Tier_B,Bioinformatic prediction (multiMiR),predicted
VCAN,hsa-miR-4288,miranda,Tier_B,Bioinformatic prediction (multiMiR),predicted
VCAN,hsa-miR-103a-3p,miranda,Tier_B,Bioinformatic prediction (multiMiR),predicted
VCAN,hsa-miR-107,miranda,Tier_B,Bioinformatic prediction (multiMiR),predicted
LOX,hsa-miR-488-5p,miranda,Tier_B,Bioinformatic prediction (multiMiR),predicted
ISM1,hsa-miR-4328,miranda,Tier_B,Bioinformatic prediction (multiMiR),predicted
VCAN,hsa-miR-200a-3p,miranda,Tier_B,Bioinformatic prediction (multiMiR),predicted
VCAN,hsa-miR-141-3p,miranda,Tier_B,Bioinformatic prediction (multiMiR),predicted
EDIL3,hsa-miR-514a-3p,miranda,Tier_B,Bioinformatic prediction (multiMiR),predicted
COL8A1,hsa-miR-410-3p,miranda,Tier_B,Bioinformatic prediction (multiMiR),predicted
EDIL3,hsa-miR-137-3p,miranda,Tier_B,Bioinformatic prediction (multiMiR),predicted
COL8A1,hsa-miR-1915-5p,miranda,Tier_B,Bioinformatic prediction (multiMiR),predicted
COL8A1,hsa-miR-1303,miranda,Tier_B,Bioinformatic prediction (multiMiR),predicted
FN1,hsa-miR-3174,miranda,Tier_B,Bioinformatic prediction (multiMiR),predicted
COL11A1,hsa-miR-541-5p,miranda,Tier_B,Bioinformatic prediction (multiMiR),predicted
COL11A1,hsa-miR-767-5p,miranda,Tier_B,Bioinformatic prediction (multiMiR),predicted
LOX,hsa-miR-876-5p,miranda,Tier_B,Bioinformatic prediction (multiMiR),predicted
COL3A1,hsa-miR-380-5p,miranda,Tier_B,Bioinformatic prediction (multiMiR),predicted
COL3A1,hsa-miR-563,miranda,Tier_B,Bioinformatic prediction (multiMiR),predicted
COL3A1,hsa-let-7b-5p,miranda,Tier_B,Bioinformatic prediction (multiMiR),predicted
COL3A1,hsa-let-7f-5p,miranda,Tier_B,Bioinformatic prediction (multiMiR),predicted
COL3A1,hsa-let-7i-5p,miranda,Tier_B,Bioinformatic prediction (multiMiR),predicted
LOX,hsa-miR-3167,miranda,Tier_B,Bioinformatic prediction (multiMiR),predicted
LOX,hsa-miR-2117,miranda,Tier_B,Bioinformatic prediction (multiMiR),predicted
COL3A1,hsa-let-7a-5p,miranda,Tier_B,Bioinformatic prediction (multiMiR),predicted
COL3A1,hsa-let-7c-5p,miranda,Tier_B,Bioinformatic prediction (multiMiR),predicted
COL3A1,hsa-let-7d-5p,miranda,Tier_B,Bioinformatic prediction (multiMiR),predicted
COL3A1,hsa-let-7e-5p,miranda,Tier_B,Bioinformatic prediction (multiMiR),predicted
COL3A1,hsa-miR-98-5p,miranda,Tier_B,Bioinformatic prediction (multiMiR),predicted
COL3A1,hsa-let-7g-5p,miranda,Tier_B,Bioinformatic prediction (multiMiR),predicted
LOX,hsa-miR-548t-5p,miranda,Tier_B,Bioinformatic prediction (multiMiR),predicted
VCAN,hsa-miR-485-3p,miranda,Tier_B,Bioinformatic prediction (multiMiR),predicted
FN1,hsa-miR-1243,miranda,Tier_B,Bioinformatic prediction (multiMiR),predicted
EDIL3,hsa-let-7f-1-3p,miranda,Tier_B,Bioinformatic prediction (multiMiR),predicted
COL8A1,hsa-miR-142-3p,miranda,Tier_B,Bioinformatic prediction (multiMiR),predicted
VCAN,hsa-miR-466,miranda,Tier_B,Bioinformatic prediction (multiMiR),predicted
EDIL3,hsa-let-7a-3p,miranda,Tier_B,Bioinformatic prediction (multiMiR),predicted
LOX,hsa-miR-616-5p,miranda,Tier_B,Bioinformatic prediction (multiMiR),predicted
COL3A1,hsa-miR-518f-5p,miranda,Tier_B,Bioinformatic prediction (multiMiR),predicted
COL3A1,hsa-miR-526a-5p,miranda,Tier_B,Bioinformatic prediction (multiMiR),predicted
COL3A1,hsa-miR-520c-5p,miranda,Tier_B,Bioinformatic prediction (multiMiR),predicted
COL3A1,hsa-miR-518d-5p,miranda,Tier_B,Bioinformatic prediction (multiMiR),predicted
COL3A1,hsa-miR-3148,miranda,Tier_B,Bioinformatic prediction (multiMiR),predicted
COL3A1,hsa-miR-519c-5p,miranda,Tier_B,Bioinformatic prediction (multiMiR),predicted
COL3A1,hsa-miR-519b-5p,miranda,Tier_B,Bioinformatic prediction (multiMiR),predicted
COL3A1,hsa-miR-523-5p,miranda,Tier_B,Bioinformatic prediction (multiMiR),predicted
COL3A1,hsa-miR-518e-5p,miranda,Tier_B,Bioinformatic prediction (multiMiR),predicted
COL3A1,hsa-miR-522-5p,miranda,Tier_B,Bioinformatic prediction (multiMiR),predicted
COL3A1,hsa-miR-519a-5p,miranda,Tier_B,Bioinformatic prediction (multiMiR),predicted
LOX,hsa-miR-373-5p,miranda,Tier_B,Bioinformatic prediction (multiMiR),predicted
EDIL3,hsa-miR-551b-5p,miranda,Tier_B,Bioinformatic prediction (multiMiR),predicted
ISM1,hsa-miR-548i,miranda,Tier_B,Bioinformatic prediction (multiMiR),predicted
ISM1,hsa-miR-548b-5p,miranda,Tier_B,Bioinformatic prediction (multiMiR),predicted
ISM1,hsa-miR-548a-5p,miranda,Tier_B,Bioinformatic prediction (multiMiR),predicted
ISM1,hsa-miR-548c-5p,miranda,Tier_B,Bioinformatic prediction (multiMiR),predicted
ISM1,hsa-miR-548d-5p,miranda,Tier_B,Bioinformatic prediction (multiMiR),predicted
ISM1,hsa-miR-548h-5p,miranda,Tier_B,Bioinformatic prediction (multiMiR),predicted
ISM1,hsa-miR-548w,miranda,Tier_B,Bioinformatic prediction (multiMiR),predicted
ISM1,hsa-miR-559,miranda,Tier_B,Bioinformatic prediction (multiMiR),predicted
ISM1,hsa-miR-548j-5p,miranda,Tier_B,Bioinformatic prediction (multiMiR),predicted
COL11A1,hsa-miR-1273a,miranda,Tier_B,Bioinformatic prediction (multiMiR),predicted
COL11A1,hsa-miR-369-3p,miranda,Tier_B,Bioinformatic prediction (multiMiR),predicted
FN1,hsa-miR-615-5p,miranda,Tier_B,Bioinformatic prediction (multiMiR),predicted
VCAN,hsa-miR-129-5p,miranda,Tier_B,Bioinformatic prediction (multiMiR),predicted
VCAN,hsa-miR-135a-5p,miranda,Tier_B,Bioinformatic prediction (multiMiR),predicted
VCAN,hsa-miR-135b-5p,miranda,Tier_B,Bioinformatic prediction (multiMiR),predicted
VCAN,hsa-let-7a-3p,miranda,Tier_B,Bioinformatic prediction (multiMiR),predicted
COL3A1,hsa-miR-29a-3p,miranda,Tier_B,Bioinformatic prediction (multiMiR),predicted
COL3A1,hsa-miR-29b-3p,miranda,Tier_B,Bioinformatic prediction (multiMiR),predicted
COL3A1,hsa-miR-29c-3p,miranda,Tier_B,Bioinformatic prediction (multiMiR),predicted
COL8A1,hsa-miR-496,miranda,Tier_B,Bioinformatic prediction (multiMiR),predicted
EDIL3,hsa-miR-2115-3p,miranda,Tier_B,Bioinformatic prediction (multiMiR),predicted
COL3A1,hsa-miR-3163,miranda,Tier_B,Bioinformatic prediction (multiMiR),predicted
VCAN,hsa-let-7f-2-3p,miranda,Tier_B,Bioinformatic prediction (multiMiR),predicted
LOX,hsa-miR-135a-3p,miranda,Tier_B,Bioinformatic prediction (multiMiR),predicted
VCAN,hsa-let-7f-1-3p,miranda,Tier_B,Bioinformatic prediction (multiMiR),predicted
COL3A1,hsa-miR-3115,miranda,Tier_B,Bioinformatic prediction (multiMiR),predicted
VCAN,hsa-let-7b-3p,miranda,Tier_B,Bioinformatic prediction (multiMiR),predicted
FN1,hsa-miR-577,miranda,Tier_B,Bioinformatic prediction (multiMiR),predicted
VCAN,hsa-miR-758-3p,miranda,Tier_B,Bioinformatic prediction (multiMiR),predicted
ISM1,hsa-miR-374b-5p,miranda,Tier_B,Bioinformatic prediction (multiMiR),predicted
EDIL3,hsa-miR-361-5p,miranda,Tier_B,Bioinformatic prediction (multiMiR),predicted
COL3A1,hsa-miR-128-3p,miranda,Tier_B,Bioinformatic prediction (multiMiR),predicted
VCAN,hsa-miR-650,miranda,Tier_B,Bioinformatic prediction (multiMiR),predicted
LOX,hsa-miR-520f-3p,miranda,Tier_B,Bioinformatic prediction (multiMiR),predicted
ISM1,hsa-miR-374a-5p,miranda,Tier_B,Bioinformatic prediction (multiMiR),predicted
COL11A1,hsa-miR-340-5p,miranda,Tier_B,Bioinformatic prediction (multiMiR),predicted
COL3A1,hsa-miR-2113,miranda,Tier_B,Bioinformatic prediction (multiMiR),predicted
ISM1,hsa-miR-2052,miranda,Tier_B,Bioinformatic prediction (multiMiR),predicted
EDIL3,hsa-miR-509-5p,miranda,Tier_B,Bioinformatic prediction (multiMiR),predicted
EDIL3,hsa-miR-509-3-5p,miranda,Tier_B,Bioinformatic prediction (multiMiR),predicted
COL11A1,hsa-miR-655-3p,miranda,Tier_B,Bioinformatic prediction (multiMiR),predicted
VCAN,hsa-miR-3159,miranda,Tier_B,Bioinformatic prediction (multiMiR),predicted
EDIL3,hsa-miR-513a-5p,miranda,Tier_B,Bioinformatic prediction (multiMiR),predicted
COL3A1,hsa-miR-3138,miranda,Tier_B,Bioinformatic prediction (multiMiR),predicted
COL11A1,hsa-miR-630,miranda,Tier_B,Bioinformatic prediction (multiMiR),predicted
COL11A1,hsa-miR-196b-5p,miranda,Tier_B,Bioinformatic prediction (multiMiR),predicted
COL11A1,hsa-miR-196a-5p,miranda,Tier_B,Bioinformatic prediction (multiMiR),predicted
COL11A1,hsa-miR-195-3p,miranda,Tier_B,Bioinformatic prediction (multiMiR),predicted
COL11A1,hsa-miR-16-2-3p,miranda,Tier_B,Bioinformatic prediction (multiMiR),predicted
COL3A1,hsa-miR-513a-3p,miranda,Tier_B,Bioinformatic prediction (multiMiR),predicted
COL3A1,hsa-miR-4282,miranda,Tier_B,Bioinformatic prediction (multiMiR),predicted
COL11A1,hsa-miR-568,miranda,Tier_B,Bioinformatic prediction (multiMiR),predicted
COL11A1,hsa-miR-1264,miranda,Tier_B,Bioinformatic prediction (multiMiR),predicted
LOX,hsa-miR-30e-5p,miranda,Tier_B,Bioinformatic prediction (multiMiR),predicted
LOX,hsa-miR-30a-5p,miranda,Tier_B,Bioinformatic prediction (multiMiR),predicted
LOX,hsa-miR-30c-5p,miranda,Tier_B,Bioinformatic prediction (multiMiR),predicted
LOX,hsa-miR-30d-5p,miranda,Tier_B,Bioinformatic prediction (multiMiR),predicted
LOX,hsa-miR-30b-5p,miranda,Tier_B,Bioinformatic prediction (multiMiR),predicted
ISM1,hsa-miR-568,miranda,Tier_B,Bioinformatic prediction (multiMiR),predicted
COL11A1,hsa-miR-491-3p,miranda,Tier_B,Bioinformatic prediction (multiMiR),predicted
VCAN,hsa-miR-522-3p,miranda,Tier_B,Bioinformatic prediction (multiMiR),predicted
FN1,hsa-miR-613,miranda,Tier_B,Bioinformatic prediction (multiMiR),predicted
COL3A1,hsa-miR-590-3p,miranda,Tier_B,Bioinformatic prediction (multiMiR),predicted
VCAN,hsa-miR-224-3p,miranda,Tier_B,Bioinformatic prediction (multiMiR),predicted
VCAN,hsa-miR-4289,miranda,Tier_B,Bioinformatic prediction (multiMiR),predicted
COL3A1,hsa-miR-548t-5p,miranda,Tier_B,Bioinformatic prediction (multiMiR),predicted
COL11A1,hsa-miR-488-5p,miranda,Tier_B,Bioinformatic prediction (multiMiR),predicted
COL11A1,hsa-miR-3121-3p,miranda,Tier_B,Bioinformatic prediction (multiMiR),predicted
FN1,hsa-miR-4318,miranda,Tier_B,Bioinformatic prediction (multiMiR),predicted
ISM1,hsa-miR-875-5p,miranda,Tier_B,Bioinformatic prediction (multiMiR),predicted
COL11A1,hsa-miR-30d-3p,miranda,Tier_B,Bioinformatic prediction (multiMiR),predicted
COL11A1,hsa-miR-30e-3p,miranda,Tier_B,Bioinformatic prediction (multiMiR),predicted
FN1,hsa-miR-96-5p,miranda,Tier_B,Bioinformatic prediction (multiMiR),predicted
COL11A1,hsa-miR-302f,miranda,Tier_B,Bioinformatic prediction (multiMiR),predicted
FN1,hsa-miR-1271-5p,miranda,Tier_B,Bioinformatic prediction (multiMiR),predicted
COL3A1,hsa-miR-580-3p,miranda,Tier_B,Bioinformatic prediction (multiMiR),predicted
ISM1,hsa-miR-224-5p,miranda,Tier_B,Bioinformatic prediction (multiMiR),predicted
COL11A1,hsa-miR-200c-5p,miranda,Tier_B,Bioinformatic prediction (multiMiR),predicted
COL11A1,hsa-miR-550a-3p,miranda,Tier_B,Bioinformatic prediction (multiMiR),predicted
ISM1,hsa-miR-340-3p,miranda,Tier_B,Bioinformatic prediction (multiMiR),predicted
FN1,hsa-miR-144-3p,miranda,Tier_B,Bioinformatic prediction (multiMiR),predicted
VCAN,hsa-miR-655-3p,miranda,Tier_B,Bioinformatic prediction (multiMiR),predicted
COL3A1,hsa-miR-524-5p,miranda,Tier_B,Bioinformatic prediction (multiMiR),predicted
COL3A1,hsa-miR-520d-5p,miranda,Tier_B,Bioinformatic prediction (multiMiR),predicted
FN1,hsa-miR-1-3p,miranda,Tier_B,Bioinformatic prediction (multiMiR),predicted
FN1,hsa-miR-206,miranda,Tier_B,Bioinformatic prediction (multiMiR),predicted
ISM1,hsa-miR-126-5p,miranda,Tier_B,Bioinformatic prediction (multiMiR),predicted
ISM1,hsa-miR-548b-3p,miranda,Tier_B,Bioinformatic prediction (multiMiR),predicted
COL11A1,hsa-miR-335-3p,miranda,Tier_B,Bioinformatic prediction (multiMiR),predicted
VCAN,hsa-miR-524-5p,miranda,Tier_B,Bioinformatic prediction (multiMiR),predicted
VCAN,hsa-miR-520d-5p,miranda,Tier_B,Bioinformatic prediction (multiMiR),predicted
ISM1,hsa-miR-450b-5p,miranda,Tier_B,Bioinformatic prediction (multiMiR),predicted
COL3A1,hsa-miR-219a-2-3p,miranda,Tier_B,Bioinformatic prediction (multiMiR),predicted
VCAN,hsa-miR-3164,miranda,Tier_B,Bioinformatic prediction (multiMiR),predicted
COL3A1,hsa-miR-1-3p,miranda,Tier_B,Bioinformatic prediction (multiMiR),predicted
COL11A1,hsa-miR-4328,miranda,Tier_B,Bioinformatic prediction (multiMiR),predicted
VCAN,hsa-miR-548o-3p,miranda,Tier_B,Bioinformatic prediction (multiMiR),predicted
VCAN,hsa-miR-1323,miranda,Tier_B,Bioinformatic prediction (multiMiR),predicted
ISM1,hsa-miR-518a-5p,miranda,Tier_B,Bioinformatic prediction (multiMiR),predicted
ISM1,hsa-miR-527,miranda,Tier_B,Bioinformatic prediction (multiMiR),predicted
COL3A1,hsa-miR-3145-3p,miranda,Tier_B,Bioinformatic prediction (multiMiR),predicted
INHBA,hsa-miR-6867-5p,mirdb,Tier_B,Bioinformatic prediction (multiMiR),predicted
COL3A1,hsa-miR-5682,mirdb,Tier_B,Bioinformatic prediction (multiMiR),predicted
COL3A1,hsa-miR-29b-3p,mirdb,Tier_B,Bioinformatic prediction (multiMiR),predicted
COL3A1,hsa-miR-29a-3p,mirdb,Tier_B,Bioinformatic prediction (multiMiR),predicted
COL3A1,hsa-miR-29c-3p,mirdb,Tier_B,Bioinformatic prediction (multiMiR),predicted
COL11A1,hsa-miR-5011-5p,mirdb,Tier_B,Bioinformatic prediction (multiMiR),predicted
LOX,hsa-miR-4698,mirdb,Tier_B,Bioinformatic prediction (multiMiR),predicted
LOX,hsa-miR-3065-3p,mirdb,Tier_B,Bioinformatic prediction (multiMiR),predicted
LOX,hsa-miR-8063,mirdb,Tier_B,Bioinformatic prediction (multiMiR),predicted
VCAN,hsa-miR-5696,mirdb,Tier_B,Bioinformatic prediction (multiMiR),predicted
COL11A1,hsa-miR-29b-3p,mirdb,Tier_B,Bioinformatic prediction (multiMiR),predicted
COL11A1,hsa-miR-29a-3p,mirdb,Tier_B,Bioinformatic prediction (multiMiR),predicted
COL11A1,hsa-miR-29c-3p,mirdb,Tier_B,Bioinformatic prediction (multiMiR),predicted
EDIL3,hsa-miR-3163,mirdb,Tier_B,Bioinformatic prediction (multiMiR),predicted
COL11A1,hsa-miR-3148,mirdb,Tier_B,Bioinformatic prediction (multiMiR),predicted
EDIL3,hsa-miR-4261,mirdb,Tier_B,Bioinformatic prediction (multiMiR),predicted
EDIL3,hsa-miR-561-3p,mirdb,Tier_B,Bioinformatic prediction (multiMiR),predicted
FN1,hsa-miR-3124-3p,mirdb,Tier_B,Bioinformatic prediction (multiMiR),predicted
EDIL3,hsa-miR-7-1-3p,mirdb,Tier_B,Bioinformatic prediction (multiMiR),predicted
EDIL3,hsa-miR-7-2-3p,mirdb,Tier_B,Bioinformatic prediction (multiMiR),predicted
EDIL3,hsa-miR-147b-5p,mirdb,Tier_B,Bioinformatic prediction (multiMiR),predicted
EDIL3,hsa-miR-4802-5p,mirdb,Tier_B,Bioinformatic prediction (multiMiR),predicted
EDIL3,hsa-miR-1843,mirdb,Tier_B,Bioinformatic prediction (multiMiR),predicted
EDIL3,hsa-miR-4666a-3p,mirdb,Tier_B,Bioinformatic prediction (multiMiR),predicted
COL11A1,hsa-miR-1253,mirdb,Tier_B,Bioinformatic prediction (multiMiR),predicted
LOX,hsa-miR-4668-3p,mirdb,Tier_B,Bioinformatic prediction (multiMiR),predicted
COL11A1,hsa-miR-4775,mirdb,Tier_B,Bioinformatic prediction (multiMiR),predicted
LOX,hsa-miR-3646,mirdb,Tier_B,Bioinformatic prediction (multiMiR),predicted
COL11A1,hsa-miR-587,mirdb,Tier_B,Bioinformatic prediction (multiMiR),predicted
LOX,hsa-miR-6728-3p,mirdb,Tier_B,Bioinformatic prediction (multiMiR),predicted
COL11A1,hsa-miR-5580-3p,mirdb,Tier_B,Bioinformatic prediction (multiMiR),predicted
EDIL3,hsa-miR-5584-5p,mirdb,Tier_B,Bioinformatic prediction (multiMiR),predicted
COL3A1,hsa-miR-6871-3p,mirdb,Tier_B,Bioinformatic prediction (multiMiR),predicted
COL11A1,hsa-miR-5692a,mirdb,Tier_B,Bioinformatic prediction (multiMiR),predicted
LOX,hsa-miR-3662,mirdb,Tier_B,Bioinformatic prediction (multiMiR),predicted
COL11A1,hsa-miR-3065-3p,mirdb,Tier_B,Bioinformatic prediction (multiMiR),predicted
FN1,hsa-miR-144-3p,mirdb,Tier_B,Bioinformatic prediction (multiMiR),predicted
COL3A1,hsa-miR-767-5p,mirdb,Tier_B,Bioinformatic prediction (multiMiR),predicted
COL11A1,hsa-miR-4251,mirdb,Tier_B,Bioinformatic prediction (multiMiR),predicted
EDIL3,hsa-miR-5011-5p,mirdb,Tier_B,Bioinformatic prediction (multiMiR),predicted
EDIL3,hsa-miR-4282,mirdb,Tier_B,Bioinformatic prediction (multiMiR),predicted
EDIL3,hsa-miR-4719,mirdb,Tier_B,Bioinformatic prediction (multiMiR),predicted
COL11A1,hsa-miR-767-5p,mirdb,Tier_B,Bioinformatic prediction (multiMiR),predicted
THBS3,hsa-miR-1182,mirdb,Tier_B,Bioinformatic prediction (multiMiR),predicted
FN1,hsa-miR-4318,mirdb,Tier_B,Bioinformatic prediction (multiMiR),predicted
COL11A1,hsa-miR-651-3p,mirdb,Tier_B,Bioinformatic prediction (multiMiR),predicted
EDIL3,hsa-let-7b-3p,mirdb,Tier_B,Bioinformatic prediction (multiMiR),predicted
EDIL3,hsa-let-7a-3p,mirdb,Tier_B,Bioinformatic prediction (multiMiR),predicted
EDIL3,hsa-let-7f-1-3p,mirdb,Tier_B,Bioinformatic prediction (multiMiR),predicted
EDIL3,hsa-miR-98-3p,mirdb,Tier_B,Bioinformatic prediction (multiMiR),predicted
EDIL3,hsa-miR-548a-5p,mirdb,Tier_B,Bioinformatic prediction (multiMiR),predicted
EDIL3,hsa-miR-548ab,mirdb,Tier_B,Bioinformatic prediction (multiMiR),predicted
EDIL3,hsa-miR-548ak,mirdb,Tier_B,Bioinformatic prediction (multiMiR),predicted
EDIL3,hsa-miR-548am-5p,mirdb,Tier_B,Bioinformatic prediction (multiMiR),predicted
EDIL3,hsa-miR-548ap-5p,mirdb,Tier_B,Bioinformatic prediction (multiMiR),predicted
EDIL3,hsa-miR-548ar-5p,mirdb,Tier_B,Bioinformatic prediction (multiMiR),predicted
EDIL3,hsa-miR-548as-5p,mirdb,Tier_B,Bioinformatic prediction (multiMiR),predicted
EDIL3,hsa-miR-548au-5p,mirdb,Tier_B,Bioinformatic prediction (multiMiR),predicted
EDIL3,hsa-miR-548b-5p,mirdb,Tier_B,Bioinformatic prediction (multiMiR),predicted
EDIL3,hsa-miR-548c-5p,mirdb,Tier_B,Bioinformatic prediction (multiMiR),predicted
EDIL3,hsa-miR-548d-5p,mirdb,Tier_B,Bioinformatic prediction (multiMiR),predicted
EDIL3,hsa-miR-548h-5p,mirdb,Tier_B,Bioinformatic prediction (multiMiR),predicted
EDIL3,hsa-miR-548i,mirdb,Tier_B,Bioinformatic prediction (multiMiR),predicted
EDIL3,hsa-miR-548o-5p,mirdb,Tier_B,Bioinformatic prediction (multiMiR),predicted
EDIL3,hsa-miR-548w,mirdb,Tier_B,Bioinformatic prediction (multiMiR),predicted
EDIL3,hsa-miR-548y,mirdb,Tier_B,Bioinformatic prediction (multiMiR),predicted
EDIL3,hsa-miR-548ad-5p,mirdb,Tier_B,Bioinformatic prediction (multiMiR),predicted
EDIL3,hsa-miR-548ae-5p,mirdb,Tier_B,Bioinformatic prediction (multiMiR),predicted
EDIL3,hsa-miR-548ay-5p,mirdb,Tier_B,Bioinformatic prediction (multiMiR),predicted
EDIL3,hsa-miR-548bb-5p,mirdb,Tier_B,Bioinformatic prediction (multiMiR),predicted
EDIL3,hsa-miR-548j-5p,mirdb,Tier_B,Bioinformatic prediction (multiMiR),predicted
EDIL3,hsa-miR-559,mirdb,Tier_B,Bioinformatic prediction (multiMiR),predicted
COL3A1,hsa-miR-4500,mirdb,Tier_B,Bioinformatic prediction (multiMiR),predicted
EDIL3,hsa-miR-548aq-5p,mirdb,Tier_B,Bioinformatic prediction (multiMiR),predicted
COL3A1,hsa-let-7b-5p,mirdb,Tier_B,Bioinformatic prediction (multiMiR),predicted
COL3A1,hsa-let-7e-5p,mirdb,Tier_B,Bioinformatic prediction (multiMiR),predicted
COL3A1,hsa-let-7a-5p,mirdb,Tier_B,Bioinformatic prediction (multiMiR),predicted
COL3A1,hsa-let-7g-5p,mirdb,Tier_B,Bioinformatic prediction (multiMiR),predicted
COL3A1,hsa-let-7i-5p,mirdb,Tier_B,Bioinformatic prediction (multiMiR),predicted
COL3A1,hsa-miR-98-5p,mirdb,Tier_B,Bioinformatic prediction (multiMiR),predicted
COL3A1,hsa-let-7f-5p,mirdb,Tier_B,Bioinformatic prediction (multiMiR),predicted
COL3A1,hsa-let-7c-5p,mirdb,Tier_B,Bioinformatic prediction (multiMiR),predicted
COL11A1,hsa-miR-3663-3p,mirdb,Tier_B,Bioinformatic prediction (multiMiR),predicted
COL11A1,hsa-miR-1277-5p,mirdb,Tier_B,Bioinformatic prediction (multiMiR),predicted
VCAN,hsa-miR-455-5p,mirdb,Tier_B,Bioinformatic prediction (multiMiR),predicted
FN1,hsa-miR-4752,mirdb,Tier_B,Bioinformatic prediction (multiMiR),predicted
FN1,hsa-miR-4668-5p,mirdb,Tier_B,Bioinformatic prediction (multiMiR),predicted
COL8A1,hsa-miR-4659a-3p,mirdb,Tier_B,Bioinformatic prediction (multiMiR),predicted
COL8A1,hsa-miR-4659b-3p,mirdb,Tier_B,Bioinformatic prediction (multiMiR),predicted
COL3A1,hsa-let-7d-5p,mirdb,Tier_B,Bioinformatic prediction (multiMiR),predicted
COL3A1,hsa-miR-4458,mirdb,Tier_B,Bioinformatic prediction (multiMiR),predicted
COL11A1,hsa-miR-3671,mirdb,Tier_B,Bioinformatic prediction (multiMiR),predicted
VCAN,hsa-miR-6846-3p,mirdb,Tier_B,Bioinformatic prediction (multiMiR),predicted
COL11A1,hsa-miR-381-3p,mirdb,Tier_B,Bioinformatic prediction (multiMiR),predicted
COL11A1,hsa-miR-300,mirdb,Tier_B,Bioinformatic prediction (multiMiR),predicted
VCAN,hsa-miR-23a-3p,mirdb,Tier_B,Bioinformatic prediction (multiMiR),predicted
VCAN,hsa-miR-23b-3p,mirdb,Tier_B,Bioinformatic prediction (multiMiR),predicted
VCAN,hsa-miR-23c,mirdb,Tier_B,Bioinformatic prediction (multiMiR),predicted
COL3A1,hsa-miR-6759-3p,mirdb,Tier_B,Bioinformatic prediction (multiMiR),predicted
LOX,hsa-miR-944,mirdb,Tier_B,Bioinformatic prediction (multiMiR),predicted
EDIL3,hsa-miR-551b-5p,mirdb,Tier_B,Bioinformatic prediction (multiMiR),predicted
COL8A1,hsa-miR-3910,mirdb,Tier_B,Bioinformatic prediction (multiMiR),predicted
EDIL3,hsa-miR-518a-5p,mirdb,Tier_B,Bioinformatic prediction (multiMiR),predicted
EDIL3,hsa-miR-527,mirdb,Tier_B,Bioinformatic prediction (multiMiR),predicted
ISM1,hsa-miR-450b-5p,mirdb,Tier_B,Bioinformatic prediction (multiMiR),predicted
COL11A1,hsa-miR-1267,mirdb,Tier_B,Bioinformatic prediction (multiMiR),predicted
COL11A1,hsa-miR-488-3p,mirdb,Tier_B,Bioinformatic prediction (multiMiR),predicted
EDIL3,hsa-miR-4672,mirdb,Tier_B,Bioinformatic prediction (multiMiR),predicted
THBS3,hsa-miR-6827-5p,mirdb,Tier_B,Bioinformatic prediction (multiMiR),predicted
COL11A1,hsa-miR-6767-3p,mirdb,Tier_B,Bioinformatic prediction (multiMiR),predicted
FN1,hsa-miR-200b-3p,mirdb,Tier_B,Bioinformatic prediction (multiMiR),predicted
FN1,hsa-miR-429,mirdb,Tier_B,Bioinformatic prediction (multiMiR),predicted
FN1,hsa-miR-200c-3p,mirdb,Tier_B,Bioinformatic prediction (multiMiR),predicted
LOX,hsa-miR-29b-3p,mirdb,Tier_B,Bioinformatic prediction (multiMiR),predicted
LOX,hsa-miR-29a-3p,mirdb,Tier_B,Bioinformatic prediction (multiMiR),predicted
LOX,hsa-miR-29c-3p,mirdb,Tier_B,Bioinformatic prediction (multiMiR),predicted
COL11A1,hsa-miR-4776-3p,mirdb,Tier_B,Bioinformatic prediction (multiMiR),predicted
COL8A1,hsa-miR-1290,mirdb,Tier_B,Bioinformatic prediction (multiMiR),predicted
LOX,hsa-miR-145-5p,mirdb,Tier_B,Bioinformatic prediction (multiMiR),predicted
LOX,hsa-miR-5195-3p,mirdb,Tier_B,Bioinformatic prediction (multiMiR),predicted
LOX,hsa-miR-6733-5p,mirdb,Tier_B,Bioinformatic prediction (multiMiR),predicted
LOX,hsa-miR-6739-5p,mirdb,Tier_B,Bioinformatic prediction (multiMiR),predicted
VCAN,hsa-miR-3612,mirdb,Tier_B,Bioinformatic prediction (multiMiR),predicted
COL11A1,hsa-miR-891a-3p,mirdb,Tier_B,Bioinformatic prediction (multiMiR),predicted
COL8A1,hsa-miR-335-3p,mirdb,Tier_B,Bioinformatic prediction (multiMiR),predicted
LOX,hsa-miR-200b-3p,mirdb,Tier_B,Bioinformatic prediction (multiMiR),predicted
LOX,hsa-miR-429,mirdb,Tier_B,Bioinformatic prediction (multiMiR),predicted
LOX,hsa-miR-200c-3p,mirdb,Tier_B,Bioinformatic prediction (multiMiR),predicted
LOX,hsa-miR-3153,mirdb,Tier_B,Bioinformatic prediction (multiMiR),predicted
VCAN,hsa-miR-3175,mirdb,Tier_B,Bioinformatic prediction (multiMiR),predicted
THBS3,hsa-miR-6783-3p,mirdb,Tier_B,Bioinformatic prediction (multiMiR),predicted
EDIL3,hsa-miR-599,mirdb,Tier_B,Bioinformatic prediction (multiMiR),predicted
VCAN,hsa-miR-12136,mirdb,Tier_B,Bioinformatic prediction (multiMiR),predicted
VCAN,hsa-miR-650,mirdb,Tier_B,Bioinformatic prediction (multiMiR),predicted
FN1,hsa-miR-3161,mirdb,Tier_B,Bioinformatic prediction (multiMiR),predicted
THBS3,hsa-miR-6852-5p,mirdb,Tier_B,Bioinformatic prediction (multiMiR),predicted
COL11A1,hsa-miR-548an,mirdb,Tier_B,Bioinformatic prediction (multiMiR),predicted
COL11A1,hsa-miR-580-3p,mirdb,Tier_B,Bioinformatic prediction (multiMiR),predicted
EDIL3,hsa-miR-4775,mirdb,Tier_B,Bioinformatic prediction (multiMiR),predicted
VCAN,hsa-miR-141-3p,mirdb,Tier_B,Bioinformatic prediction (multiMiR),predicted
VCAN,hsa-miR-200a-3p,mirdb,Tier_B,Bioinformatic prediction (multiMiR),predicted
COL3A1,hsa-miR-548t-5p,mirdb,Tier_B,Bioinformatic prediction (multiMiR),predicted
COL3A1,hsa-miR-548az-5p,mirdb,Tier_B,Bioinformatic prediction (multiMiR),predicted
VCAN,hsa-miR-524-5p,mirdb,Tier_B,Bioinformatic prediction (multiMiR),predicted
VCAN,hsa-miR-520d-5p,mirdb,Tier_B,Bioinformatic prediction (multiMiR),predicted
FN1,hsa-miR-3685,mirdb,Tier_B,Bioinformatic prediction (multiMiR),predicted
COL3A1,hsa-miR-3942-3p,mirdb,Tier_B,Bioinformatic prediction (multiMiR),predicted
FN1,hsa-miR-4516,mirdb,Tier_B,Bioinformatic prediction (multiMiR),predicted
INHBA,hsa-miR-4789-5p,mirdb,Tier_B,Bioinformatic prediction (multiMiR),predicted
EDIL3,hsa-miR-7154-5p,mirdb,Tier_B,Bioinformatic prediction (multiMiR),predicted
VCAN,hsa-miR-6849-3p,mirdb,Tier_B,Bioinformatic prediction (multiMiR),predicted
EDIL3,hsa-miR-4639-5p,mirdb,Tier_B,Bioinformatic prediction (multiMiR),predicted
FN1,hsa-miR-7-1-3p,mirdb,Tier_B,Bioinformatic prediction (multiMiR),predicted
FN1,hsa-miR-7-2-3p,mirdb,Tier_B,Bioinformatic prediction (multiMiR),predicted
EDIL3,hsa-miR-4677-5p,mirdb,Tier_B,Bioinformatic prediction (multiMiR),predicted
INHBA,hsa-miR-4672,mirdb,Tier_B,Bioinformatic prediction (multiMiR),predicted
EDIL3,hsa-miR-450b-5p,mirdb,Tier_B,Bioinformatic prediction (multiMiR),predicted
EDIL3,hsa-miR-4496,mirdb,Tier_B,Bioinformatic prediction (multiMiR),predicted
COL11A1,hsa-miR-4659b-5p,mirdb,Tier_B,Bioinformatic prediction (multiMiR),predicted
FN1,hsa-miR-4531,mirdb,Tier_B,Bioinformatic prediction (multiMiR),predicted
COL11A1,hsa-miR-3910,mirdb,Tier_B,Bioinformatic prediction (multiMiR),predicted
VCAN,hsa-miR-1289,mirdb,Tier_B,Bioinformatic prediction (multiMiR),predicted
EDIL3,hsa-miR-103a-3p,mirdb,Tier_B,Bioinformatic prediction (multiMiR),predicted
EDIL3,hsa-miR-107,mirdb,Tier_B,Bioinformatic prediction (multiMiR),predicted
EDIL3,hsa-miR-361-5p,mirdb,Tier_B,Bioinformatic prediction (multiMiR),predicted
COL11A1,hsa-miR-12136,mirdb,Tier_B,Bioinformatic prediction (multiMiR),predicted
LOX,hsa-miR-122b-5p,mirdb,Tier_B,Bioinformatic prediction (multiMiR),predicted
EDIL3,hsa-miR-3662,mirdb,Tier_B,Bioinformatic prediction (multiMiR),predicted
EDIL3,hsa-miR-506-5p,mirdb,Tier_B,Bioinformatic prediction (multiMiR),predicted
EDIL3,hsa-miR-190a-3p,mirdb,Tier_B,Bioinformatic prediction (multiMiR),predicted
COL11A1,hsa-miR-3147,mirdb,Tier_B,Bioinformatic prediction (multiMiR),predicted
LOX,hsa-miR-548e-5p,mirdb,Tier_B,Bioinformatic prediction (multiMiR),predicted
LOX,hsa-miR-6757-5p,mirdb,Tier_B,Bioinformatic prediction (multiMiR),predicted
VCAN,hsa-miR-9-5p,mirdb,Tier_B,Bioinformatic prediction (multiMiR),predicted
COL11A1,hsa-let-7b-3p,mirdb,Tier_B,Bioinformatic prediction (multiMiR),predicted
COL11A1,hsa-let-7a-3p,mirdb,Tier_B,Bioinformatic prediction (multiMiR),predicted
COL11A1,hsa-let-7f-1-3p,mirdb,Tier_B,Bioinformatic prediction (multiMiR),predicted
COL11A1,hsa-miR-98-3p,mirdb,Tier_B,Bioinformatic prediction (multiMiR),predicted
VCAN,hsa-miR-6512-3p,mirdb,Tier_B,Bioinformatic prediction (multiMiR),predicted
VCAN,hsa-miR-6720-5p,mirdb,Tier_B,Bioinformatic prediction (multiMiR),predicted
LOX,hsa-miR-3613-3p,mirdb,Tier_B,Bioinformatic prediction (multiMiR),predicted
EDIL3,hsa-miR-137-3p,mirdb,Tier_B,Bioinformatic prediction (multiMiR),predicted
COL8A1,hsa-miR-627-3p,mirdb,Tier_B,Bioinformatic prediction (multiMiR),predicted
VCAN,hsa-miR-33a-5p,mirdb,Tier_B,Bioinformatic prediction (multiMiR),predicted
VCAN,hsa-miR-33b-5p,mirdb,Tier_B,Bioinformatic prediction (multiMiR),predicted
LOX,hsa-miR-30a-5p,mirdb,Tier_B,Bioinformatic prediction (multiMiR),predicted
LOX,hsa-miR-30e-5p,mirdb,Tier_B,Bioinformatic prediction (multiMiR),predicted
LOX,hsa-miR-30c-5p,mirdb,Tier_B,Bioinformatic prediction (multiMiR),predicted
LOX,hsa-miR-30d-5p,mirdb,Tier_B,Bioinformatic prediction (multiMiR),predicted
LOX,hsa-miR-30b-5p,mirdb,Tier_B,Bioinformatic prediction (multiMiR),predicted
COL11A1,hsa-miR-5590-5p,mirdb,Tier_B,Bioinformatic prediction (multiMiR),predicted
COL3A1,hsa-miR-205-3p,mirdb,Tier_B,Bioinformatic prediction (multiMiR),predicted
VCAN,hsa-miR-4424,mirdb,Tier_B,Bioinformatic prediction (multiMiR),predicted
VCAN,hsa-miR-4729,mirdb,Tier_B,Bioinformatic prediction (multiMiR),predicted
COL11A1,hsa-miR-16-2-3p,mirdb,Tier_B,Bioinformatic prediction (multiMiR),predicted
COL11A1,hsa-miR-195-3p,mirdb,Tier_B,Bioinformatic prediction (multiMiR),predicted
COL3A1,hsa-miR-3613-3p,mirdb,Tier_B,Bioinformatic prediction (multiMiR),predicted
COL11A1,hsa-miR-9851-3p,mirdb,Tier_B,Bioinformatic prediction (multiMiR),predicted
THBS3,hsa-miR-1343-3p,mirdb,Tier_B,Bioinformatic prediction (multiMiR),predicted
EDIL3,hsa-miR-590-3p,mirdb,Tier_B,Bioinformatic prediction (multiMiR),predicted
COL11A1,hsa-miR-6504-3p,mirdb,Tier_B,Bioinformatic prediction (multiMiR),predicted
COL11A1,hsa-miR-10399-5p,mirdb,Tier_B,Bioinformatic prediction (multiMiR),predicted
EDIL3,hsa-miR-5692a,mirdb,Tier_B,Bioinformatic prediction (multiMiR),predicted
EDIL3,hsa-miR-496,mirdb,Tier_B,Bioinformatic prediction (multiMiR),predicted
FN1,hsa-miR-889-3p,mirdb,Tier_B,Bioinformatic prediction (multiMiR),predicted
FN1,hsa-miR-6881-3p,mirdb,Tier_B,Bioinformatic prediction (multiMiR),predicted
EDIL3,hsa-miR-425-5p,mirdb,Tier_B,Bioinformatic prediction (multiMiR),predicted
COL11A1,hsa-miR-559,mirdb,Tier_B,Bioinformatic prediction (multiMiR),predicted
EDIL3,hsa-miR-548p,mirdb,Tier_B,Bioinformatic prediction (multiMiR),predicted
EDIL3,hsa-miR-24-1-5p,mirdb,Tier_B,Bioinformatic prediction (multiMiR),predicted
EDIL3,hsa-miR-24-2-5p,mirdb,Tier_B,Bioinformatic prediction (multiMiR),predicted
COL3A1,hsa-miR-665,mirdb,Tier_B,Bioinformatic prediction (multiMiR),predicted
EDIL3,hsa-miR-524-5p,mirdb,Tier_B,Bioinformatic prediction (multiMiR),predicted
EDIL3,hsa-miR-520d-5p,mirdb,Tier_B,Bioinformatic prediction (multiMiR),predicted
LOX,hsa-miR-383-3p,mirdb,Tier_B,Bioinformatic prediction (multiMiR),predicted
ISM1,hsa-miR-95-5p,mirdb,Tier_B,Bioinformatic prediction (multiMiR),predicted
FN1,hsa-miR-1271-5p,mirdb,Tier_B,Bioinformatic prediction (multiMiR),predicted
FN1,hsa-miR-12133,mirdb,Tier_B,Bioinformatic prediction (multiMiR),predicted
FN1,hsa-miR-3148,mirdb,Tier_B,Bioinformatic prediction (multiMiR),predicted
EDIL3,hsa-miR-651-3p,mirdb,Tier_B,Bioinformatic prediction (multiMiR),predicted
COL11A1,hsa-miR-891b,mirdb,Tier_B,Bioinformatic prediction (multiMiR),predicted
COL11A1,hsa-miR-4774-5p,mirdb,Tier_B,Bioinformatic prediction (multiMiR),predicted
FN1,hsa-miR-7114-5p,mirdb,Tier_B,Bioinformatic prediction (multiMiR),predicted
LOX,hsa-miR-16-1-3p,mirdb,Tier_B,Bioinformatic prediction (multiMiR),predicted
EDIL3,hsa-miR-381-3p,mirdb,Tier_B,Bioinformatic prediction (multiMiR),predicted
EDIL3,hsa-miR-300,mirdb,Tier_B,Bioinformatic prediction (multiMiR),predicted
COL11A1,hsa-miR-6124,mirdb,Tier_B,Bioinformatic prediction (multiMiR),predicted
COL11A1,hsa-miR-200c-5p,mirdb,Tier_B,Bioinformatic prediction (multiMiR),predicted
COL11A1,hsa-miR-550a-3p,mirdb,Tier_B,Bioinformatic prediction (multiMiR),predicted
FN1,hsa-miR-5703,mirdb,Tier_B,Bioinformatic prediction (multiMiR),predicted
FN1,hsa-miR-4434,mirdb,Tier_B,Bioinformatic prediction (multiMiR),predicted
COL11A1,hsa-miR-137-3p,mirdb,Tier_B,Bioinformatic prediction (multiMiR),predicted
VCAN,hsa-miR-1250-3p,mirdb,Tier_B,Bioinformatic prediction (multiMiR),predicted
LOX,hsa-miR-1299,mirdb,Tier_B,Bioinformatic prediction (multiMiR),predicted
LOX,hsa-miR-101-5p,mirdb,Tier_B,Bioinformatic prediction (multiMiR),predicted
COL8A1,hsa-miR-6828-5p,mirdb,Tier_B,Bioinformatic prediction (multiMiR),predicted
LOX,hsa-miR-27b-3p,mirdb,Tier_B,Bioinformatic prediction (multiMiR),predicted
LOX,hsa-miR-27a-3p,mirdb,Tier_B,Bioinformatic prediction (multiMiR),predicted
LOX,hsa-miR-9985,mirdb,Tier_B,Bioinformatic prediction (multiMiR),predicted
FN1,hsa-miR-6882-5p,mirdb,Tier_B,Bioinformatic prediction (multiMiR),predicted
COL11A1,hsa-miR-212-3p,mirdb,Tier_B,Bioinformatic prediction (multiMiR),predicted
COL11A1,hsa-miR-132-3p,mirdb,Tier_B,Bioinformatic prediction (multiMiR),predicted
COL3A1,hsa-miR-4670-3p,mirdb,Tier_B,Bioinformatic prediction (multiMiR),predicted
FN1,hsa-miR-96-5p,mirdb,Tier_B,Bioinformatic prediction (multiMiR),predicted
EDIL3,hsa-miR-376c-3p,mirdb,Tier_B,Bioinformatic prediction (multiMiR),predicted
COL3A1,hsa-miR-219a-2-3p,mirdb,Tier_B,Bioinformatic prediction (multiMiR),predicted
COL11A1,hsa-miR-3613-3p,mirdb,Tier_B,Bioinformatic prediction (multiMiR),predicted
VCAN,hsa-miR-122b-5p,mirdb,Tier_B,Bioinformatic prediction (multiMiR),predicted
COL11A1,hsa-miR-4659a-5p,mirdb,Tier_B,Bioinformatic prediction (multiMiR),predicted
FN1,hsa-miR-4646-5p,mirdb,Tier_B,Bioinformatic prediction (multiMiR),predicted
INHBA,hsa-miR-6861-5p,mirdb,Tier_B,Bioinformatic prediction (multiMiR),predicted
VCAN,hsa-miR-6777-3p,mirdb,Tier_B,Bioinformatic prediction (multiMiR),predicted
EDIL3,hsa-miR-466,mirdb,Tier_B,Bioinformatic prediction (multiMiR),predicted
LOX,hsa-miR-888-3p,mirdb,Tier_B,Bioinformatic prediction (multiMiR),predicted
THBS3,hsa-miR-8074,mirdb,Tier_B,Bioinformatic prediction (multiMiR),predicted
THBS3,hsa-miR-7155-5p,mirdb,Tier_B,Bioinformatic prediction (multiMiR),predicted
INHBA,hsa-miR-4302,mirdb,Tier_B,Bioinformatic prediction (multiMiR),predicted
COL3A1,hsa-miR-380-5p,mirdb,Tier_B,Bioinformatic prediction (multiMiR),predicted
COL11A1,hsa-miR-302c-5p,mirdb,Tier_B,Bioinformatic prediction (multiMiR),predicted
LOX,hsa-miR-181b-5p,mirdb,Tier_B,Bioinformatic prediction (multiMiR),predicted
LOX,hsa-miR-181a-5p,mirdb,Tier_B,Bioinformatic prediction (multiMiR),predicted
LOX,hsa-miR-181c-5p,mirdb,Tier_B,Bioinformatic prediction (multiMiR),predicted
LOX,hsa-miR-4262,mirdb,Tier_B,Bioinformatic prediction (multiMiR),predicted
LOX,hsa-miR-181d-5p,mirdb,Tier_B,Bioinformatic prediction (multiMiR),predicted
LOX,hsa-miR-33a-3p,mirdb,Tier_B,Bioinformatic prediction (multiMiR),predicted
FN1,hsa-miR-298,mirdb,Tier_B,Bioinformatic prediction (multiMiR),predicted
EDIL3,hsa-miR-3646,mirdb,Tier_B,Bioinformatic prediction (multiMiR),predicted
ISM1,hsa-let-7b-3p,mirdb,Tier_B,Bioinformatic prediction (multiMiR),predicted
ISM1,hsa-let-7a-3p,mirdb,Tier_B,Bioinformatic prediction (multiMiR),predicted
ISM1,hsa-let-7f-1-3p,mirdb,Tier_B,Bioinformatic prediction (multiMiR),predicted
ISM1,hsa-miR-98-3p,mirdb,Tier_B,Bioinformatic prediction (multiMiR),predicted
FN1,hsa-miR-27b-3p,mirdb,Tier_B,Bioinformatic prediction (multiMiR),predicted
FN1,hsa-miR-27a-3p,mirdb,Tier_B,Bioinformatic prediction (multiMiR),predicted
FN1,hsa-miR-9985,mirdb,Tier_B,Bioinformatic prediction (multiMiR),predicted
COL3A1,hsa-miR-545-3p,mirdb,Tier_B,Bioinformatic prediction (multiMiR),predicted
COL3A1,hsa-miR-4474-3p,mirdb,Tier_B,Bioinformatic prediction (multiMiR),predicted
EDIL3,hsa-miR-338-5p,mirdb,Tier_B,Bioinformatic prediction (multiMiR),predicted
FN1,hsa-miR-136-5p,mirdb,Tier_B,Bioinformatic prediction (multiMiR),predicted
COL8A1,hsa-miR-3136-5p,mirdb,Tier_B,Bioinformatic prediction (multiMiR),predicted
COL8A1,hsa-miR-4439,mirdb,Tier_B,Bioinformatic prediction (multiMiR),predicted
LOX,hsa-miR-149-5p,mirdb,Tier_B,Bioinformatic prediction (multiMiR),predicted
INHBA,hsa-miR-6811-3p,mirdb,Tier_B,Bioinformatic prediction (multiMiR),predicted
ISM1,hsa-miR-508-5p,mirdb,Tier_B,Bioinformatic prediction (multiMiR),predicted
VCAN,hsa-miR-4309,mirdb,Tier_B,Bioinformatic prediction (multiMiR),predicted
FN1,hsa-miR-3163,mirdb,Tier_B,Bioinformatic prediction (multiMiR),predicted
EDIL3,hsa-miR-1252-3p,mirdb,Tier_B,Bioinformatic prediction (multiMiR),predicted
COL3A1,hsa-miR-524-5p,mirdb,Tier_B,Bioinformatic prediction (multiMiR),predicted
COL3A1,hsa-miR-520d-5p,mirdb,Tier_B,Bioinformatic prediction (multiMiR),predicted
ISM1,hsa-miR-6857-5p,mirdb,Tier_B,Bioinformatic prediction (multiMiR),predicted
VCAN,hsa-miR-4760-5p,mirdb,Tier_B,Bioinformatic prediction (multiMiR),predicted
COL8A1,hsa-miR-892a,mirdb,Tier_B,Bioinformatic prediction (multiMiR),predicted
COL11A1,hsa-miR-593-5p,mirdb,Tier_B,Bioinformatic prediction (multiMiR),predicted
EDIL3,hsa-miR-340-5p,mirdb,Tier_B,Bioinformatic prediction (multiMiR),predicted
COL11A1,hsa-miR-548a-5p,mirdb,Tier_B,Bioinformatic prediction (multiMiR),predicted
COL11A1,hsa-miR-548ab,mirdb,Tier_B,Bioinformatic prediction (multiMiR),predicted
COL11A1,hsa-miR-548ak,mirdb,Tier_B,Bioinformatic prediction (multiMiR),predicted
COL11A1,hsa-miR-548am-5p,mirdb,Tier_B,Bioinformatic prediction (multiMiR),predicted
COL11A1,hsa-miR-548ap-5p,mirdb,Tier_B,Bioinformatic prediction (multiMiR),predicted
COL11A1,hsa-miR-548aq-5p,mirdb,Tier_B,Bioinformatic prediction (multiMiR),predicted
COL11A1,hsa-miR-548ar-5p,mirdb,Tier_B,Bioinformatic prediction (multiMiR),predicted
COL11A1,hsa-miR-548as-5p,mirdb,Tier_B,Bioinformatic prediction (multiMiR),predicted
COL11A1,hsa-miR-548au-5p,mirdb,Tier_B,Bioinformatic prediction (multiMiR),predicted
COL11A1,hsa-miR-548b-5p,mirdb,Tier_B,Bioinformatic prediction (multiMiR),predicted
COL11A1,hsa-miR-548c-5p,mirdb,Tier_B,Bioinformatic prediction (multiMiR),predicted
COL11A1,hsa-miR-548d-5p,mirdb,Tier_B,Bioinformatic prediction (multiMiR),predicted
COL11A1,hsa-miR-548h-5p,mirdb,Tier_B,Bioinformatic prediction (multiMiR),predicted
COL11A1,hsa-miR-548i,mirdb,Tier_B,Bioinformatic prediction (multiMiR),predicted
COL11A1,hsa-miR-548o-5p,mirdb,Tier_B,Bioinformatic prediction (multiMiR),predicted
COL11A1,hsa-miR-548w,mirdb,Tier_B,Bioinformatic prediction (multiMiR),predicted
COL11A1,hsa-miR-548y,mirdb,Tier_B,Bioinformatic prediction (multiMiR),predicted
COL11A1,hsa-miR-548ad-5p,mirdb,Tier_B,Bioinformatic prediction (multiMiR),predicted
COL11A1,hsa-miR-548ae-5p,mirdb,Tier_B,Bioinformatic prediction (multiMiR),predicted
COL11A1,hsa-miR-548ay-5p,mirdb,Tier_B,Bioinformatic prediction (multiMiR),predicted
COL11A1,hsa-miR-548bb-5p,mirdb,Tier_B,Bioinformatic prediction (multiMiR),predicted
COL11A1,hsa-miR-548j-5p,mirdb,Tier_B,Bioinformatic prediction (multiMiR),predicted
EDIL3,hsa-miR-4753-3p,mirdb,Tier_B,Bioinformatic prediction (multiMiR),predicted
EDIL3,hsa-miR-3685,mirdb,Tier_B,Bioinformatic prediction (multiMiR),predicted
LOX,hsa-miR-508-3p,mirdb,Tier_B,Bioinformatic prediction (multiMiR),predicted
EDIL3,hsa-miR-2115-3p,mirdb,Tier_B,Bioinformatic prediction (multiMiR),predicted
FN1,hsa-miR-3692-3p,mirdb,Tier_B,Bioinformatic prediction (multiMiR),predicted
EDIL3,hsa-miR-4760-3p,mirdb,Tier_B,Bioinformatic prediction (multiMiR),predicted
LOX,hsa-miR-135a-3p,mirdb,Tier_B,Bioinformatic prediction (multiMiR),predicted
COL11A1,hsa-miR-4760-3p,mirdb,Tier_B,Bioinformatic prediction (multiMiR),predicted
COL3A1,hsa-miR-651-3p,mirdb,Tier_B,Bioinformatic prediction (multiMiR),predicted
ISM1,hsa-miR-190a-3p,mirdb,Tier_B,Bioinformatic prediction (multiMiR),predicted
EDIL3,hsa-miR-6505-5p,mirdb,Tier_B,Bioinformatic prediction (multiMiR),predicted
VCAN,hsa-miR-4311,mirdb,Tier_B,Bioinformatic prediction (multiMiR),predicted
ISM1,hsa-miR-204-5p,mirdb,Tier_B,Bioinformatic prediction (multiMiR),predicted
ISM1,hsa-miR-211-5p,mirdb,Tier_B,Bioinformatic prediction (multiMiR),predicted
LOX,hsa-miR-24-3p,mirdb,Tier_B,Bioinformatic prediction (multiMiR),predicted
COL8A1,hsa-miR-6875-3p,mirdb,Tier_B,Bioinformatic prediction (multiMiR),predicted
FN1,hsa-miR-5692a,mirdb,Tier_B,Bioinformatic prediction (multiMiR),predicted
VCAN,hsa-miR-3121-3p,mirdb,Tier_B,Bioinformatic prediction (multiMiR),predicted
LOX,hsa-miR-3924,mirdb,Tier_B,Bioinformatic prediction (multiMiR),predicted
ISM1,hsa-miR-4666a-5p,mirdb,Tier_B,Bioinformatic prediction (multiMiR),predicted
COL11A1,hsa-miR-4677-5p,mirdb,Tier_B,Bioinformatic prediction (multiMiR),predicted
VCAN,hsa-miR-6792-3p,mirdb,Tier_B,Bioinformatic prediction (multiMiR),predicted
INHBA,hsa-miR-4771,mirdb,Tier_B,Bioinformatic prediction (multiMiR),predicted
COL8A1,hsa-miR-5004-3p,mirdb,Tier_B,Bioinformatic prediction (multiMiR),predicted
EDIL3,hsa-miR-155-3p,mirdb,Tier_B,Bioinformatic prediction (multiMiR),predicted
VCAN,hsa-miR-5011-5p,mirdb,Tier_B,Bioinformatic prediction (multiMiR),predicted
COL11A1,hsa-miR-3161,mirdb,Tier_B,Bioinformatic prediction (multiMiR),predicted
COL8A1,hsa-miR-9983-3p,mirdb,Tier_B,Bioinformatic prediction (multiMiR),predicted
COL11A1,hsa-miR-600,mirdb,Tier_B,Bioinformatic prediction (multiMiR),predicted
EDIL3,hsa-miR-6809-3p,mirdb,Tier_B,Bioinformatic prediction (multiMiR),predicted
VCAN,hsa-miR-335-3p,mirdb,Tier_B,Bioinformatic prediction (multiMiR),predicted
COL11A1,hsa-miR-4652-3p,mirdb,Tier_B,Bioinformatic prediction (multiMiR),predicted
EDIL3,hsa-miR-607,mirdb,Tier_B,Bioinformatic prediction (multiMiR),predicted
EDIL3,hsa-miR-1277-5p,mirdb,Tier_B,Bioinformatic prediction (multiMiR),predicted
COL11A1,hsa-miR-145-5p,mirdb,Tier_B,Bioinformatic prediction (multiMiR),predicted
COL11A1,hsa-miR-5195-3p,mirdb,Tier_B,Bioinformatic prediction (multiMiR),predicted
COL3A1,hsa-miR-4653-3p,mirdb,Tier_B,Bioinformatic prediction (multiMiR),predicted
VCAN,hsa-miR-3198,mirdb,Tier_B,Bioinformatic prediction (multiMiR),predicted
COL3A1,hsa-miR-6514-5p,mirdb,Tier_B,Bioinformatic prediction (multiMiR),predicted
COL3A1,hsa-miR-4762-3p,mirdb,Tier_B,Bioinformatic prediction (multiMiR),predicted
ISM1,hsa-miR-374b-3p,mirdb,Tier_B,Bioinformatic prediction (multiMiR),predicted
COL3A1,hsa-miR-6844,mirdb,Tier_B,Bioinformatic prediction (multiMiR),predicted
COL8A1,hsa-miR-2052,mirdb,Tier_B,Bioinformatic prediction (multiMiR),predicted
VCAN,hsa-miR-103a-3p,mirdb,Tier_B,Bioinformatic prediction (multiMiR),predicted
VCAN,hsa-miR-107,mirdb,Tier_B,Bioinformatic prediction (multiMiR),predicted
COL8A1,hsa-miR-1250-3p,mirdb,Tier_B,Bioinformatic prediction (multiMiR),predicted
FN1,hsa-miR-607,mirdb,Tier_B,Bioinformatic prediction (multiMiR),predicted
VCAN,hsa-miR-135b-5p,mirdb,Tier_B,Bioinformatic prediction (multiMiR),predicted
COL11A1,hsa-miR-126-5p,mirdb,Tier_B,Bioinformatic prediction (multiMiR),predicted
VCAN,hsa-miR-3150a-3p,mirdb,Tier_B,Bioinformatic prediction (multiMiR),predicted
VCAN,hsa-miR-6763-5p,mirdb,Tier_B,Bioinformatic prediction (multiMiR),predicted
LOX,hsa-miR-4328,mirdb,Tier_B,Bioinformatic prediction (multiMiR),predicted
COL8A1,hsa-miR-6844,mirdb,Tier_B,Bioinformatic prediction (multiMiR),predicted
INHBA,hsa-miR-4684-3p,mirdb,Tier_B,Bioinformatic prediction (multiMiR),predicted
EDIL3,hsa-miR-5680,mirdb,Tier_B,Bioinformatic prediction (multiMiR),predicted
VCAN,hsa-miR-6842-3p,mirdb,Tier_B,Bioinformatic prediction (multiMiR),predicted
INHBA,hsa-miR-4284,mirdb,Tier_B,Bioinformatic prediction (multiMiR),predicted
VCAN,hsa-miR-8061,mirdb,Tier_B,Bioinformatic prediction (multiMiR),predicted
INHBA,hsa-miR-511-3p,mirdb,Tier_B,Bioinformatic prediction (multiMiR),predicted
EDIL3,hsa-miR-4712-3p,mirdb,Tier_B,Bioinformatic prediction (multiMiR),predicted
COL11A1,hsa-miR-1297,pictar,Tier_B,Bioinformatic prediction (multiMiR),predicted
VCAN,hsa-miR-4262,pictar,Tier_B,Bioinformatic prediction (multiMiR),predicted
LOX,hsa-miR-4495,pictar,Tier_B,Bioinformatic prediction (multiMiR),predicted
LOX,hsa-miR-4311,pictar,Tier_B,Bioinformatic prediction (multiMiR),predicted
LOX,hsa-miR-513a-5p,pictar,Tier_B,Bioinformatic prediction (multiMiR),predicted
LOX,hsa-miR-520f-3p,pictar,Tier_B,Bioinformatic prediction (multiMiR),predicted
LOX,hsa-miR-4284,pictar,Tier_B,Bioinformatic prediction (multiMiR),predicted
FN1,hsa-miR-4251,pictar,Tier_B,Bioinformatic prediction (multiMiR),predicted
LOX,hsa-miR-29b-3p,pictar,Tier_B,Bioinformatic prediction (multiMiR),predicted
VCAN,hsa-miR-4478,pictar,Tier_B,Bioinformatic prediction (multiMiR),predicted
LOX,hsa-miR-5195-3p,pictar,Tier_B,Bioinformatic prediction (multiMiR),predicted
VCAN,hsa-miR-4496,pictar,Tier_B,Bioinformatic prediction (multiMiR),predicted
LOX,hsa-miR-583,pictar,Tier_B,Bioinformatic prediction (multiMiR),predicted
INHBA,hsa-miR-1291,pita,Tier_B,Bioinformatic prediction (multiMiR),predicted
FN1,hsa-miR-346,pita,Tier_B,Bioinformatic prediction (multiMiR),predicted
EDIL3,hsa-miR-1278,pita,Tier_B,Bioinformatic prediction (multiMiR),predicted
VCAN,hsa-miR-455-5p,pita,Tier_B,Bioinformatic prediction (multiMiR),predicted
COL3A1,hsa-miR-1205,pita,Tier_B,Bioinformatic prediction (multiMiR),predicted
COL11A1,hsa-miR-552-3p,pita,Tier_B,Bioinformatic prediction (multiMiR),predicted
VCAN,hsa-miR-1827,pita,Tier_B,Bioinformatic prediction (multiMiR),predicted
FN1,hsa-miR-27b-3p,pita,Tier_B,Bioinformatic prediction (multiMiR),predicted
INHBA,hsa-miR-1225-3p,pita,Tier_B,Bioinformatic prediction (multiMiR),predicted
COL3A1,hsa-miR-29a-3p,pita,Tier_B,Bioinformatic prediction (multiMiR),predicted
COL3A1,hsa-miR-31-5p,pita,Tier_B,Bioinformatic prediction (multiMiR),predicted
COL11A1,hsa-miR-1256,pita,Tier_B,Bioinformatic prediction (multiMiR),predicted
COL3A1,hsa-miR-29c-3p,pita,Tier_B,Bioinformatic prediction (multiMiR),predicted
COL3A1,hsa-miR-421,pita,Tier_B,Bioinformatic prediction (multiMiR),predicted
COL3A1,hsa-miR-340-5p,pita,Tier_B,Bioinformatic prediction (multiMiR),predicted
COL3A1,hsa-miR-1179,pita,Tier_B,Bioinformatic prediction (multiMiR),predicted
INHBA,hsa-miR-1262,pita,Tier_B,Bioinformatic prediction (multiMiR),predicted
FN1,hsa-miR-1-3p,pita,Tier_B,Bioinformatic prediction (multiMiR),predicted
EDIL3,hsa-miR-21-5p,pita,Tier_B,Bioinformatic prediction (multiMiR),predicted
COL3A1,hsa-miR-548l,pita,Tier_B,Bioinformatic prediction (multiMiR),predicted
COL11A1,hsa-miR-1246,pita,Tier_B,Bioinformatic prediction (multiMiR),predicted
COL11A1,hsa-miR-561-3p,pita,Tier_B,Bioinformatic prediction (multiMiR),predicted
FN1,hsa-miR-595,pita,Tier_B,Bioinformatic prediction (multiMiR),predicted
COL3A1,hsa-miR-876-3p,pita,Tier_B,Bioinformatic prediction (multiMiR),predicted
FN1,hsa-miR-765,pita,Tier_B,Bioinformatic prediction (multiMiR),predicted
COL3A1,hsa-miR-1276,pita,Tier_B,Bioinformatic prediction (multiMiR),predicted
COL3A1,hsa-miR-1302,pita,Tier_B,Bioinformatic prediction (multiMiR),predicted
COL11A1,hsa-let-7a-5p,pita,Tier_B,Bioinformatic prediction (multiMiR),predicted
COL11A1,hsa-miR-198,pita,Tier_B,Bioinformatic prediction (multiMiR),predicted
COL11A1,hsa-let-7b-5p,pita,Tier_B,Bioinformatic prediction (multiMiR),predicted
VCAN,hsa-miR-220c,pita,Tier_B,Bioinformatic prediction (multiMiR),predicted
COL11A1,hsa-miR-588,pita,Tier_B,Bioinformatic prediction (multiMiR),predicted
FN1,hsa-miR-1264,pita,Tier_B,Bioinformatic prediction (multiMiR),predicted
COL11A1,hsa-miR-1303,pita,Tier_B,Bioinformatic prediction (multiMiR),predicted
COL11A1,hsa-miR-1323,pita,Tier_B,Bioinformatic prediction (multiMiR),predicted
INHBA,hsa-miR-147a,pita,Tier_B,Bioinformatic prediction (multiMiR),predicted
VCAN,hsa-miR-543,pita,Tier_B,Bioinformatic prediction (multiMiR),predicted
VCAN,hsa-miR-1287-5p,pita,Tier_B,Bioinformatic prediction (multiMiR),predicted
COL3A1,hsa-miR-1270,pita,Tier_B,Bioinformatic prediction (multiMiR),predicted
VCAN,hsa-miR-650,pita,Tier_B,Bioinformatic prediction (multiMiR),predicted
COL3A1,hsa-miR-122-5p,pita,Tier_B,Bioinformatic prediction (multiMiR),predicted
COL11A1,hsa-miR-26b-5p,pita,Tier_B,Bioinformatic prediction (multiMiR),predicted
COL11A1,hsa-miR-297,pita,Tier_B,Bioinformatic prediction (multiMiR),predicted
VCAN,hsa-miR-146b-5p,pita,Tier_B,Bioinformatic prediction (multiMiR),predicted
COL11A1,hsa-miR-31-5p,pita,Tier_B,Bioinformatic prediction (multiMiR),predicted
COL11A1,hsa-miR-1184,pita,Tier_B,Bioinformatic prediction (multiMiR),predicted
COL11A1,hsa-miR-135b-5p,pita,Tier_B,Bioinformatic prediction (multiMiR),predicted
COL3A1,hsa-miR-410-3p,pita,Tier_B,Bioinformatic prediction (multiMiR),predicted
COL3A1,hsa-miR-574-5p,pita,Tier_B,Bioinformatic prediction (multiMiR),predicted
VCAN,hsa-miR-134-5p,pita,Tier_B,Bioinformatic prediction (multiMiR),predicted
COL11A1,hsa-miR-32-5p,pita,Tier_B,Bioinformatic prediction (multiMiR),predicted
LOX,hsa-miR-513c-5p,pita,Tier_B,Bioinformatic prediction (multiMiR),predicted
COL11A1,hsa-miR-219a-2-3p,pita,Tier_B,Bioinformatic prediction (multiMiR),predicted
FN1,hsa-miR-769-3p,pita,Tier_B,Bioinformatic prediction (multiMiR),predicted
INHBA,hsa-miR-509-3-5p,pita,Tier_B,Bioinformatic prediction (multiMiR),predicted
VCAN,hsa-miR-1289,pita,Tier_B,Bioinformatic prediction (multiMiR),predicted
COL3A1,hsa-miR-557,pita,Tier_B,Bioinformatic prediction (multiMiR),predicted
INHBA,hsa-miR-519d-3p,pita,Tier_B,Bioinformatic prediction (multiMiR),predicted
EDIL3,hsa-miR-1207-5p,pita,Tier_B,Bioinformatic prediction (multiMiR),predicted
EDIL3,hsa-miR-543,pita,Tier_B,Bioinformatic prediction (multiMiR),predicted
COL11A1,hsa-let-7g-5p,pita,Tier_B,Bioinformatic prediction (multiMiR),predicted
FN1,hsa-miR-1203,pita,Tier_B,Bioinformatic prediction (multiMiR),predicted
COL3A1,hsa-miR-300,pita,Tier_B,Bioinformatic prediction (multiMiR),predicted
COL11A1,hsa-miR-196a-5p,pita,Tier_B,Bioinformatic prediction (multiMiR),predicted
COL11A1,hsa-miR-29a-3p,pita,Tier_B,Bioinformatic prediction (multiMiR),predicted
FN1,hsa-miR-1224-3p,pita,Tier_B,Bioinformatic prediction (multiMiR),predicted
COL3A1,hsa-miR-28-5p,pita,Tier_B,Bioinformatic prediction (multiMiR),predicted
COL3A1,hsa-miR-541-3p,pita,Tier_B,Bioinformatic prediction (multiMiR),predicted
FN1,hsa-miR-548m,pita,Tier_B,Bioinformatic prediction (multiMiR),predicted
FN1,hsa-miR-612,pita,Tier_B,Bioinformatic prediction (multiMiR),predicted
FN1,hsa-miR-509-5p,pita,Tier_B,Bioinformatic prediction (multiMiR),predicted
COL11A1,hsa-miR-643,pita,Tier_B,Bioinformatic prediction (multiMiR),predicted
COL11A1,hsa-miR-555,pita,Tier_B,Bioinformatic prediction (multiMiR),predicted
COL3A1,hsa-miR-922,pita,Tier_B,Bioinformatic prediction (multiMiR),predicted
COL3A1,hsa-miR-182-5p,pita,Tier_B,Bioinformatic prediction (multiMiR),predicted
COL11A1,hsa-let-7e-5p,pita,Tier_B,Bioinformatic prediction (multiMiR),predicted
COL3A1,hsa-miR-508-3p,pita,Tier_B,Bioinformatic prediction (multiMiR),predicted
LOX,hsa-miR-26a-5p,pita,Tier_B,Bioinformatic prediction (multiMiR),predicted
THBS3,hsa-miR-1266-5p,pita,Tier_B,Bioinformatic prediction (multiMiR),predicted
VCAN,hsa-miR-526b-5p,pita,Tier_B,Bioinformatic prediction (multiMiR),predicted
COL3A1,hsa-miR-654-5p,pita,Tier_B,Bioinformatic prediction (multiMiR),predicted
FN1,hsa-miR-429,pita,Tier_B,Bioinformatic prediction (multiMiR),predicted
COL11A1,hsa-let-7i-5p,pita,Tier_B,Bioinformatic prediction (multiMiR),predicted
COL11A1,hsa-miR-362-5p,pita,Tier_B,Bioinformatic prediction (multiMiR),predicted
COL3A1,hsa-miR-583,pita,Tier_B,Bioinformatic prediction (multiMiR),predicted
LOX,hsa-miR-135b-5p,pita,Tier_B,Bioinformatic prediction (multiMiR),predicted
FN1,hsa-miR-552-3p,pita,Tier_B,Bioinformatic prediction (multiMiR),predicted
COL11A1,hsa-miR-1291,pita,Tier_B,Bioinformatic prediction (multiMiR),predicted
FN1,hsa-miR-432-5p,pita,Tier_B,Bioinformatic prediction (multiMiR),predicted
COL3A1,hsa-miR-29b-3p,pita,Tier_B,Bioinformatic prediction (multiMiR),predicted
COL11A1,hsa-let-7f-5p,pita,Tier_B,Bioinformatic prediction (multiMiR),predicted
FN1,hsa-miR-193a-5p,pita,Tier_B,Bioinformatic prediction (multiMiR),predicted
FN1,hsa-miR-371a-5p,pita,Tier_B,Bioinformatic prediction (multiMiR),predicted
VCAN,hsa-mir-1258,pita,Tier_B,Bioinformatic prediction (multiMiR),predicted
COL3A1,hsa-miR-96-5p,pita,Tier_B,Bioinformatic prediction (multiMiR),predicted
EDIL3,hsa-miR-139-5p,pita,Tier_B,Bioinformatic prediction (multiMiR),predicted
FN1,hsa-miR-520a-5p,pita,Tier_B,Bioinformatic prediction (multiMiR),predicted
COL11A1,hsa-miR-580-3p,pita,Tier_B,Bioinformatic prediction (multiMiR),predicted
COL11A1,hsa-miR-29c-3p,pita,Tier_B,Bioinformatic prediction (multiMiR),predicted
COL11A1,hsa-miR-432-5p,pita,Tier_B,Bioinformatic prediction (multiMiR),predicted
COL11A1,hsa-miR-29b-3p,pita,Tier_B,Bioinformatic prediction (multiMiR),predicted
VCAN,hsa-miR-421,pita,Tier_B,Bioinformatic prediction (multiMiR),predicted
THBS3,hsa-miR-449a,pita,Tier_B,Bioinformatic prediction (multiMiR),predicted
THBS3,hsa-miR-449b-5p,pita,Tier_B,Bioinformatic prediction (multiMiR),predicted
EDIL3,hsa-miR-539-5p,pita,Tier_B,Bioinformatic prediction (multiMiR),predicted
COL3A1,hsa-miR-708-5p,pita,Tier_B,Bioinformatic prediction (multiMiR),predicted
VCAN,hsa-miR-936,pita,Tier_B,Bioinformatic prediction (multiMiR),predicted
EDIL3,hsa-miR-1300,pita,Tier_B,Bioinformatic prediction (multiMiR),predicted
VCAN,hsa-miR-615-5p,pita,Tier_B,Bioinformatic prediction (multiMiR),predicted
COL3A1,hsa-miR-767-5p,pita,Tier_B,Bioinformatic prediction (multiMiR),predicted
FN1,hsa-miR-1271-5p,pita,Tier_B,Bioinformatic prediction (multiMiR),predicted
EDIL3,hsa-miR-590-5p,pita,Tier_B,Bioinformatic prediction (multiMiR),predicted
COL11A1,hsa-miR-26a-5p,pita,Tier_B,Bioinformatic prediction (multiMiR),predicted
VCAN,hsa-miR-637,pita,Tier_B,Bioinformatic prediction (multiMiR),predicted
LOX,hsa-miR-1272,pita,Tier_B,Bioinformatic prediction (multiMiR),predicted
COL3A1,hsa-miR-765,pita,Tier_B,Bioinformatic prediction (multiMiR),predicted
VCAN,hsa-miR-1-3p,pita,Tier_B,Bioinformatic prediction (multiMiR),predicted
COL3A1,hsa-miR-381-3p,pita,Tier_B,Bioinformatic prediction (multiMiR),predicted
FN1,hsa-miR-519c-5p,pita,Tier_B,Bioinformatic prediction (multiMiR),predicted
FN1,hsa-miR-519b-5p,pita,Tier_B,Bioinformatic prediction (multiMiR),predicted
INHBA,hsa-miR-1233-3p,pita,Tier_B,Bioinformatic prediction (multiMiR),predicted
COL11A1,hsa-miR-381-3p,pita,Tier_B,Bioinformatic prediction (multiMiR),predicted
COL11A1,hsa-miR-300,pita,Tier_B,Bioinformatic prediction (multiMiR),predicted
COL3A1,hsa-miR-526b-5p,pita,Tier_B,Bioinformatic prediction (multiMiR),predicted
COL11A1,hsa-miR-194-5p,pita,Tier_B,Bioinformatic prediction (multiMiR),predicted
COL11A1,hsa-let-7d-5p,pita,Tier_B,Bioinformatic prediction (multiMiR),predicted
VCAN,hsa-miR-588,pita,Tier_B,Bioinformatic prediction (multiMiR),predicted
COL11A1,hsa-miR-890,pita,Tier_B,Bioinformatic prediction (multiMiR),predicted
COL3A1,hsa-miR-219a-2-3p,pita,Tier_B,Bioinformatic prediction (multiMiR),predicted
COL3A1,hsa-miR-1231,pita,Tier_B,Bioinformatic prediction (multiMiR),predicted
COL11A1,hsa-miR-1274a,pita,Tier_B,Bioinformatic prediction (multiMiR),predicted
COL3A1,hsa-miR-524-5p,pita,Tier_B,Bioinformatic prediction (multiMiR),predicted
INHBA,hsa-miR-631,pita,Tier_B,Bioinformatic prediction (multiMiR),predicted
COL11A1,hsa-miR-331-5p,pita,Tier_B,Bioinformatic prediction (multiMiR),predicted
COL11A1,hsa-miR-132-3p,pita,Tier_B,Bioinformatic prediction (multiMiR),predicted
ISM1,hsa-miR-204-5p,pita,Tier_B,Bioinformatic prediction (multiMiR),predicted
ISM1,hsa-miR-211-5p,pita,Tier_B,Bioinformatic prediction (multiMiR),predicted
VCAN,hsa-miR-1204,pita,Tier_B,Bioinformatic prediction (multiMiR),predicted
VCAN,hsa-miR-103a-3p,pita,Tier_B,Bioinformatic prediction (multiMiR),predicted
COL11A1,hsa-miR-1263,pita,Tier_B,Bioinformatic prediction (multiMiR),predicted
COL11A1,hsa-miR-556-5p,pita,Tier_B,Bioinformatic prediction (multiMiR),predicted
FN1,hsa-miR-548k,pita,Tier_B,Bioinformatic prediction (multiMiR),predicted
COL11A1,hsa-miR-182-5p,pita,Tier_B,Bioinformatic prediction (multiMiR),predicted
COL11A1,hsa-miR-324-3p,pita,Tier_B,Bioinformatic prediction (multiMiR),predicted
VCAN,hsa-miR-626,pita,Tier_B,Bioinformatic prediction (multiMiR),predicted
VCAN,hsa-miR-573,pita,Tier_B,Bioinformatic prediction (multiMiR),predicted
COL8A1,hsa-miR-595,pita,Tier_B,Bioinformatic prediction (multiMiR),predicted
FN1,hsa-miR-200b-3p,pita,Tier_B,Bioinformatic prediction (multiMiR),predicted
COL11A1,hsa-miR-1255a,pita,Tier_B,Bioinformatic prediction (multiMiR),predicted
COL11A1,hsa-miR-339-3p,pita,Tier_B,Bioinformatic prediction (multiMiR),predicted
FN1,hsa-miR-200c-3p,pita,Tier_B,Bioinformatic prediction (multiMiR),predicted
VCAN,hsa-miR-199a-3p,pita,Tier_B,Bioinformatic prediction (multiMiR),predicted
VCAN,hsa-miR-199b-3p,pita,Tier_B,Bioinformatic prediction (multiMiR),predicted
COL11A1,hsa-miR-1255b-5p,pita,Tier_B,Bioinformatic prediction (multiMiR),predicted
EDIL3,hsa-miR-630,pita,Tier_B,Bioinformatic prediction (multiMiR),predicted
COL11A1,hsa-miR-767-5p,pita,Tier_B,Bioinformatic prediction (multiMiR),predicted
INHBA,hsa-miR-135b-5p,pita,Tier_B,Bioinformatic prediction (multiMiR),predicted
COL11A1,hsa-miR-363-3p,pita,Tier_B,Bioinformatic prediction (multiMiR),predicted
COL11A1,hsa-miR-875-3p,pita,Tier_B,Bioinformatic prediction (multiMiR),predicted
VCAN,hsa-miR-583,pita,Tier_B,Bioinformatic prediction (multiMiR),predicted
FN1,hsa-miR-182-5p,pita,Tier_B,Bioinformatic prediction (multiMiR),predicted
VCAN,hsa-miR-516a-5p,pita,Tier_B,Bioinformatic prediction (multiMiR),predicted
FN1,hsa-miR-645,pita,Tier_B,Bioinformatic prediction (multiMiR),predicted
INHBA,hsa-miR-1225-5p,pita,Tier_B,Bioinformatic prediction (multiMiR),predicted
COL11A1,hsa-miR-1273a,pita,Tier_B,Bioinformatic prediction (multiMiR),predicted
COL11A1,hsa-miR-339-5p,pita,Tier_B,Bioinformatic prediction (multiMiR),predicted
COL11A1,hsa-miR-144-3p,pita,Tier_B,Bioinformatic prediction (multiMiR),predicted
VCAN,hsa-miR-107,pita,Tier_B,Bioinformatic prediction (multiMiR),predicted
EDIL3,hsa-miR-34a-5p,pita,Tier_B,Bioinformatic prediction (multiMiR),predicted
VCAN,hsa-miR-206,pita,Tier_B,Bioinformatic prediction (multiMiR),predicted
INHBA,hsa-miR-1263,pita,Tier_B,Bioinformatic prediction (multiMiR),predicted
THBS3,hsa-miR-637,pita,Tier_B,Bioinformatic prediction (multiMiR),predicted
VCAN,hsa-miR-1288-3p,pita,Tier_B,Bioinformatic prediction (multiMiR),predicted
COL3A1,hsa-miR-1321,pita,Tier_B,Bioinformatic prediction (multiMiR),predicted
FN1,hsa-miR-1270,pita,Tier_B,Bioinformatic prediction (multiMiR),predicted
FN1,hsa-miR-629-5p,pita,Tier_B,Bioinformatic prediction (multiMiR),predicted
EDIL3,hsa-miR-657,pita,Tier_B,Bioinformatic prediction (multiMiR),predicted
FN1,hsa-miR-383-5p,pita,Tier_B,Bioinformatic prediction (multiMiR),predicted
EDIL3,hsa-miR-34c-5p,pita,Tier_B,Bioinformatic prediction (multiMiR),predicted
COL3A1,hsa-miR-505-3p,pita,Tier_B,Bioinformatic prediction (multiMiR),predicted
INHBA,hsa-miR-1183,pita,Tier_B,Bioinformatic prediction (multiMiR),predicted
EDIL3,hsa-miR-220c,pita,Tier_B,Bioinformatic prediction (multiMiR),predicted
COL3A1,hsa-miR-1304-5p,pita,Tier_B,Bioinformatic prediction (multiMiR),predicted
FN1,hsa-miR-298,pita,Tier_B,Bioinformatic prediction (multiMiR),predicted
COL3A1,hsa-miR-1262,pita,Tier_B,Bioinformatic prediction (multiMiR),predicted
FN1,hsa-miR-125a-3p,pita,Tier_B,Bioinformatic prediction (multiMiR),predicted
COL3A1,hsa-miR-196a-5p,pita,Tier_B,Bioinformatic prediction (multiMiR),predicted
COL3A1,hsa-miR-196b-5p,pita,Tier_B,Bioinformatic prediction (multiMiR),predicted
COL3A1,hsa-miR-939-5p,pita,Tier_B,Bioinformatic prediction (multiMiR),predicted
COL3A1,hsa-let-7g-5p,pita,Tier_B,Bioinformatic prediction (multiMiR),predicted
COL11A1,hsa-miR-1261,pita,Tier_B,Bioinformatic prediction (multiMiR),predicted
COL11A1,hsa-miR-567,pita,Tier_B,Bioinformatic prediction (multiMiR),predicted
INHBA,hsa-miR-330-5p,pita,Tier_B,Bioinformatic prediction (multiMiR),predicted
COL3A1,hsa-miR-138-5p,pita,Tier_B,Bioinformatic prediction (multiMiR),predicted
COL3A1,hsa-miR-423-5p,pita,Tier_B,Bioinformatic prediction (multiMiR),predicted
COL11A1,hsa-miR-1253,pita,Tier_B,Bioinformatic prediction (multiMiR),predicted
INHBA,hsa-miR-758-3p,pita,Tier_B,Bioinformatic prediction (multiMiR),predicted
INHBA,hsa-miR-135a-5p,pita,Tier_B,Bioinformatic prediction (multiMiR),predicted
VCAN,hsa-miR-922,pita,Tier_B,Bioinformatic prediction (multiMiR),predicted
VCAN,hsa-miR-138-5p,pita,Tier_B,Bioinformatic prediction (multiMiR),predicted
COL11A1,hsa-miR-1270,pita,Tier_B,Bioinformatic prediction (multiMiR),predicted
COL11A1,hsa-miR-620,pita,Tier_B,Bioinformatic prediction (multiMiR),predicted
VCAN,hsa-miR-431-5p,pita,Tier_B,Bioinformatic prediction (multiMiR),predicted
VCAN,hsa-miR-1301-3p,pita,Tier_B,Bioinformatic prediction (multiMiR),predicted
FN1,hsa-miR-1285-3p,pita,Tier_B,Bioinformatic prediction (multiMiR),predicted
COL3A1,hsa-let-7f-5p,pita,Tier_B,Bioinformatic prediction (multiMiR),predicted
VCAN,hsa-miR-769-5p,pita,Tier_B,Bioinformatic prediction (multiMiR),predicted
COL3A1,hsa-miR-98-5p,pita,Tier_B,Bioinformatic prediction (multiMiR),predicted
COL11A1,hsa-miR-202-3p,pita,Tier_B,Bioinformatic prediction (multiMiR),predicted
INHBA,hsa-miR-619-3p,pita,Tier_B,Bioinformatic prediction (multiMiR),predicted
COL3A1,hsa-miR-769-3p,pita,Tier_B,Bioinformatic prediction (multiMiR),predicted
COL3A1,hsa-let-7a-5p,pita,Tier_B,Bioinformatic prediction (multiMiR),predicted
INHBA,hsa-miR-326,pita,Tier_B,Bioinformatic prediction (multiMiR),predicted
COL3A1,hsa-miR-1271-5p,pita,Tier_B,Bioinformatic prediction (multiMiR),predicted
VCAN,hsa-miR-646,pita,Tier_B,Bioinformatic prediction (multiMiR),predicted
EDIL3,hsa-miR-449a,pita,Tier_B,Bioinformatic prediction (multiMiR),predicted
EDIL3,hsa-miR-449b-5p,pita,Tier_B,Bioinformatic prediction (multiMiR),predicted
EDIL3,hsa-miR-484,pita,Tier_B,Bioinformatic prediction (multiMiR),predicted
COL3A1,hsa-let-7d-5p,pita,Tier_B,Bioinformatic prediction (multiMiR),predicted
FN1,hsa-miR-219a-1-3p,pita,Tier_B,Bioinformatic prediction (multiMiR),predicted
EDIL3,hsa-miR-1270,pita,Tier_B,Bioinformatic prediction (multiMiR),predicted
COL3A1,hsa-let-7i-5p,pita,Tier_B,Bioinformatic prediction (multiMiR),predicted
INHBA,hsa-miR-149-5p,pita,Tier_B,Bioinformatic prediction (multiMiR),predicted
COL3A1,hsa-let-7e-5p,pita,Tier_B,Bioinformatic prediction (multiMiR),predicted
COL3A1,hsa-let-7c-5p,pita,Tier_B,Bioinformatic prediction (multiMiR),predicted
FN1,hsa-miR-1293,pita,Tier_B,Bioinformatic prediction (multiMiR),predicted
INHBA,hsa-miR-661,pita,Tier_B,Bioinformatic prediction (multiMiR),predicted
VCAN,hsa-miR-1250-5p,pita,Tier_B,Bioinformatic prediction (multiMiR),predicted
COL3A1,hsa-let-7b-5p,pita,Tier_B,Bioinformatic prediction (multiMiR),predicted
EDIL3,hsa-miR-654-5p,pita,Tier_B,Bioinformatic prediction (multiMiR),predicted
VCAN,hsa-miR-622,pita,Tier_B,Bioinformatic prediction (multiMiR),predicted
COL3A1,hsa-miR-339-3p,pita,Tier_B,Bioinformatic prediction (multiMiR),predicted
THBS3,hsa-miR-423-5p,pita,Tier_B,Bioinformatic prediction (multiMiR),predicted
LOX,hsa-miR-370-3p,pita,Tier_B,Bioinformatic prediction (multiMiR),predicted
EDIL3,hsa-miR-940,pita,Tier_B,Bioinformatic prediction (multiMiR),predicted
COL11A1,hsa-miR-1207-5p,pita,Tier_B,Bioinformatic prediction (multiMiR),predicted
COL3A1,hsa-miR-202-3p,pita,Tier_B,Bioinformatic prediction (multiMiR),predicted
EDIL3,hsa-miR-564,pita,Tier_B,Bioinformatic prediction (multiMiR),predicted
EDIL3,hsa-miR-541-3p,pita,Tier_B,Bioinformatic prediction (multiMiR),predicted
LOX,hsa-miR-488-3p,targetscan,Tier_B,Bioinformatic prediction (multiMiR),predicted
VCAN,hsa-miR-135a-5p,targetscan,Tier_B,Bioinformatic prediction (multiMiR),predicted
LOX,hsa-miR-199a-3p,targetscan,Tier_B,Bioinformatic prediction (multiMiR),predicted
LOX,hsa-miR-199b-3p,targetscan,Tier_B,Bioinformatic prediction (multiMiR),predicted
VCAN,hsa-miR-9-5p,targetscan,Tier_B,Bioinformatic prediction (multiMiR),predicted
LOX,hsa-miR-124-3p.2,targetscan,Tier_B,Bioinformatic prediction (multiMiR),predicted
LOX,hsa-miR-27b-3p,targetscan,Tier_B,Bioinformatic prediction (multiMiR),predicted
LOX,hsa-miR-27a-3p,targetscan,Tier_B,Bioinformatic prediction (multiMiR),predicted
INHBA,hsa-miR-454-3p,targetscan,Tier_B,Bioinformatic prediction (multiMiR),predicted
VCAN,hsa-miR-135b-5p,targetscan,Tier_B,Bioinformatic prediction (multiMiR),predicted
ISM1,hsa-miR-204-5p,targetscan,Tier_B,Bioinformatic prediction (multiMiR),predicted
ISM1,hsa-miR-211-5p,targetscan,Tier_B,Bioinformatic prediction (multiMiR),predicted
INHBA,hsa-miR-4295,targetscan,Tier_B,Bioinformatic prediction (multiMiR),predicted
INHBA,hsa-miR-153-3p,targetscan,Tier_B,Bioinformatic prediction (multiMiR),predicted
INHBA,hsa-miR-301b-3p,targetscan,Tier_B,Bioinformatic prediction (multiMiR),predicted
VCAN,hsa-miR-124-3p.1,targetscan,Tier_B,Bioinformatic prediction (multiMiR),predicted
LOX,hsa-miR-5195-3p,targetscan,Tier_B,Bioinformatic prediction (multiMiR),predicted
INHBA,hsa-miR-3666,targetscan,Tier_B,Bioinformatic prediction (multiMiR),predicted
INHBA,hsa-miR-301a-3p,targetscan,Tier_B,Bioinformatic prediction (multiMiR),predicted
INHBA,hsa-miR-130b-3p,targetscan,Tier_B,Bioinformatic prediction (multiMiR),predicted
INHBA,hsa-miR-130a-3p,targetscan,Tier_B,Bioinformatic prediction (multiMiR),predicted
COL3A1,hsa-miR-196a-5p,targetscan,Tier_B,Bioinformatic prediction (multiMiR),predicted
COL3A1,hsa-miR-196b-5p,targetscan,Tier_B,Bioinformatic prediction (multiMiR),predicted
VCAN,hsa-miR-142-3p.2,targetscan,Tier_B,Bioinformatic prediction (multiMiR),predicted
FN1,hsa-miR-206,targetscan,Tier_B,Bioinformatic prediction (multiMiR),predicted
FN1,hsa-miR-1-3p,targetscan,Tier_B,Bioinformatic prediction (multiMiR),predicted
LOX,hsa-miR-24-3p,targetscan,Tier_B,Bioinformatic prediction (multiMiR),predicted
EDIL3,hsa-miR-137,targetscan,Tier_B,Bioinformatic prediction (multiMiR),predicted
COL11A1,hsa-miR-29c-3p,targetscan,Tier_B,Bioinformatic prediction (multiMiR),predicted
COL11A1,hsa-miR-29b-3p,targetscan,Tier_B,Bioinformatic prediction (multiMiR),predicted
COL11A1,hsa-miR-29a-3p,targetscan,Tier_B,Bioinformatic prediction (multiMiR),predicted
LOX,hsa-miR-30d-5p,targetscan,Tier_B,Bioinformatic prediction (multiMiR),predicted
LOX,hsa-miR-30a-5p,targetscan,Tier_B,Bioinformatic prediction (multiMiR),predicted
COL8A1,hsa-miR-29c-3p,targetscan,Tier_B,Bioinformatic prediction (multiMiR),predicted
COL8A1,hsa-miR-29b-3p,targetscan,Tier_B,Bioinformatic prediction (multiMiR),predicted
COL8A1,hsa-miR-29a-3p,targetscan,Tier_B,Bioinformatic prediction (multiMiR),predicted
ISM1,hsa-miR-224-5p,targetscan,Tier_B,Bioinformatic prediction (multiMiR),predicted
LOX,hsa-miR-30e-5p,targetscan,Tier_B,Bioinformatic prediction (multiMiR),predicted
LOX,hsa-miR-30b-5p,targetscan,Tier_B,Bioinformatic prediction (multiMiR),predicted
LOX,hsa-miR-30c-5p,targetscan,Tier_B,Bioinformatic prediction (multiMiR),predicted
FN1,hsa-miR-96-5p,targetscan,Tier_B,Bioinformatic prediction (multiMiR),predicted
FN1,hsa-miR-1271-5p,targetscan,Tier_B,Bioinformatic prediction (multiMiR),predicted
FN1,hsa-miR-613,targetscan,Tier_B,Bioinformatic prediction (multiMiR),predicted
COL3A1,hsa-let-7i-5p,targetscan,Tier_B,Bioinformatic prediction (multiMiR),predicted
COL3A1,hsa-let-7b-5p,targetscan,Tier_B,Bioinformatic prediction (multiMiR),predicted
COL3A1,hsa-miR-4500,targetscan,Tier_B,Bioinformatic prediction (multiMiR),predicted
COL3A1,hsa-let-7c-5p,targetscan,Tier_B,Bioinformatic prediction (multiMiR),predicted
COL3A1,hsa-let-7e-5p,targetscan,Tier_B,Bioinformatic prediction (multiMiR),predicted
COL3A1,hsa-let-7g-5p,targetscan,Tier_B,Bioinformatic prediction (multiMiR),predicted
COL3A1,hsa-miR-98-5p,targetscan,Tier_B,Bioinformatic prediction (multiMiR),predicted
COL3A1,hsa-let-7a-5p,targetscan,Tier_B,Bioinformatic prediction (multiMiR),predicted
COL3A1,hsa-let-7f-5p,targetscan,Tier_B,Bioinformatic prediction (multiMiR),predicted
COL3A1,hsa-let-7d-5p,targetscan,Tier_B,Bioinformatic prediction (multiMiR),predicted
COL8A1,hsa-miR-133b,targetscan,Tier_B,Bioinformatic prediction (multiMiR),predicted
COL8A1,hsa-miR-133a-3p.2,targetscan,Tier_B,Bioinformatic prediction (multiMiR),predicted
COL3A1,hsa-miR-4458,targetscan,Tier_B,Bioinformatic prediction (multiMiR),predicted
THBS3,hsa-miR-3184-5p,targetscan,Tier_B,Bioinformatic prediction (multiMiR),predicted
THBS3,hsa-miR-423-5p,targetscan,Tier_B,Bioinformatic prediction (multiMiR),predicted
COL3A1,hsa-miR-29b-3p,targetscan,Tier_B,Bioinformatic prediction (multiMiR),predicted
COL3A1,hsa-miR-29c-3p,targetscan,Tier_B,Bioinformatic prediction (multiMiR),predicted
COL3A1,hsa-miR-29a-3p,targetscan,Tier_B,Bioinformatic prediction (multiMiR),predicted
