"database","mature_mirna_acc","mature_mirna_id","target_symbol","target_entrez","target_ensembl","score","type"
"diana_microt","MIMAT0000064","hsa-let-7c-5p","COL3A1","1281","ENSG00000168542","1","predicted"
"diana_microt","MIMAT0000063","hsa-let-7b-5p","COL3A1","1281","ENSG00000168542","1","predicted"
"diana_microt","MIMAT0000086","hsa-miR-29a-3p","COL3A1","1281","ENSG00000168542","1","predicted"
"diana_microt","MIMAT0000100","hsa-miR-29b-3p","COL3A1","1281","ENSG00000168542","1","predicted"
"diana_microt","MIMAT0000681","hsa-miR-29c-3p","COL3A1","1281","ENSG00000168542","1","predicted"
"diana_microt","MIMAT0005795","hsa-miR-1323","COL11A1","1301","ENSG00000060718","1","predicted"
"diana_microt","MIMAT0005795","hsa-miR-1323","COL11A1","1301","ENSG00000060718","1","predicted"
"diana_microt","MIMAT0000251","hsa-miR-147a","INHBA","3624","ENSG00000122641","1","predicted"
"diana_microt","MIMAT0000716","hsa-miR-302c-5p","INHBA","3624","ENSG00000122641","1","predicted"
"diana_microt","MIMAT0000251","hsa-miR-147a","INHBA","3624","ENSG00000122641","1","predicted"
"diana_microt","MIMAT0000716","hsa-miR-302c-5p","INHBA","3624","ENSG00000122641","1","predicted"
"diana_microt","MIMAT0019754","hsa-miR-4672","EDIL3","10085","ENSG00000164176","1","predicted"
"diana_microt","MIMAT0017950","hsa-miR-2355-3p","COMP","1311","ENSG00000105664","1","predicted"
"diana_microt","MIMAT0017950","hsa-miR-2355-3p","COMP","1311","ENSG00000105664","1","predicted"
"diana_microt","MIMAT0004593","hsa-miR-130a-5p","VCAN","1462","ENSG00000038427","1","predicted"
"diana_microt","MIMAT0004593","hsa-miR-130a-5p","VCAN","1462","ENSG00000038427","1","predicted"
"diana_microt","MIMAT0000100","hsa-miR-29b-3p","COL8A1","1295","ENSG00000144810","1","predicted"
"diana_microt","MIMAT0000096","hsa-miR-98-5p","COL3A1","1281","ENSG00000168542","0.999","predicted"
"diana_microt","MIMAT0019036","hsa-miR-4500","COL3A1","1281","ENSG00000168542","0.999","predicted"
"diana_microt","MIMAT0000062","hsa-let-7a-5p","COL3A1","1281","ENSG00000168542","0.999","predicted"
"diana_microt","MIMAT0000067","hsa-let-7f-5p","COL3A1","1281","ENSG00000168542","0.999","predicted"
"diana_microt","MIMAT0000414","hsa-let-7g-5p","COL3A1","1281","ENSG00000168542","0.999","predicted"
"diana_microt","MIMAT0000415","hsa-let-7i-5p","COL3A1","1281","ENSG00000168542","0.999","predicted"
"diana_microt","MIMAT0018085","hsa-miR-3663-3p","COL11A1","1301","ENSG00000060718","0.999","predicted"
"diana_microt","MIMAT0018085","hsa-miR-3663-3p","COL11A1","1301","ENSG00000060718","0.999","predicted"
"diana_microt","MIMAT0005873","hsa-miR-1208","THBS3","7059","ENSG00000169231","0.999","predicted"
"diana_microt","MIMAT0000086","hsa-miR-29a-3p","COL8A1","1295","ENSG00000144810","0.999","predicted"
"diana_microt","MIMAT0000681","hsa-miR-29c-3p","COL8A1","1295","ENSG00000144810","0.999","predicted"
"diana_microt","MIMAT0022485","hsa-miR-4666b","COL11A1","1301","ENSG00000060718","0.998","predicted"
"diana_microt","MIMAT0022485","hsa-miR-4666b","COL11A1","1301","ENSG00000060718","0.998","predicted"
"diana_microt","MIMAT0022484","hsa-miR-5692a","INHBA","3624","ENSG00000122641","0.998","predicted"
"diana_microt","MIMAT0022484","hsa-miR-5692a","INHBA","3624","ENSG00000122641","0.998","predicted"
"diana_microt","MIMAT0000441","hsa-miR-9-5p","VCAN","1462","ENSG00000038427","0.998","predicted"
"diana_microt","MIMAT0000441","hsa-miR-9-5p","VCAN","1462","ENSG00000038427","0.998","predicted"
"diana_microt","MIMAT0005592","hsa-miR-1237-3p","FN1","2335","ENSG00000115414","0.997","predicted"
"diana_microt","MIMAT0015073","hsa-miR-3190-5p","FN1","2335","ENSG00000115414","0.997","predicted"
"diana_microt","MIMAT0005592","hsa-miR-1237-3p","FN1","2335","ENSG00000115414","0.997","predicted"
"diana_microt","MIMAT0015073","hsa-miR-3190-5p","FN1","2335","ENSG00000115414","0.997","predicted"
"diana_microt","MIMAT0018078","hsa-miR-3658","INHBA","3624","ENSG00000122641","0.997","predicted"
"diana_microt","MIMAT0019983","hsa-miR-4803","INHBA","3624","ENSG00000122641","0.997","predicted"
"diana_microt","MIMAT0022479","hsa-miR-5688","INHBA","3624","ENSG00000122641","0.997","predicted"
"diana_microt","MIMAT0014983","hsa-miR-3121-3p","INHBA","3624","ENSG00000122641","0.997","predicted"
"diana_microt","MIMAT0018078","hsa-miR-3658","INHBA","3624","ENSG00000122641","0.997","predicted"
"diana_microt","MIMAT0019983","hsa-miR-4803","INHBA","3624","ENSG00000122641","0.997","predicted"
"diana_microt","MIMAT0022479","hsa-miR-5688","INHBA","3624","ENSG00000122641","0.997","predicted"
"diana_microt","MIMAT0014983","hsa-miR-3121-3p","INHBA","3624","ENSG00000122641","0.997","predicted"
"diana_microt","MIMAT0019793","hsa-miR-4698","LOX","4015","ENSG00000113083","0.997","predicted"
"diana_microt","MIMAT0000692","hsa-miR-30e-5p","LOX","4015","ENSG00000113083","0.997","predicted"
"diana_microt","MIMAT0019793","hsa-miR-4698","LOX","4015","ENSG00000113083","0.997","predicted"
"diana_microt","MIMAT0000692","hsa-miR-30e-5p","LOX","4015","ENSG00000113083","0.997","predicted"
"diana_microt","MIMAT0004595","hsa-miR-135a-3p","COL8A1","1295","ENSG00000144810","0.997","predicted"
"diana_microt","MIMAT0000066","hsa-let-7e-5p","COL3A1","1281","ENSG00000168542","0.996","predicted"
"diana_microt","MIMAT0019931","hsa-miR-4775","COL11A1","1301","ENSG00000060718","0.996","predicted"
"diana_microt","MIMAT0019931","hsa-miR-4775","COL11A1","1301","ENSG00000060718","0.996","predicted"
"diana_microt","MIMAT0019890","hsa-miR-4753-5p","INHBA","3624","ENSG00000122641","0.996","predicted"
"diana_microt","MIMAT0019890","hsa-miR-4753-5p","INHBA","3624","ENSG00000122641","0.996","predicted"
"diana_microt","MIMAT0019906","hsa-miR-4760-5p","VCAN","1462","ENSG00000038427","0.996","predicted"
"diana_microt","MIMAT0019906","hsa-miR-4760-5p","VCAN","1462","ENSG00000038427","0.996","predicted"
"diana_microt","MIMAT0019719","hsa-miR-4653-3p","COL3A1","1281","ENSG00000168542","0.994","predicted"
"diana_microt","MIMAT0018185","hsa-miR-3911","INHBA","3624","ENSG00000122641","0.994","predicted"
"diana_microt","MIMAT0018185","hsa-miR-3911","INHBA","3624","ENSG00000122641","0.994","predicted"
"diana_microt","MIMAT0019851","hsa-miR-4729","VCAN","1462","ENSG00000038427","0.994","predicted"
"diana_microt","MIMAT0022713","hsa-miR-1185-2-3p","VCAN","1462","ENSG00000038427","0.994","predicted"
"diana_microt","MIMAT0019851","hsa-miR-4729","VCAN","1462","ENSG00000038427","0.994","predicted"
"diana_microt","MIMAT0022713","hsa-miR-1185-2-3p","VCAN","1462","ENSG00000038427","0.994","predicted"
"diana_microt","MIMAT0000436","hsa-miR-144-3p","FN1","2335","ENSG00000115414","0.993","predicted"
"diana_microt","MIMAT0000436","hsa-miR-144-3p","FN1","2335","ENSG00000115414","0.993","predicted"
"diana_microt","MIMAT0009977","hsa-miR-2052","INHBA","3624","ENSG00000122641","0.993","predicted"
"diana_microt","MIMAT0009977","hsa-miR-2052","INHBA","3624","ENSG00000122641","0.993","predicted"
"diana_microt","MIMAT0000087","hsa-miR-30a-5p","LOX","4015","ENSG00000113083","0.993","predicted"
"diana_microt","MIMAT0000617","hsa-miR-200c-3p","LOX","4015","ENSG00000113083","0.993","predicted"
"diana_microt","MIMAT0000087","hsa-miR-30a-5p","LOX","4015","ENSG00000113083","0.993","predicted"
"diana_microt","MIMAT0000617","hsa-miR-200c-3p","LOX","4015","ENSG00000113083","0.993","predicted"
"diana_microt","MIMAT0021045","hsa-miR-5011-5p","COL11A1","1301","ENSG00000060718","0.992","predicted"
"diana_microt","MIMAT0021045","hsa-miR-5011-5p","COL11A1","1301","ENSG00000060718","0.992","predicted"
"diana_microt","MIMAT0021044","hsa-miR-5010-3p","INHBA","3624","ENSG00000122641","0.992","predicted"
"diana_microt","MIMAT0002817","hsa-miR-495-3p","INHBA","3624","ENSG00000122641","0.992","predicted"
"diana_microt","MIMAT0021044","hsa-miR-5010-3p","INHBA","3624","ENSG00000122641","0.992","predicted"
"diana_microt","MIMAT0002817","hsa-miR-495-3p","INHBA","3624","ENSG00000122641","0.992","predicted"
"diana_microt","MIMAT0000244","hsa-miR-30c-5p","LOX","4015","ENSG00000113083","0.992","predicted"
"diana_microt","MIMAT0000245","hsa-miR-30d-5p","LOX","4015","ENSG00000113083","0.992","predicted"
"diana_microt","MIMAT0000420","hsa-miR-30b-5p","LOX","4015","ENSG00000113083","0.992","predicted"
"diana_microt","MIMAT0000244","hsa-miR-30c-5p","LOX","4015","ENSG00000113083","0.992","predicted"
"diana_microt","MIMAT0000245","hsa-miR-30d-5p","LOX","4015","ENSG00000113083","0.992","predicted"
"diana_microt","MIMAT0000420","hsa-miR-30b-5p","LOX","4015","ENSG00000113083","0.992","predicted"
"diana_microt","MIMAT0018183","hsa-miR-3909","COMP","1311","ENSG00000105664","0.992","predicted"
"diana_microt","MIMAT0018183","hsa-miR-3909","COMP","1311","ENSG00000105664","0.992","predicted"
"diana_microt","MIMAT0022838","hsa-miR-1185-1-3p","VCAN","1462","ENSG00000038427","0.992","predicted"
"diana_microt","MIMAT0022838","hsa-miR-1185-1-3p","VCAN","1462","ENSG00000038427","0.992","predicted"
"diana_microt","MIMAT0022470","hsa-miR-5682","COL3A1","1281","ENSG00000168542","0.991","predicted"
"diana_microt","MIMAT0015016","hsa-miR-3145-3p","COL3A1","1281","ENSG00000168542","0.991","predicted"
"diana_microt","MIMAT0022484","hsa-miR-5692a","COL11A1","1301","ENSG00000060718","0.991","predicted"
"diana_microt","MIMAT0022484","hsa-miR-5692a","COL11A1","1301","ENSG00000060718","0.991","predicted"
"diana_microt","MIMAT0014998","hsa-miR-3133","INHBA","3624","ENSG00000122641","0.991","predicted"
"diana_microt","MIMAT0014998","hsa-miR-3133","INHBA","3624","ENSG00000122641","0.991","predicted"
"diana_microt","MIMAT0016912","hsa-miR-4282","LOX","4015","ENSG00000113083","0.991","predicted"
"diana_microt","MIMAT0016912","hsa-miR-4282","LOX","4015","ENSG00000113083","0.991","predicted"
"diana_microt","MIMAT0005893","hsa-miR-1305","EDIL3","10085","ENSG00000164176","0.991","predicted"
"diana_microt","MIMAT0016912","hsa-miR-4282","EDIL3","10085","ENSG00000164176","0.991","predicted"
"diana_microt","MIMAT0003244","hsa-miR-579-3p","COL8A1","1295","ENSG00000144810","0.991","predicted"
"diana_microt","MIMAT0002877","hsa-miR-513a-5p","FN1","2335","ENSG00000115414","0.99","predicted"
"diana_microt","MIMAT0002877","hsa-miR-513a-5p","FN1","2335","ENSG00000115414","0.99","predicted"
"diana_microt","MIMAT0019760","hsa-miR-4677-5p","INHBA","3624","ENSG00000122641","0.99","predicted"
"diana_microt","MIMAT0019931","hsa-miR-4775","INHBA","3624","ENSG00000122641","0.99","predicted"
"diana_microt","MIMAT0019760","hsa-miR-4677-5p","INHBA","3624","ENSG00000122641","0.99","predicted"
"diana_microt","MIMAT0019931","hsa-miR-4775","INHBA","3624","ENSG00000122641","0.99","predicted"
"diana_microt","MIMAT0001536","hsa-miR-429","LOX","4015","ENSG00000113083","0.99","predicted"
"diana_microt","MIMAT0001536","hsa-miR-429","LOX","4015","ENSG00000113083","0.99","predicted"
"diana_microt","MIMAT0000100","hsa-miR-29b-3p","COL11A1","1301","ENSG00000060718","0.989","predicted"
"diana_microt","MIMAT0000681","hsa-miR-29c-3p","COL11A1","1301","ENSG00000060718","0.989","predicted"
"diana_microt","MIMAT0000100","hsa-miR-29b-3p","COL11A1","1301","ENSG00000060718","0.989","predicted"
"diana_microt","MIMAT0000681","hsa-miR-29c-3p","COL11A1","1301","ENSG00000060718","0.989","predicted"
"diana_microt","MIMAT0011162","hsa-miR-2117","INHBA","3624","ENSG00000122641","0.989","predicted"
"diana_microt","MIMAT0016903","hsa-miR-4273","INHBA","3624","ENSG00000122641","0.989","predicted"
"diana_microt","MIMAT0019703","hsa-miR-4643","INHBA","3624","ENSG00000122641","0.989","predicted"
"diana_microt","MIMAT0011162","hsa-miR-2117","INHBA","3624","ENSG00000122641","0.989","predicted"
"diana_microt","MIMAT0016903","hsa-miR-4273","INHBA","3624","ENSG00000122641","0.989","predicted"
"diana_microt","MIMAT0019703","hsa-miR-4643","INHBA","3624","ENSG00000122641","0.989","predicted"
"diana_microt","MIMAT0004924","hsa-miR-876-5p","LOX","4015","ENSG00000113083","0.989","predicted"
"diana_microt","MIMAT0000318","hsa-miR-200b-3p","LOX","4015","ENSG00000113083","0.989","predicted"
"diana_microt","MIMAT0004763","hsa-miR-488-3p","LOX","4015","ENSG00000113083","0.989","predicted"
"diana_microt","MIMAT0004924","hsa-miR-876-5p","LOX","4015","ENSG00000113083","0.989","predicted"
"diana_microt","MIMAT0000318","hsa-miR-200b-3p","LOX","4015","ENSG00000113083","0.989","predicted"
"diana_microt","MIMAT0004763","hsa-miR-488-3p","LOX","4015","ENSG00000113083","0.989","predicted"
"diana_microt","MIMAT0022489","hsa-miR-5696","VCAN","1462","ENSG00000038427","0.989","predicted"
"diana_microt","MIMAT0022489","hsa-miR-5696","VCAN","1462","ENSG00000038427","0.989","predicted"
"diana_microt","MIMAT0015016","hsa-miR-3145-3p","COL8A1","1295","ENSG00000144810","0.989","predicted"
"diana_microt","MIMAT0000728","hsa-miR-375-3p","INHBA","3624","ENSG00000122641","0.988","predicted"
"diana_microt","MIMAT0001536","hsa-miR-429","INHBA","3624","ENSG00000122641","0.988","predicted"
"diana_microt","MIMAT0000439","hsa-miR-153-3p","INHBA","3624","ENSG00000122641","0.988","predicted"
"diana_microt","MIMAT0000728","hsa-miR-375-3p","INHBA","3624","ENSG00000122641","0.988","predicted"
"diana_microt","MIMAT0001536","hsa-miR-429","INHBA","3624","ENSG00000122641","0.988","predicted"
"diana_microt","MIMAT0000439","hsa-miR-153-3p","INHBA","3624","ENSG00000122641","0.988","predicted"
"diana_microt","MIMAT0005592","hsa-miR-1237-3p","THBS3","7059","ENSG00000169231","0.988","predicted"
"diana_microt","MIMAT0015038","hsa-miR-3164","VCAN","1462","ENSG00000038427","0.988","predicted"
"diana_microt","MIMAT0015038","hsa-miR-3164","VCAN","1462","ENSG00000038427","0.988","predicted"
"diana_microt","MIMAT0005919","hsa-miR-548o-3p","COL11A1","1301","ENSG00000060718","0.987","predicted"
"diana_microt","MIMAT0005919","hsa-miR-548o-3p","COL11A1","1301","ENSG00000060718","0.987","predicted"
"diana_microt","MIMAT0000082","hsa-miR-26a-5p","INHBA","3624","ENSG00000122641","0.987","predicted"
"diana_microt","MIMAT0000082","hsa-miR-26a-5p","INHBA","3624","ENSG00000122641","0.987","predicted"
"diana_microt","MIMAT0004703","hsa-miR-335-3p","COL8A1","1295","ENSG00000144810","0.987","predicted"
"diana_microt","MIMAT0015378","hsa-miR-3065-3p","COL11A1","1301","ENSG00000060718","0.986","predicted"
"diana_microt","MIMAT0022724","hsa-miR-1277-5p","COL11A1","1301","ENSG00000060718","0.986","predicted"
"diana_microt","MIMAT0000086","hsa-miR-29a-3p","COL11A1","1301","ENSG00000060718","0.986","predicted"
"diana_microt","MIMAT0015378","hsa-miR-3065-3p","COL11A1","1301","ENSG00000060718","0.986","predicted"
"diana_microt","MIMAT0022724","hsa-miR-1277-5p","COL11A1","1301","ENSG00000060718","0.986","predicted"
"diana_microt","MIMAT0000086","hsa-miR-29a-3p","COL11A1","1301","ENSG00000060718","0.986","predicted"
"diana_microt","MIMAT0019728","hsa-miR-4660","FN1","2335","ENSG00000115414","0.986","predicted"
"diana_microt","MIMAT0019728","hsa-miR-4660","FN1","2335","ENSG00000115414","0.986","predicted"
"diana_microt","MIMAT0019030","hsa-miR-4495","LOX","4015","ENSG00000113083","0.986","predicted"
"diana_microt","MIMAT0019851","hsa-miR-4729","LOX","4015","ENSG00000113083","0.986","predicted"
"diana_microt","MIMAT0019030","hsa-miR-4495","LOX","4015","ENSG00000113083","0.986","predicted"
"diana_microt","MIMAT0019851","hsa-miR-4729","LOX","4015","ENSG00000113083","0.986","predicted"
"diana_microt","MIMAT0019776","hsa-miR-1343-3p","COMP","1311","ENSG00000105664","0.986","predicted"
"diana_microt","MIMAT0019776","hsa-miR-1343-3p","COMP","1311","ENSG00000105664","0.986","predicted"
"diana_microt","MIMAT0000091","hsa-miR-33a-5p","VCAN","1462","ENSG00000038427","0.986","predicted"
"diana_microt","MIMAT0000758","hsa-miR-135b-5p","VCAN","1462","ENSG00000038427","0.986","predicted"
"diana_microt","MIMAT0000091","hsa-miR-33a-5p","VCAN","1462","ENSG00000038427","0.986","predicted"
"diana_microt","MIMAT0000758","hsa-miR-135b-5p","VCAN","1462","ENSG00000038427","0.986","predicted"
"diana_microt","MIMAT0000427","hsa-miR-133a-3p","COL8A1","1295","ENSG00000144810","0.986","predicted"
"diana_microt","MIMAT0000770","hsa-miR-133b","COL8A1","1295","ENSG00000144810","0.986","predicted"
"diana_microt","MIMAT0015019","hsa-miR-3147","COL11A1","1301","ENSG00000060718","0.985","predicted"
"diana_microt","MIMAT0015019","hsa-miR-3147","COL11A1","1301","ENSG00000060718","0.985","predicted"
"diana_microt","MIMAT0004595","hsa-miR-135a-3p","LOX","4015","ENSG00000113083","0.985","predicted"
"diana_microt","MIMAT0004595","hsa-miR-135a-3p","LOX","4015","ENSG00000113083","0.985","predicted"
"diana_microt","MIMAT0022493","hsa-miR-5700","LOX","4015","ENSG00000113083","0.983","predicted"
"diana_microt","MIMAT0000100","hsa-miR-29b-3p","LOX","4015","ENSG00000113083","0.983","predicted"
"diana_microt","MIMAT0022493","hsa-miR-5700","LOX","4015","ENSG00000113083","0.983","predicted"
"diana_microt","MIMAT0000100","hsa-miR-29b-3p","LOX","4015","ENSG00000113083","0.983","predicted"
"diana_microt","MIMAT0000083","hsa-miR-26b-5p","INHBA","3624","ENSG00000122641","0.982","predicted"
"diana_microt","MIMAT0000083","hsa-miR-26b-5p","INHBA","3624","ENSG00000122641","0.982","predicted"
"diana_microt","MIMAT0000681","hsa-miR-29c-3p","LOX","4015","ENSG00000113083","0.982","predicted"
"diana_microt","MIMAT0000681","hsa-miR-29c-3p","LOX","4015","ENSG00000113083","0.982","predicted"
"diana_microt","MIMAT0018945","hsa-miR-4430","VCAN","1462","ENSG00000038427","0.982","predicted"
"diana_microt","MIMAT0018945","hsa-miR-4430","VCAN","1462","ENSG00000038427","0.982","predicted"
"diana_microt","MIMAT0022728","hsa-miR-513c-3p","COL3A1","1281","ENSG00000168542","0.981","predicted"
"diana_microt","MIMAT0004777","hsa-miR-513a-3p","COL3A1","1281","ENSG00000168542","0.981","predicted"
"diana_microt","MIMAT0005886","hsa-miR-1297","INHBA","3624","ENSG00000122641","0.981","predicted"
"diana_microt","MIMAT0005886","hsa-miR-1297","INHBA","3624","ENSG00000122641","0.981","predicted"
"diana_microt","MIMAT0015037","hsa-miR-3163","EDIL3","10085","ENSG00000164176","0.981","predicted"
"diana_microt","MIMAT0003323","hsa-miR-548d-3p","EDIL3","10085","ENSG00000164176","0.981","predicted"
"diana_microt","MIMAT0015037","hsa-miR-3163","VCAN","1462","ENSG00000038427","0.981","predicted"
"diana_microt","MIMAT0022272","hsa-miR-664b-3p","VCAN","1462","ENSG00000038427","0.981","predicted"
"diana_microt","MIMAT0000428","hsa-miR-135a-5p","VCAN","1462","ENSG00000038427","0.981","predicted"
"diana_microt","MIMAT0015037","hsa-miR-3163","VCAN","1462","ENSG00000038427","0.981","predicted"
"diana_microt","MIMAT0022272","hsa-miR-664b-3p","VCAN","1462","ENSG00000038427","0.981","predicted"
"diana_microt","MIMAT0000428","hsa-miR-135a-5p","VCAN","1462","ENSG00000038427","0.981","predicted"
"diana_microt","MIMAT0000462","hsa-miR-206","FN1","2335","ENSG00000115414","0.98","predicted"
"diana_microt","MIMAT0000462","hsa-miR-206","FN1","2335","ENSG00000115414","0.98","predicted"
"diana_microt","MIMAT0019718","hsa-miR-4653-5p","INHBA","3624","ENSG00000122641","0.98","predicted"
"diana_microt","MIMAT0015081","hsa-miR-548x-3p","INHBA","3624","ENSG00000122641","0.98","predicted"
"diana_microt","MIMAT0018990","hsa-miR-548aj-3p","INHBA","3624","ENSG00000122641","0.98","predicted"
"diana_microt","MIMAT0019718","hsa-miR-4653-5p","INHBA","3624","ENSG00000122641","0.98","predicted"
"diana_microt","MIMAT0015081","hsa-miR-548x-3p","INHBA","3624","ENSG00000122641","0.98","predicted"
"diana_microt","MIMAT0018990","hsa-miR-548aj-3p","INHBA","3624","ENSG00000122641","0.98","predicted"
"diana_microt","MIMAT0022283","hsa-miR-5584-5p","EDIL3","10085","ENSG00000164176","0.98","predicted"
"diana_microt","MIMAT0003244","hsa-miR-579-3p","VCAN","1462","ENSG00000038427","0.98","predicted"
"diana_microt","MIMAT0003244","hsa-miR-579-3p","VCAN","1462","ENSG00000038427","0.98","predicted"
"diana_microt","MIMAT0019054","hsa-miR-4517","COL8A1","1295","ENSG00000144810","0.98","predicted"
"diana_microt","MIMAT0015037","hsa-miR-3163","COL11A1","1301","ENSG00000060718","0.979","predicted"
"diana_microt","MIMAT0015037","hsa-miR-3163","COL11A1","1301","ENSG00000060718","0.979","predicted"
"diana_microt","MIMAT0019231","hsa-miR-3944-5p","FN1","2335","ENSG00000115414","0.979","predicted"
"diana_microt","MIMAT0019231","hsa-miR-3944-5p","FN1","2335","ENSG00000115414","0.979","predicted"
"diana_microt","MIMAT0003285","hsa-miR-548c-3p","INHBA","3624","ENSG00000122641","0.979","predicted"
"diana_microt","MIMAT0003285","hsa-miR-548c-3p","INHBA","3624","ENSG00000122641","0.979","predicted"
"diana_microt","MIMAT0019054","hsa-miR-4517","LOX","4015","ENSG00000113083","0.979","predicted"
"diana_microt","MIMAT0019054","hsa-miR-4517","LOX","4015","ENSG00000113083","0.979","predicted"
"diana_microt","MIMAT0005935","hsa-miR-548i","EDIL3","10085","ENSG00000164176","0.979","predicted"
"diana_microt","MIMAT0022272","hsa-miR-664b-3p","COL8A1","1295","ENSG00000144810","0.979","predicted"
"diana_microt","MIMAT0000736","hsa-miR-381-3p","COL11A1","1301","ENSG00000060718","0.978","predicted"
"diana_microt","MIMAT0000736","hsa-miR-381-3p","COL11A1","1301","ENSG00000060718","0.978","predicted"
"diana_microt","MIMAT0004779","hsa-miR-509-5p","INHBA","3624","ENSG00000122641","0.978","predicted"
"diana_microt","MIMAT0004975","hsa-miR-509-3-5p","INHBA","3624","ENSG00000122641","0.978","predicted"
"diana_microt","MIMAT0022300","hsa-miR-5590-3p","INHBA","3624","ENSG00000122641","0.978","predicted"
"diana_microt","MIMAT0004779","hsa-miR-509-5p","INHBA","3624","ENSG00000122641","0.978","predicted"
"diana_microt","MIMAT0004975","hsa-miR-509-3-5p","INHBA","3624","ENSG00000122641","0.978","predicted"
"diana_microt","MIMAT0022300","hsa-miR-5590-3p","INHBA","3624","ENSG00000122641","0.978","predicted"
"diana_microt","MIMAT0018000","hsa-miR-23c","VCAN","1462","ENSG00000038427","0.978","predicted"
"diana_microt","MIMAT0021085","hsa-miR-5093","VCAN","1462","ENSG00000038427","0.978","predicted"
"diana_microt","MIMAT0018000","hsa-miR-23c","VCAN","1462","ENSG00000038427","0.978","predicted"
"diana_microt","MIMAT0021085","hsa-miR-5093","VCAN","1462","ENSG00000038427","0.978","predicted"
"diana_microt","MIMAT0000065","hsa-let-7d-5p","COL3A1","1281","ENSG00000168542","0.977","predicted"
"diana_microt","MIMAT0000086","hsa-miR-29a-3p","LOX","4015","ENSG00000113083","0.977","predicted"
"diana_microt","MIMAT0000086","hsa-miR-29a-3p","LOX","4015","ENSG00000113083","0.977","predicted"
"diana_microt","MIMAT0022267","hsa-miR-548as-5p","EDIL3","10085","ENSG00000164176","0.977","predicted"
"diana_microt","MIMAT0000429","hsa-miR-137-3p","EDIL3","10085","ENSG00000164176","0.977","predicted"
"diana_microt","MIMAT0016880","hsa-miR-4259","COMP","1311","ENSG00000105664","0.977","predicted"
"diana_microt","MIMAT0016880","hsa-miR-4259","COMP","1311","ENSG00000105664","0.977","predicted"
"diana_microt","MIMAT0017991","hsa-miR-3613-3p","INHBA","3624","ENSG00000122641","0.976","predicted"
"diana_microt","MIMAT0017991","hsa-miR-3613-3p","INHBA","3624","ENSG00000122641","0.976","predicted"
"diana_microt","MIMAT0022263","hsa-miR-548aq-5p","EDIL3","10085","ENSG00000164176","0.976","predicted"
"diana_microt","MIMAT0004909","hsa-miR-450b-5p","ISM1","140862","ENSG00000101230","0.976","predicted"
"diana_microt","MIMAT0004909","hsa-miR-450b-5p","ISM1","140862","ENSG00000101230","0.976","predicted"
"diana_microt","MIMAT0000735","hsa-miR-380-3p","LOX","4015","ENSG00000113083","0.975","predicted"
"diana_microt","MIMAT0000735","hsa-miR-380-3p","LOX","4015","ENSG00000113083","0.975","predicted"
"diana_microt","MIMAT0005875","hsa-miR-548j-5p","EDIL3","10085","ENSG00000164176","0.975","predicted"
"diana_microt","MIMAT0018928","hsa-miR-548ab","EDIL3","10085","ENSG00000164176","0.975","predicted"
"diana_microt","MIMAT0005928","hsa-miR-548h-5p","EDIL3","10085","ENSG00000164176","0.975","predicted"
"diana_microt","MIMAT0019713","hsa-miR-4650-5p","VCAN","1462","ENSG00000038427","0.975","predicted"
"diana_microt","MIMAT0000418","hsa-miR-23b-3p","VCAN","1462","ENSG00000038427","0.975","predicted"
"diana_microt","MIMAT0003301","hsa-miR-33b-5p","VCAN","1462","ENSG00000038427","0.975","predicted"
"diana_microt","MIMAT0019713","hsa-miR-4650-5p","VCAN","1462","ENSG00000038427","0.975","predicted"
"diana_microt","MIMAT0000418","hsa-miR-23b-3p","VCAN","1462","ENSG00000038427","0.975","predicted"
"diana_microt","MIMAT0003301","hsa-miR-33b-5p","VCAN","1462","ENSG00000038427","0.975","predicted"
"diana_microt","MIMAT0003253","hsa-miR-587","COL11A1","1301","ENSG00000060718","0.974","predicted"
"diana_microt","MIMAT0015021","hsa-miR-3148","COL11A1","1301","ENSG00000060718","0.974","predicted"
"diana_microt","MIMAT0016917","hsa-miR-4287","COL11A1","1301","ENSG00000060718","0.974","predicted"
"diana_microt","MIMAT0003253","hsa-miR-587","COL11A1","1301","ENSG00000060718","0.974","predicted"
"diana_microt","MIMAT0015021","hsa-miR-3148","COL11A1","1301","ENSG00000060718","0.974","predicted"
"diana_microt","MIMAT0016917","hsa-miR-4287","COL11A1","1301","ENSG00000060718","0.974","predicted"
"diana_microt","MIMAT0020958","hsa-miR-4482-3p","INHBA","3624","ENSG00000122641","0.974","predicted"
"diana_microt","MIMAT0020958","hsa-miR-4482-3p","INHBA","3624","ENSG00000122641","0.974","predicted"
"diana_microt","MIMAT0007886","hsa-miR-1911-3p","LOX","4015","ENSG00000113083","0.974","predicted"
"diana_microt","MIMAT0007886","hsa-miR-1911-3p","LOX","4015","ENSG00000113083","0.974","predicted"
"diana_microt","MIMAT0004806","hsa-miR-548c-5p","EDIL3","10085","ENSG00000164176","0.974","predicted"
"diana_microt","MIMAT0022738","hsa-miR-548o-5p","EDIL3","10085","ENSG00000164176","0.974","predicted"
"diana_microt","MIMAT0022740","hsa-miR-548am-5p","EDIL3","10085","ENSG00000164176","0.974","predicted"
"diana_microt","MIMAT0004903","hsa-miR-300","COL11A1","1301","ENSG00000060718","0.973","predicted"
"diana_microt","MIMAT0002811","hsa-miR-202-3p","COL11A1","1301","ENSG00000060718","0.973","predicted"
"diana_microt","MIMAT0004703","hsa-miR-335-3p","COL11A1","1301","ENSG00000060718","0.973","predicted"
"diana_microt","MIMAT0004903","hsa-miR-300","COL11A1","1301","ENSG00000060718","0.973","predicted"
"diana_microt","MIMAT0002811","hsa-miR-202-3p","COL11A1","1301","ENSG00000060718","0.973","predicted"
"diana_microt","MIMAT0004703","hsa-miR-335-3p","COL11A1","1301","ENSG00000060718","0.973","predicted"
"diana_microt","MIMAT0004703","hsa-miR-335-3p","INHBA","3624","ENSG00000122641","0.973","predicted"
"diana_microt","MIMAT0004703","hsa-miR-335-3p","INHBA","3624","ENSG00000122641","0.973","predicted"
"diana_microt","MIMAT0000080","hsa-miR-24-3p","LOX","4015","ENSG00000113083","0.973","predicted"
"diana_microt","MIMAT0000080","hsa-miR-24-3p","LOX","4015","ENSG00000113083","0.973","predicted"
"diana_microt","MIMAT0018354","hsa-miR-548y","EDIL3","10085","ENSG00000164176","0.973","predicted"
"diana_microt","MIMAT0021037","hsa-miR-548ap-5p","EDIL3","10085","ENSG00000164176","0.973","predicted"
"diana_microt","MIMAT0022291","hsa-miR-548au-5p","EDIL3","10085","ENSG00000164176","0.973","predicted"
"diana_microt","MIMAT0005800","hsa-miR-1298-5p","VCAN","1462","ENSG00000038427","0.973","predicted"
"diana_microt","MIMAT0005889","hsa-miR-548l","VCAN","1462","ENSG00000038427","0.973","predicted"
"diana_microt","MIMAT0005800","hsa-miR-1298-5p","VCAN","1462","ENSG00000038427","0.973","predicted"
"diana_microt","MIMAT0005889","hsa-miR-548l","VCAN","1462","ENSG00000038427","0.973","predicted"
"diana_microt","MIMAT0022468","hsa-miR-5680","INHBA","3624","ENSG00000122641","0.972","predicted"
"diana_microt","MIMAT0022468","hsa-miR-5680","INHBA","3624","ENSG00000122641","0.972","predicted"
"diana_microt","MIMAT0004803","hsa-miR-548a-5p","EDIL3","10085","ENSG00000164176","0.972","predicted"
"diana_microt","MIMAT0019966","hsa-miR-4793-3p","EDIL3","10085","ENSG00000164176","0.972","predicted"
"diana_microt","MIMAT0000078","hsa-miR-23a-3p","VCAN","1462","ENSG00000038427","0.972","predicted"
"diana_microt","MIMAT0000078","hsa-miR-23a-3p","VCAN","1462","ENSG00000038427","0.972","predicted"
"diana_microt","MIMAT0005880","hsa-miR-1290","COL8A1","1295","ENSG00000144810","0.972","predicted"
"diana_microt","MIMAT0000442","hsa-miR-9-3p","FN1","2335","ENSG00000115414","0.971","predicted"
"diana_microt","MIMAT0000416","hsa-miR-1-3p","FN1","2335","ENSG00000115414","0.971","predicted"
"diana_microt","MIMAT0000442","hsa-miR-9-3p","FN1","2335","ENSG00000115414","0.971","predicted"
"diana_microt","MIMAT0000416","hsa-miR-1-3p","FN1","2335","ENSG00000115414","0.971","predicted"
"diana_microt","MIMAT0019054","hsa-miR-4517","INHBA","3624","ENSG00000122641","0.971","predicted"
"diana_microt","MIMAT0019891","hsa-miR-4753-3p","INHBA","3624","ENSG00000122641","0.971","predicted"
"diana_microt","MIMAT0019054","hsa-miR-4517","INHBA","3624","ENSG00000122641","0.971","predicted"
"diana_microt","MIMAT0019891","hsa-miR-4753-3p","INHBA","3624","ENSG00000122641","0.971","predicted"
"diana_microt","MIMAT0004812","hsa-miR-548d-5p","EDIL3","10085","ENSG00000164176","0.971","predicted"
"diana_microt","MIMAT0015060","hsa-miR-548w","EDIL3","10085","ENSG00000164176","0.971","predicted"
"diana_microt","MIMAT0016859","hsa-miR-4309","VCAN","1462","ENSG00000038427","0.971","predicted"
"diana_microt","MIMAT0016859","hsa-miR-4309","VCAN","1462","ENSG00000038427","0.971","predicted"
"diana_microt","MIMAT0000734","hsa-miR-380-5p","COL3A1","1281","ENSG00000168542","0.97","predicted"
"diana_microt","MIMAT0001635","hsa-miR-452-5p","INHBA","3624","ENSG00000122641","0.97","predicted"
"diana_microt","MIMAT0001635","hsa-miR-452-5p","INHBA","3624","ENSG00000122641","0.97","predicted"
"diana_microt","MIMAT0004798","hsa-miR-548b-5p","EDIL3","10085","ENSG00000164176","0.97","predicted"
"diana_microt","MIMAT0022265","hsa-miR-548ar-5p","EDIL3","10085","ENSG00000164176","0.97","predicted"
"diana_microt","MIMAT0003255","hsa-miR-588","COL8A1","1295","ENSG00000144810","0.97","predicted"
"diana_microt","MIMAT0015009","hsa-miR-548t-5p","COL8A1","1295","ENSG00000144810","0.97","predicted"
"diana_microt","MIMAT0002824","hsa-miR-498-5p","COL11A1","1301","ENSG00000060718","0.969","predicted"
"diana_microt","MIMAT0002824","hsa-miR-498-5p","COL11A1","1301","ENSG00000060718","0.969","predicted"
"diana_microt","MIMAT0005874","hsa-miR-548e-3p","EDIL3","10085","ENSG00000164176","0.969","predicted"
"diana_microt","MIMAT0019013","hsa-miR-548ak","EDIL3","10085","ENSG00000164176","0.969","predicted"
"diana_microt","MIMAT0018203","hsa-miR-676-5p","COL11A1","1301","ENSG00000060718","0.968","predicted"
"diana_microt","MIMAT0018203","hsa-miR-676-5p","COL11A1","1301","ENSG00000060718","0.968","predicted"
"diana_microt","MIMAT0022484","hsa-miR-5692a","LOX","4015","ENSG00000113083","0.968","predicted"
"diana_microt","MIMAT0022484","hsa-miR-5692a","LOX","4015","ENSG00000113083","0.968","predicted"
"diana_microt","MIMAT0000226","hsa-miR-196a-5p","COL3A1","1281","ENSG00000168542","0.967","predicted"
"diana_microt","MIMAT0018196","hsa-miR-3921","INHBA","3624","ENSG00000122641","0.967","predicted"
"diana_microt","MIMAT0018196","hsa-miR-3921","INHBA","3624","ENSG00000122641","0.967","predicted"
"diana_microt","MIMAT0019040","hsa-miR-4504","COL3A1","1281","ENSG00000168542","0.966","predicted"
"diana_microt","MIMAT0001080","hsa-miR-196b-5p","COL3A1","1281","ENSG00000168542","0.966","predicted"
"diana_microt","MIMAT0003885","hsa-miR-454-3p","INHBA","3624","ENSG00000122641","0.966","predicted"
"diana_microt","MIMAT0003885","hsa-miR-454-3p","INHBA","3624","ENSG00000122641","0.966","predicted"
"diana_microt","MIMAT0018199","hsa-miR-3924","LOX","4015","ENSG00000113083","0.966","predicted"
"diana_microt","MIMAT0018199","hsa-miR-3924","LOX","4015","ENSG00000113083","0.966","predicted"
"diana_microt","MIMAT0000753","hsa-miR-342-3p","THBS3","7059","ENSG00000169231","0.966","predicted"
"diana_microt","MIMAT0019001","hsa-miR-4474-3p","COL3A1","1281","ENSG00000168542","0.965","predicted"
"diana_microt","MIMAT0003223","hsa-miR-559","EDIL3","10085","ENSG00000164176","0.965","predicted"
"diana_microt","MIMAT0003275","hsa-miR-607","LOX","4015","ENSG00000113083","0.964","predicted"
"diana_microt","MIMAT0003275","hsa-miR-607","LOX","4015","ENSG00000113083","0.964","predicted"
"diana_microt","MIMAT0017950","hsa-miR-2355-3p","THBS3","7059","ENSG00000169231","0.964","predicted"
"diana_microt","MIMAT0019969","hsa-miR-4795-3p","COL11A1","1301","ENSG00000060718","0.962","predicted"
"diana_microt","MIMAT0019969","hsa-miR-4795-3p","COL11A1","1301","ENSG00000060718","0.962","predicted"
"diana_microt","MIMAT0002818","hsa-miR-496","EDIL3","10085","ENSG00000164176","0.962","predicted"
"diana_microt","MIMAT0019772","hsa-miR-4685-3p","COL11A1","1301","ENSG00000060718","0.961","predicted"
"diana_microt","MIMAT0019772","hsa-miR-4685-3p","COL11A1","1301","ENSG00000060718","0.961","predicted"
"diana_microt","MIMAT0004801","hsa-miR-590-3p","EDIL3","10085","ENSG00000164176","0.961","predicted"
"diana_microt","MIMAT0004692","hsa-miR-340-5p","VCAN","1462","ENSG00000038427","0.961","predicted"
"diana_microt","MIMAT0014983","hsa-miR-3121-3p","VCAN","1462","ENSG00000038427","0.961","predicted"
"diana_microt","MIMAT0004692","hsa-miR-340-5p","VCAN","1462","ENSG00000038427","0.961","predicted"
"diana_microt","MIMAT0014983","hsa-miR-3121-3p","VCAN","1462","ENSG00000038427","0.961","predicted"
"diana_microt","MIMAT0005893","hsa-miR-1305","COL11A1","1301","ENSG00000060718","0.96","predicted"
"diana_microt","MIMAT0019079","hsa-miR-548an","COL11A1","1301","ENSG00000060718","0.96","predicted"
"diana_microt","MIMAT0005893","hsa-miR-1305","COL11A1","1301","ENSG00000060718","0.96","predicted"
"diana_microt","MIMAT0019079","hsa-miR-548an","COL11A1","1301","ENSG00000060718","0.96","predicted"
"diana_microt","MIMAT0014981","hsa-miR-3119","INHBA","3624","ENSG00000122641","0.96","predicted"
"diana_microt","MIMAT0014981","hsa-miR-3119","INHBA","3624","ENSG00000122641","0.96","predicted"
"diana_microt","MIMAT0019931","hsa-miR-4775","EDIL3","10085","ENSG00000164176","0.96","predicted"
"diana_microt","MIMAT0004494","hsa-miR-21-3p","LOX","4015","ENSG00000113083","0.959","predicted"
"diana_microt","MIMAT0004494","hsa-miR-21-3p","LOX","4015","ENSG00000113083","0.959","predicted"
"diana_microt","MIMAT0019359","hsa-miR-3974","EDIL3","10085","ENSG00000164176","0.959","predicted"
"diana_microt","MIMAT0014983","hsa-miR-3121-3p","COL8A1","1295","ENSG00000144810","0.959","predicted"
"diana_microt","MIMAT0021129","hsa-miR-5196-3p","THBS3","7059","ENSG00000169231","0.958","predicted"
"diana_microt","MIMAT0005916","hsa-miR-548n","EDIL3","10085","ENSG00000164176","0.958","predicted"
"diana_microt","MIMAT0000720","hsa-miR-376c-3p","INHBA","3624","ENSG00000122641","0.957","predicted"
"diana_microt","MIMAT0000720","hsa-miR-376c-3p","INHBA","3624","ENSG00000122641","0.957","predicted"
"diana_microt","MIMAT0009977","hsa-miR-2052","ISM1","140862","ENSG00000101230","0.957","predicted"
"diana_microt","MIMAT0009977","hsa-miR-2052","ISM1","140862","ENSG00000101230","0.957","predicted"
"diana_microt","MIMAT0002855","hsa-miR-520d-5p","COL11A1","1301","ENSG00000060718","0.956","predicted"
"diana_microt","MIMAT0002855","hsa-miR-520d-5p","COL11A1","1301","ENSG00000060718","0.956","predicted"
"diana_microt","MIMAT0019770","hsa-miR-4684-3p","INHBA","3624","ENSG00000122641","0.956","predicted"
"diana_microt","MIMAT0019770","hsa-miR-4684-3p","INHBA","3624","ENSG00000122641","0.956","predicted"
"diana_microt","MIMAT0003236","hsa-miR-571","COMP","1311","ENSG00000105664","0.956","predicted"
"diana_microt","MIMAT0003236","hsa-miR-571","COMP","1311","ENSG00000105664","0.956","predicted"
"diana_microt","MIMAT0000753","hsa-miR-342-3p","INHBA","3624","ENSG00000122641","0.955","predicted"
"diana_microt","MIMAT0000753","hsa-miR-342-3p","INHBA","3624","ENSG00000122641","0.955","predicted"
"diana_microt","MIMAT0022277","hsa-miR-548at-5p","LOX","4015","ENSG00000113083","0.955","predicted"
"diana_microt","MIMAT0022277","hsa-miR-548at-5p","LOX","4015","ENSG00000113083","0.955","predicted"
"diana_microt","MIMAT0016915","hsa-miR-4284","INHBA","3624","ENSG00000122641","0.954","predicted"
"diana_microt","MIMAT0016915","hsa-miR-4284","INHBA","3624","ENSG00000122641","0.954","predicted"
"diana_microt","MIMAT0022468","hsa-miR-5680","EDIL3","10085","ENSG00000164176","0.954","predicted"
"diana_microt","MIMAT0003285","hsa-miR-548c-3p","LOX","4015","ENSG00000113083","0.953","predicted"
"diana_microt","MIMAT0003285","hsa-miR-548c-3p","LOX","4015","ENSG00000113083","0.953","predicted"
"diana_microt","MIMAT0018957","hsa-miR-4439","COL8A1","1295","ENSG00000144810","0.953","predicted"
"diana_microt","MIMAT0002849","hsa-miR-524-5p","COL11A1","1301","ENSG00000060718","0.952","predicted"
"diana_microt","MIMAT0002849","hsa-miR-524-5p","COL11A1","1301","ENSG00000060718","0.952","predicted"
"diana_microt","MIMAT0002826","hsa-miR-515-5p","FN1","2335","ENSG00000115414","0.952","predicted"
"diana_microt","MIMAT0002826","hsa-miR-515-5p","FN1","2335","ENSG00000115414","0.952","predicted"
"diana_microt","MIMAT0015037","hsa-miR-3163","LOX","4015","ENSG00000113083","0.952","predicted"
"diana_microt","MIMAT0015037","hsa-miR-3163","LOX","4015","ENSG00000113083","0.952","predicted"
"diana_microt","MIMAT0004947","hsa-miR-885-5p","VCAN","1462","ENSG00000038427","0.951","predicted"
"diana_microt","MIMAT0004947","hsa-miR-885-5p","VCAN","1462","ENSG00000038427","0.951","predicted"
"diana_microt","MIMAT0015037","hsa-miR-3163","COL8A1","1295","ENSG00000144810","0.951","predicted"
"diana_microt","MIMAT0019733","hsa-miR-4659b-5p","COL11A1","1301","ENSG00000060718","0.95","predicted"
"diana_microt","MIMAT0019733","hsa-miR-4659b-5p","COL11A1","1301","ENSG00000060718","0.95","predicted"
"diana_microt","MIMAT0005457","hsa-miR-518a-5p","EDIL3","10085","ENSG00000164176","0.95","predicted"
"diana_microt","MIMAT0002862","hsa-miR-527","EDIL3","10085","ENSG00000164176","0.95","predicted"
"diana_microt","MIMAT0019891","hsa-miR-4753-3p","COL8A1","1295","ENSG00000144810","0.95","predicted"
"diana_microt","MIMAT0019787","hsa-miR-4694-3p","COL11A1","1301","ENSG00000060718","0.949","predicted"
"diana_microt","MIMAT0019787","hsa-miR-4694-3p","COL11A1","1301","ENSG00000060718","0.949","predicted"
"diana_microt","MIMAT0021045","hsa-miR-5011-5p","VCAN","1462","ENSG00000038427","0.949","predicted"
"diana_microt","MIMAT0004703","hsa-miR-335-3p","VCAN","1462","ENSG00000038427","0.949","predicted"
"diana_microt","MIMAT0021045","hsa-miR-5011-5p","VCAN","1462","ENSG00000038427","0.949","predicted"
"diana_microt","MIMAT0004703","hsa-miR-335-3p","VCAN","1462","ENSG00000038427","0.949","predicted"
"diana_microt","MIMAT0021045","hsa-miR-5011-5p","ISM1","140862","ENSG00000101230","0.949","predicted"
"diana_microt","MIMAT0021045","hsa-miR-5011-5p","ISM1","140862","ENSG00000101230","0.949","predicted"
"diana_microt","MIMAT0019764","hsa-miR-4680-5p","COL11A1","1301","ENSG00000060718","0.948","predicted"
"diana_microt","MIMAT0019764","hsa-miR-4680-5p","COL11A1","1301","ENSG00000060718","0.948","predicted"
"diana_microt","MIMAT0004513","hsa-miR-101-5p","LOX","4015","ENSG00000113083","0.948","predicted"
"diana_microt","MIMAT0004513","hsa-miR-101-5p","LOX","4015","ENSG00000113083","0.948","predicted"
"diana_microt","MIMAT0005895","hsa-miR-548f-3p","EDIL3","10085","ENSG00000164176","0.948","predicted"
"diana_microt","MIMAT0002828","hsa-miR-519e-5p","FN1","2335","ENSG00000115414","0.947","predicted"
"diana_microt","MIMAT0002828","hsa-miR-519e-5p","FN1","2335","ENSG00000115414","0.947","predicted"
"diana_microt","MIMAT0004690","hsa-miR-379-3p","LOX","4015","ENSG00000113083","0.947","predicted"
"diana_microt","MIMAT0004690","hsa-miR-379-3p","LOX","4015","ENSG00000113083","0.947","predicted"
"diana_microt","MIMAT0000721","hsa-miR-369-3p","COL11A1","1301","ENSG00000060718","0.946","predicted"
"diana_microt","MIMAT0000721","hsa-miR-369-3p","COL11A1","1301","ENSG00000060718","0.946","predicted"
"diana_microt","MIMAT0019212","hsa-miR-3160-5p","INHBA","3624","ENSG00000122641","0.946","predicted"
"diana_microt","MIMAT0022476","hsa-miR-5692c","INHBA","3624","ENSG00000122641","0.946","predicted"
"diana_microt","MIMAT0019212","hsa-miR-3160-5p","INHBA","3624","ENSG00000122641","0.946","predicted"
"diana_microt","MIMAT0022476","hsa-miR-5692c","INHBA","3624","ENSG00000122641","0.946","predicted"
"diana_microt","MIMAT0019966","hsa-miR-4793-3p","THBS3","7059","ENSG00000169231","0.946","predicted"
"diana_microt","MIMAT0003275","hsa-miR-607","EDIL3","10085","ENSG00000164176","0.946","predicted"
"diana_microt","MIMAT0003261","hsa-miR-593-5p","FN1","2335","ENSG00000115414","0.945","predicted"
"diana_microt","MIMAT0003261","hsa-miR-593-5p","FN1","2335","ENSG00000115414","0.945","predicted"
"diana_microt","MIMAT0015050","hsa-miR-323b-3p","INHBA","3624","ENSG00000122641","0.945","predicted"
"diana_microt","MIMAT0019728","hsa-miR-4660","INHBA","3624","ENSG00000122641","0.945","predicted"
"diana_microt","MIMAT0015050","hsa-miR-323b-3p","INHBA","3624","ENSG00000122641","0.945","predicted"
"diana_microt","MIMAT0019728","hsa-miR-4660","INHBA","3624","ENSG00000122641","0.945","predicted"
"diana_microt","MIMAT0018094","hsa-miR-3671","COL8A1","1295","ENSG00000144810","0.945","predicted"
"diana_microt","MIMAT0018086","hsa-miR-3664-5p","COL8A1","1295","ENSG00000144810","0.945","predicted"
"diana_microt","MIMAT0018196","hsa-miR-3921","FN1","2335","ENSG00000115414","0.944","predicted"
"diana_microt","MIMAT0018196","hsa-miR-3921","FN1","2335","ENSG00000115414","0.944","predicted"
"diana_microt","MIMAT0022266","hsa-miR-548ar-3p","EDIL3","10085","ENSG00000164176","0.944","predicted"
"diana_microt","MIMAT0016918","hsa-miR-4288","VCAN","1462","ENSG00000038427","0.944","predicted"
"diana_microt","MIMAT0016918","hsa-miR-4288","VCAN","1462","ENSG00000038427","0.944","predicted"
"diana_microt","MIMAT0019982","hsa-miR-4802-3p","COL8A1","1295","ENSG00000144810","0.944","predicted"
"diana_microt","MIMAT0022497","hsa-miR-5692b","INHBA","3624","ENSG00000122641","0.943","predicted"
"diana_microt","MIMAT0022497","hsa-miR-5692b","INHBA","3624","ENSG00000122641","0.943","predicted"
"diana_microt","MIMAT0004813","hsa-miR-411-3p","LOX","4015","ENSG00000113083","0.943","predicted"
"diana_microt","MIMAT0004813","hsa-miR-411-3p","LOX","4015","ENSG00000113083","0.943","predicted"
"diana_microt","MIMAT0019054","hsa-miR-4517","COL3A1","1281","ENSG00000168542","0.942","predicted"
"diana_microt","MIMAT0004901","hsa-miR-298","FN1","2335","ENSG00000115414","0.942","predicted"
"diana_microt","MIMAT0004901","hsa-miR-298","FN1","2335","ENSG00000115414","0.942","predicted"
"diana_microt","MIMAT0019759","hsa-miR-4676-3p","INHBA","3624","ENSG00000122641","0.942","predicted"
"diana_microt","MIMAT0000274","hsa-miR-217-5p","INHBA","3624","ENSG00000122641","0.942","predicted"
"diana_microt","MIMAT0019759","hsa-miR-4676-3p","INHBA","3624","ENSG00000122641","0.942","predicted"
"diana_microt","MIMAT0000274","hsa-miR-217-5p","INHBA","3624","ENSG00000122641","0.942","predicted"
"diana_microt","MIMAT0000274","hsa-miR-217-5p","COL8A1","1295","ENSG00000144810","0.941","predicted"
"diana_microt","MIMAT0019907","hsa-miR-4760-3p","COL11A1","1301","ENSG00000060718","0.94","predicted"
"diana_microt","MIMAT0019933","hsa-miR-4776-3p","COL11A1","1301","ENSG00000060718","0.94","predicted"
"diana_microt","MIMAT0019907","hsa-miR-4760-3p","COL11A1","1301","ENSG00000060718","0.94","predicted"
"diana_microt","MIMAT0019933","hsa-miR-4776-3p","COL11A1","1301","ENSG00000060718","0.94","predicted"
"diana_microt","MIMAT0004987","hsa-miR-944","INHBA","3624","ENSG00000122641","0.94","predicted"
"diana_microt","MIMAT0004987","hsa-miR-944","INHBA","3624","ENSG00000122641","0.94","predicted"
"diana_microt","MIMAT0002849","hsa-miR-524-5p","VCAN","1462","ENSG00000038427","0.94","predicted"
"diana_microt","MIMAT0002849","hsa-miR-524-5p","VCAN","1462","ENSG00000038427","0.94","predicted"
"diana_microt","MIMAT0021085","hsa-miR-5093","COL8A1","1295","ENSG00000144810","0.94","predicted"
"diana_microt","MIMAT0000419","hsa-miR-27b-3p","FN1","2335","ENSG00000115414","0.939","predicted"
"diana_microt","MIMAT0000419","hsa-miR-27b-3p","FN1","2335","ENSG00000115414","0.939","predicted"
"diana_microt","MIMAT0018083","hsa-miR-3662","LOX","4015","ENSG00000113083","0.939","predicted"
"diana_microt","MIMAT0019751","hsa-miR-4670-3p","LOX","4015","ENSG00000113083","0.939","predicted"
"diana_microt","MIMAT0004550","hsa-miR-30c-2-3p","LOX","4015","ENSG00000113083","0.939","predicted"
"diana_microt","MIMAT0018083","hsa-miR-3662","LOX","4015","ENSG00000113083","0.939","predicted"
"diana_microt","MIMAT0019751","hsa-miR-4670-3p","LOX","4015","ENSG00000113083","0.939","predicted"
"diana_microt","MIMAT0004550","hsa-miR-30c-2-3p","LOX","4015","ENSG00000113083","0.939","predicted"
"diana_microt","MIMAT0021045","hsa-miR-5011-5p","EDIL3","10085","ENSG00000164176","0.939","predicted"
"diana_microt","MIMAT0002855","hsa-miR-520d-5p","VCAN","1462","ENSG00000038427","0.939","predicted"
"diana_microt","MIMAT0002855","hsa-miR-520d-5p","VCAN","1462","ENSG00000038427","0.939","predicted"
"diana_microt","MIMAT0005932","hsa-miR-302f","COL11A1","1301","ENSG00000060718","0.938","predicted"
"diana_microt","MIMAT0019793","hsa-miR-4698","COL11A1","1301","ENSG00000060718","0.938","predicted"
"diana_microt","MIMAT0005949","hsa-miR-664a-3p","COL11A1","1301","ENSG00000060718","0.938","predicted"
"diana_microt","MIMAT0005932","hsa-miR-302f","COL11A1","1301","ENSG00000060718","0.938","predicted"
"diana_microt","MIMAT0019793","hsa-miR-4698","COL11A1","1301","ENSG00000060718","0.938","predicted"
"diana_microt","MIMAT0005949","hsa-miR-664a-3p","COL11A1","1301","ENSG00000060718","0.938","predicted"
"diana_microt","MIMAT0000084","hsa-miR-27a-3p","FN1","2335","ENSG00000115414","0.938","predicted"
"diana_microt","MIMAT0000084","hsa-miR-27a-3p","FN1","2335","ENSG00000115414","0.938","predicted"
"diana_microt","MIMAT0002847","hsa-miR-518c-5p","INHBA","3624","ENSG00000122641","0.938","predicted"
"diana_microt","MIMAT0002847","hsa-miR-518c-5p","INHBA","3624","ENSG00000122641","0.938","predicted"
"diana_microt","MIMAT0000727","hsa-miR-374a-5p","EDIL3","10085","ENSG00000164176","0.938","predicted"
"diana_microt","MIMAT0004487","hsa-let-7f-2-3p","VCAN","1462","ENSG00000038427","0.938","predicted"
"diana_microt","MIMAT0004487","hsa-let-7f-2-3p","VCAN","1462","ENSG00000038427","0.938","predicted"
"diana_microt","MIMAT0003393","hsa-miR-425-5p","EDIL3","10085","ENSG00000164176","0.937","predicted"
"diana_microt","MIMAT0019923","hsa-miR-4769-3p","FN1","2335","ENSG00000115414","0.936","predicted"
"diana_microt","MIMAT0019923","hsa-miR-4769-3p","FN1","2335","ENSG00000115414","0.936","predicted"
"diana_microt","MIMAT0022280","hsa-miR-5582-3p","COL8A1","1295","ENSG00000144810","0.936","predicted"
"diana_microt","MIMAT0011162","hsa-miR-2117","FN1","2335","ENSG00000115414","0.935","predicted"
"diana_microt","MIMAT0011162","hsa-miR-2117","FN1","2335","ENSG00000115414","0.935","predicted"
"diana_microt","MIMAT0022722","hsa-miR-548g-5p","INHBA","3624","ENSG00000122641","0.935","predicted"
"diana_microt","MIMAT0022733","hsa-miR-548x-5p","INHBA","3624","ENSG00000122641","0.935","predicted"
"diana_microt","MIMAT0022739","hsa-miR-548aj-5p","INHBA","3624","ENSG00000122641","0.935","predicted"
"diana_microt","MIMAT0022722","hsa-miR-548g-5p","INHBA","3624","ENSG00000122641","0.935","predicted"
"diana_microt","MIMAT0022733","hsa-miR-548x-5p","INHBA","3624","ENSG00000122641","0.935","predicted"
"diana_microt","MIMAT0022739","hsa-miR-548aj-5p","INHBA","3624","ENSG00000122641","0.935","predicted"
"diana_microt","MIMAT0003331","hsa-miR-655-3p","LOX","4015","ENSG00000113083","0.934","predicted"
"diana_microt","MIMAT0003331","hsa-miR-655-3p","LOX","4015","ENSG00000113083","0.934","predicted"
"diana_microt","MIMAT0022724","hsa-miR-1277-5p","INHBA","3624","ENSG00000122641","0.933","predicted"
"diana_microt","MIMAT0022724","hsa-miR-1277-5p","INHBA","3624","ENSG00000122641","0.933","predicted"
"diana_microt","MIMAT0004482","hsa-let-7b-3p","VCAN","1462","ENSG00000038427","0.933","predicted"
"diana_microt","MIMAT0004919","hsa-miR-541-5p","VCAN","1462","ENSG00000038427","0.933","predicted"
"diana_microt","MIMAT0004482","hsa-let-7b-3p","VCAN","1462","ENSG00000038427","0.933","predicted"
"diana_microt","MIMAT0004919","hsa-miR-541-5p","VCAN","1462","ENSG00000038427","0.933","predicted"
"diana_microt","MIMAT0005572","hsa-miR-1225-5p","COL8A1","1295","ENSG00000144810","0.933","predicted"
"diana_microt","MIMAT0019692","hsa-miR-4635","INHBA","3624","ENSG00000122641","0.932","predicted"
"diana_microt","MIMAT0019731","hsa-miR-4662a-5p","INHBA","3624","ENSG00000122641","0.932","predicted"
"diana_microt","MIMAT0000266","hsa-miR-205-5p","INHBA","3624","ENSG00000122641","0.932","predicted"
"diana_microt","MIMAT0000617","hsa-miR-200c-3p","INHBA","3624","ENSG00000122641","0.932","predicted"
"diana_microt","MIMAT0019692","hsa-miR-4635","INHBA","3624","ENSG00000122641","0.932","predicted"
"diana_microt","MIMAT0019731","hsa-miR-4662a-5p","INHBA","3624","ENSG00000122641","0.932","predicted"
"diana_microt","MIMAT0000266","hsa-miR-205-5p","INHBA","3624","ENSG00000122641","0.932","predicted"
"diana_microt","MIMAT0000617","hsa-miR-200c-3p","INHBA","3624","ENSG00000122641","0.932","predicted"
"diana_microt","MIMAT0016886","hsa-miR-4252","FN1","2335","ENSG00000115414","0.93","predicted"
"diana_microt","MIMAT0019718","hsa-miR-4653-5p","FN1","2335","ENSG00000115414","0.93","predicted"
"diana_microt","MIMAT0003298","hsa-miR-629-3p","FN1","2335","ENSG00000115414","0.93","predicted"
"diana_microt","MIMAT0016886","hsa-miR-4252","FN1","2335","ENSG00000115414","0.93","predicted"
"diana_microt","MIMAT0019718","hsa-miR-4653-5p","FN1","2335","ENSG00000115414","0.93","predicted"
"diana_microt","MIMAT0003298","hsa-miR-629-3p","FN1","2335","ENSG00000115414","0.93","predicted"
"diana_microt","MIMAT0018443","hsa-miR-374c-5p","INHBA","3624","ENSG00000122641","0.93","predicted"
"diana_microt","MIMAT0018443","hsa-miR-374c-5p","INHBA","3624","ENSG00000122641","0.93","predicted"
"diana_microt","MIMAT0004987","hsa-miR-944","EDIL3","10085","ENSG00000164176","0.93","predicted"
"diana_microt","MIMAT0005788","hsa-miR-513b-5p","VCAN","1462","ENSG00000038427","0.93","predicted"
"diana_microt","MIMAT0005788","hsa-miR-513b-5p","VCAN","1462","ENSG00000038427","0.93","predicted"
"diana_microt","MIMAT0019931","hsa-miR-4775","COL8A1","1295","ENSG00000144810","0.93","predicted"
"diana_microt","MIMAT0015037","hsa-miR-3163","INHBA","3624","ENSG00000122641","0.929","predicted"
"diana_microt","MIMAT0000318","hsa-miR-200b-3p","INHBA","3624","ENSG00000122641","0.929","predicted"
"diana_microt","MIMAT0015037","hsa-miR-3163","INHBA","3624","ENSG00000122641","0.929","predicted"
"diana_microt","MIMAT0000318","hsa-miR-200b-3p","INHBA","3624","ENSG00000122641","0.929","predicted"
"diana_microt","MIMAT0018204","hsa-miR-676-3p","COMP","1311","ENSG00000105664","0.929","predicted"
"diana_microt","MIMAT0018204","hsa-miR-676-3p","COMP","1311","ENSG00000105664","0.929","predicted"
"diana_microt","MIMAT0003882","hsa-miR-767-5p","COL3A1","1281","ENSG00000168542","0.928","predicted"
"diana_microt","MIMAT0018938","hsa-miR-548ac","INHBA","3624","ENSG00000122641","0.928","predicted"
"diana_microt","MIMAT0018938","hsa-miR-548ac","INHBA","3624","ENSG00000122641","0.928","predicted"
"diana_microt","MIMAT0014983","hsa-miR-3121-3p","EDIL3","10085","ENSG00000164176","0.928","predicted"
"diana_microt","MIMAT0022283","hsa-miR-5584-5p","COL8A1","1295","ENSG00000144810","0.928","predicted"
"diana_microt","MIMAT0016863","hsa-miR-4311","EDIL3","10085","ENSG00000164176","0.927","predicted"
"diana_microt","MIMAT0004481","hsa-let-7a-3p","VCAN","1462","ENSG00000038427","0.927","predicted"
"diana_microt","MIMAT0004481","hsa-let-7a-3p","VCAN","1462","ENSG00000038427","0.927","predicted"
"diana_microt","MIMAT0019891","hsa-miR-4753-3p","ISM1","140862","ENSG00000101230","0.927","predicted"
"diana_microt","MIMAT0019891","hsa-miR-4753-3p","ISM1","140862","ENSG00000101230","0.927","predicted"
"diana_microt","MIMAT0000261","hsa-miR-183-5p","LOX","4015","ENSG00000113083","0.926","predicted"
"diana_microt","MIMAT0000261","hsa-miR-183-5p","LOX","4015","ENSG00000113083","0.926","predicted"
"diana_microt","MIMAT0003945","hsa-miR-765","COL8A1","1295","ENSG00000144810","0.926","predicted"
"diana_microt","MIMAT0018981","hsa-miR-4459","COL11A1","1301","ENSG00000060718","0.925","predicted"
"diana_microt","MIMAT0018981","hsa-miR-4459","COL11A1","1301","ENSG00000060718","0.925","predicted"
"diana_microt","MIMAT0022741","hsa-miR-3529-3p","INHBA","3624","ENSG00000122641","0.925","predicted"
"diana_microt","MIMAT0022741","hsa-miR-3529-3p","INHBA","3624","ENSG00000122641","0.925","predicted"
"diana_microt","MIMAT0004983","hsa-miR-940","EDIL3","10085","ENSG00000164176","0.925","predicted"
"diana_microt","MIMAT0019742","hsa-miR-4666a-3p","EDIL3","10085","ENSG00000164176","0.925","predicted"
"diana_microt","MIMAT0000095","hsa-miR-96-5p","FN1","2335","ENSG00000115414","0.924","predicted"
"diana_microt","MIMAT0000095","hsa-miR-96-5p","FN1","2335","ENSG00000115414","0.924","predicted"
"diana_microt","MIMAT0003323","hsa-miR-548d-3p","INHBA","3624","ENSG00000122641","0.924","predicted"
"diana_microt","MIMAT0003323","hsa-miR-548d-3p","INHBA","3624","ENSG00000122641","0.924","predicted"
"diana_microt","MIMAT0022282","hsa-miR-5583-3p","LOX","4015","ENSG00000113083","0.924","predicted"
"diana_microt","MIMAT0022300","hsa-miR-5590-3p","LOX","4015","ENSG00000113083","0.924","predicted"
"diana_microt","MIMAT0004506","hsa-miR-33a-3p","LOX","4015","ENSG00000113083","0.924","predicted"
"diana_microt","MIMAT0022282","hsa-miR-5583-3p","LOX","4015","ENSG00000113083","0.924","predicted"
"diana_microt","MIMAT0022300","hsa-miR-5590-3p","LOX","4015","ENSG00000113083","0.924","predicted"
"diana_microt","MIMAT0004506","hsa-miR-33a-3p","LOX","4015","ENSG00000113083","0.924","predicted"
"diana_microt","MIMAT0003289","hsa-miR-620","EDIL3","10085","ENSG00000164176","0.924","predicted"
"diana_microt","MIMAT0016860","hsa-miR-4307","COL8A1","1295","ENSG00000144810","0.924","predicted"
"diana_microt","MIMAT0002833","hsa-miR-520a-5p","ISM1","140862","ENSG00000101230","0.924","predicted"
"diana_microt","MIMAT0002833","hsa-miR-520a-5p","ISM1","140862","ENSG00000101230","0.924","predicted"
"diana_microt","MIMAT0004486","hsa-let-7f-1-3p","VCAN","1462","ENSG00000038427","0.923","predicted"
"diana_microt","MIMAT0015023","hsa-miR-3150a-3p","VCAN","1462","ENSG00000038427","0.923","predicted"
"diana_microt","MIMAT0004486","hsa-let-7f-1-3p","VCAN","1462","ENSG00000038427","0.923","predicted"
"diana_microt","MIMAT0015023","hsa-miR-3150a-3p","VCAN","1462","ENSG00000038427","0.923","predicted"
"diana_microt","MIMAT0003275","hsa-miR-607","COL8A1","1295","ENSG00000144810","0.923","predicted"
"diana_microt","MIMAT0005795","hsa-miR-1323","LOX","4015","ENSG00000113083","0.922","predicted"
"diana_microt","MIMAT0005795","hsa-miR-1323","LOX","4015","ENSG00000113083","0.922","predicted"
"diana_microt","MIMAT0014998","hsa-miR-3133","VCAN","1462","ENSG00000038427","0.922","predicted"
"diana_microt","MIMAT0017991","hsa-miR-3613-3p","VCAN","1462","ENSG00000038427","0.922","predicted"
"diana_microt","MIMAT0019041","hsa-miR-4505","VCAN","1462","ENSG00000038427","0.922","predicted"
"diana_microt","MIMAT0014998","hsa-miR-3133","VCAN","1462","ENSG00000038427","0.922","predicted"
"diana_microt","MIMAT0017991","hsa-miR-3613-3p","VCAN","1462","ENSG00000038427","0.922","predicted"
"diana_microt","MIMAT0019041","hsa-miR-4505","VCAN","1462","ENSG00000038427","0.922","predicted"
"diana_microt","MIMAT0000426","hsa-miR-132-3p","COL11A1","1301","ENSG00000060718","0.921","predicted"
"diana_microt","MIMAT0000426","hsa-miR-132-3p","COL11A1","1301","ENSG00000060718","0.921","predicted"
"diana_microt","MIMAT0003248","hsa-miR-583","LOX","4015","ENSG00000113083","0.921","predicted"
"diana_microt","MIMAT0003248","hsa-miR-583","LOX","4015","ENSG00000113083","0.921","predicted"
"diana_microt","MIMAT0005870","hsa-miR-1206","THBS3","7059","ENSG00000169231","0.92","predicted"
"diana_microt","MIMAT0000755","hsa-miR-323a-3p","VCAN","1462","ENSG00000038427","0.92","predicted"
"diana_microt","MIMAT0000755","hsa-miR-323a-3p","VCAN","1462","ENSG00000038427","0.92","predicted"
"diana_microt","MIMAT0018981","hsa-miR-4459","COL3A1","1281","ENSG00000168542","0.919","predicted"
"diana_microt","MIMAT0018446","hsa-miR-548z","INHBA","3624","ENSG00000122641","0.919","predicted"
"diana_microt","MIMAT0018930","hsa-miR-4418","INHBA","3624","ENSG00000122641","0.919","predicted"
"diana_microt","MIMAT0019818","hsa-miR-4712-5p","INHBA","3624","ENSG00000122641","0.919","predicted"
"diana_microt","MIMAT0022723","hsa-miR-548h-3p","INHBA","3624","ENSG00000122641","0.919","predicted"
"diana_microt","MIMAT0018446","hsa-miR-548z","INHBA","3624","ENSG00000122641","0.919","predicted"
"diana_microt","MIMAT0018930","hsa-miR-4418","INHBA","3624","ENSG00000122641","0.919","predicted"
"diana_microt","MIMAT0019818","hsa-miR-4712-5p","INHBA","3624","ENSG00000122641","0.919","predicted"
"diana_microt","MIMAT0022723","hsa-miR-548h-3p","INHBA","3624","ENSG00000122641","0.919","predicted"
"diana_microt","MIMAT0004803","hsa-miR-548a-5p","COL11A1","1301","ENSG00000060718","0.918","predicted"
"diana_microt","MIMAT0004913","hsa-miR-891b","COL11A1","1301","ENSG00000060718","0.918","predicted"
"diana_microt","MIMAT0004803","hsa-miR-548a-5p","COL11A1","1301","ENSG00000060718","0.918","predicted"
"diana_microt","MIMAT0004913","hsa-miR-891b","COL11A1","1301","ENSG00000060718","0.918","predicted"
"diana_microt","MIMAT0005882","hsa-miR-548k","LOX","4015","ENSG00000113083","0.918","predicted"
"diana_microt","MIMAT0005882","hsa-miR-548k","LOX","4015","ENSG00000113083","0.918","predicted"
"diana_microt","MIMAT0018446","hsa-miR-548z","EDIL3","10085","ENSG00000164176","0.918","predicted"
"diana_microt","MIMAT0022723","hsa-miR-548h-3p","EDIL3","10085","ENSG00000164176","0.918","predicted"
"diana_microt","MIMAT0019882","hsa-miR-4747-5p","VCAN","1462","ENSG00000038427","0.918","predicted"
"diana_microt","MIMAT0019882","hsa-miR-4747-5p","VCAN","1462","ENSG00000038427","0.918","predicted"
"diana_microt","MIMAT0003275","hsa-miR-607","COL11A1","1301","ENSG00000060718","0.917","predicted"
"diana_microt","MIMAT0000269","hsa-miR-212-3p","COL11A1","1301","ENSG00000060718","0.917","predicted"
"diana_microt","MIMAT0003275","hsa-miR-607","COL11A1","1301","ENSG00000060718","0.917","predicted"
"diana_microt","MIMAT0000269","hsa-miR-212-3p","COL11A1","1301","ENSG00000060718","0.917","predicted"
"diana_microt","MIMAT0004692","hsa-miR-340-5p","EDIL3","10085","ENSG00000164176","0.917","predicted"
"diana_microt","MIMAT0015039","hsa-miR-3165","VCAN","1462","ENSG00000038427","0.917","predicted"
"diana_microt","MIMAT0015039","hsa-miR-3165","VCAN","1462","ENSG00000038427","0.917","predicted"
"diana_microt","MIMAT0004554","hsa-miR-7-2-3p","INHBA","3624","ENSG00000122641","0.916","predicted"
"diana_microt","MIMAT0004554","hsa-miR-7-2-3p","INHBA","3624","ENSG00000122641","0.916","predicted"
"diana_microt","MIMAT0016860","hsa-miR-4307","LOX","4015","ENSG00000113083","0.916","predicted"
"diana_microt","MIMAT0016860","hsa-miR-4307","LOX","4015","ENSG00000113083","0.916","predicted"
"diana_microt","MIMAT0022694","hsa-miR-211-3p","VCAN","1462","ENSG00000038427","0.916","predicted"
"diana_microt","MIMAT0022694","hsa-miR-211-3p","VCAN","1462","ENSG00000038427","0.916","predicted"
"diana_microt","MIMAT0004801","hsa-miR-590-3p","COL8A1","1295","ENSG00000144810","0.916","predicted"
"diana_microt","MIMAT0019960","hsa-miR-4789-3p","INHBA","3624","ENSG00000122641","0.915","predicted"
"diana_microt","MIMAT0019960","hsa-miR-4789-3p","INHBA","3624","ENSG00000122641","0.915","predicted"
"diana_microt","MIMAT0019931","hsa-miR-4775","LOX","4015","ENSG00000113083","0.915","predicted"
"diana_microt","MIMAT0019931","hsa-miR-4775","LOX","4015","ENSG00000113083","0.915","predicted"
"diana_microt","MIMAT0018070","hsa-miR-3650","COL8A1","1295","ENSG00000144810","0.915","predicted"
"diana_microt","MIMAT0021023","hsa-miR-5002-5p","COL8A1","1295","ENSG00000144810","0.915","predicted"
"diana_microt","MIMAT0019795","hsa-miR-4699-3p","INHBA","3624","ENSG00000122641","0.914","predicted"
"diana_microt","MIMAT0000684","hsa-miR-302a-3p","INHBA","3624","ENSG00000122641","0.914","predicted"
"diana_microt","MIMAT0019795","hsa-miR-4699-3p","INHBA","3624","ENSG00000122641","0.914","predicted"
"diana_microt","MIMAT0000684","hsa-miR-302a-3p","INHBA","3624","ENSG00000122641","0.914","predicted"
"diana_microt","MIMAT0009977","hsa-miR-2052","COL8A1","1295","ENSG00000144810","0.914","predicted"
"diana_microt","MIMAT0000252","hsa-miR-7-5p","COL8A1","1295","ENSG00000144810","0.914","predicted"
"diana_microt","MIMAT0000429","hsa-miR-137-3p","COL11A1","1301","ENSG00000060718","0.913","predicted"
"diana_microt","MIMAT0000429","hsa-miR-137-3p","COL11A1","1301","ENSG00000060718","0.913","predicted"
"diana_microt","MIMAT0019707","hsa-miR-4646-5p","FN1","2335","ENSG00000115414","0.913","predicted"
"diana_microt","MIMAT0019707","hsa-miR-4646-5p","FN1","2335","ENSG00000115414","0.913","predicted"
"diana_microt","MIMAT0003164","hsa-miR-544a","INHBA","3624","ENSG00000122641","0.913","predicted"
"diana_microt","MIMAT0003164","hsa-miR-544a","INHBA","3624","ENSG00000122641","0.913","predicted"
"diana_microt","MIMAT0018938","hsa-miR-548ac","EDIL3","10085","ENSG00000164176","0.913","predicted"
"diana_microt","MIMAT0022470","hsa-miR-5682","COL8A1","1295","ENSG00000144810","0.913","predicted"
"diana_microt","MIMAT0002877","hsa-miR-513a-5p","EDIL3","10085","ENSG00000164176","0.912","predicted"
"diana_microt","MIMAT0000104","hsa-miR-107","VCAN","1462","ENSG00000038427","0.912","predicted"
"diana_microt","MIMAT0000104","hsa-miR-107","VCAN","1462","ENSG00000038427","0.912","predicted"
"diana_microt","MIMAT0004798","hsa-miR-548b-5p","COL11A1","1301","ENSG00000060718","0.911","predicted"
"diana_microt","MIMAT0017984","hsa-miR-3607-5p","COL11A1","1301","ENSG00000060718","0.911","predicted"
"diana_microt","MIMAT0004798","hsa-miR-548b-5p","COL11A1","1301","ENSG00000060718","0.911","predicted"
"diana_microt","MIMAT0017984","hsa-miR-3607-5p","COL11A1","1301","ENSG00000060718","0.911","predicted"
"diana_microt","MIMAT0019877","hsa-miR-122b-3p","LOX","4015","ENSG00000113083","0.911","predicted"
"diana_microt","MIMAT0019877","hsa-miR-122b-3p","LOX","4015","ENSG00000113083","0.911","predicted"
"diana_microt","MIMAT0018990","hsa-miR-548aj-3p","EDIL3","10085","ENSG00000164176","0.911","predicted"
"diana_microt","MIMAT0022484","hsa-miR-5692a","COL3A1","1281","ENSG00000168542","0.91","predicted"
"diana_microt","MIMAT0020958","hsa-miR-4482-3p","FN1","2335","ENSG00000115414","0.91","predicted"
"diana_microt","MIMAT0020958","hsa-miR-4482-3p","FN1","2335","ENSG00000115414","0.91","predicted"
"diana_microt","MIMAT0002879","hsa-miR-507","EDIL3","10085","ENSG00000164176","0.91","predicted"
"diana_microt","MIMAT0004975","hsa-miR-509-3-5p","EDIL3","10085","ENSG00000164176","0.91","predicted"
"diana_microt","MIMAT0002826","hsa-miR-515-5p","COL3A1","1281","ENSG00000168542","0.909","predicted"
"diana_microt","MIMAT0005893","hsa-miR-1305","INHBA","3624","ENSG00000122641","0.909","predicted"
"diana_microt","MIMAT0004553","hsa-miR-7-1-3p","INHBA","3624","ENSG00000122641","0.909","predicted"
"diana_microt","MIMAT0005893","hsa-miR-1305","INHBA","3624","ENSG00000122641","0.909","predicted"
"diana_microt","MIMAT0004553","hsa-miR-7-1-3p","INHBA","3624","ENSG00000122641","0.909","predicted"
"diana_microt","MIMAT0018072","hsa-miR-3652","VCAN","1462","ENSG00000038427","0.909","predicted"
"diana_microt","MIMAT0018072","hsa-miR-3652","VCAN","1462","ENSG00000038427","0.909","predicted"
"diana_microt","MIMAT0018085","hsa-miR-3663-3p","COL3A1","1281","ENSG00000168542","0.908","predicted"
"diana_microt","MIMAT0005791","hsa-miR-1264","COL11A1","1301","ENSG00000060718","0.908","predicted"
"diana_microt","MIMAT0019888","hsa-miR-4751","COL11A1","1301","ENSG00000060718","0.908","predicted"
"diana_microt","MIMAT0022267","hsa-miR-548as-5p","COL11A1","1301","ENSG00000060718","0.908","predicted"
"diana_microt","MIMAT0005791","hsa-miR-1264","COL11A1","1301","ENSG00000060718","0.908","predicted"
"diana_microt","MIMAT0019888","hsa-miR-4751","COL11A1","1301","ENSG00000060718","0.908","predicted"
"diana_microt","MIMAT0022267","hsa-miR-548as-5p","COL11A1","1301","ENSG00000060718","0.908","predicted"
"diana_microt","MIMAT0003948","hsa-miR-770-5p","INHBA","3624","ENSG00000122641","0.908","predicted"
"diana_microt","MIMAT0019811","hsa-miR-4709-5p","INHBA","3624","ENSG00000122641","0.908","predicted"
"diana_microt","MIMAT0000717","hsa-miR-302c-3p","INHBA","3624","ENSG00000122641","0.908","predicted"
"diana_microt","MIMAT0000730","hsa-miR-377-3p","INHBA","3624","ENSG00000122641","0.908","predicted"
"diana_microt","MIMAT0003948","hsa-miR-770-5p","INHBA","3624","ENSG00000122641","0.908","predicted"
"diana_microt","MIMAT0019811","hsa-miR-4709-5p","INHBA","3624","ENSG00000122641","0.908","predicted"
"diana_microt","MIMAT0000717","hsa-miR-302c-3p","INHBA","3624","ENSG00000122641","0.908","predicted"
"diana_microt","MIMAT0000730","hsa-miR-377-3p","INHBA","3624","ENSG00000122641","0.908","predicted"
"diana_microt","MIMAT0011162","hsa-miR-2117","LOX","4015","ENSG00000113083","0.908","predicted"
"diana_microt","MIMAT0021127","hsa-miR-5195-3p","LOX","4015","ENSG00000113083","0.908","predicted"
"diana_microt","MIMAT0011162","hsa-miR-2117","LOX","4015","ENSG00000113083","0.908","predicted"
"diana_microt","MIMAT0021127","hsa-miR-5195-3p","LOX","4015","ENSG00000113083","0.908","predicted"
"diana_microt","MIMAT0004703","hsa-miR-335-3p","EDIL3","10085","ENSG00000164176","0.908","predicted"
"diana_microt","MIMAT0015081","hsa-miR-548x-3p","EDIL3","10085","ENSG00000164176","0.908","predicted"
"diana_microt","MIMAT0000101","hsa-miR-103a-3p","VCAN","1462","ENSG00000038427","0.908","predicted"
"diana_microt","MIMAT0000101","hsa-miR-103a-3p","VCAN","1462","ENSG00000038427","0.908","predicted"
"diana_microt","MIMAT0018928","hsa-miR-548ab","COL11A1","1301","ENSG00000060718","0.907","predicted"
"diana_microt","MIMAT0018928","hsa-miR-548ab","COL11A1","1301","ENSG00000060718","0.907","predicted"
"diana_microt","MIMAT0022256","hsa-miR-4524b-3p","INHBA","3624","ENSG00000122641","0.907","predicted"
"diana_microt","MIMAT0022256","hsa-miR-4524b-3p","INHBA","3624","ENSG00000122641","0.907","predicted"
"diana_microt","MIMAT0018972","hsa-miR-548ah-5p","LOX","4015","ENSG00000113083","0.907","predicted"
"diana_microt","MIMAT0018972","hsa-miR-548ah-5p","LOX","4015","ENSG00000113083","0.907","predicted"
"diana_microt","MIMAT0018188","hsa-miR-3914","COMP","1311","ENSG00000105664","0.907","predicted"
"diana_microt","MIMAT0018188","hsa-miR-3914","COMP","1311","ENSG00000105664","0.907","predicted"
"diana_microt","MIMAT0017991","hsa-miR-3613-3p","COL8A1","1295","ENSG00000144810","0.907","predicted"
"diana_microt","MIMAT0005875","hsa-miR-548j-5p","COL11A1","1301","ENSG00000060718","0.906","predicted"
"diana_microt","MIMAT0019717","hsa-miR-4652-3p","COL11A1","1301","ENSG00000060718","0.906","predicted"
"diana_microt","MIMAT0022497","hsa-miR-5692b","COL11A1","1301","ENSG00000060718","0.906","predicted"
"diana_microt","MIMAT0005875","hsa-miR-548j-5p","COL11A1","1301","ENSG00000060718","0.906","predicted"
"diana_microt","MIMAT0019717","hsa-miR-4652-3p","COL11A1","1301","ENSG00000060718","0.906","predicted"
"diana_microt","MIMAT0022497","hsa-miR-5692b","COL11A1","1301","ENSG00000060718","0.906","predicted"
"diana_microt","MIMAT0002837","hsa-miR-519b-3p","INHBA","3624","ENSG00000122641","0.906","predicted"
"diana_microt","MIMAT0002837","hsa-miR-519b-3p","INHBA","3624","ENSG00000122641","0.906","predicted"
"diana_microt","MIMAT0022700","hsa-miR-450a-1-3p","ISM1","140862","ENSG00000101230","0.906","predicted"
"diana_microt","MIMAT0022700","hsa-miR-450a-1-3p","ISM1","140862","ENSG00000101230","0.906","predicted"
"diana_microt","MIMAT0004952","hsa-miR-665","COL3A1","1281","ENSG00000168542","0.905","predicted"
"diana_microt","MIMAT0015009","hsa-miR-548t-5p","COL3A1","1281","ENSG00000168542","0.905","predicted"
"diana_microt","MIMAT0022476","hsa-miR-5692c","COL11A1","1301","ENSG00000060718","0.905","predicted"
"diana_microt","MIMAT0022476","hsa-miR-5692c","COL11A1","1301","ENSG00000060718","0.905","predicted"
"diana_microt","MIMAT0000721","hsa-miR-369-3p","INHBA","3624","ENSG00000122641","0.905","predicted"
"diana_microt","MIMAT0002832","hsa-miR-519c-3p","INHBA","3624","ENSG00000122641","0.905","predicted"
"diana_microt","MIMAT0000721","hsa-miR-369-3p","INHBA","3624","ENSG00000122641","0.905","predicted"
"diana_microt","MIMAT0002832","hsa-miR-519c-3p","INHBA","3624","ENSG00000122641","0.905","predicted"
"diana_microt","MIMAT0018084","hsa-miR-3663-5p","COMP","1311","ENSG00000105664","0.905","predicted"
"diana_microt","MIMAT0018084","hsa-miR-3663-5p","COMP","1311","ENSG00000105664","0.905","predicted"
"diana_microt","MIMAT0021028","hsa-miR-5004-3p","COL8A1","1295","ENSG00000144810","0.905","predicted"
"diana_microt","MIMAT0002869","hsa-miR-519a-3p","INHBA","3624","ENSG00000122641","0.904","predicted"
"diana_microt","MIMAT0002869","hsa-miR-519a-3p","INHBA","3624","ENSG00000122641","0.904","predicted"
"diana_microt","MIMAT0004779","hsa-miR-509-5p","EDIL3","10085","ENSG00000164176","0.904","predicted"
"diana_microt","MIMAT0004909","hsa-miR-450b-5p","EDIL3","10085","ENSG00000164176","0.904","predicted"
"diana_microt","MIMAT0022277","hsa-miR-548at-5p","VCAN","1462","ENSG00000038427","0.904","predicted"
"diana_microt","MIMAT0022277","hsa-miR-548at-5p","VCAN","1462","ENSG00000038427","0.904","predicted"
"diana_microt","MIMAT0019858","hsa-miR-4733-3p","COL3A1","1281","ENSG00000168542","0.903","predicted"
"diana_microt","MIMAT0003332","hsa-miR-656-3p","COL11A1","1301","ENSG00000060718","0.903","predicted"
"diana_microt","MIMAT0003332","hsa-miR-656-3p","COL11A1","1301","ENSG00000060718","0.903","predicted"
"diana_microt","MIMAT0015009","hsa-miR-548t-5p","LOX","4015","ENSG00000113083","0.903","predicted"
"diana_microt","MIMAT0015009","hsa-miR-548t-5p","LOX","4015","ENSG00000113083","0.903","predicted"
"diana_microt","MIMAT0019912","hsa-miR-4763-5p","COMP","1311","ENSG00000105664","0.903","predicted"
"diana_microt","MIMAT0019912","hsa-miR-4763-5p","COMP","1311","ENSG00000105664","0.903","predicted"
"diana_microt","MIMAT0003285","hsa-miR-548c-3p","COL8A1","1295","ENSG00000144810","0.903","predicted"
"diana_microt","MIMAT0018980","hsa-miR-4458","COL3A1","1281","ENSG00000168542","0.902","predicted"
"diana_microt","MIMAT0018954","hsa-miR-548ae-3p","EDIL3","10085","ENSG00000164176","0.902","predicted"
"diana_microt","MIMAT0022264","hsa-miR-548aq-3p","EDIL3","10085","ENSG00000164176","0.902","predicted"
"diana_microt","MIMAT0004770","hsa-miR-516a-5p","VCAN","1462","ENSG00000038427","0.902","predicted"
"diana_microt","MIMAT0004770","hsa-miR-516a-5p","VCAN","1462","ENSG00000038427","0.902","predicted"
"diana_microt","MIMAT0003287","hsa-miR-618","COL8A1","1295","ENSG00000144810","0.902","predicted"
"diana_microt","MIMAT0004812","hsa-miR-548d-5p","COL11A1","1301","ENSG00000060718","0.901","predicted"
"diana_microt","MIMAT0004812","hsa-miR-548d-5p","COL11A1","1301","ENSG00000060718","0.901","predicted"
"diana_microt","MIMAT0004696","hsa-miR-323a-5p","VCAN","1462","ENSG00000038427","0.901","predicted"
"diana_microt","MIMAT0004696","hsa-miR-323a-5p","VCAN","1462","ENSG00000038427","0.901","predicted"
"diana_microt","MIMAT0002813","hsa-miR-493-5p","COL8A1","1295","ENSG00000144810","0.901","predicted"
"diana_microt","MIMAT0019076","hsa-miR-548am-3p","EDIL3","10085","ENSG00000164176","0.9","predicted"
"diana_microt","MIMAT0004671","hsa-miR-194-3p","COL8A1","1295","ENSG00000144810","0.9","predicted"
"diana_microt","MIMAT0002838","hsa-miR-525-5p","ISM1","140862","ENSG00000101230","0.9","predicted"
"diana_microt","MIMAT0002838","hsa-miR-525-5p","ISM1","140862","ENSG00000101230","0.9","predicted"
"diana_microt","MIMAT0015377","hsa-miR-3126-3p","FN1","2335","ENSG00000115414","0.899","predicted"
"diana_microt","MIMAT0015377","hsa-miR-3126-3p","FN1","2335","ENSG00000115414","0.899","predicted"
"diana_microt","MIMAT0004795","hsa-miR-574-5p","INHBA","3624","ENSG00000122641","0.899","predicted"
"diana_microt","MIMAT0004795","hsa-miR-574-5p","INHBA","3624","ENSG00000122641","0.899","predicted"
"diana_microt","MIMAT0004954","hsa-miR-543","LOX","4015","ENSG00000113083","0.899","predicted"
"diana_microt","MIMAT0004954","hsa-miR-543","LOX","4015","ENSG00000113083","0.899","predicted"
"diana_microt","MIMAT0015021","hsa-miR-3148","EDIL3","10085","ENSG00000164176","0.899","predicted"
"diana_microt","MIMAT0019798","hsa-miR-4701-5p","COL8A1","1295","ENSG00000144810","0.899","predicted"
"diana_microt","MIMAT0003284","hsa-miR-616-5p","COL8A1","1295","ENSG00000144810","0.899","predicted"
"diana_microt","MIMAT0018094","hsa-miR-3671","COL11A1","1301","ENSG00000060718","0.898","predicted"
"diana_microt","MIMAT0018094","hsa-miR-3671","COL11A1","1301","ENSG00000060718","0.898","predicted"
"diana_microt","MIMAT0000428","hsa-miR-135a-5p","INHBA","3624","ENSG00000122641","0.898","predicted"
"diana_microt","MIMAT0000428","hsa-miR-135a-5p","INHBA","3624","ENSG00000122641","0.898","predicted"
"diana_microt","MIMAT0005893","hsa-miR-1305","LOX","4015","ENSG00000113083","0.898","predicted"
"diana_microt","MIMAT0005893","hsa-miR-1305","LOX","4015","ENSG00000113083","0.898","predicted"
"diana_microt","MIMAT0019066","hsa-miR-4527","THBS3","7059","ENSG00000169231","0.898","predicted"
"diana_microt","MIMAT0019760","hsa-miR-4677-5p","EDIL3","10085","ENSG00000164176","0.898","predicted"
"diana_microt","MIMAT0020957","hsa-miR-548ah-3p","EDIL3","10085","ENSG00000164176","0.898","predicted"
"diana_microt","MIMAT0003253","hsa-miR-587","VCAN","1462","ENSG00000038427","0.898","predicted"
"diana_microt","MIMAT0000242","hsa-miR-129-5p","VCAN","1462","ENSG00000038427","0.898","predicted"
"diana_microt","MIMAT0003253","hsa-miR-587","VCAN","1462","ENSG00000038427","0.898","predicted"
"diana_microt","MIMAT0000242","hsa-miR-129-5p","VCAN","1462","ENSG00000038427","0.898","predicted"
"diana_microt","MIMAT0004959","hsa-miR-216b-5p","COL8A1","1295","ENSG00000144810","0.898","predicted"
"diana_microt","MIMAT0004801","hsa-miR-590-3p","COL3A1","1281","ENSG00000168542","0.897","predicted"
"diana_microt","MIMAT0021037","hsa-miR-548ap-5p","COL11A1","1301","ENSG00000060718","0.897","predicted"
"diana_microt","MIMAT0021037","hsa-miR-548ap-5p","COL11A1","1301","ENSG00000060718","0.897","predicted"
"diana_microt","MIMAT0000718","hsa-miR-302d-3p","INHBA","3624","ENSG00000122641","0.897","predicted"
"diana_microt","MIMAT0000718","hsa-miR-302d-3p","INHBA","3624","ENSG00000122641","0.897","predicted"
"diana_microt","MIMAT0005879","hsa-miR-1289","VCAN","1462","ENSG00000038427","0.897","predicted"
"diana_microt","MIMAT0005879","hsa-miR-1289","VCAN","1462","ENSG00000038427","0.897","predicted"
"diana_microt","MIMAT0003223","hsa-miR-559","COL8A1","1295","ENSG00000144810","0.897","predicted"
"diana_microt","MIMAT0015002","hsa-miR-466","INHBA","3624","ENSG00000122641","0.896","predicted"
"diana_microt","MIMAT0019222","hsa-miR-3682-5p","INHBA","3624","ENSG00000122641","0.896","predicted"
"diana_microt","MIMAT0015002","hsa-miR-466","INHBA","3624","ENSG00000122641","0.896","predicted"
"diana_microt","MIMAT0019222","hsa-miR-3682-5p","INHBA","3624","ENSG00000122641","0.896","predicted"
"diana_microt","MIMAT0022728","hsa-miR-513c-3p","LOX","4015","ENSG00000113083","0.896","predicted"
"diana_microt","MIMAT0022728","hsa-miR-513c-3p","LOX","4015","ENSG00000113083","0.896","predicted"
"diana_microt","MIMAT0019830","hsa-miR-4717-3p","COL8A1","1295","ENSG00000144810","0.896","predicted"
"diana_microt","MIMAT0018956","hsa-miR-4438","INHBA","3624","ENSG00000122641","0.895","predicted"
"diana_microt","MIMAT0018956","hsa-miR-4438","INHBA","3624","ENSG00000122641","0.895","predicted"
"diana_microt","MIMAT0021045","hsa-miR-5011-5p","LOX","4015","ENSG00000113083","0.895","predicted"
"diana_microt","MIMAT0021045","hsa-miR-5011-5p","LOX","4015","ENSG00000113083","0.895","predicted"
"diana_microt","MIMAT0022291","hsa-miR-548au-5p","COL11A1","1301","ENSG00000060718","0.894","predicted"
"diana_microt","MIMAT0022291","hsa-miR-548au-5p","COL11A1","1301","ENSG00000060718","0.894","predicted"
"diana_microt","MIMAT0019847","hsa-miR-4727-5p","FN1","2335","ENSG00000115414","0.894","predicted"
"diana_microt","MIMAT0019847","hsa-miR-4727-5p","FN1","2335","ENSG00000115414","0.894","predicted"
"diana_microt","MIMAT0019784","hsa-miR-4693-5p","INHBA","3624","ENSG00000122641","0.894","predicted"
"diana_microt","MIMAT0019784","hsa-miR-4693-5p","INHBA","3624","ENSG00000122641","0.894","predicted"
"diana_microt","MIMAT0000456","hsa-miR-186-5p","LOX","4015","ENSG00000113083","0.894","predicted"
"diana_microt","MIMAT0004777","hsa-miR-513a-3p","LOX","4015","ENSG00000113083","0.894","predicted"
"diana_microt","MIMAT0000456","hsa-miR-186-5p","LOX","4015","ENSG00000113083","0.894","predicted"
"diana_microt","MIMAT0004777","hsa-miR-513a-3p","LOX","4015","ENSG00000113083","0.894","predicted"
"diana_microt","MIMAT0019079","hsa-miR-548an","EDIL3","10085","ENSG00000164176","0.894","predicted"
"diana_microt","MIMAT0015052","hsa-miR-3175","VCAN","1462","ENSG00000038427","0.894","predicted"
"diana_microt","MIMAT0003285","hsa-miR-548c-3p","VCAN","1462","ENSG00000038427","0.894","predicted"
"diana_microt","MIMAT0015052","hsa-miR-3175","VCAN","1462","ENSG00000038427","0.894","predicted"
"diana_microt","MIMAT0003285","hsa-miR-548c-3p","VCAN","1462","ENSG00000038427","0.894","predicted"
"diana_microt","MIMAT0002827","hsa-miR-515-3p","COL8A1","1295","ENSG00000144810","0.894","predicted"
"diana_microt","MIMAT0022280","hsa-miR-5582-3p","COL11A1","1301","ENSG00000060718","0.893","predicted"
"diana_microt","MIMAT0022280","hsa-miR-5582-3p","COL11A1","1301","ENSG00000060718","0.893","predicted"
"diana_microt","MIMAT0018096","hsa-miR-3673","FN1","2335","ENSG00000115414","0.893","predicted"
"diana_microt","MIMAT0018096","hsa-miR-3673","FN1","2335","ENSG00000115414","0.893","predicted"
"diana_microt","MIMAT0000715","hsa-miR-302b-3p","INHBA","3624","ENSG00000122641","0.893","predicted"
"diana_microt","MIMAT0000715","hsa-miR-302b-3p","INHBA","3624","ENSG00000122641","0.893","predicted"
"diana_microt","MIMAT0018990","hsa-miR-548aj-3p","ISM1","140862","ENSG00000101230","0.893","predicted"
"diana_microt","MIMAT0018990","hsa-miR-548aj-3p","ISM1","140862","ENSG00000101230","0.893","predicted"
"diana_microt","MIMAT0018082","hsa-miR-3661","INHBA","3624","ENSG00000122641","0.892","predicted"
"diana_microt","MIMAT0018082","hsa-miR-3661","INHBA","3624","ENSG00000122641","0.892","predicted"
"diana_microt","MIMAT0004806","hsa-miR-548c-5p","COL11A1","1301","ENSG00000060718","0.891","predicted"
"diana_microt","MIMAT0018354","hsa-miR-548y","COL11A1","1301","ENSG00000060718","0.891","predicted"
"diana_microt","MIMAT0022738","hsa-miR-548o-5p","COL11A1","1301","ENSG00000060718","0.891","predicted"
"diana_microt","MIMAT0022740","hsa-miR-548am-5p","COL11A1","1301","ENSG00000060718","0.891","predicted"
"diana_microt","MIMAT0004806","hsa-miR-548c-5p","COL11A1","1301","ENSG00000060718","0.891","predicted"
"diana_microt","MIMAT0018354","hsa-miR-548y","COL11A1","1301","ENSG00000060718","0.891","predicted"
"diana_microt","MIMAT0022738","hsa-miR-548o-5p","COL11A1","1301","ENSG00000060718","0.891","predicted"
"diana_microt","MIMAT0022740","hsa-miR-548am-5p","COL11A1","1301","ENSG00000060718","0.891","predicted"
"diana_microt","MIMAT0005931","hsa-miR-302e","INHBA","3624","ENSG00000122641","0.891","predicted"
"diana_microt","MIMAT0004919","hsa-miR-541-5p","INHBA","3624","ENSG00000122641","0.891","predicted"
"diana_microt","MIMAT0005931","hsa-miR-302e","INHBA","3624","ENSG00000122641","0.891","predicted"
"diana_microt","MIMAT0004919","hsa-miR-541-5p","INHBA","3624","ENSG00000122641","0.891","predicted"
"diana_microt","MIMAT0019959","hsa-miR-4789-5p","VCAN","1462","ENSG00000038427","0.891","predicted"
"diana_microt","MIMAT0019959","hsa-miR-4789-5p","VCAN","1462","ENSG00000038427","0.891","predicted"
"diana_microt","MIMAT0022266","hsa-miR-548ar-3p","COL8A1","1295","ENSG00000144810","0.891","predicted"
"diana_microt","MIMAT0005935","hsa-miR-548i","COL11A1","1301","ENSG00000060718","0.89","predicted"
"diana_microt","MIMAT0016912","hsa-miR-4282","COL11A1","1301","ENSG00000060718","0.89","predicted"
"diana_microt","MIMAT0005935","hsa-miR-548i","COL11A1","1301","ENSG00000060718","0.89","predicted"
"diana_microt","MIMAT0016912","hsa-miR-4282","COL11A1","1301","ENSG00000060718","0.89","predicted"
"diana_microt","MIMAT0019910","hsa-miR-4762-5p","COL8A1","1295","ENSG00000144810","0.89","predicted"
"diana_microt","MIMAT0015081","hsa-miR-548x-3p","ISM1","140862","ENSG00000101230","0.89","predicted"
"diana_microt","MIMAT0015081","hsa-miR-548x-3p","ISM1","140862","ENSG00000101230","0.89","predicted"
"diana_microt","MIMAT0022265","hsa-miR-548ar-5p","COL11A1","1301","ENSG00000060718","0.889","predicted"
"diana_microt","MIMAT0005928","hsa-miR-548h-5p","COL11A1","1301","ENSG00000060718","0.889","predicted"
"diana_microt","MIMAT0022265","hsa-miR-548ar-5p","COL11A1","1301","ENSG00000060718","0.889","predicted"
"diana_microt","MIMAT0005928","hsa-miR-548h-5p","COL11A1","1301","ENSG00000060718","0.889","predicted"
"diana_microt","MIMAT0017991","hsa-miR-3613-3p","LOX","4015","ENSG00000113083","0.889","predicted"
"diana_microt","MIMAT0017991","hsa-miR-3613-3p","LOX","4015","ENSG00000113083","0.889","predicted"
"diana_microt","MIMAT0019031","hsa-miR-4496","VCAN","1462","ENSG00000038427","0.889","predicted"
"diana_microt","MIMAT0019031","hsa-miR-4496","VCAN","1462","ENSG00000038427","0.889","predicted"
"diana_microt","MIMAT0000646","hsa-miR-155-5p","COL8A1","1295","ENSG00000144810","0.889","predicted"
"diana_microt","MIMAT0022264","hsa-miR-548aq-3p","ISM1","140862","ENSG00000101230","0.889","predicted"
"diana_microt","MIMAT0022264","hsa-miR-548aq-3p","ISM1","140862","ENSG00000101230","0.889","predicted"
"diana_microt","MIMAT0016903","hsa-miR-4273","LOX","4015","ENSG00000113083","0.888","predicted"
"diana_microt","MIMAT0000444","hsa-miR-126-5p","LOX","4015","ENSG00000113083","0.888","predicted"
"diana_microt","MIMAT0016903","hsa-miR-4273","LOX","4015","ENSG00000113083","0.888","predicted"
"diana_microt","MIMAT0000444","hsa-miR-126-5p","LOX","4015","ENSG00000113083","0.888","predicted"
"diana_microt","MIMAT0015033","hsa-miR-3159","VCAN","1462","ENSG00000038427","0.888","predicted"
"diana_microt","MIMAT0015033","hsa-miR-3159","VCAN","1462","ENSG00000038427","0.888","predicted"
"diana_microt","MIMAT0003271","hsa-miR-603","COL8A1","1295","ENSG00000144810","0.888","predicted"
"diana_microt","MIMAT0000242","hsa-miR-129-5p","INHBA","3624","ENSG00000122641","0.887","predicted"
"diana_microt","MIMAT0000242","hsa-miR-129-5p","INHBA","3624","ENSG00000122641","0.887","predicted"
"diana_microt","MIMAT0021044","hsa-miR-5010-3p","EDIL3","10085","ENSG00000164176","0.887","predicted"
"diana_microt","MIMAT0020957","hsa-miR-548ah-3p","ISM1","140862","ENSG00000101230","0.887","predicted"
"diana_microt","MIMAT0020957","hsa-miR-548ah-3p","ISM1","140862","ENSG00000101230","0.887","predicted"
"diana_microt","MIMAT0004584","hsa-let-7g-3p","INHBA","3624","ENSG00000122641","0.886","predicted"
"diana_microt","MIMAT0004584","hsa-let-7g-3p","INHBA","3624","ENSG00000122641","0.886","predicted"
"diana_microt","MIMAT0000436","hsa-miR-144-3p","COL11A1","1301","ENSG00000060718","0.885","predicted"
"diana_microt","MIMAT0000436","hsa-miR-144-3p","COL11A1","1301","ENSG00000060718","0.885","predicted"
"diana_microt","MIMAT0022732","hsa-miR-3191-5p","INHBA","3624","ENSG00000122641","0.885","predicted"
"diana_microt","MIMAT0022732","hsa-miR-3191-5p","INHBA","3624","ENSG00000122641","0.885","predicted"
"diana_microt","MIMAT0022277","hsa-miR-548at-5p","EDIL3","10085","ENSG00000164176","0.885","predicted"
"diana_microt","MIMAT0004977","hsa-miR-934","VCAN","1462","ENSG00000038427","0.885","predicted"
"diana_microt","MIMAT0004977","hsa-miR-934","VCAN","1462","ENSG00000038427","0.885","predicted"
"diana_microt","MIMAT0003883","hsa-miR-767-3p","COL8A1","1295","ENSG00000144810","0.884","predicted"
"diana_microt","MIMAT0003882","hsa-miR-767-5p","COL11A1","1301","ENSG00000060718","0.883","predicted"
"diana_microt","MIMAT0019929","hsa-miR-4774-5p","COL11A1","1301","ENSG00000060718","0.883","predicted"
"diana_microt","MIMAT0003882","hsa-miR-767-5p","COL11A1","1301","ENSG00000060718","0.883","predicted"
"diana_microt","MIMAT0019929","hsa-miR-4774-5p","COL11A1","1301","ENSG00000060718","0.883","predicted"
"diana_microt","MIMAT0003244","hsa-miR-579-3p","INHBA","3624","ENSG00000122641","0.883","predicted"
"diana_microt","MIMAT0003244","hsa-miR-579-3p","INHBA","3624","ENSG00000122641","0.883","predicted"
"diana_microt","MIMAT0015003","hsa-miR-3136-5p","COL8A1","1295","ENSG00000144810","0.883","predicted"
"diana_microt","MIMAT0018954","hsa-miR-548ae-3p","ISM1","140862","ENSG00000101230","0.883","predicted"
"diana_microt","MIMAT0018954","hsa-miR-548ae-3p","ISM1","140862","ENSG00000101230","0.883","predicted"
"diana_microt","MIMAT0022303","hsa-miR-548av-5p","LOX","4015","ENSG00000113083","0.882","predicted"
"diana_microt","MIMAT0022303","hsa-miR-548av-5p","LOX","4015","ENSG00000113083","0.882","predicted"
"diana_microt","MIMAT0005924","hsa-miR-1270","EDIL3","10085","ENSG00000164176","0.882","predicted"
"diana_microt","MIMAT0021126","hsa-miR-5195-5p","VCAN","1462","ENSG00000038427","0.882","predicted"
"diana_microt","MIMAT0021126","hsa-miR-5195-5p","VCAN","1462","ENSG00000038427","0.882","predicted"
"diana_microt","MIMAT0016895","hsa-miR-2355-5p","ISM1","140862","ENSG00000101230","0.882","predicted"
"diana_microt","MIMAT0016895","hsa-miR-2355-5p","ISM1","140862","ENSG00000101230","0.882","predicted"
"diana_microt","MIMAT0019013","hsa-miR-548ak","COL11A1","1301","ENSG00000060718","0.881","predicted"
"diana_microt","MIMAT0019013","hsa-miR-548ak","COL11A1","1301","ENSG00000060718","0.881","predicted"
"diana_microt","MIMAT0022272","hsa-miR-664b-3p","INHBA","3624","ENSG00000122641","0.881","predicted"
"diana_microt","MIMAT0022272","hsa-miR-664b-3p","INHBA","3624","ENSG00000122641","0.881","predicted"
"diana_microt","MIMAT0019076","hsa-miR-548am-3p","ISM1","140862","ENSG00000101230","0.881","predicted"
"diana_microt","MIMAT0019076","hsa-miR-548am-3p","ISM1","140862","ENSG00000101230","0.881","predicted"
"diana_microt","MIMAT0004598","hsa-miR-141-5p","INHBA","3624","ENSG00000122641","0.88","predicted"
"diana_microt","MIMAT0004598","hsa-miR-141-5p","INHBA","3624","ENSG00000122641","0.88","predicted"
"diana_microt","MIMAT0000721","hsa-miR-369-3p","LOX","4015","ENSG00000113083","0.88","predicted"
"diana_microt","MIMAT0000721","hsa-miR-369-3p","LOX","4015","ENSG00000113083","0.88","predicted"
"diana_microt","MIMAT0006778","hsa-miR-516a-3p","EDIL3","10085","ENSG00000164176","0.88","predicted"
"diana_microt","MIMAT0002860","hsa-miR-516b-3p","EDIL3","10085","ENSG00000164176","0.88","predicted"
"diana_microt","MIMAT0004953","hsa-miR-873-5p","COMP","1311","ENSG00000105664","0.88","predicted"
"diana_microt","MIMAT0004953","hsa-miR-873-5p","COMP","1311","ENSG00000105664","0.88","predicted"
"diana_microt","MIMAT0005893","hsa-miR-1305","COL8A1","1295","ENSG00000144810","0.88","predicted"
"diana_microt","MIMAT0004680","hsa-miR-130b-5p","COL8A1","1295","ENSG00000144810","0.88","predicted"
"diana_microt","MIMAT0019362","hsa-miR-3977","INHBA","3624","ENSG00000122641","0.879","predicted"
"diana_microt","MIMAT0020957","hsa-miR-548ah-3p","INHBA","3624","ENSG00000122641","0.879","predicted"
"diana_microt","MIMAT0019076","hsa-miR-548am-3p","INHBA","3624","ENSG00000122641","0.879","predicted"
"diana_microt","MIMAT0019362","hsa-miR-3977","INHBA","3624","ENSG00000122641","0.879","predicted"
"diana_microt","MIMAT0020957","hsa-miR-548ah-3p","INHBA","3624","ENSG00000122641","0.879","predicted"
"diana_microt","MIMAT0019076","hsa-miR-548am-3p","INHBA","3624","ENSG00000122641","0.879","predicted"
"diana_microt","MIMAT0019746","hsa-miR-4668-3p","LOX","4015","ENSG00000113083","0.879","predicted"
"diana_microt","MIMAT0019746","hsa-miR-4668-3p","LOX","4015","ENSG00000113083","0.879","predicted"
"diana_microt","MIMAT0018109","hsa-miR-3681-3p","COL3A1","1281","ENSG00000168542","0.878","predicted"
"diana_microt","MIMAT0001636","hsa-miR-452-3p","FN1","2335","ENSG00000115414","0.878","predicted"
"diana_microt","MIMAT0001636","hsa-miR-452-3p","FN1","2335","ENSG00000115414","0.878","predicted"
"diana_microt","MIMAT0015021","hsa-miR-3148","INHBA","3624","ENSG00000122641","0.878","predicted"
"diana_microt","MIMAT0015062","hsa-miR-3182","INHBA","3624","ENSG00000122641","0.878","predicted"
"diana_microt","MIMAT0016912","hsa-miR-4282","INHBA","3624","ENSG00000122641","0.878","predicted"
"diana_microt","MIMAT0018954","hsa-miR-548ae-3p","INHBA","3624","ENSG00000122641","0.878","predicted"
"diana_microt","MIMAT0015021","hsa-miR-3148","INHBA","3624","ENSG00000122641","0.878","predicted"
"diana_microt","MIMAT0015062","hsa-miR-3182","INHBA","3624","ENSG00000122641","0.878","predicted"
"diana_microt","MIMAT0016912","hsa-miR-4282","INHBA","3624","ENSG00000122641","0.878","predicted"
"diana_microt","MIMAT0018954","hsa-miR-548ae-3p","INHBA","3624","ENSG00000122641","0.878","predicted"
"diana_microt","MIMAT0019981","hsa-miR-4802-5p","EDIL3","10085","ENSG00000164176","0.878","predicted"
"diana_microt","MIMAT0019892","hsa-miR-371b-5p","COL8A1","1295","ENSG00000144810","0.878","predicted"
"diana_microt","MIMAT0021045","hsa-miR-5011-5p","COL8A1","1295","ENSG00000144810","0.878","predicted"
"diana_microt","MIMAT0015060","hsa-miR-548w","COL11A1","1301","ENSG00000060718","0.877","predicted"
"diana_microt","MIMAT0015060","hsa-miR-548w","COL11A1","1301","ENSG00000060718","0.877","predicted"
"diana_microt","MIMAT0015021","hsa-miR-3148","FN1","2335","ENSG00000115414","0.877","predicted"
"diana_microt","MIMAT0015021","hsa-miR-3148","FN1","2335","ENSG00000115414","0.877","predicted"
"diana_microt","MIMAT0019830","hsa-miR-4717-3p","INHBA","3624","ENSG00000122641","0.877","predicted"
"diana_microt","MIMAT0019830","hsa-miR-4717-3p","INHBA","3624","ENSG00000122641","0.877","predicted"
"diana_microt","MIMAT0004987","hsa-miR-944","COL8A1","1295","ENSG00000144810","0.877","predicted"
"diana_microt","MIMAT0021085","hsa-miR-5093","COL11A1","1301","ENSG00000060718","0.876","predicted"
"diana_microt","MIMAT0021085","hsa-miR-5093","COL11A1","1301","ENSG00000060718","0.876","predicted"
"diana_microt","MIMAT0022264","hsa-miR-548aq-3p","INHBA","3624","ENSG00000122641","0.876","predicted"
"diana_microt","MIMAT0022264","hsa-miR-548aq-3p","INHBA","3624","ENSG00000122641","0.876","predicted"
"diana_microt","MIMAT0000456","hsa-miR-186-5p","EDIL3","10085","ENSG00000164176","0.876","predicted"
"diana_microt","MIMAT0000736","hsa-miR-381-3p","COL8A1","1295","ENSG00000144810","0.876","predicted"
"diana_microt","MIMAT0004985","hsa-miR-942-5p","INHBA","3624","ENSG00000122641","0.875","predicted"
"diana_microt","MIMAT0004685","hsa-miR-302d-5p","INHBA","3624","ENSG00000122641","0.875","predicted"
"diana_microt","MIMAT0004985","hsa-miR-942-5p","INHBA","3624","ENSG00000122641","0.875","predicted"
"diana_microt","MIMAT0004685","hsa-miR-302d-5p","INHBA","3624","ENSG00000122641","0.875","predicted"
"diana_microt","MIMAT0016863","hsa-miR-4311","LOX","4015","ENSG00000113083","0.875","predicted"
"diana_microt","MIMAT0016863","hsa-miR-4311","LOX","4015","ENSG00000113083","0.875","predicted"
"diana_microt","MIMAT0015076","hsa-miR-3192-5p","COMP","1311","ENSG00000105664","0.875","predicted"
"diana_microt","MIMAT0015076","hsa-miR-3192-5p","COMP","1311","ENSG00000105664","0.875","predicted"
"diana_microt","MIMAT0004903","hsa-miR-300","COL8A1","1295","ENSG00000144810","0.875","predicted"
"diana_microt","MIMAT0019877","hsa-miR-122b-3p","INHBA","3624","ENSG00000122641","0.874","predicted"
"diana_microt","MIMAT0019877","hsa-miR-122b-3p","INHBA","3624","ENSG00000122641","0.874","predicted"
"diana_microt","MIMAT0019720","hsa-miR-4654","COL8A1","1295","ENSG00000144810","0.874","predicted"
"diana_microt","MIMAT0002828","hsa-miR-519e-5p","COL3A1","1281","ENSG00000168542","0.873","predicted"
"diana_microt","MIMAT0003328","hsa-miR-653-5p","COL3A1","1281","ENSG00000168542","0.873","predicted"
"diana_microt","MIMAT0005916","hsa-miR-548n","COL11A1","1301","ENSG00000060718","0.873","predicted"
"diana_microt","MIMAT0005916","hsa-miR-548n","COL11A1","1301","ENSG00000060718","0.873","predicted"
"diana_microt","MIMAT0002834","hsa-miR-520a-3p","INHBA","3624","ENSG00000122641","0.873","predicted"
"diana_microt","MIMAT0002834","hsa-miR-520a-3p","INHBA","3624","ENSG00000122641","0.873","predicted"
"diana_microt","MIMAT0018197","hsa-miR-3922-3p","FN1","2335","ENSG00000115414","0.872","predicted"
"diana_microt","MIMAT0018197","hsa-miR-3922-3p","FN1","2335","ENSG00000115414","0.872","predicted"
"diana_microt","MIMAT0003331","hsa-miR-655-3p","INHBA","3624","ENSG00000122641","0.872","predicted"
"diana_microt","MIMAT0003331","hsa-miR-655-3p","INHBA","3624","ENSG00000122641","0.872","predicted"
"diana_microt","MIMAT0004687","hsa-miR-371a-5p","COL8A1","1295","ENSG00000144810","0.872","predicted"
"diana_microt","MIMAT0019851","hsa-miR-4729","COL11A1","1301","ENSG00000060718","0.871","predicted"
"diana_microt","MIMAT0019851","hsa-miR-4729","COL11A1","1301","ENSG00000060718","0.871","predicted"
"diana_microt","MIMAT0022489","hsa-miR-5696","LOX","4015","ENSG00000113083","0.871","predicted"
"diana_microt","MIMAT0022489","hsa-miR-5696","LOX","4015","ENSG00000113083","0.871","predicted"
"diana_microt","MIMAT0017989","hsa-miR-3612","VCAN","1462","ENSG00000038427","0.871","predicted"
"diana_microt","MIMAT0017989","hsa-miR-3612","VCAN","1462","ENSG00000038427","0.871","predicted"
"diana_microt","MIMAT0001541","hsa-miR-449a","COMP","1311","ENSG00000105664","0.87","predicted"
"diana_microt","MIMAT0001541","hsa-miR-449a","COMP","1311","ENSG00000105664","0.87","predicted"
"diana_microt","MIMAT0004954","hsa-miR-543","VCAN","1462","ENSG00000038427","0.87","predicted"
"diana_microt","MIMAT0014979","hsa-miR-3117-3p","VCAN","1462","ENSG00000038427","0.87","predicted"
"diana_microt","MIMAT0004954","hsa-miR-543","VCAN","1462","ENSG00000038427","0.87","predicted"
"diana_microt","MIMAT0014979","hsa-miR-3117-3p","VCAN","1462","ENSG00000038427","0.87","predicted"
"diana_microt","MIMAT0019745","hsa-miR-4668-5p","FN1","2335","ENSG00000115414","0.869","predicted"
"diana_microt","MIMAT0019745","hsa-miR-4668-5p","FN1","2335","ENSG00000115414","0.869","predicted"
"diana_microt","MIMAT0003221","hsa-miR-557","EDIL3","10085","ENSG00000164176","0.869","predicted"
"diana_microt","MIMAT0005882","hsa-miR-548k","EDIL3","10085","ENSG00000164176","0.869","predicted"
"diana_microt","MIMAT0022303","hsa-miR-548av-5p","EDIL3","10085","ENSG00000164176","0.869","predicted"
"diana_microt","MIMAT0019781","hsa-miR-4691-5p","VCAN","1462","ENSG00000038427","0.869","predicted"
"diana_microt","MIMAT0019781","hsa-miR-4691-5p","VCAN","1462","ENSG00000038427","0.869","predicted"
"diana_microt","MIMAT0000090","hsa-miR-32-5p","COL11A1","1301","ENSG00000060718","0.868","predicted"
"diana_microt","MIMAT0000090","hsa-miR-32-5p","COL11A1","1301","ENSG00000060718","0.868","predicted"
"diana_microt","MIMAT0004985","hsa-miR-942-5p","FN1","2335","ENSG00000115414","0.868","predicted"
"diana_microt","MIMAT0004985","hsa-miR-942-5p","FN1","2335","ENSG00000115414","0.868","predicted"
"diana_microt","MIMAT0004596","hsa-miR-138-2-3p","INHBA","3624","ENSG00000122641","0.868","predicted"
"diana_microt","MIMAT0004596","hsa-miR-138-2-3p","INHBA","3624","ENSG00000122641","0.868","predicted"
"diana_microt","MIMAT0003332","hsa-miR-656-3p","EDIL3","10085","ENSG00000164176","0.868","predicted"
"diana_microt","MIMAT0000318","hsa-miR-200b-3p","FN1","2335","ENSG00000115414","0.867","predicted"
"diana_microt","MIMAT0000617","hsa-miR-200c-3p","FN1","2335","ENSG00000115414","0.867","predicted"
"diana_microt","MIMAT0000318","hsa-miR-200b-3p","FN1","2335","ENSG00000115414","0.867","predicted"
"diana_microt","MIMAT0000617","hsa-miR-200c-3p","FN1","2335","ENSG00000115414","0.867","predicted"
"diana_microt","MIMAT0000758","hsa-miR-135b-5p","INHBA","3624","ENSG00000122641","0.867","predicted"
"diana_microt","MIMAT0000758","hsa-miR-135b-5p","INHBA","3624","ENSG00000122641","0.867","predicted"
"diana_microt","MIMAT0002868","hsa-miR-522-3p","VCAN","1462","ENSG00000038427","0.867","predicted"
"diana_microt","MIMAT0002868","hsa-miR-522-3p","VCAN","1462","ENSG00000038427","0.867","predicted"
"diana_microt","MIMAT0002171","hsa-miR-410-3p","COL8A1","1295","ENSG00000144810","0.867","predicted"
"diana_microt","MIMAT0000714","hsa-miR-302b-5p","INHBA","3624","ENSG00000122641","0.866","predicted"
"diana_microt","MIMAT0002856","hsa-miR-520d-3p","INHBA","3624","ENSG00000122641","0.866","predicted"
"diana_microt","MIMAT0000714","hsa-miR-302b-5p","INHBA","3624","ENSG00000122641","0.866","predicted"
"diana_microt","MIMAT0002856","hsa-miR-520d-3p","INHBA","3624","ENSG00000122641","0.866","predicted"
"diana_microt","MIMAT0004801","hsa-miR-590-3p","LOX","4015","ENSG00000113083","0.866","predicted"
"diana_microt","MIMAT0018184","hsa-miR-3910","LOX","4015","ENSG00000113083","0.866","predicted"
"diana_microt","MIMAT0004801","hsa-miR-590-3p","LOX","4015","ENSG00000113083","0.866","predicted"
"diana_microt","MIMAT0018184","hsa-miR-3910","LOX","4015","ENSG00000113083","0.866","predicted"
"diana_microt","MIMAT0015066","hsa-miR-3065-5p","COL3A1","1281","ENSG00000168542","0.865","predicted"
"diana_microt","MIMAT0004921","hsa-miR-889-3p","COL11A1","1301","ENSG00000060718","0.865","predicted"
"diana_microt","MIMAT0022728","hsa-miR-513c-3p","COL11A1","1301","ENSG00000060718","0.865","predicted"
"diana_microt","MIMAT0004777","hsa-miR-513a-3p","COL11A1","1301","ENSG00000060718","0.865","predicted"
"diana_microt","MIMAT0004921","hsa-miR-889-3p","COL11A1","1301","ENSG00000060718","0.865","predicted"
"diana_microt","MIMAT0022728","hsa-miR-513c-3p","COL11A1","1301","ENSG00000060718","0.865","predicted"
"diana_microt","MIMAT0004777","hsa-miR-513a-3p","COL11A1","1301","ENSG00000060718","0.865","predicted"
"diana_microt","MIMAT0001536","hsa-miR-429","FN1","2335","ENSG00000115414","0.865","predicted"
"diana_microt","MIMAT0001536","hsa-miR-429","FN1","2335","ENSG00000115414","0.865","predicted"
"diana_microt","MIMAT0022280","hsa-miR-5582-3p","EDIL3","10085","ENSG00000164176","0.865","predicted"
"diana_microt","MIMAT0002879","hsa-miR-507","LOX","4015","ENSG00000113083","0.864","predicted"
"diana_microt","MIMAT0002879","hsa-miR-507","LOX","4015","ENSG00000113083","0.864","predicted"
"diana_microt","MIMAT0022484","hsa-miR-5692a","ISM1","140862","ENSG00000101230","0.864","predicted"
"diana_microt","MIMAT0022484","hsa-miR-5692a","ISM1","140862","ENSG00000101230","0.864","predicted"
"diana_microt","MIMAT0004518","hsa-miR-16-2-3p","COL11A1","1301","ENSG00000060718","0.863","predicted"
"diana_microt","MIMAT0004518","hsa-miR-16-2-3p","COL11A1","1301","ENSG00000060718","0.863","predicted"
"diana_microt","MIMAT0000736","hsa-miR-381-3p","EDIL3","10085","ENSG00000164176","0.863","predicted"
"diana_microt","MIMAT0018203","hsa-miR-676-5p","EDIL3","10085","ENSG00000164176","0.863","predicted"
"diana_microt","MIMAT0022697","hsa-miR-382-3p","VCAN","1462","ENSG00000038427","0.863","predicted"
"diana_microt","MIMAT0022697","hsa-miR-382-3p","VCAN","1462","ENSG00000038427","0.863","predicted"
"diana_microt","MIMAT0004563","hsa-miR-199b-3p","FN1","2335","ENSG00000115414","0.862","predicted"
"diana_microt","MIMAT0000232","hsa-miR-199a-3p","FN1","2335","ENSG00000115414","0.862","predicted"
"diana_microt","MIMAT0004563","hsa-miR-199b-3p","FN1","2335","ENSG00000115414","0.862","predicted"
"diana_microt","MIMAT0000232","hsa-miR-199a-3p","FN1","2335","ENSG00000115414","0.862","predicted"
"diana_microt","MIMAT0000441","hsa-miR-9-5p","INHBA","3624","ENSG00000122641","0.862","predicted"
"diana_microt","MIMAT0000441","hsa-miR-9-5p","INHBA","3624","ENSG00000122641","0.862","predicted"
"diana_microt","MIMAT0021028","hsa-miR-5004-3p","LOX","4015","ENSG00000113083","0.862","predicted"
"diana_microt","MIMAT0021028","hsa-miR-5004-3p","LOX","4015","ENSG00000113083","0.862","predicted"
"diana_microt","MIMAT0022484","hsa-miR-5692a","EDIL3","10085","ENSG00000164176","0.862","predicted"
"diana_microt","MIMAT0022489","hsa-miR-5696","COL8A1","1295","ENSG00000144810","0.862","predicted"
"diana_microt","MIMAT0019709","hsa-miR-4647","INHBA","3624","ENSG00000122641","0.861","predicted"
"diana_microt","MIMAT0019857","hsa-miR-4733-5p","INHBA","3624","ENSG00000122641","0.861","predicted"
"diana_microt","MIMAT0009196","hsa-miR-103a-2-5p","INHBA","3624","ENSG00000122641","0.861","predicted"
"diana_microt","MIMAT0019709","hsa-miR-4647","INHBA","3624","ENSG00000122641","0.861","predicted"
"diana_microt","MIMAT0019857","hsa-miR-4733-5p","INHBA","3624","ENSG00000122641","0.861","predicted"
"diana_microt","MIMAT0009196","hsa-miR-103a-2-5p","INHBA","3624","ENSG00000122641","0.861","predicted"
"diana_microt","MIMAT0004903","hsa-miR-300","EDIL3","10085","ENSG00000164176","0.861","predicted"
"diana_microt","MIMAT0018447","hsa-miR-548aa","INHBA","3624","ENSG00000122641","0.86","predicted"
"diana_microt","MIMAT0022730","hsa-miR-548t-3p","INHBA","3624","ENSG00000122641","0.86","predicted"
"diana_microt","MIMAT0002855","hsa-miR-520d-5p","INHBA","3624","ENSG00000122641","0.86","predicted"
"diana_microt","MIMAT0018447","hsa-miR-548aa","INHBA","3624","ENSG00000122641","0.86","predicted"
"diana_microt","MIMAT0022730","hsa-miR-548t-3p","INHBA","3624","ENSG00000122641","0.86","predicted"
"diana_microt","MIMAT0002855","hsa-miR-520d-5p","INHBA","3624","ENSG00000122641","0.86","predicted"
"diana_microt","MIMAT0019697","hsa-miR-4639-5p","EDIL3","10085","ENSG00000164176","0.86","predicted"
"diana_microt","MIMAT0004901","hsa-miR-298","COMP","1311","ENSG00000105664","0.86","predicted"
"diana_microt","MIMAT0004901","hsa-miR-298","COMP","1311","ENSG00000105664","0.86","predicted"
"diana_microt","MIMAT0022485","hsa-miR-4666b","VCAN","1462","ENSG00000038427","0.86","predicted"
"diana_microt","MIMAT0022485","hsa-miR-4666b","VCAN","1462","ENSG00000038427","0.86","predicted"
"diana_microt","MIMAT0003242","hsa-miR-577","COL8A1","1295","ENSG00000144810","0.86","predicted"
"diana_microt","MIMAT0014988","hsa-miR-3125","COL8A1","1295","ENSG00000144810","0.86","predicted"
"diana_microt","MIMAT0018447","hsa-miR-548aa","EDIL3","10085","ENSG00000164176","0.859","predicted"
"diana_microt","MIMAT0019768","hsa-miR-4683","EDIL3","10085","ENSG00000164176","0.859","predicted"
"diana_microt","MIMAT0022730","hsa-miR-548t-3p","EDIL3","10085","ENSG00000164176","0.859","predicted"
"diana_microt","MIMAT0005891","hsa-miR-1303","INHBA","3624","ENSG00000122641","0.858","predicted"
"diana_microt","MIMAT0005891","hsa-miR-1303","INHBA","3624","ENSG00000122641","0.858","predicted"
"diana_microt","MIMAT0021020","hsa-miR-5000-3p","THBS3","7059","ENSG00000169231","0.858","predicted"
"diana_microt","MIMAT0021038","hsa-miR-548ap-3p","INHBA","3624","ENSG00000122641","0.857","predicted"
"diana_microt","MIMAT0002849","hsa-miR-524-5p","INHBA","3624","ENSG00000122641","0.857","predicted"
"diana_microt","MIMAT0021038","hsa-miR-548ap-3p","INHBA","3624","ENSG00000122641","0.857","predicted"
"diana_microt","MIMAT0002849","hsa-miR-524-5p","INHBA","3624","ENSG00000122641","0.857","predicted"
"diana_microt","MIMAT0007882","hsa-miR-1909-5p","COL8A1","1295","ENSG00000144810","0.857","predicted"
"diana_microt","MIMAT0021023","hsa-miR-5002-5p","COL3A1","1281","ENSG00000168542","0.856","predicted"
"diana_microt","MIMAT0018099","hsa-miR-3675-3p","INHBA","3624","ENSG00000122641","0.856","predicted"
"diana_microt","MIMAT0018099","hsa-miR-3675-3p","INHBA","3624","ENSG00000122641","0.856","predicted"
"diana_microt","MIMAT0018078","hsa-miR-3658","EDIL3","10085","ENSG00000164176","0.856","predicted"
"diana_microt","MIMAT0004493","hsa-miR-20a-3p","INHBA","3624","ENSG00000122641","0.855","predicted"
"diana_microt","MIMAT0004493","hsa-miR-20a-3p","INHBA","3624","ENSG00000122641","0.855","predicted"
"diana_microt","MIMAT0022497","hsa-miR-5692b","LOX","4015","ENSG00000113083","0.855","predicted"
"diana_microt","MIMAT0022497","hsa-miR-5692b","LOX","4015","ENSG00000113083","0.855","predicted"
"diana_microt","MIMAT0022290","hsa-miR-5587-3p","COMP","1311","ENSG00000105664","0.855","predicted"
"diana_microt","MIMAT0022290","hsa-miR-5587-3p","COMP","1311","ENSG00000105664","0.855","predicted"
"diana_microt","MIMAT0018184","hsa-miR-3910","COL11A1","1301","ENSG00000060718","0.854","predicted"
"diana_microt","MIMAT0018184","hsa-miR-3910","COL11A1","1301","ENSG00000060718","0.854","predicted"
"diana_microt","MIMAT0002808","hsa-miR-511-5p","FN1","2335","ENSG00000115414","0.854","predicted"
"diana_microt","MIMAT0002808","hsa-miR-511-5p","FN1","2335","ENSG00000115414","0.854","predicted"
"diana_microt","MIMAT0022284","hsa-miR-5584-3p","INHBA","3624","ENSG00000122641","0.854","predicted"
"diana_microt","MIMAT0000727","hsa-miR-374a-5p","INHBA","3624","ENSG00000122641","0.854","predicted"
"diana_microt","MIMAT0022284","hsa-miR-5584-3p","INHBA","3624","ENSG00000122641","0.854","predicted"
"diana_microt","MIMAT0000727","hsa-miR-374a-5p","INHBA","3624","ENSG00000122641","0.854","predicted"
"diana_microt","MIMAT0019031","hsa-miR-4496","EDIL3","10085","ENSG00000164176","0.854","predicted"
"diana_microt","MIMAT0002816","hsa-miR-494-3p","VCAN","1462","ENSG00000038427","0.854","predicted"
"diana_microt","MIMAT0002816","hsa-miR-494-3p","VCAN","1462","ENSG00000038427","0.854","predicted"
"diana_microt","MIMAT0002868","hsa-miR-522-3p","COL11A1","1301","ENSG00000060718","0.853","predicted"
"diana_microt","MIMAT0002868","hsa-miR-522-3p","COL11A1","1301","ENSG00000060718","0.853","predicted"
"diana_microt","MIMAT0005889","hsa-miR-548l","LOX","4015","ENSG00000113083","0.853","predicted"
"diana_microt","MIMAT0004955","hsa-miR-374b-5p","LOX","4015","ENSG00000113083","0.853","predicted"
"diana_microt","MIMAT0005889","hsa-miR-548l","LOX","4015","ENSG00000113083","0.853","predicted"
"diana_microt","MIMAT0004955","hsa-miR-374b-5p","LOX","4015","ENSG00000113083","0.853","predicted"
"diana_microt","MIMAT0018085","hsa-miR-3663-3p","COMP","1311","ENSG00000105664","0.853","predicted"
"diana_microt","MIMAT0018085","hsa-miR-3663-3p","COMP","1311","ENSG00000105664","0.853","predicted"
"diana_microt","MIMAT0019980","hsa-miR-4801","INHBA","3624","ENSG00000122641","0.852","predicted"
"diana_microt","MIMAT0019980","hsa-miR-4801","INHBA","3624","ENSG00000122641","0.852","predicted"
"diana_microt","MIMAT0022476","hsa-miR-5692c","LOX","4015","ENSG00000113083","0.852","predicted"
"diana_microt","MIMAT0022476","hsa-miR-5692c","LOX","4015","ENSG00000113083","0.852","predicted"
"diana_microt","MIMAT0021128","hsa-miR-5196-5p","VCAN","1462","ENSG00000038427","0.852","predicted"
"diana_microt","MIMAT0022468","hsa-miR-5680","VCAN","1462","ENSG00000038427","0.852","predicted"
"diana_microt","MIMAT0021128","hsa-miR-5196-5p","VCAN","1462","ENSG00000038427","0.852","predicted"
"diana_microt","MIMAT0022468","hsa-miR-5680","VCAN","1462","ENSG00000038427","0.852","predicted"
"diana_microt","MIMAT0018190","hsa-miR-3916","COL8A1","1295","ENSG00000144810","0.852","predicted"
"diana_microt","MIMAT0003223","hsa-miR-559","COL11A1","1301","ENSG00000060718","0.851","predicted"
"diana_microt","MIMAT0003223","hsa-miR-559","COL11A1","1301","ENSG00000060718","0.851","predicted"
"diana_microt","MIMAT0001532","hsa-miR-448","INHBA","3624","ENSG00000122641","0.851","predicted"
"diana_microt","MIMAT0004610","hsa-miR-150-3p","INHBA","3624","ENSG00000122641","0.851","predicted"
"diana_microt","MIMAT0005949","hsa-miR-664a-3p","INHBA","3624","ENSG00000122641","0.851","predicted"
"diana_microt","MIMAT0001532","hsa-miR-448","INHBA","3624","ENSG00000122641","0.851","predicted"
"diana_microt","MIMAT0004610","hsa-miR-150-3p","INHBA","3624","ENSG00000122641","0.851","predicted"
"diana_microt","MIMAT0005949","hsa-miR-664a-3p","INHBA","3624","ENSG00000122641","0.851","predicted"
"diana_microt","MIMAT0004703","hsa-miR-335-3p","LOX","4015","ENSG00000113083","0.851","predicted"
"diana_microt","MIMAT0004703","hsa-miR-335-3p","LOX","4015","ENSG00000113083","0.851","predicted"
"diana_microt","MIMAT0019795","hsa-miR-4699-3p","EDIL3","10085","ENSG00000164176","0.851","predicted"
"diana_microt","MIMAT0000703","hsa-miR-361-5p","EDIL3","10085","ENSG00000164176","0.851","predicted"
"diana_microt","MIMAT0005942","hsa-miR-1288-3p","VCAN","1462","ENSG00000038427","0.851","predicted"
"diana_microt","MIMAT0021044","hsa-miR-5010-3p","VCAN","1462","ENSG00000038427","0.851","predicted"
"diana_microt","MIMAT0005942","hsa-miR-1288-3p","VCAN","1462","ENSG00000038427","0.851","predicted"
"diana_microt","MIMAT0021044","hsa-miR-5010-3p","VCAN","1462","ENSG00000038427","0.851","predicted"
"diana_microt","MIMAT0022274","hsa-miR-5580-3p","COL11A1","1301","ENSG00000060718","0.85","predicted"
"diana_microt","MIMAT0022274","hsa-miR-5580-3p","COL11A1","1301","ENSG00000060718","0.85","predicted"
"diana_microt","MIMAT0019203","hsa-miR-3136-3p","COMP","1311","ENSG00000105664","0.85","predicted"
"diana_microt","MIMAT0019203","hsa-miR-3136-3p","COMP","1311","ENSG00000105664","0.85","predicted"
"diana_microt","MIMAT0021026","hsa-miR-5003-3p","VCAN","1462","ENSG00000038427","0.85","predicted"
"diana_microt","MIMAT0021026","hsa-miR-5003-3p","VCAN","1462","ENSG00000038427","0.85","predicted"
"diana_microt","MIMAT0000424","hsa-miR-128-3p","FN1","2335","ENSG00000115414","0.849","predicted"
"diana_microt","MIMAT0000424","hsa-miR-128-3p","FN1","2335","ENSG00000115414","0.849","predicted"
"diana_microt","MIMAT0022304","hsa-miR-548av-3p","EDIL3","10085","ENSG00000164176","0.849","predicted"
"diana_microt","MIMAT0018080","hsa-miR-3659","COL3A1","1281","ENSG00000168542","0.848","predicted"
"diana_microt","MIMAT0009198","hsa-miR-224-3p","COL11A1","1301","ENSG00000060718","0.848","predicted"
"diana_microt","MIMAT0000764","hsa-miR-339-5p","COL11A1","1301","ENSG00000060718","0.848","predicted"
"diana_microt","MIMAT0009198","hsa-miR-224-3p","COL11A1","1301","ENSG00000060718","0.848","predicted"
"diana_microt","MIMAT0000764","hsa-miR-339-5p","COL11A1","1301","ENSG00000060718","0.848","predicted"
"diana_microt","MIMAT0002825","hsa-miR-520e-3p","INHBA","3624","ENSG00000122641","0.848","predicted"
"diana_microt","MIMAT0002825","hsa-miR-520e-3p","INHBA","3624","ENSG00000122641","0.848","predicted"
"diana_microt","MIMAT0005941","hsa-miR-1284","VCAN","1462","ENSG00000038427","0.848","predicted"
"diana_microt","MIMAT0005941","hsa-miR-1284","VCAN","1462","ENSG00000038427","0.848","predicted"
"diana_microt","MIMAT0014977","hsa-miR-3115","COL3A1","1281","ENSG00000168542","0.847","predicted"
"diana_microt","MIMAT0022476","hsa-miR-5692c","EDIL3","10085","ENSG00000164176","0.847","predicted"
"diana_microt","MIMAT0019983","hsa-miR-4803","COL8A1","1295","ENSG00000144810","0.847","predicted"
"diana_microt","MIMAT0002846","hsa-miR-520c-3p","INHBA","3624","ENSG00000122641","0.846","predicted"
"diana_microt","MIMAT0002846","hsa-miR-520c-3p","INHBA","3624","ENSG00000122641","0.846","predicted"
"diana_microt","MIMAT0004907","hsa-miR-892a","LOX","4015","ENSG00000113083","0.846","predicted"
"diana_microt","MIMAT0004907","hsa-miR-892a","LOX","4015","ENSG00000113083","0.846","predicted"
"diana_microt","MIMAT0019046","hsa-miR-4509","VCAN","1462","ENSG00000038427","0.846","predicted"
"diana_microt","MIMAT0019046","hsa-miR-4509","VCAN","1462","ENSG00000038427","0.846","predicted"
"diana_microt","MIMAT0003271","hsa-miR-603","COL11A1","1301","ENSG00000060718","0.845","predicted"
"diana_microt","MIMAT0003271","hsa-miR-603","COL11A1","1301","ENSG00000060718","0.845","predicted"
"diana_microt","MIMAT0002843","hsa-miR-520b-3p","INHBA","3624","ENSG00000122641","0.845","predicted"
"diana_microt","MIMAT0002843","hsa-miR-520b-3p","INHBA","3624","ENSG00000122641","0.845","predicted"
"diana_microt","MIMAT0020603","hsa-miR-5096","COL3A1","1281","ENSG00000168542","0.844","predicted"
"diana_microt","MIMAT0007888","hsa-miR-1913","COL11A1","1301","ENSG00000060718","0.844","predicted"
"diana_microt","MIMAT0007888","hsa-miR-1913","COL11A1","1301","ENSG00000060718","0.844","predicted"
"diana_microt","MIMAT0019746","hsa-miR-4668-3p","EDIL3","10085","ENSG00000164176","0.844","predicted"
"diana_microt","MIMAT0004777","hsa-miR-513a-3p","EDIL3","10085","ENSG00000164176","0.844","predicted"
"diana_microt","MIMAT0022497","hsa-miR-5692b","EDIL3","10085","ENSG00000164176","0.843","predicted"
"diana_microt","MIMAT0022728","hsa-miR-513c-3p","EDIL3","10085","ENSG00000164176","0.843","predicted"
"diana_microt","MIMAT0004809","hsa-miR-628-5p","VCAN","1462","ENSG00000038427","0.843","predicted"
"diana_microt","MIMAT0009198","hsa-miR-224-3p","VCAN","1462","ENSG00000038427","0.843","predicted"
"diana_microt","MIMAT0004809","hsa-miR-628-5p","VCAN","1462","ENSG00000038427","0.843","predicted"
"diana_microt","MIMAT0009198","hsa-miR-224-3p","VCAN","1462","ENSG00000038427","0.843","predicted"
"diana_microt","MIMAT0004680","hsa-miR-130b-5p","INHBA","3624","ENSG00000122641","0.842","predicted"
"diana_microt","MIMAT0004680","hsa-miR-130b-5p","INHBA","3624","ENSG00000122641","0.842","predicted"
"diana_microt","MIMAT0000456","hsa-miR-186-5p","INHBA","3624","ENSG00000122641","0.841","predicted"
"diana_microt","MIMAT0000456","hsa-miR-186-5p","INHBA","3624","ENSG00000122641","0.841","predicted"
"diana_microt","MIMAT0005887","hsa-miR-1299","LOX","4015","ENSG00000113083","0.841","predicted"
"diana_microt","MIMAT0005887","hsa-miR-1299","LOX","4015","ENSG00000113083","0.841","predicted"
"diana_microt","MIMAT0018122","hsa-miR-3692-3p","COMP","1311","ENSG00000105664","0.841","predicted"
"diana_microt","MIMAT0018122","hsa-miR-3692-3p","COMP","1311","ENSG00000105664","0.841","predicted"
"diana_microt","MIMAT0019891","hsa-miR-4753-3p","VCAN","1462","ENSG00000038427","0.841","predicted"
"diana_microt","MIMAT0019891","hsa-miR-4753-3p","VCAN","1462","ENSG00000038427","0.841","predicted"
"diana_microt","MIMAT0005921","hsa-miR-1267","COL11A1","1301","ENSG00000060718","0.84","predicted"
"diana_microt","MIMAT0005921","hsa-miR-1267","COL11A1","1301","ENSG00000060718","0.84","predicted"
"diana_microt","MIMAT0002824","hsa-miR-498-5p","INHBA","3624","ENSG00000122641","0.84","predicted"
"diana_microt","MIMAT0002824","hsa-miR-498-5p","INHBA","3624","ENSG00000122641","0.84","predicted"
"diana_microt","MIMAT0003256","hsa-miR-589-3p","LOX","4015","ENSG00000113083","0.84","predicted"
"diana_microt","MIMAT0003256","hsa-miR-589-3p","LOX","4015","ENSG00000113083","0.84","predicted"
"diana_microt","MIMAT0019819","hsa-miR-4712-3p","EDIL3","10085","ENSG00000164176","0.84","predicted"
"diana_microt","MIMAT0004955","hsa-miR-374b-5p","EDIL3","10085","ENSG00000164176","0.84","predicted"
"diana_microt","MIMAT0015011","hsa-miR-3142","VCAN","1462","ENSG00000038427","0.84","predicted"
"diana_microt","MIMAT0000682","hsa-miR-200a-3p","VCAN","1462","ENSG00000038427","0.84","predicted"
"diana_microt","MIMAT0015011","hsa-miR-3142","VCAN","1462","ENSG00000038427","0.84","predicted"
"diana_microt","MIMAT0000682","hsa-miR-200a-3p","VCAN","1462","ENSG00000038427","0.84","predicted"
"diana_microt","MIMAT0022299","hsa-miR-5590-5p","COL11A1","1301","ENSG00000060718","0.839","predicted"
"diana_microt","MIMAT0022299","hsa-miR-5590-5p","COL11A1","1301","ENSG00000060718","0.839","predicted"
"diana_microt","MIMAT0021026","hsa-miR-5003-3p","INHBA","3624","ENSG00000122641","0.839","predicted"
"diana_microt","MIMAT0021026","hsa-miR-5003-3p","INHBA","3624","ENSG00000122641","0.839","predicted"
"diana_microt","MIMAT0019969","hsa-miR-4795-3p","LOX","4015","ENSG00000113083","0.839","predicted"
"diana_microt","MIMAT0019969","hsa-miR-4795-3p","LOX","4015","ENSG00000113083","0.839","predicted"
"diana_microt","MIMAT0018083","hsa-miR-3662","VCAN","1462","ENSG00000038427","0.839","predicted"
"diana_microt","MIMAT0018083","hsa-miR-3662","VCAN","1462","ENSG00000038427","0.839","predicted"
"diana_microt","MIMAT0003245","hsa-miR-580-3p","COL11A1","1301","ENSG00000060718","0.838","predicted"
"diana_microt","MIMAT0019867","hsa-miR-4738-3p","COL11A1","1301","ENSG00000060718","0.838","predicted"
"diana_microt","MIMAT0004615","hsa-miR-195-3p","COL11A1","1301","ENSG00000060718","0.838","predicted"
"diana_microt","MIMAT0003245","hsa-miR-580-3p","COL11A1","1301","ENSG00000060718","0.838","predicted"
"diana_microt","MIMAT0019867","hsa-miR-4738-3p","COL11A1","1301","ENSG00000060718","0.838","predicted"
"diana_microt","MIMAT0004615","hsa-miR-195-3p","COL11A1","1301","ENSG00000060718","0.838","predicted"
"diana_microt","MIMAT0021022","hsa-miR-5001-3p","FN1","2335","ENSG00000115414","0.838","predicted"
"diana_microt","MIMAT0021022","hsa-miR-5001-3p","FN1","2335","ENSG00000115414","0.838","predicted"
"diana_microt","MIMAT0022471","hsa-miR-548aw","INHBA","3624","ENSG00000122641","0.838","predicted"
"diana_microt","MIMAT0022471","hsa-miR-548aw","INHBA","3624","ENSG00000122641","0.838","predicted"
"diana_microt","MIMAT0015009","hsa-miR-548t-5p","VCAN","1462","ENSG00000038427","0.838","predicted"
"diana_microt","MIMAT0015009","hsa-miR-548t-5p","VCAN","1462","ENSG00000038427","0.838","predicted"
"diana_microt","MIMAT0018184","hsa-miR-3910","COL8A1","1295","ENSG00000144810","0.838","predicted"
"diana_microt","MIMAT0019960","hsa-miR-4789-3p","COL8A1","1295","ENSG00000144810","0.838","predicted"
"diana_microt","MIMAT0000432","hsa-miR-141-3p","VCAN","1462","ENSG00000038427","0.837","predicted"
"diana_microt","MIMAT0004805","hsa-miR-616-3p","VCAN","1462","ENSG00000038427","0.837","predicted"
"diana_microt","MIMAT0000432","hsa-miR-141-3p","VCAN","1462","ENSG00000038427","0.837","predicted"
"diana_microt","MIMAT0004805","hsa-miR-616-3p","VCAN","1462","ENSG00000038427","0.837","predicted"
"diana_microt","MIMAT0019745","hsa-miR-4668-5p","EDIL3","10085","ENSG00000164176","0.836","predicted"
"diana_microt","MIMAT0019742","hsa-miR-4666a-3p","COL8A1","1295","ENSG00000144810","0.836","predicted"
"diana_microt","MIMAT0003227","hsa-miR-563","COL3A1","1281","ENSG00000168542","0.835","predicted"
"diana_microt","MIMAT0003281","hsa-miR-613","LOX","4015","ENSG00000113083","0.835","predicted"
"diana_microt","MIMAT0003163","hsa-miR-539-5p","LOX","4015","ENSG00000113083","0.835","predicted"
"diana_microt","MIMAT0003281","hsa-miR-613","LOX","4015","ENSG00000113083","0.835","predicted"
"diana_microt","MIMAT0003163","hsa-miR-539-5p","LOX","4015","ENSG00000113083","0.835","predicted"
"diana_microt","MIMAT0004555","hsa-miR-10a-3p","COL11A1","1301","ENSG00000060718","0.834","predicted"
"diana_microt","MIMAT0004555","hsa-miR-10a-3p","COL11A1","1301","ENSG00000060718","0.834","predicted"
"diana_microt","MIMAT0005908","hsa-miR-1257","INHBA","3624","ENSG00000122641","0.834","predicted"
"diana_microt","MIMAT0003235","hsa-miR-570-3p","INHBA","3624","ENSG00000122641","0.834","predicted"
"diana_microt","MIMAT0004692","hsa-miR-340-5p","INHBA","3624","ENSG00000122641","0.834","predicted"
"diana_microt","MIMAT0005908","hsa-miR-1257","INHBA","3624","ENSG00000122641","0.834","predicted"
"diana_microt","MIMAT0003235","hsa-miR-570-3p","INHBA","3624","ENSG00000122641","0.834","predicted"
"diana_microt","MIMAT0004692","hsa-miR-340-5p","INHBA","3624","ENSG00000122641","0.834","predicted"
"diana_microt","MIMAT0003242","hsa-miR-577","LOX","4015","ENSG00000113083","0.834","predicted"
"diana_microt","MIMAT0022697","hsa-miR-382-3p","LOX","4015","ENSG00000113083","0.834","predicted"
"diana_microt","MIMAT0003242","hsa-miR-577","LOX","4015","ENSG00000113083","0.834","predicted"
"diana_microt","MIMAT0022697","hsa-miR-382-3p","LOX","4015","ENSG00000113083","0.834","predicted"
"diana_microt","MIMAT0019907","hsa-miR-4760-3p","EDIL3","10085","ENSG00000164176","0.834","predicted"
"diana_microt","MIMAT0021033","hsa-miR-5006-5p","LOX","4015","ENSG00000113083","0.833","predicted"
"diana_microt","MIMAT0021033","hsa-miR-5006-5p","LOX","4015","ENSG00000113083","0.833","predicted"
"diana_microt","MIMAT0018083","hsa-miR-3662","EDIL3","10085","ENSG00000164176","0.833","predicted"
"diana_microt","MIMAT0021085","hsa-miR-5093","EDIL3","10085","ENSG00000164176","0.833","predicted"
"diana_microt","MIMAT0016900","hsa-miR-4270","VCAN","1462","ENSG00000038427","0.833","predicted"
"diana_microt","MIMAT0016900","hsa-miR-4270","VCAN","1462","ENSG00000038427","0.833","predicted"
"diana_microt","MIMAT0003339","hsa-miR-421","COL3A1","1281","ENSG00000168542","0.832","predicted"
"diana_microt","MIMAT0005588","hsa-miR-1233-3p","INHBA","3624","ENSG00000122641","0.832","predicted"
"diana_microt","MIMAT0015043","hsa-miR-3168","INHBA","3624","ENSG00000122641","0.832","predicted"
"diana_microt","MIMAT0016886","hsa-miR-4252","INHBA","3624","ENSG00000122641","0.832","predicted"
"diana_microt","MIMAT0019231","hsa-miR-3944-5p","INHBA","3624","ENSG00000122641","0.832","predicted"
"diana_microt","MIMAT0005588","hsa-miR-1233-3p","INHBA","3624","ENSG00000122641","0.832","predicted"
"diana_microt","MIMAT0015043","hsa-miR-3168","INHBA","3624","ENSG00000122641","0.832","predicted"
"diana_microt","MIMAT0016886","hsa-miR-4252","INHBA","3624","ENSG00000122641","0.832","predicted"
"diana_microt","MIMAT0019231","hsa-miR-3944-5p","INHBA","3624","ENSG00000122641","0.832","predicted"
"diana_microt","MIMAT0000450","hsa-miR-149-5p","LOX","4015","ENSG00000113083","0.832","predicted"
"diana_microt","MIMAT0000450","hsa-miR-149-5p","LOX","4015","ENSG00000113083","0.832","predicted"
"diana_microt","MIMAT0003223","hsa-miR-559","INHBA","3624","ENSG00000122641","0.831","predicted"
"diana_microt","MIMAT0003223","hsa-miR-559","INHBA","3624","ENSG00000122641","0.831","predicted"
"diana_microt","MIMAT0005880","hsa-miR-1290","LOX","4015","ENSG00000113083","0.831","predicted"
"diana_microt","MIMAT0019907","hsa-miR-4760-3p","LOX","4015","ENSG00000113083","0.831","predicted"
"diana_microt","MIMAT0005880","hsa-miR-1290","LOX","4015","ENSG00000113083","0.831","predicted"
"diana_microt","MIMAT0019907","hsa-miR-4760-3p","LOX","4015","ENSG00000113083","0.831","predicted"
"diana_microt","MIMAT0015076","hsa-miR-3192-5p","THBS3","7059","ENSG00000169231","0.831","predicted"
"diana_microt","MIMAT0000735","hsa-miR-380-3p","COL8A1","1295","ENSG00000144810","0.831","predicted"
"diana_microt","MIMAT0022266","hsa-miR-548ar-3p","ISM1","140862","ENSG00000101230","0.831","predicted"
"diana_microt","MIMAT0022266","hsa-miR-548ar-3p","ISM1","140862","ENSG00000101230","0.831","predicted"
"diana_microt","MIMAT0003332","hsa-miR-656-3p","INHBA","3624","ENSG00000122641","0.83","predicted"
"diana_microt","MIMAT0001636","hsa-miR-452-3p","INHBA","3624","ENSG00000122641","0.83","predicted"
"diana_microt","MIMAT0003332","hsa-miR-656-3p","INHBA","3624","ENSG00000122641","0.83","predicted"
"diana_microt","MIMAT0001636","hsa-miR-452-3p","INHBA","3624","ENSG00000122641","0.83","predicted"
"diana_microt","MIMAT0022279","hsa-miR-5582-5p","EDIL3","10085","ENSG00000164176","0.83","predicted"
"diana_microt","MIMAT0005873","hsa-miR-1208","INHBA","3624","ENSG00000122641","0.829","predicted"
"diana_microt","MIMAT0019039","hsa-miR-4503","INHBA","3624","ENSG00000122641","0.829","predicted"
"diana_microt","MIMAT0000688","hsa-miR-301a-3p","INHBA","3624","ENSG00000122641","0.829","predicted"
"diana_microt","MIMAT0005873","hsa-miR-1208","INHBA","3624","ENSG00000122641","0.829","predicted"
"diana_microt","MIMAT0019039","hsa-miR-4503","INHBA","3624","ENSG00000122641","0.829","predicted"
"diana_microt","MIMAT0000688","hsa-miR-301a-3p","INHBA","3624","ENSG00000122641","0.829","predicted"
"diana_microt","MIMAT0016918","hsa-miR-4288","COMP","1311","ENSG00000105664","0.829","predicted"
"diana_microt","MIMAT0016918","hsa-miR-4288","COMP","1311","ENSG00000105664","0.829","predicted"
"diana_microt","MIMAT0022731","hsa-miR-3184-3p","INHBA","3624","ENSG00000122641","0.828","predicted"
"diana_microt","MIMAT0022731","hsa-miR-3184-3p","INHBA","3624","ENSG00000122641","0.828","predicted"
"diana_microt","MIMAT0021038","hsa-miR-548ap-3p","EDIL3","10085","ENSG00000164176","0.828","predicted"
"diana_microt","MIMAT0010251","hsa-miR-449c-5p","EDIL3","10085","ENSG00000164176","0.828","predicted"
"diana_microt","MIMAT0001620","hsa-miR-200a-5p","VCAN","1462","ENSG00000038427","0.828","predicted"
"diana_microt","MIMAT0001620","hsa-miR-200a-5p","VCAN","1462","ENSG00000038427","0.828","predicted"
"diana_microt","MIMAT0015048","hsa-miR-3173-3p","COL3A1","1281","ENSG00000168542","0.827","predicted"
"diana_microt","MIMAT0014983","hsa-miR-3121-3p","COL11A1","1301","ENSG00000060718","0.827","predicted"
"diana_microt","MIMAT0014983","hsa-miR-3121-3p","COL11A1","1301","ENSG00000060718","0.827","predicted"
"diana_microt","MIMAT0022713","hsa-miR-1185-2-3p","EDIL3","10085","ENSG00000164176","0.827","predicted"
"diana_microt","MIMAT0004987","hsa-miR-944","COL11A1","1301","ENSG00000060718","0.826","predicted"
"diana_microt","MIMAT0004987","hsa-miR-944","COL11A1","1301","ENSG00000060718","0.826","predicted"
"diana_microt","MIMAT0000735","hsa-miR-380-3p","INHBA","3624","ENSG00000122641","0.826","predicted"
"diana_microt","MIMAT0000735","hsa-miR-380-3p","INHBA","3624","ENSG00000122641","0.826","predicted"
"diana_microt","MIMAT0004495","hsa-miR-22-5p","LOX","4015","ENSG00000113083","0.826","predicted"
"diana_microt","MIMAT0018443","hsa-miR-374c-5p","LOX","4015","ENSG00000113083","0.826","predicted"
"diana_microt","MIMAT0004495","hsa-miR-22-5p","LOX","4015","ENSG00000113083","0.826","predicted"
"diana_microt","MIMAT0018443","hsa-miR-374c-5p","LOX","4015","ENSG00000113083","0.826","predicted"
"diana_microt","MIMAT0000685","hsa-miR-34b-5p","EDIL3","10085","ENSG00000164176","0.826","predicted"
"diana_microt","MIMAT0009451","hsa-miR-1976","COMP","1311","ENSG00000105664","0.826","predicted"
"diana_microt","MIMAT0009451","hsa-miR-1976","COMP","1311","ENSG00000105664","0.826","predicted"
"diana_microt","MIMAT0000691","hsa-miR-130b-3p","INHBA","3624","ENSG00000122641","0.825","predicted"
"diana_microt","MIMAT0000691","hsa-miR-130b-3p","INHBA","3624","ENSG00000122641","0.825","predicted"
"diana_microt","MIMAT0015060","hsa-miR-548w","LOX","4015","ENSG00000113083","0.825","predicted"
"diana_microt","MIMAT0015060","hsa-miR-548w","LOX","4015","ENSG00000113083","0.825","predicted"
"diana_microt","MIMAT0018001","hsa-miR-3620-3p","COMP","1311","ENSG00000105664","0.825","predicted"
"diana_microt","MIMAT0000686","hsa-miR-34c-5p","COMP","1311","ENSG00000105664","0.825","predicted"
"diana_microt","MIMAT0018001","hsa-miR-3620-3p","COMP","1311","ENSG00000105664","0.825","predicted"
"diana_microt","MIMAT0000686","hsa-miR-34c-5p","COMP","1311","ENSG00000105664","0.825","predicted"
"diana_microt","MIMAT0019922","hsa-miR-4769-5p","COL8A1","1295","ENSG00000144810","0.825","predicted"
"diana_microt","MIMAT0022724","hsa-miR-1277-5p","COL8A1","1295","ENSG00000144810","0.825","predicted"
"diana_microt","MIMAT0000269","hsa-miR-212-3p","COL8A1","1295","ENSG00000144810","0.825","predicted"
"diana_microt","MIMAT0019726","hsa-miR-4659a-5p","COL11A1","1301","ENSG00000060718","0.824","predicted"
"diana_microt","MIMAT0019726","hsa-miR-4659a-5p","COL11A1","1301","ENSG00000060718","0.824","predicted"
"diana_microt","MIMAT0019971","hsa-miR-4796-3p","LOX","4015","ENSG00000113083","0.824","predicted"
"diana_microt","MIMAT0019971","hsa-miR-4796-3p","LOX","4015","ENSG00000113083","0.824","predicted"
"diana_microt","MIMAT0022728","hsa-miR-513c-3p","INHBA","3624","ENSG00000122641","0.823","predicted"
"diana_microt","MIMAT0022728","hsa-miR-513c-3p","INHBA","3624","ENSG00000122641","0.823","predicted"
"diana_microt","MIMAT0004921","hsa-miR-889-3p","LOX","4015","ENSG00000113083","0.823","predicted"
"diana_microt","MIMAT0004921","hsa-miR-889-3p","LOX","4015","ENSG00000113083","0.823","predicted"
"diana_microt","MIMAT0004658","hsa-miR-155-3p","EDIL3","10085","ENSG00000164176","0.823","predicted"
"diana_microt","MIMAT0004674","hsa-miR-30c-1-3p","COMP","1311","ENSG00000105664","0.823","predicted"
"diana_microt","MIMAT0004674","hsa-miR-30c-1-3p","COMP","1311","ENSG00000105664","0.823","predicted"
"diana_microt","MIMAT0000725","hsa-miR-373-5p","COL8A1","1295","ENSG00000144810","0.823","predicted"
"diana_microt","MIMAT0004777","hsa-miR-513a-3p","INHBA","3624","ENSG00000122641","0.822","predicted"
"diana_microt","MIMAT0004777","hsa-miR-513a-3p","INHBA","3624","ENSG00000122641","0.822","predicted"
"diana_microt","MIMAT0003302","hsa-miR-632","VCAN","1462","ENSG00000038427","0.822","predicted"
"diana_microt","MIMAT0003302","hsa-miR-632","VCAN","1462","ENSG00000038427","0.822","predicted"
"diana_microt","MIMAT0001635","hsa-miR-452-5p","COL11A1","1301","ENSG00000060718","0.821","predicted"
"diana_microt","MIMAT0001635","hsa-miR-452-5p","COL11A1","1301","ENSG00000060718","0.821","predicted"
"diana_microt","MIMAT0019854","hsa-miR-4731-3p","INHBA","3624","ENSG00000122641","0.821","predicted"
"diana_microt","MIMAT0000425","hsa-miR-130a-3p","INHBA","3624","ENSG00000122641","0.821","predicted"
"diana_microt","MIMAT0019854","hsa-miR-4731-3p","INHBA","3624","ENSG00000122641","0.821","predicted"
"diana_microt","MIMAT0000425","hsa-miR-130a-3p","INHBA","3624","ENSG00000122641","0.821","predicted"
"diana_microt","MIMAT0019065","hsa-miR-4526","VCAN","1462","ENSG00000038427","0.821","predicted"
"diana_microt","MIMAT0019875","hsa-miR-4744","VCAN","1462","ENSG00000038427","0.821","predicted"
"diana_microt","MIMAT0019065","hsa-miR-4526","VCAN","1462","ENSG00000038427","0.821","predicted"
"diana_microt","MIMAT0019875","hsa-miR-4744","VCAN","1462","ENSG00000038427","0.821","predicted"
"diana_microt","MIMAT0004657","hsa-miR-200c-5p","LOX","4015","ENSG00000113083","0.82","predicted"
"diana_microt","MIMAT0004657","hsa-miR-200c-5p","LOX","4015","ENSG00000113083","0.82","predicted"
"diana_microt","MIMAT0005795","hsa-miR-1323","EDIL3","10085","ENSG00000164176","0.82","predicted"
"diana_microt","MIMAT0004794","hsa-miR-551b-5p","EDIL3","10085","ENSG00000164176","0.82","predicted"
"diana_microt","MIMAT0022728","hsa-miR-513c-3p","COL8A1","1295","ENSG00000144810","0.82","predicted"
"diana_microt","MIMAT0016887","hsa-miR-4325","LOX","4015","ENSG00000113083","0.819","predicted"
"diana_microt","MIMAT0016887","hsa-miR-4325","LOX","4015","ENSG00000113083","0.819","predicted"
"diana_microt","MIMAT0004550","hsa-miR-30c-2-3p","COMP","1311","ENSG00000105664","0.819","predicted"
"diana_microt","MIMAT0004550","hsa-miR-30c-2-3p","COMP","1311","ENSG00000105664","0.819","predicted"
"diana_microt","MIMAT0004777","hsa-miR-513a-3p","COL8A1","1295","ENSG00000144810","0.819","predicted"
"diana_microt","MIMAT0004596","hsa-miR-138-2-3p","COL11A1","1301","ENSG00000060718","0.818","predicted"
"diana_microt","MIMAT0004596","hsa-miR-138-2-3p","COL11A1","1301","ENSG00000060718","0.818","predicted"
"diana_microt","MIMAT0004907","hsa-miR-892a","INHBA","3624","ENSG00000122641","0.817","predicted"
"diana_microt","MIMAT0000087","hsa-miR-30a-5p","INHBA","3624","ENSG00000122641","0.817","predicted"
"diana_microt","MIMAT0000692","hsa-miR-30e-5p","INHBA","3624","ENSG00000122641","0.817","predicted"
"diana_microt","MIMAT0004907","hsa-miR-892a","INHBA","3624","ENSG00000122641","0.817","predicted"
"diana_microt","MIMAT0000087","hsa-miR-30a-5p","INHBA","3624","ENSG00000122641","0.817","predicted"
"diana_microt","MIMAT0000692","hsa-miR-30e-5p","INHBA","3624","ENSG00000122641","0.817","predicted"
"diana_microt","MIMAT0003325","hsa-miR-662","COMP","1311","ENSG00000105664","0.817","predicted"
"diana_microt","MIMAT0003325","hsa-miR-662","COMP","1311","ENSG00000105664","0.817","predicted"
"diana_microt","MIMAT0004675","hsa-miR-219a-2-3p","COL3A1","1281","ENSG00000168542","0.816","predicted"
"diana_microt","MIMAT0016888","hsa-miR-4326","FN1","2335","ENSG00000115414","0.816","predicted"
"diana_microt","MIMAT0015069","hsa-miR-3187-3p","FN1","2335","ENSG00000115414","0.816","predicted"
"diana_microt","MIMAT0016888","hsa-miR-4326","FN1","2335","ENSG00000115414","0.816","predicted"
"diana_microt","MIMAT0015069","hsa-miR-3187-3p","FN1","2335","ENSG00000115414","0.816","predicted"
"diana_microt","MIMAT0004954","hsa-miR-543","INHBA","3624","ENSG00000122641","0.816","predicted"
"diana_microt","MIMAT0000245","hsa-miR-30d-5p","INHBA","3624","ENSG00000122641","0.816","predicted"
"diana_microt","MIMAT0000420","hsa-miR-30b-5p","INHBA","3624","ENSG00000122641","0.816","predicted"
"diana_microt","MIMAT0004954","hsa-miR-543","INHBA","3624","ENSG00000122641","0.816","predicted"
"diana_microt","MIMAT0000245","hsa-miR-30d-5p","INHBA","3624","ENSG00000122641","0.816","predicted"
"diana_microt","MIMAT0000420","hsa-miR-30b-5p","INHBA","3624","ENSG00000122641","0.816","predicted"
"diana_microt","MIMAT0022838","hsa-miR-1185-1-3p","EDIL3","10085","ENSG00000164176","0.816","predicted"
"diana_microt","MIMAT0000274","hsa-miR-217-5p","EDIL3","10085","ENSG00000164176","0.816","predicted"
"diana_microt","MIMAT0003271","hsa-miR-603","COMP","1311","ENSG00000105664","0.816","predicted"
"diana_microt","MIMAT0003271","hsa-miR-603","COMP","1311","ENSG00000105664","0.816","predicted"
"diana_microt","MIMAT0018935","hsa-miR-4422","COL3A1","1281","ENSG00000168542","0.815","predicted"
"diana_microt","MIMAT0021035","hsa-miR-5007-5p","COL11A1","1301","ENSG00000060718","0.815","predicted"
"diana_microt","MIMAT0021035","hsa-miR-5007-5p","COL11A1","1301","ENSG00000060718","0.815","predicted"
"diana_microt","MIMAT0004959","hsa-miR-216b-5p","FN1","2335","ENSG00000115414","0.815","predicted"
"diana_microt","MIMAT0004959","hsa-miR-216b-5p","FN1","2335","ENSG00000115414","0.815","predicted"
"diana_microt","MIMAT0004958","hsa-miR-301b-3p","INHBA","3624","ENSG00000122641","0.815","predicted"
"diana_microt","MIMAT0004958","hsa-miR-301b-3p","INHBA","3624","ENSG00000122641","0.815","predicted"
"diana_microt","MIMAT0000255","hsa-miR-34a-5p","COMP","1311","ENSG00000105664","0.815","predicted"
"diana_microt","MIMAT0000255","hsa-miR-34a-5p","COMP","1311","ENSG00000105664","0.815","predicted"
"diana_microt","MIMAT0004571","hsa-miR-200b-5p","VCAN","1462","ENSG00000038427","0.815","predicted"
"diana_microt","MIMAT0004598","hsa-miR-141-5p","VCAN","1462","ENSG00000038427","0.815","predicted"
"diana_microt","MIMAT0004571","hsa-miR-200b-5p","VCAN","1462","ENSG00000038427","0.815","predicted"
"diana_microt","MIMAT0004598","hsa-miR-141-5p","VCAN","1462","ENSG00000038427","0.815","predicted"
"diana_microt","MIMAT0016908","hsa-miR-4277","INHBA","3624","ENSG00000122641","0.814","predicted"
"diana_microt","MIMAT0000244","hsa-miR-30c-5p","INHBA","3624","ENSG00000122641","0.814","predicted"
"diana_microt","MIMAT0010195","hsa-let-7a-2-3p","INHBA","3624","ENSG00000122641","0.814","predicted"
"diana_microt","MIMAT0016908","hsa-miR-4277","INHBA","3624","ENSG00000122641","0.814","predicted"
"diana_microt","MIMAT0000244","hsa-miR-30c-5p","INHBA","3624","ENSG00000122641","0.814","predicted"
"diana_microt","MIMAT0010195","hsa-let-7a-2-3p","INHBA","3624","ENSG00000122641","0.814","predicted"
"diana_microt","MIMAT0018110","hsa-miR-3682-3p","LOX","4015","ENSG00000113083","0.814","predicted"
"diana_microt","MIMAT0018110","hsa-miR-3682-3p","LOX","4015","ENSG00000113083","0.814","predicted"
"diana_microt","MIMAT0022724","hsa-miR-1277-5p","EDIL3","10085","ENSG00000164176","0.814","predicted"
"diana_microt","MIMAT0000736","hsa-miR-381-3p","VCAN","1462","ENSG00000038427","0.814","predicted"
"diana_microt","MIMAT0000736","hsa-miR-381-3p","VCAN","1462","ENSG00000038427","0.814","predicted"
"diana_microt","MIMAT0015002","hsa-miR-466","COL8A1","1295","ENSG00000144810","0.814","predicted"
"diana_microt","MIMAT0004505","hsa-miR-32-3p","INHBA","3624","ENSG00000122641","0.813","predicted"
"diana_microt","MIMAT0004506","hsa-miR-33a-3p","INHBA","3624","ENSG00000122641","0.813","predicted"
"diana_microt","MIMAT0004505","hsa-miR-32-3p","INHBA","3624","ENSG00000122641","0.813","predicted"
"diana_microt","MIMAT0004506","hsa-miR-33a-3p","INHBA","3624","ENSG00000122641","0.813","predicted"
"diana_microt","MIMAT0005795","hsa-miR-1323","VCAN","1462","ENSG00000038427","0.813","predicted"
"diana_microt","MIMAT0022304","hsa-miR-548av-3p","VCAN","1462","ENSG00000038427","0.813","predicted"
"diana_microt","MIMAT0004794","hsa-miR-551b-5p","VCAN","1462","ENSG00000038427","0.813","predicted"
"diana_microt","MIMAT0005795","hsa-miR-1323","VCAN","1462","ENSG00000038427","0.813","predicted"
"diana_microt","MIMAT0022304","hsa-miR-548av-3p","VCAN","1462","ENSG00000038427","0.813","predicted"
"diana_microt","MIMAT0004794","hsa-miR-551b-5p","VCAN","1462","ENSG00000038427","0.813","predicted"
"diana_microt","MIMAT0016869","hsa-miR-4318","COL8A1","1295","ENSG00000144810","0.813","predicted"
"diana_microt","MIMAT0004801","hsa-miR-590-3p","COL11A1","1301","ENSG00000060718","0.812","predicted"
"diana_microt","MIMAT0004801","hsa-miR-590-3p","COL11A1","1301","ENSG00000060718","0.812","predicted"
"diana_microt","MIMAT0004987","hsa-miR-944","VCAN","1462","ENSG00000038427","0.812","predicted"
"diana_microt","MIMAT0018985","hsa-miR-3135b","VCAN","1462","ENSG00000038427","0.812","predicted"
"diana_microt","MIMAT0004987","hsa-miR-944","VCAN","1462","ENSG00000038427","0.812","predicted"
"diana_microt","MIMAT0018985","hsa-miR-3135b","VCAN","1462","ENSG00000038427","0.812","predicted"
"diana_microt","MIMAT0016897","hsa-miR-4269","COL8A1","1295","ENSG00000144810","0.812","predicted"
"diana_microt","MIMAT0010133","hsa-miR-2110","ISM1","140862","ENSG00000101230","0.812","predicted"
"diana_microt","MIMAT0010133","hsa-miR-2110","ISM1","140862","ENSG00000101230","0.812","predicted"
"diana_microt","MIMAT0019921","hsa-miR-4768-3p","COL3A1","1281","ENSG00000168542","0.811","predicted"
"diana_microt","MIMAT0018088","hsa-miR-3666","INHBA","3624","ENSG00000122641","0.811","predicted"
"diana_microt","MIMAT0004768","hsa-miR-497-3p","INHBA","3624","ENSG00000122641","0.811","predicted"
"diana_microt","MIMAT0018088","hsa-miR-3666","INHBA","3624","ENSG00000122641","0.811","predicted"
"diana_microt","MIMAT0004768","hsa-miR-497-3p","INHBA","3624","ENSG00000122641","0.811","predicted"
"diana_microt","MIMAT0015035","hsa-miR-3161","COL8A1","1295","ENSG00000144810","0.811","predicted"
"diana_microt","MIMAT0004493","hsa-miR-20a-3p","COL11A1","1301","ENSG00000060718","0.81","predicted"
"diana_microt","MIMAT0004493","hsa-miR-20a-3p","COL11A1","1301","ENSG00000060718","0.81","predicted"
"diana_microt","MIMAT0000751","hsa-miR-330-3p","INHBA","3624","ENSG00000122641","0.81","predicted"
"diana_microt","MIMAT0000751","hsa-miR-330-3p","INHBA","3624","ENSG00000122641","0.81","predicted"
"diana_microt","MIMAT0019079","hsa-miR-548an","VCAN","1462","ENSG00000038427","0.81","predicted"
"diana_microt","MIMAT0019079","hsa-miR-548an","VCAN","1462","ENSG00000038427","0.81","predicted"
"diana_microt","MIMAT0018943","hsa-miR-4428","COL11A1","1301","ENSG00000060718","0.809","predicted"
"diana_microt","MIMAT0018943","hsa-miR-4428","COL11A1","1301","ENSG00000060718","0.809","predicted"
"diana_microt","MIMAT0016909","hsa-miR-4279","FN1","2335","ENSG00000115414","0.809","predicted"
"diana_microt","MIMAT0016909","hsa-miR-4279","FN1","2335","ENSG00000115414","0.809","predicted"
"diana_microt","MIMAT0016844","hsa-miR-4295","INHBA","3624","ENSG00000122641","0.809","predicted"
"diana_microt","MIMAT0019694","hsa-miR-4637","INHBA","3624","ENSG00000122641","0.809","predicted"
"diana_microt","MIMAT0016844","hsa-miR-4295","INHBA","3624","ENSG00000122641","0.809","predicted"
"diana_microt","MIMAT0019694","hsa-miR-4637","INHBA","3624","ENSG00000122641","0.809","predicted"
"diana_microt","MIMAT0004607","hsa-miR-138-1-3p","EDIL3","10085","ENSG00000164176","0.809","predicted"
"diana_microt","MIMAT0004903","hsa-miR-300","VCAN","1462","ENSG00000038427","0.809","predicted"
"diana_microt","MIMAT0004903","hsa-miR-300","VCAN","1462","ENSG00000038427","0.809","predicted"
"diana_microt","MIMAT0022303","hsa-miR-548av-5p","VCAN","1462","ENSG00000038427","0.808","predicted"
"diana_microt","MIMAT0000456","hsa-miR-186-5p","VCAN","1462","ENSG00000038427","0.808","predicted"
"diana_microt","MIMAT0022303","hsa-miR-548av-5p","VCAN","1462","ENSG00000038427","0.808","predicted"
"diana_microt","MIMAT0000456","hsa-miR-186-5p","VCAN","1462","ENSG00000038427","0.808","predicted"
"diana_microt","MIMAT0019822","hsa-miR-4714-5p","COL8A1","1295","ENSG00000144810","0.808","predicted"
"diana_microt","MIMAT0019228","hsa-miR-3925-3p","FN1","2335","ENSG00000115414","0.807","predicted"
"diana_microt","MIMAT0019228","hsa-miR-3925-3p","FN1","2335","ENSG00000115414","0.807","predicted"
"diana_microt","MIMAT0005912","hsa-miR-548g-3p","COL11A1","1301","ENSG00000060718","0.806","predicted"
"diana_microt","MIMAT0005912","hsa-miR-548g-3p","COL11A1","1301","ENSG00000060718","0.806","predicted"
"diana_microt","MIMAT0004607","hsa-miR-138-1-3p","LOX","4015","ENSG00000113083","0.806","predicted"
"diana_microt","MIMAT0004607","hsa-miR-138-1-3p","LOX","4015","ENSG00000113083","0.806","predicted"
"diana_microt","MIMAT0015089","hsa-miR-3202","COMP","1311","ENSG00000105664","0.806","predicted"
"diana_microt","MIMAT0015089","hsa-miR-3202","COMP","1311","ENSG00000105664","0.806","predicted"
"diana_microt","MIMAT0002877","hsa-miR-513a-5p","VCAN","1462","ENSG00000038427","0.806","predicted"
"diana_microt","MIMAT0002877","hsa-miR-513a-5p","VCAN","1462","ENSG00000038427","0.806","predicted"
"diana_microt","MIMAT0004701","hsa-miR-338-5p","COL8A1","1295","ENSG00000144810","0.806","predicted"
"diana_microt","MIMAT0004493","hsa-miR-20a-3p","COL8A1","1295","ENSG00000144810","0.806","predicted"
"diana_microt","MIMAT0019004","hsa-miR-4477a","INHBA","3624","ENSG00000122641","0.805","predicted"
"diana_microt","MIMAT0019004","hsa-miR-4477a","INHBA","3624","ENSG00000122641","0.805","predicted"
"diana_microt","MIMAT0005882","hsa-miR-548k","VCAN","1462","ENSG00000038427","0.805","predicted"
"diana_microt","MIMAT0005909","hsa-mir-1258","VCAN","1462","ENSG00000038427","0.805","predicted"
"diana_microt","MIMAT0005882","hsa-miR-548k","VCAN","1462","ENSG00000038427","0.805","predicted"
"diana_microt","MIMAT0005909","hsa-mir-1258","VCAN","1462","ENSG00000038427","0.805","predicted"
"diana_microt","MIMAT0002816","hsa-miR-494-3p","COL8A1","1295","ENSG00000144810","0.805","predicted"
"diana_microt","MIMAT0019754","hsa-miR-4672","INHBA","3624","ENSG00000122641","0.804","predicted"
"diana_microt","MIMAT0019754","hsa-miR-4672","INHBA","3624","ENSG00000122641","0.804","predicted"
"diana_microt","MIMAT0004919","hsa-miR-541-5p","THBS3","7059","ENSG00000169231","0.804","predicted"
"diana_microt","MIMAT0001343","hsa-miR-425-3p","FN1","2335","ENSG00000115414","0.803","predicted"
"diana_microt","MIMAT0001343","hsa-miR-425-3p","FN1","2335","ENSG00000115414","0.803","predicted"
"diana_microt","MIMAT0003251","hsa-miR-548a-3p","EDIL3","10085","ENSG00000164176","0.803","predicted"
"diana_microt","MIMAT0018998","hsa-miR-4471","COL8A1","1295","ENSG00000144810","0.803","predicted"
"diana_microt","MIMAT0004778","hsa-miR-508-5p","ISM1","140862","ENSG00000101230","0.803","predicted"
"diana_microt","MIMAT0004778","hsa-miR-508-5p","ISM1","140862","ENSG00000101230","0.803","predicted"
"diana_microt","MIMAT0015012","hsa-miR-3143","COL11A1","1301","ENSG00000060718","0.802","predicted"
"diana_microt","MIMAT0016902","hsa-miR-4272","COL11A1","1301","ENSG00000060718","0.802","predicted"
"diana_microt","MIMAT0004482","hsa-let-7b-3p","COL11A1","1301","ENSG00000060718","0.802","predicted"
"diana_microt","MIMAT0015012","hsa-miR-3143","COL11A1","1301","ENSG00000060718","0.802","predicted"
"diana_microt","MIMAT0016902","hsa-miR-4272","COL11A1","1301","ENSG00000060718","0.802","predicted"
"diana_microt","MIMAT0004482","hsa-let-7b-3p","COL11A1","1301","ENSG00000060718","0.802","predicted"
"diana_microt","MIMAT0022489","hsa-miR-5696","FN1","2335","ENSG00000115414","0.802","predicted"
"diana_microt","MIMAT0022489","hsa-miR-5696","FN1","2335","ENSG00000115414","0.802","predicted"
"diana_microt","MIMAT0018357","hsa-miR-3941","EDIL3","10085","ENSG00000164176","0.802","predicted"
"diana_microt","MIMAT0015021","hsa-miR-3148","VCAN","1462","ENSG00000038427","0.802","predicted"
"diana_microt","MIMAT0019013","hsa-miR-548ak","VCAN","1462","ENSG00000038427","0.802","predicted"
"diana_microt","MIMAT0018107","hsa-miR-3680-3p","VCAN","1462","ENSG00000038427","0.802","predicted"
"diana_microt","MIMAT0015021","hsa-miR-3148","VCAN","1462","ENSG00000038427","0.802","predicted"
"diana_microt","MIMAT0019013","hsa-miR-548ak","VCAN","1462","ENSG00000038427","0.802","predicted"
"diana_microt","MIMAT0018107","hsa-miR-3680-3p","VCAN","1462","ENSG00000038427","0.802","predicted"
"diana_microt","MIMAT0019748","hsa-miR-219b-3p","LOX","4015","ENSG00000113083","0.801","predicted"
"diana_microt","MIMAT0019748","hsa-miR-219b-3p","LOX","4015","ENSG00000113083","0.801","predicted"
"diana_microt","MIMAT0000281","hsa-miR-224-5p","EDIL3","10085","ENSG00000164176","0.801","predicted"
"diana_microt","MIMAT0018935","hsa-miR-4422","VCAN","1462","ENSG00000038427","0.801","predicted"
"diana_microt","MIMAT0000084","hsa-miR-27a-3p","VCAN","1462","ENSG00000038427","0.801","predicted"
"diana_microt","MIMAT0000419","hsa-miR-27b-3p","VCAN","1462","ENSG00000038427","0.801","predicted"
"diana_microt","MIMAT0018935","hsa-miR-4422","VCAN","1462","ENSG00000038427","0.801","predicted"
"diana_microt","MIMAT0000084","hsa-miR-27a-3p","VCAN","1462","ENSG00000038427","0.801","predicted"
"diana_microt","MIMAT0000419","hsa-miR-27b-3p","VCAN","1462","ENSG00000038427","0.801","predicted"
"diana_microt","MIMAT0018192","hsa-miR-3918","COL3A1","1281","ENSG00000168542","0.8","predicted"
"diana_microt","MIMAT0003225","hsa-miR-561-3p","COL11A1","1301","ENSG00000060718","0.8","predicted"
"diana_microt","MIMAT0003225","hsa-miR-561-3p","COL11A1","1301","ENSG00000060718","0.8","predicted"
"diana_microt","MIMAT0004955","hsa-miR-374b-5p","INHBA","3624","ENSG00000122641","0.8","predicted"
"diana_microt","MIMAT0004955","hsa-miR-374b-5p","INHBA","3624","ENSG00000122641","0.8","predicted"
"diana_microt","MIMAT0015009","hsa-miR-548t-5p","EDIL3","10085","ENSG00000164176","0.8","predicted"
"diana_microt","MIMAT0018083","hsa-miR-3662","COL8A1","1295","ENSG00000144810","0.8","predicted"
"diana_microt","MIMAT0022277","hsa-miR-548at-5p","COL8A1","1295","ENSG00000144810","0.8","predicted"
"diana_microt","MIMAT0019812","hsa-miR-4709-3p","EDIL3","10085","ENSG00000164176","0.799","predicted"
"diana_microt","MIMAT0005904","hsa-miR-1253","COL8A1","1295","ENSG00000144810","0.799","predicted"
"diana_microt","MIMAT0019760","hsa-miR-4677-5p","COL11A1","1301","ENSG00000060718","0.798","predicted"
"diana_microt","MIMAT0019760","hsa-miR-4677-5p","COL11A1","1301","ENSG00000060718","0.798","predicted"
"diana_microt","MIMAT0022292","hsa-miR-548au-3p","THBS3","7059","ENSG00000169231","0.798","predicted"
"diana_microt","MIMAT0003328","hsa-miR-653-5p","EDIL3","10085","ENSG00000164176","0.798","predicted"
"diana_microt","MIMAT0019746","hsa-miR-4668-3p","VCAN","1462","ENSG00000038427","0.798","predicted"
"diana_microt","MIMAT0019746","hsa-miR-4668-3p","VCAN","1462","ENSG00000038427","0.798","predicted"
"diana_microt","MIMAT0000227","hsa-miR-197-3p","ISM1","140862","ENSG00000101230","0.798","predicted"
"diana_microt","MIMAT0000227","hsa-miR-197-3p","ISM1","140862","ENSG00000101230","0.798","predicted"
"diana_microt","MIMAT0003331","hsa-miR-655-3p","COL11A1","1301","ENSG00000060718","0.797","predicted"
"diana_microt","MIMAT0003331","hsa-miR-655-3p","COL11A1","1301","ENSG00000060718","0.797","predicted"
"diana_microt","MIMAT0019066","hsa-miR-4527","FN1","2335","ENSG00000115414","0.797","predicted"
"diana_microt","MIMAT0019066","hsa-miR-4527","FN1","2335","ENSG00000115414","0.797","predicted"
"diana_microt","MIMAT0019198","hsa-miR-3120-5p","THBS3","7059","ENSG00000169231","0.797","predicted"
"diana_microt","MIMAT0019006","hsa-miR-4478","VCAN","1462","ENSG00000038427","0.797","predicted"
"diana_microt","MIMAT0019006","hsa-miR-4478","VCAN","1462","ENSG00000038427","0.797","predicted"
"diana_microt","MIMAT0019231","hsa-miR-3944-5p","COL8A1","1295","ENSG00000144810","0.797","predicted"
"diana_microt","MIMAT0006765","hsa-miR-1825","COL11A1","1301","ENSG00000060718","0.796","predicted"
"diana_microt","MIMAT0006765","hsa-miR-1825","COL11A1","1301","ENSG00000060718","0.796","predicted"
"diana_microt","MIMAT0019802","hsa-miR-4703-3p","FN1","2335","ENSG00000115414","0.796","predicted"
"diana_microt","MIMAT0019802","hsa-miR-4703-3p","FN1","2335","ENSG00000115414","0.796","predicted"
"diana_microt","MIMAT0005828","hsa-miR-1183","INHBA","3624","ENSG00000122641","0.796","predicted"
"diana_microt","MIMAT0021045","hsa-miR-5011-5p","INHBA","3624","ENSG00000122641","0.796","predicted"
"diana_microt","MIMAT0005828","hsa-miR-1183","INHBA","3624","ENSG00000122641","0.796","predicted"
"diana_microt","MIMAT0021045","hsa-miR-5011-5p","INHBA","3624","ENSG00000122641","0.796","predicted"
"diana_microt","MIMAT0015060","hsa-miR-548w","VCAN","1462","ENSG00000038427","0.796","predicted"
"diana_microt","MIMAT0015060","hsa-miR-548w","VCAN","1462","ENSG00000038427","0.796","predicted"
"diana_microt","MIMAT0005889","hsa-miR-548l","COL8A1","1295","ENSG00000144810","0.796","predicted"
"diana_microt","MIMAT0018082","hsa-miR-3661","COL11A1","1301","ENSG00000060718","0.795","predicted"
"diana_microt","MIMAT0003165","hsa-miR-545-3p","COL11A1","1301","ENSG00000060718","0.795","predicted"
"diana_microt","MIMAT0004919","hsa-miR-541-5p","COL11A1","1301","ENSG00000060718","0.795","predicted"
"diana_microt","MIMAT0018082","hsa-miR-3661","COL11A1","1301","ENSG00000060718","0.795","predicted"
"diana_microt","MIMAT0003165","hsa-miR-545-3p","COL11A1","1301","ENSG00000060718","0.795","predicted"
"diana_microt","MIMAT0004919","hsa-miR-541-5p","COL11A1","1301","ENSG00000060718","0.795","predicted"
"diana_microt","MIMAT0004804","hsa-miR-615-5p","FN1","2335","ENSG00000115414","0.795","predicted"
"diana_microt","MIMAT0004804","hsa-miR-615-5p","FN1","2335","ENSG00000115414","0.795","predicted"
"diana_microt","MIMAT0004952","hsa-miR-665","LOX","4015","ENSG00000113083","0.795","predicted"
"diana_microt","MIMAT0019227","hsa-miR-3922-5p","LOX","4015","ENSG00000113083","0.795","predicted"
"diana_microt","MIMAT0004952","hsa-miR-665","LOX","4015","ENSG00000113083","0.795","predicted"
"diana_microt","MIMAT0019227","hsa-miR-3922-5p","LOX","4015","ENSG00000113083","0.795","predicted"
"diana_microt","MIMAT0020958","hsa-miR-4482-3p","VCAN","1462","ENSG00000038427","0.795","predicted"
"diana_microt","MIMAT0020958","hsa-miR-4482-3p","VCAN","1462","ENSG00000038427","0.795","predicted"
"diana_microt","MIMAT0000251","hsa-miR-147a","COL8A1","1295","ENSG00000144810","0.795","predicted"
"diana_microt","MIMAT0015063","hsa-miR-3183","ISM1","140862","ENSG00000101230","0.795","predicted"
"diana_microt","MIMAT0018107","hsa-miR-3680-3p","ISM1","140862","ENSG00000101230","0.795","predicted"
"diana_microt","MIMAT0015063","hsa-miR-3183","ISM1","140862","ENSG00000101230","0.795","predicted"
"diana_microt","MIMAT0018107","hsa-miR-3680-3p","ISM1","140862","ENSG00000101230","0.795","predicted"
"diana_microt","MIMAT0019836","hsa-miR-4722-5p","FN1","2335","ENSG00000115414","0.794","predicted"
"diana_microt","MIMAT0019836","hsa-miR-4722-5p","FN1","2335","ENSG00000115414","0.794","predicted"
"diana_microt","MIMAT0019013","hsa-miR-548ak","LOX","4015","ENSG00000113083","0.794","predicted"
"diana_microt","MIMAT0019013","hsa-miR-548ak","LOX","4015","ENSG00000113083","0.794","predicted"
"diana_microt","MIMAT0022274","hsa-miR-5580-3p","COL3A1","1281","ENSG00000168542","0.793","predicted"
"diana_microt","MIMAT0022472","hsa-miR-5683","EDIL3","10085","ENSG00000164176","0.793","predicted"
"diana_microt","MIMAT0002849","hsa-miR-524-5p","COL3A1","1281","ENSG00000168542","0.792","predicted"
"diana_microt","MIMAT0015057","hsa-miR-3180-5p","COL11A1","1301","ENSG00000060718","0.792","predicted"
"diana_microt","MIMAT0019225","hsa-miR-3913-3p","COL11A1","1301","ENSG00000060718","0.792","predicted"
"diana_microt","MIMAT0015057","hsa-miR-3180-5p","COL11A1","1301","ENSG00000060718","0.792","predicted"
"diana_microt","MIMAT0019225","hsa-miR-3913-3p","COL11A1","1301","ENSG00000060718","0.792","predicted"
"diana_microt","MIMAT0000726","hsa-miR-373-3p","INHBA","3624","ENSG00000122641","0.792","predicted"
"diana_microt","MIMAT0000726","hsa-miR-373-3p","INHBA","3624","ENSG00000122641","0.792","predicted"
"diana_microt","MIMAT0022284","hsa-miR-5584-3p","LOX","4015","ENSG00000113083","0.792","predicted"
"diana_microt","MIMAT0022284","hsa-miR-5584-3p","LOX","4015","ENSG00000113083","0.792","predicted"
"diana_microt","MIMAT0019070","hsa-miR-4531","EDIL3","10085","ENSG00000164176","0.792","predicted"
"diana_microt","MIMAT0002171","hsa-miR-410-3p","EDIL3","10085","ENSG00000164176","0.792","predicted"
"diana_microt","MIMAT0000447","hsa-miR-134-5p","VCAN","1462","ENSG00000038427","0.792","predicted"
"diana_microt","MIMAT0002171","hsa-miR-410-3p","VCAN","1462","ENSG00000038427","0.792","predicted"
"diana_microt","MIMAT0000447","hsa-miR-134-5p","VCAN","1462","ENSG00000038427","0.792","predicted"
"diana_microt","MIMAT0002171","hsa-miR-410-3p","VCAN","1462","ENSG00000038427","0.792","predicted"
"diana_microt","MIMAT0003288","hsa-miR-619-3p","COL11A1","1301","ENSG00000060718","0.791","predicted"
"diana_microt","MIMAT0021123","hsa-miR-5192","COL11A1","1301","ENSG00000060718","0.791","predicted"
"diana_microt","MIMAT0003288","hsa-miR-619-3p","COL11A1","1301","ENSG00000060718","0.791","predicted"
"diana_microt","MIMAT0021123","hsa-miR-5192","COL11A1","1301","ENSG00000060718","0.791","predicted"
"diana_microt","MIMAT0016898","hsa-miR-4263","INHBA","3624","ENSG00000122641","0.791","predicted"
"diana_microt","MIMAT0000427","hsa-miR-133a-3p","INHBA","3624","ENSG00000122641","0.791","predicted"
"diana_microt","MIMAT0016898","hsa-miR-4263","INHBA","3624","ENSG00000122641","0.791","predicted"
"diana_microt","MIMAT0000427","hsa-miR-133a-3p","INHBA","3624","ENSG00000122641","0.791","predicted"
"diana_microt","MIMAT0019943","hsa-miR-4781-3p","LOX","4015","ENSG00000113083","0.791","predicted"
"diana_microt","MIMAT0019943","hsa-miR-4781-3p","LOX","4015","ENSG00000113083","0.791","predicted"
"diana_microt","MIMAT0004763","hsa-miR-488-3p","COL11A1","1301","ENSG00000060718","0.79","predicted"
"diana_microt","MIMAT0004763","hsa-miR-488-3p","COL11A1","1301","ENSG00000060718","0.79","predicted"
"diana_microt","MIMAT0018935","hsa-miR-4422","INHBA","3624","ENSG00000122641","0.79","predicted"
"diana_microt","MIMAT0018935","hsa-miR-4422","INHBA","3624","ENSG00000122641","0.79","predicted"
"diana_microt","MIMAT0000419","hsa-miR-27b-3p","LOX","4015","ENSG00000113083","0.79","predicted"
"diana_microt","MIMAT0000419","hsa-miR-27b-3p","LOX","4015","ENSG00000113083","0.79","predicted"
"diana_microt","MIMAT0022714","hsa-miR-766-5p","COL8A1","1295","ENSG00000144810","0.79","predicted"
"diana_microt","MIMAT0017991","hsa-miR-3613-3p","COL3A1","1281","ENSG00000168542","0.789","predicted"
"diana_microt","MIMAT0005935","hsa-miR-548i","LOX","4015","ENSG00000113083","0.789","predicted"
"diana_microt","MIMAT0005935","hsa-miR-548i","LOX","4015","ENSG00000113083","0.789","predicted"
"diana_microt","MIMAT0011162","hsa-miR-2117","COMP","1311","ENSG00000105664","0.789","predicted"
"diana_microt","MIMAT0011162","hsa-miR-2117","COMP","1311","ENSG00000105664","0.789","predicted"
"diana_microt","MIMAT0003300","hsa-miR-631","VCAN","1462","ENSG00000038427","0.789","predicted"
"diana_microt","MIMAT0004982","hsa-miR-939-5p","VCAN","1462","ENSG00000038427","0.789","predicted"
"diana_microt","MIMAT0003300","hsa-miR-631","VCAN","1462","ENSG00000038427","0.789","predicted"
"diana_microt","MIMAT0004982","hsa-miR-939-5p","VCAN","1462","ENSG00000038427","0.789","predicted"
"diana_microt","MIMAT0015069","hsa-miR-3187-3p","COL8A1","1295","ENSG00000144810","0.789","predicted"
"diana_microt","MIMAT0003248","hsa-miR-583","COL3A1","1281","ENSG00000168542","0.788","predicted"
"diana_microt","MIMAT0019063","hsa-miR-4524a-3p","COL3A1","1281","ENSG00000168542","0.788","predicted"
"diana_microt","MIMAT0022263","hsa-miR-548aq-5p","COL11A1","1301","ENSG00000060718","0.788","predicted"
"diana_microt","MIMAT0022263","hsa-miR-548aq-5p","COL11A1","1301","ENSG00000060718","0.788","predicted"
"diana_microt","MIMAT0005889","hsa-miR-548l","INHBA","3624","ENSG00000122641","0.788","predicted"
"diana_microt","MIMAT0000770","hsa-miR-133b","INHBA","3624","ENSG00000122641","0.788","predicted"
"diana_microt","MIMAT0005889","hsa-miR-548l","INHBA","3624","ENSG00000122641","0.788","predicted"
"diana_microt","MIMAT0000770","hsa-miR-133b","INHBA","3624","ENSG00000122641","0.788","predicted"
"diana_microt","MIMAT0003332","hsa-miR-656-3p","LOX","4015","ENSG00000113083","0.788","predicted"
"diana_microt","MIMAT0003332","hsa-miR-656-3p","LOX","4015","ENSG00000113083","0.788","predicted"
"diana_microt","MIMAT0003244","hsa-miR-579-3p","FN1","2335","ENSG00000115414","0.787","predicted"
"diana_microt","MIMAT0003244","hsa-miR-579-3p","FN1","2335","ENSG00000115414","0.787","predicted"
"diana_microt","MIMAT0003882","hsa-miR-767-5p","LOX","4015","ENSG00000113083","0.787","predicted"
"diana_microt","MIMAT0009979","hsa-miR-2054","LOX","4015","ENSG00000113083","0.787","predicted"
"diana_microt","MIMAT0000433","hsa-miR-142-5p","LOX","4015","ENSG00000113083","0.787","predicted"
"diana_microt","MIMAT0003882","hsa-miR-767-5p","LOX","4015","ENSG00000113083","0.787","predicted"
"diana_microt","MIMAT0009979","hsa-miR-2054","LOX","4015","ENSG00000113083","0.787","predicted"
"diana_microt","MIMAT0000433","hsa-miR-142-5p","LOX","4015","ENSG00000113083","0.787","predicted"
"diana_microt","MIMAT0019066","hsa-miR-4527","COMP","1311","ENSG00000105664","0.787","predicted"
"diana_microt","MIMAT0019066","hsa-miR-4527","COMP","1311","ENSG00000105664","0.787","predicted"
"diana_microt","MIMAT0015013","hsa-miR-548u","VCAN","1462","ENSG00000038427","0.787","predicted"
"diana_microt","MIMAT0015013","hsa-miR-548u","VCAN","1462","ENSG00000038427","0.787","predicted"
"diana_microt","MIMAT0021026","hsa-miR-5003-3p","COL8A1","1295","ENSG00000144810","0.787","predicted"
"diana_microt","MIMAT0000426","hsa-miR-132-3p","COL8A1","1295","ENSG00000144810","0.787","predicted"
"diana_microt","MIMAT0019013","hsa-miR-548ak","INHBA","3624","ENSG00000122641","0.786","predicted"
"diana_microt","MIMAT0019013","hsa-miR-548ak","INHBA","3624","ENSG00000122641","0.786","predicted"
"diana_microt","MIMAT0022713","hsa-miR-1185-2-3p","LOX","4015","ENSG00000113083","0.786","predicted"
"diana_microt","MIMAT0022838","hsa-miR-1185-1-3p","LOX","4015","ENSG00000113083","0.786","predicted"
"diana_microt","MIMAT0000084","hsa-miR-27a-3p","LOX","4015","ENSG00000113083","0.786","predicted"
"diana_microt","MIMAT0022713","hsa-miR-1185-2-3p","LOX","4015","ENSG00000113083","0.786","predicted"
"diana_microt","MIMAT0022838","hsa-miR-1185-1-3p","LOX","4015","ENSG00000113083","0.786","predicted"
"diana_microt","MIMAT0000084","hsa-miR-27a-3p","LOX","4015","ENSG00000113083","0.786","predicted"
"diana_microt","MIMAT0019832","hsa-miR-4719","EDIL3","10085","ENSG00000164176","0.786","predicted"
"diana_microt","MIMAT0018940","hsa-miR-4425","COL8A1","1295","ENSG00000144810","0.786","predicted"
"diana_microt","MIMAT0019820","hsa-miR-4713-5p","FN1","2335","ENSG00000115414","0.785","predicted"
"diana_microt","MIMAT0019820","hsa-miR-4713-5p","FN1","2335","ENSG00000115414","0.785","predicted"
"diana_microt","MIMAT0022292","hsa-miR-548au-3p","COMP","1311","ENSG00000105664","0.785","predicted"
"diana_microt","MIMAT0022292","hsa-miR-548au-3p","COMP","1311","ENSG00000105664","0.785","predicted"
"diana_microt","MIMAT0019888","hsa-miR-4751","COL3A1","1281","ENSG00000168542","0.784","predicted"
"diana_microt","MIMAT0004609","hsa-miR-149-3p","COL3A1","1281","ENSG00000168542","0.784","predicted"
"diana_microt","MIMAT0018202","hsa-miR-3927-3p","COL11A1","1301","ENSG00000060718","0.784","predicted"
"diana_microt","MIMAT0021042","hsa-miR-5009-3p","COL11A1","1301","ENSG00000060718","0.784","predicted"
"diana_microt","MIMAT0018202","hsa-miR-3927-3p","COL11A1","1301","ENSG00000060718","0.784","predicted"
"diana_microt","MIMAT0021042","hsa-miR-5009-3p","COL11A1","1301","ENSG00000060718","0.784","predicted"
"diana_microt","MIMAT0015060","hsa-miR-548w","INHBA","3624","ENSG00000122641","0.784","predicted"
"diana_microt","MIMAT0000073","hsa-miR-19a-3p","INHBA","3624","ENSG00000122641","0.784","predicted"
"diana_microt","MIMAT0000074","hsa-miR-19b-3p","INHBA","3624","ENSG00000122641","0.784","predicted"
"diana_microt","MIMAT0015060","hsa-miR-548w","INHBA","3624","ENSG00000122641","0.784","predicted"
"diana_microt","MIMAT0000073","hsa-miR-19a-3p","INHBA","3624","ENSG00000122641","0.784","predicted"
"diana_microt","MIMAT0000074","hsa-miR-19b-3p","INHBA","3624","ENSG00000122641","0.784","predicted"
"diana_microt","MIMAT0011159","hsa-miR-2115-3p","EDIL3","10085","ENSG00000164176","0.784","predicted"
"diana_microt","MIMAT0019950","hsa-miR-1245b-5p","VCAN","1462","ENSG00000038427","0.784","predicted"
"diana_microt","MIMAT0019950","hsa-miR-1245b-5p","VCAN","1462","ENSG00000038427","0.784","predicted"
"diana_microt","MIMAT0019916","hsa-miR-4765","COL8A1","1295","ENSG00000144810","0.784","predicted"
"diana_microt","MIMAT0018443","hsa-miR-374c-5p","COL11A1","1301","ENSG00000060718","0.783","predicted"
"diana_microt","MIMAT0018443","hsa-miR-374c-5p","COL11A1","1301","ENSG00000060718","0.783","predicted"
"diana_microt","MIMAT0002849","hsa-miR-524-5p","EDIL3","10085","ENSG00000164176","0.783","predicted"
"diana_microt","MIMAT0022484","hsa-miR-5692a","COL8A1","1295","ENSG00000144810","0.783","predicted"
"diana_microt","MIMAT0018107","hsa-miR-3680-3p","EDIL3","10085","ENSG00000164176","0.782","predicted"
"diana_microt","MIMAT0019841","hsa-miR-4724-5p","VCAN","1462","ENSG00000038427","0.782","predicted"
"diana_microt","MIMAT0019841","hsa-miR-4724-5p","VCAN","1462","ENSG00000038427","0.782","predicted"
"diana_microt","MIMAT0000724","hsa-miR-372-3p","ISM1","140862","ENSG00000101230","0.782","predicted"
"diana_microt","MIMAT0005874","hsa-miR-548e-3p","ISM1","140862","ENSG00000101230","0.782","predicted"
"diana_microt","MIMAT0000724","hsa-miR-372-3p","ISM1","140862","ENSG00000101230","0.782","predicted"
"diana_microt","MIMAT0005874","hsa-miR-548e-3p","ISM1","140862","ENSG00000101230","0.782","predicted"
"diana_microt","MIMAT0005936","hsa-miR-1278","FN1","2335","ENSG00000115414","0.781","predicted"
"diana_microt","MIMAT0004606","hsa-miR-136-3p","FN1","2335","ENSG00000115414","0.781","predicted"
"diana_microt","MIMAT0005936","hsa-miR-1278","FN1","2335","ENSG00000115414","0.781","predicted"
"diana_microt","MIMAT0004606","hsa-miR-136-3p","FN1","2335","ENSG00000115414","0.781","predicted"
"diana_microt","MIMAT0005937","hsa-miR-1279","INHBA","3624","ENSG00000122641","0.781","predicted"
"diana_microt","MIMAT0005937","hsa-miR-1279","INHBA","3624","ENSG00000122641","0.781","predicted"
"diana_microt","MIMAT0000728","hsa-miR-375-3p","LOX","4015","ENSG00000113083","0.781","predicted"
"diana_microt","MIMAT0000728","hsa-miR-375-3p","LOX","4015","ENSG00000113083","0.781","predicted"
"diana_microt","MIMAT0004766","hsa-miR-146b-3p","THBS3","7059","ENSG00000169231","0.781","predicted"
"diana_microt","MIMAT0015019","hsa-miR-3147","COMP","1311","ENSG00000105664","0.781","predicted"
"diana_microt","MIMAT0015019","hsa-miR-3147","COMP","1311","ENSG00000105664","0.781","predicted"
"diana_microt","MIMAT0018972","hsa-miR-548ah-5p","COL8A1","1295","ENSG00000144810","0.781","predicted"
"diana_microt","MIMAT0019004","hsa-miR-4477a","COL11A1","1301","ENSG00000060718","0.78","predicted"
"diana_microt","MIMAT0000703","hsa-miR-361-5p","COL11A1","1301","ENSG00000060718","0.78","predicted"
"diana_microt","MIMAT0019004","hsa-miR-4477a","COL11A1","1301","ENSG00000060718","0.78","predicted"
"diana_microt","MIMAT0000703","hsa-miR-361-5p","COL11A1","1301","ENSG00000060718","0.78","predicted"
"diana_microt","MIMAT0015053","hsa-miR-3176","FN1","2335","ENSG00000115414","0.78","predicted"
"diana_microt","MIMAT0019918","hsa-miR-4766-3p","FN1","2335","ENSG00000115414","0.78","predicted"
"diana_microt","MIMAT0015053","hsa-miR-3176","FN1","2335","ENSG00000115414","0.78","predicted"
"diana_microt","MIMAT0019918","hsa-miR-4766-3p","FN1","2335","ENSG00000115414","0.78","predicted"
"diana_microt","MIMAT0004774","hsa-miR-501-3p","INHBA","3624","ENSG00000122641","0.78","predicted"
"diana_microt","MIMAT0004774","hsa-miR-501-3p","INHBA","3624","ENSG00000122641","0.78","predicted"
"diana_microt","MIMAT0022267","hsa-miR-548as-5p","LOX","4015","ENSG00000113083","0.78","predicted"
"diana_microt","MIMAT0022267","hsa-miR-548as-5p","LOX","4015","ENSG00000113083","0.78","predicted"
"diana_microt","MIMAT0003323","hsa-miR-548d-3p","COL8A1","1295","ENSG00000144810","0.78","predicted"
"diana_microt","MIMAT0018114","hsa-miR-3686","COL3A1","1281","ENSG00000168542","0.779","predicted"
"diana_microt","MIMAT0022701","hsa-miR-506-5p","COL11A1","1301","ENSG00000060718","0.779","predicted"
"diana_microt","MIMAT0000066","hsa-let-7e-5p","COL11A1","1301","ENSG00000060718","0.779","predicted"
"diana_microt","MIMAT0003164","hsa-miR-544a","COL11A1","1301","ENSG00000060718","0.779","predicted"
"diana_microt","MIMAT0022701","hsa-miR-506-5p","COL11A1","1301","ENSG00000060718","0.779","predicted"
"diana_microt","MIMAT0000066","hsa-let-7e-5p","COL11A1","1301","ENSG00000060718","0.779","predicted"
"diana_microt","MIMAT0003164","hsa-miR-544a","COL11A1","1301","ENSG00000060718","0.779","predicted"
"diana_microt","MIMAT0000099","hsa-miR-101-3p","FN1","2335","ENSG00000115414","0.779","predicted"
"diana_microt","MIMAT0000099","hsa-miR-101-3p","FN1","2335","ENSG00000115414","0.779","predicted"
"diana_microt","MIMAT0018096","hsa-miR-3673","INHBA","3624","ENSG00000122641","0.779","predicted"
"diana_microt","MIMAT0019965","hsa-miR-4793-5p","INHBA","3624","ENSG00000122641","0.779","predicted"
"diana_microt","MIMAT0018096","hsa-miR-3673","INHBA","3624","ENSG00000122641","0.779","predicted"
"diana_microt","MIMAT0019965","hsa-miR-4793-5p","INHBA","3624","ENSG00000122641","0.779","predicted"
"diana_microt","MIMAT0019840","hsa-miR-451b","LOX","4015","ENSG00000113083","0.779","predicted"
"diana_microt","MIMAT0019840","hsa-miR-451b","LOX","4015","ENSG00000113083","0.779","predicted"
"diana_microt","MIMAT0004793","hsa-miR-556-3p","EDIL3","10085","ENSG00000164176","0.779","predicted"
"diana_microt","MIMAT0019072","hsa-miR-4533","VCAN","1462","ENSG00000038427","0.779","predicted"
"diana_microt","MIMAT0019072","hsa-miR-4533","VCAN","1462","ENSG00000038427","0.779","predicted"
"diana_microt","MIMAT0019851","hsa-miR-4729","COL8A1","1295","ENSG00000144810","0.779","predicted"
"diana_microt","MIMAT0004486","hsa-let-7f-1-3p","COL11A1","1301","ENSG00000060718","0.778","predicted"
"diana_microt","MIMAT0004486","hsa-let-7f-1-3p","COL11A1","1301","ENSG00000060718","0.778","predicted"
"diana_microt","MIMAT0004500","hsa-miR-26b-3p","LOX","4015","ENSG00000113083","0.778","predicted"
"diana_microt","MIMAT0004500","hsa-miR-26b-3p","LOX","4015","ENSG00000113083","0.778","predicted"
"diana_microt","MIMAT0017392","hsa-miR-3200-5p","THBS3","7059","ENSG00000169231","0.778","predicted"
"diana_microt","MIMAT0003240","hsa-miR-575","EDIL3","10085","ENSG00000164176","0.778","predicted"
"diana_microt","MIMAT0004554","hsa-miR-7-2-3p","EDIL3","10085","ENSG00000164176","0.778","predicted"
"diana_microt","MIMAT0005869","hsa-miR-1205","COMP","1311","ENSG00000105664","0.778","predicted"
"diana_microt","MIMAT0005869","hsa-miR-1205","COMP","1311","ENSG00000105664","0.778","predicted"
"diana_microt","MIMAT0019905","hsa-miR-4759","VCAN","1462","ENSG00000038427","0.778","predicted"
"diana_microt","MIMAT0018109","hsa-miR-3681-3p","VCAN","1462","ENSG00000038427","0.778","predicted"
"diana_microt","MIMAT0019905","hsa-miR-4759","VCAN","1462","ENSG00000038427","0.778","predicted"
"diana_microt","MIMAT0018109","hsa-miR-3681-3p","VCAN","1462","ENSG00000038427","0.778","predicted"
"diana_microt","MIMAT0018446","hsa-miR-548z","COL8A1","1295","ENSG00000144810","0.778","predicted"
"diana_microt","MIMAT0018938","hsa-miR-548ac","COL8A1","1295","ENSG00000144810","0.778","predicted"
"diana_microt","MIMAT0022723","hsa-miR-548h-3p","COL8A1","1295","ENSG00000144810","0.778","predicted"
"diana_microt","MIMAT0003254","hsa-miR-548b-3p","ISM1","140862","ENSG00000101230","0.778","predicted"
"diana_microt","MIMAT0003254","hsa-miR-548b-3p","ISM1","140862","ENSG00000101230","0.778","predicted"
"diana_microt","MIMAT0015012","hsa-miR-3143","FN1","2335","ENSG00000115414","0.777","predicted"
"diana_microt","MIMAT0005796","hsa-miR-1271-5p","FN1","2335","ENSG00000115414","0.777","predicted"
"diana_microt","MIMAT0015012","hsa-miR-3143","FN1","2335","ENSG00000115414","0.777","predicted"
"diana_microt","MIMAT0005796","hsa-miR-1271-5p","FN1","2335","ENSG00000115414","0.777","predicted"
"diana_microt","MIMAT0009197","hsa-miR-205-3p","INHBA","3624","ENSG00000122641","0.777","predicted"
"diana_microt","MIMAT0009197","hsa-miR-205-3p","INHBA","3624","ENSG00000122641","0.777","predicted"
"diana_microt","MIMAT0006764","hsa-miR-320d","VCAN","1462","ENSG00000038427","0.777","predicted"
"diana_microt","MIMAT0002878","hsa-miR-506-3p","VCAN","1462","ENSG00000038427","0.777","predicted"
"diana_microt","MIMAT0004510","hsa-miR-96-3p","VCAN","1462","ENSG00000038427","0.777","predicted"
"diana_microt","MIMAT0006764","hsa-miR-320d","VCAN","1462","ENSG00000038427","0.777","predicted"
"diana_microt","MIMAT0002878","hsa-miR-506-3p","VCAN","1462","ENSG00000038427","0.777","predicted"
"diana_microt","MIMAT0004510","hsa-miR-96-3p","VCAN","1462","ENSG00000038427","0.777","predicted"
"diana_microt","MIMAT0002829","hsa-miR-519e-3p","COL8A1","1295","ENSG00000144810","0.777","predicted"
"diana_microt","MIMAT0019889","hsa-miR-4752","FN1","2335","ENSG00000115414","0.776","predicted"
"diana_microt","MIMAT0019889","hsa-miR-4752","FN1","2335","ENSG00000115414","0.776","predicted"
"diana_microt","MIMAT0004553","hsa-miR-7-1-3p","EDIL3","10085","ENSG00000164176","0.776","predicted"
"diana_microt","MIMAT0005930","hsa-miR-1276","VCAN","1462","ENSG00000038427","0.776","predicted"
"diana_microt","MIMAT0015044","hsa-miR-3169","VCAN","1462","ENSG00000038427","0.776","predicted"
"diana_microt","MIMAT0015048","hsa-miR-3173-3p","VCAN","1462","ENSG00000038427","0.776","predicted"
"diana_microt","MIMAT0005930","hsa-miR-1276","VCAN","1462","ENSG00000038427","0.776","predicted"
"diana_microt","MIMAT0015044","hsa-miR-3169","VCAN","1462","ENSG00000038427","0.776","predicted"
"diana_microt","MIMAT0015048","hsa-miR-3173-3p","VCAN","1462","ENSG00000038427","0.776","predicted"
"diana_microt","MIMAT0004775","hsa-miR-502-3p","INHBA","3624","ENSG00000122641","0.775","predicted"
"diana_microt","MIMAT0018201","hsa-miR-3926","INHBA","3624","ENSG00000122641","0.775","predicted"
"diana_microt","MIMAT0004775","hsa-miR-502-3p","INHBA","3624","ENSG00000122641","0.775","predicted"
"diana_microt","MIMAT0018201","hsa-miR-3926","INHBA","3624","ENSG00000122641","0.775","predicted"
"diana_microt","MIMAT0002817","hsa-miR-495-3p","LOX","4015","ENSG00000113083","0.775","predicted"
"diana_microt","MIMAT0002817","hsa-miR-495-3p","LOX","4015","ENSG00000113083","0.775","predicted"
"diana_microt","MIMAT0005915","hsa-miR-1263","COL11A1","1301","ENSG00000060718","0.774","predicted"
"diana_microt","MIMAT0019042","hsa-miR-4506","COL11A1","1301","ENSG00000060718","0.774","predicted"
"diana_microt","MIMAT0005915","hsa-miR-1263","COL11A1","1301","ENSG00000060718","0.774","predicted"
"diana_microt","MIMAT0019042","hsa-miR-4506","COL11A1","1301","ENSG00000060718","0.774","predicted"
"diana_microt","MIMAT0004803","hsa-miR-548a-5p","INHBA","3624","ENSG00000122641","0.774","predicted"
"diana_microt","MIMAT0004803","hsa-miR-548a-5p","INHBA","3624","ENSG00000122641","0.774","predicted"
"diana_microt","MIMAT0001639","hsa-miR-409-3p","LOX","4015","ENSG00000113083","0.774","predicted"
"diana_microt","MIMAT0001639","hsa-miR-409-3p","LOX","4015","ENSG00000113083","0.774","predicted"
"diana_microt","MIMAT0019793","hsa-miR-4698","EDIL3","10085","ENSG00000164176","0.774","predicted"
"diana_microt","MIMAT0019832","hsa-miR-4719","VCAN","1462","ENSG00000038427","0.774","predicted"
"diana_microt","MIMAT0019832","hsa-miR-4719","VCAN","1462","ENSG00000038427","0.774","predicted"
"diana_microt","MIMAT0019745","hsa-miR-4668-5p","COL8A1","1295","ENSG00000144810","0.774","predicted"
"diana_microt","MIMAT0022268","hsa-miR-548as-3p","COL8A1","1295","ENSG00000144810","0.774","predicted"
"diana_microt","MIMAT0005867","hsa-miR-663b","LOX","4015","ENSG00000113083","0.773","predicted"
"diana_microt","MIMAT0005867","hsa-miR-663b","LOX","4015","ENSG00000113083","0.773","predicted"
"diana_microt","MIMAT0005793","hsa-miR-320c","VCAN","1462","ENSG00000038427","0.773","predicted"
"diana_microt","MIMAT0005793","hsa-miR-320c","VCAN","1462","ENSG00000038427","0.773","predicted"
"diana_microt","MIMAT0019741","hsa-miR-4666a-5p","COL8A1","1295","ENSG00000144810","0.773","predicted"
"diana_microt","MIMAT0022282","hsa-miR-5583-3p","INHBA","3624","ENSG00000122641","0.772","predicted"
"diana_microt","MIMAT0003338","hsa-miR-660-5p","INHBA","3624","ENSG00000122641","0.772","predicted"
"diana_microt","MIMAT0022282","hsa-miR-5583-3p","INHBA","3624","ENSG00000122641","0.772","predicted"
"diana_microt","MIMAT0003338","hsa-miR-660-5p","INHBA","3624","ENSG00000122641","0.772","predicted"
"diana_microt","MIMAT0004806","hsa-miR-548c-5p","LOX","4015","ENSG00000113083","0.772","predicted"
"diana_microt","MIMAT0018446","hsa-miR-548z","LOX","4015","ENSG00000113083","0.772","predicted"
"diana_microt","MIMAT0018938","hsa-miR-548ac","LOX","4015","ENSG00000113083","0.772","predicted"
"diana_microt","MIMAT0022723","hsa-miR-548h-3p","LOX","4015","ENSG00000113083","0.772","predicted"
"diana_microt","MIMAT0022738","hsa-miR-548o-5p","LOX","4015","ENSG00000113083","0.772","predicted"
"diana_microt","MIMAT0022740","hsa-miR-548am-5p","LOX","4015","ENSG00000113083","0.772","predicted"
"diana_microt","MIMAT0005798","hsa-miR-1185-5p","LOX","4015","ENSG00000113083","0.772","predicted"
"diana_microt","MIMAT0015025","hsa-miR-3152-3p","LOX","4015","ENSG00000113083","0.772","predicted"
"diana_microt","MIMAT0004806","hsa-miR-548c-5p","LOX","4015","ENSG00000113083","0.772","predicted"
"diana_microt","MIMAT0018446","hsa-miR-548z","LOX","4015","ENSG00000113083","0.772","predicted"
"diana_microt","MIMAT0018938","hsa-miR-548ac","LOX","4015","ENSG00000113083","0.772","predicted"
"diana_microt","MIMAT0022723","hsa-miR-548h-3p","LOX","4015","ENSG00000113083","0.772","predicted"
"diana_microt","MIMAT0022738","hsa-miR-548o-5p","LOX","4015","ENSG00000113083","0.772","predicted"
"diana_microt","MIMAT0022740","hsa-miR-548am-5p","LOX","4015","ENSG00000113083","0.772","predicted"
"diana_microt","MIMAT0005798","hsa-miR-1185-5p","LOX","4015","ENSG00000113083","0.772","predicted"
"diana_microt","MIMAT0015025","hsa-miR-3152-3p","LOX","4015","ENSG00000113083","0.772","predicted"
"diana_microt","MIMAT0002855","hsa-miR-520d-5p","EDIL3","10085","ENSG00000164176","0.772","predicted"
"diana_microt","MIMAT0000510","hsa-miR-320a-3p","VCAN","1462","ENSG00000038427","0.772","predicted"
"diana_microt","MIMAT0000510","hsa-miR-320a-3p","VCAN","1462","ENSG00000038427","0.772","predicted"
"diana_microt","MIMAT0018995","hsa-miR-4468","ISM1","140862","ENSG00000101230","0.772","predicted"
"diana_microt","MIMAT0018995","hsa-miR-4468","ISM1","140862","ENSG00000101230","0.772","predicted"
"diana_microt","MIMAT0003231","hsa-miR-567","COL11A1","1301","ENSG00000060718","0.771","predicted"
"diana_microt","MIMAT0019742","hsa-miR-4666a-3p","COL11A1","1301","ENSG00000060718","0.771","predicted"
"diana_microt","MIMAT0003231","hsa-miR-567","COL11A1","1301","ENSG00000060718","0.771","predicted"
"diana_microt","MIMAT0019742","hsa-miR-4666a-3p","COL11A1","1301","ENSG00000060718","0.771","predicted"
"diana_microt","MIMAT0019029","hsa-miR-4494","INHBA","3624","ENSG00000122641","0.771","predicted"
"diana_microt","MIMAT0022278","hsa-miR-548at-3p","INHBA","3624","ENSG00000122641","0.771","predicted"
"diana_microt","MIMAT0019742","hsa-miR-4666a-3p","INHBA","3624","ENSG00000122641","0.771","predicted"
"diana_microt","MIMAT0019029","hsa-miR-4494","INHBA","3624","ENSG00000122641","0.771","predicted"
"diana_microt","MIMAT0022278","hsa-miR-548at-3p","INHBA","3624","ENSG00000122641","0.771","predicted"
"diana_microt","MIMAT0019742","hsa-miR-4666a-3p","INHBA","3624","ENSG00000122641","0.771","predicted"
"diana_microt","MIMAT0003271","hsa-miR-603","THBS3","7059","ENSG00000169231","0.771","predicted"
"diana_microt","MIMAT0005792","hsa-miR-320b","VCAN","1462","ENSG00000038427","0.771","predicted"
"diana_microt","MIMAT0005792","hsa-miR-320b","VCAN","1462","ENSG00000038427","0.771","predicted"
"diana_microt","MIMAT0019787","hsa-miR-4694-3p","COL8A1","1295","ENSG00000144810","0.771","predicted"
"diana_microt","MIMAT0003251","hsa-miR-548a-3p","COL8A1","1295","ENSG00000144810","0.771","predicted"
"diana_microt","MIMAT0000683","hsa-miR-302a-5p","COL11A1","1301","ENSG00000060718","0.77","predicted"
"diana_microt","MIMAT0004481","hsa-let-7a-3p","COL11A1","1301","ENSG00000060718","0.77","predicted"
"diana_microt","MIMAT0000683","hsa-miR-302a-5p","COL11A1","1301","ENSG00000060718","0.77","predicted"
"diana_microt","MIMAT0004481","hsa-let-7a-3p","COL11A1","1301","ENSG00000060718","0.77","predicted"
"diana_microt","MIMAT0005935","hsa-miR-548i","INHBA","3624","ENSG00000122641","0.77","predicted"
"diana_microt","MIMAT0022268","hsa-miR-548as-3p","INHBA","3624","ENSG00000122641","0.77","predicted"
"diana_microt","MIMAT0003298","hsa-miR-629-3p","INHBA","3624","ENSG00000122641","0.77","predicted"
"diana_microt","MIMAT0005935","hsa-miR-548i","INHBA","3624","ENSG00000122641","0.77","predicted"
"diana_microt","MIMAT0022268","hsa-miR-548as-3p","INHBA","3624","ENSG00000122641","0.77","predicted"
"diana_microt","MIMAT0003298","hsa-miR-629-3p","INHBA","3624","ENSG00000122641","0.77","predicted"
"diana_microt","MIMAT0019834","hsa-miR-4720-3p","LOX","4015","ENSG00000113083","0.77","predicted"
"diana_microt","MIMAT0019834","hsa-miR-4720-3p","LOX","4015","ENSG00000113083","0.77","predicted"
"diana_microt","MIMAT0004486","hsa-let-7f-1-3p","EDIL3","10085","ENSG00000164176","0.77","predicted"
"diana_microt","MIMAT0018001","hsa-miR-3620-3p","COL3A1","1281","ENSG00000168542","0.769","predicted"
"diana_microt","MIMAT0002171","hsa-miR-410-3p","COL11A1","1301","ENSG00000060718","0.769","predicted"
"diana_microt","MIMAT0002171","hsa-miR-410-3p","COL11A1","1301","ENSG00000060718","0.769","predicted"
"diana_microt","MIMAT0000261","hsa-miR-183-5p","FN1","2335","ENSG00000115414","0.769","predicted"
"diana_microt","MIMAT0000261","hsa-miR-183-5p","FN1","2335","ENSG00000115414","0.769","predicted"
"diana_microt","MIMAT0021085","hsa-miR-5093","INHBA","3624","ENSG00000122641","0.769","predicted"
"diana_microt","MIMAT0021085","hsa-miR-5093","INHBA","3624","ENSG00000122641","0.769","predicted"
"diana_microt","MIMAT0005955","hsa-miR-1197","THBS3","7059","ENSG00000169231","0.769","predicted"
"diana_microt","MIMAT0004701","hsa-miR-338-5p","EDIL3","10085","ENSG00000164176","0.769","predicted"
"diana_microt","MIMAT0019706","hsa-miR-4645-3p","EDIL3","10085","ENSG00000164176","0.769","predicted"
"diana_microt","MIMAT0019732","hsa-miR-4662a-3p","COL8A1","1295","ENSG00000144810","0.769","predicted"
"diana_microt","MIMAT0000081","hsa-miR-25-3p","COL11A1","1301","ENSG00000060718","0.768","predicted"
"diana_microt","MIMAT0000081","hsa-miR-25-3p","COL11A1","1301","ENSG00000060718","0.768","predicted"
"diana_microt","MIMAT0018095","hsa-miR-3672","LOX","4015","ENSG00000113083","0.768","predicted"
"diana_microt","MIMAT0018095","hsa-miR-3672","LOX","4015","ENSG00000113083","0.768","predicted"
"diana_microt","MIMAT0000244","hsa-miR-30c-5p","EDIL3","10085","ENSG00000164176","0.768","predicted"
"diana_microt","MIMAT0016920","hsa-miR-4289","VCAN","1462","ENSG00000038427","0.768","predicted"
"diana_microt","MIMAT0018944","hsa-miR-4429","VCAN","1462","ENSG00000038427","0.768","predicted"
"diana_microt","MIMAT0016920","hsa-miR-4289","VCAN","1462","ENSG00000038427","0.768","predicted"
"diana_microt","MIMAT0018944","hsa-miR-4429","VCAN","1462","ENSG00000038427","0.768","predicted"
"diana_microt","MIMAT0000751","hsa-miR-330-3p","FN1","2335","ENSG00000115414","0.767","predicted"
"diana_microt","MIMAT0000751","hsa-miR-330-3p","FN1","2335","ENSG00000115414","0.767","predicted"
"diana_microt","MIMAT0022277","hsa-miR-548at-5p","INHBA","3624","ENSG00000122641","0.767","predicted"
"diana_microt","MIMAT0022277","hsa-miR-548at-5p","INHBA","3624","ENSG00000122641","0.767","predicted"
"diana_microt","MIMAT0003252","hsa-miR-586","LOX","4015","ENSG00000113083","0.767","predicted"
"diana_microt","MIMAT0004674","hsa-miR-30c-1-3p","LOX","4015","ENSG00000113083","0.767","predicted"
"diana_microt","MIMAT0003252","hsa-miR-586","LOX","4015","ENSG00000113083","0.767","predicted"
"diana_microt","MIMAT0004674","hsa-miR-30c-1-3p","LOX","4015","ENSG00000113083","0.767","predicted"
"diana_microt","MIMAT0019891","hsa-miR-4753-3p","EDIL3","10085","ENSG00000164176","0.767","predicted"
"diana_microt","MIMAT0003223","hsa-miR-559","VCAN","1462","ENSG00000038427","0.767","predicted"
"diana_microt","MIMAT0003316","hsa-miR-646","VCAN","1462","ENSG00000038427","0.767","predicted"
"diana_microt","MIMAT0003223","hsa-miR-559","VCAN","1462","ENSG00000038427","0.767","predicted"
"diana_microt","MIMAT0003316","hsa-miR-646","VCAN","1462","ENSG00000038427","0.767","predicted"
"diana_microt","MIMAT0015060","hsa-miR-548w","COL8A1","1295","ENSG00000144810","0.767","predicted"
"diana_microt","MIMAT0015072","hsa-miR-320e","FN1","2335","ENSG00000115414","0.766","predicted"
"diana_microt","MIMAT0015072","hsa-miR-320e","FN1","2335","ENSG00000115414","0.766","predicted"
"diana_microt","MIMAT0004489","hsa-miR-16-1-3p","LOX","4015","ENSG00000113083","0.766","predicted"
"diana_microt","MIMAT0004489","hsa-miR-16-1-3p","LOX","4015","ENSG00000113083","0.766","predicted"
"diana_microt","MIMAT0019759","hsa-miR-4676-3p","THBS3","7059","ENSG00000169231","0.766","predicted"
"diana_microt","MIMAT0000420","hsa-miR-30b-5p","EDIL3","10085","ENSG00000164176","0.766","predicted"
"diana_microt","MIMAT0005902","hsa-miR-1250-5p","VCAN","1462","ENSG00000038427","0.766","predicted"
"diana_microt","MIMAT0005902","hsa-miR-1250-5p","VCAN","1462","ENSG00000038427","0.766","predicted"
"diana_microt","MIMAT0000720","hsa-miR-376c-3p","COL8A1","1295","ENSG00000144810","0.766","predicted"
"diana_microt","MIMAT0005928","hsa-miR-548h-5p","INHBA","3624","ENSG00000122641","0.765","predicted"
"diana_microt","MIMAT0005928","hsa-miR-548h-5p","INHBA","3624","ENSG00000122641","0.765","predicted"
"diana_microt","MIMAT0004921","hsa-miR-889-3p","EDIL3","10085","ENSG00000164176","0.765","predicted"
"diana_microt","MIMAT0005917","hsa-miR-548m","EDIL3","10085","ENSG00000164176","0.765","predicted"
"diana_microt","MIMAT0004481","hsa-let-7a-3p","EDIL3","10085","ENSG00000164176","0.765","predicted"
"diana_microt","MIMAT0015050","hsa-miR-323b-3p","VCAN","1462","ENSG00000038427","0.765","predicted"
"diana_microt","MIMAT0015050","hsa-miR-323b-3p","VCAN","1462","ENSG00000038427","0.765","predicted"
"diana_microt","MIMAT0004692","hsa-miR-340-5p","COL8A1","1295","ENSG00000144810","0.765","predicted"
"diana_microt","MIMAT0022304","hsa-miR-548av-3p","ISM1","140862","ENSG00000101230","0.765","predicted"
"diana_microt","MIMAT0022304","hsa-miR-548av-3p","ISM1","140862","ENSG00000101230","0.765","predicted"
"diana_microt","MIMAT0003945","hsa-miR-765","COL3A1","1281","ENSG00000168542","0.764","predicted"
"diana_microt","MIMAT0000724","hsa-miR-372-3p","INHBA","3624","ENSG00000122641","0.764","predicted"
"diana_microt","MIMAT0005875","hsa-miR-548j-5p","INHBA","3624","ENSG00000122641","0.764","predicted"
"diana_microt","MIMAT0018354","hsa-miR-548y","INHBA","3624","ENSG00000122641","0.764","predicted"
"diana_microt","MIMAT0000724","hsa-miR-372-3p","INHBA","3624","ENSG00000122641","0.764","predicted"
"diana_microt","MIMAT0005875","hsa-miR-548j-5p","INHBA","3624","ENSG00000122641","0.764","predicted"
"diana_microt","MIMAT0018354","hsa-miR-548y","INHBA","3624","ENSG00000122641","0.764","predicted"
"diana_microt","MIMAT0003320","hsa-miR-650","VCAN","1462","ENSG00000038427","0.764","predicted"
"diana_microt","MIMAT0022263","hsa-miR-548aq-5p","VCAN","1462","ENSG00000038427","0.764","predicted"
"diana_microt","MIMAT0003320","hsa-miR-650","VCAN","1462","ENSG00000038427","0.764","predicted"
"diana_microt","MIMAT0022263","hsa-miR-548aq-5p","VCAN","1462","ENSG00000038427","0.764","predicted"
"diana_microt","MIMAT0000227","hsa-miR-197-3p","COL11A1","1301","ENSG00000060718","0.763","predicted"
"diana_microt","MIMAT0000227","hsa-miR-197-3p","COL11A1","1301","ENSG00000060718","0.763","predicted"
"diana_microt","MIMAT0005877","hsa-miR-1286","FN1","2335","ENSG00000115414","0.763","predicted"
"diana_microt","MIMAT0005877","hsa-miR-1286","FN1","2335","ENSG00000115414","0.763","predicted"
"diana_microt","MIMAT0022267","hsa-miR-548as-5p","INHBA","3624","ENSG00000122641","0.763","predicted"
"diana_microt","MIMAT0022267","hsa-miR-548as-5p","INHBA","3624","ENSG00000122641","0.763","predicted"
"diana_microt","MIMAT0004803","hsa-miR-548a-5p","LOX","4015","ENSG00000113083","0.763","predicted"
"diana_microt","MIMAT0002810","hsa-miR-202-5p","LOX","4015","ENSG00000113083","0.763","predicted"
"diana_microt","MIMAT0005949","hsa-miR-664a-3p","LOX","4015","ENSG00000113083","0.763","predicted"
"diana_microt","MIMAT0004803","hsa-miR-548a-5p","LOX","4015","ENSG00000113083","0.763","predicted"
"diana_microt","MIMAT0002810","hsa-miR-202-5p","LOX","4015","ENSG00000113083","0.763","predicted"
"diana_microt","MIMAT0005949","hsa-miR-664a-3p","LOX","4015","ENSG00000113083","0.763","predicted"
"diana_microt","MIMAT0018085","hsa-miR-3663-3p","THBS3","7059","ENSG00000169231","0.763","predicted"
"diana_microt","MIMAT0000419","hsa-miR-27b-3p","EDIL3","10085","ENSG00000164176","0.763","predicted"
"diana_microt","MIMAT0015022","hsa-miR-3149","COL8A1","1295","ENSG00000144810","0.763","predicted"
"diana_microt","MIMAT0003300","hsa-miR-631","COL11A1","1301","ENSG00000060718","0.762","predicted"
"diana_microt","MIMAT0019759","hsa-miR-4676-3p","COL11A1","1301","ENSG00000060718","0.762","predicted"
"diana_microt","MIMAT0003300","hsa-miR-631","COL11A1","1301","ENSG00000060718","0.762","predicted"
"diana_microt","MIMAT0019759","hsa-miR-4676-3p","COL11A1","1301","ENSG00000060718","0.762","predicted"
"diana_microt","MIMAT0015037","hsa-miR-3163","FN1","2335","ENSG00000115414","0.762","predicted"
"diana_microt","MIMAT0016869","hsa-miR-4318","FN1","2335","ENSG00000115414","0.762","predicted"
"diana_microt","MIMAT0015037","hsa-miR-3163","FN1","2335","ENSG00000115414","0.762","predicted"
"diana_microt","MIMAT0016869","hsa-miR-4318","FN1","2335","ENSG00000115414","0.762","predicted"
"diana_microt","MIMAT0021037","hsa-miR-548ap-5p","INHBA","3624","ENSG00000122641","0.762","predicted"
"diana_microt","MIMAT0021037","hsa-miR-548ap-5p","INHBA","3624","ENSG00000122641","0.762","predicted"
"diana_microt","MIMAT0022280","hsa-miR-5582-3p","LOX","4015","ENSG00000113083","0.762","predicted"
"diana_microt","MIMAT0022280","hsa-miR-5582-3p","LOX","4015","ENSG00000113083","0.762","predicted"
"diana_microt","MIMAT0005592","hsa-miR-1237-3p","COMP","1311","ENSG00000105664","0.762","predicted"
"diana_microt","MIMAT0019796","hsa-miR-4700-5p","COMP","1311","ENSG00000105664","0.762","predicted"
"diana_microt","MIMAT0005592","hsa-miR-1237-3p","COMP","1311","ENSG00000105664","0.762","predicted"
"diana_microt","MIMAT0019796","hsa-miR-4700-5p","COMP","1311","ENSG00000105664","0.762","predicted"
"diana_microt","MIMAT0021023","hsa-miR-5002-5p","ISM1","140862","ENSG00000101230","0.762","predicted"
"diana_microt","MIMAT0021023","hsa-miR-5002-5p","ISM1","140862","ENSG00000101230","0.762","predicted"
"diana_microt","MIMAT0004567","hsa-miR-219a-1-3p","COL11A1","1301","ENSG00000060718","0.761","predicted"
"diana_microt","MIMAT0004567","hsa-miR-219a-1-3p","COL11A1","1301","ENSG00000060718","0.761","predicted"
"diana_microt","MIMAT0018187","hsa-miR-3913-5p","LOX","4015","ENSG00000113083","0.761","predicted"
"diana_microt","MIMAT0018187","hsa-miR-3913-5p","LOX","4015","ENSG00000113083","0.761","predicted"
"diana_microt","MIMAT0004807","hsa-miR-624-3p","EDIL3","10085","ENSG00000164176","0.761","predicted"
"diana_microt","MIMAT0002879","hsa-miR-507","ISM1","140862","ENSG00000101230","0.761","predicted"
"diana_microt","MIMAT0002879","hsa-miR-507","ISM1","140862","ENSG00000101230","0.761","predicted"
"diana_microt","MIMAT0000096","hsa-miR-98-5p","COL11A1","1301","ENSG00000060718","0.76","predicted"
"diana_microt","MIMAT0000414","hsa-let-7g-5p","COL11A1","1301","ENSG00000060718","0.76","predicted"
"diana_microt","MIMAT0000096","hsa-miR-98-5p","COL11A1","1301","ENSG00000060718","0.76","predicted"
"diana_microt","MIMAT0000414","hsa-let-7g-5p","COL11A1","1301","ENSG00000060718","0.76","predicted"
"diana_microt","MIMAT0017995","hsa-miR-3616-5p","FN1","2335","ENSG00000115414","0.76","predicted"
"diana_microt","MIMAT0017995","hsa-miR-3616-5p","FN1","2335","ENSG00000115414","0.76","predicted"
"diana_microt","MIMAT0004809","hsa-miR-628-5p","INHBA","3624","ENSG00000122641","0.76","predicted"
"diana_microt","MIMAT0022265","hsa-miR-548ar-5p","INHBA","3624","ENSG00000122641","0.76","predicted"
"diana_microt","MIMAT0004809","hsa-miR-628-5p","INHBA","3624","ENSG00000122641","0.76","predicted"
"diana_microt","MIMAT0022265","hsa-miR-548ar-5p","INHBA","3624","ENSG00000122641","0.76","predicted"
"diana_microt","MIMAT0000084","hsa-miR-27a-3p","EDIL3","10085","ENSG00000164176","0.76","predicted"
"diana_microt","MIMAT0003253","hsa-miR-587","COL8A1","1295","ENSG00000144810","0.76","predicted"
"diana_microt","MIMAT0002855","hsa-miR-520d-5p","COL8A1","1295","ENSG00000144810","0.76","predicted"
"diana_microt","MIMAT0018971","hsa-miR-4450","ISM1","140862","ENSG00000101230","0.76","predicted"
"diana_microt","MIMAT0018971","hsa-miR-4450","ISM1","140862","ENSG00000101230","0.76","predicted"
"diana_microt","MIMAT0004806","hsa-miR-548c-5p","INHBA","3624","ENSG00000122641","0.759","predicted"
"diana_microt","MIMAT0005869","hsa-miR-1205","INHBA","3624","ENSG00000122641","0.759","predicted"
"diana_microt","MIMAT0022291","hsa-miR-548au-5p","INHBA","3624","ENSG00000122641","0.759","predicted"
"diana_microt","MIMAT0022738","hsa-miR-548o-5p","INHBA","3624","ENSG00000122641","0.759","predicted"
"diana_microt","MIMAT0022740","hsa-miR-548am-5p","INHBA","3624","ENSG00000122641","0.759","predicted"
"diana_microt","MIMAT0004806","hsa-miR-548c-5p","INHBA","3624","ENSG00000122641","0.759","predicted"
"diana_microt","MIMAT0005869","hsa-miR-1205","INHBA","3624","ENSG00000122641","0.759","predicted"
"diana_microt","MIMAT0022291","hsa-miR-548au-5p","INHBA","3624","ENSG00000122641","0.759","predicted"
"diana_microt","MIMAT0022738","hsa-miR-548o-5p","INHBA","3624","ENSG00000122641","0.759","predicted"
"diana_microt","MIMAT0022740","hsa-miR-548am-5p","INHBA","3624","ENSG00000122641","0.759","predicted"
"diana_microt","MIMAT0019706","hsa-miR-4645-3p","LOX","4015","ENSG00000113083","0.759","predicted"
"diana_microt","MIMAT0019891","hsa-miR-4753-3p","LOX","4015","ENSG00000113083","0.759","predicted"
"diana_microt","MIMAT0000727","hsa-miR-374a-5p","LOX","4015","ENSG00000113083","0.759","predicted"
"diana_microt","MIMAT0004549","hsa-miR-148a-5p","LOX","4015","ENSG00000113083","0.759","predicted"
"diana_microt","MIMAT0019706","hsa-miR-4645-3p","LOX","4015","ENSG00000113083","0.759","predicted"
"diana_microt","MIMAT0019891","hsa-miR-4753-3p","LOX","4015","ENSG00000113083","0.759","predicted"
"diana_microt","MIMAT0000727","hsa-miR-374a-5p","LOX","4015","ENSG00000113083","0.759","predicted"
"diana_microt","MIMAT0004549","hsa-miR-148a-5p","LOX","4015","ENSG00000113083","0.759","predicted"
"diana_microt","MIMAT0018095","hsa-miR-3672","EDIL3","10085","ENSG00000164176","0.759","predicted"
"diana_microt","MIMAT0015042","hsa-miR-3167","VCAN","1462","ENSG00000038427","0.759","predicted"
"diana_microt","MIMAT0015042","hsa-miR-3167","VCAN","1462","ENSG00000038427","0.759","predicted"
"diana_microt","MIMAT0000686","hsa-miR-34c-5p","EDIL3","10085","ENSG00000164176","0.758","predicted"
"diana_microt","MIMAT0004514","hsa-miR-29b-1-5p","EDIL3","10085","ENSG00000164176","0.758","predicted"
"diana_microt","MIMAT0019969","hsa-miR-4795-3p","VCAN","1462","ENSG00000038427","0.758","predicted"
"diana_microt","MIMAT0019969","hsa-miR-4795-3p","VCAN","1462","ENSG00000038427","0.758","predicted"
"diana_microt","MIMAT0015037","hsa-miR-3163","COL3A1","1281","ENSG00000168542","0.757","predicted"
"diana_microt","MIMAT0019878","hsa-miR-4745-5p","INHBA","3624","ENSG00000122641","0.757","predicted"
"diana_microt","MIMAT0004690","hsa-miR-379-3p","INHBA","3624","ENSG00000122641","0.757","predicted"
"diana_microt","MIMAT0015009","hsa-miR-548t-5p","INHBA","3624","ENSG00000122641","0.757","predicted"
"diana_microt","MIMAT0019878","hsa-miR-4745-5p","INHBA","3624","ENSG00000122641","0.757","predicted"
"diana_microt","MIMAT0004690","hsa-miR-379-3p","INHBA","3624","ENSG00000122641","0.757","predicted"
"diana_microt","MIMAT0015009","hsa-miR-548t-5p","INHBA","3624","ENSG00000122641","0.757","predicted"
"diana_microt","MIMAT0014988","hsa-miR-3125","LOX","4015","ENSG00000113083","0.757","predicted"
"diana_microt","MIMAT0022265","hsa-miR-548ar-5p","LOX","4015","ENSG00000113083","0.757","predicted"
"diana_microt","MIMAT0022291","hsa-miR-548au-5p","LOX","4015","ENSG00000113083","0.757","predicted"
"diana_microt","MIMAT0022692","hsa-miR-181b-3p","LOX","4015","ENSG00000113083","0.757","predicted"
"diana_microt","MIMAT0000646","hsa-miR-155-5p","LOX","4015","ENSG00000113083","0.757","predicted"
"diana_microt","MIMAT0014988","hsa-miR-3125","LOX","4015","ENSG00000113083","0.757","predicted"
"diana_microt","MIMAT0022265","hsa-miR-548ar-5p","LOX","4015","ENSG00000113083","0.757","predicted"
"diana_microt","MIMAT0022291","hsa-miR-548au-5p","LOX","4015","ENSG00000113083","0.757","predicted"
"diana_microt","MIMAT0022692","hsa-miR-181b-3p","LOX","4015","ENSG00000113083","0.757","predicted"
"diana_microt","MIMAT0000646","hsa-miR-155-5p","LOX","4015","ENSG00000113083","0.757","predicted"
"diana_microt","MIMAT0019767","hsa-miR-4682","THBS3","7059","ENSG00000169231","0.757","predicted"
"diana_microt","MIMAT0009198","hsa-miR-224-3p","EDIL3","10085","ENSG00000164176","0.757","predicted"
"diana_microt","MIMAT0022472","hsa-miR-5683","COL8A1","1295","ENSG00000144810","0.757","predicted"
"diana_microt","MIMAT0002849","hsa-miR-524-5p","COL8A1","1295","ENSG00000144810","0.757","predicted"
"diana_microt","MIMAT0005932","hsa-miR-302f","ISM1","140862","ENSG00000101230","0.757","predicted"
"diana_microt","MIMAT0005932","hsa-miR-302f","ISM1","140862","ENSG00000101230","0.757","predicted"
"diana_microt","MIMAT0022277","hsa-miR-548at-5p","COL3A1","1281","ENSG00000168542","0.756","predicted"
"diana_microt","MIMAT0022838","hsa-miR-1185-1-3p","COL11A1","1301","ENSG00000060718","0.756","predicted"
"diana_microt","MIMAT0000067","hsa-let-7f-5p","COL11A1","1301","ENSG00000060718","0.756","predicted"
"diana_microt","MIMAT0022838","hsa-miR-1185-1-3p","COL11A1","1301","ENSG00000060718","0.756","predicted"
"diana_microt","MIMAT0000067","hsa-let-7f-5p","COL11A1","1301","ENSG00000060718","0.756","predicted"
"diana_microt","MIMAT0021024","hsa-miR-5002-3p","INHBA","3624","ENSG00000122641","0.756","predicted"
"diana_microt","MIMAT0022274","hsa-miR-5580-3p","INHBA","3624","ENSG00000122641","0.756","predicted"
"diana_microt","MIMAT0000683","hsa-miR-302a-5p","INHBA","3624","ENSG00000122641","0.756","predicted"
"diana_microt","MIMAT0021024","hsa-miR-5002-3p","INHBA","3624","ENSG00000122641","0.756","predicted"
"diana_microt","MIMAT0022274","hsa-miR-5580-3p","INHBA","3624","ENSG00000122641","0.756","predicted"
"diana_microt","MIMAT0000683","hsa-miR-302a-5p","INHBA","3624","ENSG00000122641","0.756","predicted"
"diana_microt","MIMAT0004978","hsa-miR-935","LOX","4015","ENSG00000113083","0.756","predicted"
"diana_microt","MIMAT0004978","hsa-miR-935","LOX","4015","ENSG00000113083","0.756","predicted"
"diana_microt","MIMAT0022713","hsa-miR-1185-2-3p","COL11A1","1301","ENSG00000060718","0.755","predicted"
"diana_microt","MIMAT0000444","hsa-miR-126-5p","COL11A1","1301","ENSG00000060718","0.755","predicted"
"diana_microt","MIMAT0022713","hsa-miR-1185-2-3p","COL11A1","1301","ENSG00000060718","0.755","predicted"
"diana_microt","MIMAT0000444","hsa-miR-126-5p","COL11A1","1301","ENSG00000060718","0.755","predicted"
"diana_microt","MIMAT0004693","hsa-miR-330-5p","INHBA","3624","ENSG00000122641","0.755","predicted"
"diana_microt","MIMAT0004693","hsa-miR-330-5p","INHBA","3624","ENSG00000122641","0.755","predicted"
"diana_microt","MIMAT0019708","hsa-miR-4646-3p","ISM1","140862","ENSG00000101230","0.755","predicted"
"diana_microt","MIMAT0014983","hsa-miR-3121-3p","ISM1","140862","ENSG00000101230","0.755","predicted"
"diana_microt","MIMAT0019078","hsa-miR-4536-5p","ISM1","140862","ENSG00000101230","0.755","predicted"
"diana_microt","MIMAT0019708","hsa-miR-4646-3p","ISM1","140862","ENSG00000101230","0.755","predicted"
"diana_microt","MIMAT0014983","hsa-miR-3121-3p","ISM1","140862","ENSG00000101230","0.755","predicted"
"diana_microt","MIMAT0019078","hsa-miR-4536-5p","ISM1","140862","ENSG00000101230","0.755","predicted"
"diana_microt","MIMAT0000062","hsa-let-7a-5p","COL11A1","1301","ENSG00000060718","0.754","predicted"
"diana_microt","MIMAT0000062","hsa-let-7a-5p","COL11A1","1301","ENSG00000060718","0.754","predicted"
"diana_microt","MIMAT0000721","hsa-miR-369-3p","EDIL3","10085","ENSG00000164176","0.754","predicted"
"diana_microt","MIMAT0018939","hsa-miR-4424","VCAN","1462","ENSG00000038427","0.754","predicted"
"diana_microt","MIMAT0019730","hsa-miR-4661-3p","VCAN","1462","ENSG00000038427","0.754","predicted"
"diana_microt","MIMAT0022493","hsa-miR-5700","VCAN","1462","ENSG00000038427","0.754","predicted"
"diana_microt","MIMAT0018939","hsa-miR-4424","VCAN","1462","ENSG00000038427","0.754","predicted"
"diana_microt","MIMAT0019730","hsa-miR-4661-3p","VCAN","1462","ENSG00000038427","0.754","predicted"
"diana_microt","MIMAT0022493","hsa-miR-5700","VCAN","1462","ENSG00000038427","0.754","predicted"
"diana_microt","MIMAT0006765","hsa-miR-1825","COL8A1","1295","ENSG00000144810","0.754","predicted"
"diana_microt","MIMAT0018357","hsa-miR-3941","COL8A1","1295","ENSG00000144810","0.754","predicted"
"diana_microt","MIMAT0000242","hsa-miR-129-5p","COL8A1","1295","ENSG00000144810","0.754","predicted"
"diana_microt","MIMAT0004680","hsa-miR-130b-5p","ISM1","140862","ENSG00000101230","0.754","predicted"
"diana_microt","MIMAT0004680","hsa-miR-130b-5p","ISM1","140862","ENSG00000101230","0.754","predicted"
"diana_microt","MIMAT0000226","hsa-miR-196a-5p","COL11A1","1301","ENSG00000060718","0.753","predicted"
"diana_microt","MIMAT0000415","hsa-let-7i-5p","COL11A1","1301","ENSG00000060718","0.753","predicted"
"diana_microt","MIMAT0000226","hsa-miR-196a-5p","COL11A1","1301","ENSG00000060718","0.753","predicted"
"diana_microt","MIMAT0000415","hsa-let-7i-5p","COL11A1","1301","ENSG00000060718","0.753","predicted"
"diana_microt","MIMAT0018354","hsa-miR-548y","LOX","4015","ENSG00000113083","0.753","predicted"
"diana_microt","MIMAT0018354","hsa-miR-548y","LOX","4015","ENSG00000113083","0.753","predicted"
"diana_microt","MIMAT0019362","hsa-miR-3977","EDIL3","10085","ENSG00000164176","0.753","predicted"
"diana_microt","MIMAT0015015","hsa-miR-3144-3p","COL11A1","1301","ENSG00000060718","0.752","predicted"
"diana_microt","MIMAT0019036","hsa-miR-4500","COL11A1","1301","ENSG00000060718","0.752","predicted"
"diana_microt","MIMAT0015048","hsa-miR-3173-3p","COL11A1","1301","ENSG00000060718","0.752","predicted"
"diana_microt","MIMAT0015015","hsa-miR-3144-3p","COL11A1","1301","ENSG00000060718","0.752","predicted"
"diana_microt","MIMAT0019036","hsa-miR-4500","COL11A1","1301","ENSG00000060718","0.752","predicted"
"diana_microt","MIMAT0015048","hsa-miR-3173-3p","COL11A1","1301","ENSG00000060718","0.752","predicted"
"diana_microt","MIMAT0003281","hsa-miR-613","FN1","2335","ENSG00000115414","0.752","predicted"
"diana_microt","MIMAT0003281","hsa-miR-613","FN1","2335","ENSG00000115414","0.752","predicted"
"diana_microt","MIMAT0019053","hsa-miR-4516","LOX","4015","ENSG00000113083","0.752","predicted"
"diana_microt","MIMAT0019053","hsa-miR-4516","LOX","4015","ENSG00000113083","0.752","predicted"
"diana_microt","MIMAT0016881","hsa-miR-4260","COMP","1311","ENSG00000105664","0.752","predicted"
"diana_microt","MIMAT0016881","hsa-miR-4260","COMP","1311","ENSG00000105664","0.752","predicted"
"diana_microt","MIMAT0022280","hsa-miR-5582-3p","VCAN","1462","ENSG00000038427","0.752","predicted"
"diana_microt","MIMAT0022280","hsa-miR-5582-3p","VCAN","1462","ENSG00000038427","0.752","predicted"
"diana_microt","MIMAT0004683","hsa-miR-362-3p","COL8A1","1295","ENSG00000144810","0.752","predicted"
"diana_microt","MIMAT0000064","hsa-let-7c-5p","COL11A1","1301","ENSG00000060718","0.751","predicted"
"diana_microt","MIMAT0000063","hsa-let-7b-5p","COL11A1","1301","ENSG00000060718","0.751","predicted"
"diana_microt","MIMAT0000064","hsa-let-7c-5p","COL11A1","1301","ENSG00000060718","0.751","predicted"
"diana_microt","MIMAT0000063","hsa-let-7b-5p","COL11A1","1301","ENSG00000060718","0.751","predicted"
"diana_microt","MIMAT0003252","hsa-miR-586","INHBA","3624","ENSG00000122641","0.751","predicted"
"diana_microt","MIMAT0022299","hsa-miR-5590-5p","INHBA","3624","ENSG00000122641","0.751","predicted"
"diana_microt","MIMAT0003252","hsa-miR-586","INHBA","3624","ENSG00000122641","0.751","predicted"
"diana_microt","MIMAT0022299","hsa-miR-5590-5p","INHBA","3624","ENSG00000122641","0.751","predicted"
"diana_microt","MIMAT0005916","hsa-miR-548n","LOX","4015","ENSG00000113083","0.751","predicted"
"diana_microt","MIMAT0021037","hsa-miR-548ap-5p","LOX","4015","ENSG00000113083","0.751","predicted"
"diana_microt","MIMAT0000103","hsa-miR-106a-5p","LOX","4015","ENSG00000113083","0.751","predicted"
"diana_microt","MIMAT0005916","hsa-miR-548n","LOX","4015","ENSG00000113083","0.751","predicted"
"diana_microt","MIMAT0021037","hsa-miR-548ap-5p","LOX","4015","ENSG00000113083","0.751","predicted"
"diana_microt","MIMAT0000103","hsa-miR-106a-5p","LOX","4015","ENSG00000113083","0.751","predicted"
"diana_microt","MIMAT0003324","hsa-miR-661","THBS3","7059","ENSG00000169231","0.751","predicted"
"diana_microt","MIMAT0000730","hsa-miR-377-3p","THBS3","7059","ENSG00000169231","0.751","predicted"
"diana_microt","MIMAT0019201","hsa-miR-3127-3p","EDIL3","10085","ENSG00000164176","0.751","predicted"
"diana_microt","MIMAT0000103","hsa-miR-106a-5p","EDIL3","10085","ENSG00000164176","0.751","predicted"
"diana_microt","MIMAT0019873","hsa-miR-4742-3p","COL8A1","1295","ENSG00000144810","0.751","predicted"
"diana_microt","MIMAT0019213","hsa-miR-3162-3p","ISM1","140862","ENSG00000101230","0.751","predicted"
"diana_microt","MIMAT0019213","hsa-miR-3162-3p","ISM1","140862","ENSG00000101230","0.751","predicted"
"diana_microt","MIMAT0019899","hsa-miR-4756-5p","COL3A1","1281","ENSG00000168542","0.75","predicted"
"diana_microt","MIMAT0020958","hsa-miR-4482-3p","COL11A1","1301","ENSG00000060718","0.75","predicted"
"diana_microt","MIMAT0003251","hsa-miR-548a-3p","COL11A1","1301","ENSG00000060718","0.75","predicted"
"diana_microt","MIMAT0020958","hsa-miR-4482-3p","COL11A1","1301","ENSG00000060718","0.75","predicted"
"diana_microt","MIMAT0003251","hsa-miR-548a-3p","COL11A1","1301","ENSG00000060718","0.75","predicted"
"diana_microt","MIMAT0016869","hsa-miR-4318","INHBA","3624","ENSG00000122641","0.75","predicted"
"diana_microt","MIMAT0016869","hsa-miR-4318","INHBA","3624","ENSG00000122641","0.75","predicted"
"diana_microt","MIMAT0000242","hsa-miR-129-5p","LOX","4015","ENSG00000113083","0.75","predicted"
"diana_microt","MIMAT0000242","hsa-miR-129-5p","LOX","4015","ENSG00000113083","0.75","predicted"
"diana_microt","MIMAT0003888","hsa-miR-766-3p","ISM1","140862","ENSG00000101230","0.75","predicted"
"diana_microt","MIMAT0003888","hsa-miR-766-3p","ISM1","140862","ENSG00000101230","0.75","predicted"
"diana_microt","MIMAT0015000","hsa-miR-3134","COL11A1","1301","ENSG00000060718","0.749","predicted"
"diana_microt","MIMAT0019044","hsa-miR-4507","COL11A1","1301","ENSG00000060718","0.749","predicted"
"diana_microt","MIMAT0015000","hsa-miR-3134","COL11A1","1301","ENSG00000060718","0.749","predicted"
"diana_microt","MIMAT0019044","hsa-miR-4507","COL11A1","1301","ENSG00000060718","0.749","predicted"
"diana_microt","MIMAT0005800","hsa-miR-1298-5p","INHBA","3624","ENSG00000122641","0.749","predicted"
"diana_microt","MIMAT0018928","hsa-miR-548ab","INHBA","3624","ENSG00000122641","0.749","predicted"
"diana_microt","MIMAT0000416","hsa-miR-1-3p","INHBA","3624","ENSG00000122641","0.749","predicted"
"diana_microt","MIMAT0005800","hsa-miR-1298-5p","INHBA","3624","ENSG00000122641","0.749","predicted"
"diana_microt","MIMAT0018928","hsa-miR-548ab","INHBA","3624","ENSG00000122641","0.749","predicted"
"diana_microt","MIMAT0000416","hsa-miR-1-3p","INHBA","3624","ENSG00000122641","0.749","predicted"
"diana_microt","MIMAT0022494","hsa-miR-5701","LOX","4015","ENSG00000113083","0.749","predicted"
"diana_microt","MIMAT0022494","hsa-miR-5701","LOX","4015","ENSG00000113083","0.749","predicted"
"diana_microt","MIMAT0018190","hsa-miR-3916","COL3A1","1281","ENSG00000168542","0.748","predicted"
"diana_microt","MIMAT0000250","hsa-miR-139-5p","COL11A1","1301","ENSG00000060718","0.748","predicted"
"diana_microt","MIMAT0000250","hsa-miR-139-5p","COL11A1","1301","ENSG00000060718","0.748","predicted"
"diana_microt","MIMAT0018928","hsa-miR-548ab","LOX","4015","ENSG00000113083","0.748","predicted"
"diana_microt","MIMAT0018928","hsa-miR-548ab","LOX","4015","ENSG00000113083","0.748","predicted"
"diana_microt","MIMAT0020601","hsa-miR-1273f","EDIL3","10085","ENSG00000164176","0.748","predicted"
"diana_microt","MIMAT0001629","hsa-miR-329-3p","COL8A1","1295","ENSG00000144810","0.748","predicted"
"diana_microt","MIMAT0005907","hsa-miR-1256","COL11A1","1301","ENSG00000060718","0.747","predicted"
"diana_microt","MIMAT0005907","hsa-miR-1256","COL11A1","1301","ENSG00000060718","0.747","predicted"
"diana_microt","MIMAT0005893","hsa-miR-1305","FN1","2335","ENSG00000115414","0.747","predicted"
"diana_microt","MIMAT0005893","hsa-miR-1305","FN1","2335","ENSG00000115414","0.747","predicted"
"diana_microt","MIMAT0004798","hsa-miR-548b-5p","INHBA","3624","ENSG00000122641","0.747","predicted"
"diana_microt","MIMAT0004812","hsa-miR-548d-5p","INHBA","3624","ENSG00000122641","0.747","predicted"
"diana_microt","MIMAT0005895","hsa-miR-548f-3p","INHBA","3624","ENSG00000122641","0.747","predicted"
"diana_microt","MIMAT0004798","hsa-miR-548b-5p","INHBA","3624","ENSG00000122641","0.747","predicted"
"diana_microt","MIMAT0004812","hsa-miR-548d-5p","INHBA","3624","ENSG00000122641","0.747","predicted"
"diana_microt","MIMAT0005895","hsa-miR-548f-3p","INHBA","3624","ENSG00000122641","0.747","predicted"
"diana_microt","MIMAT0022275","hsa-miR-5581-5p","COL3A1","1281","ENSG00000168542","0.746","predicted"
"diana_microt","MIMAT0003285","hsa-miR-548c-3p","COL3A1","1281","ENSG00000168542","0.746","predicted"
"diana_microt","MIMAT0009977","hsa-miR-2052","COL11A1","1301","ENSG00000060718","0.746","predicted"
"diana_microt","MIMAT0009977","hsa-miR-2052","COL11A1","1301","ENSG00000060718","0.746","predicted"
"diana_microt","MIMAT0019851","hsa-miR-4729","FN1","2335","ENSG00000115414","0.746","predicted"
"diana_microt","MIMAT0000420","hsa-miR-30b-5p","FN1","2335","ENSG00000115414","0.746","predicted"
"diana_microt","MIMAT0019851","hsa-miR-4729","FN1","2335","ENSG00000115414","0.746","predicted"
"diana_microt","MIMAT0000420","hsa-miR-30b-5p","FN1","2335","ENSG00000115414","0.746","predicted"
"diana_microt","MIMAT0005956","hsa-miR-1324","INHBA","3624","ENSG00000122641","0.746","predicted"
"diana_microt","MIMAT0019812","hsa-miR-4709-3p","INHBA","3624","ENSG00000122641","0.746","predicted"
"diana_microt","MIMAT0004813","hsa-miR-411-3p","INHBA","3624","ENSG00000122641","0.746","predicted"
"diana_microt","MIMAT0005919","hsa-miR-548o-3p","INHBA","3624","ENSG00000122641","0.746","predicted"
"diana_microt","MIMAT0005956","hsa-miR-1324","INHBA","3624","ENSG00000122641","0.746","predicted"
"diana_microt","MIMAT0019812","hsa-miR-4709-3p","INHBA","3624","ENSG00000122641","0.746","predicted"
"diana_microt","MIMAT0004813","hsa-miR-411-3p","INHBA","3624","ENSG00000122641","0.746","predicted"
"diana_microt","MIMAT0005919","hsa-miR-548o-3p","INHBA","3624","ENSG00000122641","0.746","predicted"
"diana_microt","MIMAT0018188","hsa-miR-3914","LOX","4015","ENSG00000113083","0.746","predicted"
"diana_microt","MIMAT0021023","hsa-miR-5002-5p","LOX","4015","ENSG00000113083","0.746","predicted"
"diana_microt","MIMAT0018188","hsa-miR-3914","LOX","4015","ENSG00000113083","0.746","predicted"
"diana_microt","MIMAT0021023","hsa-miR-5002-5p","LOX","4015","ENSG00000113083","0.746","predicted"
"diana_microt","MIMAT0016871","hsa-miR-4320","EDIL3","10085","ENSG00000164176","0.746","predicted"
"diana_microt","MIMAT0022483","hsa-miR-5691","COL3A1","1281","ENSG00000168542","0.745","predicted"
"diana_microt","MIMAT0000456","hsa-miR-186-5p","COL3A1","1281","ENSG00000168542","0.745","predicted"
"diana_microt","MIMAT0019742","hsa-miR-4666a-3p","COL3A1","1281","ENSG00000168542","0.745","predicted"
"diana_microt","MIMAT0000244","hsa-miR-30c-5p","FN1","2335","ENSG00000115414","0.745","predicted"
"diana_microt","MIMAT0015016","hsa-miR-3145-3p","FN1","2335","ENSG00000115414","0.745","predicted"
"diana_microt","MIMAT0000244","hsa-miR-30c-5p","FN1","2335","ENSG00000115414","0.745","predicted"
"diana_microt","MIMAT0015016","hsa-miR-3145-3p","FN1","2335","ENSG00000115414","0.745","predicted"
"diana_microt","MIMAT0015081","hsa-miR-548x-3p","LOX","4015","ENSG00000113083","0.745","predicted"
"diana_microt","MIMAT0018990","hsa-miR-548aj-3p","LOX","4015","ENSG00000113083","0.745","predicted"
"diana_microt","MIMAT0015081","hsa-miR-548x-3p","LOX","4015","ENSG00000113083","0.745","predicted"
"diana_microt","MIMAT0018990","hsa-miR-548aj-3p","LOX","4015","ENSG00000113083","0.745","predicted"
"diana_microt","MIMAT0019749","hsa-miR-4669","COMP","1311","ENSG00000105664","0.745","predicted"
"diana_microt","MIMAT0019749","hsa-miR-4669","COMP","1311","ENSG00000105664","0.745","predicted"
"diana_microt","MIMAT0016875","hsa-miR-4323","COL3A1","1281","ENSG00000168542","0.744","predicted"
"diana_microt","MIMAT0005882","hsa-miR-548k","COL11A1","1301","ENSG00000060718","0.744","predicted"
"diana_microt","MIMAT0016926","hsa-miR-4328","COL11A1","1301","ENSG00000060718","0.744","predicted"
"diana_microt","MIMAT0005882","hsa-miR-548k","COL11A1","1301","ENSG00000060718","0.744","predicted"
"diana_microt","MIMAT0016926","hsa-miR-4328","COL11A1","1301","ENSG00000060718","0.744","predicted"
"diana_microt","MIMAT0005797","hsa-miR-1301-3p","FN1","2335","ENSG00000115414","0.744","predicted"
"diana_microt","MIMAT0005797","hsa-miR-1301-3p","FN1","2335","ENSG00000115414","0.744","predicted"
"diana_microt","MIMAT0005875","hsa-miR-548j-5p","LOX","4015","ENSG00000113083","0.744","predicted"
"diana_microt","MIMAT0005875","hsa-miR-548j-5p","LOX","4015","ENSG00000113083","0.744","predicted"
"diana_microt","MIMAT0014998","hsa-miR-3133","EDIL3","10085","ENSG00000164176","0.744","predicted"
"diana_microt","MIMAT0018185","hsa-miR-3911","COL8A1","1295","ENSG00000144810","0.744","predicted"
"diana_microt","MIMAT0002825","hsa-miR-520e-3p","ISM1","140862","ENSG00000101230","0.744","predicted"
"diana_microt","MIMAT0002825","hsa-miR-520e-3p","ISM1","140862","ENSG00000101230","0.744","predicted"
"diana_microt","MIMAT0014981","hsa-miR-3119","COL3A1","1281","ENSG00000168542","0.743","predicted"
"diana_microt","MIMAT0002855","hsa-miR-520d-5p","COL3A1","1281","ENSG00000168542","0.743","predicted"
"diana_microt","MIMAT0000087","hsa-miR-30a-5p","FN1","2335","ENSG00000115414","0.743","predicted"
"diana_microt","MIMAT0000245","hsa-miR-30d-5p","FN1","2335","ENSG00000115414","0.743","predicted"
"diana_microt","MIMAT0000087","hsa-miR-30a-5p","FN1","2335","ENSG00000115414","0.743","predicted"
"diana_microt","MIMAT0000245","hsa-miR-30d-5p","FN1","2335","ENSG00000115414","0.743","predicted"
"diana_microt","MIMAT0000462","hsa-miR-206","INHBA","3624","ENSG00000122641","0.743","predicted"
"diana_microt","MIMAT0000462","hsa-miR-206","INHBA","3624","ENSG00000122641","0.743","predicted"
"diana_microt","MIMAT0005928","hsa-miR-548h-5p","LOX","4015","ENSG00000113083","0.743","predicted"
"diana_microt","MIMAT0005928","hsa-miR-548h-5p","LOX","4015","ENSG00000113083","0.743","predicted"
"diana_microt","MIMAT0018350","hsa-miR-3935","EDIL3","10085","ENSG00000164176","0.743","predicted"
"diana_microt","MIMAT0016868","hsa-miR-4314","COMP","1311","ENSG00000105664","0.743","predicted"
"diana_microt","MIMAT0016868","hsa-miR-4314","COMP","1311","ENSG00000105664","0.743","predicted"
"diana_microt","MIMAT0018972","hsa-miR-548ah-5p","COL3A1","1281","ENSG00000168542","0.742","predicted"
"diana_microt","MIMAT0019906","hsa-miR-4760-5p","COL11A1","1301","ENSG00000060718","0.742","predicted"
"diana_microt","MIMAT0019906","hsa-miR-4760-5p","COL11A1","1301","ENSG00000060718","0.742","predicted"
"diana_microt","MIMAT0018205","hsa-miR-3928-3p","COL3A1","1281","ENSG00000168542","0.741","predicted"
"diana_microt","MIMAT0004596","hsa-miR-138-2-3p","COL3A1","1281","ENSG00000168542","0.741","predicted"
"diana_microt","MIMAT0004490","hsa-miR-19a-5p","COL11A1","1301","ENSG00000060718","0.741","predicted"
"diana_microt","MIMAT0004490","hsa-miR-19a-5p","COL11A1","1301","ENSG00000060718","0.741","predicted"
"diana_microt","MIMAT0020541","hsa-miR-5047","FN1","2335","ENSG00000115414","0.741","predicted"
"diana_microt","MIMAT0020541","hsa-miR-5047","FN1","2335","ENSG00000115414","0.741","predicted"
"diana_microt","MIMAT0019937","hsa-miR-4778-3p","INHBA","3624","ENSG00000122641","0.741","predicted"
"diana_microt","MIMAT0019937","hsa-miR-4778-3p","INHBA","3624","ENSG00000122641","0.741","predicted"
"diana_microt","MIMAT0004812","hsa-miR-548d-5p","LOX","4015","ENSG00000113083","0.741","predicted"
"diana_microt","MIMAT0004812","hsa-miR-548d-5p","LOX","4015","ENSG00000113083","0.741","predicted"
"diana_microt","MIMAT0002868","hsa-miR-522-3p","EDIL3","10085","ENSG00000164176","0.741","predicted"
"diana_microt","MIMAT0003327","hsa-miR-449b-5p","EDIL3","10085","ENSG00000164176","0.741","predicted"
"diana_microt","MIMAT0018359","hsa-miR-3943","COMP","1311","ENSG00000105664","0.741","predicted"
"diana_microt","MIMAT0018359","hsa-miR-3943","COMP","1311","ENSG00000105664","0.741","predicted"
"diana_microt","MIMAT0022839","hsa-miR-3190-3p","COL8A1","1295","ENSG00000144810","0.741","predicted"
"diana_microt","MIMAT0002806","hsa-miR-490-3p","COL8A1","1295","ENSG00000144810","0.741","predicted"
"diana_microt","MIMAT0003231","hsa-miR-567","INHBA","3624","ENSG00000122641","0.74","predicted"
"diana_microt","MIMAT0003231","hsa-miR-567","INHBA","3624","ENSG00000122641","0.74","predicted"
"diana_microt","MIMAT0015042","hsa-miR-3167","LOX","4015","ENSG00000113083","0.74","predicted"
"diana_microt","MIMAT0015042","hsa-miR-3167","LOX","4015","ENSG00000113083","0.74","predicted"
"diana_microt","MIMAT0000692","hsa-miR-30e-5p","EDIL3","10085","ENSG00000164176","0.74","predicted"
"diana_microt","MIMAT0002877","hsa-miR-513a-5p","COMP","1311","ENSG00000105664","0.74","predicted"
"diana_microt","MIMAT0002877","hsa-miR-513a-5p","COMP","1311","ENSG00000105664","0.74","predicted"
"diana_microt","MIMAT0014980","hsa-miR-3118","VCAN","1462","ENSG00000038427","0.74","predicted"
"diana_microt","MIMAT0019745","hsa-miR-4668-5p","VCAN","1462","ENSG00000038427","0.74","predicted"
"diana_microt","MIMAT0019937","hsa-miR-4778-3p","VCAN","1462","ENSG00000038427","0.74","predicted"
"diana_microt","MIMAT0014980","hsa-miR-3118","VCAN","1462","ENSG00000038427","0.74","predicted"
"diana_microt","MIMAT0019745","hsa-miR-4668-5p","VCAN","1462","ENSG00000038427","0.74","predicted"
"diana_microt","MIMAT0019937","hsa-miR-4778-3p","VCAN","1462","ENSG00000038427","0.74","predicted"
"diana_microt","MIMAT0022303","hsa-miR-548av-5p","COL11A1","1301","ENSG00000060718","0.739","predicted"
"diana_microt","MIMAT0022303","hsa-miR-548av-5p","COL11A1","1301","ENSG00000060718","0.739","predicted"
"diana_microt","MIMAT0000692","hsa-miR-30e-5p","FN1","2335","ENSG00000115414","0.739","predicted"
"diana_microt","MIMAT0000692","hsa-miR-30e-5p","FN1","2335","ENSG00000115414","0.739","predicted"
"diana_microt","MIMAT0018004","hsa-miR-3622a-3p","INHBA","3624","ENSG00000122641","0.739","predicted"
"diana_microt","MIMAT0003294","hsa-miR-625-5p","INHBA","3624","ENSG00000122641","0.739","predicted"
"diana_microt","MIMAT0018004","hsa-miR-3622a-3p","INHBA","3624","ENSG00000122641","0.739","predicted"
"diana_microt","MIMAT0003294","hsa-miR-625-5p","INHBA","3624","ENSG00000122641","0.739","predicted"
"diana_microt","MIMAT0018933","hsa-miR-4420","LOX","4015","ENSG00000113083","0.739","predicted"
"diana_microt","MIMAT0018933","hsa-miR-4420","LOX","4015","ENSG00000113083","0.739","predicted"
"diana_microt","MIMAT0005912","hsa-miR-548g-3p","EDIL3","10085","ENSG00000164176","0.739","predicted"
"diana_microt","MIMAT0015049","hsa-miR-1193","COMP","1311","ENSG00000105664","0.739","predicted"
"diana_microt","MIMAT0015049","hsa-miR-1193","COMP","1311","ENSG00000105664","0.739","predicted"
"diana_microt","MIMAT0019760","hsa-miR-4677-5p","VCAN","1462","ENSG00000038427","0.739","predicted"
"diana_microt","MIMAT0019760","hsa-miR-4677-5p","VCAN","1462","ENSG00000038427","0.739","predicted"
"diana_microt","MIMAT0003291","hsa-miR-622","COL8A1","1295","ENSG00000144810","0.739","predicted"
"diana_microt","MIMAT0000422","hsa-miR-124-3p","COL8A1","1295","ENSG00000144810","0.739","predicted"
"diana_microt","MIMAT0016912","hsa-miR-4282","COL3A1","1281","ENSG00000168542","0.738","predicted"
"diana_microt","MIMAT0005592","hsa-miR-1237-3p","INHBA","3624","ENSG00000122641","0.738","predicted"
"diana_microt","MIMAT0002171","hsa-miR-410-3p","INHBA","3624","ENSG00000122641","0.738","predicted"
"diana_microt","MIMAT0005592","hsa-miR-1237-3p","INHBA","3624","ENSG00000122641","0.738","predicted"
"diana_microt","MIMAT0002171","hsa-miR-410-3p","INHBA","3624","ENSG00000122641","0.738","predicted"
"diana_microt","MIMAT0005932","hsa-miR-302f","EDIL3","10085","ENSG00000164176","0.738","predicted"
"diana_microt","MIMAT0014986","hsa-miR-3124-5p","COMP","1311","ENSG00000105664","0.738","predicted"
"diana_microt","MIMAT0014986","hsa-miR-3124-5p","COMP","1311","ENSG00000105664","0.738","predicted"
"diana_microt","MIMAT0003248","hsa-miR-583","VCAN","1462","ENSG00000038427","0.738","predicted"
"diana_microt","MIMAT0003248","hsa-miR-583","VCAN","1462","ENSG00000038427","0.738","predicted"
"diana_microt","MIMAT0016912","hsa-miR-4282","COL8A1","1295","ENSG00000144810","0.738","predicted"
"diana_microt","MIMAT0019937","hsa-miR-4778-3p","ISM1","140862","ENSG00000101230","0.738","predicted"
"diana_microt","MIMAT0019937","hsa-miR-4778-3p","ISM1","140862","ENSG00000101230","0.738","predicted"
"diana_microt","MIMAT0000736","hsa-miR-381-3p","COL3A1","1281","ENSG00000168542","0.737","predicted"
"diana_microt","MIMAT0004797","hsa-miR-582-3p","COL3A1","1281","ENSG00000168542","0.737","predicted"
"diana_microt","MIMAT0020603","hsa-miR-5096","COL11A1","1301","ENSG00000060718","0.737","predicted"
"diana_microt","MIMAT0004686","hsa-miR-367-5p","COL11A1","1301","ENSG00000060718","0.737","predicted"
"diana_microt","MIMAT0020603","hsa-miR-5096","COL11A1","1301","ENSG00000060718","0.737","predicted"
"diana_microt","MIMAT0004686","hsa-miR-367-5p","COL11A1","1301","ENSG00000060718","0.737","predicted"
"diana_microt","MIMAT0019917","hsa-miR-4766-5p","FN1","2335","ENSG00000115414","0.737","predicted"
"diana_microt","MIMAT0019917","hsa-miR-4766-5p","FN1","2335","ENSG00000115414","0.737","predicted"
"diana_microt","MIMAT0005874","hsa-miR-548e-3p","INHBA","3624","ENSG00000122641","0.737","predicted"
"diana_microt","MIMAT0005874","hsa-miR-548e-3p","INHBA","3624","ENSG00000122641","0.737","predicted"
"diana_microt","MIMAT0003244","hsa-miR-579-3p","LOX","4015","ENSG00000113083","0.737","predicted"
"diana_microt","MIMAT0003244","hsa-miR-579-3p","LOX","4015","ENSG00000113083","0.737","predicted"
"diana_microt","MIMAT0018091","hsa-miR-3668","EDIL3","10085","ENSG00000164176","0.737","predicted"
"diana_microt","MIMAT0000087","hsa-miR-30a-5p","EDIL3","10085","ENSG00000164176","0.737","predicted"
"diana_microt","MIMAT0004482","hsa-let-7b-3p","EDIL3","10085","ENSG00000164176","0.737","predicted"
"diana_microt","MIMAT0003339","hsa-miR-421","VCAN","1462","ENSG00000038427","0.737","predicted"
"diana_microt","MIMAT0003339","hsa-miR-421","VCAN","1462","ENSG00000038427","0.737","predicted"
"diana_microt","MIMAT0003302","hsa-miR-632","COL8A1","1295","ENSG00000144810","0.737","predicted"
"diana_microt","MIMAT0005891","hsa-miR-1303","COL8A1","1295","ENSG00000144810","0.737","predicted"
"diana_microt","MIMAT0019031","hsa-miR-4496","COL8A1","1295","ENSG00000144810","0.737","predicted"
"diana_microt","MIMAT0019832","hsa-miR-4719","COL8A1","1295","ENSG00000144810","0.737","predicted"
"diana_microt","MIMAT0004903","hsa-miR-300","COL3A1","1281","ENSG00000168542","0.736","predicted"
"diana_microt","MIMAT0003242","hsa-miR-577","COL11A1","1301","ENSG00000060718","0.736","predicted"
"diana_microt","MIMAT0022468","hsa-miR-5680","COL11A1","1301","ENSG00000060718","0.736","predicted"
"diana_microt","MIMAT0003242","hsa-miR-577","COL11A1","1301","ENSG00000060718","0.736","predicted"
"diana_microt","MIMAT0022468","hsa-miR-5680","COL11A1","1301","ENSG00000060718","0.736","predicted"
"diana_microt","MIMAT0004778","hsa-miR-508-5p","FN1","2335","ENSG00000115414","0.736","predicted"
"diana_microt","MIMAT0004676","hsa-miR-34b-3p","FN1","2335","ENSG00000115414","0.736","predicted"
"diana_microt","MIMAT0004778","hsa-miR-508-5p","FN1","2335","ENSG00000115414","0.736","predicted"
"diana_microt","MIMAT0004676","hsa-miR-34b-3p","FN1","2335","ENSG00000115414","0.736","predicted"
"diana_microt","MIMAT0016887","hsa-miR-4325","EDIL3","10085","ENSG00000164176","0.736","predicted"
"diana_microt","MIMAT0000269","hsa-miR-212-3p","EDIL3","10085","ENSG00000164176","0.736","predicted"
"diana_microt","MIMAT0002817","hsa-miR-495-3p","EDIL3","10085","ENSG00000164176","0.736","predicted"
"diana_microt","MIMAT0018956","hsa-miR-4438","COL8A1","1295","ENSG00000144810","0.736","predicted"
"diana_microt","MIMAT0022479","hsa-miR-5688","VCAN","1462","ENSG00000038427","0.735","predicted"
"diana_microt","MIMAT0022479","hsa-miR-5688","VCAN","1462","ENSG00000038427","0.735","predicted"
"diana_microt","MIMAT0004779","hsa-miR-509-5p","COL8A1","1295","ENSG00000144810","0.735","predicted"
"diana_microt","MIMAT0004975","hsa-miR-509-3-5p","COL8A1","1295","ENSG00000144810","0.735","predicted"
"diana_microt","MIMAT0004584","hsa-let-7g-3p","COL8A1","1295","ENSG00000144810","0.735","predicted"
"diana_microt","MIMAT0018444","hsa-miR-642b-3p","COL8A1","1295","ENSG00000144810","0.735","predicted"
"diana_microt","MIMAT0019875","hsa-miR-4744","FN1","2335","ENSG00000115414","0.734","predicted"
"diana_microt","MIMAT0019875","hsa-miR-4744","FN1","2335","ENSG00000115414","0.734","predicted"
"diana_microt","MIMAT0003245","hsa-miR-580-3p","EDIL3","10085","ENSG00000164176","0.734","predicted"
"diana_microt","MIMAT0003253","hsa-miR-587","EDIL3","10085","ENSG00000164176","0.734","predicted"
"diana_microt","MIMAT0019053","hsa-miR-4516","COMP","1311","ENSG00000105664","0.734","predicted"
"diana_microt","MIMAT0019053","hsa-miR-4516","COMP","1311","ENSG00000105664","0.734","predicted"
"diana_microt","MIMAT0005889","hsa-miR-548l","COL11A1","1301","ENSG00000060718","0.733","predicted"
"diana_microt","MIMAT0005889","hsa-miR-548l","COL11A1","1301","ENSG00000060718","0.733","predicted"
"diana_microt","MIMAT0000245","hsa-miR-30d-5p","EDIL3","10085","ENSG00000164176","0.733","predicted"
"diana_microt","MIMAT0019774","hsa-miR-4687-5p","COL11A1","1301","ENSG00000060718","0.732","predicted"
"diana_microt","MIMAT0019774","hsa-miR-4687-5p","COL11A1","1301","ENSG00000060718","0.732","predicted"
"diana_microt","MIMAT0004494","hsa-miR-21-3p","INHBA","3624","ENSG00000122641","0.732","predicted"
"diana_microt","MIMAT0004494","hsa-miR-21-3p","INHBA","3624","ENSG00000122641","0.732","predicted"
"diana_microt","MIMAT0004954","hsa-miR-543","EDIL3","10085","ENSG00000164176","0.732","predicted"
"diana_microt","MIMAT0015050","hsa-miR-323b-3p","EDIL3","10085","ENSG00000164176","0.732","predicted"
"diana_microt","MIMAT0003295","hsa-miR-626","COMP","1311","ENSG00000105664","0.732","predicted"
"diana_microt","MIMAT0019951","hsa-miR-1245b-3p","COMP","1311","ENSG00000105664","0.732","predicted"
"diana_microt","MIMAT0003295","hsa-miR-626","COMP","1311","ENSG00000105664","0.732","predicted"
"diana_microt","MIMAT0019951","hsa-miR-1245b-3p","COMP","1311","ENSG00000105664","0.732","predicted"
"diana_microt","MIMAT0019851","hsa-miR-4729","INHBA","3624","ENSG00000122641","0.731","predicted"
"diana_microt","MIMAT0019851","hsa-miR-4729","INHBA","3624","ENSG00000122641","0.731","predicted"
"diana_microt","MIMAT0022264","hsa-miR-548aq-3p","LOX","4015","ENSG00000113083","0.731","predicted"
"diana_microt","MIMAT0000447","hsa-miR-134-5p","LOX","4015","ENSG00000113083","0.731","predicted"
"diana_microt","MIMAT0022264","hsa-miR-548aq-3p","LOX","4015","ENSG00000113083","0.731","predicted"
"diana_microt","MIMAT0000447","hsa-miR-134-5p","LOX","4015","ENSG00000113083","0.731","predicted"
"diana_microt","MIMAT0015036","hsa-miR-3162-5p","EDIL3","10085","ENSG00000164176","0.731","predicted"
"diana_microt","MIMAT0019003","hsa-miR-4476","VCAN","1462","ENSG00000038427","0.731","predicted"
"diana_microt","MIMAT0000424","hsa-miR-128-3p","VCAN","1462","ENSG00000038427","0.731","predicted"
"diana_microt","MIMAT0004615","hsa-miR-195-3p","VCAN","1462","ENSG00000038427","0.731","predicted"
"diana_microt","MIMAT0019003","hsa-miR-4476","VCAN","1462","ENSG00000038427","0.731","predicted"
"diana_microt","MIMAT0000424","hsa-miR-128-3p","VCAN","1462","ENSG00000038427","0.731","predicted"
"diana_microt","MIMAT0004615","hsa-miR-195-3p","VCAN","1462","ENSG00000038427","0.731","predicted"
"diana_microt","MIMAT0015021","hsa-miR-3148","COL8A1","1295","ENSG00000144810","0.731","predicted"
"diana_microt","MIMAT0004555","hsa-miR-10a-3p","COL8A1","1295","ENSG00000144810","0.731","predicted"
"diana_microt","MIMAT0004491","hsa-miR-19b-1-5p","COL11A1","1301","ENSG00000060718","0.73","predicted"
"diana_microt","MIMAT0004491","hsa-miR-19b-1-5p","COL11A1","1301","ENSG00000060718","0.73","predicted"
"diana_microt","MIMAT0022272","hsa-miR-664b-3p","FN1","2335","ENSG00000115414","0.73","predicted"
"diana_microt","MIMAT0022272","hsa-miR-664b-3p","FN1","2335","ENSG00000115414","0.73","predicted"
"diana_microt","MIMAT0022272","hsa-miR-664b-3p","LOX","4015","ENSG00000113083","0.73","predicted"
"diana_microt","MIMAT0022272","hsa-miR-664b-3p","LOX","4015","ENSG00000113083","0.73","predicted"
"diana_microt","MIMAT0020924","hsa-miR-642a-3p","EDIL3","10085","ENSG00000164176","0.73","predicted"
"diana_microt","MIMAT0004805","hsa-miR-616-3p","EDIL3","10085","ENSG00000164176","0.73","predicted"
"diana_microt","MIMAT0018444","hsa-miR-642b-3p","EDIL3","10085","ENSG00000164176","0.73","predicted"
"diana_microt","MIMAT0022469","hsa-miR-5681a","COL11A1","1301","ENSG00000060718","0.729","predicted"
"diana_microt","MIMAT0022500","hsa-miR-5706","COL11A1","1301","ENSG00000060718","0.729","predicted"
"diana_microt","MIMAT0000092","hsa-miR-92a-3p","COL11A1","1301","ENSG00000060718","0.729","predicted"
"diana_microt","MIMAT0003218","hsa-miR-92b-3p","COL11A1","1301","ENSG00000060718","0.729","predicted"
"diana_microt","MIMAT0022469","hsa-miR-5681a","COL11A1","1301","ENSG00000060718","0.729","predicted"
"diana_microt","MIMAT0022500","hsa-miR-5706","COL11A1","1301","ENSG00000060718","0.729","predicted"
"diana_microt","MIMAT0000092","hsa-miR-92a-3p","COL11A1","1301","ENSG00000060718","0.729","predicted"
"diana_microt","MIMAT0003218","hsa-miR-92b-3p","COL11A1","1301","ENSG00000060718","0.729","predicted"
"diana_microt","MIMAT0003323","hsa-miR-548d-3p","LOX","4015","ENSG00000113083","0.729","predicted"
"diana_microt","MIMAT0003323","hsa-miR-548d-3p","LOX","4015","ENSG00000113083","0.729","predicted"
"diana_microt","MIMAT0003267","hsa-miR-599","EDIL3","10085","ENSG00000164176","0.729","predicted"
"diana_microt","MIMAT0009447","hsa-miR-1972","VCAN","1462","ENSG00000038427","0.729","predicted"
"diana_microt","MIMAT0009447","hsa-miR-1972","VCAN","1462","ENSG00000038427","0.729","predicted"
"diana_microt","MIMAT0010195","hsa-let-7a-2-3p","COL8A1","1295","ENSG00000144810","0.729","predicted"
"diana_microt","MIMAT0019944","hsa-miR-4782-5p","COL11A1","1301","ENSG00000060718","0.728","predicted"
"diana_microt","MIMAT0020600","hsa-miR-5095","COL11A1","1301","ENSG00000060718","0.728","predicted"
"diana_microt","MIMAT0000102","hsa-miR-105-5p","COL11A1","1301","ENSG00000060718","0.728","predicted"
"diana_microt","MIMAT0019944","hsa-miR-4782-5p","COL11A1","1301","ENSG00000060718","0.728","predicted"
"diana_microt","MIMAT0020600","hsa-miR-5095","COL11A1","1301","ENSG00000060718","0.728","predicted"
"diana_microt","MIMAT0000102","hsa-miR-105-5p","COL11A1","1301","ENSG00000060718","0.728","predicted"
"diana_microt","MIMAT0003882","hsa-miR-767-5p","FN1","2335","ENSG00000115414","0.728","predicted"
"diana_microt","MIMAT0003882","hsa-miR-767-5p","FN1","2335","ENSG00000115414","0.728","predicted"
"diana_microt","MIMAT0021026","hsa-miR-5003-3p","LOX","4015","ENSG00000113083","0.728","predicted"
"diana_microt","MIMAT0021026","hsa-miR-5003-3p","LOX","4015","ENSG00000113083","0.728","predicted"
"diana_microt","MIMAT0005797","hsa-miR-1301-3p","COMP","1311","ENSG00000105664","0.728","predicted"
"diana_microt","MIMAT0005870","hsa-miR-1206","COMP","1311","ENSG00000105664","0.728","predicted"
"diana_microt","MIMAT0005877","hsa-miR-1286","COMP","1311","ENSG00000105664","0.728","predicted"
"diana_microt","MIMAT0005797","hsa-miR-1301-3p","COMP","1311","ENSG00000105664","0.728","predicted"
"diana_microt","MIMAT0005870","hsa-miR-1206","COMP","1311","ENSG00000105664","0.728","predicted"
"diana_microt","MIMAT0005877","hsa-miR-1286","COMP","1311","ENSG00000105664","0.728","predicted"
"diana_microt","MIMAT0003295","hsa-miR-626","VCAN","1462","ENSG00000038427","0.728","predicted"
"diana_microt","MIMAT0003295","hsa-miR-626","VCAN","1462","ENSG00000038427","0.728","predicted"
"diana_microt","MIMAT0016861","hsa-miR-4308","COL8A1","1295","ENSG00000144810","0.728","predicted"
"diana_microt","MIMAT0019013","hsa-miR-548ak","COL8A1","1295","ENSG00000144810","0.728","predicted"
"diana_microt","MIMAT0020924","hsa-miR-642a-3p","COL8A1","1295","ENSG00000144810","0.728","predicted"
"diana_microt","MIMAT0002856","hsa-miR-520d-3p","ISM1","140862","ENSG00000101230","0.728","predicted"
"diana_microt","MIMAT0002856","hsa-miR-520d-3p","ISM1","140862","ENSG00000101230","0.728","predicted"
"diana_microt","MIMAT0011159","hsa-miR-2115-3p","COL11A1","1301","ENSG00000060718","0.727","predicted"
"diana_microt","MIMAT0011159","hsa-miR-2115-3p","COL11A1","1301","ENSG00000060718","0.727","predicted"
"diana_microt","MIMAT0019046","hsa-miR-4509","FN1","2335","ENSG00000115414","0.727","predicted"
"diana_microt","MIMAT0019046","hsa-miR-4509","FN1","2335","ENSG00000115414","0.727","predicted"
"diana_microt","MIMAT0015066","hsa-miR-3065-5p","INHBA","3624","ENSG00000122641","0.727","predicted"
"diana_microt","MIMAT0015066","hsa-miR-3065-5p","INHBA","3624","ENSG00000122641","0.727","predicted"
"diana_microt","MIMAT0019817","hsa-miR-4711-3p","EDIL3","10085","ENSG00000164176","0.727","predicted"
"diana_microt","MIMAT0000426","hsa-miR-132-3p","EDIL3","10085","ENSG00000164176","0.727","predicted"
"diana_microt","MIMAT0020541","hsa-miR-5047","COMP","1311","ENSG00000105664","0.727","predicted"
"diana_microt","MIMAT0020541","hsa-miR-5047","COMP","1311","ENSG00000105664","0.727","predicted"
"diana_microt","MIMAT0003163","hsa-miR-539-5p","VCAN","1462","ENSG00000038427","0.727","predicted"
"diana_microt","MIMAT0003163","hsa-miR-539-5p","VCAN","1462","ENSG00000038427","0.727","predicted"
"diana_microt","MIMAT0019854","hsa-miR-4731-3p","COL8A1","1295","ENSG00000144810","0.727","predicted"
"diana_microt","MIMAT0003253","hsa-miR-587","INHBA","3624","ENSG00000122641","0.726","predicted"
"diana_microt","MIMAT0003253","hsa-miR-587","INHBA","3624","ENSG00000122641","0.726","predicted"
"diana_microt","MIMAT0019203","hsa-miR-3136-3p","LOX","4015","ENSG00000113083","0.726","predicted"
"diana_microt","MIMAT0019203","hsa-miR-3136-3p","LOX","4015","ENSG00000113083","0.726","predicted"
"diana_microt","MIMAT0005934","hsa-miR-548p","EDIL3","10085","ENSG00000164176","0.726","predicted"
"diana_microt","MIMAT0004505","hsa-miR-32-3p","EDIL3","10085","ENSG00000164176","0.726","predicted"
"diana_microt","MIMAT0011158","hsa-miR-2115-5p","COMP","1311","ENSG00000105664","0.726","predicted"
"diana_microt","MIMAT0011158","hsa-miR-2115-5p","COMP","1311","ENSG00000105664","0.726","predicted"
"diana_microt","MIMAT0001636","hsa-miR-452-3p","VCAN","1462","ENSG00000038427","0.726","predicted"
"diana_microt","MIMAT0001636","hsa-miR-452-3p","VCAN","1462","ENSG00000038427","0.726","predicted"
"diana_microt","MIMAT0009198","hsa-miR-224-3p","COL8A1","1295","ENSG00000144810","0.726","predicted"
"diana_microt","MIMAT0003253","hsa-miR-587","THBS3","7059","ENSG00000169231","0.725","predicted"
"diana_microt","MIMAT0000735","hsa-miR-380-3p","EDIL3","10085","ENSG00000164176","0.725","predicted"
"diana_microt","MIMAT0003317","hsa-miR-647","VCAN","1462","ENSG00000038427","0.725","predicted"
"diana_microt","MIMAT0019018","hsa-miR-4484","VCAN","1462","ENSG00000038427","0.725","predicted"
"diana_microt","MIMAT0003317","hsa-miR-647","VCAN","1462","ENSG00000038427","0.725","predicted"
"diana_microt","MIMAT0019018","hsa-miR-4484","VCAN","1462","ENSG00000038427","0.725","predicted"
"diana_microt","MIMAT0004812","hsa-miR-548d-5p","COL8A1","1295","ENSG00000144810","0.725","predicted"
"diana_microt","MIMAT0004492","hsa-miR-19b-2-5p","COL11A1","1301","ENSG00000060718","0.724","predicted"
"diana_microt","MIMAT0004492","hsa-miR-19b-2-5p","COL11A1","1301","ENSG00000060718","0.724","predicted"
"diana_microt","MIMAT0017983","hsa-miR-3606-5p","FN1","2335","ENSG00000115414","0.724","predicted"
"diana_microt","MIMAT0019784","hsa-miR-4693-5p","FN1","2335","ENSG00000115414","0.724","predicted"
"diana_microt","MIMAT0017983","hsa-miR-3606-5p","FN1","2335","ENSG00000115414","0.724","predicted"
"diana_microt","MIMAT0019784","hsa-miR-4693-5p","FN1","2335","ENSG00000115414","0.724","predicted"
"diana_microt","MIMAT0003275","hsa-miR-607","INHBA","3624","ENSG00000122641","0.724","predicted"
"diana_microt","MIMAT0016910","hsa-miR-4278","INHBA","3624","ENSG00000122641","0.724","predicted"
"diana_microt","MIMAT0019741","hsa-miR-4666a-5p","INHBA","3624","ENSG00000122641","0.724","predicted"
"diana_microt","MIMAT0003275","hsa-miR-607","INHBA","3624","ENSG00000122641","0.724","predicted"
"diana_microt","MIMAT0016910","hsa-miR-4278","INHBA","3624","ENSG00000122641","0.724","predicted"
"diana_microt","MIMAT0019741","hsa-miR-4666a-5p","INHBA","3624","ENSG00000122641","0.724","predicted"
"diana_microt","MIMAT0000453","hsa-miR-154-3p","LOX","4015","ENSG00000113083","0.724","predicted"
"diana_microt","MIMAT0000453","hsa-miR-154-3p","LOX","4015","ENSG00000113083","0.724","predicted"
"diana_microt","MIMAT0019214","hsa-miR-3173-5p","THBS3","7059","ENSG00000169231","0.724","predicted"
"diana_microt","MIMAT0021026","hsa-miR-5003-3p","EDIL3","10085","ENSG00000164176","0.724","predicted"
"diana_microt","MIMAT0022469","hsa-miR-5681a","VCAN","1462","ENSG00000038427","0.724","predicted"
"diana_microt","MIMAT0022469","hsa-miR-5681a","VCAN","1462","ENSG00000038427","0.724","predicted"
"diana_microt","MIMAT0004688","hsa-miR-374a-3p","COL11A1","1301","ENSG00000060718","0.723","predicted"
"diana_microt","MIMAT0004688","hsa-miR-374a-3p","COL11A1","1301","ENSG00000060718","0.723","predicted"
"diana_microt","MIMAT0005583","hsa-miR-1228-3p","FN1","2335","ENSG00000115414","0.723","predicted"
"diana_microt","MIMAT0005583","hsa-miR-1228-3p","FN1","2335","ENSG00000115414","0.723","predicted"
"diana_microt","MIMAT0016888","hsa-miR-4326","LOX","4015","ENSG00000113083","0.723","predicted"
"diana_microt","MIMAT0022724","hsa-miR-1277-5p","LOX","4015","ENSG00000113083","0.723","predicted"
"diana_microt","MIMAT0016888","hsa-miR-4326","LOX","4015","ENSG00000113083","0.723","predicted"
"diana_microt","MIMAT0022724","hsa-miR-1277-5p","LOX","4015","ENSG00000113083","0.723","predicted"
"diana_microt","MIMAT0022269","hsa-miR-5579-5p","EDIL3","10085","ENSG00000164176","0.723","predicted"
"diana_microt","MIMAT0016896","hsa-miR-4268","COL8A1","1295","ENSG00000144810","0.723","predicted"
"diana_microt","MIMAT0022713","hsa-miR-1185-2-3p","ISM1","140862","ENSG00000101230","0.723","predicted"
"diana_microt","MIMAT0022713","hsa-miR-1185-2-3p","ISM1","140862","ENSG00000101230","0.723","predicted"
"diana_microt","MIMAT0018983","hsa-miR-4461","COL3A1","1281","ENSG00000168542","0.722","predicted"
"diana_microt","MIMAT0000462","hsa-miR-206","LOX","4015","ENSG00000113083","0.722","predicted"
"diana_microt","MIMAT0000462","hsa-miR-206","LOX","4015","ENSG00000113083","0.722","predicted"
"diana_microt","MIMAT0018118","hsa-miR-3689a-3p","THBS3","7059","ENSG00000169231","0.722","predicted"
"diana_microt","MIMAT0019026","hsa-miR-4491","EDIL3","10085","ENSG00000164176","0.722","predicted"
"diana_microt","MIMAT0000422","hsa-miR-124-3p","VCAN","1462","ENSG00000038427","0.722","predicted"
"diana_microt","MIMAT0000422","hsa-miR-124-3p","VCAN","1462","ENSG00000038427","0.722","predicted"
"diana_microt","MIMAT0004924","hsa-miR-876-5p","COL8A1","1295","ENSG00000144810","0.722","predicted"
"diana_microt","MIMAT0022838","hsa-miR-1185-1-3p","ISM1","140862","ENSG00000101230","0.722","predicted"
"diana_microt","MIMAT0022838","hsa-miR-1185-1-3p","ISM1","140862","ENSG00000101230","0.722","predicted"
"diana_microt","MIMAT0000082","hsa-miR-26a-5p","COL11A1","1301","ENSG00000060718","0.721","predicted"
"diana_microt","MIMAT0009203","hsa-miR-449b-3p","COL11A1","1301","ENSG00000060718","0.721","predicted"
"diana_microt","MIMAT0000082","hsa-miR-26a-5p","COL11A1","1301","ENSG00000060718","0.721","predicted"
"diana_microt","MIMAT0009203","hsa-miR-449b-3p","COL11A1","1301","ENSG00000060718","0.721","predicted"
"diana_microt","MIMAT0000435","hsa-miR-143-3p","FN1","2335","ENSG00000115414","0.721","predicted"
"diana_microt","MIMAT0004658","hsa-miR-155-3p","FN1","2335","ENSG00000115414","0.721","predicted"
"diana_microt","MIMAT0000435","hsa-miR-143-3p","FN1","2335","ENSG00000115414","0.721","predicted"
"diana_microt","MIMAT0004658","hsa-miR-155-3p","FN1","2335","ENSG00000115414","0.721","predicted"
"diana_microt","MIMAT0005880","hsa-miR-1290","INHBA","3624","ENSG00000122641","0.721","predicted"
"diana_microt","MIMAT0005880","hsa-miR-1290","INHBA","3624","ENSG00000122641","0.721","predicted"
"diana_microt","MIMAT0015012","hsa-miR-3143","EDIL3","10085","ENSG00000164176","0.721","predicted"
"diana_microt","MIMAT0003275","hsa-miR-607","VCAN","1462","ENSG00000038427","0.721","predicted"
"diana_microt","MIMAT0003275","hsa-miR-607","VCAN","1462","ENSG00000038427","0.721","predicted"
"diana_microt","MIMAT0005952","hsa-miR-1321","COL3A1","1281","ENSG00000168542","0.72","predicted"
"diana_microt","MIMAT0022478","hsa-miR-5687","COL3A1","1281","ENSG00000168542","0.72","predicted"
"diana_microt","MIMAT0004903","hsa-miR-300","INHBA","3624","ENSG00000122641","0.72","predicted"
"diana_microt","MIMAT0019058","hsa-miR-4521","INHBA","3624","ENSG00000122641","0.72","predicted"
"diana_microt","MIMAT0004903","hsa-miR-300","INHBA","3624","ENSG00000122641","0.72","predicted"
"diana_microt","MIMAT0019058","hsa-miR-4521","INHBA","3624","ENSG00000122641","0.72","predicted"
"diana_microt","MIMAT0004798","hsa-miR-548b-5p","LOX","4015","ENSG00000113083","0.72","predicted"
"diana_microt","MIMAT0019705","hsa-miR-4645-5p","LOX","4015","ENSG00000113083","0.72","predicted"
"diana_microt","MIMAT0004798","hsa-miR-548b-5p","LOX","4015","ENSG00000113083","0.72","predicted"
"diana_microt","MIMAT0019705","hsa-miR-4645-5p","LOX","4015","ENSG00000113083","0.72","predicted"
"diana_microt","MIMAT0019007","hsa-miR-3689c","THBS3","7059","ENSG00000169231","0.72","predicted"
"diana_microt","MIMAT0022301","hsa-miR-5591-5p","THBS3","7059","ENSG00000169231","0.72","predicted"
"diana_microt","MIMAT0018181","hsa-miR-3689b-3p","THBS3","7059","ENSG00000169231","0.72","predicted"
"diana_microt","MIMAT0002176","hsa-miR-485-3p","EDIL3","10085","ENSG00000164176","0.72","predicted"
"diana_microt","MIMAT0004613","hsa-miR-188-3p","COMP","1311","ENSG00000105664","0.72","predicted"
"diana_microt","MIMAT0019820","hsa-miR-4713-5p","COMP","1311","ENSG00000105664","0.72","predicted"
"diana_microt","MIMAT0004613","hsa-miR-188-3p","COMP","1311","ENSG00000105664","0.72","predicted"
"diana_microt","MIMAT0019820","hsa-miR-4713-5p","COMP","1311","ENSG00000105664","0.72","predicted"
"diana_microt","MIMAT0005895","hsa-miR-548f-3p","COL8A1","1295","ENSG00000144810","0.72","predicted"
"diana_microt","MIMAT0021038","hsa-miR-548ap-3p","ISM1","140862","ENSG00000101230","0.72","predicted"
"diana_microt","MIMAT0021038","hsa-miR-548ap-3p","ISM1","140862","ENSG00000101230","0.72","predicted"
"diana_microt","MIMAT0022742","hsa-miR-1273g-3p","FN1","2335","ENSG00000115414","0.719","predicted"
"diana_microt","MIMAT0022742","hsa-miR-1273g-3p","FN1","2335","ENSG00000115414","0.719","predicted"
"diana_microt","MIMAT0019865","hsa-miR-3064-3p","INHBA","3624","ENSG00000122641","0.719","predicted"
"diana_microt","MIMAT0018197","hsa-miR-3922-3p","INHBA","3624","ENSG00000122641","0.719","predicted"
"diana_microt","MIMAT0019865","hsa-miR-3064-3p","INHBA","3624","ENSG00000122641","0.719","predicted"
"diana_microt","MIMAT0018197","hsa-miR-3922-3p","INHBA","3624","ENSG00000122641","0.719","predicted"
"diana_microt","MIMAT0019724","hsa-miR-4657","EDIL3","10085","ENSG00000164176","0.719","predicted"
"diana_microt","MIMAT0000103","hsa-miR-106a-5p","VCAN","1462","ENSG00000038427","0.719","predicted"
"diana_microt","MIMAT0000103","hsa-miR-106a-5p","VCAN","1462","ENSG00000038427","0.719","predicted"
"diana_microt","MIMAT0019864","hsa-miR-3064-5p","ISM1","140862","ENSG00000101230","0.719","predicted"
"diana_microt","MIMAT0019864","hsa-miR-3064-5p","ISM1","140862","ENSG00000101230","0.719","predicted"
"diana_microt","MIMAT0019868","hsa-miR-4739","COL3A1","1281","ENSG00000168542","0.718","predicted"
"diana_microt","MIMAT0021044","hsa-miR-5010-3p","COL3A1","1281","ENSG00000168542","0.718","predicted"
"diana_microt","MIMAT0004518","hsa-miR-16-2-3p","COL3A1","1281","ENSG00000168542","0.718","predicted"
"diana_microt","MIMAT0019858","hsa-miR-4733-3p","COL11A1","1301","ENSG00000060718","0.718","predicted"
"diana_microt","MIMAT0022494","hsa-miR-5701","COL11A1","1301","ENSG00000060718","0.718","predicted"
"diana_microt","MIMAT0019858","hsa-miR-4733-3p","COL11A1","1301","ENSG00000060718","0.718","predicted"
"diana_microt","MIMAT0022494","hsa-miR-5701","COL11A1","1301","ENSG00000060718","0.718","predicted"
"diana_microt","MIMAT0000736","hsa-miR-381-3p","INHBA","3624","ENSG00000122641","0.718","predicted"
"diana_microt","MIMAT0000736","hsa-miR-381-3p","INHBA","3624","ENSG00000122641","0.718","predicted"
"diana_microt","MIMAT0005930","hsa-miR-1276","LOX","4015","ENSG00000113083","0.718","predicted"
"diana_microt","MIMAT0000441","hsa-miR-9-5p","LOX","4015","ENSG00000113083","0.718","predicted"
"diana_microt","MIMAT0005930","hsa-miR-1276","LOX","4015","ENSG00000113083","0.718","predicted"
"diana_microt","MIMAT0000441","hsa-miR-9-5p","LOX","4015","ENSG00000113083","0.718","predicted"
"diana_microt","MIMAT0002878","hsa-miR-506-3p","COL8A1","1295","ENSG00000144810","0.718","predicted"
"diana_microt","MIMAT0003304","hsa-miR-634","COL3A1","1281","ENSG00000168542","0.717","predicted"
"diana_microt","MIMAT0019030","hsa-miR-4495","INHBA","3624","ENSG00000122641","0.717","predicted"
"diana_microt","MIMAT0019030","hsa-miR-4495","INHBA","3624","ENSG00000122641","0.717","predicted"
"diana_microt","MIMAT0018078","hsa-miR-3658","LOX","4015","ENSG00000113083","0.717","predicted"
"diana_microt","MIMAT0018078","hsa-miR-3658","LOX","4015","ENSG00000113083","0.717","predicted"
"diana_microt","MIMAT0003333","hsa-miR-549a-3p","COL8A1","1295","ENSG00000144810","0.717","predicted"
"diana_microt","MIMAT0022279","hsa-miR-5582-5p","COL8A1","1295","ENSG00000144810","0.717","predicted"
"diana_microt","MIMAT0018972","hsa-miR-548ah-5p","INHBA","3624","ENSG00000122641","0.716","predicted"
"diana_microt","MIMAT0018972","hsa-miR-548ah-5p","INHBA","3624","ENSG00000122641","0.716","predicted"
"diana_microt","MIMAT0019749","hsa-miR-4669","LOX","4015","ENSG00000113083","0.716","predicted"
"diana_microt","MIMAT0004794","hsa-miR-551b-5p","LOX","4015","ENSG00000113083","0.716","predicted"
"diana_microt","MIMAT0019749","hsa-miR-4669","LOX","4015","ENSG00000113083","0.716","predicted"
"diana_microt","MIMAT0004794","hsa-miR-551b-5p","LOX","4015","ENSG00000113083","0.716","predicted"
"diana_microt","MIMAT0022267","hsa-miR-548as-5p","COL8A1","1295","ENSG00000144810","0.716","predicted"
"diana_microt","MIMAT0018447","hsa-miR-548aa","ISM1","140862","ENSG00000101230","0.716","predicted"
"diana_microt","MIMAT0022730","hsa-miR-548t-3p","ISM1","140862","ENSG00000101230","0.716","predicted"
"diana_microt","MIMAT0018447","hsa-miR-548aa","ISM1","140862","ENSG00000101230","0.716","predicted"
"diana_microt","MIMAT0022730","hsa-miR-548t-3p","ISM1","140862","ENSG00000101230","0.716","predicted"
"diana_microt","MIMAT0019959","hsa-miR-4789-5p","COL11A1","1301","ENSG00000060718","0.715","predicted"
"diana_microt","MIMAT0019959","hsa-miR-4789-5p","COL11A1","1301","ENSG00000060718","0.715","predicted"
"diana_microt","MIMAT0000432","hsa-miR-141-3p","LOX","4015","ENSG00000113083","0.715","predicted"
"diana_microt","MIMAT0002178","hsa-miR-487a-3p","LOX","4015","ENSG00000113083","0.715","predicted"
"diana_microt","MIMAT0000432","hsa-miR-141-3p","LOX","4015","ENSG00000113083","0.715","predicted"
"diana_microt","MIMAT0002178","hsa-miR-487a-3p","LOX","4015","ENSG00000113083","0.715","predicted"
"diana_microt","MIMAT0018200","hsa-miR-3925-5p","EDIL3","10085","ENSG00000164176","0.715","predicted"
"diana_microt","MIMAT0015021","hsa-miR-3148","COL3A1","1281","ENSG00000168542","0.714","predicted"
"diana_microt","MIMAT0018935","hsa-miR-4422","COL11A1","1301","ENSG00000060718","0.714","predicted"
"diana_microt","MIMAT0019229","hsa-miR-3940-5p","COL11A1","1301","ENSG00000060718","0.714","predicted"
"diana_microt","MIMAT0000083","hsa-miR-26b-5p","COL11A1","1301","ENSG00000060718","0.714","predicted"
"diana_microt","MIMAT0004505","hsa-miR-32-3p","COL11A1","1301","ENSG00000060718","0.714","predicted"
"diana_microt","MIMAT0018935","hsa-miR-4422","COL11A1","1301","ENSG00000060718","0.714","predicted"
"diana_microt","MIMAT0019229","hsa-miR-3940-5p","COL11A1","1301","ENSG00000060718","0.714","predicted"
"diana_microt","MIMAT0000083","hsa-miR-26b-5p","COL11A1","1301","ENSG00000060718","0.714","predicted"
"diana_microt","MIMAT0004505","hsa-miR-32-3p","COL11A1","1301","ENSG00000060718","0.714","predicted"
"diana_microt","MIMAT0002813","hsa-miR-493-5p","INHBA","3624","ENSG00000122641","0.714","predicted"
"diana_microt","MIMAT0002813","hsa-miR-493-5p","INHBA","3624","ENSG00000122641","0.714","predicted"
"diana_microt","MIMAT0003245","hsa-miR-580-3p","LOX","4015","ENSG00000113083","0.714","predicted"
"diana_microt","MIMAT0003245","hsa-miR-580-3p","LOX","4015","ENSG00000113083","0.714","predicted"
"diana_microt","MIMAT0019699","hsa-miR-4640-5p","VCAN","1462","ENSG00000038427","0.714","predicted"
"diana_microt","MIMAT0019699","hsa-miR-4640-5p","VCAN","1462","ENSG00000038427","0.714","predicted"
"diana_microt","MIMAT0005874","hsa-miR-548e-3p","COL8A1","1295","ENSG00000144810","0.714","predicted"
"diana_microt","MIMAT0000716","hsa-miR-302c-5p","COL8A1","1295","ENSG00000144810","0.714","predicted"
"diana_microt","MIMAT0017989","hsa-miR-3612","COL11A1","1301","ENSG00000060718","0.713","predicted"
"diana_microt","MIMAT0019363","hsa-miR-3978","COL11A1","1301","ENSG00000060718","0.713","predicted"
"diana_microt","MIMAT0017989","hsa-miR-3612","COL11A1","1301","ENSG00000060718","0.713","predicted"
"diana_microt","MIMAT0019363","hsa-miR-3978","COL11A1","1301","ENSG00000060718","0.713","predicted"
"diana_microt","MIMAT0019872","hsa-miR-4742-5p","FN1","2335","ENSG00000115414","0.713","predicted"
"diana_microt","MIMAT0019872","hsa-miR-4742-5p","FN1","2335","ENSG00000115414","0.713","predicted"
"diana_microt","MIMAT0018081","hsa-miR-3660","LOX","4015","ENSG00000113083","0.713","predicted"
"diana_microt","MIMAT0018081","hsa-miR-3660","LOX","4015","ENSG00000113083","0.713","predicted"
"diana_microt","MIMAT0019703","hsa-miR-4643","EDIL3","10085","ENSG00000164176","0.713","predicted"
"diana_microt","MIMAT0000721","hsa-miR-369-3p","COL8A1","1295","ENSG00000144810","0.713","predicted"
"diana_microt","MIMAT0005882","hsa-miR-548k","COL3A1","1281","ENSG00000168542","0.712","predicted"
"diana_microt","MIMAT0022303","hsa-miR-548av-5p","COL3A1","1281","ENSG00000168542","0.712","predicted"
"diana_microt","MIMAT0000716","hsa-miR-302c-5p","COL11A1","1301","ENSG00000060718","0.712","predicted"
"diana_microt","MIMAT0000716","hsa-miR-302c-5p","COL11A1","1301","ENSG00000060718","0.712","predicted"
"diana_microt","MIMAT0005873","hsa-miR-1208","FN1","2335","ENSG00000115414","0.712","predicted"
"diana_microt","MIMAT0005873","hsa-miR-1208","FN1","2335","ENSG00000115414","0.712","predicted"
"diana_microt","MIMAT0014980","hsa-miR-3118","LOX","4015","ENSG00000113083","0.712","predicted"
"diana_microt","MIMAT0000259","hsa-miR-182-5p","LOX","4015","ENSG00000113083","0.712","predicted"
"diana_microt","MIMAT0014980","hsa-miR-3118","LOX","4015","ENSG00000113083","0.712","predicted"
"diana_microt","MIMAT0000259","hsa-miR-182-5p","LOX","4015","ENSG00000113083","0.712","predicted"
"diana_microt","MIMAT0022697","hsa-miR-382-3p","EDIL3","10085","ENSG00000164176","0.712","predicted"
"diana_microt","MIMAT0004555","hsa-miR-10a-3p","EDIL3","10085","ENSG00000164176","0.712","predicted"
"diana_microt","MIMAT0003244","hsa-miR-579-3p","EDIL3","10085","ENSG00000164176","0.712","predicted"
"diana_microt","MIMAT0022737","hsa-miR-550b-2-5p","VCAN","1462","ENSG00000038427","0.712","predicted"
"diana_microt","MIMAT0022737","hsa-miR-550b-2-5p","VCAN","1462","ENSG00000038427","0.712","predicted"
"diana_microt","MIMAT0015051","hsa-miR-3174","COL8A1","1295","ENSG00000144810","0.712","predicted"
"diana_microt","MIMAT0018087","hsa-miR-3665","COL8A1","1295","ENSG00000144810","0.712","predicted"
"diana_microt","MIMAT0022476","hsa-miR-5692c","ISM1","140862","ENSG00000101230","0.712","predicted"
"diana_microt","MIMAT0022497","hsa-miR-5692b","ISM1","140862","ENSG00000101230","0.712","predicted"
"diana_microt","MIMAT0022476","hsa-miR-5692c","ISM1","140862","ENSG00000101230","0.712","predicted"
"diana_microt","MIMAT0022497","hsa-miR-5692b","ISM1","140862","ENSG00000101230","0.712","predicted"
"diana_microt","MIMAT0004703","hsa-miR-335-3p","COL3A1","1281","ENSG00000168542","0.711","predicted"
"diana_microt","MIMAT0005886","hsa-miR-1297","COL11A1","1301","ENSG00000060718","0.711","predicted"
"diana_microt","MIMAT0019025","hsa-miR-4490","COL11A1","1301","ENSG00000060718","0.711","predicted"
"diana_microt","MIMAT0004657","hsa-miR-200c-5p","COL11A1","1301","ENSG00000060718","0.711","predicted"
"diana_microt","MIMAT0005886","hsa-miR-1297","COL11A1","1301","ENSG00000060718","0.711","predicted"
"diana_microt","MIMAT0019025","hsa-miR-4490","COL11A1","1301","ENSG00000060718","0.711","predicted"
"diana_microt","MIMAT0004657","hsa-miR-200c-5p","COL11A1","1301","ENSG00000060718","0.711","predicted"
"diana_microt","MIMAT0004979","hsa-miR-936","FN1","2335","ENSG00000115414","0.711","predicted"
"diana_microt","MIMAT0004979","hsa-miR-936","FN1","2335","ENSG00000115414","0.711","predicted"
"diana_microt","MIMAT0019755","hsa-miR-4673","INHBA","3624","ENSG00000122641","0.711","predicted"
"diana_microt","MIMAT0005912","hsa-miR-548g-3p","INHBA","3624","ENSG00000122641","0.711","predicted"
"diana_microt","MIMAT0019755","hsa-miR-4673","INHBA","3624","ENSG00000122641","0.711","predicted"
"diana_microt","MIMAT0005912","hsa-miR-548g-3p","INHBA","3624","ENSG00000122641","0.711","predicted"
"diana_microt","MIMAT0000682","hsa-miR-200a-3p","LOX","4015","ENSG00000113083","0.711","predicted"
"diana_microt","MIMAT0004917","hsa-miR-888-3p","LOX","4015","ENSG00000113083","0.711","predicted"
"diana_microt","MIMAT0000682","hsa-miR-200a-3p","LOX","4015","ENSG00000113083","0.711","predicted"
"diana_microt","MIMAT0004917","hsa-miR-888-3p","LOX","4015","ENSG00000113083","0.711","predicted"
"diana_microt","MIMAT0015002","hsa-miR-466","EDIL3","10085","ENSG00000164176","0.711","predicted"
"diana_microt","MIMAT0013517","hsa-miR-2682-5p","EDIL3","10085","ENSG00000164176","0.711","predicted"
"diana_microt","MIMAT0004798","hsa-miR-548b-5p","COL8A1","1295","ENSG00000144810","0.711","predicted"
"diana_microt","MIMAT0019981","hsa-miR-4802-5p","COL3A1","1281","ENSG00000168542","0.71","predicted"
"diana_microt","MIMAT0022696","hsa-miR-301a-5p","INHBA","3624","ENSG00000122641","0.71","predicted"
"diana_microt","MIMAT0022696","hsa-miR-301a-5p","INHBA","3624","ENSG00000122641","0.71","predicted"
"diana_microt","MIMAT0022705","hsa-miR-539-3p","VCAN","1462","ENSG00000038427","0.71","predicted"
"diana_microt","MIMAT0022705","hsa-miR-539-3p","VCAN","1462","ENSG00000038427","0.71","predicted"
"diana_microt","MIMAT0019751","hsa-miR-4670-3p","COL3A1","1281","ENSG00000168542","0.709","predicted"
"diana_microt","MIMAT0004502","hsa-miR-28-3p","INHBA","3624","ENSG00000122641","0.709","predicted"
"diana_microt","MIMAT0004597","hsa-miR-140-3p","INHBA","3624","ENSG00000122641","0.709","predicted"
"diana_microt","MIMAT0019211","hsa-miR-3158-5p","INHBA","3624","ENSG00000122641","0.709","predicted"
"diana_microt","MIMAT0004502","hsa-miR-28-3p","INHBA","3624","ENSG00000122641","0.709","predicted"
"diana_microt","MIMAT0004597","hsa-miR-140-3p","INHBA","3624","ENSG00000122641","0.709","predicted"
"diana_microt","MIMAT0019211","hsa-miR-3158-5p","INHBA","3624","ENSG00000122641","0.709","predicted"
"diana_microt","MIMAT0022472","hsa-miR-5683","LOX","4015","ENSG00000113083","0.709","predicted"
"diana_microt","MIMAT0022472","hsa-miR-5683","LOX","4015","ENSG00000113083","0.709","predicted"
"diana_microt","MIMAT0019937","hsa-miR-4778-3p","EDIL3","10085","ENSG00000164176","0.709","predicted"
"diana_microt","MIMAT0005588","hsa-miR-1233-3p","COMP","1311","ENSG00000105664","0.709","predicted"
"diana_microt","MIMAT0005588","hsa-miR-1233-3p","COMP","1311","ENSG00000105664","0.709","predicted"
"diana_microt","MIMAT0003272","hsa-miR-604","VCAN","1462","ENSG00000038427","0.709","predicted"
"diana_microt","MIMAT0003272","hsa-miR-604","VCAN","1462","ENSG00000038427","0.709","predicted"
"diana_microt","MIMAT0017991","hsa-miR-3613-3p","COL11A1","1301","ENSG00000060718","0.708","predicted"
"diana_microt","MIMAT0017991","hsa-miR-3613-3p","COL11A1","1301","ENSG00000060718","0.708","predicted"
"diana_microt","MIMAT0019760","hsa-miR-4677-5p","FN1","2335","ENSG00000115414","0.708","predicted"
"diana_microt","MIMAT0019760","hsa-miR-4677-5p","FN1","2335","ENSG00000115414","0.708","predicted"
"diana_microt","MIMAT0004686","hsa-miR-367-5p","INHBA","3624","ENSG00000122641","0.708","predicted"
"diana_microt","MIMAT0004686","hsa-miR-367-5p","INHBA","3624","ENSG00000122641","0.708","predicted"
"diana_microt","MIMAT0016869","hsa-miR-4318","LOX","4015","ENSG00000113083","0.708","predicted"
"diana_microt","MIMAT0018094","hsa-miR-3671","LOX","4015","ENSG00000113083","0.708","predicted"
"diana_microt","MIMAT0016869","hsa-miR-4318","LOX","4015","ENSG00000113083","0.708","predicted"
"diana_microt","MIMAT0018094","hsa-miR-3671","LOX","4015","ENSG00000113083","0.708","predicted"
"diana_microt","MIMAT0018077","hsa-miR-3657","COMP","1311","ENSG00000105664","0.708","predicted"
"diana_microt","MIMAT0018077","hsa-miR-3657","COMP","1311","ENSG00000105664","0.708","predicted"
"diana_microt","MIMAT0014994","hsa-miR-3130-3p","VCAN","1462","ENSG00000038427","0.708","predicted"
"diana_microt","MIMAT0014994","hsa-miR-3130-3p","VCAN","1462","ENSG00000038427","0.708","predicted"
"diana_microt","MIMAT0009197","hsa-miR-205-3p","COL3A1","1281","ENSG00000168542","0.707","predicted"
"diana_microt","MIMAT0000242","hsa-miR-129-5p","COL11A1","1301","ENSG00000060718","0.707","predicted"
"diana_microt","MIMAT0009197","hsa-miR-205-3p","COL11A1","1301","ENSG00000060718","0.707","predicted"
"diana_microt","MIMAT0000242","hsa-miR-129-5p","COL11A1","1301","ENSG00000060718","0.707","predicted"
"diana_microt","MIMAT0009197","hsa-miR-205-3p","COL11A1","1301","ENSG00000060718","0.707","predicted"
"diana_microt","MIMAT0003255","hsa-miR-588","FN1","2335","ENSG00000115414","0.707","predicted"
"diana_microt","MIMAT0019898","hsa-miR-499b-3p","FN1","2335","ENSG00000115414","0.707","predicted"
"diana_microt","MIMAT0003255","hsa-miR-588","FN1","2335","ENSG00000115414","0.707","predicted"
"diana_microt","MIMAT0019898","hsa-miR-499b-3p","FN1","2335","ENSG00000115414","0.707","predicted"
"diana_microt","MIMAT0019736","hsa-miR-4662b","INHBA","3624","ENSG00000122641","0.707","predicted"
"diana_microt","MIMAT0019959","hsa-miR-4789-5p","INHBA","3624","ENSG00000122641","0.707","predicted"
"diana_microt","MIMAT0000071","hsa-miR-17-3p","INHBA","3624","ENSG00000122641","0.707","predicted"
"diana_microt","MIMAT0019736","hsa-miR-4662b","INHBA","3624","ENSG00000122641","0.707","predicted"
"diana_microt","MIMAT0019959","hsa-miR-4789-5p","INHBA","3624","ENSG00000122641","0.707","predicted"
"diana_microt","MIMAT0000071","hsa-miR-17-3p","INHBA","3624","ENSG00000122641","0.707","predicted"
"diana_microt","MIMAT0004550","hsa-miR-30c-2-3p","THBS3","7059","ENSG00000169231","0.707","predicted"
"diana_microt","MIMAT0005937","hsa-miR-1279","COL11A1","1301","ENSG00000060718","0.706","predicted"
"diana_microt","MIMAT0000432","hsa-miR-141-3p","COL11A1","1301","ENSG00000060718","0.706","predicted"
"diana_microt","MIMAT0005937","hsa-miR-1279","COL11A1","1301","ENSG00000060718","0.706","predicted"
"diana_microt","MIMAT0000432","hsa-miR-141-3p","COL11A1","1301","ENSG00000060718","0.706","predicted"
"diana_microt","MIMAT0005900","hsa-miR-1248","INHBA","3624","ENSG00000122641","0.706","predicted"
"diana_microt","MIMAT0005900","hsa-miR-1248","INHBA","3624","ENSG00000122641","0.706","predicted"
"diana_microt","MIMAT0019891","hsa-miR-4753-3p","FN1","2335","ENSG00000115414","0.705","predicted"
"diana_microt","MIMAT0004599","hsa-miR-143-5p","FN1","2335","ENSG00000115414","0.705","predicted"
"diana_microt","MIMAT0019891","hsa-miR-4753-3p","FN1","2335","ENSG00000115414","0.705","predicted"
"diana_microt","MIMAT0004599","hsa-miR-143-5p","FN1","2335","ENSG00000115414","0.705","predicted"
"diana_microt","MIMAT0022479","hsa-miR-5688","EDIL3","10085","ENSG00000164176","0.705","predicted"
"diana_microt","MIMAT0005895","hsa-miR-548f-3p","ISM1","140862","ENSG00000101230","0.705","predicted"
"diana_microt","MIMAT0005895","hsa-miR-548f-3p","ISM1","140862","ENSG00000101230","0.705","predicted"
"diana_microt","MIMAT0018357","hsa-miR-3941","COL11A1","1301","ENSG00000060718","0.704","predicted"
"diana_microt","MIMAT0018357","hsa-miR-3941","COL11A1","1301","ENSG00000060718","0.704","predicted"
"diana_microt","MIMAT0000728","hsa-miR-375-3p","FN1","2335","ENSG00000115414","0.704","predicted"
"diana_microt","MIMAT0003222","hsa-miR-558","FN1","2335","ENSG00000115414","0.704","predicted"
"diana_microt","MIMAT0000728","hsa-miR-375-3p","FN1","2335","ENSG00000115414","0.704","predicted"
"diana_microt","MIMAT0003222","hsa-miR-558","FN1","2335","ENSG00000115414","0.704","predicted"
"diana_microt","MIMAT0019793","hsa-miR-4698","INHBA","3624","ENSG00000122641","0.704","predicted"
"diana_microt","MIMAT0019793","hsa-miR-4698","INHBA","3624","ENSG00000122641","0.704","predicted"
"diana_microt","MIMAT0003221","hsa-miR-557","LOX","4015","ENSG00000113083","0.704","predicted"
"diana_microt","MIMAT0003221","hsa-miR-557","LOX","4015","ENSG00000113083","0.704","predicted"
"diana_microt","MIMAT0019969","hsa-miR-4795-3p","COL3A1","1281","ENSG00000168542","0.703","predicted"
"diana_microt","MIMAT0019798","hsa-miR-4701-5p","FN1","2335","ENSG00000115414","0.703","predicted"
"diana_microt","MIMAT0019798","hsa-miR-4701-5p","FN1","2335","ENSG00000115414","0.703","predicted"
"diana_microt","MIMAT0004765","hsa-miR-491-3p","INHBA","3624","ENSG00000122641","0.703","predicted"
"diana_microt","MIMAT0022489","hsa-miR-5696","INHBA","3624","ENSG00000122641","0.703","predicted"
"diana_microt","MIMAT0004765","hsa-miR-491-3p","INHBA","3624","ENSG00000122641","0.703","predicted"
"diana_microt","MIMAT0022489","hsa-miR-5696","INHBA","3624","ENSG00000122641","0.703","predicted"
"diana_microt","MIMAT0019862","hsa-miR-4736","EDIL3","10085","ENSG00000164176","0.703","predicted"
"diana_microt","MIMAT0005592","hsa-miR-1237-3p","VCAN","1462","ENSG00000038427","0.703","predicted"
"diana_microt","MIMAT0019222","hsa-miR-3682-5p","VCAN","1462","ENSG00000038427","0.703","predicted"
"diana_microt","MIMAT0005592","hsa-miR-1237-3p","VCAN","1462","ENSG00000038427","0.703","predicted"
"diana_microt","MIMAT0019222","hsa-miR-3682-5p","VCAN","1462","ENSG00000038427","0.703","predicted"
"diana_microt","MIMAT0022300","hsa-miR-5590-3p","COL11A1","1301","ENSG00000060718","0.702","predicted"
"diana_microt","MIMAT0022300","hsa-miR-5590-3p","COL11A1","1301","ENSG00000060718","0.702","predicted"
"diana_microt","MIMAT0000259","hsa-miR-182-5p","FN1","2335","ENSG00000115414","0.702","predicted"
"diana_microt","MIMAT0000730","hsa-miR-377-3p","FN1","2335","ENSG00000115414","0.702","predicted"
"diana_microt","MIMAT0015034","hsa-miR-3160-3p","FN1","2335","ENSG00000115414","0.702","predicted"
"diana_microt","MIMAT0000259","hsa-miR-182-5p","FN1","2335","ENSG00000115414","0.702","predicted"
"diana_microt","MIMAT0000730","hsa-miR-377-3p","FN1","2335","ENSG00000115414","0.702","predicted"
"diana_microt","MIMAT0015034","hsa-miR-3160-3p","FN1","2335","ENSG00000115414","0.702","predicted"
"diana_microt","MIMAT0015007","hsa-miR-3139","LOX","4015","ENSG00000113083","0.702","predicted"
"diana_microt","MIMAT0016872","hsa-miR-4317","LOX","4015","ENSG00000113083","0.702","predicted"
"diana_microt","MIMAT0020603","hsa-miR-5096","LOX","4015","ENSG00000113083","0.702","predicted"
"diana_microt","MIMAT0004504","hsa-miR-31-3p","LOX","4015","ENSG00000113083","0.702","predicted"
"diana_microt","MIMAT0015007","hsa-miR-3139","LOX","4015","ENSG00000113083","0.702","predicted"
"diana_microt","MIMAT0016872","hsa-miR-4317","LOX","4015","ENSG00000113083","0.702","predicted"
"diana_microt","MIMAT0020603","hsa-miR-5096","LOX","4015","ENSG00000113083","0.702","predicted"
"diana_microt","MIMAT0004504","hsa-miR-31-3p","LOX","4015","ENSG00000113083","0.702","predicted"
"diana_microt","MIMAT0022292","hsa-miR-548au-3p","FN1","2335","ENSG00000115414","0.701","predicted"
"diana_microt","MIMAT0022292","hsa-miR-548au-3p","FN1","2335","ENSG00000115414","0.701","predicted"
"diana_microt","MIMAT0019913","hsa-miR-4763-3p","EDIL3","10085","ENSG00000164176","0.701","predicted"
"diana_microt","MIMAT0005573","hsa-miR-1225-3p","COMP","1311","ENSG00000105664","0.701","predicted"
"diana_microt","MIMAT0005573","hsa-miR-1225-3p","COMP","1311","ENSG00000105664","0.701","predicted"
"diana_microt","MIMAT0003235","hsa-miR-570-3p","VCAN","1462","ENSG00000038427","0.701","predicted"
"diana_microt","MIMAT0003235","hsa-miR-570-3p","VCAN","1462","ENSG00000038427","0.701","predicted"
"diana_microt","MIMAT0004593","hsa-miR-130a-5p","ISM1","140862","ENSG00000101230","0.701","predicted"
"diana_microt","MIMAT0004593","hsa-miR-130a-5p","ISM1","140862","ENSG00000101230","0.701","predicted"
"elmmo","MIMAT0000087","hsa-miR-30a-5p","LOX","4015","ENSG00000113083","0.954","predicted"
"elmmo","MIMAT0000087","hsa-miR-30a-5p","LOX","4015","ENSG00000113083","0.954","predicted"
"elmmo","MIMAT0000692","hsa-miR-30e-5p","LOX","4015","ENSG00000113083","0.954","predicted"
"elmmo","MIMAT0000692","hsa-miR-30e-5p","LOX","4015","ENSG00000113083","0.954","predicted"
"elmmo","MIMAT0000244","hsa-miR-30c-5p","LOX","4015","ENSG00000113083","0.954","predicted"
"elmmo","MIMAT0000244","hsa-miR-30c-5p","LOX","4015","ENSG00000113083","0.954","predicted"
"elmmo","MIMAT0000245","hsa-miR-30d-5p","LOX","4015","ENSG00000113083","0.954","predicted"
"elmmo","MIMAT0000245","hsa-miR-30d-5p","LOX","4015","ENSG00000113083","0.954","predicted"
"elmmo","MIMAT0000420","hsa-miR-30b-5p","LOX","4015","ENSG00000113083","0.954","predicted"
"elmmo","MIMAT0000420","hsa-miR-30b-5p","LOX","4015","ENSG00000113083","0.954","predicted"
"elmmo","MIMAT0000422","hsa-miR-124-3p","VCAN","1462","ENSG00000038427","0.95","predicted"
"elmmo","MIMAT0000422","hsa-miR-124-3p","VCAN","1462","ENSG00000038427","0.95","predicted"
"elmmo","MIMAT0002878","hsa-miR-506-3p","VCAN","1462","ENSG00000038427","0.95","predicted"
"elmmo","MIMAT0002878","hsa-miR-506-3p","VCAN","1462","ENSG00000038427","0.95","predicted"
"elmmo","MIMAT0000063","hsa-let-7b-5p","COL3A1","1281","ENSG00000168542","0.948","predicted"
"elmmo","MIMAT0000063","hsa-let-7b-5p","COL3A1","1281","ENSG00000168542","0.948","predicted"
"elmmo","MIMAT0000066","hsa-let-7e-5p","COL3A1","1281","ENSG00000168542","0.948","predicted"
"elmmo","MIMAT0000066","hsa-let-7e-5p","COL3A1","1281","ENSG00000168542","0.948","predicted"
"elmmo","MIMAT0000062","hsa-let-7a-5p","COL3A1","1281","ENSG00000168542","0.948","predicted"
"elmmo","MIMAT0000062","hsa-let-7a-5p","COL3A1","1281","ENSG00000168542","0.948","predicted"
"elmmo","MIMAT0000414","hsa-let-7g-5p","COL3A1","1281","ENSG00000168542","0.948","predicted"
"elmmo","MIMAT0000414","hsa-let-7g-5p","COL3A1","1281","ENSG00000168542","0.948","predicted"
"elmmo","MIMAT0000415","hsa-let-7i-5p","COL3A1","1281","ENSG00000168542","0.948","predicted"
"elmmo","MIMAT0000415","hsa-let-7i-5p","COL3A1","1281","ENSG00000168542","0.948","predicted"
"elmmo","MIMAT0000096","hsa-miR-98-5p","COL3A1","1281","ENSG00000168542","0.948","predicted"
"elmmo","MIMAT0000096","hsa-miR-98-5p","COL3A1","1281","ENSG00000168542","0.948","predicted"
"elmmo","MIMAT0000067","hsa-let-7f-5p","COL3A1","1281","ENSG00000168542","0.948","predicted"
"elmmo","MIMAT0000067","hsa-let-7f-5p","COL3A1","1281","ENSG00000168542","0.948","predicted"
"elmmo","MIMAT0000064","hsa-let-7c-5p","COL3A1","1281","ENSG00000168542","0.948","predicted"
"elmmo","MIMAT0000064","hsa-let-7c-5p","COL3A1","1281","ENSG00000168542","0.948","predicted"
"elmmo","MIMAT0000441","hsa-miR-9-5p","VCAN","1462","ENSG00000038427","0.937","predicted"
"elmmo","MIMAT0000441","hsa-miR-9-5p","VCAN","1462","ENSG00000038427","0.937","predicted"
"elmmo","MIMAT0000100","hsa-miR-29b-3p","COL3A1","1281","ENSG00000168542","0.93","predicted"
"elmmo","MIMAT0000100","hsa-miR-29b-3p","COL3A1","1281","ENSG00000168542","0.93","predicted"
"elmmo","MIMAT0000086","hsa-miR-29a-3p","COL3A1","1281","ENSG00000168542","0.93","predicted"
"elmmo","MIMAT0000086","hsa-miR-29a-3p","COL3A1","1281","ENSG00000168542","0.93","predicted"
"elmmo","MIMAT0000681","hsa-miR-29c-3p","COL3A1","1281","ENSG00000168542","0.93","predicted"
"elmmo","MIMAT0000681","hsa-miR-29c-3p","COL3A1","1281","ENSG00000168542","0.93","predicted"
"elmmo","MIMAT0010195","hsa-let-7a-2-3p","COL11A1","1301","ENSG00000060718","0.924","predicted"
"elmmo","MIMAT0010195","hsa-let-7a-2-3p","COL11A1","1301","ENSG00000060718","0.924","predicted"
"elmmo","MIMAT0004584","hsa-let-7g-3p","COL11A1","1301","ENSG00000060718","0.924","predicted"
"elmmo","MIMAT0004584","hsa-let-7g-3p","COL11A1","1301","ENSG00000060718","0.924","predicted"
"elmmo","MIMAT0000100","hsa-miR-29b-3p","COL11A1","1301","ENSG00000060718","0.918","predicted"
"elmmo","MIMAT0000100","hsa-miR-29b-3p","COL11A1","1301","ENSG00000060718","0.918","predicted"
"elmmo","MIMAT0000086","hsa-miR-29a-3p","COL11A1","1301","ENSG00000060718","0.918","predicted"
"elmmo","MIMAT0000086","hsa-miR-29a-3p","COL11A1","1301","ENSG00000060718","0.918","predicted"
"elmmo","MIMAT0000681","hsa-miR-29c-3p","COL11A1","1301","ENSG00000060718","0.918","predicted"
"elmmo","MIMAT0000681","hsa-miR-29c-3p","COL11A1","1301","ENSG00000060718","0.918","predicted"
"elmmo","MIMAT0000100","hsa-miR-29b-3p","LOX","4015","ENSG00000113083","0.918","predicted"
"elmmo","MIMAT0000100","hsa-miR-29b-3p","LOX","4015","ENSG00000113083","0.918","predicted"
"elmmo","MIMAT0000086","hsa-miR-29a-3p","LOX","4015","ENSG00000113083","0.918","predicted"
"elmmo","MIMAT0000086","hsa-miR-29a-3p","LOX","4015","ENSG00000113083","0.918","predicted"
"elmmo","MIMAT0000681","hsa-miR-29c-3p","LOX","4015","ENSG00000113083","0.918","predicted"
"elmmo","MIMAT0000681","hsa-miR-29c-3p","LOX","4015","ENSG00000113083","0.918","predicted"
"elmmo","MIMAT0000429","hsa-miR-137-3p","EDIL3","10085","ENSG00000164176","0.892","predicted"
"elmmo","MIMAT0000429","hsa-miR-137-3p","EDIL3","10085","ENSG00000164176","0.892","predicted"
"elmmo","MIMAT0004482","hsa-let-7b-3p","VCAN","1462","ENSG00000038427","0.89","predicted"
"elmmo","MIMAT0004482","hsa-let-7b-3p","VCAN","1462","ENSG00000038427","0.89","predicted"
"elmmo","MIMAT0004481","hsa-let-7a-3p","VCAN","1462","ENSG00000038427","0.89","predicted"
"elmmo","MIMAT0004481","hsa-let-7a-3p","VCAN","1462","ENSG00000038427","0.89","predicted"
"elmmo","MIMAT0004486","hsa-let-7f-1-3p","VCAN","1462","ENSG00000038427","0.89","predicted"
"elmmo","MIMAT0004486","hsa-let-7f-1-3p","VCAN","1462","ENSG00000038427","0.89","predicted"
"elmmo","MIMAT0000065","hsa-let-7d-5p","COL3A1","1281","ENSG00000168542","0.889","predicted"
"elmmo","MIMAT0000065","hsa-let-7d-5p","COL3A1","1281","ENSG00000168542","0.889","predicted"
"elmmo","MIMAT0000257","hsa-miR-181b-5p","VCAN","1462","ENSG00000038427","0.888","predicted"
"elmmo","MIMAT0000257","hsa-miR-181b-5p","VCAN","1462","ENSG00000038427","0.888","predicted"
"elmmo","MIMAT0000256","hsa-miR-181a-5p","VCAN","1462","ENSG00000038427","0.888","predicted"
"elmmo","MIMAT0000256","hsa-miR-181a-5p","VCAN","1462","ENSG00000038427","0.888","predicted"
"elmmo","MIMAT0000258","hsa-miR-181c-5p","VCAN","1462","ENSG00000038427","0.888","predicted"
"elmmo","MIMAT0000258","hsa-miR-181c-5p","VCAN","1462","ENSG00000038427","0.888","predicted"
"elmmo","MIMAT0002821","hsa-miR-181d-5p","VCAN","1462","ENSG00000038427","0.888","predicted"
"elmmo","MIMAT0002821","hsa-miR-181d-5p","VCAN","1462","ENSG00000038427","0.888","predicted"
"elmmo","MIMAT0000436","hsa-miR-144-3p","FN1","2335","ENSG00000115414","0.885","predicted"
"elmmo","MIMAT0000436","hsa-miR-144-3p","FN1","2335","ENSG00000115414","0.885","predicted"
"elmmo","MIMAT0016894","hsa-miR-4262","VCAN","1462","ENSG00000038427","0.882","predicted"
"elmmo","MIMAT0016894","hsa-miR-4262","VCAN","1462","ENSG00000038427","0.882","predicted"
"elmmo","MIMAT0000082","hsa-miR-26a-5p","COL11A1","1301","ENSG00000060718","0.877","predicted"
"elmmo","MIMAT0000082","hsa-miR-26a-5p","COL11A1","1301","ENSG00000060718","0.877","predicted"
"elmmo","MIMAT0000083","hsa-miR-26b-5p","COL11A1","1301","ENSG00000060718","0.877","predicted"
"elmmo","MIMAT0000083","hsa-miR-26b-5p","COL11A1","1301","ENSG00000060718","0.877","predicted"
"elmmo","MIMAT0005886","hsa-miR-1297","COL11A1","1301","ENSG00000060718","0.877","predicted"
"elmmo","MIMAT0005886","hsa-miR-1297","COL11A1","1301","ENSG00000060718","0.877","predicted"
"elmmo","MIMAT0000429","hsa-miR-137-3p","COL11A1","1301","ENSG00000060718","0.876","predicted"
"elmmo","MIMAT0000429","hsa-miR-137-3p","COL11A1","1301","ENSG00000060718","0.876","predicted"
"elmmo","MIMAT0000099","hsa-miR-101-3p","FN1","2335","ENSG00000115414","0.873","predicted"
"elmmo","MIMAT0000099","hsa-miR-101-3p","FN1","2335","ENSG00000115414","0.873","predicted"
"elmmo","MIMAT0000428","hsa-miR-135a-5p","VCAN","1462","ENSG00000038427","0.872","predicted"
"elmmo","MIMAT0000428","hsa-miR-135a-5p","VCAN","1462","ENSG00000038427","0.872","predicted"
"elmmo","MIMAT0000758","hsa-miR-135b-5p","VCAN","1462","ENSG00000038427","0.872","predicted"
"elmmo","MIMAT0000758","hsa-miR-135b-5p","VCAN","1462","ENSG00000038427","0.872","predicted"
"elmmo","MIMAT0004692","hsa-miR-340-5p","VCAN","1462","ENSG00000038427","0.87","predicted"
"elmmo","MIMAT0004692","hsa-miR-340-5p","VCAN","1462","ENSG00000038427","0.87","predicted"
"elmmo","MIMAT0000419","hsa-miR-27b-3p","LOX","4015","ENSG00000113083","0.865","predicted"
"elmmo","MIMAT0000419","hsa-miR-27b-3p","LOX","4015","ENSG00000113083","0.865","predicted"
"elmmo","MIMAT0000084","hsa-miR-27a-3p","LOX","4015","ENSG00000113083","0.865","predicted"
"elmmo","MIMAT0000084","hsa-miR-27a-3p","LOX","4015","ENSG00000113083","0.865","predicted"
"elmmo","MIMAT0004482","hsa-let-7b-3p","COL11A1","1301","ENSG00000060718","0.864","predicted"
"elmmo","MIMAT0004482","hsa-let-7b-3p","COL11A1","1301","ENSG00000060718","0.864","predicted"
"elmmo","MIMAT0004481","hsa-let-7a-3p","COL11A1","1301","ENSG00000060718","0.864","predicted"
"elmmo","MIMAT0004481","hsa-let-7a-3p","COL11A1","1301","ENSG00000060718","0.864","predicted"
"elmmo","MIMAT0004486","hsa-let-7f-1-3p","COL11A1","1301","ENSG00000060718","0.864","predicted"
"elmmo","MIMAT0004486","hsa-let-7f-1-3p","COL11A1","1301","ENSG00000060718","0.864","predicted"
"elmmo","MIMAT0002811","hsa-miR-202-3p","COL11A1","1301","ENSG00000060718","0.86","predicted"
"elmmo","MIMAT0002811","hsa-miR-202-3p","COL11A1","1301","ENSG00000060718","0.86","predicted"
"elmmo","MIMAT0018184","hsa-miR-3910","VCAN","1462","ENSG00000038427","0.855","predicted"
"elmmo","MIMAT0018184","hsa-miR-3910","VCAN","1462","ENSG00000038427","0.855","predicted"
"elmmo","MIMAT0000428","hsa-miR-135a-5p","INHBA","3624","ENSG00000122641","0.852","predicted"
"elmmo","MIMAT0000428","hsa-miR-135a-5p","INHBA","3624","ENSG00000122641","0.852","predicted"
"elmmo","MIMAT0000758","hsa-miR-135b-5p","INHBA","3624","ENSG00000122641","0.852","predicted"
"elmmo","MIMAT0000758","hsa-miR-135b-5p","INHBA","3624","ENSG00000122641","0.852","predicted"
"elmmo","MIMAT0015037","hsa-miR-3163","FN1","2335","ENSG00000115414","0.851","predicted"
"elmmo","MIMAT0015037","hsa-miR-3163","FN1","2335","ENSG00000115414","0.851","predicted"
"elmmo","MIMAT0015037","hsa-miR-3163","VCAN","1462","ENSG00000038427","0.851","predicted"
"elmmo","MIMAT0015037","hsa-miR-3163","VCAN","1462","ENSG00000038427","0.851","predicted"
"elmmo","MIMAT0000318","hsa-miR-200b-3p","FN1","2335","ENSG00000115414","0.85","predicted"
"elmmo","MIMAT0000318","hsa-miR-200b-3p","FN1","2335","ENSG00000115414","0.85","predicted"
"elmmo","MIMAT0000095","hsa-miR-96-5p","FN1","2335","ENSG00000115414","0.85","predicted"
"elmmo","MIMAT0000095","hsa-miR-96-5p","FN1","2335","ENSG00000115414","0.85","predicted"
"elmmo","MIMAT0001536","hsa-miR-429","FN1","2335","ENSG00000115414","0.85","predicted"
"elmmo","MIMAT0001536","hsa-miR-429","FN1","2335","ENSG00000115414","0.85","predicted"
"elmmo","MIMAT0000617","hsa-miR-200c-3p","FN1","2335","ENSG00000115414","0.85","predicted"
"elmmo","MIMAT0000617","hsa-miR-200c-3p","FN1","2335","ENSG00000115414","0.85","predicted"
"elmmo","MIMAT0000232","hsa-miR-199a-3p","FN1","2335","ENSG00000115414","0.846","predicted"
"elmmo","MIMAT0000232","hsa-miR-199a-3p","FN1","2335","ENSG00000115414","0.846","predicted"
"elmmo","MIMAT0004563","hsa-miR-199b-3p","FN1","2335","ENSG00000115414","0.846","predicted"
"elmmo","MIMAT0004563","hsa-miR-199b-3p","FN1","2335","ENSG00000115414","0.846","predicted"
"elmmo","MIMAT0000442","hsa-miR-9-3p","FN1","2335","ENSG00000115414","0.845","predicted"
"elmmo","MIMAT0000442","hsa-miR-9-3p","FN1","2335","ENSG00000115414","0.845","predicted"
"elmmo","MIMAT0000101","hsa-miR-103a-3p","VCAN","1462","ENSG00000038427","0.843","predicted"
"elmmo","MIMAT0000101","hsa-miR-103a-3p","VCAN","1462","ENSG00000038427","0.843","predicted"
"elmmo","MIMAT0000104","hsa-miR-107","VCAN","1462","ENSG00000038427","0.843","predicted"
"elmmo","MIMAT0000104","hsa-miR-107","VCAN","1462","ENSG00000038427","0.843","predicted"
"elmmo","MIMAT0000100","hsa-miR-29b-3p","LOX","4015","ENSG00000113083","0.842","predicted"
"elmmo","MIMAT0000100","hsa-miR-29b-3p","LOX","4015","ENSG00000113083","0.842","predicted"
"elmmo","MIMAT0000086","hsa-miR-29a-3p","LOX","4015","ENSG00000113083","0.842","predicted"
"elmmo","MIMAT0000086","hsa-miR-29a-3p","LOX","4015","ENSG00000113083","0.842","predicted"
"elmmo","MIMAT0000681","hsa-miR-29c-3p","LOX","4015","ENSG00000113083","0.842","predicted"
"elmmo","MIMAT0000681","hsa-miR-29c-3p","LOX","4015","ENSG00000113083","0.842","predicted"
"elmmo","MIMAT0000065","hsa-let-7d-5p","LOX","4015","ENSG00000113083","0.841","predicted"
"elmmo","MIMAT0000065","hsa-let-7d-5p","LOX","4015","ENSG00000113083","0.841","predicted"
"elmmo","MIMAT0000736","hsa-miR-381-3p","COL11A1","1301","ENSG00000060718","0.839","predicted"
"elmmo","MIMAT0000736","hsa-miR-381-3p","COL11A1","1301","ENSG00000060718","0.839","predicted"
"elmmo","MIMAT0004903","hsa-miR-300","COL11A1","1301","ENSG00000060718","0.839","predicted"
"elmmo","MIMAT0004903","hsa-miR-300","COL11A1","1301","ENSG00000060718","0.839","predicted"
"elmmo","MIMAT0004482","hsa-let-7b-3p","VCAN","1462","ENSG00000038427","0.834","predicted"
"elmmo","MIMAT0004482","hsa-let-7b-3p","VCAN","1462","ENSG00000038427","0.834","predicted"
"elmmo","MIMAT0004481","hsa-let-7a-3p","VCAN","1462","ENSG00000038427","0.834","predicted"
"elmmo","MIMAT0004481","hsa-let-7a-3p","VCAN","1462","ENSG00000038427","0.834","predicted"
"elmmo","MIMAT0004486","hsa-let-7f-1-3p","VCAN","1462","ENSG00000038427","0.834","predicted"
"elmmo","MIMAT0004486","hsa-let-7f-1-3p","VCAN","1462","ENSG00000038427","0.834","predicted"
"elmmo","MIMAT0004593","hsa-miR-130a-5p","VCAN","1462","ENSG00000038427","0.83","predicted"
"elmmo","MIMAT0004593","hsa-miR-130a-5p","VCAN","1462","ENSG00000038427","0.83","predicted"
"elmmo","MIMAT0000259","hsa-miR-182-5p","FN1","2335","ENSG00000115414","0.821","predicted"
"elmmo","MIMAT0000259","hsa-miR-182-5p","FN1","2335","ENSG00000115414","0.821","predicted"
"elmmo","MIMAT0004487","hsa-let-7f-2-3p","VCAN","1462","ENSG00000038427","0.818","predicted"
"elmmo","MIMAT0004487","hsa-let-7f-2-3p","VCAN","1462","ENSG00000038427","0.818","predicted"
"elmmo","MIMAT0000078","hsa-miR-23a-3p","VCAN","1462","ENSG00000038427","0.815","predicted"
"elmmo","MIMAT0000078","hsa-miR-23a-3p","VCAN","1462","ENSG00000038427","0.815","predicted"
"elmmo","MIMAT0000418","hsa-miR-23b-3p","VCAN","1462","ENSG00000038427","0.815","predicted"
"elmmo","MIMAT0000418","hsa-miR-23b-3p","VCAN","1462","ENSG00000038427","0.815","predicted"
"elmmo","MIMAT0000736","hsa-miR-381-3p","VCAN","1462","ENSG00000038427","0.815","predicted"
"elmmo","MIMAT0000736","hsa-miR-381-3p","VCAN","1462","ENSG00000038427","0.815","predicted"
"elmmo","MIMAT0004903","hsa-miR-300","VCAN","1462","ENSG00000038427","0.815","predicted"
"elmmo","MIMAT0004903","hsa-miR-300","VCAN","1462","ENSG00000038427","0.815","predicted"
"elmmo","MIMAT0018000","hsa-miR-23c","VCAN","1462","ENSG00000038427","0.815","predicted"
"elmmo","MIMAT0018000","hsa-miR-23c","VCAN","1462","ENSG00000038427","0.815","predicted"
"elmmo","MIMAT0000736","hsa-miR-381-3p","COL3A1","1281","ENSG00000168542","0.806","predicted"
"elmmo","MIMAT0000736","hsa-miR-381-3p","COL3A1","1281","ENSG00000168542","0.806","predicted"
"elmmo","MIMAT0004903","hsa-miR-300","COL3A1","1281","ENSG00000168542","0.806","predicted"
"elmmo","MIMAT0004903","hsa-miR-300","COL3A1","1281","ENSG00000168542","0.806","predicted"
"elmmo","MIMAT0004593","hsa-miR-130a-5p","VCAN","1462","ENSG00000038427","0.806","predicted"
"elmmo","MIMAT0004593","hsa-miR-130a-5p","VCAN","1462","ENSG00000038427","0.806","predicted"
"elmmo","MIMAT0000091","hsa-miR-33a-5p","VCAN","1462","ENSG00000038427","0.804","predicted"
"elmmo","MIMAT0000091","hsa-miR-33a-5p","VCAN","1462","ENSG00000038427","0.804","predicted"
"elmmo","MIMAT0003301","hsa-miR-33b-5p","VCAN","1462","ENSG00000038427","0.804","predicted"
"elmmo","MIMAT0003301","hsa-miR-33b-5p","VCAN","1462","ENSG00000038427","0.804","predicted"
"elmmo","MIMAT0004954","hsa-miR-543","COL11A1","1301","ENSG00000060718","0.803","predicted"
"elmmo","MIMAT0004954","hsa-miR-543","COL11A1","1301","ENSG00000060718","0.803","predicted"
"elmmo","MIMAT0004954","hsa-miR-543","VCAN","1462","ENSG00000038427","0.803","predicted"
"elmmo","MIMAT0004954","hsa-miR-543","VCAN","1462","ENSG00000038427","0.803","predicted"
"elmmo","MIMAT0016894","hsa-miR-4262","LOX","4015","ENSG00000113083","0.798","predicted"
"elmmo","MIMAT0016894","hsa-miR-4262","LOX","4015","ENSG00000113083","0.798","predicted"
"elmmo","MIMAT0002849","hsa-miR-524-5p","COL11A1","1301","ENSG00000060718","0.797","predicted"
"elmmo","MIMAT0002849","hsa-miR-524-5p","COL11A1","1301","ENSG00000060718","0.797","predicted"
"elmmo","MIMAT0002855","hsa-miR-520d-5p","COL11A1","1301","ENSG00000060718","0.797","predicted"
"elmmo","MIMAT0002855","hsa-miR-520d-5p","COL11A1","1301","ENSG00000060718","0.797","predicted"
"elmmo","MIMAT0002849","hsa-miR-524-5p","VCAN","1462","ENSG00000038427","0.797","predicted"
"elmmo","MIMAT0002849","hsa-miR-524-5p","VCAN","1462","ENSG00000038427","0.797","predicted"
"elmmo","MIMAT0002855","hsa-miR-520d-5p","VCAN","1462","ENSG00000038427","0.797","predicted"
"elmmo","MIMAT0002855","hsa-miR-520d-5p","VCAN","1462","ENSG00000038427","0.797","predicted"
"elmmo","MIMAT0018184","hsa-miR-3910","COL11A1","1301","ENSG00000060718","0.796","predicted"
"elmmo","MIMAT0018184","hsa-miR-3910","COL11A1","1301","ENSG00000060718","0.796","predicted"
"elmmo","MIMAT0000257","hsa-miR-181b-5p","LOX","4015","ENSG00000113083","0.796","predicted"
"elmmo","MIMAT0000257","hsa-miR-181b-5p","LOX","4015","ENSG00000113083","0.796","predicted"
"elmmo","MIMAT0000256","hsa-miR-181a-5p","LOX","4015","ENSG00000113083","0.796","predicted"
"elmmo","MIMAT0000256","hsa-miR-181a-5p","LOX","4015","ENSG00000113083","0.796","predicted"
"elmmo","MIMAT0000258","hsa-miR-181c-5p","LOX","4015","ENSG00000113083","0.796","predicted"
"elmmo","MIMAT0000258","hsa-miR-181c-5p","LOX","4015","ENSG00000113083","0.796","predicted"
"elmmo","MIMAT0002821","hsa-miR-181d-5p","LOX","4015","ENSG00000113083","0.796","predicted"
"elmmo","MIMAT0002821","hsa-miR-181d-5p","LOX","4015","ENSG00000113083","0.796","predicted"
"elmmo","MIMAT0000099","hsa-miR-101-3p","VCAN","1462","ENSG00000038427","0.793","predicted"
"elmmo","MIMAT0000099","hsa-miR-101-3p","VCAN","1462","ENSG00000038427","0.793","predicted"
"elmmo","MIMAT0015037","hsa-miR-3163","ISM1","140862","ENSG00000101230","0.789","predicted"
"elmmo","MIMAT0015037","hsa-miR-3163","ISM1","140862","ENSG00000101230","0.789","predicted"
"elmmo","MIMAT0000424","hsa-miR-128-3p","LOX","4015","ENSG00000113083","0.78","predicted"
"elmmo","MIMAT0000424","hsa-miR-128-3p","LOX","4015","ENSG00000113083","0.78","predicted"
"elmmo","MIMAT0014983","hsa-miR-3121-3p","VCAN","1462","ENSG00000038427","0.774","predicted"
"elmmo","MIMAT0014983","hsa-miR-3121-3p","VCAN","1462","ENSG00000038427","0.774","predicted"
"elmmo","MIMAT0018094","hsa-miR-3671","COL11A1","1301","ENSG00000060718","0.773","predicted"
"elmmo","MIMAT0018094","hsa-miR-3671","COL11A1","1301","ENSG00000060718","0.773","predicted"
"elmmo","MIMAT0016862","hsa-miR-4310","VCAN","1462","ENSG00000038427","0.77","predicted"
"elmmo","MIMAT0016862","hsa-miR-4310","VCAN","1462","ENSG00000038427","0.77","predicted"
"elmmo","MIMAT0000436","hsa-miR-144-3p","VCAN","1462","ENSG00000038427","0.763","predicted"
"elmmo","MIMAT0000436","hsa-miR-144-3p","VCAN","1462","ENSG00000038427","0.763","predicted"
"elmmo","MIMAT0004593","hsa-miR-130a-5p","ISM1","140862","ENSG00000101230","0.762","predicted"
"elmmo","MIMAT0004593","hsa-miR-130a-5p","ISM1","140862","ENSG00000101230","0.762","predicted"
"elmmo","MIMAT0002832","hsa-miR-519c-3p","ISM1","140862","ENSG00000101230","0.76","predicted"
"elmmo","MIMAT0002832","hsa-miR-519c-3p","ISM1","140862","ENSG00000101230","0.76","predicted"
"elmmo","MIMAT0002837","hsa-miR-519b-3p","ISM1","140862","ENSG00000101230","0.76","predicted"
"elmmo","MIMAT0002837","hsa-miR-519b-3p","ISM1","140862","ENSG00000101230","0.76","predicted"
"elmmo","MIMAT0002869","hsa-miR-519a-3p","ISM1","140862","ENSG00000101230","0.76","predicted"
"elmmo","MIMAT0002869","hsa-miR-519a-3p","ISM1","140862","ENSG00000101230","0.76","predicted"
"elmmo","MIMAT0000063","hsa-let-7b-5p","COL11A1","1301","ENSG00000060718","0.758","predicted"
"elmmo","MIMAT0000063","hsa-let-7b-5p","COL11A1","1301","ENSG00000060718","0.758","predicted"
"elmmo","MIMAT0000066","hsa-let-7e-5p","COL11A1","1301","ENSG00000060718","0.758","predicted"
"elmmo","MIMAT0000066","hsa-let-7e-5p","COL11A1","1301","ENSG00000060718","0.758","predicted"
"elmmo","MIMAT0000062","hsa-let-7a-5p","COL11A1","1301","ENSG00000060718","0.758","predicted"
"elmmo","MIMAT0000062","hsa-let-7a-5p","COL11A1","1301","ENSG00000060718","0.758","predicted"
"elmmo","MIMAT0000414","hsa-let-7g-5p","COL11A1","1301","ENSG00000060718","0.758","predicted"
"elmmo","MIMAT0000414","hsa-let-7g-5p","COL11A1","1301","ENSG00000060718","0.758","predicted"
"elmmo","MIMAT0000415","hsa-let-7i-5p","COL11A1","1301","ENSG00000060718","0.758","predicted"
"elmmo","MIMAT0000415","hsa-let-7i-5p","COL11A1","1301","ENSG00000060718","0.758","predicted"
"elmmo","MIMAT0000096","hsa-miR-98-5p","COL11A1","1301","ENSG00000060718","0.758","predicted"
"elmmo","MIMAT0000096","hsa-miR-98-5p","COL11A1","1301","ENSG00000060718","0.758","predicted"
"elmmo","MIMAT0000067","hsa-let-7f-5p","COL11A1","1301","ENSG00000060718","0.758","predicted"
"elmmo","MIMAT0000067","hsa-let-7f-5p","COL11A1","1301","ENSG00000060718","0.758","predicted"
"elmmo","MIMAT0000064","hsa-let-7c-5p","COL11A1","1301","ENSG00000060718","0.758","predicted"
"elmmo","MIMAT0000064","hsa-let-7c-5p","COL11A1","1301","ENSG00000060718","0.758","predicted"
"elmmo","MIMAT0000100","hsa-miR-29b-3p","LOX","4015","ENSG00000113083","0.758","predicted"
"elmmo","MIMAT0000100","hsa-miR-29b-3p","LOX","4015","ENSG00000113083","0.758","predicted"
"elmmo","MIMAT0000086","hsa-miR-29a-3p","LOX","4015","ENSG00000113083","0.758","predicted"
"elmmo","MIMAT0000086","hsa-miR-29a-3p","LOX","4015","ENSG00000113083","0.758","predicted"
"elmmo","MIMAT0000681","hsa-miR-29c-3p","LOX","4015","ENSG00000113083","0.758","predicted"
"elmmo","MIMAT0000681","hsa-miR-29c-3p","LOX","4015","ENSG00000113083","0.758","predicted"
"elmmo","MIMAT0002877","hsa-miR-513a-5p","LOX","4015","ENSG00000113083","0.756","predicted"
"elmmo","MIMAT0002877","hsa-miR-513a-5p","LOX","4015","ENSG00000113083","0.756","predicted"
"elmmo","MIMAT0000437","hsa-miR-145-5p","LOX","4015","ENSG00000113083","0.755","predicted"
"elmmo","MIMAT0000437","hsa-miR-145-5p","LOX","4015","ENSG00000113083","0.755","predicted"
"elmmo","MIMAT0002811","hsa-miR-202-3p","LOX","4015","ENSG00000113083","0.751","predicted"
"elmmo","MIMAT0002811","hsa-miR-202-3p","LOX","4015","ENSG00000113083","0.751","predicted"
"elmmo","MIMAT0000078","hsa-miR-23a-3p","ISM1","140862","ENSG00000101230","0.742","predicted"
"elmmo","MIMAT0000078","hsa-miR-23a-3p","ISM1","140862","ENSG00000101230","0.742","predicted"
"elmmo","MIMAT0000418","hsa-miR-23b-3p","ISM1","140862","ENSG00000101230","0.742","predicted"
"elmmo","MIMAT0000418","hsa-miR-23b-3p","ISM1","140862","ENSG00000101230","0.742","predicted"
"elmmo","MIMAT0018000","hsa-miR-23c","ISM1","140862","ENSG00000101230","0.742","predicted"
"elmmo","MIMAT0018000","hsa-miR-23c","ISM1","140862","ENSG00000101230","0.742","predicted"
"elmmo","MIMAT0005941","hsa-miR-1284","VCAN","1462","ENSG00000038427","0.74","predicted"
"elmmo","MIMAT0005941","hsa-miR-1284","VCAN","1462","ENSG00000038427","0.74","predicted"
"elmmo","MIMAT0000226","hsa-miR-196a-5p","COL3A1","1281","ENSG00000168542","0.737","predicted"
"elmmo","MIMAT0000226","hsa-miR-196a-5p","COL3A1","1281","ENSG00000168542","0.737","predicted"
"elmmo","MIMAT0001080","hsa-miR-196b-5p","COL3A1","1281","ENSG00000168542","0.737","predicted"
"elmmo","MIMAT0001080","hsa-miR-196b-5p","COL3A1","1281","ENSG00000168542","0.737","predicted"
"elmmo","MIMAT0002846","hsa-miR-520c-3p","ISM1","140862","ENSG00000101230","0.736","predicted"
"elmmo","MIMAT0002846","hsa-miR-520c-3p","ISM1","140862","ENSG00000101230","0.736","predicted"
"elmmo","MIMAT0002834","hsa-miR-520a-3p","ISM1","140862","ENSG00000101230","0.736","predicted"
"elmmo","MIMAT0002834","hsa-miR-520a-3p","ISM1","140862","ENSG00000101230","0.736","predicted"
"elmmo","MIMAT0002856","hsa-miR-520d-3p","ISM1","140862","ENSG00000101230","0.736","predicted"
"elmmo","MIMAT0002856","hsa-miR-520d-3p","ISM1","140862","ENSG00000101230","0.736","predicted"
"elmmo","MIMAT0000724","hsa-miR-372-3p","ISM1","140862","ENSG00000101230","0.736","predicted"
"elmmo","MIMAT0000724","hsa-miR-372-3p","ISM1","140862","ENSG00000101230","0.736","predicted"
"elmmo","MIMAT0002843","hsa-miR-520b-3p","ISM1","140862","ENSG00000101230","0.736","predicted"
"elmmo","MIMAT0002843","hsa-miR-520b-3p","ISM1","140862","ENSG00000101230","0.736","predicted"
"elmmo","MIMAT0002825","hsa-miR-520e-3p","ISM1","140862","ENSG00000101230","0.736","predicted"
"elmmo","MIMAT0002825","hsa-miR-520e-3p","ISM1","140862","ENSG00000101230","0.736","predicted"
"elmmo","MIMAT0004909","hsa-miR-450b-5p","EDIL3","10085","ENSG00000164176","0.735","predicted"
"elmmo","MIMAT0004909","hsa-miR-450b-5p","EDIL3","10085","ENSG00000164176","0.735","predicted"
"elmmo","MIMAT0000318","hsa-miR-200b-3p","LOX","4015","ENSG00000113083","0.733","predicted"
"elmmo","MIMAT0000318","hsa-miR-200b-3p","LOX","4015","ENSG00000113083","0.733","predicted"
"elmmo","MIMAT0001536","hsa-miR-429","LOX","4015","ENSG00000113083","0.733","predicted"
"elmmo","MIMAT0001536","hsa-miR-429","LOX","4015","ENSG00000113083","0.733","predicted"
"elmmo","MIMAT0000617","hsa-miR-200c-3p","LOX","4015","ENSG00000113083","0.733","predicted"
"elmmo","MIMAT0000617","hsa-miR-200c-3p","LOX","4015","ENSG00000113083","0.733","predicted"
"elmmo","MIMAT0000075","hsa-miR-20a-5p","ISM1","140862","ENSG00000101230","0.732","predicted"
"elmmo","MIMAT0000075","hsa-miR-20a-5p","ISM1","140862","ENSG00000101230","0.732","predicted"
"elmmo","MIMAT0000680","hsa-miR-106b-5p","ISM1","140862","ENSG00000101230","0.732","predicted"
"elmmo","MIMAT0000680","hsa-miR-106b-5p","ISM1","140862","ENSG00000101230","0.732","predicted"
"elmmo","MIMAT0015037","hsa-miR-3163","COL11A1","1301","ENSG00000060718","0.731","predicted"
"elmmo","MIMAT0015037","hsa-miR-3163","COL11A1","1301","ENSG00000060718","0.731","predicted"
"elmmo","MIMAT0015037","hsa-miR-3163","FN1","2335","ENSG00000115414","0.731","predicted"
"elmmo","MIMAT0015037","hsa-miR-3163","FN1","2335","ENSG00000115414","0.731","predicted"
"elmmo","MIMAT0000078","hsa-miR-23a-3p","VCAN","1462","ENSG00000038427","0.728","predicted"
"elmmo","MIMAT0000078","hsa-miR-23a-3p","VCAN","1462","ENSG00000038427","0.728","predicted"
"elmmo","MIMAT0000418","hsa-miR-23b-3p","VCAN","1462","ENSG00000038427","0.728","predicted"
"elmmo","MIMAT0000418","hsa-miR-23b-3p","VCAN","1462","ENSG00000038427","0.728","predicted"
"elmmo","MIMAT0018000","hsa-miR-23c","VCAN","1462","ENSG00000038427","0.728","predicted"
"elmmo","MIMAT0018000","hsa-miR-23c","VCAN","1462","ENSG00000038427","0.728","predicted"
"elmmo","MIMAT0000436","hsa-miR-144-3p","COL11A1","1301","ENSG00000060718","0.727","predicted"
"elmmo","MIMAT0000436","hsa-miR-144-3p","COL11A1","1301","ENSG00000060718","0.727","predicted"
"elmmo","MIMAT0000442","hsa-miR-9-3p","COL11A1","1301","ENSG00000060718","0.722","predicted"
"elmmo","MIMAT0000442","hsa-miR-9-3p","COL11A1","1301","ENSG00000060718","0.722","predicted"
"elmmo","MIMAT0002879","hsa-miR-507","EDIL3","10085","ENSG00000164176","0.722","predicted"
"elmmo","MIMAT0002879","hsa-miR-507","EDIL3","10085","ENSG00000164176","0.722","predicted"
"elmmo","MIMAT0018094","hsa-miR-3671","COL11A1","1301","ENSG00000060718","0.717","predicted"
"elmmo","MIMAT0018094","hsa-miR-3671","COL11A1","1301","ENSG00000060718","0.717","predicted"
"elmmo","MIMAT0018184","hsa-miR-3910","LOX","4015","ENSG00000113083","0.717","predicted"
"elmmo","MIMAT0018184","hsa-miR-3910","LOX","4015","ENSG00000113083","0.717","predicted"
"elmmo","MIMAT0018094","hsa-miR-3671","EDIL3","10085","ENSG00000164176","0.717","predicted"
"elmmo","MIMAT0018094","hsa-miR-3671","EDIL3","10085","ENSG00000164176","0.717","predicted"
"elmmo","MIMAT0018184","hsa-miR-3910","EDIL3","10085","ENSG00000164176","0.717","predicted"
"elmmo","MIMAT0018184","hsa-miR-3910","EDIL3","10085","ENSG00000164176","0.717","predicted"
"elmmo","MIMAT0004505","hsa-miR-32-3p","COL11A1","1301","ENSG00000060718","0.713","predicted"
"elmmo","MIMAT0004505","hsa-miR-32-3p","COL11A1","1301","ENSG00000060718","0.713","predicted"
"elmmo","MIMAT0000736","hsa-miR-381-3p","COL11A1","1301","ENSG00000060718","0.709","predicted"
"elmmo","MIMAT0000736","hsa-miR-381-3p","COL11A1","1301","ENSG00000060718","0.709","predicted"
"elmmo","MIMAT0004903","hsa-miR-300","COL11A1","1301","ENSG00000060718","0.709","predicted"
"elmmo","MIMAT0004903","hsa-miR-300","COL11A1","1301","ENSG00000060718","0.709","predicted"
"elmmo","MIMAT0000275","hsa-miR-218-5p","LOX","4015","ENSG00000113083","0.7","predicted"
"elmmo","MIMAT0000275","hsa-miR-218-5p","LOX","4015","ENSG00000113083","0.7","predicted"
"elmmo","MIMAT0000070","hsa-miR-17-5p","ISM1","140862","ENSG00000101230","0.695","predicted"
"elmmo","MIMAT0000070","hsa-miR-17-5p","ISM1","140862","ENSG00000101230","0.695","predicted"
"elmmo","MIMAT0000093","hsa-miR-93-5p","ISM1","140862","ENSG00000101230","0.695","predicted"
"elmmo","MIMAT0000093","hsa-miR-93-5p","ISM1","140862","ENSG00000101230","0.695","predicted"
"elmmo","MIMAT0001413","hsa-miR-20b-5p","ISM1","140862","ENSG00000101230","0.695","predicted"
"elmmo","MIMAT0001413","hsa-miR-20b-5p","ISM1","140862","ENSG00000101230","0.695","predicted"
"elmmo","MIMAT0002853","hsa-miR-519d-3p","ISM1","140862","ENSG00000101230","0.695","predicted"
"elmmo","MIMAT0002853","hsa-miR-519d-3p","ISM1","140862","ENSG00000101230","0.695","predicted"
"elmmo","MIMAT0000716","hsa-miR-302c-5p","COL11A1","1301","ENSG00000060718","0.693","predicted"
"elmmo","MIMAT0000716","hsa-miR-302c-5p","COL11A1","1301","ENSG00000060718","0.693","predicted"
"elmmo","MIMAT0004482","hsa-let-7b-3p","COL11A1","1301","ENSG00000060718","0.691","predicted"
"elmmo","MIMAT0004482","hsa-let-7b-3p","COL11A1","1301","ENSG00000060718","0.691","predicted"
"elmmo","MIMAT0004481","hsa-let-7a-3p","COL11A1","1301","ENSG00000060718","0.691","predicted"
"elmmo","MIMAT0004481","hsa-let-7a-3p","COL11A1","1301","ENSG00000060718","0.691","predicted"
"elmmo","MIMAT0004486","hsa-let-7f-1-3p","COL11A1","1301","ENSG00000060718","0.691","predicted"
"elmmo","MIMAT0004486","hsa-let-7f-1-3p","COL11A1","1301","ENSG00000060718","0.691","predicted"
"elmmo","MIMAT0003882","hsa-miR-767-5p","COL11A1","1301","ENSG00000060718","0.689","predicted"
"elmmo","MIMAT0003882","hsa-miR-767-5p","COL11A1","1301","ENSG00000060718","0.689","predicted"
"elmmo","MIMAT0018443","hsa-miR-374c-5p","COL11A1","1301","ENSG00000060718","0.689","predicted"
"elmmo","MIMAT0018443","hsa-miR-374c-5p","COL11A1","1301","ENSG00000060718","0.689","predicted"
"elmmo","MIMAT0003331","hsa-miR-655-3p","COL11A1","1301","ENSG00000060718","0.689","predicted"
"elmmo","MIMAT0003331","hsa-miR-655-3p","COL11A1","1301","ENSG00000060718","0.689","predicted"
"elmmo","MIMAT0000419","hsa-miR-27b-3p","FN1","2335","ENSG00000115414","0.688","predicted"
"elmmo","MIMAT0000419","hsa-miR-27b-3p","FN1","2335","ENSG00000115414","0.688","predicted"
"elmmo","MIMAT0000084","hsa-miR-27a-3p","FN1","2335","ENSG00000115414","0.688","predicted"
"elmmo","MIMAT0000084","hsa-miR-27a-3p","FN1","2335","ENSG00000115414","0.688","predicted"
"elmmo","MIMAT0003285","hsa-miR-548c-3p","ISM1","140862","ENSG00000101230","0.687","predicted"
"elmmo","MIMAT0003285","hsa-miR-548c-3p","ISM1","140862","ENSG00000101230","0.687","predicted"
"elmmo","MIMAT0000103","hsa-miR-106a-5p","ISM1","140862","ENSG00000101230","0.686","predicted"
"elmmo","MIMAT0000103","hsa-miR-106a-5p","ISM1","140862","ENSG00000101230","0.686","predicted"
"elmmo","MIMAT0005824","hsa-miR-1179","COL3A1","1281","ENSG00000168542","0.684","predicted"
"elmmo","MIMAT0005824","hsa-miR-1179","COL3A1","1281","ENSG00000168542","0.684","predicted"
"elmmo","MIMAT0005824","hsa-miR-1179","VCAN","1462","ENSG00000038427","0.684","predicted"
"elmmo","MIMAT0005824","hsa-miR-1179","VCAN","1462","ENSG00000038427","0.684","predicted"
"elmmo","MIMAT0004909","hsa-miR-450b-5p","ISM1","140862","ENSG00000101230","0.678","predicted"
"elmmo","MIMAT0004909","hsa-miR-450b-5p","ISM1","140862","ENSG00000101230","0.678","predicted"
"elmmo","MIMAT0000462","hsa-miR-206","FN1","2335","ENSG00000115414","0.677","predicted"
"elmmo","MIMAT0000462","hsa-miR-206","FN1","2335","ENSG00000115414","0.677","predicted"
"elmmo","MIMAT0000416","hsa-miR-1-3p","FN1","2335","ENSG00000115414","0.677","predicted"
"elmmo","MIMAT0000416","hsa-miR-1-3p","FN1","2335","ENSG00000115414","0.677","predicted"
"elmmo","MIMAT0015378","hsa-miR-3065-3p","LOX","4015","ENSG00000113083","0.677","predicted"
"elmmo","MIMAT0015378","hsa-miR-3065-3p","LOX","4015","ENSG00000113083","0.677","predicted"
"elmmo","MIMAT0016902","hsa-miR-4272","VCAN","1462","ENSG00000038427","0.677","predicted"
"elmmo","MIMAT0016902","hsa-miR-4272","VCAN","1462","ENSG00000038427","0.677","predicted"
"elmmo","MIMAT0003285","hsa-miR-548c-3p","VCAN","1462","ENSG00000038427","0.672","predicted"
"elmmo","MIMAT0003285","hsa-miR-548c-3p","VCAN","1462","ENSG00000038427","0.672","predicted"
"elmmo","MIMAT0003316","hsa-miR-646","VCAN","1462","ENSG00000038427","0.671","predicted"
"elmmo","MIMAT0003316","hsa-miR-646","VCAN","1462","ENSG00000038427","0.671","predicted"
"elmmo","MIMAT0005788","hsa-miR-513b-5p","VCAN","1462","ENSG00000038427","0.67","predicted"
"elmmo","MIMAT0005788","hsa-miR-513b-5p","VCAN","1462","ENSG00000038427","0.67","predicted"
"elmmo","MIMAT0014981","hsa-miR-3119","INHBA","3624","ENSG00000122641","0.669","predicted"
"elmmo","MIMAT0014981","hsa-miR-3119","INHBA","3624","ENSG00000122641","0.669","predicted"
"elmmo","MIMAT0000232","hsa-miR-199a-3p","LOX","4015","ENSG00000113083","0.666","predicted"
"elmmo","MIMAT0000232","hsa-miR-199a-3p","LOX","4015","ENSG00000113083","0.666","predicted"
"elmmo","MIMAT0004563","hsa-miR-199b-3p","LOX","4015","ENSG00000113083","0.666","predicted"
"elmmo","MIMAT0004563","hsa-miR-199b-3p","LOX","4015","ENSG00000113083","0.666","predicted"
"elmmo","MIMAT0002836","hsa-miR-526b-3p","ISM1","140862","ENSG00000101230","0.666","predicted"
"elmmo","MIMAT0002836","hsa-miR-526b-3p","ISM1","140862","ENSG00000101230","0.666","predicted"
"elmmo","MIMAT0000264","hsa-miR-203a-3p","VCAN","1462","ENSG00000038427","0.664","predicted"
"elmmo","MIMAT0000264","hsa-miR-203a-3p","VCAN","1462","ENSG00000038427","0.664","predicted"
"elmmo","MIMAT0000419","hsa-miR-27b-3p","VCAN","1462","ENSG00000038427","0.663","predicted"
"elmmo","MIMAT0000419","hsa-miR-27b-3p","VCAN","1462","ENSG00000038427","0.663","predicted"
"elmmo","MIMAT0000084","hsa-miR-27a-3p","VCAN","1462","ENSG00000038427","0.663","predicted"
"elmmo","MIMAT0000084","hsa-miR-27a-3p","VCAN","1462","ENSG00000038427","0.663","predicted"
"elmmo","MIMAT0018078","hsa-miR-3658","LOX","4015","ENSG00000113083","0.655","predicted"
"elmmo","MIMAT0018078","hsa-miR-3658","LOX","4015","ENSG00000113083","0.655","predicted"
"elmmo","MIMAT0004794","hsa-miR-551b-5p","LOX","4015","ENSG00000113083","0.654","predicted"
"elmmo","MIMAT0004794","hsa-miR-551b-5p","LOX","4015","ENSG00000113083","0.654","predicted"
"elmmo","MIMAT0004794","hsa-miR-551b-5p","EDIL3","10085","ENSG00000164176","0.653","predicted"
"elmmo","MIMAT0004794","hsa-miR-551b-5p","EDIL3","10085","ENSG00000164176","0.653","predicted"
"elmmo","MIMAT0000718","hsa-miR-302d-3p","ISM1","140862","ENSG00000101230","0.65","predicted"
"elmmo","MIMAT0000718","hsa-miR-302d-3p","ISM1","140862","ENSG00000101230","0.65","predicted"
"elmmo","MIMAT0000684","hsa-miR-302a-3p","ISM1","140862","ENSG00000101230","0.65","predicted"
"elmmo","MIMAT0000684","hsa-miR-302a-3p","ISM1","140862","ENSG00000101230","0.65","predicted"
"elmmo","MIMAT0000715","hsa-miR-302b-3p","ISM1","140862","ENSG00000101230","0.65","predicted"
"elmmo","MIMAT0000715","hsa-miR-302b-3p","ISM1","140862","ENSG00000101230","0.65","predicted"
"elmmo","MIMAT0000717","hsa-miR-302c-3p","ISM1","140862","ENSG00000101230","0.65","predicted"
"elmmo","MIMAT0000717","hsa-miR-302c-3p","ISM1","140862","ENSG00000101230","0.65","predicted"
"elmmo","MIMAT0005931","hsa-miR-302e","ISM1","140862","ENSG00000101230","0.65","predicted"
"elmmo","MIMAT0005931","hsa-miR-302e","ISM1","140862","ENSG00000101230","0.65","predicted"
"elmmo","MIMAT0005796","hsa-miR-1271-5p","FN1","2335","ENSG00000115414","0.646","predicted"
"elmmo","MIMAT0005796","hsa-miR-1271-5p","FN1","2335","ENSG00000115414","0.646","predicted"
"elmmo","MIMAT0005934","hsa-miR-548p","COL3A1","1281","ENSG00000168542","0.643","predicted"
"elmmo","MIMAT0005934","hsa-miR-548p","COL3A1","1281","ENSG00000168542","0.643","predicted"
"elmmo","MIMAT0000716","hsa-miR-302c-5p","VCAN","1462","ENSG00000038427","0.643","predicted"
"elmmo","MIMAT0000716","hsa-miR-302c-5p","VCAN","1462","ENSG00000038427","0.643","predicted"
"elmmo","MIMAT0002830","hsa-miR-520f-3p","ISM1","140862","ENSG00000101230","0.643","predicted"
"elmmo","MIMAT0002830","hsa-miR-520f-3p","ISM1","140862","ENSG00000101230","0.643","predicted"
"elmmo","MIMAT0000100","hsa-miR-29b-3p","COL3A1","1281","ENSG00000168542","0.641","predicted"
"elmmo","MIMAT0000100","hsa-miR-29b-3p","COL3A1","1281","ENSG00000168542","0.641","predicted"
"elmmo","MIMAT0000086","hsa-miR-29a-3p","COL3A1","1281","ENSG00000168542","0.641","predicted"
"elmmo","MIMAT0000086","hsa-miR-29a-3p","COL3A1","1281","ENSG00000168542","0.641","predicted"
"elmmo","MIMAT0000681","hsa-miR-29c-3p","COL3A1","1281","ENSG00000168542","0.641","predicted"
"elmmo","MIMAT0000681","hsa-miR-29c-3p","COL3A1","1281","ENSG00000168542","0.641","predicted"
"elmmo","MIMAT0004703","hsa-miR-335-3p","COL11A1","1301","ENSG00000060718","0.641","predicted"
"elmmo","MIMAT0004703","hsa-miR-335-3p","COL11A1","1301","ENSG00000060718","0.641","predicted"
"elmmo","MIMAT0004987","hsa-miR-944","COL11A1","1301","ENSG00000060718","0.641","predicted"
"elmmo","MIMAT0004987","hsa-miR-944","COL11A1","1301","ENSG00000060718","0.641","predicted"
"elmmo","MIMAT0000437","hsa-miR-145-5p","FN1","2335","ENSG00000115414","0.641","predicted"
"elmmo","MIMAT0000437","hsa-miR-145-5p","FN1","2335","ENSG00000115414","0.641","predicted"
"elmmo","MIMAT0004987","hsa-miR-944","LOX","4015","ENSG00000113083","0.641","predicted"
"elmmo","MIMAT0004987","hsa-miR-944","LOX","4015","ENSG00000113083","0.641","predicted"
"elmmo","MIMAT0015378","hsa-miR-3065-3p","COL11A1","1301","ENSG00000060718","0.64","predicted"
"elmmo","MIMAT0015378","hsa-miR-3065-3p","COL11A1","1301","ENSG00000060718","0.64","predicted"
"elmmo","MIMAT0002868","hsa-miR-522-3p","VCAN","1462","ENSG00000038427","0.635","predicted"
"elmmo","MIMAT0002868","hsa-miR-522-3p","VCAN","1462","ENSG00000038427","0.635","predicted"
"elmmo","MIMAT0009198","hsa-miR-224-3p","VCAN","1462","ENSG00000038427","0.635","predicted"
"elmmo","MIMAT0009198","hsa-miR-224-3p","VCAN","1462","ENSG00000038427","0.635","predicted"
"elmmo","MIMAT0000318","hsa-miR-200b-3p","FN1","2335","ENSG00000115414","0.634","predicted"
"elmmo","MIMAT0000318","hsa-miR-200b-3p","FN1","2335","ENSG00000115414","0.634","predicted"
"elmmo","MIMAT0001536","hsa-miR-429","FN1","2335","ENSG00000115414","0.634","predicted"
"elmmo","MIMAT0001536","hsa-miR-429","FN1","2335","ENSG00000115414","0.634","predicted"
"elmmo","MIMAT0000617","hsa-miR-200c-3p","FN1","2335","ENSG00000115414","0.634","predicted"
"elmmo","MIMAT0000617","hsa-miR-200c-3p","FN1","2335","ENSG00000115414","0.634","predicted"
"elmmo","MIMAT0004487","hsa-let-7f-2-3p","VCAN","1462","ENSG00000038427","0.63","predicted"
"elmmo","MIMAT0004487","hsa-let-7f-2-3p","VCAN","1462","ENSG00000038427","0.63","predicted"
"elmmo","MIMAT0003281","hsa-miR-613","FN1","2335","ENSG00000115414","0.628","predicted"
"elmmo","MIMAT0003281","hsa-miR-613","FN1","2335","ENSG00000115414","0.628","predicted"
"elmmo","MIMAT0000232","hsa-miR-199a-3p","VCAN","1462","ENSG00000038427","0.628","predicted"
"elmmo","MIMAT0000232","hsa-miR-199a-3p","VCAN","1462","ENSG00000038427","0.628","predicted"
"elmmo","MIMAT0004563","hsa-miR-199b-3p","VCAN","1462","ENSG00000038427","0.628","predicted"
"elmmo","MIMAT0004563","hsa-miR-199b-3p","VCAN","1462","ENSG00000038427","0.628","predicted"
"elmmo","MIMAT0000432","hsa-miR-141-3p","VCAN","1462","ENSG00000038427","0.627","predicted"
"elmmo","MIMAT0000432","hsa-miR-141-3p","VCAN","1462","ENSG00000038427","0.627","predicted"
"elmmo","MIMAT0000682","hsa-miR-200a-3p","VCAN","1462","ENSG00000038427","0.627","predicted"
"elmmo","MIMAT0000682","hsa-miR-200a-3p","VCAN","1462","ENSG00000038427","0.627","predicted"
"elmmo","MIMAT0000424","hsa-miR-128-3p","COL3A1","1281","ENSG00000168542","0.624","predicted"
"elmmo","MIMAT0000424","hsa-miR-128-3p","COL3A1","1281","ENSG00000168542","0.624","predicted"
"elmmo","MIMAT0003244","hsa-miR-579-3p","VCAN","1462","ENSG00000038427","0.623","predicted"
"elmmo","MIMAT0003244","hsa-miR-579-3p","VCAN","1462","ENSG00000038427","0.623","predicted"
"elmmo","MIMAT0016926","hsa-miR-4328","FN1","2335","ENSG00000115414","0.622","predicted"
"elmmo","MIMAT0016926","hsa-miR-4328","FN1","2335","ENSG00000115414","0.622","predicted"
"elmmo","MIMAT0003275","hsa-miR-607","LOX","4015","ENSG00000113083","0.622","predicted"
"elmmo","MIMAT0003275","hsa-miR-607","LOX","4015","ENSG00000113083","0.622","predicted"
"elmmo","MIMAT0004703","hsa-miR-335-3p","VCAN","1462","ENSG00000038427","0.622","predicted"
"elmmo","MIMAT0004703","hsa-miR-335-3p","VCAN","1462","ENSG00000038427","0.622","predicted"
"elmmo","MIMAT0003275","hsa-miR-607","VCAN","1462","ENSG00000038427","0.622","predicted"
"elmmo","MIMAT0003275","hsa-miR-607","VCAN","1462","ENSG00000038427","0.622","predicted"
"elmmo","MIMAT0000264","hsa-miR-203a-3p","VCAN","1462","ENSG00000038427","0.62","predicted"
"elmmo","MIMAT0000264","hsa-miR-203a-3p","VCAN","1462","ENSG00000038427","0.62","predicted"
"elmmo","MIMAT0000456","hsa-miR-186-5p","COL3A1","1281","ENSG00000168542","0.615","predicted"
"elmmo","MIMAT0000456","hsa-miR-186-5p","COL3A1","1281","ENSG00000168542","0.615","predicted"
"elmmo","MIMAT0018078","hsa-miR-3658","FN1","2335","ENSG00000115414","0.614","predicted"
"elmmo","MIMAT0018078","hsa-miR-3658","FN1","2335","ENSG00000115414","0.614","predicted"
"elmmo","MIMAT0000082","hsa-miR-26a-5p","LOX","4015","ENSG00000113083","0.614","predicted"
"elmmo","MIMAT0000082","hsa-miR-26a-5p","LOX","4015","ENSG00000113083","0.614","predicted"
"elmmo","MIMAT0000083","hsa-miR-26b-5p","LOX","4015","ENSG00000113083","0.614","predicted"
"elmmo","MIMAT0000083","hsa-miR-26b-5p","LOX","4015","ENSG00000113083","0.614","predicted"
"elmmo","MIMAT0005886","hsa-miR-1297","LOX","4015","ENSG00000113083","0.614","predicted"
"elmmo","MIMAT0005886","hsa-miR-1297","LOX","4015","ENSG00000113083","0.614","predicted"
"elmmo","MIMAT0002868","hsa-miR-522-3p","COL11A1","1301","ENSG00000060718","0.611","predicted"
"elmmo","MIMAT0002868","hsa-miR-522-3p","COL11A1","1301","ENSG00000060718","0.611","predicted"
"elmmo","MIMAT0009198","hsa-miR-224-3p","COL11A1","1301","ENSG00000060718","0.611","predicted"
"elmmo","MIMAT0009198","hsa-miR-224-3p","COL11A1","1301","ENSG00000060718","0.611","predicted"
"elmmo","MIMAT0003306","hsa-miR-636","LOX","4015","ENSG00000113083","0.611","predicted"
"elmmo","MIMAT0003306","hsa-miR-636","LOX","4015","ENSG00000113083","0.611","predicted"
"elmmo","MIMAT0018107","hsa-miR-3680-3p","LOX","4015","ENSG00000113083","0.604","predicted"
"elmmo","MIMAT0018107","hsa-miR-3680-3p","LOX","4015","ENSG00000113083","0.604","predicted"
"elmmo","MIMAT0018107","hsa-miR-3680-3p","ISM1","140862","ENSG00000101230","0.604","predicted"
"elmmo","MIMAT0018107","hsa-miR-3680-3p","ISM1","140862","ENSG00000101230","0.604","predicted"
"elmmo","MIMAT0017991","hsa-miR-3613-3p","ISM1","140862","ENSG00000101230","0.604","predicted"
"elmmo","MIMAT0017991","hsa-miR-3613-3p","ISM1","140862","ENSG00000101230","0.604","predicted"
"elmmo","MIMAT0004768","hsa-miR-497-3p","VCAN","1462","ENSG00000038427","0.6","predicted"
"elmmo","MIMAT0004768","hsa-miR-497-3p","VCAN","1462","ENSG00000038427","0.6","predicted"
"elmmo","MIMAT0002813","hsa-miR-493-5p","COL8A1","1295","ENSG00000144810","0.598","predicted"
"elmmo","MIMAT0002813","hsa-miR-493-5p","COL8A1","1295","ENSG00000144810","0.598","predicted"
"elmmo","MIMAT0002171","hsa-miR-410-3p","COL11A1","1301","ENSG00000060718","0.596","predicted"
"elmmo","MIMAT0002171","hsa-miR-410-3p","COL11A1","1301","ENSG00000060718","0.596","predicted"
"elmmo","MIMAT0000266","hsa-miR-205-5p","INHBA","3624","ENSG00000122641","0.594","predicted"
"elmmo","MIMAT0000266","hsa-miR-205-5p","INHBA","3624","ENSG00000122641","0.594","predicted"
"elmmo","MIMAT0003251","hsa-miR-548a-3p","COL11A1","1301","ENSG00000060718","0.592","predicted"
"elmmo","MIMAT0003251","hsa-miR-548a-3p","COL11A1","1301","ENSG00000060718","0.592","predicted"
"elmmo","MIMAT0016885","hsa-miR-4255","COL3A1","1281","ENSG00000168542","0.589","predicted"
"elmmo","MIMAT0016885","hsa-miR-4255","COL3A1","1281","ENSG00000168542","0.589","predicted"
"elmmo","MIMAT0000456","hsa-miR-186-5p","EDIL3","10085","ENSG00000164176","0.589","predicted"
"elmmo","MIMAT0000456","hsa-miR-186-5p","EDIL3","10085","ENSG00000164176","0.589","predicted"
"elmmo","MIMAT0004703","hsa-miR-335-3p","EDIL3","10085","ENSG00000164176","0.587","predicted"
"elmmo","MIMAT0004703","hsa-miR-335-3p","EDIL3","10085","ENSG00000164176","0.587","predicted"
"elmmo","MIMAT0004703","hsa-miR-335-3p","COL8A1","1295","ENSG00000144810","0.587","predicted"
"elmmo","MIMAT0004703","hsa-miR-335-3p","COL8A1","1295","ENSG00000144810","0.587","predicted"
"elmmo","MIMAT0014998","hsa-miR-3133","VCAN","1462","ENSG00000038427","0.585","predicted"
"elmmo","MIMAT0014998","hsa-miR-3133","VCAN","1462","ENSG00000038427","0.585","predicted"
"elmmo","MIMAT0003285","hsa-miR-548c-3p","EDIL3","10085","ENSG00000164176","0.582","predicted"
"elmmo","MIMAT0003285","hsa-miR-548c-3p","EDIL3","10085","ENSG00000164176","0.582","predicted"
"elmmo","MIMAT0014983","hsa-miR-3121-3p","VCAN","1462","ENSG00000038427","0.582","predicted"
"elmmo","MIMAT0014983","hsa-miR-3121-3p","VCAN","1462","ENSG00000038427","0.582","predicted"
"elmmo","MIMAT0000726","hsa-miR-373-3p","ISM1","140862","ENSG00000101230","0.582","predicted"
"elmmo","MIMAT0000726","hsa-miR-373-3p","ISM1","140862","ENSG00000101230","0.582","predicted"
"elmmo","MIMAT0009197","hsa-miR-205-3p","COL3A1","1281","ENSG00000168542","0.581","predicted"
"elmmo","MIMAT0009197","hsa-miR-205-3p","COL3A1","1281","ENSG00000168542","0.581","predicted"
"elmmo","MIMAT0009197","hsa-miR-205-3p","COL11A1","1301","ENSG00000060718","0.581","predicted"
"elmmo","MIMAT0009197","hsa-miR-205-3p","COL11A1","1301","ENSG00000060718","0.581","predicted"
"elmmo","MIMAT0000444","hsa-miR-126-5p","VCAN","1462","ENSG00000038427","0.579","predicted"
"elmmo","MIMAT0000444","hsa-miR-126-5p","VCAN","1462","ENSG00000038427","0.579","predicted"
"elmmo","MIMAT0002817","hsa-miR-495-3p","VCAN","1462","ENSG00000038427","0.578","predicted"
"elmmo","MIMAT0002817","hsa-miR-495-3p","VCAN","1462","ENSG00000038427","0.578","predicted"
"elmmo","MIMAT0000102","hsa-miR-105-5p","FN1","2335","ENSG00000115414","0.577","predicted"
"elmmo","MIMAT0000102","hsa-miR-105-5p","FN1","2335","ENSG00000115414","0.577","predicted"
"elmmo","MIMAT0003251","hsa-miR-548a-3p","ISM1","140862","ENSG00000101230","0.575","predicted"
"elmmo","MIMAT0003251","hsa-miR-548a-3p","ISM1","140862","ENSG00000101230","0.575","predicted"
"elmmo","MIMAT0002832","hsa-miR-519c-3p","INHBA","3624","ENSG00000122641","0.573","predicted"
"elmmo","MIMAT0002832","hsa-miR-519c-3p","INHBA","3624","ENSG00000122641","0.573","predicted"
"elmmo","MIMAT0002837","hsa-miR-519b-3p","INHBA","3624","ENSG00000122641","0.573","predicted"
"elmmo","MIMAT0002837","hsa-miR-519b-3p","INHBA","3624","ENSG00000122641","0.573","predicted"
"elmmo","MIMAT0002869","hsa-miR-519a-3p","INHBA","3624","ENSG00000122641","0.573","predicted"
"elmmo","MIMAT0002869","hsa-miR-519a-3p","INHBA","3624","ENSG00000122641","0.573","predicted"
"elmmo","MIMAT0000736","hsa-miR-381-3p","ISM1","140862","ENSG00000101230","0.573","predicted"
"elmmo","MIMAT0000736","hsa-miR-381-3p","ISM1","140862","ENSG00000101230","0.573","predicted"
"elmmo","MIMAT0004482","hsa-let-7b-3p","ISM1","140862","ENSG00000101230","0.573","predicted"
"elmmo","MIMAT0004482","hsa-let-7b-3p","ISM1","140862","ENSG00000101230","0.573","predicted"
"elmmo","MIMAT0004481","hsa-let-7a-3p","ISM1","140862","ENSG00000101230","0.573","predicted"
"elmmo","MIMAT0004481","hsa-let-7a-3p","ISM1","140862","ENSG00000101230","0.573","predicted"
"elmmo","MIMAT0004486","hsa-let-7f-1-3p","ISM1","140862","ENSG00000101230","0.573","predicted"
"elmmo","MIMAT0004486","hsa-let-7f-1-3p","ISM1","140862","ENSG00000101230","0.573","predicted"
"elmmo","MIMAT0004903","hsa-miR-300","ISM1","140862","ENSG00000101230","0.573","predicted"
"elmmo","MIMAT0004903","hsa-miR-300","ISM1","140862","ENSG00000101230","0.573","predicted"
"elmmo","MIMAT0002849","hsa-miR-524-5p","COL3A1","1281","ENSG00000168542","0.571","predicted"
"elmmo","MIMAT0002849","hsa-miR-524-5p","COL3A1","1281","ENSG00000168542","0.571","predicted"
"elmmo","MIMAT0002855","hsa-miR-520d-5p","COL3A1","1281","ENSG00000168542","0.571","predicted"
"elmmo","MIMAT0002855","hsa-miR-520d-5p","COL3A1","1281","ENSG00000168542","0.571","predicted"
"elmmo","MIMAT0003274","hsa-miR-606","VCAN","1462","ENSG00000038427","0.571","predicted"
"elmmo","MIMAT0003274","hsa-miR-606","VCAN","1462","ENSG00000038427","0.571","predicted"
"elmmo","MIMAT0000721","hsa-miR-369-3p","COL11A1","1301","ENSG00000060718","0.569","predicted"
"elmmo","MIMAT0000721","hsa-miR-369-3p","COL11A1","1301","ENSG00000060718","0.569","predicted"
"elmmo","MIMAT0000728","hsa-miR-375-3p","LOX","4015","ENSG00000113083","0.569","predicted"
"elmmo","MIMAT0000728","hsa-miR-375-3p","LOX","4015","ENSG00000113083","0.569","predicted"
"elmmo","MIMAT0004909","hsa-miR-450b-5p","LOX","4015","ENSG00000113083","0.567","predicted"
"elmmo","MIMAT0004909","hsa-miR-450b-5p","LOX","4015","ENSG00000113083","0.567","predicted"
"elmmo","MIMAT0017991","hsa-miR-3613-3p","VCAN","1462","ENSG00000038427","0.566","predicted"
"elmmo","MIMAT0017991","hsa-miR-3613-3p","VCAN","1462","ENSG00000038427","0.566","predicted"
"elmmo","MIMAT0000456","hsa-miR-186-5p","LOX","4015","ENSG00000113083","0.563","predicted"
"elmmo","MIMAT0000456","hsa-miR-186-5p","LOX","4015","ENSG00000113083","0.563","predicted"
"elmmo","MIMAT0000456","hsa-miR-186-5p","COL11A1","1301","ENSG00000060718","0.562","predicted"
"elmmo","MIMAT0000456","hsa-miR-186-5p","COL11A1","1301","ENSG00000060718","0.562","predicted"
"elmmo","MIMAT0000456","hsa-miR-186-5p","LOX","4015","ENSG00000113083","0.562","predicted"
"elmmo","MIMAT0000456","hsa-miR-186-5p","LOX","4015","ENSG00000113083","0.562","predicted"
"elmmo","MIMAT0000456","hsa-miR-186-5p","VCAN","1462","ENSG00000038427","0.562","predicted"
"elmmo","MIMAT0000456","hsa-miR-186-5p","VCAN","1462","ENSG00000038427","0.562","predicted"
"elmmo","MIMAT0005791","hsa-miR-1264","COL11A1","1301","ENSG00000060718","0.56","predicted"
"elmmo","MIMAT0005791","hsa-miR-1264","COL11A1","1301","ENSG00000060718","0.56","predicted"
"elmmo","MIMAT0000078","hsa-miR-23a-3p","LOX","4015","ENSG00000113083","0.56","predicted"
"elmmo","MIMAT0000078","hsa-miR-23a-3p","LOX","4015","ENSG00000113083","0.56","predicted"
"elmmo","MIMAT0000418","hsa-miR-23b-3p","LOX","4015","ENSG00000113083","0.56","predicted"
"elmmo","MIMAT0000418","hsa-miR-23b-3p","LOX","4015","ENSG00000113083","0.56","predicted"
"elmmo","MIMAT0000442","hsa-miR-9-3p","LOX","4015","ENSG00000113083","0.56","predicted"
"elmmo","MIMAT0000442","hsa-miR-9-3p","LOX","4015","ENSG00000113083","0.56","predicted"
"elmmo","MIMAT0018000","hsa-miR-23c","LOX","4015","ENSG00000113083","0.56","predicted"
"elmmo","MIMAT0018000","hsa-miR-23c","LOX","4015","ENSG00000113083","0.56","predicted"
"elmmo","MIMAT0018083","hsa-miR-3662","EDIL3","10085","ENSG00000164176","0.56","predicted"
"elmmo","MIMAT0018083","hsa-miR-3662","EDIL3","10085","ENSG00000164176","0.56","predicted"
"elmmo","MIMAT0016898","hsa-miR-4263","VCAN","1462","ENSG00000038427","0.56","predicted"
"elmmo","MIMAT0016898","hsa-miR-4263","VCAN","1462","ENSG00000038427","0.56","predicted"
"elmmo","MIMAT0006764","hsa-miR-320d","FN1","2335","ENSG00000115414","0.558","predicted"
"elmmo","MIMAT0006764","hsa-miR-320d","FN1","2335","ENSG00000115414","0.558","predicted"
"elmmo","MIMAT0005792","hsa-miR-320b","FN1","2335","ENSG00000115414","0.558","predicted"
"elmmo","MIMAT0005792","hsa-miR-320b","FN1","2335","ENSG00000115414","0.558","predicted"
"elmmo","MIMAT0005793","hsa-miR-320c","FN1","2335","ENSG00000115414","0.558","predicted"
"elmmo","MIMAT0005793","hsa-miR-320c","FN1","2335","ENSG00000115414","0.558","predicted"
"elmmo","MIMAT0000510","hsa-miR-320a-3p","FN1","2335","ENSG00000115414","0.558","predicted"
"elmmo","MIMAT0000510","hsa-miR-320a-3p","FN1","2335","ENSG00000115414","0.558","predicted"
"elmmo","MIMAT0004987","hsa-miR-944","COL3A1","1281","ENSG00000168542","0.557","predicted"
"elmmo","MIMAT0004987","hsa-miR-944","COL3A1","1281","ENSG00000168542","0.557","predicted"
"elmmo","MIMAT0000264","hsa-miR-203a-3p","COL11A1","1301","ENSG00000060718","0.553","predicted"
"elmmo","MIMAT0000264","hsa-miR-203a-3p","COL11A1","1301","ENSG00000060718","0.553","predicted"
"elmmo","MIMAT0002171","hsa-miR-410-3p","COL8A1","1295","ENSG00000144810","0.553","predicted"
"elmmo","MIMAT0002171","hsa-miR-410-3p","COL8A1","1295","ENSG00000144810","0.553","predicted"
"elmmo","MIMAT0000265","hsa-miR-204-5p","ISM1","140862","ENSG00000101230","0.553","predicted"
"elmmo","MIMAT0000265","hsa-miR-204-5p","ISM1","140862","ENSG00000101230","0.553","predicted"
"elmmo","MIMAT0000268","hsa-miR-211-5p","ISM1","140862","ENSG00000101230","0.553","predicted"
"elmmo","MIMAT0000268","hsa-miR-211-5p","ISM1","140862","ENSG00000101230","0.553","predicted"
"elmmo","MIMAT0003241","hsa-miR-576-5p","COL3A1","1281","ENSG00000168542","0.552","predicted"
"elmmo","MIMAT0003241","hsa-miR-576-5p","COL3A1","1281","ENSG00000168542","0.552","predicted"
"elmmo","MIMAT0003165","hsa-miR-545-3p","COL11A1","1301","ENSG00000060718","0.552","predicted"
"elmmo","MIMAT0003165","hsa-miR-545-3p","COL11A1","1301","ENSG00000060718","0.552","predicted"
"elmmo","MIMAT0003253","hsa-miR-587","COL11A1","1301","ENSG00000060718","0.552","predicted"
"elmmo","MIMAT0003253","hsa-miR-587","COL11A1","1301","ENSG00000060718","0.552","predicted"
"elmmo","MIMAT0003332","hsa-miR-656-3p","COL11A1","1301","ENSG00000060718","0.552","predicted"
"elmmo","MIMAT0003332","hsa-miR-656-3p","COL11A1","1301","ENSG00000060718","0.552","predicted"
"elmmo","MIMAT0004515","hsa-miR-29b-2-5p","LOX","4015","ENSG00000113083","0.552","predicted"
"elmmo","MIMAT0004515","hsa-miR-29b-2-5p","LOX","4015","ENSG00000113083","0.552","predicted"
"elmmo","MIMAT0003253","hsa-miR-587","LOX","4015","ENSG00000113083","0.552","predicted"
"elmmo","MIMAT0003253","hsa-miR-587","LOX","4015","ENSG00000113083","0.552","predicted"
"elmmo","MIMAT0003253","hsa-miR-587","VCAN","1462","ENSG00000038427","0.552","predicted"
"elmmo","MIMAT0003253","hsa-miR-587","VCAN","1462","ENSG00000038427","0.552","predicted"
"elmmo","MIMAT0005896","hsa-miR-1244","LOX","4015","ENSG00000113083","0.551","predicted"
"elmmo","MIMAT0005896","hsa-miR-1244","LOX","4015","ENSG00000113083","0.551","predicted"
"elmmo","MIMAT0018083","hsa-miR-3662","VCAN","1462","ENSG00000038427","0.551","predicted"
"elmmo","MIMAT0018083","hsa-miR-3662","VCAN","1462","ENSG00000038427","0.551","predicted"
"elmmo","MIMAT0003285","hsa-miR-548c-3p","COL11A1","1301","ENSG00000060718","0.547","predicted"
"elmmo","MIMAT0003285","hsa-miR-548c-3p","COL11A1","1301","ENSG00000060718","0.547","predicted"
"elmmo","MIMAT0015081","hsa-miR-548x-3p","ISM1","140862","ENSG00000101230","0.545","predicted"
"elmmo","MIMAT0015081","hsa-miR-548x-3p","ISM1","140862","ENSG00000101230","0.545","predicted"
"elmmo","MIMAT0016922","hsa-miR-4291","COL11A1","1301","ENSG00000060718","0.543","predicted"
"elmmo","MIMAT0016922","hsa-miR-4291","COL11A1","1301","ENSG00000060718","0.543","predicted"
"elmmo","MIMAT0015072","hsa-miR-320e","FN1","2335","ENSG00000115414","0.543","predicted"
"elmmo","MIMAT0015072","hsa-miR-320e","FN1","2335","ENSG00000115414","0.543","predicted"
"elmmo","MIMAT0009197","hsa-miR-205-3p","LOX","4015","ENSG00000113083","0.542","predicted"
"elmmo","MIMAT0009197","hsa-miR-205-3p","LOX","4015","ENSG00000113083","0.542","predicted"
"elmmo","MIMAT0018165","hsa-miR-3714","LOX","4015","ENSG00000113083","0.542","predicted"
"elmmo","MIMAT0018165","hsa-miR-3714","LOX","4015","ENSG00000113083","0.542","predicted"
"elmmo","MIMAT0003234","hsa-miR-569","VCAN","1462","ENSG00000038427","0.541","predicted"
"elmmo","MIMAT0003234","hsa-miR-569","VCAN","1462","ENSG00000038427","0.541","predicted"
"elmmo","MIMAT0000432","hsa-miR-141-3p","COL11A1","1301","ENSG00000060718","0.539","predicted"
"elmmo","MIMAT0000432","hsa-miR-141-3p","COL11A1","1301","ENSG00000060718","0.539","predicted"
"elmmo","MIMAT0000682","hsa-miR-200a-3p","COL11A1","1301","ENSG00000060718","0.539","predicted"
"elmmo","MIMAT0000682","hsa-miR-200a-3p","COL11A1","1301","ENSG00000060718","0.539","predicted"
"elmmo","MIMAT0004987","hsa-miR-944","LOX","4015","ENSG00000113083","0.539","predicted"
"elmmo","MIMAT0004987","hsa-miR-944","LOX","4015","ENSG00000113083","0.539","predicted"
"elmmo","MIMAT0006764","hsa-miR-320d","EDIL3","10085","ENSG00000164176","0.538","predicted"
"elmmo","MIMAT0006764","hsa-miR-320d","EDIL3","10085","ENSG00000164176","0.538","predicted"
"elmmo","MIMAT0005792","hsa-miR-320b","EDIL3","10085","ENSG00000164176","0.538","predicted"
"elmmo","MIMAT0005792","hsa-miR-320b","EDIL3","10085","ENSG00000164176","0.538","predicted"
"elmmo","MIMAT0005793","hsa-miR-320c","EDIL3","10085","ENSG00000164176","0.538","predicted"
"elmmo","MIMAT0005793","hsa-miR-320c","EDIL3","10085","ENSG00000164176","0.538","predicted"
"elmmo","MIMAT0000510","hsa-miR-320a-3p","EDIL3","10085","ENSG00000164176","0.538","predicted"
"elmmo","MIMAT0000510","hsa-miR-320a-3p","EDIL3","10085","ENSG00000164176","0.538","predicted"
"elmmo","MIMAT0004924","hsa-miR-876-5p","LOX","4015","ENSG00000113083","0.537","predicted"
"elmmo","MIMAT0004924","hsa-miR-876-5p","LOX","4015","ENSG00000113083","0.537","predicted"
"elmmo","MIMAT0016885","hsa-miR-4255","EDIL3","10085","ENSG00000164176","0.536","predicted"
"elmmo","MIMAT0016885","hsa-miR-4255","EDIL3","10085","ENSG00000164176","0.536","predicted"
"elmmo","MIMAT0005795","hsa-miR-1323","COL11A1","1301","ENSG00000060718","0.535","predicted"
"elmmo","MIMAT0005795","hsa-miR-1323","COL11A1","1301","ENSG00000060718","0.535","predicted"
"elmmo","MIMAT0003253","hsa-miR-587","COL11A1","1301","ENSG00000060718","0.535","predicted"
"elmmo","MIMAT0003253","hsa-miR-587","COL11A1","1301","ENSG00000060718","0.535","predicted"
"elmmo","MIMAT0005795","hsa-miR-1323","VCAN","1462","ENSG00000038427","0.535","predicted"
"elmmo","MIMAT0005795","hsa-miR-1323","VCAN","1462","ENSG00000038427","0.535","predicted"
"elmmo","MIMAT0004512","hsa-miR-100-3p","COL3A1","1281","ENSG00000168542","0.533","predicted"
"elmmo","MIMAT0004512","hsa-miR-100-3p","COL3A1","1281","ENSG00000168542","0.533","predicted"
"elmmo","MIMAT0004777","hsa-miR-513a-3p","LOX","4015","ENSG00000113083","0.531","predicted"
"elmmo","MIMAT0004777","hsa-miR-513a-3p","LOX","4015","ENSG00000113083","0.531","predicted"
"elmmo","MIMAT0004777","hsa-miR-513a-3p","EDIL3","10085","ENSG00000164176","0.531","predicted"
"elmmo","MIMAT0004777","hsa-miR-513a-3p","EDIL3","10085","ENSG00000164176","0.531","predicted"
"elmmo","MIMAT0004777","hsa-miR-513a-3p","VCAN","1462","ENSG00000038427","0.531","predicted"
"elmmo","MIMAT0004777","hsa-miR-513a-3p","VCAN","1462","ENSG00000038427","0.531","predicted"
"elmmo","MIMAT0000102","hsa-miR-105-5p","LOX","4015","ENSG00000113083","0.53","predicted"
"elmmo","MIMAT0000102","hsa-miR-105-5p","LOX","4015","ENSG00000113083","0.53","predicted"
"elmmo","MIMAT0002846","hsa-miR-520c-3p","INHBA","3624","ENSG00000122641","0.529","predicted"
"elmmo","MIMAT0002846","hsa-miR-520c-3p","INHBA","3624","ENSG00000122641","0.529","predicted"
"elmmo","MIMAT0002834","hsa-miR-520a-3p","INHBA","3624","ENSG00000122641","0.529","predicted"
"elmmo","MIMAT0002834","hsa-miR-520a-3p","INHBA","3624","ENSG00000122641","0.529","predicted"
"elmmo","MIMAT0002856","hsa-miR-520d-3p","INHBA","3624","ENSG00000122641","0.529","predicted"
"elmmo","MIMAT0002856","hsa-miR-520d-3p","INHBA","3624","ENSG00000122641","0.529","predicted"
"elmmo","MIMAT0000724","hsa-miR-372-3p","INHBA","3624","ENSG00000122641","0.529","predicted"
"elmmo","MIMAT0000724","hsa-miR-372-3p","INHBA","3624","ENSG00000122641","0.529","predicted"
"elmmo","MIMAT0002843","hsa-miR-520b-3p","INHBA","3624","ENSG00000122641","0.529","predicted"
"elmmo","MIMAT0002843","hsa-miR-520b-3p","INHBA","3624","ENSG00000122641","0.529","predicted"
"elmmo","MIMAT0002825","hsa-miR-520e-3p","INHBA","3624","ENSG00000122641","0.529","predicted"
"elmmo","MIMAT0002825","hsa-miR-520e-3p","INHBA","3624","ENSG00000122641","0.529","predicted"
"elmmo","MIMAT0003244","hsa-miR-579-3p","VCAN","1462","ENSG00000038427","0.527","predicted"
"elmmo","MIMAT0003244","hsa-miR-579-3p","VCAN","1462","ENSG00000038427","0.527","predicted"
"elmmo","MIMAT0002890","hsa-miR-299-5p","ISM1","140862","ENSG00000101230","0.527","predicted"
"elmmo","MIMAT0002890","hsa-miR-299-5p","ISM1","140862","ENSG00000101230","0.527","predicted"
"elmmo","MIMAT0002823","hsa-miR-512-3p","ISM1","140862","ENSG00000101230","0.526","predicted"
"elmmo","MIMAT0002823","hsa-miR-512-3p","ISM1","140862","ENSG00000101230","0.526","predicted"
"elmmo","MIMAT0002176","hsa-miR-485-3p","VCAN","1462","ENSG00000038427","0.524","predicted"
"elmmo","MIMAT0002176","hsa-miR-485-3p","VCAN","1462","ENSG00000038427","0.524","predicted"
"elmmo","MIMAT0003165","hsa-miR-545-3p","VCAN","1462","ENSG00000038427","0.523","predicted"
"elmmo","MIMAT0003165","hsa-miR-545-3p","VCAN","1462","ENSG00000038427","0.523","predicted"
"elmmo","","hsa-miR-3647-3p","COL11A1","1301","ENSG00000060718","0.522","predicted"
"elmmo","","hsa-miR-3647-3p","COL11A1","1301","ENSG00000060718","0.522","predicted"
"elmmo","MIMAT0004909","hsa-miR-450b-5p","LOX","4015","ENSG00000113083","0.52","predicted"
"elmmo","MIMAT0004909","hsa-miR-450b-5p","LOX","4015","ENSG00000113083","0.52","predicted"
"elmmo","MIMAT0016912","hsa-miR-4282","LOX","4015","ENSG00000113083","0.519","predicted"
"elmmo","MIMAT0016912","hsa-miR-4282","LOX","4015","ENSG00000113083","0.519","predicted"
"elmmo","MIMAT0000444","hsa-miR-126-5p","COL11A1","1301","ENSG00000060718","0.518","predicted"
"elmmo","MIMAT0000444","hsa-miR-126-5p","COL11A1","1301","ENSG00000060718","0.518","predicted"
"elmmo","MIMAT0016912","hsa-miR-4282","COL11A1","1301","ENSG00000060718","0.518","predicted"
"elmmo","MIMAT0016912","hsa-miR-4282","COL11A1","1301","ENSG00000060718","0.518","predicted"
"elmmo","MIMAT0016912","hsa-miR-4282","VCAN","1462","ENSG00000038427","0.518","predicted"
"elmmo","MIMAT0016912","hsa-miR-4282","VCAN","1462","ENSG00000038427","0.518","predicted"
"elmmo","MIMAT0018109","hsa-miR-3681-3p","COL3A1","1281","ENSG00000168542","0.517","predicted"
"elmmo","MIMAT0018109","hsa-miR-3681-3p","COL3A1","1281","ENSG00000168542","0.517","predicted"
"elmmo","MIMAT0018083","hsa-miR-3662","LOX","4015","ENSG00000113083","0.516","predicted"
"elmmo","MIMAT0018083","hsa-miR-3662","LOX","4015","ENSG00000113083","0.516","predicted"
"elmmo","MIMAT0000424","hsa-miR-128-3p","VCAN","1462","ENSG00000038427","0.516","predicted"
"elmmo","MIMAT0000424","hsa-miR-128-3p","VCAN","1462","ENSG00000038427","0.516","predicted"
"elmmo","MIMAT0016883","hsa-miR-4251","COL11A1","1301","ENSG00000060718","0.515","predicted"
"elmmo","MIMAT0016883","hsa-miR-4251","COL11A1","1301","ENSG00000060718","0.515","predicted"
"elmmo","MIMAT0000755","hsa-miR-323a-3p","VCAN","1462","ENSG00000038427","0.514","predicted"
"elmmo","MIMAT0000755","hsa-miR-323a-3p","VCAN","1462","ENSG00000038427","0.514","predicted"
"elmmo","MIMAT0005795","hsa-miR-1323","LOX","4015","ENSG00000113083","0.512","predicted"
"elmmo","MIMAT0005795","hsa-miR-1323","LOX","4015","ENSG00000113083","0.512","predicted"
"elmmo","MIMAT0018085","hsa-miR-3663-3p","COL11A1","1301","ENSG00000060718","0.511","predicted"
"elmmo","MIMAT0018085","hsa-miR-3663-3p","COL11A1","1301","ENSG00000060718","0.511","predicted"
"elmmo","MIMAT0004921","hsa-miR-889-3p","COL11A1","1301","ENSG00000060718","0.509","predicted"
"elmmo","MIMAT0004921","hsa-miR-889-3p","COL11A1","1301","ENSG00000060718","0.509","predicted"
"elmmo","MIMAT0004703","hsa-miR-335-3p","COL3A1","1281","ENSG00000168542","0.508","predicted"
"elmmo","MIMAT0004703","hsa-miR-335-3p","COL3A1","1281","ENSG00000168542","0.508","predicted"
"elmmo","MIMAT0005800","hsa-miR-1298-5p","EDIL3","10085","ENSG00000164176","0.508","predicted"
"elmmo","MIMAT0005800","hsa-miR-1298-5p","EDIL3","10085","ENSG00000164176","0.508","predicted"
"elmmo","MIMAT0005800","hsa-miR-1298-5p","VCAN","1462","ENSG00000038427","0.508","predicted"
"elmmo","MIMAT0005800","hsa-miR-1298-5p","VCAN","1462","ENSG00000038427","0.508","predicted"
"elmmo","MIMAT0016926","hsa-miR-4328","ISM1","140862","ENSG00000101230","0.508","predicted"
"elmmo","MIMAT0016926","hsa-miR-4328","ISM1","140862","ENSG00000101230","0.508","predicted"
"elmmo","MIMAT0003165","hsa-miR-545-3p","COL3A1","1281","ENSG00000168542","0.506","predicted"
"elmmo","MIMAT0003165","hsa-miR-545-3p","COL3A1","1281","ENSG00000168542","0.506","predicted"
"elmmo","MIMAT0000683","hsa-miR-302a-5p","COL11A1","1301","ENSG00000060718","0.506","predicted"
"elmmo","MIMAT0000683","hsa-miR-302a-5p","COL11A1","1301","ENSG00000060718","0.506","predicted"
"elmmo","MIMAT0005788","hsa-miR-513b-5p","LOX","4015","ENSG00000113083","0.505","predicted"
"elmmo","MIMAT0005788","hsa-miR-513b-5p","LOX","4015","ENSG00000113083","0.505","predicted"
"elmmo","MIMAT0002816","hsa-miR-494-3p","VCAN","1462","ENSG00000038427","0.505","predicted"
"elmmo","MIMAT0002816","hsa-miR-494-3p","VCAN","1462","ENSG00000038427","0.505","predicted"
"elmmo","MIMAT0004803","hsa-miR-548a-5p","EDIL3","10085","ENSG00000164176","0.503","predicted"
"elmmo","MIMAT0004803","hsa-miR-548a-5p","EDIL3","10085","ENSG00000164176","0.503","predicted"
"elmmo","MIMAT0004798","hsa-miR-548b-5p","EDIL3","10085","ENSG00000164176","0.503","predicted"
"elmmo","MIMAT0004798","hsa-miR-548b-5p","EDIL3","10085","ENSG00000164176","0.503","predicted"
"elmmo","MIMAT0004806","hsa-miR-548c-5p","EDIL3","10085","ENSG00000164176","0.503","predicted"
"elmmo","MIMAT0004806","hsa-miR-548c-5p","EDIL3","10085","ENSG00000164176","0.503","predicted"
"elmmo","MIMAT0004812","hsa-miR-548d-5p","EDIL3","10085","ENSG00000164176","0.503","predicted"
"elmmo","MIMAT0004812","hsa-miR-548d-5p","EDIL3","10085","ENSG00000164176","0.503","predicted"
"elmmo","MIMAT0005928","hsa-miR-548h-5p","EDIL3","10085","ENSG00000164176","0.503","predicted"
"elmmo","MIMAT0005928","hsa-miR-548h-5p","EDIL3","10085","ENSG00000164176","0.503","predicted"
"elmmo","MIMAT0005935","hsa-miR-548i","EDIL3","10085","ENSG00000164176","0.503","predicted"
"elmmo","MIMAT0005935","hsa-miR-548i","EDIL3","10085","ENSG00000164176","0.503","predicted"
"elmmo","MIMAT0015060","hsa-miR-548w","EDIL3","10085","ENSG00000164176","0.503","predicted"
"elmmo","MIMAT0015060","hsa-miR-548w","EDIL3","10085","ENSG00000164176","0.503","predicted"
"elmmo","MIMAT0018354","hsa-miR-548y","EDIL3","10085","ENSG00000164176","0.503","predicted"
"elmmo","MIMAT0018354","hsa-miR-548y","EDIL3","10085","ENSG00000164176","0.503","predicted"
"elmmo","MIMAT0005875","hsa-miR-548j-5p","EDIL3","10085","ENSG00000164176","0.503","predicted"
"elmmo","MIMAT0005875","hsa-miR-548j-5p","EDIL3","10085","ENSG00000164176","0.503","predicted"
"elmmo","MIMAT0018096","hsa-miR-3673","FN1","2335","ENSG00000115414","0.502","predicted"
"elmmo","MIMAT0018096","hsa-miR-3673","FN1","2335","ENSG00000115414","0.502","predicted"
"elmmo","MIMAT0000727","hsa-miR-374a-5p","LOX","4015","ENSG00000113083","0.499","predicted"
"elmmo","MIMAT0000727","hsa-miR-374a-5p","LOX","4015","ENSG00000113083","0.499","predicted"
"elmmo","MIMAT0002817","hsa-miR-495-3p","LOX","4015","ENSG00000113083","0.498","predicted"
"elmmo","MIMAT0002817","hsa-miR-495-3p","LOX","4015","ENSG00000113083","0.498","predicted"
"elmmo","MIMAT0018203","hsa-miR-676-5p","COL11A1","1301","ENSG00000060718","0.497","predicted"
"elmmo","MIMAT0018203","hsa-miR-676-5p","COL11A1","1301","ENSG00000060718","0.497","predicted"
"elmmo","MIMAT0000456","hsa-miR-186-5p","VCAN","1462","ENSG00000038427","0.497","predicted"
"elmmo","MIMAT0000456","hsa-miR-186-5p","VCAN","1462","ENSG00000038427","0.497","predicted"
"elmmo","MIMAT0003150","hsa-miR-455-5p","VCAN","1462","ENSG00000038427","0.497","predicted"
"elmmo","MIMAT0003150","hsa-miR-455-5p","VCAN","1462","ENSG00000038427","0.497","predicted"
"elmmo","MIMAT0005912","hsa-miR-548g-3p","ISM1","140862","ENSG00000101230","0.497","predicted"
"elmmo","MIMAT0005912","hsa-miR-548g-3p","ISM1","140862","ENSG00000101230","0.497","predicted"
"elmmo","MIMAT0005907","hsa-miR-1256","COL11A1","1301","ENSG00000060718","0.496","predicted"
"elmmo","MIMAT0005907","hsa-miR-1256","COL11A1","1301","ENSG00000060718","0.496","predicted"
"elmmo","MIMAT0004954","hsa-miR-543","VCAN","1462","ENSG00000038427","0.494","predicted"
"elmmo","MIMAT0004954","hsa-miR-543","VCAN","1462","ENSG00000038427","0.494","predicted"
"elmmo","MIMAT0004924","hsa-miR-876-5p","COL8A1","1295","ENSG00000144810","0.493","predicted"
"elmmo","MIMAT0004924","hsa-miR-876-5p","COL8A1","1295","ENSG00000144810","0.493","predicted"
"elmmo","MIMAT0018358","hsa-miR-3942-5p","LOX","4015","ENSG00000113083","0.492","predicted"
"elmmo","MIMAT0018358","hsa-miR-3942-5p","LOX","4015","ENSG00000113083","0.492","predicted"
"elmmo","MIMAT0016926","hsa-miR-4328","EDIL3","10085","ENSG00000164176","0.492","predicted"
"elmmo","MIMAT0016926","hsa-miR-4328","EDIL3","10085","ENSG00000164176","0.492","predicted"
"elmmo","MIMAT0002877","hsa-miR-513a-5p","VCAN","1462","ENSG00000038427","0.492","predicted"
"elmmo","MIMAT0002877","hsa-miR-513a-5p","VCAN","1462","ENSG00000038427","0.492","predicted"
"elmmo","MIMAT0018358","hsa-miR-3942-5p","COL8A1","1295","ENSG00000144810","0.492","predicted"
"elmmo","MIMAT0018358","hsa-miR-3942-5p","COL8A1","1295","ENSG00000144810","0.492","predicted"
"elmmo","MIMAT0005882","hsa-miR-548k","COL3A1","1281","ENSG00000168542","0.49","predicted"
"elmmo","MIMAT0005882","hsa-miR-548k","COL3A1","1281","ENSG00000168542","0.49","predicted"
"elmmo","MIMAT0005882","hsa-miR-548k","EDIL3","10085","ENSG00000164176","0.49","predicted"
"elmmo","MIMAT0005882","hsa-miR-548k","EDIL3","10085","ENSG00000164176","0.49","predicted"
"elmmo","MIMAT0017986","hsa-miR-3609","COL3A1","1281","ENSG00000168542","0.488","predicted"
"elmmo","MIMAT0017986","hsa-miR-3609","COL3A1","1281","ENSG00000168542","0.488","predicted"
"elmmo","MIMAT0018094","hsa-miR-3671","FN1","2335","ENSG00000115414","0.488","predicted"
"elmmo","MIMAT0018094","hsa-miR-3671","FN1","2335","ENSG00000115414","0.488","predicted"
"elmmo","MIMAT0018094","hsa-miR-3671","LOX","4015","ENSG00000113083","0.488","predicted"
"elmmo","MIMAT0018094","hsa-miR-3671","LOX","4015","ENSG00000113083","0.488","predicted"
"elmmo","MIMAT0018094","hsa-miR-3671","VCAN","1462","ENSG00000038427","0.488","predicted"
"elmmo","MIMAT0018094","hsa-miR-3671","VCAN","1462","ENSG00000038427","0.488","predicted"
"elmmo","MIMAT0000281","hsa-miR-224-5p","ISM1","140862","ENSG00000101230","0.488","predicted"
"elmmo","MIMAT0000281","hsa-miR-224-5p","ISM1","140862","ENSG00000101230","0.488","predicted"
"elmmo","MIMAT0015042","hsa-miR-3167","COL3A1","1281","ENSG00000168542","0.487","predicted"
"elmmo","MIMAT0015042","hsa-miR-3167","COL3A1","1281","ENSG00000168542","0.487","predicted"
"elmmo","MIMAT0015042","hsa-miR-3167","INHBA","3624","ENSG00000122641","0.487","predicted"
"elmmo","MIMAT0015042","hsa-miR-3167","INHBA","3624","ENSG00000122641","0.487","predicted"
"elmmo","MIMAT0015042","hsa-miR-3167","LOX","4015","ENSG00000113083","0.487","predicted"
"elmmo","MIMAT0015042","hsa-miR-3167","LOX","4015","ENSG00000113083","0.487","predicted"
"elmmo","MIMAT0015042","hsa-miR-3167","VCAN","1462","ENSG00000038427","0.487","predicted"
"elmmo","MIMAT0015042","hsa-miR-3167","VCAN","1462","ENSG00000038427","0.487","predicted"
"elmmo","MIMAT0004692","hsa-miR-340-5p","COL11A1","1301","ENSG00000060718","0.486","predicted"
"elmmo","MIMAT0004692","hsa-miR-340-5p","COL11A1","1301","ENSG00000060718","0.486","predicted"
"elmmo","MIMAT0000683","hsa-miR-302a-5p","LOX","4015","ENSG00000113083","0.486","predicted"
"elmmo","MIMAT0000683","hsa-miR-302a-5p","LOX","4015","ENSG00000113083","0.486","predicted"
"elmmo","MIMAT0004692","hsa-miR-340-5p","EDIL3","10085","ENSG00000164176","0.486","predicted"
"elmmo","MIMAT0004692","hsa-miR-340-5p","EDIL3","10085","ENSG00000164176","0.486","predicted"
"elmmo","MIMAT0004692","hsa-miR-340-5p","VCAN","1462","ENSG00000038427","0.486","predicted"
"elmmo","MIMAT0004692","hsa-miR-340-5p","VCAN","1462","ENSG00000038427","0.486","predicted"
"elmmo","","hsa-miR-3647-3p","LOX","4015","ENSG00000113083","0.485","predicted"
"elmmo","","hsa-miR-3647-3p","LOX","4015","ENSG00000113083","0.485","predicted"
"elmmo","MIMAT0000444","hsa-miR-126-5p","LOX","4015","ENSG00000113083","0.483","predicted"
"elmmo","MIMAT0000444","hsa-miR-126-5p","LOX","4015","ENSG00000113083","0.483","predicted"
"elmmo","MIMAT0004803","hsa-miR-548a-5p","EDIL3","10085","ENSG00000164176","0.483","predicted"
"elmmo","MIMAT0004803","hsa-miR-548a-5p","EDIL3","10085","ENSG00000164176","0.483","predicted"
"elmmo","MIMAT0004798","hsa-miR-548b-5p","EDIL3","10085","ENSG00000164176","0.483","predicted"
"elmmo","MIMAT0004798","hsa-miR-548b-5p","EDIL3","10085","ENSG00000164176","0.483","predicted"
"elmmo","MIMAT0004806","hsa-miR-548c-5p","EDIL3","10085","ENSG00000164176","0.483","predicted"
"elmmo","MIMAT0004806","hsa-miR-548c-5p","EDIL3","10085","ENSG00000164176","0.483","predicted"
"elmmo","MIMAT0004812","hsa-miR-548d-5p","EDIL3","10085","ENSG00000164176","0.483","predicted"
"elmmo","MIMAT0004812","hsa-miR-548d-5p","EDIL3","10085","ENSG00000164176","0.483","predicted"
"elmmo","MIMAT0005928","hsa-miR-548h-5p","EDIL3","10085","ENSG00000164176","0.483","predicted"
"elmmo","MIMAT0005928","hsa-miR-548h-5p","EDIL3","10085","ENSG00000164176","0.483","predicted"
"elmmo","MIMAT0005935","hsa-miR-548i","EDIL3","10085","ENSG00000164176","0.483","predicted"
"elmmo","MIMAT0005935","hsa-miR-548i","EDIL3","10085","ENSG00000164176","0.483","predicted"
"elmmo","MIMAT0015060","hsa-miR-548w","EDIL3","10085","ENSG00000164176","0.483","predicted"
"elmmo","MIMAT0015060","hsa-miR-548w","EDIL3","10085","ENSG00000164176","0.483","predicted"
"elmmo","MIMAT0018354","hsa-miR-548y","EDIL3","10085","ENSG00000164176","0.483","predicted"
"elmmo","MIMAT0018354","hsa-miR-548y","EDIL3","10085","ENSG00000164176","0.483","predicted"
"elmmo","MIMAT0005875","hsa-miR-548j-5p","EDIL3","10085","ENSG00000164176","0.483","predicted"
"elmmo","MIMAT0005875","hsa-miR-548j-5p","EDIL3","10085","ENSG00000164176","0.483","predicted"
"elmmo","MIMAT0000429","hsa-miR-137-3p","COL11A1","1301","ENSG00000060718","0.482","predicted"
"elmmo","MIMAT0000429","hsa-miR-137-3p","COL11A1","1301","ENSG00000060718","0.482","predicted"
"elmmo","MIMAT0015378","hsa-miR-3065-3p","LOX","4015","ENSG00000113083","0.478","predicted"
"elmmo","MIMAT0015378","hsa-miR-3065-3p","LOX","4015","ENSG00000113083","0.478","predicted"
"elmmo","MIMAT0003244","hsa-miR-579-3p","COL8A1","1295","ENSG00000144810","0.478","predicted"
"elmmo","MIMAT0003244","hsa-miR-579-3p","COL8A1","1295","ENSG00000144810","0.478","predicted"
"elmmo","","hsa-miR-3647-3p","LOX","4015","ENSG00000113083","0.477","predicted"
"elmmo","","hsa-miR-3647-3p","LOX","4015","ENSG00000113083","0.477","predicted"
"elmmo","MIMAT0004924","hsa-miR-876-5p","COL3A1","1281","ENSG00000168542","0.476","predicted"
"elmmo","MIMAT0004924","hsa-miR-876-5p","COL3A1","1281","ENSG00000168542","0.476","predicted"
"elmmo","MIMAT0018083","hsa-miR-3662","COL11A1","1301","ENSG00000060718","0.476","predicted"
"elmmo","MIMAT0018083","hsa-miR-3662","COL11A1","1301","ENSG00000060718","0.476","predicted"
"elmmo","","hsa-miR-3647-3p","COL11A1","1301","ENSG00000060718","0.476","predicted"
"elmmo","","hsa-miR-3647-3p","COL11A1","1301","ENSG00000060718","0.476","predicted"
"elmmo","","hsa-miR-3647-3p","FN1","2335","ENSG00000115414","0.476","predicted"
"elmmo","","hsa-miR-3647-3p","FN1","2335","ENSG00000115414","0.476","predicted"
"elmmo","MIMAT0000269","hsa-miR-212-3p","COL11A1","1301","ENSG00000060718","0.474","predicted"
"elmmo","MIMAT0000269","hsa-miR-212-3p","COL11A1","1301","ENSG00000060718","0.474","predicted"
"elmmo","MIMAT0000426","hsa-miR-132-3p","COL11A1","1301","ENSG00000060718","0.474","predicted"
"elmmo","MIMAT0000426","hsa-miR-132-3p","COL11A1","1301","ENSG00000060718","0.474","predicted"
"elmmo","MIMAT0005934","hsa-miR-548p","COL11A1","1301","ENSG00000060718","0.473","predicted"
"elmmo","MIMAT0005934","hsa-miR-548p","COL11A1","1301","ENSG00000060718","0.473","predicted"
"elmmo","MIMAT0004503","hsa-miR-29a-5p","LOX","4015","ENSG00000113083","0.473","predicted"
"elmmo","MIMAT0004503","hsa-miR-29a-5p","LOX","4015","ENSG00000113083","0.473","predicted"
"elmmo","MIMAT0002824","hsa-miR-498-5p","COL11A1","1301","ENSG00000060718","0.472","predicted"
"elmmo","MIMAT0002824","hsa-miR-498-5p","COL11A1","1301","ENSG00000060718","0.472","predicted"
"elmmo","MIMAT0003164","hsa-miR-544a","COL11A1","1301","ENSG00000060718","0.471","predicted"
"elmmo","MIMAT0003164","hsa-miR-544a","COL11A1","1301","ENSG00000060718","0.471","predicted"
"elmmo","MIMAT0003244","hsa-miR-579-3p","FN1","2335","ENSG00000115414","0.47","predicted"
"elmmo","MIMAT0003244","hsa-miR-579-3p","FN1","2335","ENSG00000115414","0.47","predicted"
"elmmo","MIMAT0003244","hsa-miR-579-3p","LOX","4015","ENSG00000113083","0.47","predicted"
"elmmo","MIMAT0003244","hsa-miR-579-3p","LOX","4015","ENSG00000113083","0.47","predicted"
"elmmo","MIMAT0003223","hsa-miR-559","EDIL3","10085","ENSG00000164176","0.47","predicted"
"elmmo","MIMAT0003223","hsa-miR-559","EDIL3","10085","ENSG00000164176","0.47","predicted"
"elmmo","MIMAT0003244","hsa-miR-579-3p","VCAN","1462","ENSG00000038427","0.47","predicted"
"elmmo","MIMAT0003244","hsa-miR-579-3p","VCAN","1462","ENSG00000038427","0.47","predicted"
"elmmo","MIMAT0001532","hsa-miR-448","LOX","4015","ENSG00000113083","0.469","predicted"
"elmmo","MIMAT0001532","hsa-miR-448","LOX","4015","ENSG00000113083","0.469","predicted"
"elmmo","MIMAT0004703","hsa-miR-335-3p","LOX","4015","ENSG00000113083","0.469","predicted"
"elmmo","MIMAT0004703","hsa-miR-335-3p","LOX","4015","ENSG00000113083","0.469","predicted"
"elmmo","MIMAT0003316","hsa-miR-646","COL3A1","1281","ENSG00000168542","0.467","predicted"
"elmmo","MIMAT0003316","hsa-miR-646","COL3A1","1281","ENSG00000168542","0.467","predicted"
"elmmo","MIMAT0004955","hsa-miR-374b-5p","EDIL3","10085","ENSG00000164176","0.467","predicted"
"elmmo","MIMAT0004955","hsa-miR-374b-5p","EDIL3","10085","ENSG00000164176","0.467","predicted"
"elmmo","MIMAT0018113","hsa-miR-3685","FN1","2335","ENSG00000115414","0.466","predicted"
"elmmo","MIMAT0018113","hsa-miR-3685","FN1","2335","ENSG00000115414","0.466","predicted"
"elmmo","MIMAT0015081","hsa-miR-548x-3p","LOX","4015","ENSG00000113083","0.466","predicted"
"elmmo","MIMAT0015081","hsa-miR-548x-3p","LOX","4015","ENSG00000113083","0.466","predicted"
"elmmo","MIMAT0018113","hsa-miR-3685","EDIL3","10085","ENSG00000164176","0.466","predicted"
"elmmo","MIMAT0018113","hsa-miR-3685","EDIL3","10085","ENSG00000164176","0.466","predicted"
"elmmo","MIMAT0014982","hsa-miR-3120-3p","COL3A1","1281","ENSG00000168542","0.465","predicted"
"elmmo","MIMAT0014982","hsa-miR-3120-3p","COL3A1","1281","ENSG00000168542","0.465","predicted"
"elmmo","MIMAT0004772","hsa-miR-499a-3p","COL11A1","1301","ENSG00000060718","0.465","predicted"
"elmmo","MIMAT0004772","hsa-miR-499a-3p","COL11A1","1301","ENSG00000060718","0.465","predicted"
"elmmo","MIMAT0002824","hsa-miR-498-5p","COL11A1","1301","ENSG00000060718","0.465","predicted"
"elmmo","MIMAT0002824","hsa-miR-498-5p","COL11A1","1301","ENSG00000060718","0.465","predicted"
"elmmo","MIMAT0005880","hsa-miR-1290","COL8A1","1295","ENSG00000144810","0.465","predicted"
"elmmo","MIMAT0005880","hsa-miR-1290","COL8A1","1295","ENSG00000144810","0.465","predicted"
"elmmo","MIMAT0002824","hsa-miR-498-5p","ISM1","140862","ENSG00000101230","0.465","predicted"
"elmmo","MIMAT0002824","hsa-miR-498-5p","ISM1","140862","ENSG00000101230","0.465","predicted"
"elmmo","MIMAT0015030","hsa-miR-3156-5p","COL3A1","1281","ENSG00000168542","0.463","predicted"
"elmmo","MIMAT0015030","hsa-miR-3156-5p","COL3A1","1281","ENSG00000168542","0.463","predicted"
"elmmo","MIMAT0016856","hsa-miR-4303","INHBA","3624","ENSG00000122641","0.463","predicted"
"elmmo","MIMAT0016856","hsa-miR-4303","INHBA","3624","ENSG00000122641","0.463","predicted"
"elmmo","MIMAT0005880","hsa-miR-1290","LOX","4015","ENSG00000113083","0.463","predicted"
"elmmo","MIMAT0005880","hsa-miR-1290","LOX","4015","ENSG00000113083","0.463","predicted"
"elmmo","MIMAT0005880","hsa-miR-1290","VCAN","1462","ENSG00000038427","0.463","predicted"
"elmmo","MIMAT0005880","hsa-miR-1290","VCAN","1462","ENSG00000038427","0.463","predicted"
"elmmo","MIMAT0018096","hsa-miR-3673","COL11A1","1301","ENSG00000060718","0.461","predicted"
"elmmo","MIMAT0018096","hsa-miR-3673","COL11A1","1301","ENSG00000060718","0.461","predicted"
"elmmo","MIMAT0004506","hsa-miR-33a-3p","LOX","4015","ENSG00000113083","0.459","predicted"
"elmmo","MIMAT0004506","hsa-miR-33a-3p","LOX","4015","ENSG00000113083","0.459","predicted"
"elmmo","MIMAT0002830","hsa-miR-520f-3p","LOX","4015","ENSG00000113083","0.459","predicted"
"elmmo","MIMAT0002830","hsa-miR-520f-3p","LOX","4015","ENSG00000113083","0.459","predicted"
"elmmo","MIMAT0004699","hsa-miR-148b-5p","COL11A1","1301","ENSG00000060718","0.457","predicted"
"elmmo","MIMAT0004699","hsa-miR-148b-5p","COL11A1","1301","ENSG00000060718","0.457","predicted"
"elmmo","MIMAT0004921","hsa-miR-889-3p","EDIL3","10085","ENSG00000164176","0.457","predicted"
"elmmo","MIMAT0004921","hsa-miR-889-3p","EDIL3","10085","ENSG00000164176","0.457","predicted"
"elmmo","MIMAT0002816","hsa-miR-494-3p","LOX","4015","ENSG00000113083","0.456","predicted"
"elmmo","MIMAT0002816","hsa-miR-494-3p","LOX","4015","ENSG00000113083","0.456","predicted"
"elmmo","MIMAT0000264","hsa-miR-203a-3p","COL11A1","1301","ENSG00000060718","0.451","predicted"
"elmmo","MIMAT0000264","hsa-miR-203a-3p","COL11A1","1301","ENSG00000060718","0.451","predicted"
"elmmo","MIMAT0016920","hsa-miR-4289","VCAN","1462","ENSG00000038427","0.451","predicted"
"elmmo","MIMAT0016920","hsa-miR-4289","VCAN","1462","ENSG00000038427","0.451","predicted"
"elmmo","MIMAT0003882","hsa-miR-767-5p","COL3A1","1281","ENSG00000168542","0.45","predicted"
"elmmo","MIMAT0003882","hsa-miR-767-5p","COL3A1","1281","ENSG00000168542","0.45","predicted"
"elmmo","MIMAT0005907","hsa-miR-1256","LOX","4015","ENSG00000113083","0.449","predicted"
"elmmo","MIMAT0005907","hsa-miR-1256","LOX","4015","ENSG00000113083","0.449","predicted"
"elmmo","MIMAT0005880","hsa-miR-1290","INHBA","3624","ENSG00000122641","0.447","predicted"
"elmmo","MIMAT0005880","hsa-miR-1290","INHBA","3624","ENSG00000122641","0.447","predicted"
"elmmo","MIMAT0005880","hsa-miR-1290","LOX","4015","ENSG00000113083","0.447","predicted"
"elmmo","MIMAT0005880","hsa-miR-1290","LOX","4015","ENSG00000113083","0.447","predicted"
"elmmo","MIMAT0000450","hsa-miR-149-5p","LOX","4015","ENSG00000113083","0.445","predicted"
"elmmo","MIMAT0000450","hsa-miR-149-5p","LOX","4015","ENSG00000113083","0.445","predicted"
"elmmo","MIMAT0004690","hsa-miR-379-3p","LOX","4015","ENSG00000113083","0.445","predicted"
"elmmo","MIMAT0004690","hsa-miR-379-3p","LOX","4015","ENSG00000113083","0.445","predicted"
"elmmo","MIMAT0004813","hsa-miR-411-3p","LOX","4015","ENSG00000113083","0.445","predicted"
"elmmo","MIMAT0004813","hsa-miR-411-3p","LOX","4015","ENSG00000113083","0.445","predicted"
"elmmo","MIMAT0000264","hsa-miR-203a-3p","LOX","4015","ENSG00000113083","0.445","predicted"
"elmmo","MIMAT0000264","hsa-miR-203a-3p","LOX","4015","ENSG00000113083","0.445","predicted"
"elmmo","MIMAT0009197","hsa-miR-205-3p","COL3A1","1281","ENSG00000168542","0.444","predicted"
"elmmo","MIMAT0009197","hsa-miR-205-3p","COL3A1","1281","ENSG00000168542","0.444","predicted"
"elmmo","MIMAT0009197","hsa-miR-205-3p","INHBA","3624","ENSG00000122641","0.444","predicted"
"elmmo","MIMAT0009197","hsa-miR-205-3p","INHBA","3624","ENSG00000122641","0.444","predicted"
"elmmo","MIMAT0004955","hsa-miR-374b-5p","LOX","4015","ENSG00000113083","0.444","predicted"
"elmmo","MIMAT0004955","hsa-miR-374b-5p","LOX","4015","ENSG00000113083","0.444","predicted"
"elmmo","MIMAT0000425","hsa-miR-130a-3p","ISM1","140862","ENSG00000101230","0.443","predicted"
"elmmo","MIMAT0000425","hsa-miR-130a-3p","ISM1","140862","ENSG00000101230","0.443","predicted"
"elmmo","MIMAT0000691","hsa-miR-130b-3p","ISM1","140862","ENSG00000101230","0.443","predicted"
"elmmo","MIMAT0000691","hsa-miR-130b-3p","ISM1","140862","ENSG00000101230","0.443","predicted"
"elmmo","MIMAT0000688","hsa-miR-301a-3p","ISM1","140862","ENSG00000101230","0.443","predicted"
"elmmo","MIMAT0000688","hsa-miR-301a-3p","ISM1","140862","ENSG00000101230","0.443","predicted"
"elmmo","MIMAT0016844","hsa-miR-4295","ISM1","140862","ENSG00000101230","0.443","predicted"
"elmmo","MIMAT0016844","hsa-miR-4295","ISM1","140862","ENSG00000101230","0.443","predicted"
"elmmo","MIMAT0018088","hsa-miR-3666","ISM1","140862","ENSG00000101230","0.443","predicted"
"elmmo","MIMAT0018088","hsa-miR-3666","ISM1","140862","ENSG00000101230","0.443","predicted"
"elmmo","MIMAT0004958","hsa-miR-301b-3p","ISM1","140862","ENSG00000101230","0.443","predicted"
"elmmo","MIMAT0004958","hsa-miR-301b-3p","ISM1","140862","ENSG00000101230","0.443","predicted"
"elmmo","MIMAT0004978","hsa-miR-935","LOX","4015","ENSG00000113083","0.442","predicted"
"elmmo","MIMAT0004978","hsa-miR-935","LOX","4015","ENSG00000113083","0.442","predicted"
"elmmo","MIMAT0000703","hsa-miR-361-5p","COL11A1","1301","ENSG00000060718","0.441","predicted"
"elmmo","MIMAT0000703","hsa-miR-361-5p","COL11A1","1301","ENSG00000060718","0.441","predicted"
"elmmo","MIMAT0018083","hsa-miR-3662","COL11A1","1301","ENSG00000060718","0.441","predicted"
"elmmo","MIMAT0018083","hsa-miR-3662","COL11A1","1301","ENSG00000060718","0.441","predicted"
"elmmo","MIMAT0018083","hsa-miR-3662","LOX","4015","ENSG00000113083","0.441","predicted"
"elmmo","MIMAT0018083","hsa-miR-3662","LOX","4015","ENSG00000113083","0.441","predicted"
"elmmo","MIMAT0018078","hsa-miR-3658","LOX","4015","ENSG00000113083","0.441","predicted"
"elmmo","MIMAT0018078","hsa-miR-3658","LOX","4015","ENSG00000113083","0.441","predicted"
"elmmo","MIMAT0005919","hsa-miR-548o-3p","COL11A1","1301","ENSG00000060718","0.44","predicted"
"elmmo","MIMAT0005919","hsa-miR-548o-3p","COL11A1","1301","ENSG00000060718","0.44","predicted"
"elmmo","MIMAT0016860","hsa-miR-4307","LOX","4015","ENSG00000113083","0.44","predicted"
"elmmo","MIMAT0016860","hsa-miR-4307","LOX","4015","ENSG00000113083","0.44","predicted"
"elmmo","MIMAT0003245","hsa-miR-580-3p","EDIL3","10085","ENSG00000164176","0.44","predicted"
"elmmo","MIMAT0003245","hsa-miR-580-3p","EDIL3","10085","ENSG00000164176","0.44","predicted"
"elmmo","MIMAT0005919","hsa-miR-548o-3p","VCAN","1462","ENSG00000038427","0.44","predicted"
"elmmo","MIMAT0005919","hsa-miR-548o-3p","VCAN","1462","ENSG00000038427","0.44","predicted"
"elmmo","MIMAT0004919","hsa-miR-541-5p","LOX","4015","ENSG00000113083","0.439","predicted"
"elmmo","MIMAT0004919","hsa-miR-541-5p","LOX","4015","ENSG00000113083","0.439","predicted"
"elmmo","MIMAT0004919","hsa-miR-541-5p","VCAN","1462","ENSG00000038427","0.439","predicted"
"elmmo","MIMAT0004919","hsa-miR-541-5p","VCAN","1462","ENSG00000038427","0.439","predicted"
"elmmo","MIMAT0016912","hsa-miR-4282","FN1","2335","ENSG00000115414","0.438","predicted"
"elmmo","MIMAT0016912","hsa-miR-4282","FN1","2335","ENSG00000115414","0.438","predicted"
"elmmo","MIMAT0000103","hsa-miR-106a-5p","LOX","4015","ENSG00000113083","0.438","predicted"
"elmmo","MIMAT0000103","hsa-miR-106a-5p","LOX","4015","ENSG00000113083","0.438","predicted"
"elmmo","MIMAT0017991","hsa-miR-3613-3p","COL3A1","1281","ENSG00000168542","0.437","predicted"
"elmmo","MIMAT0017991","hsa-miR-3613-3p","COL3A1","1281","ENSG00000168542","0.437","predicted"
"elmmo","MIMAT0004956","hsa-miR-374b-3p","ISM1","140862","ENSG00000101230","0.437","predicted"
"elmmo","MIMAT0004956","hsa-miR-374b-3p","ISM1","140862","ENSG00000101230","0.437","predicted"
"elmmo","MIMAT0018184","hsa-miR-3910","LOX","4015","ENSG00000113083","0.435","predicted"
"elmmo","MIMAT0018184","hsa-miR-3910","LOX","4015","ENSG00000113083","0.435","predicted"
"elmmo","MIMAT0000419","hsa-miR-27b-3p","EDIL3","10085","ENSG00000164176","0.435","predicted"
"elmmo","MIMAT0000419","hsa-miR-27b-3p","EDIL3","10085","ENSG00000164176","0.435","predicted"
"elmmo","MIMAT0000084","hsa-miR-27a-3p","EDIL3","10085","ENSG00000164176","0.435","predicted"
"elmmo","MIMAT0000084","hsa-miR-27a-3p","EDIL3","10085","ENSG00000164176","0.435","predicted"
"elmmo","MIMAT0000276","hsa-miR-219a-5p","LOX","4015","ENSG00000113083","0.434","predicted"
"elmmo","MIMAT0000276","hsa-miR-219a-5p","LOX","4015","ENSG00000113083","0.434","predicted"
"elmmo","MIMAT0000727","hsa-miR-374a-5p","EDIL3","10085","ENSG00000164176","0.434","predicted"
"elmmo","MIMAT0000727","hsa-miR-374a-5p","EDIL3","10085","ENSG00000164176","0.434","predicted"
"elmmo","MIMAT0004555","hsa-miR-10a-3p","COL11A1","1301","ENSG00000060718","0.433","predicted"
"elmmo","MIMAT0004555","hsa-miR-10a-3p","COL11A1","1301","ENSG00000060718","0.433","predicted"
"elmmo","MIMAT0004772","hsa-miR-499a-3p","FN1","2335","ENSG00000115414","0.433","predicted"
"elmmo","MIMAT0004772","hsa-miR-499a-3p","FN1","2335","ENSG00000115414","0.433","predicted"
"elmmo","MIMAT0004596","hsa-miR-138-2-3p","INHBA","3624","ENSG00000122641","0.433","predicted"
"elmmo","MIMAT0004596","hsa-miR-138-2-3p","INHBA","3624","ENSG00000122641","0.433","predicted"
"elmmo","MIMAT0003251","hsa-miR-548a-3p","VCAN","1462","ENSG00000038427","0.433","predicted"
"elmmo","MIMAT0003251","hsa-miR-548a-3p","VCAN","1462","ENSG00000038427","0.433","predicted"
"elmmo","MIMAT0004959","hsa-miR-216b-5p","COL8A1","1295","ENSG00000144810","0.432","predicted"
"elmmo","MIMAT0004959","hsa-miR-216b-5p","COL8A1","1295","ENSG00000144810","0.432","predicted"
"elmmo","MIMAT0005874","hsa-miR-548e-3p","ISM1","140862","ENSG00000101230","0.432","predicted"
"elmmo","MIMAT0005874","hsa-miR-548e-3p","ISM1","140862","ENSG00000101230","0.432","predicted"
"elmmo","MIMAT0005895","hsa-miR-548f-3p","ISM1","140862","ENSG00000101230","0.432","predicted"
"elmmo","MIMAT0005895","hsa-miR-548f-3p","ISM1","140862","ENSG00000101230","0.432","predicted"
"elmmo","MIMAT0018202","hsa-miR-3927-3p","COL11A1","1301","ENSG00000060718","0.431","predicted"
"elmmo","MIMAT0018202","hsa-miR-3927-3p","COL11A1","1301","ENSG00000060718","0.431","predicted"
"elmmo","MIMAT0003275","hsa-miR-607","FN1","2335","ENSG00000115414","0.43","predicted"
"elmmo","MIMAT0003275","hsa-miR-607","FN1","2335","ENSG00000115414","0.43","predicted"
"elmmo","MIMAT0004923","hsa-miR-875-3p","LOX","4015","ENSG00000113083","0.43","predicted"
"elmmo","MIMAT0004923","hsa-miR-875-3p","LOX","4015","ENSG00000113083","0.43","predicted"
"elmmo","MIMAT0003275","hsa-miR-607","LOX","4015","ENSG00000113083","0.43","predicted"
"elmmo","MIMAT0003275","hsa-miR-607","LOX","4015","ENSG00000113083","0.43","predicted"
"elmmo","MIMAT0016912","hsa-miR-4282","LOX","4015","ENSG00000113083","0.43","predicted"
"elmmo","MIMAT0016912","hsa-miR-4282","LOX","4015","ENSG00000113083","0.43","predicted"
"elmmo","MIMAT0003275","hsa-miR-607","EDIL3","10085","ENSG00000164176","0.43","predicted"
"elmmo","MIMAT0003275","hsa-miR-607","EDIL3","10085","ENSG00000164176","0.43","predicted"
"elmmo","MIMAT0004923","hsa-miR-875-3p","VCAN","1462","ENSG00000038427","0.43","predicted"
"elmmo","MIMAT0004923","hsa-miR-875-3p","VCAN","1462","ENSG00000038427","0.43","predicted"
"elmmo","MIMAT0006764","hsa-miR-320d","LOX","4015","ENSG00000113083","0.429","predicted"
"elmmo","MIMAT0006764","hsa-miR-320d","LOX","4015","ENSG00000113083","0.429","predicted"
"elmmo","MIMAT0005792","hsa-miR-320b","LOX","4015","ENSG00000113083","0.429","predicted"
"elmmo","MIMAT0005792","hsa-miR-320b","LOX","4015","ENSG00000113083","0.429","predicted"
"elmmo","MIMAT0005793","hsa-miR-320c","LOX","4015","ENSG00000113083","0.429","predicted"
"elmmo","MIMAT0005793","hsa-miR-320c","LOX","4015","ENSG00000113083","0.429","predicted"
"elmmo","MIMAT0000510","hsa-miR-320a-3p","LOX","4015","ENSG00000113083","0.429","predicted"
"elmmo","MIMAT0000510","hsa-miR-320a-3p","LOX","4015","ENSG00000113083","0.429","predicted"
"elmmo","MIMAT0018107","hsa-miR-3680-3p","LOX","4015","ENSG00000113083","0.427","predicted"
"elmmo","MIMAT0018107","hsa-miR-3680-3p","LOX","4015","ENSG00000113083","0.427","predicted"
"elmmo","MIMAT0002877","hsa-miR-513a-5p","EDIL3","10085","ENSG00000164176","0.427","predicted"
"elmmo","MIMAT0002877","hsa-miR-513a-5p","EDIL3","10085","ENSG00000164176","0.427","predicted"
"elmmo","MIMAT0018107","hsa-miR-3680-3p","EDIL3","10085","ENSG00000164176","0.427","predicted"
"elmmo","MIMAT0018107","hsa-miR-3680-3p","EDIL3","10085","ENSG00000164176","0.427","predicted"
"elmmo","MIMAT0004543","hsa-miR-192-3p","VCAN","1462","ENSG00000038427","0.427","predicted"
"elmmo","MIMAT0004543","hsa-miR-192-3p","VCAN","1462","ENSG00000038427","0.427","predicted"
"elmmo","MIMAT0000103","hsa-miR-106a-5p","INHBA","3624","ENSG00000122641","0.426","predicted"
"elmmo","MIMAT0000103","hsa-miR-106a-5p","INHBA","3624","ENSG00000122641","0.426","predicted"
"elmmo","MIMAT0000075","hsa-miR-20a-5p","INHBA","3624","ENSG00000122641","0.423","predicted"
"elmmo","MIMAT0000075","hsa-miR-20a-5p","INHBA","3624","ENSG00000122641","0.423","predicted"
"elmmo","MIMAT0000680","hsa-miR-106b-5p","INHBA","3624","ENSG00000122641","0.423","predicted"
"elmmo","MIMAT0000680","hsa-miR-106b-5p","INHBA","3624","ENSG00000122641","0.423","predicted"
"elmmo","MIMAT0000102","hsa-miR-105-5p","COL11A1","1301","ENSG00000060718","0.421","predicted"
"elmmo","MIMAT0000102","hsa-miR-105-5p","COL11A1","1301","ENSG00000060718","0.421","predicted"
"elmmo","MIMAT0000265","hsa-miR-204-5p","INHBA","3624","ENSG00000122641","0.421","predicted"
"elmmo","MIMAT0000265","hsa-miR-204-5p","INHBA","3624","ENSG00000122641","0.421","predicted"
"elmmo","MIMAT0000268","hsa-miR-211-5p","INHBA","3624","ENSG00000122641","0.421","predicted"
"elmmo","MIMAT0000268","hsa-miR-211-5p","INHBA","3624","ENSG00000122641","0.421","predicted"
"elmmo","MIMAT0004560","hsa-miR-183-3p","EDIL3","10085","ENSG00000164176","0.421","predicted"
"elmmo","MIMAT0004560","hsa-miR-183-3p","EDIL3","10085","ENSG00000164176","0.421","predicted"
"elmmo","MIMAT0004560","hsa-miR-183-3p","ISM1","140862","ENSG00000101230","0.42","predicted"
"elmmo","MIMAT0004560","hsa-miR-183-3p","ISM1","140862","ENSG00000101230","0.42","predicted"
"elmmo","MIMAT0000727","hsa-miR-374a-5p","COL11A1","1301","ENSG00000060718","0.419","predicted"
"elmmo","MIMAT0000727","hsa-miR-374a-5p","COL11A1","1301","ENSG00000060718","0.419","predicted"
"elmmo","MIMAT0016883","hsa-miR-4251","COL11A1","1301","ENSG00000060718","0.419","predicted"
"elmmo","MIMAT0016883","hsa-miR-4251","COL11A1","1301","ENSG00000060718","0.419","predicted"
"elmmo","MIMAT0003165","hsa-miR-545-3p","LOX","4015","ENSG00000113083","0.419","predicted"
"elmmo","MIMAT0003165","hsa-miR-545-3p","LOX","4015","ENSG00000113083","0.419","predicted"
"elmmo","MIMAT0004555","hsa-miR-10a-3p","COL11A1","1301","ENSG00000060718","0.417","predicted"
"elmmo","MIMAT0004555","hsa-miR-10a-3p","COL11A1","1301","ENSG00000060718","0.417","predicted"
"elmmo","MIMAT0004555","hsa-miR-10a-3p","FN1","2335","ENSG00000115414","0.417","predicted"
"elmmo","MIMAT0004555","hsa-miR-10a-3p","FN1","2335","ENSG00000115414","0.417","predicted"
"elmmo","MIMAT0016912","hsa-miR-4282","LOX","4015","ENSG00000113083","0.417","predicted"
"elmmo","MIMAT0016912","hsa-miR-4282","LOX","4015","ENSG00000113083","0.417","predicted"
"elmmo","MIMAT0005916","hsa-miR-548n","EDIL3","10085","ENSG00000164176","0.417","predicted"
"elmmo","MIMAT0005916","hsa-miR-548n","EDIL3","10085","ENSG00000164176","0.417","predicted"
"elmmo","MIMAT0016856","hsa-miR-4303","COL11A1","1301","ENSG00000060718","0.416","predicted"
"elmmo","MIMAT0016856","hsa-miR-4303","COL11A1","1301","ENSG00000060718","0.416","predicted"
"elmmo","MIMAT0004801","hsa-miR-590-3p","LOX","4015","ENSG00000113083","0.416","predicted"
"elmmo","MIMAT0004801","hsa-miR-590-3p","LOX","4015","ENSG00000113083","0.416","predicted"
"elmmo","MIMAT0009978","hsa-miR-2053","LOX","4015","ENSG00000113083","0.416","predicted"
"elmmo","MIMAT0009978","hsa-miR-2053","LOX","4015","ENSG00000113083","0.416","predicted"
"elmmo","MIMAT0003235","hsa-miR-570-3p","COL11A1","1301","ENSG00000060718","0.415","predicted"
"elmmo","MIMAT0003235","hsa-miR-570-3p","COL11A1","1301","ENSG00000060718","0.415","predicted"
"elmmo","MIMAT0003235","hsa-miR-570-3p","LOX","4015","ENSG00000113083","0.415","predicted"
"elmmo","MIMAT0003235","hsa-miR-570-3p","LOX","4015","ENSG00000113083","0.415","predicted"
"elmmo","MIMAT0003235","hsa-miR-570-3p","THBS3","7059","ENSG00000169231","0.415","predicted"
"elmmo","MIMAT0003235","hsa-miR-570-3p","THBS3","7059","ENSG00000169231","0.415","predicted"
"elmmo","MIMAT0003163","hsa-miR-539-5p","VCAN","1462","ENSG00000038427","0.415","predicted"
"elmmo","MIMAT0003163","hsa-miR-539-5p","VCAN","1462","ENSG00000038427","0.415","predicted"
"elmmo","MIMAT0003235","hsa-miR-570-3p","VCAN","1462","ENSG00000038427","0.415","predicted"
"elmmo","MIMAT0003235","hsa-miR-570-3p","VCAN","1462","ENSG00000038427","0.415","predicted"
"elmmo","MIMAT0002879","hsa-miR-507","LOX","4015","ENSG00000113083","0.414","predicted"
"elmmo","MIMAT0002879","hsa-miR-507","LOX","4015","ENSG00000113083","0.414","predicted"
"elmmo","MIMAT0004916","hsa-miR-888-5p","LOX","4015","ENSG00000113083","0.414","predicted"
"elmmo","MIMAT0004916","hsa-miR-888-5p","LOX","4015","ENSG00000113083","0.414","predicted"
"elmmo","MIMAT0006764","hsa-miR-320d","VCAN","1462","ENSG00000038427","0.414","predicted"
"elmmo","MIMAT0006764","hsa-miR-320d","VCAN","1462","ENSG00000038427","0.414","predicted"
"elmmo","MIMAT0005792","hsa-miR-320b","VCAN","1462","ENSG00000038427","0.414","predicted"
"elmmo","MIMAT0005792","hsa-miR-320b","VCAN","1462","ENSG00000038427","0.414","predicted"
"elmmo","MIMAT0005793","hsa-miR-320c","VCAN","1462","ENSG00000038427","0.414","predicted"
"elmmo","MIMAT0005793","hsa-miR-320c","VCAN","1462","ENSG00000038427","0.414","predicted"
"elmmo","MIMAT0000510","hsa-miR-320a-3p","VCAN","1462","ENSG00000038427","0.414","predicted"
"elmmo","MIMAT0000510","hsa-miR-320a-3p","VCAN","1462","ENSG00000038427","0.414","predicted"
"elmmo","MIMAT0004503","hsa-miR-29a-5p","LOX","4015","ENSG00000113083","0.413","predicted"
"elmmo","MIMAT0004503","hsa-miR-29a-5p","LOX","4015","ENSG00000113083","0.413","predicted"
"elmmo","MIMAT0017986","hsa-miR-3609","LOX","4015","ENSG00000113083","0.413","predicted"
"elmmo","MIMAT0017986","hsa-miR-3609","LOX","4015","ENSG00000113083","0.413","predicted"
"elmmo","MIMAT0016922","hsa-miR-4291","VCAN","1462","ENSG00000038427","0.413","predicted"
"elmmo","MIMAT0016922","hsa-miR-4291","VCAN","1462","ENSG00000038427","0.413","predicted"
"elmmo","MIMAT0000266","hsa-miR-205-5p","EDIL3","10085","ENSG00000164176","0.412","predicted"
"elmmo","MIMAT0000266","hsa-miR-205-5p","EDIL3","10085","ENSG00000164176","0.412","predicted"
"elmmo","MIMAT0004801","hsa-miR-590-3p","COL3A1","1281","ENSG00000168542","0.411","predicted"
"elmmo","MIMAT0004801","hsa-miR-590-3p","COL3A1","1281","ENSG00000168542","0.411","predicted"
"elmmo","MIMAT0003285","hsa-miR-548c-3p","LOX","4015","ENSG00000113083","0.411","predicted"
"elmmo","MIMAT0003285","hsa-miR-548c-3p","LOX","4015","ENSG00000113083","0.411","predicted"
"elmmo","MIMAT0004777","hsa-miR-513a-3p","COL3A1","1281","ENSG00000168542","0.41","predicted"
"elmmo","MIMAT0004777","hsa-miR-513a-3p","COL3A1","1281","ENSG00000168542","0.41","predicted"
"elmmo","MIMAT0004801","hsa-miR-590-3p","LOX","4015","ENSG00000113083","0.41","predicted"
"elmmo","MIMAT0004801","hsa-miR-590-3p","LOX","4015","ENSG00000113083","0.41","predicted"
"elmmo","MIMAT0004596","hsa-miR-138-2-3p","COL3A1","1281","ENSG00000168542","0.409","predicted"
"elmmo","MIMAT0004596","hsa-miR-138-2-3p","COL3A1","1281","ENSG00000168542","0.409","predicted"
"elmmo","MIMAT0004801","hsa-miR-590-3p","COL11A1","1301","ENSG00000060718","0.409","predicted"
"elmmo","MIMAT0004801","hsa-miR-590-3p","COL11A1","1301","ENSG00000060718","0.409","predicted"
"elmmo","MIMAT0003332","hsa-miR-656-3p","COL11A1","1301","ENSG00000060718","0.409","predicted"
"elmmo","MIMAT0003332","hsa-miR-656-3p","COL11A1","1301","ENSG00000060718","0.409","predicted"
"elmmo","MIMAT0004801","hsa-miR-590-3p","FN1","2335","ENSG00000115414","0.409","predicted"
"elmmo","MIMAT0004801","hsa-miR-590-3p","FN1","2335","ENSG00000115414","0.409","predicted"
"elmmo","MIMAT0004505","hsa-miR-32-3p","FN1","2335","ENSG00000115414","0.409","predicted"
"elmmo","MIMAT0004505","hsa-miR-32-3p","FN1","2335","ENSG00000115414","0.409","predicted"
"elmmo","MIMAT0004505","hsa-miR-32-3p","LOX","4015","ENSG00000113083","0.409","predicted"
"elmmo","MIMAT0004505","hsa-miR-32-3p","LOX","4015","ENSG00000113083","0.409","predicted"
"elmmo","MIMAT0016860","hsa-miR-4307","VCAN","1462","ENSG00000038427","0.408","predicted"
"elmmo","MIMAT0016860","hsa-miR-4307","VCAN","1462","ENSG00000038427","0.408","predicted"
"elmmo","MIMAT0004794","hsa-miR-551b-5p","FN1","2335","ENSG00000115414","0.407","predicted"
"elmmo","MIMAT0004794","hsa-miR-551b-5p","FN1","2335","ENSG00000115414","0.407","predicted"
"elmmo","MIMAT0017986","hsa-miR-3609","FN1","2335","ENSG00000115414","0.407","predicted"
"elmmo","MIMAT0017986","hsa-miR-3609","FN1","2335","ENSG00000115414","0.407","predicted"
"elmmo","MIMAT0000070","hsa-miR-17-5p","INHBA","3624","ENSG00000122641","0.407","predicted"
"elmmo","MIMAT0000070","hsa-miR-17-5p","INHBA","3624","ENSG00000122641","0.407","predicted"
"elmmo","MIMAT0000093","hsa-miR-93-5p","INHBA","3624","ENSG00000122641","0.407","predicted"
"elmmo","MIMAT0000093","hsa-miR-93-5p","INHBA","3624","ENSG00000122641","0.407","predicted"
"elmmo","MIMAT0001413","hsa-miR-20b-5p","INHBA","3624","ENSG00000122641","0.407","predicted"
"elmmo","MIMAT0001413","hsa-miR-20b-5p","INHBA","3624","ENSG00000122641","0.407","predicted"
"elmmo","MIMAT0002853","hsa-miR-519d-3p","INHBA","3624","ENSG00000122641","0.407","predicted"
"elmmo","MIMAT0002853","hsa-miR-519d-3p","INHBA","3624","ENSG00000122641","0.407","predicted"
"elmmo","MIMAT0002879","hsa-miR-507","LOX","4015","ENSG00000113083","0.407","predicted"
"elmmo","MIMAT0002879","hsa-miR-507","LOX","4015","ENSG00000113083","0.407","predicted"
"elmmo","MIMAT0002879","hsa-miR-507","ISM1","140862","ENSG00000101230","0.407","predicted"
"elmmo","MIMAT0002879","hsa-miR-507","ISM1","140862","ENSG00000101230","0.407","predicted"
"elmmo","MIMAT0004923","hsa-miR-875-3p","LOX","4015","ENSG00000113083","0.406","predicted"
"elmmo","MIMAT0004923","hsa-miR-875-3p","LOX","4015","ENSG00000113083","0.406","predicted"
"elmmo","MIMAT0000456","hsa-miR-186-5p","COL11A1","1301","ENSG00000060718","0.404","predicted"
"elmmo","MIMAT0000456","hsa-miR-186-5p","COL11A1","1301","ENSG00000060718","0.404","predicted"
"elmmo","MIMAT0005916","hsa-miR-548n","COL11A1","1301","ENSG00000060718","0.404","predicted"
"elmmo","MIMAT0005916","hsa-miR-548n","COL11A1","1301","ENSG00000060718","0.404","predicted"
"elmmo","MIMAT0004777","hsa-miR-513a-3p","COL11A1","1301","ENSG00000060718","0.403","predicted"
"elmmo","MIMAT0004777","hsa-miR-513a-3p","COL11A1","1301","ENSG00000060718","0.403","predicted"
"elmmo","MIMAT0004947","hsa-miR-885-5p","FN1","2335","ENSG00000115414","0.403","predicted"
"elmmo","MIMAT0004947","hsa-miR-885-5p","FN1","2335","ENSG00000115414","0.403","predicted"
"elmmo","MIMAT0015072","hsa-miR-320e","FN1","2335","ENSG00000115414","0.403","predicted"
"elmmo","MIMAT0015072","hsa-miR-320e","FN1","2335","ENSG00000115414","0.403","predicted"
"elmmo","MIMAT0004777","hsa-miR-513a-3p","INHBA","3624","ENSG00000122641","0.403","predicted"
"elmmo","MIMAT0004777","hsa-miR-513a-3p","INHBA","3624","ENSG00000122641","0.403","predicted"
"elmmo","MIMAT0004549","hsa-miR-148a-5p","LOX","4015","ENSG00000113083","0.403","predicted"
"elmmo","MIMAT0004549","hsa-miR-148a-5p","LOX","4015","ENSG00000113083","0.403","predicted"
"elmmo","MIMAT0004777","hsa-miR-513a-3p","EDIL3","10085","ENSG00000164176","0.403","predicted"
"elmmo","MIMAT0004777","hsa-miR-513a-3p","EDIL3","10085","ENSG00000164176","0.403","predicted"
"elmmo","MIMAT0016905","hsa-miR-4275","FN1","2335","ENSG00000115414","0.402","predicted"
"elmmo","MIMAT0016905","hsa-miR-4275","FN1","2335","ENSG00000115414","0.402","predicted"
"elmmo","MIMAT0000683","hsa-miR-302a-5p","FN1","2335","ENSG00000115414","0.4","predicted"
"elmmo","MIMAT0000683","hsa-miR-302a-5p","FN1","2335","ENSG00000115414","0.4","predicted"
"elmmo","MIMAT0003163","hsa-miR-539-5p","VCAN","1462","ENSG00000038427","0.4","predicted"
"elmmo","MIMAT0003163","hsa-miR-539-5p","VCAN","1462","ENSG00000038427","0.4","predicted"
"elmmo","MIMAT0004987","hsa-miR-944","COL11A1","1301","ENSG00000060718","0.398","predicted"
"elmmo","MIMAT0004987","hsa-miR-944","COL11A1","1301","ENSG00000060718","0.398","predicted"
"elmmo","MIMAT0004987","hsa-miR-944","FN1","2335","ENSG00000115414","0.398","predicted"
"elmmo","MIMAT0004987","hsa-miR-944","FN1","2335","ENSG00000115414","0.398","predicted"
"elmmo","MIMAT0004987","hsa-miR-944","LOX","4015","ENSG00000113083","0.398","predicted"
"elmmo","MIMAT0004987","hsa-miR-944","LOX","4015","ENSG00000113083","0.398","predicted"
"elmmo","MIMAT0004987","hsa-miR-944","EDIL3","10085","ENSG00000164176","0.398","predicted"
"elmmo","MIMAT0004987","hsa-miR-944","EDIL3","10085","ENSG00000164176","0.398","predicted"
"elmmo","MIMAT0004987","hsa-miR-944","VCAN","1462","ENSG00000038427","0.398","predicted"
"elmmo","MIMAT0004987","hsa-miR-944","VCAN","1462","ENSG00000038427","0.398","predicted"
"elmmo","MIMAT0003285","hsa-miR-548c-3p","COL11A1","1301","ENSG00000060718","0.397","predicted"
"elmmo","MIMAT0003285","hsa-miR-548c-3p","COL11A1","1301","ENSG00000060718","0.397","predicted"
"elmmo","MIMAT0003284","hsa-miR-616-5p","FN1","2335","ENSG00000115414","0.396","predicted"
"elmmo","MIMAT0003284","hsa-miR-616-5p","FN1","2335","ENSG00000115414","0.396","predicted"
"elmmo","MIMAT0000725","hsa-miR-373-5p","FN1","2335","ENSG00000115414","0.396","predicted"
"elmmo","MIMAT0000725","hsa-miR-373-5p","FN1","2335","ENSG00000115414","0.396","predicted"
"elmmo","MIMAT0002804","hsa-miR-488-5p","LOX","4015","ENSG00000113083","0.396","predicted"
"elmmo","MIMAT0002804","hsa-miR-488-5p","LOX","4015","ENSG00000113083","0.396","predicted"
"elmmo","MIMAT0000275","hsa-miR-218-5p","COL11A1","1301","ENSG00000060718","0.395","predicted"
"elmmo","MIMAT0000275","hsa-miR-218-5p","COL11A1","1301","ENSG00000060718","0.395","predicted"
"elmmo","MIMAT0011159","hsa-miR-2115-3p","COL11A1","1301","ENSG00000060718","0.395","predicted"
"elmmo","MIMAT0011159","hsa-miR-2115-3p","COL11A1","1301","ENSG00000060718","0.395","predicted"
"elmmo","MIMAT0011159","hsa-miR-2115-3p","FN1","2335","ENSG00000115414","0.395","predicted"
"elmmo","MIMAT0011159","hsa-miR-2115-3p","FN1","2335","ENSG00000115414","0.395","predicted"
"elmmo","MIMAT0000275","hsa-miR-218-5p","LOX","4015","ENSG00000113083","0.395","predicted"
"elmmo","MIMAT0000275","hsa-miR-218-5p","LOX","4015","ENSG00000113083","0.395","predicted"
"elmmo","MIMAT0014998","hsa-miR-3133","ISM1","140862","ENSG00000101230","0.395","predicted"
"elmmo","MIMAT0014998","hsa-miR-3133","ISM1","140862","ENSG00000101230","0.395","predicted"
"elmmo","MIMAT0002833","hsa-miR-520a-5p","FN1","2335","ENSG00000115414","0.393","predicted"
"elmmo","MIMAT0002833","hsa-miR-520a-5p","FN1","2335","ENSG00000115414","0.393","predicted"
"elmmo","MIMAT0002838","hsa-miR-525-5p","FN1","2335","ENSG00000115414","0.393","predicted"
"elmmo","MIMAT0002838","hsa-miR-525-5p","FN1","2335","ENSG00000115414","0.393","predicted"
"elmmo","MIMAT0016860","hsa-miR-4307","FN1","2335","ENSG00000115414","0.393","predicted"
"elmmo","MIMAT0016860","hsa-miR-4307","FN1","2335","ENSG00000115414","0.393","predicted"
"elmmo","MIMAT0005941","hsa-miR-1284","COL11A1","1301","ENSG00000060718","0.392","predicted"
"elmmo","MIMAT0005941","hsa-miR-1284","COL11A1","1301","ENSG00000060718","0.392","predicted"
"elmmo","MIMAT0018113","hsa-miR-3685","FN1","2335","ENSG00000115414","0.391","predicted"
"elmmo","MIMAT0018113","hsa-miR-3685","FN1","2335","ENSG00000115414","0.391","predicted"
"elmmo","MIMAT0018113","hsa-miR-3685","ISM1","140862","ENSG00000101230","0.391","predicted"
"elmmo","MIMAT0018113","hsa-miR-3685","ISM1","140862","ENSG00000101230","0.391","predicted"
"elmmo","MIMAT0004612","hsa-miR-186-3p","VCAN","1462","ENSG00000038427","0.39","predicted"
"elmmo","MIMAT0004612","hsa-miR-186-3p","VCAN","1462","ENSG00000038427","0.39","predicted"
"elmmo","MIMAT0002833","hsa-miR-520a-5p","ISM1","140862","ENSG00000101230","0.39","predicted"
"elmmo","MIMAT0002833","hsa-miR-520a-5p","ISM1","140862","ENSG00000101230","0.39","predicted"
"elmmo","MIMAT0002838","hsa-miR-525-5p","ISM1","140862","ENSG00000101230","0.39","predicted"
"elmmo","MIMAT0002838","hsa-miR-525-5p","ISM1","140862","ENSG00000101230","0.39","predicted"
"elmmo","MIMAT0004596","hsa-miR-138-2-3p","COL11A1","1301","ENSG00000060718","0.389","predicted"
"elmmo","MIMAT0004596","hsa-miR-138-2-3p","COL11A1","1301","ENSG00000060718","0.389","predicted"
"elmmo","MIMAT0002808","hsa-miR-511-5p","FN1","2335","ENSG00000115414","0.389","predicted"
"elmmo","MIMAT0002808","hsa-miR-511-5p","FN1","2335","ENSG00000115414","0.389","predicted"
"elmmo","MIMAT0002833","hsa-miR-520a-5p","VCAN","1462","ENSG00000038427","0.388","predicted"
"elmmo","MIMAT0002833","hsa-miR-520a-5p","VCAN","1462","ENSG00000038427","0.388","predicted"
"elmmo","MIMAT0002838","hsa-miR-525-5p","VCAN","1462","ENSG00000038427","0.388","predicted"
"elmmo","MIMAT0002838","hsa-miR-525-5p","VCAN","1462","ENSG00000038427","0.388","predicted"
"elmmo","MIMAT0004954","hsa-miR-543","COL3A1","1281","ENSG00000168542","0.387","predicted"
"elmmo","MIMAT0004954","hsa-miR-543","COL3A1","1281","ENSG00000168542","0.387","predicted"
"elmmo","MIMAT0011159","hsa-miR-2115-3p","COL11A1","1301","ENSG00000060718","0.387","predicted"
"elmmo","MIMAT0011159","hsa-miR-2115-3p","COL11A1","1301","ENSG00000060718","0.387","predicted"
"elmmo","MIMAT0004954","hsa-miR-543","LOX","4015","ENSG00000113083","0.387","predicted"
"elmmo","MIMAT0004954","hsa-miR-543","LOX","4015","ENSG00000113083","0.387","predicted"
"elmmo","MIMAT0004954","hsa-miR-543","EDIL3","10085","ENSG00000164176","0.387","predicted"
"elmmo","MIMAT0004954","hsa-miR-543","EDIL3","10085","ENSG00000164176","0.387","predicted"
"elmmo","MIMAT0011159","hsa-miR-2115-3p","EDIL3","10085","ENSG00000164176","0.387","predicted"
"elmmo","MIMAT0011159","hsa-miR-2115-3p","EDIL3","10085","ENSG00000164176","0.387","predicted"
"elmmo","MIMAT0003879","hsa-miR-758-3p","VCAN","1462","ENSG00000038427","0.387","predicted"
"elmmo","MIMAT0003879","hsa-miR-758-3p","VCAN","1462","ENSG00000038427","0.387","predicted"
"elmmo","MIMAT0003223","hsa-miR-559","COL11A1","1301","ENSG00000060718","0.386","predicted"
"elmmo","MIMAT0003223","hsa-miR-559","COL11A1","1301","ENSG00000060718","0.386","predicted"
"elmmo","MIMAT0000432","hsa-miR-141-3p","LOX","4015","ENSG00000113083","0.386","predicted"
"elmmo","MIMAT0000432","hsa-miR-141-3p","LOX","4015","ENSG00000113083","0.386","predicted"
"elmmo","MIMAT0000682","hsa-miR-200a-3p","LOX","4015","ENSG00000113083","0.386","predicted"
"elmmo","MIMAT0000682","hsa-miR-200a-3p","LOX","4015","ENSG00000113083","0.386","predicted"
"elmmo","MIMAT0000703","hsa-miR-361-5p","EDIL3","10085","ENSG00000164176","0.386","predicted"
"elmmo","MIMAT0000703","hsa-miR-361-5p","EDIL3","10085","ENSG00000164176","0.386","predicted"
"elmmo","MIMAT0000261","hsa-miR-183-5p","THBS3","7059","ENSG00000169231","0.385","predicted"
"elmmo","MIMAT0000261","hsa-miR-183-5p","THBS3","7059","ENSG00000169231","0.385","predicted"
"elmmo","MIMAT0000453","hsa-miR-154-3p","LOX","4015","ENSG00000113083","0.384","predicted"
"elmmo","MIMAT0000453","hsa-miR-154-3p","LOX","4015","ENSG00000113083","0.384","predicted"
"elmmo","MIMAT0002178","hsa-miR-487a-3p","LOX","4015","ENSG00000113083","0.384","predicted"
"elmmo","MIMAT0002178","hsa-miR-487a-3p","LOX","4015","ENSG00000113083","0.384","predicted"
"elmmo","MIMAT0004556","hsa-miR-10b-3p","EDIL3","10085","ENSG00000164176","0.384","predicted"
"elmmo","MIMAT0004556","hsa-miR-10b-3p","EDIL3","10085","ENSG00000164176","0.384","predicted"
"elmmo","MIMAT0004596","hsa-miR-138-2-3p","VCAN","1462","ENSG00000038427","0.384","predicted"
"elmmo","MIMAT0004596","hsa-miR-138-2-3p","VCAN","1462","ENSG00000038427","0.384","predicted"
"elmmo","MIMAT0003253","hsa-miR-587","COL11A1","1301","ENSG00000060718","0.383","predicted"
"elmmo","MIMAT0003253","hsa-miR-587","COL11A1","1301","ENSG00000060718","0.383","predicted"
"elmmo","MIMAT0000281","hsa-miR-224-5p","LOX","4015","ENSG00000113083","0.382","predicted"
"elmmo","MIMAT0000281","hsa-miR-224-5p","LOX","4015","ENSG00000113083","0.382","predicted"
"elmmo","MIMAT0002817","hsa-miR-495-3p","LOX","4015","ENSG00000113083","0.382","predicted"
"elmmo","MIMAT0002817","hsa-miR-495-3p","LOX","4015","ENSG00000113083","0.382","predicted"
"elmmo","MIMAT0004919","hsa-miR-541-5p","INHBA","3624","ENSG00000122641","0.381","predicted"
"elmmo","MIMAT0004919","hsa-miR-541-5p","INHBA","3624","ENSG00000122641","0.381","predicted"
"elmmo","MIMAT0000646","hsa-miR-155-5p","LOX","4015","ENSG00000113083","0.381","predicted"
"elmmo","MIMAT0000646","hsa-miR-155-5p","LOX","4015","ENSG00000113083","0.381","predicted"
"elmmo","MIMAT0000646","hsa-miR-155-5p","VCAN","1462","ENSG00000038427","0.381","predicted"
"elmmo","MIMAT0000646","hsa-miR-155-5p","VCAN","1462","ENSG00000038427","0.381","predicted"
"elmmo","MIMAT0004919","hsa-miR-541-5p","VCAN","1462","ENSG00000038427","0.381","predicted"
"elmmo","MIMAT0004919","hsa-miR-541-5p","VCAN","1462","ENSG00000038427","0.381","predicted"
"elmmo","MIMAT0002833","hsa-miR-520a-5p","ISM1","140862","ENSG00000101230","0.381","predicted"
"elmmo","MIMAT0002833","hsa-miR-520a-5p","ISM1","140862","ENSG00000101230","0.381","predicted"
"elmmo","MIMAT0002838","hsa-miR-525-5p","ISM1","140862","ENSG00000101230","0.381","predicted"
"elmmo","MIMAT0002838","hsa-miR-525-5p","ISM1","140862","ENSG00000101230","0.381","predicted"
"elmmo","MIMAT0018165","hsa-miR-3714","EDIL3","10085","ENSG00000164176","0.38","predicted"
"elmmo","MIMAT0018165","hsa-miR-3714","EDIL3","10085","ENSG00000164176","0.38","predicted"
"elmmo","MIMAT0003223","hsa-miR-559","COL11A1","1301","ENSG00000060718","0.379","predicted"
"elmmo","MIMAT0003223","hsa-miR-559","COL11A1","1301","ENSG00000060718","0.379","predicted"
"elmmo","MIMAT0000456","hsa-miR-186-5p","LOX","4015","ENSG00000113083","0.379","predicted"
"elmmo","MIMAT0000456","hsa-miR-186-5p","LOX","4015","ENSG00000113083","0.379","predicted"
"elmmo","MIMAT0003223","hsa-miR-559","LOX","4015","ENSG00000113083","0.379","predicted"
"elmmo","MIMAT0003223","hsa-miR-559","LOX","4015","ENSG00000113083","0.379","predicted"
"elmmo","MIMAT0000703","hsa-miR-361-5p","LOX","4015","ENSG00000113083","0.379","predicted"
"elmmo","MIMAT0000703","hsa-miR-361-5p","LOX","4015","ENSG00000113083","0.379","predicted"
"elmmo","MIMAT0003223","hsa-miR-559","VCAN","1462","ENSG00000038427","0.379","predicted"
"elmmo","MIMAT0003223","hsa-miR-559","VCAN","1462","ENSG00000038427","0.379","predicted"
"elmmo","MIMAT0003223","hsa-miR-559","ISM1","140862","ENSG00000101230","0.379","predicted"
"elmmo","MIMAT0003223","hsa-miR-559","ISM1","140862","ENSG00000101230","0.379","predicted"
"elmmo","MIMAT0002171","hsa-miR-410-3p","COL3A1","1281","ENSG00000168542","0.378","predicted"
"elmmo","MIMAT0002171","hsa-miR-410-3p","COL3A1","1281","ENSG00000168542","0.378","predicted"
"elmmo","MIMAT0000444","hsa-miR-126-5p","LOX","4015","ENSG00000113083","0.377","predicted"
"elmmo","MIMAT0000444","hsa-miR-126-5p","LOX","4015","ENSG00000113083","0.377","predicted"
"elmmo","MIMAT0004801","hsa-miR-590-3p","LOX","4015","ENSG00000113083","0.377","predicted"
"elmmo","MIMAT0004801","hsa-miR-590-3p","LOX","4015","ENSG00000113083","0.377","predicted"
"elmmo","MIMAT0004512","hsa-miR-100-3p","LOX","4015","ENSG00000113083","0.377","predicted"
"elmmo","MIMAT0004512","hsa-miR-100-3p","LOX","4015","ENSG00000113083","0.377","predicted"
"elmmo","MIMAT0003281","hsa-miR-613","VCAN","1462","ENSG00000038427","0.377","predicted"
"elmmo","MIMAT0003281","hsa-miR-613","VCAN","1462","ENSG00000038427","0.377","predicted"
"elmmo","MIMAT0015033","hsa-miR-3159","COL3A1","1281","ENSG00000168542","0.375","predicted"
"elmmo","MIMAT0015033","hsa-miR-3159","COL3A1","1281","ENSG00000168542","0.375","predicted"
"elmmo","MIMAT0003164","hsa-miR-544a","COL11A1","1301","ENSG00000060718","0.375","predicted"
"elmmo","MIMAT0003164","hsa-miR-544a","COL11A1","1301","ENSG00000060718","0.375","predicted"
"elmmo","MIMAT0004506","hsa-miR-33a-3p","FN1","2335","ENSG00000115414","0.375","predicted"
"elmmo","MIMAT0004506","hsa-miR-33a-3p","FN1","2335","ENSG00000115414","0.375","predicted"
"elmmo","MIMAT0004506","hsa-miR-33a-3p","VCAN","1462","ENSG00000038427","0.375","predicted"
"elmmo","MIMAT0004506","hsa-miR-33a-3p","VCAN","1462","ENSG00000038427","0.375","predicted"
"elmmo","MIMAT0015033","hsa-miR-3159","VCAN","1462","ENSG00000038427","0.375","predicted"
"elmmo","MIMAT0015033","hsa-miR-3159","VCAN","1462","ENSG00000038427","0.375","predicted"
"elmmo","MIMAT0002804","hsa-miR-488-5p","COL11A1","1301","ENSG00000060718","0.374","predicted"
"elmmo","MIMAT0002804","hsa-miR-488-5p","COL11A1","1301","ENSG00000060718","0.374","predicted"
"elmmo","MIMAT0005791","hsa-miR-1264","COL11A1","1301","ENSG00000060718","0.374","predicted"
"elmmo","MIMAT0005791","hsa-miR-1264","COL11A1","1301","ENSG00000060718","0.374","predicted"
"elmmo","MIMAT0000281","hsa-miR-224-5p","COL3A1","1281","ENSG00000168542","0.373","predicted"
"elmmo","MIMAT0000281","hsa-miR-224-5p","COL3A1","1281","ENSG00000168542","0.373","predicted"
"elmmo","MIMAT0003285","hsa-miR-548c-3p","LOX","4015","ENSG00000113083","0.373","predicted"
"elmmo","MIMAT0003285","hsa-miR-548c-3p","LOX","4015","ENSG00000113083","0.373","predicted"
"elmmo","MIMAT0000281","hsa-miR-224-5p","EDIL3","10085","ENSG00000164176","0.373","predicted"
"elmmo","MIMAT0000281","hsa-miR-224-5p","EDIL3","10085","ENSG00000164176","0.373","predicted"
"elmmo","MIMAT0003339","hsa-miR-421","COL3A1","1281","ENSG00000168542","0.372","predicted"
"elmmo","MIMAT0003339","hsa-miR-421","COL3A1","1281","ENSG00000168542","0.372","predicted"
"elmmo","MIMAT0004803","hsa-miR-548a-5p","COL11A1","1301","ENSG00000060718","0.372","predicted"
"elmmo","MIMAT0004803","hsa-miR-548a-5p","COL11A1","1301","ENSG00000060718","0.372","predicted"
"elmmo","MIMAT0004798","hsa-miR-548b-5p","COL11A1","1301","ENSG00000060718","0.372","predicted"
"elmmo","MIMAT0004798","hsa-miR-548b-5p","COL11A1","1301","ENSG00000060718","0.372","predicted"
"elmmo","MIMAT0004806","hsa-miR-548c-5p","COL11A1","1301","ENSG00000060718","0.372","predicted"
"elmmo","MIMAT0004806","hsa-miR-548c-5p","COL11A1","1301","ENSG00000060718","0.372","predicted"
"elmmo","MIMAT0004812","hsa-miR-548d-5p","COL11A1","1301","ENSG00000060718","0.372","predicted"
"elmmo","MIMAT0004812","hsa-miR-548d-5p","COL11A1","1301","ENSG00000060718","0.372","predicted"
"elmmo","MIMAT0005928","hsa-miR-548h-5p","COL11A1","1301","ENSG00000060718","0.372","predicted"
"elmmo","MIMAT0005928","hsa-miR-548h-5p","COL11A1","1301","ENSG00000060718","0.372","predicted"
"elmmo","MIMAT0005935","hsa-miR-548i","COL11A1","1301","ENSG00000060718","0.372","predicted"
"elmmo","MIMAT0005935","hsa-miR-548i","COL11A1","1301","ENSG00000060718","0.372","predicted"
"elmmo","MIMAT0015060","hsa-miR-548w","COL11A1","1301","ENSG00000060718","0.372","predicted"
"elmmo","MIMAT0015060","hsa-miR-548w","COL11A1","1301","ENSG00000060718","0.372","predicted"
"elmmo","MIMAT0018354","hsa-miR-548y","COL11A1","1301","ENSG00000060718","0.372","predicted"
"elmmo","MIMAT0018354","hsa-miR-548y","COL11A1","1301","ENSG00000060718","0.372","predicted"
"elmmo","MIMAT0005875","hsa-miR-548j-5p","COL11A1","1301","ENSG00000060718","0.372","predicted"
"elmmo","MIMAT0005875","hsa-miR-548j-5p","COL11A1","1301","ENSG00000060718","0.372","predicted"
"elmmo","MIMAT0000714","hsa-miR-302b-5p","LOX","4015","ENSG00000113083","0.372","predicted"
"elmmo","MIMAT0000714","hsa-miR-302b-5p","LOX","4015","ENSG00000113083","0.372","predicted"
"elmmo","MIMAT0004685","hsa-miR-302d-5p","LOX","4015","ENSG00000113083","0.372","predicted"
"elmmo","MIMAT0004685","hsa-miR-302d-5p","LOX","4015","ENSG00000113083","0.372","predicted"
"elmmo","MIMAT0005799","hsa-miR-1283","LOX","4015","ENSG00000113083","0.372","predicted"
"elmmo","MIMAT0005799","hsa-miR-1283","LOX","4015","ENSG00000113083","0.372","predicted"
"elmmo","MIMAT0014983","hsa-miR-3121-3p","COL11A1","1301","ENSG00000060718","0.371","predicted"
"elmmo","MIMAT0014983","hsa-miR-3121-3p","COL11A1","1301","ENSG00000060718","0.371","predicted"
"elmmo","MIMAT0018443","hsa-miR-374c-5p","LOX","4015","ENSG00000113083","0.37","predicted"
"elmmo","MIMAT0018443","hsa-miR-374c-5p","LOX","4015","ENSG00000113083","0.37","predicted"
"elmmo","MIMAT0003331","hsa-miR-655-3p","LOX","4015","ENSG00000113083","0.37","predicted"
"elmmo","MIMAT0003331","hsa-miR-655-3p","LOX","4015","ENSG00000113083","0.37","predicted"
"elmmo","MIMAT0000264","hsa-miR-203a-3p","EDIL3","10085","ENSG00000164176","0.37","predicted"
"elmmo","MIMAT0000264","hsa-miR-203a-3p","EDIL3","10085","ENSG00000164176","0.37","predicted"
"elmmo","MIMAT0000264","hsa-miR-203a-3p","ISM1","140862","ENSG00000101230","0.37","predicted"
"elmmo","MIMAT0000264","hsa-miR-203a-3p","ISM1","140862","ENSG00000101230","0.37","predicted"
"elmmo","MIMAT0005788","hsa-miR-513b-5p","ISM1","140862","ENSG00000101230","0.37","predicted"
"elmmo","MIMAT0005788","hsa-miR-513b-5p","ISM1","140862","ENSG00000101230","0.37","predicted"
"elmmo","MIMAT0004959","hsa-miR-216b-5p","FN1","2335","ENSG00000115414","0.369","predicted"
"elmmo","MIMAT0004959","hsa-miR-216b-5p","FN1","2335","ENSG00000115414","0.369","predicted"
"elmmo","MIMAT0004959","hsa-miR-216b-5p","EDIL3","10085","ENSG00000164176","0.369","predicted"
"elmmo","MIMAT0004959","hsa-miR-216b-5p","EDIL3","10085","ENSG00000164176","0.369","predicted"
"microcosm","MIMAT0004607","hsa-miR-138-1-3p","LOX","4015","ENSG00000113083","19.1699","predicted"
"microcosm","MIMAT0000710","hsa-miR-365a-3p","THBS3","7059","ENSG00000169231","18.9884","predicted"
"microcosm","MIMAT0000457","hsa-miR-188-5p","THBS3","7059","ENSG00000169231","18.9751","predicted"
"microcosm","MIMAT0001541","hsa-miR-449a","THBS3","7059","ENSG00000169231","18.8747","predicted"
"microcosm","MIMAT0000251","hsa-miR-147a","INHBA","3624","ENSG00000122641","18.7167","predicted"
"microcosm","MIMAT0004776","hsa-miR-505-5p","THBS3","7059","ENSG00000169231","18.5336","predicted"
"microcosm","MIMAT0000265","hsa-miR-204-5p","INHBA","3624","ENSG00000122641","18.5267","predicted"
"microcosm","MIMAT0004924","hsa-miR-876-5p","LOX","4015","ENSG00000113083","18.5126","predicted"
"microcosm","MIMAT0004748","hsa-miR-423-5p","THBS3","7059","ENSG00000169231","18.4404","predicted"
"microcosm","MIMAT0004185","hsa-miR-802","FN1","2335","ENSG00000115414","18.406","predicted"
"microcosm","MIMAT0000428","hsa-miR-135a-5p","INHBA","3624","ENSG00000122641","18.3335","predicted"
"microcosm","MIMAT0003327","hsa-miR-449b-5p","THBS3","7059","ENSG00000169231","18.3062","predicted"
"microcosm","MIMAT0000756","hsa-miR-326","COMP","1311","ENSG00000105664","18.2769","predicted"
"microcosm","MIMAT0004811","hsa-miR-33b-3p","THBS3","7059","ENSG00000169231","18.1925","predicted"
"microcosm","MIMAT0003235","hsa-miR-570-3p","THBS3","7059","ENSG00000169231","18.1925","predicted"
"microcosm","MIMAT0003294","hsa-miR-625-5p","INHBA","3624","ENSG00000122641","18.1909","predicted"
"microcosm","MIMAT0000436","hsa-miR-144-3p","COL11A1","1301","ENSG00000060718","18.1357","predicted"
"microcosm","MIMAT0003271","hsa-miR-603","COMP","1311","ENSG00000105664","18.0788","predicted"
"microcosm","MIMAT0003164","hsa-miR-544a","COL11A1","1301","ENSG00000060718","18.0574","predicted"
"microcosm","MIMAT0004494","hsa-miR-21-3p","LOX","4015","ENSG00000113083","18.0569","predicted"
"microcosm","MIMAT0004798","hsa-miR-548b-5p","COL3A1","1281","ENSG00000168542","18.0175","predicted"
"microcosm","MIMAT0004800","hsa-miR-550a-5p","THBS3","7059","ENSG00000169231","17.9879","predicted"
"microcosm","MIMAT0002818","hsa-miR-496","COL8A1","1295","ENSG00000144810","17.9651","predicted"
"microcosm","MIMAT0004693","hsa-miR-330-5p","THBS3","7059","ENSG00000169231","17.9651","predicted"
"microcosm","MIMAT0000436","hsa-miR-144-3p","COL11A1","1301","ENSG00000060718","17.9637","predicted"
"microcosm","MIMAT0000458","hsa-miR-190a-5p","COL11A1","1301","ENSG00000060718","17.9499","predicted"
"microcosm","MIMAT0003245","hsa-miR-580-3p","COL11A1","1301","ENSG00000060718","17.9499","predicted"
"microcosm","MIMAT0003164","hsa-miR-544a","COL11A1","1301","ENSG00000060718","17.8879","predicted"
"microcosm","MIMAT0004680","hsa-miR-130b-5p","INHBA","3624","ENSG00000122641","17.8699","predicted"
"microcosm","MIMAT0004806","hsa-miR-548c-5p","COL11A1","1301","ENSG00000060718","17.8425","predicted"
"microcosm","MIMAT0003315","hsa-miR-645","FN1","2335","ENSG00000115414","17.8276","predicted"
"microcosm","MIMAT0000756","hsa-miR-326","THBS3","7059","ENSG00000169231","17.8171","predicted"
"microcosm","MIMAT0003245","hsa-miR-580-3p","COL11A1","1301","ENSG00000060718","17.7814","predicted"
"microcosm","MIMAT0000458","hsa-miR-190a-5p","COL11A1","1301","ENSG00000060718","17.7814","predicted"
"microcosm","MIMAT0000444","hsa-miR-126-5p","LOX","4015","ENSG00000113083","17.7266","predicted"
"microcosm","MIMAT0003238","hsa-miR-573","FN1","2335","ENSG00000115414","17.6845","predicted"
"microcosm","MIMAT0004806","hsa-miR-548c-5p","COL11A1","1301","ENSG00000060718","17.6749","predicted"
"microcosm","MIMAT0003238","hsa-miR-573","FN1","2335","ENSG00000115414","17.6579","predicted"
"microcosm","MIMAT0000419","hsa-miR-27b-3p","FN1","2335","ENSG00000115414","17.6414","predicted"
"microcosm","MIMAT0000436","hsa-miR-144-3p","FN1","2335","ENSG00000115414","17.6267","predicted"
"microcosm","MIMAT0004611","hsa-miR-185-3p","THBS3","7059","ENSG00000169231","17.624","predicted"
"microcosm","MIMAT0003252","hsa-miR-586","COL8A1","1295","ENSG00000144810","17.624","predicted"
"microcosm","MIMAT0002172","hsa-miR-376b-3p","COL3A1","1281","ENSG00000168542","17.6149","predicted"
"microcosm","MIMAT0004812","hsa-miR-548d-5p","COL3A1","1281","ENSG00000168542","17.6149","predicted"
"microcosm","MIMAT0004185","hsa-miR-802","FN1","2335","ENSG00000115414","17.5615","predicted"
"microcosm","MIMAT0002833","hsa-miR-520a-5p","FN1","2335","ENSG00000115414","17.537","predicted"
"microcosm","MIMAT0003292","hsa-miR-623","THBS3","7059","ENSG00000169231","17.5354","predicted"
"microcosm","MIMAT0004185","hsa-miR-802","FN1","2335","ENSG00000115414","17.5349","predicted"
"microcosm","MIMAT0004596","hsa-miR-138-2-3p","LOX","4015","ENSG00000113083","17.5267","predicted"
"microcosm","MIMAT0004812","hsa-miR-548d-5p","COL11A1","1301","ENSG00000060718","17.52","predicted"
"microcosm","MIMAT0000086","hsa-miR-29a-3p","COL11A1","1301","ENSG00000060718","17.52","predicted"
"microcosm","MIMAT0000681","hsa-miR-29c-3p","COL11A1","1301","ENSG00000060718","17.52","predicted"
"microcosm","MIMAT0004693","hsa-miR-330-5p","COMP","1311","ENSG00000105664","17.5103","predicted"
"microcosm","MIMAT0000758","hsa-miR-135b-5p","INHBA","3624","ENSG00000122641","17.4857","predicted"
"microcosm","MIMAT0003289","hsa-miR-620","COL11A1","1301","ENSG00000060718","17.4842","predicted"
"microcosm","MIMAT0000318","hsa-miR-200b-3p","FN1","2335","ENSG00000115414","17.4522","predicted"
"microcosm","MIMAT0004803","hsa-miR-548a-5p","COL11A1","1301","ENSG00000060718","17.4125","predicted"
"microcosm","MIMAT0003245","hsa-miR-580-3p","COL11A1","1301","ENSG00000060718","17.4125","predicted"
"microcosm","MIMAT0003385","hsa-miR-363-5p","THBS3","7059","ENSG00000169231","17.3966","predicted"
"microcosm","MIMAT0004679","hsa-miR-296-3p","COMP","1311","ENSG00000105664","17.3966","predicted"
"microcosm","MIMAT0000690","hsa-miR-296-5p","COMP","1311","ENSG00000105664","17.3748","predicted"
"microcosm","MIMAT0000617","hsa-miR-200c-3p","FN1","2335","ENSG00000115414","17.372","predicted"
"microcosm","MIMAT0004812","hsa-miR-548d-5p","COL11A1","1301","ENSG00000060718","17.3555","predicted"
"microcosm","MIMAT0000681","hsa-miR-29c-3p","COL11A1","1301","ENSG00000060718","17.3555","predicted"
"microcosm","MIMAT0000086","hsa-miR-29a-3p","COL11A1","1301","ENSG00000060718","17.3555","predicted"
"microcosm","MIMAT0001625","hsa-miR-431-5p","VCAN","1462","ENSG00000038427","17.333","predicted"
"microcosm","MIMAT0003289","hsa-miR-620","COL11A1","1301","ENSG00000060718","17.3183","predicted"
"microcosm","MIMAT0004777","hsa-miR-513a-3p","THBS3","7059","ENSG00000169231","17.3091","predicted"
"microcosm","MIMAT0004798","hsa-miR-548b-5p","COL11A1","1301","ENSG00000060718","17.305","predicted"
"microcosm","MIMAT0003269","hsa-miR-601","THBS3","7059","ENSG00000169231","17.2829","predicted"
"microcosm","MIMAT0004489","hsa-miR-16-1-3p","COL8A1","1295","ENSG00000144810","17.2829","predicted"
"microcosm","MIMAT0004972","hsa-miR-922","VCAN","1462","ENSG00000038427","17.2737","predicted"
"microcosm","MIMAT0003285","hsa-miR-548c-3p","VCAN","1462","ENSG00000038427","17.2497","predicted"
"microcosm","MIMAT0004693","hsa-miR-330-5p","INHBA","3624","ENSG00000122641","17.249","predicted"
"microcosm","MIMAT0003245","hsa-miR-580-3p","COL11A1","1301","ENSG00000060718","17.249","predicted"
"microcosm","MIMAT0000730","hsa-miR-377-3p","INHBA","3624","ENSG00000122641","17.249","predicted"
"microcosm","MIMAT0004703","hsa-miR-335-3p","INHBA","3624","ENSG00000122641","17.249","predicted"
"microcosm","MIMAT0004803","hsa-miR-548a-5p","COL11A1","1301","ENSG00000060718","17.249","predicted"
"microcosm","MIMAT0003323","hsa-miR-548d-3p","FN1","2335","ENSG00000115414","17.2424","predicted"
"microcosm","MIMAT0003323","hsa-miR-548d-3p","FN1","2335","ENSG00000115414","17.2162","predicted"
"microcosm","MIMAT0004798","hsa-miR-548b-5p","LOX","4015","ENSG00000113083","17.1981","predicted"
"microcosm","MIMAT0002879","hsa-miR-507","LOX","4015","ENSG00000113083","17.1761","predicted"
"microcosm","MIMAT0000721","hsa-miR-369-3p","COL11A1","1301","ENSG00000060718","17.176","predicted"
"microcosm","MIMAT0004812","hsa-miR-548d-5p","COL8A1","1295","ENSG00000144810","17.1692","predicted"
"microcosm","MIMAT0004798","hsa-miR-548b-5p","COL11A1","1301","ENSG00000060718","17.1426","predicted"
"microcosm","MIMAT0004970","hsa-miR-920","THBS3","7059","ENSG00000169231","17.1274","predicted"
"microcosm","MIMAT0004907","hsa-miR-892a","LOX","4015","ENSG00000113083","17.066","predicted"
"miranda","MIMAT0002851","hsa-miR-517-5p","VCAN","1462","ENSG00000038427","-0.7792","predicted"
"miranda","MIMAT0016875","hsa-miR-4323","COL3A1","1281","ENSG00000168542","-0.7795","predicted"
"miranda","MIMAT0016875","hsa-miR-4323","COL3A1","1281","ENSG00000168542","-0.7795","predicted"
"miranda","MIMAT0004560","hsa-miR-183-3p","LOX","4015","ENSG00000113083","-0.7803","predicted"
"miranda","MIMAT0003885","hsa-miR-454-3p","COL8A1","1295","ENSG00000144810","-0.7814","predicted"
"miranda","MIMAT0015037","hsa-miR-3163","COL11A1","1301","ENSG00000060718","-0.7824","predicted"
"miranda","MIMAT0004596","hsa-miR-138-2-3p","VCAN","1462","ENSG00000038427","-0.7836","predicted"
"miranda","MIMAT0016844","hsa-miR-4295","COL8A1","1295","ENSG00000144810","-0.785","predicted"
"miranda","MIMAT0004593","hsa-miR-130a-5p","VCAN","1462","ENSG00000038427","-0.7858","predicted"
"miranda","MIMAT0000265","hsa-miR-204-5p","COL3A1","1281","ENSG00000168542","-0.7879","predicted"
"miranda","MIMAT0000265","hsa-miR-204-5p","COL3A1","1281","ENSG00000168542","-0.7879","predicted"
"miranda","MIMAT0000268","hsa-miR-211-5p","COL3A1","1281","ENSG00000168542","-0.7879","predicted"
"miranda","MIMAT0000268","hsa-miR-211-5p","COL3A1","1281","ENSG00000168542","-0.7879","predicted"
"miranda","MIMAT0000691","hsa-miR-130b-3p","COL8A1","1295","ENSG00000144810","-0.7887","predicted"
"miranda","MIMAT0000735","hsa-miR-380-3p","LOX","4015","ENSG00000113083","-0.7916","predicted"
"miranda","MIMAT0016899","hsa-miR-4264","ISM1","140862","ENSG00000101230","-0.792","predicted"
"miranda","MIMAT0000425","hsa-miR-130a-3p","COL8A1","1295","ENSG00000144810","-0.7923","predicted"
"miranda","MIMAT0015065","hsa-miR-3185","ISM1","140862","ENSG00000101230","-0.7924","predicted"
"miranda","MIMAT0003297","hsa-miR-628-3p","LOX","4015","ENSG00000113083","-0.793","predicted"
"miranda","MIMAT0004185","hsa-miR-802","FN1","2335","ENSG00000115414","-0.7947","predicted"
"miranda","MIMAT0000422","hsa-miR-124-3p","VCAN","1462","ENSG00000038427","-0.7947","predicted"
"miranda","MIMAT0014981","hsa-miR-3119","COL3A1","1281","ENSG00000168542","-0.7957","predicted"
"miranda","MIMAT0014981","hsa-miR-3119","COL3A1","1281","ENSG00000168542","-0.7957","predicted"
"miranda","MIMAT0000078","hsa-miR-23a-3p","VCAN","1462","ENSG00000038427","-0.7967","predicted"
"miranda","MIMAT0000418","hsa-miR-23b-3p","VCAN","1462","ENSG00000038427","-0.7967","predicted"
"miranda","MIMAT0005925","hsa-miR-1272","LOX","4015","ENSG00000113083","-0.798","predicted"
"miranda","MIMAT0002878","hsa-miR-506-3p","VCAN","1462","ENSG00000038427","-0.7983","predicted"
"miranda","MIMAT0003275","hsa-miR-607","VCAN","1462","ENSG00000038427","-0.7987","predicted"
"miranda","MIMAT0016862","hsa-miR-4310","VCAN","1462","ENSG00000038427","-0.7987","predicted"
"miranda","MIMAT0004777","hsa-miR-513a-3p","LOX","4015","ENSG00000113083","-0.802","predicted"
"miranda","MIMAT0011158","hsa-miR-2115-5p","COL11A1","1301","ENSG00000060718","-0.8023","predicted"
"miranda","MIMAT0000444","hsa-miR-126-5p","LOX","4015","ENSG00000113083","-0.8028","predicted"
"miranda","MIMAT0002858","hsa-miR-520g-3p","LOX","4015","ENSG00000113083","-0.8028","predicted"
"miranda","MIMAT0002867","hsa-miR-520h","LOX","4015","ENSG00000113083","-0.8028","predicted"
"miranda","MIMAT0000736","hsa-miR-381-3p","COL3A1","1281","ENSG00000168542","-0.804","predicted"
"miranda","MIMAT0000736","hsa-miR-381-3p","COL3A1","1281","ENSG00000168542","-0.804","predicted"
"miranda","MIMAT0004903","hsa-miR-300","COL3A1","1281","ENSG00000168542","-0.804","predicted"
"miranda","MIMAT0004903","hsa-miR-300","COL3A1","1281","ENSG00000168542","-0.804","predicted"
"miranda","MIMAT0005916","hsa-miR-548n","EDIL3","10085","ENSG00000164176","-0.8053","predicted"
"miranda","MIMAT0014982","hsa-miR-3120-3p","COL8A1","1295","ENSG00000144810","-0.8068","predicted"
"miranda","MIMAT0004584","hsa-let-7g-3p","COL3A1","1281","ENSG00000168542","-0.8071","predicted"
"miranda","MIMAT0004584","hsa-let-7g-3p","COL3A1","1281","ENSG00000168542","-0.8071","predicted"
"miranda","MIMAT0003238","hsa-miR-573","VCAN","1462","ENSG00000038427","-0.8091","predicted"
"miranda","MIMAT0005887","hsa-miR-1299","COL11A1","1301","ENSG00000060718","-0.8101","predicted"
"miranda","MIMAT0004690","hsa-miR-379-3p","LOX","4015","ENSG00000113083","-0.8122","predicted"
"miranda","MIMAT0004813","hsa-miR-411-3p","LOX","4015","ENSG00000113083","-0.8122","predicted"
"miranda","MIMAT0004513","hsa-miR-101-5p","LOX","4015","ENSG00000113083","-0.8125","predicted"
"miranda","MIMAT0014983","hsa-miR-3121-3p","VCAN","1462","ENSG00000038427","-0.8136","predicted"
"miranda","MIMAT0010195","hsa-let-7a-2-3p","COL3A1","1281","ENSG00000168542","-0.8142","predicted"
"miranda","MIMAT0010195","hsa-let-7a-2-3p","COL3A1","1281","ENSG00000168542","-0.8142","predicted"
"miranda","MIMAT0005827","hsa-miR-1182","THBS3","7059","ENSG00000169231","-0.8173","predicted"
"miranda","MIMAT0000683","hsa-miR-302a-5p","ISM1","140862","ENSG00000101230","-0.8175","predicted"
"miranda","MIMAT0004915","hsa-miR-220c","EDIL3","10085","ENSG00000164176","-0.8209","predicted"
"miranda","MIMAT0005882","hsa-miR-548k","COL3A1","1281","ENSG00000168542","-0.8218","predicted"
"miranda","MIMAT0005882","hsa-miR-548k","COL3A1","1281","ENSG00000168542","-0.8218","predicted"
"miranda","MIMAT0003243","hsa-miR-578","ISM1","140862","ENSG00000101230","-0.8253","predicted"
"miranda","MIMAT0005880","hsa-miR-1290","VCAN","1462","ENSG00000038427","-0.827","predicted"
"miranda","MIMAT0004929","hsa-miR-190b-5p","COL11A1","1301","ENSG00000060718","-0.8271","predicted"
"miranda","MIMAT0000275","hsa-miR-218-5p","THBS3","7059","ENSG00000169231","-0.8275","predicted"
"miranda","MIMAT0004518","hsa-miR-16-2-3p","COL8A1","1295","ENSG00000144810","-0.8279","predicted"
"miranda","MIMAT0007890","hsa-miR-1914-3p","COL8A1","1295","ENSG00000144810","-0.8294","predicted"
"miranda","MIMAT0003253","hsa-miR-587","COL11A1","1301","ENSG00000060718","-0.8297","predicted"
"miranda","MIMAT0004770","hsa-miR-516a-5p","VCAN","1462","ENSG00000038427","-0.8299","predicted"
"miranda","MIMAT0003284","hsa-miR-616-5p","COL3A1","1281","ENSG00000168542","-0.8303","predicted"
"miranda","MIMAT0003284","hsa-miR-616-5p","COL3A1","1281","ENSG00000168542","-0.8303","predicted"
"miranda","MIMAT0000458","hsa-miR-190a-5p","COL11A1","1301","ENSG00000060718","-0.8307","predicted"
"miranda","MIMAT0004917","hsa-miR-888-3p","LOX","4015","ENSG00000113083","-0.8307","predicted"
"miranda","MIMAT0016906","hsa-miR-4274","VCAN","1462","ENSG00000038427","-0.8319","predicted"
"miranda","MIMAT0000735","hsa-miR-380-3p","LOX","4015","ENSG00000113083","-0.8362","predicted"
"miranda","MIMAT0014983","hsa-miR-3121-3p","VCAN","1462","ENSG00000038427","-0.8376","predicted"
"miranda","MIMAT0010497","hsa-miR-759","COL11A1","1301","ENSG00000060718","-0.8385","predicted"
"miranda","MIMAT0003329","hsa-miR-411-5p","VCAN","1462","ENSG00000038427","-0.8411","predicted"
"miranda","MIMAT0002833","hsa-miR-520a-5p","ISM1","140862","ENSG00000101230","-0.8443","predicted"
"miranda","MIMAT0003221","hsa-miR-557","COL8A1","1295","ENSG00000144810","-0.8468","predicted"
"miranda","MIMAT0005915","hsa-miR-1263","COL11A1","1301","ENSG00000060718","-0.8471","predicted"
"miranda","MIMAT0000450","hsa-miR-149-5p","LOX","4015","ENSG00000113083","-0.8477","predicted"
"miranda","MIMAT0016851","hsa-miR-4299","COL3A1","1281","ENSG00000168542","-0.8502","predicted"
"miranda","MIMAT0016851","hsa-miR-4299","COL3A1","1281","ENSG00000168542","-0.8502","predicted"
"miranda","MIMAT0002879","hsa-miR-507","COL8A1","1295","ENSG00000144810","-0.8503","predicted"
"miranda","MIMAT0016871","hsa-miR-4320","COL11A1","1301","ENSG00000060718","-0.8504","predicted"
"miranda","MIMAT0005912","hsa-miR-548g-3p","COL11A1","1301","ENSG00000060718","-0.8509","predicted"
"miranda","MIMAT0002838","hsa-miR-525-5p","ISM1","140862","ENSG00000101230","-0.8513","predicted"
"miranda","MIMAT0015008","hsa-miR-3140-3p","INHBA","3624","ENSG00000122641","-0.8532","predicted"
"miranda","MIMAT0003243","hsa-miR-578","VCAN","1462","ENSG00000038427","-0.8555","predicted"
"miranda","MIMAT0002818","hsa-miR-496","EDIL3","10085","ENSG00000164176","-0.856","predicted"
"miranda","MIMAT0004800","hsa-miR-550a-5p","THBS3","7059","ENSG00000169231","-0.8571","predicted"
"miranda","MIMAT0009454","hsa-miR-1979","LOX","4015","ENSG00000113083","-0.8588","predicted"
"miranda","MIMAT0000091","hsa-miR-33a-5p","VCAN","1462","ENSG00000038427","-0.8612","predicted"
"miranda","MIMAT0003301","hsa-miR-33b-5p","VCAN","1462","ENSG00000038427","-0.8612","predicted"
"miranda","MIMAT0003317","hsa-miR-647","ISM1","140862","ENSG00000101230","-0.8631","predicted"
"miranda","MIMAT0000716","hsa-miR-302c-5p","COL8A1","1295","ENSG00000144810","-0.8635","predicted"
"miranda","MIMAT0004901","hsa-miR-298","FN1","2335","ENSG00000115414","-0.865","predicted"
"miranda","MIMAT0004801","hsa-miR-590-3p","ISM1","140862","ENSG00000101230","-0.8651","predicted"
"miranda","MIMAT0004923","hsa-miR-875-3p","COL11A1","1301","ENSG00000060718","-0.8658","predicted"
"miranda","MIMAT0015021","hsa-miR-3148","COL8A1","1295","ENSG00000144810","-0.8668","predicted"
"miranda","MIMAT0015049","hsa-miR-1193","LOX","4015","ENSG00000113083","-0.8674","predicted"
"miranda","MIMAT0003254","hsa-miR-548b-3p","FN1","2335","ENSG00000115414","-0.8677","predicted"
"miranda","MIMAT0003235","hsa-miR-570-3p","LOX","4015","ENSG00000113083","-0.8681","predicted"
"miranda","MIMAT0005889","hsa-miR-548l","VCAN","1462","ENSG00000038427","-0.8684","predicted"
"miranda","MIMAT0004919","hsa-miR-541-5p","VCAN","1462","ENSG00000038427","-0.8719","predicted"
"miranda","MIMAT0005936","hsa-miR-1278","FN1","2335","ENSG00000115414","-0.8732","predicted"
"miranda","MIMAT0000080","hsa-miR-24-3p","LOX","4015","ENSG00000113083","-0.8732","predicted"
"miranda","MIMAT0000448","hsa-miR-136-5p","VCAN","1462","ENSG00000038427","-0.8739","predicted"
"miranda","MIMAT0015032","hsa-miR-3158-3p","FN1","2335","ENSG00000115414","-0.8751","predicted"
"miranda","MIMAT0002849","hsa-miR-524-5p","COL8A1","1295","ENSG00000144810","-0.8762","predicted"
"miranda","MIMAT0005921","hsa-miR-1267","COL11A1","1301","ENSG00000060718","-0.8788","predicted"
"miranda","MIMAT0003223","hsa-miR-559","EDIL3","10085","ENSG00000164176","-0.8804","predicted"
"miranda","MIMAT0000437","hsa-miR-145-5p","LOX","4015","ENSG00000113083","-0.8815","predicted"
"miranda","MIMAT0002855","hsa-miR-520d-5p","COL8A1","1295","ENSG00000144810","-0.883","predicted"
"miranda","MIMAT0000084","hsa-miR-27a-3p","VCAN","1462","ENSG00000038427","-0.8851","predicted"
"miranda","MIMAT0000419","hsa-miR-27b-3p","VCAN","1462","ENSG00000038427","-0.8851","predicted"
"miranda","MIMAT0015050","hsa-miR-323b-3p","VCAN","1462","ENSG00000038427","-0.8851","predicted"
"miranda","MIMAT0003331","hsa-miR-655-3p","LOX","4015","ENSG00000113083","-0.887","predicted"
"miranda","MIMAT0015052","hsa-miR-3175","VCAN","1462","ENSG00000038427","-0.8871","predicted"
"miranda","MIMAT0004803","hsa-miR-548a-5p","EDIL3","10085","ENSG00000164176","-0.8872","predicted"
"miranda","MIMAT0004806","hsa-miR-548c-5p","EDIL3","10085","ENSG00000164176","-0.8872","predicted"
"miranda","MIMAT0005928","hsa-miR-548h-5p","EDIL3","10085","ENSG00000164176","-0.8872","predicted"
"miranda","MIMAT0015060","hsa-miR-548w","EDIL3","10085","ENSG00000164176","-0.8872","predicted"
"miranda","MIMAT0005925","hsa-miR-1272","EDIL3","10085","ENSG00000164176","-0.8883","predicted"
"miranda","MIMAT0003217","hsa-miR-554","INHBA","3624","ENSG00000122641","-0.8901","predicted"
"miranda","MIMAT0004798","hsa-miR-548b-5p","EDIL3","10085","ENSG00000164176","-0.8906","predicted"
"miranda","MIMAT0004812","hsa-miR-548d-5p","EDIL3","10085","ENSG00000164176","-0.8906","predicted"
"miranda","MIMAT0005875","hsa-miR-548j-5p","EDIL3","10085","ENSG00000164176","-0.8906","predicted"
"miranda","MIMAT0005935","hsa-miR-548i","EDIL3","10085","ENSG00000164176","-0.8906","predicted"
"miranda","MIMAT0000719","hsa-miR-367-3p","COL3A1","1281","ENSG00000168542","-0.8922","predicted"
"miranda","MIMAT0000719","hsa-miR-367-3p","COL3A1","1281","ENSG00000168542","-0.8922","predicted"
"miranda","MIMAT0004607","hsa-miR-138-1-3p","ISM1","140862","ENSG00000101230","-0.893","predicted"
"miranda","MIMAT0015036","hsa-miR-3162-5p","COL3A1","1281","ENSG00000168542","-0.8933","predicted"
"miranda","MIMAT0015036","hsa-miR-3162-5p","COL3A1","1281","ENSG00000168542","-0.8933","predicted"
"miranda","MIMAT0015011","hsa-miR-3142","LOX","4015","ENSG00000113083","-0.8938","predicted"
"miranda","MIMAT0009197","hsa-miR-205-3p","COL3A1","1281","ENSG00000168542","-0.894","predicted"
"miranda","MIMAT0009197","hsa-miR-205-3p","COL3A1","1281","ENSG00000168542","-0.894","predicted"
"miranda","MIMAT0004688","hsa-miR-374a-3p","EDIL3","10085","ENSG00000164176","-0.8949","predicted"
"miranda","MIMAT0004703","hsa-miR-335-3p","VCAN","1462","ENSG00000038427","-0.8964","predicted"
"miranda","MIMAT0016917","hsa-miR-4287","COL8A1","1295","ENSG00000144810","-0.8965","predicted"
"miranda","MIMAT0000436","hsa-miR-144-3p","COL11A1","1301","ENSG00000060718","-0.8968","predicted"
"miranda","MIMAT0004500","hsa-miR-26b-3p","INHBA","3624","ENSG00000122641","-0.8988","predicted"
"miranda","MIMAT0004596","hsa-miR-138-2-3p","COL11A1","1301","ENSG00000060718","-0.9013","predicted"
"miranda","MIMAT0000683","hsa-miR-302a-5p","LOX","4015","ENSG00000113083","-0.9043","predicted"
"miranda","MIMAT0000452","hsa-miR-154-5p","COL3A1","1281","ENSG00000168542","-0.9045","predicted"
"miranda","MIMAT0000452","hsa-miR-154-5p","COL3A1","1281","ENSG00000168542","-0.9045","predicted"
"miranda","MIMAT0003330","hsa-miR-654-5p","ISM1","140862","ENSG00000101230","-0.905","predicted"
"miranda","MIMAT0002811","hsa-miR-202-3p","VCAN","1462","ENSG00000038427","-0.9062","predicted"
"miranda","MIMAT0016881","hsa-miR-4260","VCAN","1462","ENSG00000038427","-0.907","predicted"
"miranda","MIMAT0000428","hsa-miR-135a-5p","INHBA","3624","ENSG00000122641","-0.9087","predicted"
"miranda","MIMAT0000758","hsa-miR-135b-5p","INHBA","3624","ENSG00000122641","-0.9087","predicted"
"miranda","MIMAT0000429","hsa-miR-137-3p","COL11A1","1301","ENSG00000060718","-0.9091","predicted"
"miranda","MIMAT0000435","hsa-miR-143-3p","COL11A1","1301","ENSG00000060718","-0.9104","predicted"
"miranda","MIMAT0014978","hsa-miR-3116","VCAN","1462","ENSG00000038427","-0.9109","predicted"
"miranda","MIMAT0003235","hsa-miR-570-3p","THBS3","7059","ENSG00000169231","-0.912","predicted"
"miranda","MIMAT0003275","hsa-miR-607","COL11A1","1301","ENSG00000060718","-0.9124","predicted"
"miranda","MIMAT0003251","hsa-miR-548a-3p","ISM1","140862","ENSG00000101230","-0.914","predicted"
"miranda","MIMAT0002888","hsa-miR-532-5p","COL11A1","1301","ENSG00000060718","-0.9145","predicted"
"miranda","MIMAT0015037","hsa-miR-3163","EDIL3","10085","ENSG00000164176","-0.9146","predicted"
"miranda","MIMAT0005897","hsa-miR-1245a","COL8A1","1295","ENSG00000144810","-0.916","predicted"
"miranda","MIMAT0005895","hsa-miR-548f-3p","ISM1","140862","ENSG00000101230","-0.9173","predicted"
"miranda","MIMAT0003298","hsa-miR-629-3p","COL8A1","1295","ENSG00000144810","-0.9174","predicted"
"miranda","MIMAT0004499","hsa-miR-26a-1-3p","ISM1","140862","ENSG00000101230","-0.9184","predicted"
"miranda","MIMAT0004681","hsa-miR-26a-2-3p","ISM1","140862","ENSG00000101230","-0.9184","predicted"
"miranda","MIMAT0000274","hsa-miR-217-5p","COL11A1","1301","ENSG00000060718","-0.9204","predicted"
"miranda","MIMAT0005874","hsa-miR-548e-3p","ISM1","140862","ENSG00000101230","-0.9206","predicted"
"miranda","MIMAT0000685","hsa-miR-34b-5p","FN1","2335","ENSG00000115414","-0.9229","predicted"
"miranda","MIMAT0002815","hsa-miR-432-3p","COL11A1","1301","ENSG00000060718","-0.9234","predicted"
"miranda","MIMAT0016846","hsa-miR-4297","EDIL3","10085","ENSG00000164176","-0.9263","predicted"
"miranda","MIMAT0002832","hsa-miR-519c-3p","COL8A1","1295","ENSG00000144810","-0.9267","predicted"
"miranda","MIMAT0002837","hsa-miR-519b-3p","COL8A1","1295","ENSG00000144810","-0.9267","predicted"
"miranda","MIMAT0002869","hsa-miR-519a-3p","COL8A1","1295","ENSG00000144810","-0.9267","predicted"
"miranda","MIMAT0001532","hsa-miR-448","LOX","4015","ENSG00000113083","-0.9275","predicted"
"miranda","MIMAT0000069","hsa-miR-16-5p","VCAN","1462","ENSG00000038427","-0.9276","predicted"
"miranda","MIMAT0004920","hsa-miR-541-3p","ISM1","140862","ENSG00000101230","-0.9304","predicted"
"miranda","MIMAT0000680","hsa-miR-106b-5p","COL8A1","1295","ENSG00000144810","-0.9326","predicted"
"miranda","MIMAT0003235","hsa-miR-570-3p","VCAN","1462","ENSG00000038427","-0.9331","predicted"
"miranda","MIMAT0003275","hsa-miR-607","LOX","4015","ENSG00000113083","-0.9353","predicted"
"miranda","MIMAT0000226","hsa-miR-196a-5p","COL3A1","1281","ENSG00000168542","-0.9361","predicted"
"miranda","MIMAT0000226","hsa-miR-196a-5p","COL3A1","1281","ENSG00000168542","-0.9361","predicted"
"miranda","MIMAT0004777","hsa-miR-513a-3p","LOX","4015","ENSG00000113083","-0.9363","predicted"
"miranda","MIMAT0000095","hsa-miR-96-5p","COL11A1","1301","ENSG00000060718","-0.9365","predicted"
"miranda","MIMAT0003244","hsa-miR-579-3p","FN1","2335","ENSG00000115414","-0.937","predicted"
"miranda","MIMAT0004680","hsa-miR-130b-5p","INHBA","3624","ENSG00000122641","-0.9372","predicted"
"miranda","MIMAT0005896","hsa-miR-1244","LOX","4015","ENSG00000113083","-0.9384","predicted"
"miranda","MIMAT0001080","hsa-miR-196b-5p","COL3A1","1281","ENSG00000168542","-0.9393","predicted"
"miranda","MIMAT0001080","hsa-miR-196b-5p","COL3A1","1281","ENSG00000168542","-0.9393","predicted"
"miranda","MIMAT0005799","hsa-miR-1283","COL8A1","1295","ENSG00000144810","-0.9446","predicted"
"miranda","MIMAT0005879","hsa-miR-1289","VCAN","1462","ENSG00000038427","-0.9449","predicted"
"miranda","MIMAT0001635","hsa-miR-452-5p","COL11A1","1301","ENSG00000060718","-0.9462","predicted"
"miranda","MIMAT0003225","hsa-miR-561-3p","VCAN","1462","ENSG00000038427","-0.9475","predicted"
"miranda","MIMAT0004919","hsa-miR-541-5p","INHBA","3624","ENSG00000122641","-0.9482","predicted"
"miranda","MIMAT0015040","hsa-miR-3166","LOX","4015","ENSG00000113083","-0.9494","predicted"
"miranda","MIMAT0004543","hsa-miR-192-3p","VCAN","1462","ENSG00000038427","-0.9495","predicted"
"miranda","MIMAT0004598","hsa-miR-141-5p","INHBA","3624","ENSG00000122641","-0.9504","predicted"
"miranda","MIMAT0003236","hsa-miR-571","COL8A1","1295","ENSG00000144810","-0.9515","predicted"
"miranda","MIMAT0015037","hsa-miR-3163","VCAN","1462","ENSG00000038427","-0.9516","predicted"
"miranda","MIMAT0004748","hsa-miR-423-5p","THBS3","7059","ENSG00000169231","-0.9525","predicted"
"miranda","MIMAT0000093","hsa-miR-93-5p","COL8A1","1295","ENSG00000144810","-0.9541","predicted"
"miranda","MIMAT0004608","hsa-miR-146a-3p","COL11A1","1301","ENSG00000060718","-0.9568","predicted"
"miranda","MIMAT0000070","hsa-miR-17-5p","COL8A1","1295","ENSG00000144810","-0.9572","predicted"
"miranda","MIMAT0000075","hsa-miR-20a-5p","COL8A1","1295","ENSG00000144810","-0.9572","predicted"
"miranda","MIMAT0000103","hsa-miR-106a-5p","COL8A1","1295","ENSG00000144810","-0.9572","predicted"
"miranda","MIMAT0001413","hsa-miR-20b-5p","COL8A1","1295","ENSG00000144810","-0.9572","predicted"
"miranda","MIMAT0000084","hsa-miR-27a-3p","LOX","4015","ENSG00000113083","-0.9576","predicted"
"miranda","MIMAT0000419","hsa-miR-27b-3p","LOX","4015","ENSG00000113083","-0.9576","predicted"
"miranda","MIMAT0015064","hsa-miR-3184-5p","THBS3","7059","ENSG00000169231","-0.9588","predicted"
"miranda","MIMAT0015051","hsa-miR-3174","LOX","4015","ENSG00000113083","-0.9591","predicted"
"miranda","MIMAT0002853","hsa-miR-519d-3p","COL8A1","1295","ENSG00000144810","-0.9603","predicted"
"miranda","MIMAT0002836","hsa-miR-526b-3p","COL8A1","1295","ENSG00000144810","-0.9603","predicted"
"miranda","MIMAT0005795","hsa-miR-1323","THBS3","7059","ENSG00000169231","-0.9604","predicted"
"miranda","MIMAT0004595","hsa-miR-135a-3p","COL8A1","1295","ENSG00000144810","-0.9609","predicted"
"miranda","MIMAT0016863","hsa-miR-4311","VCAN","1462","ENSG00000038427","-0.9623","predicted"
"miranda","MIMAT0015016","hsa-miR-3145-3p","FN1","2335","ENSG00000115414","-0.9634","predicted"
"miranda","MIMAT0002849","hsa-miR-524-5p","COL11A1","1301","ENSG00000060718","-0.9635","predicted"
"miranda","MIMAT0000227","hsa-miR-197-3p","ISM1","140862","ENSG00000101230","-0.9652","predicted"
"miranda","MIMAT0016912","hsa-miR-4282","VCAN","1462","ENSG00000038427","-0.9665","predicted"
"miranda","MIMAT0015016","hsa-miR-3145-3p","FN1","2335","ENSG00000115414","-0.9677","predicted"
"miranda","MIMAT0005932","hsa-miR-302f","ISM1","140862","ENSG00000101230","-0.9686","predicted"
"miranda","MIMAT0002855","hsa-miR-520d-5p","COL11A1","1301","ENSG00000060718","-0.9697","predicted"
"miranda","MIMAT0015034","hsa-miR-3160-3p","EDIL3","10085","ENSG00000164176","-0.9708","predicted"
"miranda","MIMAT0004703","hsa-miR-335-3p","EDIL3","10085","ENSG00000164176","-0.9716","predicted"
"miranda","MIMAT0014988","hsa-miR-3125","COL3A1","1281","ENSG00000168542","-0.9724","predicted"
"miranda","MIMAT0014988","hsa-miR-3125","COL3A1","1281","ENSG00000168542","-0.9724","predicted"
"miranda","MIMAT0005919","hsa-miR-548o-3p","THBS3","7059","ENSG00000169231","-0.9728","predicted"
"miranda","MIMAT0000435","hsa-miR-143-3p","COL8A1","1295","ENSG00000144810","-0.9739","predicted"
"miranda","MIMAT0000755","hsa-miR-323a-3p","COL11A1","1301","ENSG00000060718","-0.9754","predicted"
"miranda","MIMAT0006766","hsa-miR-1826","ISM1","140862","ENSG00000101230","-0.9754","predicted"
"miranda","MIMAT0002171","hsa-miR-410-3p","COL3A1","1281","ENSG00000168542","-0.9766","predicted"
"miranda","MIMAT0002171","hsa-miR-410-3p","COL3A1","1281","ENSG00000168542","-0.9766","predicted"
"miranda","MIMAT0015021","hsa-miR-3148","VCAN","1462","ENSG00000038427","-0.9788","predicted"
"miranda","MIMAT0003165","hsa-miR-545-3p","COL11A1","1301","ENSG00000060718","-0.9801","predicted"
"miranda","MIMAT0014987","hsa-miR-548s","COL8A1","1295","ENSG00000144810","-0.9835","predicted"
"miranda","MIMAT0003241","hsa-miR-576-5p","VCAN","1462","ENSG00000038427","-0.9839","predicted"
"miranda","MIMAT0005880","hsa-miR-1290","LOX","4015","ENSG00000113083","-0.9844","predicted"
"miranda","MIMAT0016917","hsa-miR-4287","INHBA","3624","ENSG00000122641","-0.9857","predicted"
"miranda","MIMAT0006790","hsa-miR-675-3p","VCAN","1462","ENSG00000038427","-0.9859","predicted"
"miranda","MIMAT0005925","hsa-miR-1272","LOX","4015","ENSG00000113083","-0.9878","predicted"
"miranda","MIMAT0016883","hsa-miR-4251","COL11A1","1301","ENSG00000060718","-0.9885","predicted"
"miranda","MIMAT0016905","hsa-miR-4275","FN1","2335","ENSG00000115414","-0.9886","predicted"
"miranda","MIMAT0000318","hsa-miR-200b-3p","LOX","4015","ENSG00000113083","-0.9907","predicted"
"miranda","MIMAT0000617","hsa-miR-200c-3p","LOX","4015","ENSG00000113083","-0.9907","predicted"
"miranda","MIMAT0015081","hsa-miR-548x-3p","ISM1","140862","ENSG00000101230","-0.9908","predicted"
"miranda","MIMAT0014992","hsa-miR-3129-5p","LOX","4015","ENSG00000113083","-0.9911","predicted"
"miranda","MIMAT0004500","hsa-miR-26b-3p","LOX","4015","ENSG00000113083","-0.9922","predicted"
"miranda","MIMAT0016888","hsa-miR-4326","FN1","2335","ENSG00000115414","-0.9927","predicted"
"miranda","MIMAT0001536","hsa-miR-429","LOX","4015","ENSG00000113083","-0.9936","predicted"
"miranda","MIMAT0002849","hsa-miR-524-5p","EDIL3","10085","ENSG00000164176","-0.9941","predicted"
"miranda","MIMAT0005824","hsa-miR-1179","VCAN","1462","ENSG00000038427","-0.9945","predicted"
"miranda","MIMAT0016922","hsa-miR-4291","VCAN","1462","ENSG00000038427","-0.9952","predicted"
"miranda","MIMAT0016883","hsa-miR-4251","COL11A1","1301","ENSG00000060718","-0.9954","predicted"
"miranda","MIMAT0000232","hsa-miR-199a-3p","LOX","4015","ENSG00000113083","-0.9971","predicted"
"miranda","MIMAT0004563","hsa-miR-199b-3p","LOX","4015","ENSG00000113083","-0.9971","predicted"
"miranda","MIMAT0001630","hsa-miR-323b-5p","COL8A1","1295","ENSG00000144810","-0.9981","predicted"
"miranda","MIMAT0002855","hsa-miR-520d-5p","EDIL3","10085","ENSG00000164176","-0.9999","predicted"
"miranda","MIMAT0005829","hsa-miR-1184","VCAN","1462","ENSG00000038427","-1.0002","predicted"
"miranda","MIMAT0003231","hsa-miR-567","COL11A1","1301","ENSG00000060718","-1.0029","predicted"
"miranda","MIMAT0000266","hsa-miR-205-5p","INHBA","3624","ENSG00000122641","-1.0029","predicted"
"miranda","MIMAT0000433","hsa-miR-142-5p","COL11A1","1301","ENSG00000060718","-1.0078","predicted"
"miranda","MIMAT0001536","hsa-miR-429","FN1","2335","ENSG00000115414","-1.0078","predicted"
"miranda","MIMAT0000275","hsa-miR-218-5p","LOX","4015","ENSG00000113083","-1.0086","predicted"
"miranda","MIMAT0005917","hsa-miR-548m","LOX","4015","ENSG00000113083","-1.0093","predicted"
"miranda","MIMAT0014987","hsa-miR-548s","EDIL3","10085","ENSG00000164176","-1.0099","predicted"
"miranda","MIMAT0003304","hsa-miR-634","COL3A1","1281","ENSG00000168542","-1.0105","predicted"
"miranda","MIMAT0003304","hsa-miR-634","COL3A1","1281","ENSG00000168542","-1.0105","predicted"
"miranda","MIMAT0016917","hsa-miR-4287","COL11A1","1301","ENSG00000060718","-1.0108","predicted"
"miranda","MIMAT0000755","hsa-miR-323a-3p","COL3A1","1281","ENSG00000168542","-1.0125","predicted"
"miranda","MIMAT0000755","hsa-miR-323a-3p","COL3A1","1281","ENSG00000168542","-1.0125","predicted"
"miranda","MIMAT0000318","hsa-miR-200b-3p","FN1","2335","ENSG00000115414","-1.0132","predicted"
"miranda","MIMAT0000617","hsa-miR-200c-3p","FN1","2335","ENSG00000115414","-1.0132","predicted"
"miranda","MIMAT0004801","hsa-miR-590-3p","LOX","4015","ENSG00000113083","-1.0138","predicted"
"miranda","MIMAT0001536","hsa-miR-429","FN1","2335","ENSG00000115414","-1.016","predicted"
"miranda","MIMAT0003256","hsa-miR-589-3p","FN1","2335","ENSG00000115414","-1.016","predicted"
"miranda","MIMAT0005798","hsa-miR-1185-5p","COL11A1","1301","ENSG00000060718","-1.0177","predicted"
"miranda","MIMAT0002880","hsa-miR-508-3p","LOX","4015","ENSG00000113083","-1.0184","predicted"
"miranda","MIMAT0000428","hsa-miR-135a-5p","EDIL3","10085","ENSG00000164176","-1.0185","predicted"
"miranda","MIMAT0000758","hsa-miR-135b-5p","EDIL3","10085","ENSG00000164176","-1.0185","predicted"
"miranda","MIMAT0000273","hsa-miR-216a-5p","EDIL3","10085","ENSG00000164176","-1.019","predicted"
"miranda","MIMAT0005900","hsa-miR-1248","COL11A1","1301","ENSG00000060718","-1.0196","predicted"
"miranda","MIMAT0000705","hsa-miR-362-5p","COL11A1","1301","ENSG00000060718","-1.0216","predicted"
"miranda","MIMAT0000442","hsa-miR-9-3p","LOX","4015","ENSG00000113083","-1.0224","predicted"
"miranda","MIMAT0000729","hsa-miR-376a-3p","LOX","4015","ENSG00000113083","-1.0233","predicted"
"miranda","MIMAT0002172","hsa-miR-376b-3p","LOX","4015","ENSG00000113083","-1.0233","predicted"
"miranda","MIMAT0005898","hsa-miR-1246","LOX","4015","ENSG00000113083","-1.0259","predicted"
"miranda","MIMAT0005914","hsa-miR-1262","FN1","2335","ENSG00000115414","-1.0267","predicted"
"miranda","MIMAT0004987","hsa-miR-944","VCAN","1462","ENSG00000038427","-1.027","predicted"
"miranda","MIMAT0016868","hsa-miR-4314","COL3A1","1281","ENSG00000168542","-1.0274","predicted"
"miranda","MIMAT0016868","hsa-miR-4314","COL3A1","1281","ENSG00000168542","-1.0274","predicted"
"miranda","MIMAT0002811","hsa-miR-202-3p","COL11A1","1301","ENSG00000060718","-1.0276","predicted"
"miranda","MIMAT0009977","hsa-miR-2052","LOX","4015","ENSG00000113083","-1.0276","predicted"
"miranda","MIMAT0015018","hsa-miR-3146","COL3A1","1281","ENSG00000168542","-1.0315","predicted"
"miranda","MIMAT0015018","hsa-miR-3146","COL3A1","1281","ENSG00000168542","-1.0315","predicted"
"miranda","MIMAT0003164","hsa-miR-544a","COL11A1","1301","ENSG00000060718","-1.0317","predicted"
"miranda","MIMAT0000318","hsa-miR-200b-3p","FN1","2335","ENSG00000115414","-1.0324","predicted"
"miranda","MIMAT0000617","hsa-miR-200c-3p","FN1","2335","ENSG00000115414","-1.0324","predicted"
"miranda","MIMAT0016903","hsa-miR-4273","LOX","4015","ENSG00000113083","-1.0337","predicted"
"miranda","MIMAT0004801","hsa-miR-590-3p","FN1","2335","ENSG00000115414","-1.0358","predicted"
"miranda","MIMAT0004985","hsa-miR-942-5p","INHBA","3624","ENSG00000122641","-1.0371","predicted"
"miranda","MIMAT0003248","hsa-miR-583","COL3A1","1281","ENSG00000168542","-1.038","predicted"
"miranda","MIMAT0003248","hsa-miR-583","COL3A1","1281","ENSG00000168542","-1.038","predicted"
"miranda","MIMAT0015032","hsa-miR-3158-3p","COL3A1","1281","ENSG00000168542","-1.0384","predicted"
"miranda","MIMAT0015032","hsa-miR-3158-3p","COL3A1","1281","ENSG00000168542","-1.0384","predicted"
"miranda","MIMAT0003275","hsa-miR-607","COL11A1","1301","ENSG00000060718","-1.0397","predicted"
"miranda","MIMAT0000265","hsa-miR-204-5p","ISM1","140862","ENSG00000101230","-1.0406","predicted"
"miranda","MIMAT0000268","hsa-miR-211-5p","ISM1","140862","ENSG00000101230","-1.0406","predicted"
"miranda","MIMAT0015378","hsa-miR-3065-3p","LOX","4015","ENSG00000113083","-1.0424","predicted"
"miranda","MIMAT0014990","hsa-miR-3127-5p","COL11A1","1301","ENSG00000060718","-1.0427","predicted"
"miranda","MIMAT0007892","hsa-miR-1915-3p","FN1","2335","ENSG00000115414","-1.0437","predicted"
"miranda","MIMAT0003300","hsa-miR-631","INHBA","3624","ENSG00000122641","-1.0439","predicted"
"miranda","MIMAT0004956","hsa-miR-374b-3p","ISM1","140862","ENSG00000101230","-1.0469","predicted"
"miranda","MIMAT0005934","hsa-miR-548p","LOX","4015","ENSG00000113083","-1.0478","predicted"
"miranda","MIMAT0000101","hsa-miR-103a-3p","LOX","4015","ENSG00000113083","-1.0492","predicted"
"miranda","MIMAT0000104","hsa-miR-107","LOX","4015","ENSG00000113083","-1.0492","predicted"
"miranda","MIMAT0002829","hsa-miR-519e-3p","THBS3","7059","ENSG00000169231","-1.0525","predicted"
"miranda","MIMAT0004811","hsa-miR-33b-3p","THBS3","7059","ENSG00000169231","-1.0525","predicted"
"miranda","MIMAT0004609","hsa-miR-149-3p","COL3A1","1281","ENSG00000168542","-1.0547","predicted"
"miranda","MIMAT0004609","hsa-miR-149-3p","COL3A1","1281","ENSG00000168542","-1.0547","predicted"
"miranda","MIMAT0000092","hsa-miR-92a-3p","VCAN","1462","ENSG00000038427","-1.0554","predicted"
"miranda","MIMAT0011159","hsa-miR-2115-3p","COL11A1","1301","ENSG00000060718","-1.057","predicted"
"miranda","MIMAT0002827","hsa-miR-515-3p","THBS3","7059","ENSG00000169231","-1.0578","predicted"
"miranda","MIMAT0000719","hsa-miR-367-3p","VCAN","1462","ENSG00000038427","-1.058","predicted"
"miranda","MIMAT0004493","hsa-miR-20a-3p","COL8A1","1295","ENSG00000144810","-1.0596","predicted"
"miranda","MIMAT0000738","hsa-miR-383-5p","COL11A1","1301","ENSG00000060718","-1.0612","predicted"
"miranda","MIMAT0005873","hsa-miR-1208","COL11A1","1301","ENSG00000060718","-1.063","predicted"
"miranda","MIMAT0015023","hsa-miR-3150a-3p","VCAN","1462","ENSG00000038427","-1.0636","predicted"
"miranda","MIMAT0004680","hsa-miR-130b-5p","ISM1","140862","ENSG00000101230","-1.0636","predicted"
"miranda","MIMAT0000086","hsa-miR-29a-3p","COL11A1","1301","ENSG00000060718","-1.0658","predicted"
"miranda","MIMAT0000100","hsa-miR-29b-3p","COL11A1","1301","ENSG00000060718","-1.0658","predicted"
"miranda","MIMAT0000681","hsa-miR-29c-3p","COL11A1","1301","ENSG00000060718","-1.0658","predicted"
"miranda","MIMAT0005934","hsa-miR-548p","COL3A1","1281","ENSG00000168542","-1.0697","predicted"
"miranda","MIMAT0005934","hsa-miR-548p","COL3A1","1281","ENSG00000168542","-1.0697","predicted"
"miranda","MIMAT0003332","hsa-miR-656-3p","VCAN","1462","ENSG00000038427","-1.0697","predicted"
"miranda","MIMAT0005902","hsa-miR-1250-5p","VCAN","1462","ENSG00000038427","-1.0703","predicted"
"miranda","MIMAT0015081","hsa-miR-548x-3p","EDIL3","10085","ENSG00000164176","-1.0705","predicted"
"miranda","MIMAT0016877","hsa-miR-4256","COL3A1","1281","ENSG00000168542","-1.0706","predicted"
"miranda","MIMAT0016877","hsa-miR-4256","COL3A1","1281","ENSG00000168542","-1.0706","predicted"
"miranda","MIMAT0014977","hsa-miR-3115","LOX","4015","ENSG00000113083","-1.0725","predicted"
"miranda","MIMAT0000735","hsa-miR-380-3p","LOX","4015","ENSG00000113083","-1.0733","predicted"
"miranda","MIMAT0004565","hsa-miR-218-1-3p","EDIL3","10085","ENSG00000164176","-1.0734","predicted"
"miranda","MIMAT0003331","hsa-miR-655-3p","LOX","4015","ENSG00000113083","-1.0741","predicted"
"miranda","MIMAT0004674","hsa-miR-30c-1-3p","COL8A1","1295","ENSG00000144810","-1.0752","predicted"
"miranda","MIMAT0000617","hsa-miR-200c-3p","LOX","4015","ENSG00000113083","-1.0757","predicted"
"miranda","MIMAT0004806","hsa-miR-548c-5p","COL8A1","1295","ENSG00000144810","-1.0779","predicted"
"miranda","MIMAT0002879","hsa-miR-507","LOX","4015","ENSG00000113083","-1.0781","predicted"
"miranda","MIMAT0002808","hsa-miR-511-5p","FN1","2335","ENSG00000115414","-1.0795","predicted"
"miranda","MIMAT0009199","hsa-miR-365a-5p","COL11A1","1301","ENSG00000060718","-1.0821","predicted"
"miranda","MIMAT0016846","hsa-miR-4297","COL3A1","1281","ENSG00000168542","-1.0823","predicted"
"miranda","MIMAT0016846","hsa-miR-4297","COL3A1","1281","ENSG00000168542","-1.0823","predicted"
"miranda","MIMAT0004549","hsa-miR-148a-5p","ISM1","140862","ENSG00000101230","-1.0827","predicted"
"miranda","MIMAT0004481","hsa-let-7a-3p","COL11A1","1301","ENSG00000060718","-1.0845","predicted"
"miranda","MIMAT0004486","hsa-let-7f-1-3p","COL11A1","1301","ENSG00000060718","-1.0845","predicted"
"miranda","MIMAT0002860","hsa-miR-516b-3p","EDIL3","10085","ENSG00000164176","-1.0853","predicted"
"miranda","MIMAT0006778","hsa-miR-516a-3p","EDIL3","10085","ENSG00000164176","-1.0853","predicted"
"miranda","MIMAT0003221","hsa-miR-557","LOX","4015","ENSG00000113083","-1.0855","predicted"
"miranda","MIMAT0003163","hsa-miR-539-5p","LOX","4015","ENSG00000113083","-1.0868","predicted"
"miranda","MIMAT0004482","hsa-let-7b-3p","COL11A1","1301","ENSG00000060718","-1.0894","predicted"
"miranda","MIMAT0005919","hsa-miR-548o-3p","COL11A1","1301","ENSG00000060718","-1.0904","predicted"
"miranda","MIMAT0001536","hsa-miR-429","LOX","4015","ENSG00000113083","-1.0922","predicted"
"miranda","MIMAT0005795","hsa-miR-1323","COL11A1","1301","ENSG00000060718","-1.0928","predicted"
"miranda","MIMAT0000727","hsa-miR-374a-5p","COL8A1","1295","ENSG00000144810","-1.0932","predicted"
"miranda","MIMAT0004596","hsa-miR-138-2-3p","COL3A1","1281","ENSG00000168542","-1.0942","predicted"
"miranda","MIMAT0004596","hsa-miR-138-2-3p","COL3A1","1281","ENSG00000168542","-1.0942","predicted"
"miranda","MIMAT0000318","hsa-miR-200b-3p","LOX","4015","ENSG00000113083","-1.0946","predicted"
"miranda","MIMAT0016890","hsa-miR-4261","EDIL3","10085","ENSG00000164176","-1.0948","predicted"
"miranda","MIMAT0003882","hsa-miR-767-5p","COL3A1","1281","ENSG00000168542","-1.0957","predicted"
"miranda","MIMAT0003882","hsa-miR-767-5p","COL3A1","1281","ENSG00000168542","-1.0957","predicted"
"miranda","MIMAT0004703","hsa-miR-335-3p","COL3A1","1281","ENSG00000168542","-1.0958","predicted"
"miranda","MIMAT0004703","hsa-miR-335-3p","COL3A1","1281","ENSG00000168542","-1.0958","predicted"
"miranda","MIMAT0002873","hsa-miR-502-5p","COL8A1","1295","ENSG00000144810","-1.0963","predicted"
"miranda","MIMAT0001635","hsa-miR-452-5p","COL3A1","1281","ENSG00000168542","-1.0965","predicted"
"miranda","MIMAT0001635","hsa-miR-452-5p","COL3A1","1281","ENSG00000168542","-1.0965","predicted"
"miranda","MIMAT0003261","hsa-miR-593-5p","COL11A1","1301","ENSG00000060718","-1.0965","predicted"
"miranda","MIMAT0004593","hsa-miR-130a-5p","ISM1","140862","ENSG00000101230","-1.0988","predicted"
"miranda","MIMAT0004703","hsa-miR-335-3p","VCAN","1462","ENSG00000038427","-1.0989","predicted"
"miranda","MIMAT0004566","hsa-miR-218-2-3p","EDIL3","10085","ENSG00000164176","-1.0991","predicted"
"miranda","MIMAT0005952","hsa-miR-1321","COL3A1","1281","ENSG00000168542","-1.1004","predicted"
"miranda","MIMAT0005952","hsa-miR-1321","COL3A1","1281","ENSG00000168542","-1.1004","predicted"
"miranda","MIMAT0000456","hsa-miR-186-5p","COL3A1","1281","ENSG00000168542","-1.1007","predicted"
"miranda","MIMAT0000456","hsa-miR-186-5p","COL3A1","1281","ENSG00000168542","-1.1007","predicted"
"miranda","MIMAT0001532","hsa-miR-448","LOX","4015","ENSG00000113083","-1.1021","predicted"
"miranda","MIMAT0014979","hsa-miR-3117-3p","VCAN","1462","ENSG00000038427","-1.1036","predicted"
"miranda","MIMAT0000078","hsa-miR-23a-3p","ISM1","140862","ENSG00000101230","-1.1058","predicted"
"miranda","MIMAT0000418","hsa-miR-23b-3p","ISM1","140862","ENSG00000101230","-1.1058","predicted"
"miranda","MIMAT0000442","hsa-miR-9-3p","FN1","2335","ENSG00000115414","-1.1062","predicted"
"miranda","MIMAT0014992","hsa-miR-3129-5p","FN1","2335","ENSG00000115414","-1.1073","predicted"
"miranda","MIMAT0004779","hsa-miR-509-5p","INHBA","3624","ENSG00000122641","-1.1084","predicted"
"miranda","MIMAT0002876","hsa-miR-505-3p","COL3A1","1281","ENSG00000168542","-1.1098","predicted"
"miranda","MIMAT0002876","hsa-miR-505-3p","COL3A1","1281","ENSG00000168542","-1.1098","predicted"
"miranda","MIMAT0015090","hsa-miR-1273d","LOX","4015","ENSG00000113083","-1.1101","predicted"
"miranda","MIMAT0015021","hsa-miR-3148","LOX","4015","ENSG00000113083","-1.1108","predicted"
"miranda","MIMAT0004794","hsa-miR-551b-5p","VCAN","1462","ENSG00000038427","-1.1108","predicted"
"miranda","MIMAT0000232","hsa-miR-199a-3p","FN1","2335","ENSG00000115414","-1.1119","predicted"
"miranda","MIMAT0004563","hsa-miR-199b-3p","FN1","2335","ENSG00000115414","-1.1119","predicted"
"miranda","MIMAT0005895","hsa-miR-548f-3p","EDIL3","10085","ENSG00000164176","-1.1119","predicted"
"miranda","MIMAT0005591","hsa-miR-1236-3p","ISM1","140862","ENSG00000101230","-1.112","predicted"
"miranda","MIMAT0014982","hsa-miR-3120-3p","COL3A1","1281","ENSG00000168542","-1.1135","predicted"
"miranda","MIMAT0014982","hsa-miR-3120-3p","COL3A1","1281","ENSG00000168542","-1.1135","predicted"
"miranda","MIMAT0003251","hsa-miR-548a-3p","EDIL3","10085","ENSG00000164176","-1.1142","predicted"
"miranda","MIMAT0005874","hsa-miR-548e-3p","EDIL3","10085","ENSG00000164176","-1.1142","predicted"
"miranda","MIMAT0004987","hsa-miR-944","LOX","4015","ENSG00000113083","-1.1158","predicted"
"miranda","MIMAT0015009","hsa-miR-548t-5p","FN1","2335","ENSG00000115414","-1.1172","predicted"
"miranda","MIMAT0004803","hsa-miR-548a-5p","COL11A1","1301","ENSG00000060718","-1.1178","predicted"
"miranda","MIMAT0003258","hsa-miR-590-5p","ISM1","140862","ENSG00000101230","-1.1178","predicted"
"miranda","MIMAT0002808","hsa-miR-511-5p","COL8A1","1295","ENSG00000144810","-1.1194","predicted"
"miranda","MIMAT0003338","hsa-miR-660-5p","LOX","4015","ENSG00000113083","-1.122","predicted"
"miranda","MIMAT0004798","hsa-miR-548b-5p","COL11A1","1301","ENSG00000060718","-1.1222","predicted"
"miranda","MIMAT0004806","hsa-miR-548c-5p","COL11A1","1301","ENSG00000060718","-1.1222","predicted"
"miranda","MIMAT0004812","hsa-miR-548d-5p","COL11A1","1301","ENSG00000060718","-1.1222","predicted"
"miranda","MIMAT0005928","hsa-miR-548h-5p","COL11A1","1301","ENSG00000060718","-1.1222","predicted"
"miranda","MIMAT0005935","hsa-miR-548i","COL11A1","1301","ENSG00000060718","-1.1222","predicted"
"miranda","MIMAT0015060","hsa-miR-548w","COL11A1","1301","ENSG00000060718","-1.1222","predicted"
"miranda","MIMAT0000076","hsa-miR-21-5p","ISM1","140862","ENSG00000101230","-1.1222","predicted"
"miranda","MIMAT0005889","hsa-miR-548l","FN1","2335","ENSG00000115414","-1.1235","predicted"
"miranda","MIMAT0005916","hsa-miR-548n","COL11A1","1301","ENSG00000060718","-1.1243","predicted"
"miranda","MIMAT0003223","hsa-miR-559","COL11A1","1301","ENSG00000060718","-1.1244","predicted"
"miranda","MIMAT0005875","hsa-miR-548j-5p","COL11A1","1301","ENSG00000060718","-1.1244","predicted"
"miranda","MIMAT0015021","hsa-miR-3148","COL11A1","1301","ENSG00000060718","-1.1246","predicted"
"miranda","MIMAT0000721","hsa-miR-369-3p","VCAN","1462","ENSG00000038427","-1.1259","predicted"
"miranda","MIMAT0003328","hsa-miR-653-5p","COL3A1","1281","ENSG00000168542","-1.1294","predicted"
"miranda","MIMAT0003328","hsa-miR-653-5p","COL3A1","1281","ENSG00000168542","-1.1294","predicted"
"miranda","MIMAT0005942","hsa-miR-1288-3p","VCAN","1462","ENSG00000038427","-1.1311","predicted"
"miranda","MIMAT0015060","hsa-miR-548w","COL11A1","1301","ENSG00000060718","-1.1323","predicted"
"miranda","MIMAT0003241","hsa-miR-576-5p","COL3A1","1281","ENSG00000168542","-1.1369","predicted"
"miranda","MIMAT0003241","hsa-miR-576-5p","COL3A1","1281","ENSG00000168542","-1.1369","predicted"
"miranda","MIMAT0004785","hsa-miR-545-5p","COL11A1","1301","ENSG00000060718","-1.1377","predicted"
"miranda","MIMAT0004777","hsa-miR-513a-3p","COL11A1","1301","ENSG00000060718","-1.1379","predicted"
"miranda","MIMAT0000274","hsa-miR-217-5p","FN1","2335","ENSG00000115414","-1.1382","predicted"
"miranda","MIMAT0005882","hsa-miR-548k","VCAN","1462","ENSG00000038427","-1.1394","predicted"
"miranda","MIMAT0003271","hsa-miR-603","COL11A1","1301","ENSG00000060718","-1.1398","predicted"
"miranda","MIMAT0004701","hsa-miR-338-5p","COL11A1","1301","ENSG00000060718","-1.1401","predicted"
"miranda","MIMAT0000735","hsa-miR-380-3p","ISM1","140862","ENSG00000101230","-1.1411","predicted"
"miranda","MIMAT0000082","hsa-miR-26a-5p","FN1","2335","ENSG00000115414","-1.1423","predicted"
"miranda","MIMAT0000083","hsa-miR-26b-5p","FN1","2335","ENSG00000115414","-1.1423","predicted"
"miranda","MIMAT0015021","hsa-miR-3148","FN1","2335","ENSG00000115414","-1.1427","predicted"
"miranda","MIMAT0000428","hsa-miR-135a-5p","LOX","4015","ENSG00000113083","-1.1427","predicted"
"miranda","MIMAT0004518","hsa-miR-16-2-3p","COL3A1","1281","ENSG00000168542","-1.1434","predicted"
"miranda","MIMAT0004518","hsa-miR-16-2-3p","COL3A1","1281","ENSG00000168542","-1.1434","predicted"
"miranda","MIMAT0000441","hsa-miR-9-5p","VCAN","1462","ENSG00000038427","-1.1437","predicted"
"miranda","MIMAT0004907","hsa-miR-892a","COL8A1","1295","ENSG00000144810","-1.144","predicted"
"miranda","MIMAT0004615","hsa-miR-195-3p","COL3A1","1281","ENSG00000168542","-1.1455","predicted"
"miranda","MIMAT0004615","hsa-miR-195-3p","COL3A1","1281","ENSG00000168542","-1.1455","predicted"
"miranda","MIMAT0016863","hsa-miR-4311","COL3A1","1281","ENSG00000168542","-1.1457","predicted"
"miranda","MIMAT0016863","hsa-miR-4311","COL3A1","1281","ENSG00000168542","-1.1457","predicted"
"miranda","MIMAT0004798","hsa-miR-548b-5p","COL11A1","1301","ENSG00000060718","-1.1463","predicted"
"miranda","MIMAT0004812","hsa-miR-548d-5p","COL11A1","1301","ENSG00000060718","-1.1463","predicted"
"miranda","MIMAT0015378","hsa-miR-3065-3p","COL11A1","1301","ENSG00000060718","-1.1464","predicted"
"miranda","MIMAT0004784","hsa-miR-455-3p","LOX","4015","ENSG00000113083","-1.147","predicted"
"miranda","MIMAT0004806","hsa-miR-548c-5p","COL11A1","1301","ENSG00000060718","-1.1483","predicted"
"miranda","MIMAT0005928","hsa-miR-548h-5p","COL11A1","1301","ENSG00000060718","-1.1483","predicted"
"miranda","MIMAT0002824","hsa-miR-498-5p","COL11A1","1301","ENSG00000060718","-1.1494","predicted"
"miranda","MIMAT0004803","hsa-miR-548a-5p","COL11A1","1301","ENSG00000060718","-1.1503","predicted"
"miranda","MIMAT0005875","hsa-miR-548j-5p","COL11A1","1301","ENSG00000060718","-1.1523","predicted"
"miranda","MIMAT0005935","hsa-miR-548i","COL11A1","1301","ENSG00000060718","-1.1523","predicted"
"miranda","MIMAT0016912","hsa-miR-4282","FN1","2335","ENSG00000115414","-1.1525","predicted"
"miranda","MIMAT0005917","hsa-miR-548m","COL3A1","1281","ENSG00000168542","-1.1536","predicted"
"miranda","MIMAT0005917","hsa-miR-548m","COL3A1","1281","ENSG00000168542","-1.1536","predicted"
"miranda","MIMAT0003317","hsa-miR-647","FN1","2335","ENSG00000115414","-1.1538","predicted"
"miranda","MIMAT0003223","hsa-miR-559","COL11A1","1301","ENSG00000060718","-1.1543","predicted"
"miranda","MIMAT0004608","hsa-miR-146a-3p","LOX","4015","ENSG00000113083","-1.1547","predicted"
"miranda","MIMAT0000444","hsa-miR-126-5p","COL11A1","1301","ENSG00000060718","-1.1553","predicted"
"miranda","MIMAT0002835","hsa-miR-526b-5p","COL8A1","1295","ENSG00000144810","-1.1563","predicted"
"miranda","MIMAT0004975","hsa-miR-509-3-5p","INHBA","3624","ENSG00000122641","-1.1568","predicted"
"miranda","MIMAT0015042","hsa-miR-3167","COL3A1","1281","ENSG00000168542","-1.1599","predicted"
"miranda","MIMAT0015042","hsa-miR-3167","COL3A1","1281","ENSG00000168542","-1.1599","predicted"
"miranda","MIMAT0004907","hsa-miR-892a","COL8A1","1295","ENSG00000144810","-1.1604","predicted"
"miranda","MIMAT0004924","hsa-miR-876-5p","COL3A1","1281","ENSG00000168542","-1.1618","predicted"
"miranda","MIMAT0004924","hsa-miR-876-5p","COL3A1","1281","ENSG00000168542","-1.1618","predicted"
"miranda","MIMAT0003165","hsa-miR-545-3p","COL3A1","1281","ENSG00000168542","-1.1621","predicted"
"miranda","MIMAT0003165","hsa-miR-545-3p","COL3A1","1281","ENSG00000168542","-1.1621","predicted"
"miranda","MIMAT0004688","hsa-miR-374a-3p","COL11A1","1301","ENSG00000060718","-1.1621","predicted"
"miranda","MIMAT0005889","hsa-miR-548l","VCAN","1462","ENSG00000038427","-1.1624","predicted"
"miranda","MIMAT0014987","hsa-miR-548s","COL8A1","1295","ENSG00000144810","-1.1638","predicted"
"miranda","MIMAT0016864","hsa-miR-4312","COL8A1","1295","ENSG00000144810","-1.165","predicted"
"miranda","MIMAT0016894","hsa-miR-4262","VCAN","1462","ENSG00000038427","-1.1667","predicted"
"miranda","MIMAT0004954","hsa-miR-543","VCAN","1462","ENSG00000038427","-1.1669","predicted"
"miranda","MIMAT0004777","hsa-miR-513a-3p","VCAN","1462","ENSG00000038427","-1.1673","predicted"
"miranda","MIMAT0000084","hsa-miR-27a-3p","FN1","2335","ENSG00000115414","-1.1682","predicted"
"miranda","MIMAT0000419","hsa-miR-27b-3p","FN1","2335","ENSG00000115414","-1.1682","predicted"
"miranda","MIMAT0000256","hsa-miR-181a-5p","VCAN","1462","ENSG00000038427","-1.1686","predicted"
"miranda","MIMAT0000257","hsa-miR-181b-5p","VCAN","1462","ENSG00000038427","-1.1686","predicted"
"miranda","MIMAT0015052","hsa-miR-3175","VCAN","1462","ENSG00000038427","-1.1686","predicted"
"miranda","MIMAT0000736","hsa-miR-381-3p","COL11A1","1301","ENSG00000060718","-1.1693","predicted"
"miranda","MIMAT0004903","hsa-miR-300","COL11A1","1301","ENSG00000060718","-1.1693","predicted"
"miranda","MIMAT0015038","hsa-miR-3164","LOX","4015","ENSG00000113083","-1.1696","predicted"
"miranda","MIMAT0002821","hsa-miR-181d-5p","VCAN","1462","ENSG00000038427","-1.1705","predicted"
"miranda","MIMAT0005893","hsa-miR-1305","COL3A1","1281","ENSG00000168542","-1.1713","predicted"
"miranda","MIMAT0005893","hsa-miR-1305","COL3A1","1281","ENSG00000168542","-1.1713","predicted"
"miranda","MIMAT0000707","hsa-miR-363-3p","COL11A1","1301","ENSG00000060718","-1.172","predicted"
"miranda","MIMAT0000258","hsa-miR-181c-5p","VCAN","1462","ENSG00000038427","-1.1723","predicted"
"miranda","MIMAT0000091","hsa-miR-33a-5p","VCAN","1462","ENSG00000038427","-1.1726","predicted"
"miranda","MIMAT0003301","hsa-miR-33b-5p","VCAN","1462","ENSG00000038427","-1.1726","predicted"
"miranda","MIMAT0005906","hsa-miR-1255a","COL11A1","1301","ENSG00000060718","-1.174","predicted"
"miranda","MIMAT0005945","hsa-miR-1255b-5p","COL11A1","1301","ENSG00000060718","-1.174","predicted"
"miranda","MIMAT0000090","hsa-miR-32-5p","COL11A1","1301","ENSG00000060718","-1.1774","predicted"
"miranda","MIMAT0005910","hsa-miR-1259","VCAN","1462","ENSG00000038427","-1.1782","predicted"
"miranda","MIMAT0015021","hsa-miR-3148","COL11A1","1301","ENSG00000060718","-1.1788","predicted"
"miranda","MIMAT0000081","hsa-miR-25-3p","COL11A1","1301","ENSG00000060718","-1.1792","predicted"
"miranda","MIMAT0000719","hsa-miR-367-3p","COL11A1","1301","ENSG00000060718","-1.1792","predicted"
"miranda","MIMAT0003300","hsa-miR-631","VCAN","1462","ENSG00000038427","-1.1797","predicted"
"miranda","MIMAT0001636","hsa-miR-452-3p","INHBA","3624","ENSG00000122641","-1.1808","predicted"
"miranda","MIMAT0000261","hsa-miR-183-5p","LOX","4015","ENSG00000113083","-1.1808","predicted"
"miranda","MIMAT0000092","hsa-miR-92a-3p","COL11A1","1301","ENSG00000060718","-1.1809","predicted"
"miranda","MIMAT0003218","hsa-miR-92b-3p","COL11A1","1301","ENSG00000060718","-1.1809","predicted"
"miranda","MIMAT0003253","hsa-miR-587","COL11A1","1301","ENSG00000060718","-1.1812","predicted"
"miranda","MIMAT0005904","hsa-miR-1253","COL11A1","1301","ENSG00000060718","-1.1814","predicted"
"miranda","MIMAT0003295","hsa-miR-626","VCAN","1462","ENSG00000038427","-1.1815","predicted"
"miranda","MIMAT0016869","hsa-miR-4318","COL8A1","1295","ENSG00000144810","-1.1816","predicted"
"miranda","MIMAT0003302","hsa-miR-632","VCAN","1462","ENSG00000038427","-1.1821","predicted"
"miranda","MIMAT0016918","hsa-miR-4288","VCAN","1462","ENSG00000038427","-1.1821","predicted"
"miranda","MIMAT0000101","hsa-miR-103a-3p","VCAN","1462","ENSG00000038427","-1.1827","predicted"
"miranda","MIMAT0000104","hsa-miR-107","VCAN","1462","ENSG00000038427","-1.1827","predicted"
"miranda","MIMAT0002804","hsa-miR-488-5p","LOX","4015","ENSG00000113083","-1.1832","predicted"
"miranda","MIMAT0016926","hsa-miR-4328","ISM1","140862","ENSG00000101230","-1.1837","predicted"
"miranda","MIMAT0000682","hsa-miR-200a-3p","VCAN","1462","ENSG00000038427","-1.1844","predicted"
"miranda","MIMAT0000432","hsa-miR-141-3p","VCAN","1462","ENSG00000038427","-1.1861","predicted"
"miranda","MIMAT0002883","hsa-miR-514a-3p","EDIL3","10085","ENSG00000164176","-1.1872","predicted"
"miranda","MIMAT0002171","hsa-miR-410-3p","COL8A1","1295","ENSG00000144810","-1.1872","predicted"
"miranda","MIMAT0000429","hsa-miR-137-3p","EDIL3","10085","ENSG00000164176","-1.1874","predicted"
"miranda","MIMAT0007891","hsa-miR-1915-5p","COL8A1","1295","ENSG00000144810","-1.1914","predicted"
"miranda","MIMAT0005891","hsa-miR-1303","COL8A1","1295","ENSG00000144810","-1.1936","predicted"
"miranda","MIMAT0015051","hsa-miR-3174","FN1","2335","ENSG00000115414","-1.1964","predicted"
"miranda","MIMAT0002171","hsa-miR-410-3p","COL8A1","1295","ENSG00000144810","-1.1964","predicted"
"miranda","MIMAT0004919","hsa-miR-541-5p","COL11A1","1301","ENSG00000060718","-1.1988","predicted"
"miranda","MIMAT0016863","hsa-miR-4311","VCAN","1462","ENSG00000038427","-1.1997","predicted"
"miranda","MIMAT0015021","hsa-miR-3148","FN1","2335","ENSG00000115414","-1.2008","predicted"
"miranda","MIMAT0003882","hsa-miR-767-5p","COL11A1","1301","ENSG00000060718","-1.201","predicted"
"miranda","MIMAT0004924","hsa-miR-876-5p","LOX","4015","ENSG00000113083","-1.2023","predicted"
"miranda","MIMAT0000734","hsa-miR-380-5p","COL3A1","1281","ENSG00000168542","-1.2045","predicted"
"miranda","MIMAT0000734","hsa-miR-380-5p","COL3A1","1281","ENSG00000168542","-1.2045","predicted"
"miranda","MIMAT0003227","hsa-miR-563","COL3A1","1281","ENSG00000168542","-1.2045","predicted"
"miranda","MIMAT0003227","hsa-miR-563","COL3A1","1281","ENSG00000168542","-1.2045","predicted"
"miranda","MIMAT0000063","hsa-let-7b-5p","COL3A1","1281","ENSG00000168542","-1.2048","predicted"
"miranda","MIMAT0000063","hsa-let-7b-5p","COL3A1","1281","ENSG00000168542","-1.2048","predicted"
"miranda","MIMAT0000067","hsa-let-7f-5p","COL3A1","1281","ENSG00000168542","-1.2048","predicted"
"miranda","MIMAT0000067","hsa-let-7f-5p","COL3A1","1281","ENSG00000168542","-1.2048","predicted"
"miranda","MIMAT0000415","hsa-let-7i-5p","COL3A1","1281","ENSG00000168542","-1.2048","predicted"
"miranda","MIMAT0000415","hsa-let-7i-5p","COL3A1","1281","ENSG00000168542","-1.2048","predicted"
"miranda","MIMAT0000086","hsa-miR-29a-3p","COL11A1","1301","ENSG00000060718","-1.205","predicted"
"miranda","MIMAT0000100","hsa-miR-29b-3p","COL11A1","1301","ENSG00000060718","-1.205","predicted"
"miranda","MIMAT0000681","hsa-miR-29c-3p","COL11A1","1301","ENSG00000060718","-1.205","predicted"
"miranda","MIMAT0015042","hsa-miR-3167","LOX","4015","ENSG00000113083","-1.2054","predicted"
"miranda","MIMAT0011162","hsa-miR-2117","LOX","4015","ENSG00000113083","-1.206","predicted"
"miranda","MIMAT0004919","hsa-miR-541-5p","VCAN","1462","ENSG00000038427","-1.2061","predicted"
"miranda","MIMAT0000062","hsa-let-7a-5p","COL3A1","1281","ENSG00000168542","-1.2064","predicted"
"miranda","MIMAT0000062","hsa-let-7a-5p","COL3A1","1281","ENSG00000168542","-1.2064","predicted"
"miranda","MIMAT0000064","hsa-let-7c-5p","COL3A1","1281","ENSG00000168542","-1.2064","predicted"
"miranda","MIMAT0000064","hsa-let-7c-5p","COL3A1","1281","ENSG00000168542","-1.2064","predicted"
"miranda","MIMAT0000065","hsa-let-7d-5p","COL3A1","1281","ENSG00000168542","-1.2064","predicted"
"miranda","MIMAT0000065","hsa-let-7d-5p","COL3A1","1281","ENSG00000168542","-1.2064","predicted"
"miranda","MIMAT0000066","hsa-let-7e-5p","COL3A1","1281","ENSG00000168542","-1.2064","predicted"
"miranda","MIMAT0000066","hsa-let-7e-5p","COL3A1","1281","ENSG00000168542","-1.2064","predicted"
"miranda","MIMAT0000096","hsa-miR-98-5p","COL3A1","1281","ENSG00000168542","-1.2064","predicted"
"miranda","MIMAT0000096","hsa-miR-98-5p","COL3A1","1281","ENSG00000168542","-1.2064","predicted"
"miranda","MIMAT0000414","hsa-let-7g-5p","COL3A1","1281","ENSG00000168542","-1.2064","predicted"
"miranda","MIMAT0000414","hsa-let-7g-5p","COL3A1","1281","ENSG00000168542","-1.2064","predicted"
"miranda","MIMAT0015009","hsa-miR-548t-5p","LOX","4015","ENSG00000113083","-1.2069","predicted"
"miranda","MIMAT0002176","hsa-miR-485-3p","VCAN","1462","ENSG00000038427","-1.2093","predicted"
"miranda","MIMAT0005894","hsa-miR-1243","FN1","2335","ENSG00000115414","-1.21","predicted"
"miranda","MIMAT0004486","hsa-let-7f-1-3p","EDIL3","10085","ENSG00000164176","-1.2109","predicted"
"miranda","MIMAT0000434","hsa-miR-142-3p","COL8A1","1295","ENSG00000144810","-1.2124","predicted"
"miranda","MIMAT0015002","hsa-miR-466","VCAN","1462","ENSG00000038427","-1.2138","predicted"
"miranda","MIMAT0004481","hsa-let-7a-3p","EDIL3","10085","ENSG00000164176","-1.2139","predicted"
"miranda","MIMAT0003284","hsa-miR-616-5p","LOX","4015","ENSG00000113083","-1.2142","predicted"
"miranda","MIMAT0002841","hsa-miR-518f-5p","COL3A1","1281","ENSG00000168542","-1.2159","predicted"
"miranda","MIMAT0002841","hsa-miR-518f-5p","COL3A1","1281","ENSG00000168542","-1.2159","predicted"
"miranda","MIMAT0002845","hsa-miR-526a-5p","COL3A1","1281","ENSG00000168542","-1.2159","predicted"
"miranda","MIMAT0002845","hsa-miR-526a-5p","COL3A1","1281","ENSG00000168542","-1.2159","predicted"
"miranda","MIMAT0005455","hsa-miR-520c-5p","COL3A1","1281","ENSG00000168542","-1.2159","predicted"
"miranda","MIMAT0005455","hsa-miR-520c-5p","COL3A1","1281","ENSG00000168542","-1.2159","predicted"
"miranda","MIMAT0005456","hsa-miR-518d-5p","COL3A1","1281","ENSG00000168542","-1.2159","predicted"
"miranda","MIMAT0005456","hsa-miR-518d-5p","COL3A1","1281","ENSG00000168542","-1.2159","predicted"
"miranda","MIMAT0015021","hsa-miR-3148","COL3A1","1281","ENSG00000168542","-1.2168","predicted"
"miranda","MIMAT0015021","hsa-miR-3148","COL3A1","1281","ENSG00000168542","-1.2168","predicted"
"miranda","MIMAT0002831","hsa-miR-519c-5p","COL3A1","1281","ENSG00000168542","-1.2174","predicted"
"miranda","MIMAT0002831","hsa-miR-519c-5p","COL3A1","1281","ENSG00000168542","-1.2174","predicted"
"miranda","MIMAT0005454","hsa-miR-519b-5p","COL3A1","1281","ENSG00000168542","-1.2174","predicted"
"miranda","MIMAT0005454","hsa-miR-519b-5p","COL3A1","1281","ENSG00000168542","-1.2174","predicted"
"miranda","MIMAT0005449","hsa-miR-523-5p","COL3A1","1281","ENSG00000168542","-1.2174","predicted"
"miranda","MIMAT0005449","hsa-miR-523-5p","COL3A1","1281","ENSG00000168542","-1.2174","predicted"
"miranda","MIMAT0005450","hsa-miR-518e-5p","COL3A1","1281","ENSG00000168542","-1.2174","predicted"
"miranda","MIMAT0005450","hsa-miR-518e-5p","COL3A1","1281","ENSG00000168542","-1.2174","predicted"
"miranda","MIMAT0005451","hsa-miR-522-5p","COL3A1","1281","ENSG00000168542","-1.2174","predicted"
"miranda","MIMAT0005451","hsa-miR-522-5p","COL3A1","1281","ENSG00000168542","-1.2174","predicted"
"miranda","MIMAT0005452","hsa-miR-519a-5p","COL3A1","1281","ENSG00000168542","-1.2174","predicted"
"miranda","MIMAT0005452","hsa-miR-519a-5p","COL3A1","1281","ENSG00000168542","-1.2174","predicted"
"miranda","MIMAT0000725","hsa-miR-373-5p","LOX","4015","ENSG00000113083","-1.2186","predicted"
"miranda","MIMAT0004794","hsa-miR-551b-5p","EDIL3","10085","ENSG00000164176","-1.2192","predicted"
"miranda","MIMAT0005935","hsa-miR-548i","ISM1","140862","ENSG00000101230","-1.22","predicted"
"miranda","MIMAT0004798","hsa-miR-548b-5p","ISM1","140862","ENSG00000101230","-1.2215","predicted"
"miranda","MIMAT0004803","hsa-miR-548a-5p","ISM1","140862","ENSG00000101230","-1.2215","predicted"
"miranda","MIMAT0004806","hsa-miR-548c-5p","ISM1","140862","ENSG00000101230","-1.2215","predicted"
"miranda","MIMAT0004812","hsa-miR-548d-5p","ISM1","140862","ENSG00000101230","-1.2215","predicted"
"miranda","MIMAT0005928","hsa-miR-548h-5p","ISM1","140862","ENSG00000101230","-1.2215","predicted"
"miranda","MIMAT0015060","hsa-miR-548w","ISM1","140862","ENSG00000101230","-1.2215","predicted"
"miranda","MIMAT0009197","hsa-miR-205-3p","COL3A1","1281","ENSG00000168542","-1.2226","predicted"
"miranda","MIMAT0009197","hsa-miR-205-3p","COL3A1","1281","ENSG00000168542","-1.2226","predicted"
"miranda","MIMAT0003223","hsa-miR-559","ISM1","140862","ENSG00000101230","-1.2229","predicted"
"miranda","MIMAT0005875","hsa-miR-548j-5p","ISM1","140862","ENSG00000101230","-1.2229","predicted"
"miranda","MIMAT0005926","hsa-miR-1273a","COL11A1","1301","ENSG00000060718","-1.2245","predicted"
"miranda","MIMAT0000721","hsa-miR-369-3p","COL11A1","1301","ENSG00000060718","-1.225","predicted"
"miranda","MIMAT0004804","hsa-miR-615-5p","FN1","2335","ENSG00000115414","-1.2254","predicted"
"miranda","MIMAT0000434","hsa-miR-142-3p","COL8A1","1295","ENSG00000144810","-1.2256","predicted"
"miranda","MIMAT0000242","hsa-miR-129-5p","VCAN","1462","ENSG00000038427","-1.2263","predicted"
"miranda","MIMAT0000428","hsa-miR-135a-5p","VCAN","1462","ENSG00000038427","-1.2275","predicted"
"miranda","MIMAT0000758","hsa-miR-135b-5p","VCAN","1462","ENSG00000038427","-1.2275","predicted"
"miranda","MIMAT0004481","hsa-let-7a-3p","VCAN","1462","ENSG00000038427","-1.228","predicted"
"miranda","MIMAT0000086","hsa-miR-29a-3p","COL3A1","1281","ENSG00000168542","-1.229","predicted"
"miranda","MIMAT0000086","hsa-miR-29a-3p","COL3A1","1281","ENSG00000168542","-1.229","predicted"
"miranda","MIMAT0000100","hsa-miR-29b-3p","COL3A1","1281","ENSG00000168542","-1.229","predicted"
"miranda","MIMAT0000100","hsa-miR-29b-3p","COL3A1","1281","ENSG00000168542","-1.229","predicted"
"miranda","MIMAT0000681","hsa-miR-29c-3p","COL3A1","1281","ENSG00000168542","-1.229","predicted"
"miranda","MIMAT0000681","hsa-miR-29c-3p","COL3A1","1281","ENSG00000168542","-1.229","predicted"
"miranda","MIMAT0002818","hsa-miR-496","COL8A1","1295","ENSG00000144810","-1.2322","predicted"
"miranda","MIMAT0011159","hsa-miR-2115-3p","EDIL3","10085","ENSG00000164176","-1.234","predicted"
"miranda","MIMAT0015037","hsa-miR-3163","COL3A1","1281","ENSG00000168542","-1.2351","predicted"
"miranda","MIMAT0015037","hsa-miR-3163","COL3A1","1281","ENSG00000168542","-1.2351","predicted"
"miranda","MIMAT0000444","hsa-miR-126-5p","COL11A1","1301","ENSG00000060718","-1.2362","predicted"
"miranda","MIMAT0004487","hsa-let-7f-2-3p","VCAN","1462","ENSG00000038427","-1.2363","predicted"
"miranda","MIMAT0004595","hsa-miR-135a-3p","LOX","4015","ENSG00000113083","-1.2369","predicted"
"miranda","MIMAT0004486","hsa-let-7f-1-3p","VCAN","1462","ENSG00000038427","-1.237","predicted"
"miranda","MIMAT0014977","hsa-miR-3115","COL3A1","1281","ENSG00000168542","-1.238","predicted"
"miranda","MIMAT0014977","hsa-miR-3115","COL3A1","1281","ENSG00000168542","-1.238","predicted"
"miranda","MIMAT0004482","hsa-let-7b-3p","VCAN","1462","ENSG00000038427","-1.2395","predicted"
"miranda","MIMAT0003242","hsa-miR-577","FN1","2335","ENSG00000115414","-1.24","predicted"
"miranda","MIMAT0003879","hsa-miR-758-3p","VCAN","1462","ENSG00000038427","-1.2404","predicted"
"miranda","MIMAT0004955","hsa-miR-374b-5p","ISM1","140862","ENSG00000101230","-1.2406","predicted"
"miranda","MIMAT0000703","hsa-miR-361-5p","EDIL3","10085","ENSG00000164176","-1.2408","predicted"
"miranda","MIMAT0000424","hsa-miR-128-3p","COL3A1","1281","ENSG00000168542","-1.2409","predicted"
"miranda","MIMAT0000424","hsa-miR-128-3p","COL3A1","1281","ENSG00000168542","-1.2409","predicted"
"miranda","MIMAT0003320","hsa-miR-650","VCAN","1462","ENSG00000038427","-1.2414","predicted"
"miranda","MIMAT0002830","hsa-miR-520f-3p","LOX","4015","ENSG00000113083","-1.2423","predicted"
"miranda","MIMAT0000727","hsa-miR-374a-5p","ISM1","140862","ENSG00000101230","-1.2431","predicted"
"miranda","MIMAT0004593","hsa-miR-130a-5p","VCAN","1462","ENSG00000038427","-1.2438","predicted"
"miranda","MIMAT0004688","hsa-miR-374a-3p","EDIL3","10085","ENSG00000164176","-1.2448","predicted"
"miranda","MIMAT0004692","hsa-miR-340-5p","COL11A1","1301","ENSG00000060718","-1.2459","predicted"
"miranda","MIMAT0009206","hsa-miR-2113","COL3A1","1281","ENSG00000168542","-1.2469","predicted"
"miranda","MIMAT0009206","hsa-miR-2113","COL3A1","1281","ENSG00000168542","-1.2469","predicted"
"miranda","MIMAT0000078","hsa-miR-23a-3p","VCAN","1462","ENSG00000038427","-1.2474","predicted"
"miranda","MIMAT0000418","hsa-miR-23b-3p","VCAN","1462","ENSG00000038427","-1.2474","predicted"
"miranda","MIMAT0009977","hsa-miR-2052","ISM1","140862","ENSG00000101230","-1.2475","predicted"
"miranda","MIMAT0004779","hsa-miR-509-5p","EDIL3","10085","ENSG00000164176","-1.2478","predicted"
"miranda","MIMAT0004975","hsa-miR-509-3-5p","EDIL3","10085","ENSG00000164176","-1.2478","predicted"
"miranda","MIMAT0003331","hsa-miR-655-3p","COL11A1","1301","ENSG00000060718","-1.2495","predicted"
"miranda","MIMAT0015033","hsa-miR-3159","VCAN","1462","ENSG00000038427","-1.2522","predicted"
"miranda","MIMAT0002877","hsa-miR-513a-5p","EDIL3","10085","ENSG00000164176","-1.2535","predicted"
"miranda","MIMAT0015006","hsa-miR-3138","COL3A1","1281","ENSG00000168542","-1.2546","predicted"
"miranda","MIMAT0015006","hsa-miR-3138","COL3A1","1281","ENSG00000168542","-1.2546","predicted"
"miranda","MIMAT0015037","hsa-miR-3163","COL11A1","1301","ENSG00000060718","-1.2561","predicted"
"miranda","MIMAT0000721","hsa-miR-369-3p","COL11A1","1301","ENSG00000060718","-1.2566","predicted"
"miranda","MIMAT0003299","hsa-miR-630","COL11A1","1301","ENSG00000060718","-1.2583","predicted"
"miranda","MIMAT0001080","hsa-miR-196b-5p","COL11A1","1301","ENSG00000060718","-1.2594","predicted"
"miranda","MIMAT0000226","hsa-miR-196a-5p","COL11A1","1301","ENSG00000060718","-1.2605","predicted"
"miranda","MIMAT0004615","hsa-miR-195-3p","COL11A1","1301","ENSG00000060718","-1.264","predicted"
"miranda","MIMAT0004518","hsa-miR-16-2-3p","COL11A1","1301","ENSG00000060718","-1.2661","predicted"
"miranda","MIMAT0004777","hsa-miR-513a-3p","COL3A1","1281","ENSG00000168542","-1.2665","predicted"
"miranda","MIMAT0004777","hsa-miR-513a-3p","COL3A1","1281","ENSG00000168542","-1.2665","predicted"
"miranda","MIMAT0016912","hsa-miR-4282","COL3A1","1281","ENSG00000168542","-1.2675","predicted"
"miranda","MIMAT0016912","hsa-miR-4282","COL3A1","1281","ENSG00000168542","-1.2675","predicted"
"miranda","MIMAT0003232","hsa-miR-568","COL11A1","1301","ENSG00000060718","-1.2698","predicted"
"miranda","MIMAT0005791","hsa-miR-1264","COL11A1","1301","ENSG00000060718","-1.271","predicted"
"miranda","MIMAT0000692","hsa-miR-30e-5p","LOX","4015","ENSG00000113083","-1.271","predicted"
"miranda","MIMAT0000087","hsa-miR-30a-5p","LOX","4015","ENSG00000113083","-1.273","predicted"
"miranda","MIMAT0000244","hsa-miR-30c-5p","LOX","4015","ENSG00000113083","-1.273","predicted"
"miranda","MIMAT0000245","hsa-miR-30d-5p","LOX","4015","ENSG00000113083","-1.273","predicted"
"miranda","MIMAT0000420","hsa-miR-30b-5p","LOX","4015","ENSG00000113083","-1.273","predicted"
"miranda","MIMAT0003232","hsa-miR-568","ISM1","140862","ENSG00000101230","-1.2747","predicted"
"miranda","MIMAT0004765","hsa-miR-491-3p","COL11A1","1301","ENSG00000060718","-1.2776","predicted"
"miranda","MIMAT0002868","hsa-miR-522-3p","VCAN","1462","ENSG00000038427","-1.278","predicted"
"miranda","MIMAT0003281","hsa-miR-613","FN1","2335","ENSG00000115414","-1.279","predicted"
"miranda","MIMAT0004801","hsa-miR-590-3p","COL3A1","1281","ENSG00000168542","-1.2793","predicted"
"miranda","MIMAT0004801","hsa-miR-590-3p","COL3A1","1281","ENSG00000168542","-1.2793","predicted"
"miranda","MIMAT0009198","hsa-miR-224-3p","VCAN","1462","ENSG00000038427","-1.2798","predicted"
"miranda","MIMAT0016920","hsa-miR-4289","VCAN","1462","ENSG00000038427","-1.2808","predicted"
"miranda","MIMAT0015009","hsa-miR-548t-5p","COL3A1","1281","ENSG00000168542","-1.283","predicted"
"miranda","MIMAT0015009","hsa-miR-548t-5p","COL3A1","1281","ENSG00000168542","-1.283","predicted"
"miranda","MIMAT0002804","hsa-miR-488-5p","COL11A1","1301","ENSG00000060718","-1.2835","predicted"
"miranda","MIMAT0014983","hsa-miR-3121-3p","COL11A1","1301","ENSG00000060718","-1.2868","predicted"
"miranda","MIMAT0016869","hsa-miR-4318","FN1","2335","ENSG00000115414","-1.289","predicted"
"miranda","MIMAT0004922","hsa-miR-875-5p","ISM1","140862","ENSG00000101230","-1.2908","predicted"
"miranda","MIMAT0004551","hsa-miR-30d-3p","COL11A1","1301","ENSG00000060718","-1.2925","predicted"
"miranda","MIMAT0000693","hsa-miR-30e-3p","COL11A1","1301","ENSG00000060718","-1.2925","predicted"
"miranda","MIMAT0000095","hsa-miR-96-5p","FN1","2335","ENSG00000115414","-1.2937","predicted"
"miranda","MIMAT0003882","hsa-miR-767-5p","COL3A1","1281","ENSG00000168542","-1.2951","predicted"
"miranda","MIMAT0003882","hsa-miR-767-5p","COL3A1","1281","ENSG00000168542","-1.2951","predicted"
"miranda","MIMAT0005932","hsa-miR-302f","COL11A1","1301","ENSG00000060718","-1.2951","predicted"
"miranda","MIMAT0005796","hsa-miR-1271-5p","FN1","2335","ENSG00000115414","-1.2959","predicted"
"miranda","MIMAT0003245","hsa-miR-580-3p","COL3A1","1281","ENSG00000168542","-1.2966","predicted"
"miranda","MIMAT0003245","hsa-miR-580-3p","COL3A1","1281","ENSG00000168542","-1.2966","predicted"
"miranda","MIMAT0000281","hsa-miR-224-5p","ISM1","140862","ENSG00000101230","-1.2967","predicted"
"miranda","MIMAT0004657","hsa-miR-200c-5p","COL11A1","1301","ENSG00000060718","-1.2986","predicted"
"miranda","MIMAT0003257","hsa-miR-550a-3p","COL11A1","1301","ENSG00000060718","-1.2986","predicted"
"miranda","MIMAT0003275","hsa-miR-607","COL11A1","1301","ENSG00000060718","-1.2998","predicted"
"miranda","MIMAT0000750","hsa-miR-340-3p","ISM1","140862","ENSG00000101230","-1.3065","predicted"
"miranda","MIMAT0000436","hsa-miR-144-3p","FN1","2335","ENSG00000115414","-1.3073","predicted"
"miranda","MIMAT0003331","hsa-miR-655-3p","VCAN","1462","ENSG00000038427","-1.3096","predicted"
"miranda","MIMAT0002849","hsa-miR-524-5p","COL3A1","1281","ENSG00000168542","-1.311","predicted"
"miranda","MIMAT0002849","hsa-miR-524-5p","COL3A1","1281","ENSG00000168542","-1.311","predicted"
"miranda","MIMAT0002855","hsa-miR-520d-5p","COL3A1","1281","ENSG00000168542","-1.311","predicted"
"miranda","MIMAT0002855","hsa-miR-520d-5p","COL3A1","1281","ENSG00000168542","-1.311","predicted"
"miranda","MIMAT0000416","hsa-miR-1-3p","FN1","2335","ENSG00000115414","-1.3132","predicted"
"miranda","MIMAT0000462","hsa-miR-206","FN1","2335","ENSG00000115414","-1.3132","predicted"
"miranda","MIMAT0000444","hsa-miR-126-5p","ISM1","140862","ENSG00000101230","-1.3145","predicted"
"miranda","MIMAT0003254","hsa-miR-548b-3p","ISM1","140862","ENSG00000101230","-1.3154","predicted"
"miranda","MIMAT0004703","hsa-miR-335-3p","COL11A1","1301","ENSG00000060718","-1.3166","predicted"
"miranda","MIMAT0002849","hsa-miR-524-5p","VCAN","1462","ENSG00000038427","-1.3185","predicted"
"miranda","MIMAT0002855","hsa-miR-520d-5p","VCAN","1462","ENSG00000038427","-1.3185","predicted"
"miranda","MIMAT0004909","hsa-miR-450b-5p","ISM1","140862","ENSG00000101230","-1.3197","predicted"
"miranda","MIMAT0004675","hsa-miR-219a-2-3p","COL3A1","1281","ENSG00000168542","-1.3231","predicted"
"miranda","MIMAT0004675","hsa-miR-219a-2-3p","COL3A1","1281","ENSG00000168542","-1.3231","predicted"
"miranda","MIMAT0015038","hsa-miR-3164","VCAN","1462","ENSG00000038427","-1.3234","predicted"
"miranda","MIMAT0000416","hsa-miR-1-3p","COL3A1","1281","ENSG00000168542","-1.3296","predicted"
"miranda","MIMAT0000416","hsa-miR-1-3p","COL3A1","1281","ENSG00000168542","-1.3296","predicted"
"miranda","MIMAT0016926","hsa-miR-4328","COL11A1","1301","ENSG00000060718","-1.3312","predicted"
"miranda","MIMAT0005919","hsa-miR-548o-3p","VCAN","1462","ENSG00000038427","-1.3337","predicted"
"miranda","MIMAT0005795","hsa-miR-1323","VCAN","1462","ENSG00000038427","-1.3341","predicted"
"miranda","MIMAT0000086","hsa-miR-29a-3p","COL3A1","1281","ENSG00000168542","-1.3376","predicted"
"miranda","MIMAT0000086","hsa-miR-29a-3p","COL3A1","1281","ENSG00000168542","-1.3376","predicted"
"miranda","MIMAT0000100","hsa-miR-29b-3p","COL3A1","1281","ENSG00000168542","-1.3376","predicted"
"miranda","MIMAT0000100","hsa-miR-29b-3p","COL3A1","1281","ENSG00000168542","-1.3376","predicted"
"miranda","MIMAT0000681","hsa-miR-29c-3p","COL3A1","1281","ENSG00000168542","-1.3376","predicted"
"miranda","MIMAT0000681","hsa-miR-29c-3p","COL3A1","1281","ENSG00000168542","-1.3376","predicted"
"miranda","MIMAT0005457","hsa-miR-518a-5p","ISM1","140862","ENSG00000101230","-1.3417","predicted"
"miranda","MIMAT0002862","hsa-miR-527","ISM1","140862","ENSG00000101230","-1.3417","predicted"
"miranda","MIMAT0015016","hsa-miR-3145-3p","COL3A1","1281","ENSG00000168542","-1.3456","predicted"
"miranda","MIMAT0015016","hsa-miR-3145-3p","COL3A1","1281","ENSG00000168542","-1.3456","predicted"
"mirdb","MIMAT0027634","hsa-miR-6867-5p","INHBA","3624","ENSG00000122641","99.9998936512988","predicted"
"mirdb","MIMAT0022470","hsa-miR-5682","COL3A1","1281","ENSG00000168542","99.814802250874","predicted"
"mirdb","MIMAT0000100","hsa-miR-29b-3p","COL3A1","1281","ENSG00000168542","99.74426279728","predicted"
"mirdb","MIMAT0000086","hsa-miR-29a-3p","COL3A1","1281","ENSG00000168542","99.74426279728","predicted"
"mirdb","MIMAT0000681","hsa-miR-29c-3p","COL3A1","1281","ENSG00000168542","99.74426279728","predicted"
"mirdb","MIMAT0021045","hsa-miR-5011-5p","COL11A1","1301","ENSG00000060718","99.7064273061684","predicted"
"mirdb","MIMAT0019793","hsa-miR-4698","LOX","4015","ENSG00000113083","99.5147153926204","predicted"
"mirdb","MIMAT0015378","hsa-miR-3065-3p","LOX","4015","ENSG00000113083","99.38194276774","predicted"
"mirdb","MIMAT0030990","hsa-miR-8063","LOX","4015","ENSG00000113083","99.3616195745311","predicted"
"mirdb","MIMAT0022489","hsa-miR-5696","VCAN","1462","ENSG00000038427","99.1738421035396","predicted"
"mirdb","MIMAT0000100","hsa-miR-29b-3p","COL11A1","1301","ENSG00000060718","99.169618097","predicted"
"mirdb","MIMAT0000086","hsa-miR-29a-3p","COL11A1","1301","ENSG00000060718","99.169618097","predicted"
"mirdb","MIMAT0000681","hsa-miR-29c-3p","COL11A1","1301","ENSG00000060718","99.169618097","predicted"
"mirdb","MIMAT0015037","hsa-miR-3163","EDIL3","10085","ENSG00000164176","98.9469862245467","predicted"
"mirdb","MIMAT0015021","hsa-miR-3148","COL11A1","1301","ENSG00000060718","98.93224715178","predicted"
"mirdb","MIMAT0016890","hsa-miR-4261","EDIL3","10085","ENSG00000164176","98.75889325012","predicted"
"mirdb","MIMAT0003225","hsa-miR-561-3p","EDIL3","10085","ENSG00000164176","98.6949874184976","predicted"
"mirdb","MIMAT0019200","hsa-miR-3124-3p","FN1","2335","ENSG00000115414","98.6755392424079","predicted"
"mirdb","MIMAT0004553","hsa-miR-7-1-3p","EDIL3","10085","ENSG00000164176","98.6133525168871","predicted"
"mirdb","MIMAT0004554","hsa-miR-7-2-3p","EDIL3","10085","ENSG00000164176","98.6133525168871","predicted"
"mirdb","MIMAT0015037","hsa-miR-3163","EDIL3","10085","ENSG00000164176","98.4714537344208","predicted"
"mirdb","MIMAT0037331","hsa-miR-147b-5p","EDIL3","10085","ENSG00000164176","98.3645856703","predicted"
"mirdb","MIMAT0019981","hsa-miR-4802-5p","EDIL3","10085","ENSG00000164176","98.34887353338","predicted"
"mirdb","MIMAT0039764","hsa-miR-1843","EDIL3","10085","ENSG00000164176","98.34887353338","predicted"
"mirdb","MIMAT0019742","hsa-miR-4666a-3p","EDIL3","10085","ENSG00000164176","98.3185034996472","predicted"
"mirdb","MIMAT0005904","hsa-miR-1253","COL11A1","1301","ENSG00000060718","98.30839498152","predicted"
"mirdb","MIMAT0019746","hsa-miR-4668-3p","LOX","4015","ENSG00000113083","98.2240000090549","predicted"
"mirdb","MIMAT0019931","hsa-miR-4775","COL11A1","1301","ENSG00000060718","98.2082102811596","predicted"
"mirdb","MIMAT0018065","hsa-miR-3646","LOX","4015","ENSG00000113083","98.1176587099793","predicted"
"mirdb","MIMAT0019793","hsa-miR-4698","LOX","4015","ENSG00000113083","97.9816407339642","predicted"
"mirdb","MIMAT0003253","hsa-miR-587","COL11A1","1301","ENSG00000060718","97.8760584639901","predicted"
"mirdb","MIMAT0027358","hsa-miR-6728-3p","LOX","4015","ENSG00000113083","97.85625846456","predicted"
"mirdb","MIMAT0022274","hsa-miR-5580-3p","COL11A1","1301","ENSG00000060718","97.8254109146833","predicted"
"mirdb","MIMAT0022283","hsa-miR-5584-5p","EDIL3","10085","ENSG00000164176","97.8088358020776","predicted"
"mirdb","MIMAT0027643","hsa-miR-6871-3p","COL3A1","1281","ENSG00000168542","97.7093317036","predicted"
"mirdb","MIMAT0015378","hsa-miR-3065-3p","LOX","4015","ENSG00000113083","97.659654272","predicted"
"mirdb","MIMAT0022484","hsa-miR-5692a","COL11A1","1301","ENSG00000060718","97.3631860297685","predicted"
"mirdb","MIMAT0018083","hsa-miR-3662","LOX","4015","ENSG00000113083","97.3631324764397","predicted"
"mirdb","MIMAT0015378","hsa-miR-3065-3p","COL11A1","1301","ENSG00000060718","97.36288","predicted"
"mirdb","MIMAT0000436","hsa-miR-144-3p","FN1","2335","ENSG00000115414","97.32811873392","predicted"
"mirdb","MIMAT0003882","hsa-miR-767-5p","COL3A1","1281","ENSG00000168542","97.32092732","predicted"
"mirdb","MIMAT0016890","hsa-miR-4261","EDIL3","10085","ENSG00000164176","97.12973453896","predicted"
"mirdb","MIMAT0016883","hsa-miR-4251","COL11A1","1301","ENSG00000060718","97.1289571467","predicted"
"mirdb","MIMAT0030990","hsa-miR-8063","LOX","4015","ENSG00000113083","97.0681069626513","predicted"
"mirdb","MIMAT0021045","hsa-miR-5011-5p","EDIL3","10085","ENSG00000164176","96.9913160544316","predicted"
"mirdb","MIMAT0019981","hsa-miR-4802-5p","EDIL3","10085","ENSG00000164176","96.79863853078","predicted"
"mirdb","MIMAT0039764","hsa-miR-1843","EDIL3","10085","ENSG00000164176","96.79863853078","predicted"
"mirdb","MIMAT0016912","hsa-miR-4282","EDIL3","10085","ENSG00000164176","96.7601147269244","predicted"
"mirdb","MIMAT0005904","hsa-miR-1253","COL11A1","1301","ENSG00000060718","96.75751766288","predicted"
"mirdb","MIMAT0019931","hsa-miR-4775","COL11A1","1301","ENSG00000060718","96.7418226655932","predicted"
"mirdb","MIMAT0019832","hsa-miR-4719","EDIL3","10085","ENSG00000164176","96.603621625","predicted"
"mirdb","MIMAT0003882","hsa-miR-767-5p","COL11A1","1301","ENSG00000060718","96.48581","predicted"
"mirdb","MIMAT0019200","hsa-miR-3124-3p","FN1","2335","ENSG00000115414","96.4565402130296","predicted"
"mirdb","MIMAT0005827","hsa-miR-1182","THBS3","7059","ENSG00000169231","96.4146201425012","predicted"
"mirdb","MIMAT0016869","hsa-miR-4318","FN1","2335","ENSG00000115414","96.25819","predicted"
"mirdb","MIMAT0026624","hsa-miR-651-3p","COL11A1","1301","ENSG00000060718","96.20643","predicted"
"mirdb","MIMAT0004482","hsa-let-7b-3p","EDIL3","10085","ENSG00000164176","96.0475292047","predicted"
"mirdb","MIMAT0004481","hsa-let-7a-3p","EDIL3","10085","ENSG00000164176","96.0475292047","predicted"
"mirdb","MIMAT0004486","hsa-let-7f-1-3p","EDIL3","10085","ENSG00000164176","96.0475292047","predicted"
"mirdb","MIMAT0022842","hsa-miR-98-3p","EDIL3","10085","ENSG00000164176","96.0475292047","predicted"
"mirdb","MIMAT0004803","hsa-miR-548a-5p","EDIL3","10085","ENSG00000164176","95.9375675187378","predicted"
"mirdb","MIMAT0018928","hsa-miR-548ab","EDIL3","10085","ENSG00000164176","95.9375675187378","predicted"
"mirdb","MIMAT0019013","hsa-miR-548ak","EDIL3","10085","ENSG00000164176","95.9375675187378","predicted"
"mirdb","MIMAT0022740","hsa-miR-548am-5p","EDIL3","10085","ENSG00000164176","95.9375675187378","predicted"
"mirdb","MIMAT0021037","hsa-miR-548ap-5p","EDIL3","10085","ENSG00000164176","95.9375675187378","predicted"
"mirdb","MIMAT0022265","hsa-miR-548ar-5p","EDIL3","10085","ENSG00000164176","95.9375675187378","predicted"
"mirdb","MIMAT0022267","hsa-miR-548as-5p","EDIL3","10085","ENSG00000164176","95.9375675187378","predicted"
"mirdb","MIMAT0022291","hsa-miR-548au-5p","EDIL3","10085","ENSG00000164176","95.9375675187378","predicted"
"mirdb","MIMAT0004798","hsa-miR-548b-5p","EDIL3","10085","ENSG00000164176","95.9375675187378","predicted"
"mirdb","MIMAT0004806","hsa-miR-548c-5p","EDIL3","10085","ENSG00000164176","95.9375675187378","predicted"
"mirdb","MIMAT0004812","hsa-miR-548d-5p","EDIL3","10085","ENSG00000164176","95.9375675187378","predicted"
"mirdb","MIMAT0005928","hsa-miR-548h-5p","EDIL3","10085","ENSG00000164176","95.9375675187378","predicted"
"mirdb","MIMAT0005935","hsa-miR-548i","EDIL3","10085","ENSG00000164176","95.9375675187378","predicted"
"mirdb","MIMAT0022738","hsa-miR-548o-5p","EDIL3","10085","ENSG00000164176","95.9375675187378","predicted"
"mirdb","MIMAT0015060","hsa-miR-548w","EDIL3","10085","ENSG00000164176","95.9375675187378","predicted"
"mirdb","MIMAT0018354","hsa-miR-548y","EDIL3","10085","ENSG00000164176","95.9375675187378","predicted"
"mirdb","MIMAT0032114","hsa-miR-548ad-5p","EDIL3","10085","ENSG00000164176","95.9375675187378","predicted"
"mirdb","MIMAT0032115","hsa-miR-548ae-5p","EDIL3","10085","ENSG00000164176","95.9375675187378","predicted"
"mirdb","MIMAT0025452","hsa-miR-548ay-5p","EDIL3","10085","ENSG00000164176","95.9375675187378","predicted"
"mirdb","MIMAT0035703","hsa-miR-548bb-5p","EDIL3","10085","ENSG00000164176","95.9375675187378","predicted"
"mirdb","MIMAT0005875","hsa-miR-548j-5p","EDIL3","10085","ENSG00000164176","95.9375675187378","predicted"
"mirdb","MIMAT0018083","hsa-miR-3662","LOX","4015","ENSG00000113083","95.9068686879868","predicted"
"mirdb","MIMAT0003223","hsa-miR-559","EDIL3","10085","ENSG00000164176","95.7706452538748","predicted"
"mirdb","MIMAT0003225","hsa-miR-561-3p","EDIL3","10085","ENSG00000164176","95.7690369100029","predicted"
"mirdb","MIMAT0019036","hsa-miR-4500","COL3A1","1281","ENSG00000168542","95.60743","predicted"
"mirdb","MIMAT0037331","hsa-miR-147b-5p","EDIL3","10085","ENSG00000164176","95.60267111185","predicted"
"mirdb","MIMAT0022263","hsa-miR-548aq-5p","EDIL3","10085","ENSG00000164176","95.5828041187856","predicted"
"mirdb","MIMAT0000063","hsa-let-7b-5p","COL3A1","1281","ENSG00000168542","95.47715","predicted"
"mirdb","MIMAT0000066","hsa-let-7e-5p","COL3A1","1281","ENSG00000168542","95.47715","predicted"
"mirdb","MIMAT0000062","hsa-let-7a-5p","COL3A1","1281","ENSG00000168542","95.47715","predicted"
"mirdb","MIMAT0000414","hsa-let-7g-5p","COL3A1","1281","ENSG00000168542","95.47715","predicted"
"mirdb","MIMAT0000415","hsa-let-7i-5p","COL3A1","1281","ENSG00000168542","95.47715","predicted"
"mirdb","MIMAT0000096","hsa-miR-98-5p","COL3A1","1281","ENSG00000168542","95.47715","predicted"
"mirdb","MIMAT0000067","hsa-let-7f-5p","COL3A1","1281","ENSG00000168542","95.47715","predicted"
"mirdb","MIMAT0000064","hsa-let-7c-5p","COL3A1","1281","ENSG00000168542","95.47715","predicted"
"mirdb","MIMAT0027358","hsa-miR-6728-3p","LOX","4015","ENSG00000113083","95.4374848883","predicted"
"mirdb","MIMAT0018085","hsa-miR-3663-3p","COL11A1","1301","ENSG00000060718","95.35721","predicted"
"mirdb","MIMAT0022724","hsa-miR-1277-5p","COL11A1","1301","ENSG00000060718","95.3474838242028","predicted"
"mirdb","MIMAT0003150","hsa-miR-455-5p","VCAN","1462","ENSG00000038427","95.22862436559","predicted"
"mirdb","MIMAT0019889","hsa-miR-4752","FN1","2335","ENSG00000115414","95.19381523545","predicted"
"mirdb","MIMAT0019745","hsa-miR-4668-5p","FN1","2335","ENSG00000115414","95.12414","predicted"
"mirdb","MIMAT0019727","hsa-miR-4659a-3p","COL8A1","1295","ENSG00000144810","95.12269","predicted"
"mirdb","MIMAT0019734","hsa-miR-4659b-3p","COL8A1","1295","ENSG00000144810","95.12269","predicted"
"mirdb","MIMAT0019727","hsa-miR-4659a-3p","COL8A1","1295","ENSG00000144810","95.08826","predicted"
"mirdb","MIMAT0019734","hsa-miR-4659b-3p","COL8A1","1295","ENSG00000144810","95.08826","predicted"
"mirdb","MIMAT0022274","hsa-miR-5580-3p","COL11A1","1301","ENSG00000060718","95.0030368022147","predicted"
"mirdb","MIMAT0000065","hsa-let-7d-5p","COL3A1","1281","ENSG00000168542","94.97044","predicted"
"mirdb","MIMAT0018980","hsa-miR-4458","COL3A1","1281","ENSG00000168542","94.97044","predicted"
"mirdb","MIMAT0018094","hsa-miR-3671","COL11A1","1301","ENSG00000060718","94.81719823432","predicted"
"mirdb","MIMAT0027593","hsa-miR-6846-3p","VCAN","1462","ENSG00000038427","94.80266","predicted"
"mirdb","MIMAT0000736","hsa-miR-381-3p","COL11A1","1301","ENSG00000060718","94.778578352","predicted"
"mirdb","MIMAT0004903","hsa-miR-300","COL11A1","1301","ENSG00000060718","94.778578352","predicted"
"mirdb","MIMAT0000078","hsa-miR-23a-3p","VCAN","1462","ENSG00000038427","94.7515982887","predicted"
"mirdb","MIMAT0000418","hsa-miR-23b-3p","VCAN","1462","ENSG00000038427","94.7515982887","predicted"
"mirdb","MIMAT0018000","hsa-miR-23c","VCAN","1462","ENSG00000038427","94.7515982887","predicted"
"mirdb","MIMAT0027419","hsa-miR-6759-3p","COL3A1","1281","ENSG00000168542","94.75099","predicted"
"mirdb","MIMAT0004987","hsa-miR-944","LOX","4015","ENSG00000113083","94.734336625","predicted"
"mirdb","MIMAT0004794","hsa-miR-551b-5p","EDIL3","10085","ENSG00000164176","94.6755026682","predicted"
"mirdb","MIMAT0018184","hsa-miR-3910","COL8A1","1295","ENSG00000144810","94.57796","predicted"
"mirdb","MIMAT0005457","hsa-miR-518a-5p","EDIL3","10085","ENSG00000164176","94.5668898835","predicted"
"mirdb","MIMAT0002862","hsa-miR-527","EDIL3","10085","ENSG00000164176","94.5668898835","predicted"
"mirdb","MIMAT0004909","hsa-miR-450b-5p","ISM1","140862","ENSG00000101230","94.48652","predicted"
"mirdb","MIMAT0005921","hsa-miR-1267","COL11A1","1301","ENSG00000060718","94.34048","predicted"
"mirdb","MIMAT0004803","hsa-miR-548a-5p","EDIL3","10085","ENSG00000164176","94.2834189601986","predicted"
"mirdb","MIMAT0018928","hsa-miR-548ab","EDIL3","10085","ENSG00000164176","94.2834189601986","predicted"
"mirdb","MIMAT0019013","hsa-miR-548ak","EDIL3","10085","ENSG00000164176","94.2834189601986","predicted"
"mirdb","MIMAT0022740","hsa-miR-548am-5p","EDIL3","10085","ENSG00000164176","94.2834189601986","predicted"
"mirdb","MIMAT0021037","hsa-miR-548ap-5p","EDIL3","10085","ENSG00000164176","94.2834189601986","predicted"
"mirdb","MIMAT0022265","hsa-miR-548ar-5p","EDIL3","10085","ENSG00000164176","94.2834189601986","predicted"
"mirdb","MIMAT0022267","hsa-miR-548as-5p","EDIL3","10085","ENSG00000164176","94.2834189601986","predicted"
"mirdb","MIMAT0022291","hsa-miR-548au-5p","EDIL3","10085","ENSG00000164176","94.2834189601986","predicted"
"mirdb","MIMAT0004798","hsa-miR-548b-5p","EDIL3","10085","ENSG00000164176","94.2834189601986","predicted"
"mirdb","MIMAT0004806","hsa-miR-548c-5p","EDIL3","10085","ENSG00000164176","94.2834189601986","predicted"
"mirdb","MIMAT0004812","hsa-miR-548d-5p","EDIL3","10085","ENSG00000164176","94.2834189601986","predicted"
"mirdb","MIMAT0005928","hsa-miR-548h-5p","EDIL3","10085","ENSG00000164176","94.2834189601986","predicted"
"mirdb","MIMAT0005935","hsa-miR-548i","EDIL3","10085","ENSG00000164176","94.2834189601986","predicted"
"mirdb","MIMAT0022738","hsa-miR-548o-5p","EDIL3","10085","ENSG00000164176","94.2834189601986","predicted"
"mirdb","MIMAT0015060","hsa-miR-548w","EDIL3","10085","ENSG00000164176","94.2834189601986","predicted"
"mirdb","MIMAT0018354","hsa-miR-548y","EDIL3","10085","ENSG00000164176","94.2834189601986","predicted"
"mirdb","MIMAT0032114","hsa-miR-548ad-5p","EDIL3","10085","ENSG00000164176","94.2834189601986","predicted"
"mirdb","MIMAT0032115","hsa-miR-548ae-5p","EDIL3","10085","ENSG00000164176","94.2834189601986","predicted"
"mirdb","MIMAT0025452","hsa-miR-548ay-5p","EDIL3","10085","ENSG00000164176","94.2834189601986","predicted"
"mirdb","MIMAT0035703","hsa-miR-548bb-5p","EDIL3","10085","ENSG00000164176","94.2834189601986","predicted"
"mirdb","MIMAT0005875","hsa-miR-548j-5p","EDIL3","10085","ENSG00000164176","94.2834189601986","predicted"
"mirdb","MIMAT0021045","hsa-miR-5011-5p","EDIL3","10085","ENSG00000164176","94.1491407117603","predicted"
"mirdb","MIMAT0004763","hsa-miR-488-3p","COL11A1","1301","ENSG00000060718","94.07309","predicted"
"mirdb","MIMAT0003223","hsa-miR-559","EDIL3","10085","ENSG00000164176","94.0485289875437","predicted"
"mirdb","MIMAT0019754","hsa-miR-4672","EDIL3","10085","ENSG00000164176","94.02857","predicted"
"mirdb","MIMAT0019745","hsa-miR-4668-5p","FN1","2335","ENSG00000115414","94.0065","predicted"
"mirdb","MIMAT0027554","hsa-miR-6827-5p","THBS3","7059","ENSG00000169231","93.98063","predicted"
"mirdb","MIMAT0027435","hsa-miR-6767-3p","COL11A1","1301","ENSG00000060718","93.86844","predicted"
"mirdb","MIMAT0000318","hsa-miR-200b-3p","FN1","2335","ENSG00000115414","93.8380277374","predicted"
"mirdb","MIMAT0001536","hsa-miR-429","FN1","2335","ENSG00000115414","93.8380277374","predicted"
"mirdb","MIMAT0000617","hsa-miR-200c-3p","FN1","2335","ENSG00000115414","93.8380277374","predicted"
"mirdb","MIMAT0000100","hsa-miR-29b-3p","LOX","4015","ENSG00000113083","93.8198215367632","predicted"
"mirdb","MIMAT0000086","hsa-miR-29a-3p","LOX","4015","ENSG00000113083","93.8198215367632","predicted"
"mirdb","MIMAT0000681","hsa-miR-29c-3p","LOX","4015","ENSG00000113083","93.8198215367632","predicted"
"mirdb","MIMAT0022263","hsa-miR-548aq-5p","EDIL3","10085","ENSG00000164176","93.7842023614893","predicted"
"mirdb","MIMAT0019933","hsa-miR-4776-3p","COL11A1","1301","ENSG00000060718","93.7572893437","predicted"
"mirdb","MIMAT0005880","hsa-miR-1290","COL8A1","1295","ENSG00000144810","93.72608","predicted"
"mirdb","MIMAT0000437","hsa-miR-145-5p","LOX","4015","ENSG00000113083","93.61418319064","predicted"
"mirdb","MIMAT0021127","hsa-miR-5195-3p","LOX","4015","ENSG00000113083","93.61418319064","predicted"
"mirdb","MIMAT0016869","hsa-miR-4318","FN1","2335","ENSG00000115414","93.60959","predicted"
"mirdb","MIMAT0027367","hsa-miR-6733-5p","LOX","4015","ENSG00000113083","93.57452","predicted"
"mirdb","MIMAT0027379","hsa-miR-6739-5p","LOX","4015","ENSG00000113083","93.57452","predicted"
"mirdb","MIMAT0017989","hsa-miR-3612","VCAN","1462","ENSG00000038427","93.54562","predicted"
"mirdb","MIMAT0026717","hsa-miR-891a-3p","COL11A1","1301","ENSG00000060718","93.49676674531","predicted"
"mirdb","MIMAT0004703","hsa-miR-335-3p","COL8A1","1295","ENSG00000144810","93.46517","predicted"
"mirdb","MIMAT0018085","hsa-miR-3663-3p","COL11A1","1301","ENSG00000060718","93.40867","predicted"
"mirdb","MIMAT0000318","hsa-miR-200b-3p","LOX","4015","ENSG00000113083","93.4050582689593","predicted"
"mirdb","MIMAT0001536","hsa-miR-429","LOX","4015","ENSG00000113083","93.4050582689593","predicted"
"mirdb","MIMAT0000617","hsa-miR-200c-3p","LOX","4015","ENSG00000113083","93.4050582689593","predicted"
"mirdb","MIMAT0015026","hsa-miR-3153","LOX","4015","ENSG00000113083","93.24507","predicted"
"mirdb","MIMAT0004703","hsa-miR-335-3p","COL8A1","1295","ENSG00000144810","93.20469","predicted"
"mirdb","MIMAT0015052","hsa-miR-3175","VCAN","1462","ENSG00000038427","93.0150926032","predicted"
"mirdb","MIMAT0027467","hsa-miR-6783-3p","THBS3","7059","ENSG00000169231","92.85912","predicted"
"mirdb","MIMAT0003267","hsa-miR-599","EDIL3","10085","ENSG00000164176","92.79592","predicted"
"mirdb","MIMAT0049032","hsa-miR-12136","VCAN","1462","ENSG00000038427","92.7805266970281","predicted"
"mirdb","MIMAT0003320","hsa-miR-650","VCAN","1462","ENSG00000038427","92.75507","predicted"
"mirdb","MIMAT0015035","hsa-miR-3161","FN1","2335","ENSG00000115414","92.75172","predicted"
"mirdb","MIMAT0027604","hsa-miR-6852-5p","THBS3","7059","ENSG00000169231","92.70634","predicted"
"mirdb","MIMAT0019079","hsa-miR-548an","COL11A1","1301","ENSG00000060718","92.6120313336","predicted"
"mirdb","MIMAT0003245","hsa-miR-580-3p","COL11A1","1301","ENSG00000060718","92.586332454517","predicted"
"mirdb","MIMAT0019931","hsa-miR-4775","EDIL3","10085","ENSG00000164176","92.530657785326","predicted"
"mirdb","MIMAT0000432","hsa-miR-141-3p","VCAN","1462","ENSG00000038427","92.5078","predicted"
"mirdb","MIMAT0000682","hsa-miR-200a-3p","VCAN","1462","ENSG00000038427","92.5078","predicted"
"mirdb","MIMAT0015009","hsa-miR-548t-5p","COL3A1","1281","ENSG00000168542","92.49861","predicted"
"mirdb","MIMAT0025456","hsa-miR-548az-5p","COL3A1","1281","ENSG00000168542","92.49861","predicted"
"mirdb","MIMAT0002849","hsa-miR-524-5p","VCAN","1462","ENSG00000038427","92.42903","predicted"
"mirdb","MIMAT0002855","hsa-miR-520d-5p","VCAN","1462","ENSG00000038427","92.42903","predicted"
"mirdb","MIMAT0018113","hsa-miR-3685","FN1","2335","ENSG00000115414","92.4152565472264","predicted"
"mirdb","MIMAT0019230","hsa-miR-3942-3p","COL3A1","1281","ENSG00000168542","92.358026227","predicted"
"mirdb","MIMAT0019053","hsa-miR-4516","FN1","2335","ENSG00000115414","92.320364575","predicted"
"mirdb","MIMAT0019959","hsa-miR-4789-5p","INHBA","3624","ENSG00000122641","92.19922","predicted"
"mirdb","MIMAT0028218","hsa-miR-7154-5p","EDIL3","10085","ENSG00000164176","92.17701","predicted"
"mirdb","MIMAT0027599","hsa-miR-6849-3p","VCAN","1462","ENSG00000038427","92.11202","predicted"
"mirdb","MIMAT0019697","hsa-miR-4639-5p","EDIL3","10085","ENSG00000164176","92.1113243254","predicted"
"mirdb","MIMAT0004553","hsa-miR-7-1-3p","FN1","2335","ENSG00000115414","92.02513","predicted"
"mirdb","MIMAT0004554","hsa-miR-7-2-3p","FN1","2335","ENSG00000115414","92.02513","predicted"
"mirdb","MIMAT0019760","hsa-miR-4677-5p","EDIL3","10085","ENSG00000164176","91.9760367181","predicted"
"mirdb","MIMAT0000078","hsa-miR-23a-3p","VCAN","1462","ENSG00000038427","91.91568352","predicted"
"mirdb","MIMAT0000418","hsa-miR-23b-3p","VCAN","1462","ENSG00000038427","91.91568352","predicted"
"mirdb","MIMAT0018000","hsa-miR-23c","VCAN","1462","ENSG00000038427","91.91568352","predicted"
"mirdb","MIMAT0019754","hsa-miR-4672","INHBA","3624","ENSG00000122641","91.90414","predicted"
"mirdb","MIMAT0015378","hsa-miR-3065-3p","COL11A1","1301","ENSG00000060718","91.81481","predicted"
"mirdb","MIMAT0004909","hsa-miR-450b-5p","EDIL3","10085","ENSG00000164176","91.74716194105","predicted"
"mirdb","MIMAT0005827","hsa-miR-1182","THBS3","7059","ENSG00000169231","91.7104416527613","predicted"
"mirdb","MIMAT0019031","hsa-miR-4496","EDIL3","10085","ENSG00000164176","91.6652092784","predicted"
"mirdb","MIMAT0019733","hsa-miR-4659b-5p","COL11A1","1301","ENSG00000060718","91.651379008","predicted"
"mirdb","MIMAT0019070","hsa-miR-4531","FN1","2335","ENSG00000115414","91.6101430245","predicted"
"mirdb","MIMAT0018184","hsa-miR-3910","COL11A1","1301","ENSG00000060718","91.5292165542","predicted"
"mirdb","MIMAT0005879","hsa-miR-1289","VCAN","1462","ENSG00000038427","91.46707","predicted"
"mirdb","MIMAT0000101","hsa-miR-103a-3p","EDIL3","10085","ENSG00000164176","91.454224186","predicted"
"mirdb","MIMAT0000104","hsa-miR-107","EDIL3","10085","ENSG00000164176","91.454224186","predicted"
"mirdb","MIMAT0000703","hsa-miR-361-5p","EDIL3","10085","ENSG00000164176","91.40472","predicted"
"mirdb","MIMAT0049032","hsa-miR-12136","COL11A1","1301","ENSG00000060718","91.3367146793225","predicted"
"mirdb","MIMAT0019876","hsa-miR-122b-5p","LOX","4015","ENSG00000113083","91.302990922","predicted"
"mirdb","MIMAT0018083","hsa-miR-3662","EDIL3","10085","ENSG00000164176","91.276622596","predicted"
"mirdb","MIMAT0022701","hsa-miR-506-5p","EDIL3","10085","ENSG00000164176","91.2291134838","predicted"
"mirdb","MIMAT0026482","hsa-miR-190a-3p","EDIL3","10085","ENSG00000164176","91.1412169186","predicted"
"mirdb","MIMAT0015019","hsa-miR-3147","COL11A1","1301","ENSG00000060718","91.13366","predicted"
"mirdb","MIMAT0026736","hsa-miR-548e-5p","LOX","4015","ENSG00000113083","91.114270307071","predicted"
"mirdb","MIMAT0027414","hsa-miR-6757-5p","LOX","4015","ENSG00000113083","91.02372","predicted"
"mirdb","MIMAT0000441","hsa-miR-9-5p","VCAN","1462","ENSG00000038427","91.00381","predicted"
"mirdb","MIMAT0004482","hsa-let-7b-3p","COL11A1","1301","ENSG00000060718","90.9600749134","predicted"
"mirdb","MIMAT0004481","hsa-let-7a-3p","COL11A1","1301","ENSG00000060718","90.9600749134","predicted"
"mirdb","MIMAT0004486","hsa-let-7f-1-3p","COL11A1","1301","ENSG00000060718","90.9600749134","predicted"
"mirdb","MIMAT0022842","hsa-miR-98-3p","COL11A1","1301","ENSG00000060718","90.9600749134","predicted"
"mirdb","MIMAT0025481","hsa-miR-6512-3p","VCAN","1462","ENSG00000038427","90.93439","predicted"
"mirdb","MIMAT0027345","hsa-miR-6720-5p","VCAN","1462","ENSG00000038427","90.93439","predicted"
"mirdb","MIMAT0017991","hsa-miR-3613-3p","LOX","4015","ENSG00000113083","90.8847639955","predicted"
"mirdb","MIMAT0000429","hsa-miR-137-3p","EDIL3","10085","ENSG00000164176","90.87647","predicted"
"mirdb","MIMAT0026623","hsa-miR-627-3p","COL8A1","1295","ENSG00000144810","90.84665","predicted"
"mirdb","MIMAT0000091","hsa-miR-33a-5p","VCAN","1462","ENSG00000038427","90.791668063","predicted"
"mirdb","MIMAT0003301","hsa-miR-33b-5p","VCAN","1462","ENSG00000038427","90.791668063","predicted"
"mirdb","MIMAT0005457","hsa-miR-518a-5p","EDIL3","10085","ENSG00000164176","90.7871173354","predicted"
"mirdb","MIMAT0002862","hsa-miR-527","EDIL3","10085","ENSG00000164176","90.7871173354","predicted"
"mirdb","MIMAT0000087","hsa-miR-30a-5p","LOX","4015","ENSG00000113083","90.7553259827","predicted"
"mirdb","MIMAT0000692","hsa-miR-30e-5p","LOX","4015","ENSG00000113083","90.7553259827","predicted"
"mirdb","MIMAT0000244","hsa-miR-30c-5p","LOX","4015","ENSG00000113083","90.7553259827","predicted"
"mirdb","MIMAT0000245","hsa-miR-30d-5p","LOX","4015","ENSG00000113083","90.7553259827","predicted"
"mirdb","MIMAT0000420","hsa-miR-30b-5p","LOX","4015","ENSG00000113083","90.7553259827","predicted"
"mirdb","MIMAT0022299","hsa-miR-5590-5p","COL11A1","1301","ENSG00000060718","90.742033624","predicted"
"mirdb","MIMAT0009197","hsa-miR-205-3p","COL3A1","1281","ENSG00000168542","90.6700117681","predicted"
"mirdb","MIMAT0018939","hsa-miR-4424","VCAN","1462","ENSG00000038427","90.493327405","predicted"
"mirdb","MIMAT0019851","hsa-miR-4729","VCAN","1462","ENSG00000038427","90.46295105","predicted"
"mirdb","MIMAT0004518","hsa-miR-16-2-3p","COL11A1","1301","ENSG00000060718","90.4462005","predicted"
"mirdb","MIMAT0004615","hsa-miR-195-3p","COL11A1","1301","ENSG00000060718","90.4462005","predicted"
"mirdb","MIMAT0021045","hsa-miR-5011-5p","COL11A1","1301","ENSG00000060718","90.3261672018555","predicted"
"mirdb","MIMAT0017991","hsa-miR-3613-3p","COL3A1","1281","ENSG00000168542","90.29372","predicted"
"mirdb","MIMAT0048640","hsa-miR-9851-3p","COL11A1","1301","ENSG00000060718","90.28471","predicted"
"mirdb","MIMAT0019776","hsa-miR-1343-3p","THBS3","7059","ENSG00000169231","90.24169","predicted"
"mirdb","MIMAT0019754","hsa-miR-4672","EDIL3","10085","ENSG00000164176","90.18271","predicted"
"mirdb","MIMAT0004801","hsa-miR-590-3p","EDIL3","10085","ENSG00000164176","90.0833876402031","predicted"
"mirdb","MIMAT0025465","hsa-miR-6504-3p","COL11A1","1301","ENSG00000060718","90.08216","predicted"
"mirdb","MIMAT0041629","hsa-miR-10399-5p","COL11A1","1301","ENSG00000060718","90.08216","predicted"
"mirdb","MIMAT0022484","hsa-miR-5692a","EDIL3","10085","ENSG00000164176","89.9590897216","predicted"
"mirdb","MIMAT0002818","hsa-miR-496","EDIL3","10085","ENSG00000164176","89.8051615468884","predicted"
"mirdb","MIMAT0000432","hsa-miR-141-3p","VCAN","1462","ENSG00000038427","89.8051","predicted"
"mirdb","MIMAT0000682","hsa-miR-200a-3p","VCAN","1462","ENSG00000038427","89.8051","predicted"
"mirdb","MIMAT0004921","hsa-miR-889-3p","FN1","2335","ENSG00000115414","89.7762","predicted"
"mirdb","MIMAT0027663","hsa-miR-6881-3p","FN1","2335","ENSG00000115414","89.7466780367","predicted"
"mirdb","MIMAT0003393","hsa-miR-425-5p","EDIL3","10085","ENSG00000164176","89.7135541021795","predicted"
"mirdb","MIMAT0003223","hsa-miR-559","COL11A1","1301","ENSG00000060718","89.681260509","predicted"
"mirdb","MIMAT0027604","hsa-miR-6852-5p","THBS3","7059","ENSG00000169231","89.6216","predicted"
"mirdb","MIMAT0005934","hsa-miR-548p","EDIL3","10085","ENSG00000164176","89.575165392","predicted"
"mirdb","MIMAT0000079","hsa-miR-24-1-5p","EDIL3","10085","ENSG00000164176","89.5645","predicted"
"mirdb","MIMAT0004497","hsa-miR-24-2-5p","EDIL3","10085","ENSG00000164176","89.5645","predicted"
"mirdb","MIMAT0004952","hsa-miR-665","COL3A1","1281","ENSG00000168542","89.5586","predicted"
"mirdb","MIMAT0002849","hsa-miR-524-5p","EDIL3","10085","ENSG00000164176","89.5375530643325","predicted"
"mirdb","MIMAT0002855","hsa-miR-520d-5p","EDIL3","10085","ENSG00000164176","89.5375530643325","predicted"
"mirdb","MIMAT0026485","hsa-miR-383-3p","LOX","4015","ENSG00000113083","89.468399595","predicted"
"mirdb","MIMAT0026473","hsa-miR-95-5p","ISM1","140862","ENSG00000101230","89.4346","predicted"
"mirdb","MIMAT0005796","hsa-miR-1271-5p","FN1","2335","ENSG00000115414","89.4202","predicted"
"mirdb","MIMAT0049027","hsa-miR-12133","FN1","2335","ENSG00000115414","89.4202","predicted"
"mirdb","MIMAT0015021","hsa-miR-3148","FN1","2335","ENSG00000115414","89.41065886","predicted"
"mirdb","MIMAT0026624","hsa-miR-651-3p","EDIL3","10085","ENSG00000164176","89.4090721112","predicted"
"mirdb","MIMAT0019746","hsa-miR-4668-3p","LOX","4015","ENSG00000113083","89.3770794633002","predicted"
"mirdb","MIMAT0004913","hsa-miR-891b","COL11A1","1301","ENSG00000060718","89.265","predicted"
"mirdb","MIMAT0019929","hsa-miR-4774-5p","COL11A1","1301","ENSG00000060718","89.2413","predicted"
"mirdb","MIMAT0028125","hsa-miR-7114-5p","FN1","2335","ENSG00000115414","89.2257","predicted"
"mirdb","MIMAT0005921","hsa-miR-1267","COL11A1","1301","ENSG00000060718","89.1681","predicted"
"mirdb","MIMAT0004489","hsa-miR-16-1-3p","LOX","4015","ENSG00000113083","89.1543255018","predicted"
"mirdb","MIMAT0000736","hsa-miR-381-3p","EDIL3","10085","ENSG00000164176","89.0498378368","predicted"
"mirdb","MIMAT0004903","hsa-miR-300","EDIL3","10085","ENSG00000164176","89.0498378368","predicted"
"mirdb","MIMAT0027467","hsa-miR-6783-3p","THBS3","7059","ENSG00000169231","88.9929","predicted"
"mirdb","MIMAT0024597","hsa-miR-6124","COL11A1","1301","ENSG00000060718","88.9759149189","predicted"
"mirdb","MIMAT0004657","hsa-miR-200c-5p","COL11A1","1301","ENSG00000060718","88.969","predicted"
"mirdb","MIMAT0003257","hsa-miR-550a-3p","COL11A1","1301","ENSG00000060718","88.969","predicted"
"mirdb","MIMAT0022496","hsa-miR-5703","FN1","2335","ENSG00000115414","88.9627993284","predicted"
"mirdb","MIMAT0018950","hsa-miR-4434","FN1","2335","ENSG00000115414","88.9627993284","predicted"
"mirdb","MIMAT0019053","hsa-miR-4516","FN1","2335","ENSG00000115414","88.8354487846","predicted"
"mirdb","MIMAT0000429","hsa-miR-137-3p","COL11A1","1301","ENSG00000060718","88.811947104","predicted"
"mirdb","MIMAT0026740","hsa-miR-1250-3p","VCAN","1462","ENSG00000038427","88.7806714671964","predicted"
"mirdb","MIMAT0005887","hsa-miR-1299","LOX","4015","ENSG00000113083","88.7625","predicted"
"mirdb","MIMAT0018939","hsa-miR-4424","VCAN","1462","ENSG00000038427","88.7412350836","predicted"
"mirdb","MIMAT0004513","hsa-miR-101-5p","LOX","4015","ENSG00000113083","88.5600961617","predicted"
"mirdb","MIMAT0027556","hsa-miR-6828-5p","COL8A1","1295","ENSG00000144810","88.5201","predicted"
"mirdb","MIMAT0000419","hsa-miR-27b-3p","LOX","4015","ENSG00000113083","88.4062","predicted"
"mirdb","MIMAT0000084","hsa-miR-27a-3p","LOX","4015","ENSG00000113083","88.4062","predicted"
"mirdb","MIMAT0039763","hsa-miR-9985","LOX","4015","ENSG00000113083","88.4062","predicted"
"mirdb","MIMAT0027664","hsa-miR-6882-5p","FN1","2335","ENSG00000115414","88.3626","predicted"
"mirdb","MIMAT0000269","hsa-miR-212-3p","COL11A1","1301","ENSG00000060718","88.3168334868","predicted"
"mirdb","MIMAT0000426","hsa-miR-132-3p","COL11A1","1301","ENSG00000060718","88.3168334868","predicted"
"mirdb","MIMAT0019751","hsa-miR-4670-3p","COL3A1","1281","ENSG00000168542","88.272","predicted"
"mirdb","MIMAT0000095","hsa-miR-96-5p","FN1","2335","ENSG00000115414","88.2643","predicted"
"mirdb","MIMAT0000720","hsa-miR-376c-3p","EDIL3","10085","ENSG00000164176","88.1858","predicted"
"mirdb","MIMAT0004675","hsa-miR-219a-2-3p","COL3A1","1281","ENSG00000168542","88.1597","predicted"
"mirdb","MIMAT0017991","hsa-miR-3613-3p","COL11A1","1301","ENSG00000060718","88.139","predicted"
"mirdb","MIMAT0019876","hsa-miR-122b-5p","VCAN","1462","ENSG00000038427","88.0289","predicted"
"mirdb","MIMAT0019726","hsa-miR-4659a-5p","COL11A1","1301","ENSG00000060718","87.9852683584","predicted"
"mirdb","MIMAT0019707","hsa-miR-4646-5p","FN1","2335","ENSG00000115414","87.9377","predicted"
"mirdb","MIMAT0027623","hsa-miR-6861-5p","INHBA","3624","ENSG00000122641","87.8229","predicted"
"mirdb","MIMAT0027455","hsa-miR-6777-3p","VCAN","1462","ENSG00000038427","87.8092","predicted"
"mirdb","MIMAT0015002","hsa-miR-466","EDIL3","10085","ENSG00000164176","87.7975255249","predicted"
"mirdb","MIMAT0004917","hsa-miR-888-3p","LOX","4015","ENSG00000113083","87.7453919308","predicted"
"mirdb","MIMAT0031001","hsa-miR-8074","THBS3","7059","ENSG00000169231","87.7033","predicted"
"mirdb","MIMAT0019931","hsa-miR-4775","EDIL3","10085","ENSG00000164176","87.6608594341588","predicted"
"mirdb","MIMAT0028220","hsa-miR-7155-5p","THBS3","7059","ENSG00000169231","87.4144","predicted"
"mirdb","MIMAT0016855","hsa-miR-4302","INHBA","3624","ENSG00000122641","87.4107","predicted"
"mirdb","MIMAT0000734","hsa-miR-380-5p","COL3A1","1281","ENSG00000168542","87.4095","predicted"
"mirdb","MIMAT0000716","hsa-miR-302c-5p","COL11A1","1301","ENSG00000060718","87.3917","predicted"
"mirdb","MIMAT0000257","hsa-miR-181b-5p","LOX","4015","ENSG00000113083","87.3892","predicted"
"mirdb","MIMAT0000256","hsa-miR-181a-5p","LOX","4015","ENSG00000113083","87.3892","predicted"
"mirdb","MIMAT0000258","hsa-miR-181c-5p","LOX","4015","ENSG00000113083","87.3892","predicted"
"mirdb","MIMAT0016894","hsa-miR-4262","LOX","4015","ENSG00000113083","87.3892","predicted"
"mirdb","MIMAT0002821","hsa-miR-181d-5p","LOX","4015","ENSG00000113083","87.3892","predicted"
"mirdb","MIMAT0003882","hsa-miR-767-5p","COL11A1","1301","ENSG00000060718","87.3266","predicted"
"mirdb","MIMAT0004506","hsa-miR-33a-3p","LOX","4015","ENSG00000113083","87.2913564035805","predicted"
"mirdb","MIMAT0004901","hsa-miR-298","FN1","2335","ENSG00000115414","87.2784","predicted"
"mirdb","MIMAT0018065","hsa-miR-3646","EDIL3","10085","ENSG00000164176","87.1461180128","predicted"
"mirdb","MIMAT0004482","hsa-let-7b-3p","ISM1","140862","ENSG00000101230","86.961","predicted"
"mirdb","MIMAT0004481","hsa-let-7a-3p","ISM1","140862","ENSG00000101230","86.961","predicted"
"mirdb","MIMAT0004486","hsa-let-7f-1-3p","ISM1","140862","ENSG00000101230","86.961","predicted"
"mirdb","MIMAT0022842","hsa-miR-98-3p","ISM1","140862","ENSG00000101230","86.961","predicted"
"mirdb","MIMAT0000419","hsa-miR-27b-3p","FN1","2335","ENSG00000115414","86.9535268262","predicted"
"mirdb","MIMAT0000084","hsa-miR-27a-3p","FN1","2335","ENSG00000115414","86.9535268262","predicted"
"mirdb","MIMAT0039763","hsa-miR-9985","FN1","2335","ENSG00000115414","86.9535268262","predicted"
"mirdb","MIMAT0003165","hsa-miR-545-3p","COL3A1","1281","ENSG00000168542","86.9244","predicted"
"mirdb","MIMAT0019001","hsa-miR-4474-3p","COL3A1","1281","ENSG00000168542","86.884","predicted"
"mirdb","MIMAT0004701","hsa-miR-338-5p","EDIL3","10085","ENSG00000164176","86.8523335138","predicted"
"mirdb","MIMAT0000448","hsa-miR-136-5p","FN1","2335","ENSG00000115414","86.8254","predicted"
"mirdb","MIMAT0015003","hsa-miR-3136-5p","COL8A1","1295","ENSG00000144810","86.7912","predicted"
"mirdb","MIMAT0018957","hsa-miR-4439","COL8A1","1295","ENSG00000144810","86.7912","predicted"
"mirdb","MIMAT0000100","hsa-miR-29b-3p","COL11A1","1301","ENSG00000060718","86.7563025596","predicted"
"mirdb","MIMAT0000086","hsa-miR-29a-3p","COL11A1","1301","ENSG00000060718","86.7563025596","predicted"
"mirdb","MIMAT0000681","hsa-miR-29c-3p","COL11A1","1301","ENSG00000060718","86.7563025596","predicted"
"mirdb","MIMAT0000450","hsa-miR-149-5p","LOX","4015","ENSG00000113083","86.739","predicted"
"mirdb","MIMAT0027523","hsa-miR-6811-3p","INHBA","3624","ENSG00000122641","86.7239110368","predicted"
"mirdb","MIMAT0004778","hsa-miR-508-5p","ISM1","140862","ENSG00000101230","86.6873937308","predicted"
"mirdb","MIMAT0016859","hsa-miR-4309","VCAN","1462","ENSG00000038427","86.672","predicted"
"mirdb","MIMAT0015037","hsa-miR-3163","FN1","2335","ENSG00000115414","86.6686080877","predicted"
"mirdb","MIMAT0026744","hsa-miR-1252-3p","EDIL3","10085","ENSG00000164176","86.658134869","predicted"
"mirdb","MIMAT0002849","hsa-miR-524-5p","COL3A1","1281","ENSG00000168542","86.6293","predicted"
"mirdb","MIMAT0002855","hsa-miR-520d-5p","COL3A1","1281","ENSG00000168542","86.6293","predicted"
"mirdb","MIMAT0027614","hsa-miR-6857-5p","ISM1","140862","ENSG00000101230","86.5867","predicted"
"mirdb","MIMAT0019906","hsa-miR-4760-5p","VCAN","1462","ENSG00000038427","86.5283","predicted"
"mirdb","MIMAT0004907","hsa-miR-892a","COL8A1","1295","ENSG00000144810","86.5150473531","predicted"
"mirdb","MIMAT0003261","hsa-miR-593-5p","COL11A1","1301","ENSG00000060718","86.4903","predicted"
"mirdb","MIMAT0004692","hsa-miR-340-5p","EDIL3","10085","ENSG00000164176","86.4488743820174","predicted"
"mirdb","MIMAT0000441","hsa-miR-9-5p","VCAN","1462","ENSG00000038427","86.3196","predicted"
"mirdb","MIMAT0004803","hsa-miR-548a-5p","COL11A1","1301","ENSG00000060718","86.3008412155","predicted"
"mirdb","MIMAT0018928","hsa-miR-548ab","COL11A1","1301","ENSG00000060718","86.3008412155","predicted"
"mirdb","MIMAT0019013","hsa-miR-548ak","COL11A1","1301","ENSG00000060718","86.3008412155","predicted"
"mirdb","MIMAT0022740","hsa-miR-548am-5p","COL11A1","1301","ENSG00000060718","86.3008412155","predicted"
"mirdb","MIMAT0021037","hsa-miR-548ap-5p","COL11A1","1301","ENSG00000060718","86.3008412155","predicted"
"mirdb","MIMAT0022263","hsa-miR-548aq-5p","COL11A1","1301","ENSG00000060718","86.3008412155","predicted"
"mirdb","MIMAT0022265","hsa-miR-548ar-5p","COL11A1","1301","ENSG00000060718","86.3008412155","predicted"
"mirdb","MIMAT0022267","hsa-miR-548as-5p","COL11A1","1301","ENSG00000060718","86.3008412155","predicted"
"mirdb","MIMAT0022291","hsa-miR-548au-5p","COL11A1","1301","ENSG00000060718","86.3008412155","predicted"
"mirdb","MIMAT0004798","hsa-miR-548b-5p","COL11A1","1301","ENSG00000060718","86.3008412155","predicted"
"mirdb","MIMAT0004806","hsa-miR-548c-5p","COL11A1","1301","ENSG00000060718","86.3008412155","predicted"
"mirdb","MIMAT0004812","hsa-miR-548d-5p","COL11A1","1301","ENSG00000060718","86.3008412155","predicted"
"mirdb","MIMAT0005928","hsa-miR-548h-5p","COL11A1","1301","ENSG00000060718","86.3008412155","predicted"
"mirdb","MIMAT0005935","hsa-miR-548i","COL11A1","1301","ENSG00000060718","86.3008412155","predicted"
"mirdb","MIMAT0022738","hsa-miR-548o-5p","COL11A1","1301","ENSG00000060718","86.3008412155","predicted"
"mirdb","MIMAT0015060","hsa-miR-548w","COL11A1","1301","ENSG00000060718","86.3008412155","predicted"
"mirdb","MIMAT0018354","hsa-miR-548y","COL11A1","1301","ENSG00000060718","86.3008412155","predicted"
"mirdb","MIMAT0032114","hsa-miR-548ad-5p","COL11A1","1301","ENSG00000060718","86.3008412155","predicted"
"mirdb","MIMAT0032115","hsa-miR-548ae-5p","COL11A1","1301","ENSG00000060718","86.3008412155","predicted"
"mirdb","MIMAT0025452","hsa-miR-548ay-5p","COL11A1","1301","ENSG00000060718","86.3008412155","predicted"
"mirdb","MIMAT0035703","hsa-miR-548bb-5p","COL11A1","1301","ENSG00000060718","86.3008412155","predicted"
"mirdb","MIMAT0005875","hsa-miR-548j-5p","COL11A1","1301","ENSG00000060718","86.3008412155","predicted"
"mirdb","MIMAT0019891","hsa-miR-4753-3p","EDIL3","10085","ENSG00000164176","86.2325","predicted"
"mirdb","MIMAT0018113","hsa-miR-3685","EDIL3","10085","ENSG00000164176","86.0839","predicted"
"mirdb","MIMAT0002880","hsa-miR-508-3p","LOX","4015","ENSG00000113083","85.9647997782","predicted"
"mirdb","MIMAT0011159","hsa-miR-2115-3p","EDIL3","10085","ENSG00000164176","85.9417","predicted"
"mirdb","MIMAT0018122","hsa-miR-3692-3p","FN1","2335","ENSG00000115414","85.9395","predicted"
"mirdb","MIMAT0019907","hsa-miR-4760-3p","EDIL3","10085","ENSG00000164176","85.9369257882505","predicted"
"mirdb","MIMAT0004595","hsa-miR-135a-3p","LOX","4015","ENSG00000113083","85.8373","predicted"
"mirdb","MIMAT0019907","hsa-miR-4760-3p","COL11A1","1301","ENSG00000060718","85.8118","predicted"
"mirdb","MIMAT0026624","hsa-miR-651-3p","COL3A1","1281","ENSG00000168542","85.7047","predicted"
"mirdb","MIMAT0026482","hsa-miR-190a-3p","ISM1","140862","ENSG00000101230","85.640157029","predicted"
"mirdb","MIMAT0025466","hsa-miR-6505-5p","EDIL3","10085","ENSG00000164176","85.5814","predicted"
"mirdb","MIMAT0016863","hsa-miR-4311","VCAN","1462","ENSG00000038427","85.5503","predicted"
"mirdb","MIMAT0019776","hsa-miR-1343-3p","THBS3","7059","ENSG00000169231","85.5282","predicted"
"mirdb","MIMAT0000265","hsa-miR-204-5p","ISM1","140862","ENSG00000101230","85.5254","predicted"
"mirdb","MIMAT0000268","hsa-miR-211-5p","ISM1","140862","ENSG00000101230","85.5254","predicted"
"mirdb","MIMAT0000080","hsa-miR-24-3p","LOX","4015","ENSG00000113083","85.4753569536","predicted"
"mirdb","MIMAT0027651","hsa-miR-6875-3p","COL8A1","1295","ENSG00000144810","85.4383","predicted"
"mirdb","MIMAT0003150","hsa-miR-455-5p","VCAN","1462","ENSG00000038427","85.3624540759","predicted"
"mirdb","MIMAT0022484","hsa-miR-5692a","FN1","2335","ENSG00000115414","85.3553967547","predicted"
"mirdb","MIMAT0014983","hsa-miR-3121-3p","VCAN","1462","ENSG00000038427","85.240824941455","predicted"
"mirdb","MIMAT0018199","hsa-miR-3924","LOX","4015","ENSG00000113083","85.1245361224598","predicted"
"mirdb","MIMAT0019741","hsa-miR-4666a-5p","ISM1","140862","ENSG00000101230","85.1016","predicted"
"mirdb","MIMAT0019760","hsa-miR-4677-5p","COL11A1","1301","ENSG00000060718","85.0808575312","predicted"
"mirdb","MIMAT0027556","hsa-miR-6828-5p","COL8A1","1295","ENSG00000144810","85.0664","predicted"
"mirdb","MIMAT0027485","hsa-miR-6792-3p","VCAN","1462","ENSG00000038427","85.0516","predicted"
"mirdb","MIMAT0019925","hsa-miR-4771","INHBA","3624","ENSG00000122641","84.9966","predicted"
"mirdb","MIMAT0021028","hsa-miR-5004-3p","COL8A1","1295","ENSG00000144810","84.968","predicted"
"mirdb","MIMAT0004658","hsa-miR-155-3p","EDIL3","10085","ENSG00000164176","84.9567","predicted"
"mirdb","MIMAT0021045","hsa-miR-5011-5p","VCAN","1462","ENSG00000038427","84.9407094286","predicted"
"mirdb","MIMAT0015035","hsa-miR-3161","COL11A1","1301","ENSG00000060718","84.8538","predicted"
"mirdb","MIMAT0041993","hsa-miR-9983-3p","COL8A1","1295","ENSG00000144810","84.847700596","predicted"
"mirdb","MIMAT0026624","hsa-miR-651-3p","EDIL3","10085","ENSG00000164176","84.8188461856","predicted"
"mirdb","MIMAT0003268","hsa-miR-600","COL11A1","1301","ENSG00000060718","84.8059679524","predicted"
"mirdb","MIMAT0027519","hsa-miR-6809-3p","EDIL3","10085","ENSG00000164176","84.7531","predicted"
"mirdb","MIMAT0004703","hsa-miR-335-3p","VCAN","1462","ENSG00000038427","84.5695088745","predicted"
"mirdb","MIMAT0019717","hsa-miR-4652-3p","COL11A1","1301","ENSG00000060718","84.5235","predicted"
"mirdb","MIMAT0003275","hsa-miR-607","EDIL3","10085","ENSG00000164176","84.4884912832326","predicted"
"mirdb","MIMAT0018094","hsa-miR-3671","COL11A1","1301","ENSG00000060718","84.3953182192","predicted"
"mirdb","MIMAT0022724","hsa-miR-1277-5p","EDIL3","10085","ENSG00000164176","84.3848541082","predicted"
"mirdb","MIMAT0000437","hsa-miR-145-5p","COL11A1","1301","ENSG00000060718","84.3233","predicted"
"mirdb","MIMAT0021127","hsa-miR-5195-3p","COL11A1","1301","ENSG00000060718","84.3233","predicted"
"mirdb","MIMAT0019719","hsa-miR-4653-3p","COL3A1","1281","ENSG00000168542","84.2975","predicted"
"mirdb","MIMAT0015083","hsa-miR-3198","VCAN","1462","ENSG00000038427","84.1946","predicted"
"mirdb","MIMAT0025484","hsa-miR-6514-5p","COL3A1","1281","ENSG00000168542","84.1448","predicted"
"mirdb","MIMAT0019911","hsa-miR-4762-3p","COL3A1","1281","ENSG00000168542","84.1269887554","predicted"
"mirdb","MIMAT0019070","hsa-miR-4531","FN1","2335","ENSG00000115414","84.114731419","predicted"
"mirdb","MIMAT0004956","hsa-miR-374b-3p","ISM1","140862","ENSG00000101230","84.0422","predicted"
"mirdb","MIMAT0027589","hsa-miR-6844","COL3A1","1281","ENSG00000168542","84.0306","predicted"
"mirdb","MIMAT0009977","hsa-miR-2052","COL8A1","1295","ENSG00000144810","83.9665","predicted"
"mirdb","MIMAT0025481","hsa-miR-6512-3p","VCAN","1462","ENSG00000038427","83.8705","predicted"
"mirdb","MIMAT0027345","hsa-miR-6720-5p","VCAN","1462","ENSG00000038427","83.8705","predicted"
"mirdb","MIMAT0000318","hsa-miR-200b-3p","FN1","2335","ENSG00000115414","83.8612384534","predicted"
"mirdb","MIMAT0001536","hsa-miR-429","FN1","2335","ENSG00000115414","83.8612384534","predicted"
"mirdb","MIMAT0000617","hsa-miR-200c-3p","FN1","2335","ENSG00000115414","83.8612384534","predicted"
"mirdb","MIMAT0004518","hsa-miR-16-2-3p","COL11A1","1301","ENSG00000060718","83.84273804","predicted"
"mirdb","MIMAT0004615","hsa-miR-195-3p","COL11A1","1301","ENSG00000060718","83.84273804","predicted"
"mirdb","MIMAT0026624","hsa-miR-651-3p","COL11A1","1301","ENSG00000060718","83.8262","predicted"
"mirdb","MIMAT0000101","hsa-miR-103a-3p","VCAN","1462","ENSG00000038427","83.803696888","predicted"
"mirdb","MIMAT0000104","hsa-miR-107","VCAN","1462","ENSG00000038427","83.803696888","predicted"
"mirdb","MIMAT0026740","hsa-miR-1250-3p","COL8A1","1295","ENSG00000144810","83.7679","predicted"
"mirdb","MIMAT0003275","hsa-miR-607","FN1","2335","ENSG00000115414","83.7314924235366","predicted"
"mirdb","MIMAT0000758","hsa-miR-135b-5p","VCAN","1462","ENSG00000038427","83.7127385645","predicted"
"mirdb","MIMAT0000444","hsa-miR-126-5p","COL11A1","1301","ENSG00000060718","83.7104","predicted"
"mirdb","MIMAT0015023","hsa-miR-3150a-3p","VCAN","1462","ENSG00000038427","83.6957777734","predicted"
"mirdb","MIMAT0027426","hsa-miR-6763-5p","VCAN","1462","ENSG00000038427","83.6957777734","predicted"
"mirdb","MIMAT0026717","hsa-miR-891a-3p","COL11A1","1301","ENSG00000060718","83.6707075987","predicted"
"mirdb","MIMAT0016926","hsa-miR-4328","LOX","4015","ENSG00000113083","83.6317","predicted"
"mirdb","MIMAT0027435","hsa-miR-6767-3p","COL11A1","1301","ENSG00000060718","83.6295","predicted"
"mirdb","MIMAT0027589","hsa-miR-6844","COL8A1","1295","ENSG00000144810","83.6111","predicted"
"mirdb","MIMAT0019770","hsa-miR-4684-3p","INHBA","3624","ENSG00000122641","83.6047","predicted"
"mirdb","MIMAT0022496","hsa-miR-5703","FN1","2335","ENSG00000115414","83.5646522928","predicted"
"mirdb","MIMAT0018950","hsa-miR-4434","FN1","2335","ENSG00000115414","83.5646522928","predicted"
"mirdb","MIMAT0022468","hsa-miR-5680","EDIL3","10085","ENSG00000164176","83.4024346644563","predicted"
"mirdb","MIMAT0027587","hsa-miR-6842-3p","VCAN","1462","ENSG00000038427","83.3991","predicted"
"mirdb","MIMAT0018113","hsa-miR-3685","FN1","2335","ENSG00000115414","83.3766291042568","predicted"
"mirdb","MIMAT0016915","hsa-miR-4284","INHBA","3624","ENSG00000122641","83.3074","predicted"
"mirdb","MIMAT0028218","hsa-miR-7154-5p","EDIL3","10085","ENSG00000164176","83.3066","predicted"
"mirdb","MIMAT0030988","hsa-miR-8061","VCAN","1462","ENSG00000038427","83.292","predicted"
"mirdb","MIMAT0026606","hsa-miR-511-3p","INHBA","3624","ENSG00000122641","83.2691","predicted"
"mirdb","MIMAT0019819","hsa-miR-4712-3p","EDIL3","10085","ENSG00000164176","83.1854","predicted"
"pictar","MIMAT0005886","hsa-miR-1297","COL11A1","1301","ENSG00000060718","31.0578","predicted"
"pictar","MIMAT0016894","hsa-miR-4262","VCAN","1462","ENSG00000038427","30.7631","predicted"
"pictar","MIMAT0019030","hsa-miR-4495","LOX","4015","ENSG00000113083","30.2863","predicted"
"pictar","MIMAT0016863","hsa-miR-4311","LOX","4015","ENSG00000113083","29.9866","predicted"
"pictar","MIMAT0002877","hsa-miR-513a-5p","LOX","4015","ENSG00000113083","26.4882","predicted"
"pictar","MIMAT0002830","hsa-miR-520f-3p","LOX","4015","ENSG00000113083","25.8757","predicted"
"pictar","MIMAT0016915","hsa-miR-4284","LOX","4015","ENSG00000113083","25.7818","predicted"
"pictar","MIMAT0016883","hsa-miR-4251","FN1","2335","ENSG00000115414","23.4621","predicted"
"pictar","MIMAT0000100","hsa-miR-29b-3p","LOX","4015","ENSG00000113083","21.8978","predicted"
"pictar","MIMAT0019006","hsa-miR-4478","VCAN","1462","ENSG00000038427","20.5964","predicted"
"pictar","MIMAT0021127","hsa-miR-5195-3p","LOX","4015","ENSG00000113083","19.7777","predicted"
"pictar","MIMAT0019031","hsa-miR-4496","VCAN","1462","ENSG00000038427","19.7162","predicted"
"pictar","MIMAT0003248","hsa-miR-583","LOX","4015","ENSG00000113083","18.8071","predicted"
"pita","MIMAT0005881","hsa-miR-1291","INHBA","3624","ENSG00000122641","-7.22","predicted"
"pita","MIMAT0000773","hsa-miR-346","FN1","2335","ENSG00000115414","-7.23","predicted"
"pita","MIMAT0005936","hsa-miR-1278","EDIL3","10085","ENSG00000164176","-7.24","predicted"
"pita","MIMAT0003150","hsa-miR-455-5p","VCAN","1462","ENSG00000038427","-7.24","predicted"
"pita","MIMAT0005869","hsa-miR-1205","COL3A1","1281","ENSG00000168542","-7.25","predicted"
"pita","MIMAT0003215","hsa-miR-552-3p","COL11A1","1301","ENSG00000060718","-7.32","predicted"
"pita","MIMAT0006767","hsa-miR-1827","VCAN","1462","ENSG00000038427","-7.34","predicted"
"pita","MIMAT0000419","hsa-miR-27b-3p","FN1","2335","ENSG00000115414","-7.35","predicted"
"pita","MIMAT0005573","hsa-miR-1225-3p","INHBA","3624","ENSG00000122641","-7.36","predicted"
"pita","MIMAT0000086","hsa-miR-29a-3p","COL3A1","1281","ENSG00000168542","-7.37","predicted"
"pita","MIMAT0000089","hsa-miR-31-5p","COL3A1","1281","ENSG00000168542","-7.38","predicted"
"pita","MIMAT0005907","hsa-miR-1256","COL11A1","1301","ENSG00000060718","-7.41","predicted"
"pita","MIMAT0000681","hsa-miR-29c-3p","COL3A1","1281","ENSG00000168542","-7.42","predicted"
"pita","MIMAT0003339","hsa-miR-421","COL3A1","1281","ENSG00000168542","-7.42","predicted"
"pita","MIMAT0004692","hsa-miR-340-5p","COL3A1","1281","ENSG00000168542","-7.45","predicted"
"pita","MIMAT0005824","hsa-miR-1179","COL3A1","1281","ENSG00000168542","-7.46","predicted"
"pita","MIMAT0005914","hsa-miR-1262","INHBA","3624","ENSG00000122641","-7.46","predicted"
"pita","MIMAT0000416","hsa-miR-1-3p","FN1","2335","ENSG00000115414","-7.47","predicted"
"pita","MIMAT0000076","hsa-miR-21-5p","EDIL3","10085","ENSG00000164176","-7.47","predicted"
"pita","MIMAT0005889","hsa-miR-548l","COL3A1","1281","ENSG00000168542","-7.48","predicted"
"pita","MIMAT0000089","hsa-miR-31-5p","COL3A1","1281","ENSG00000168542","-7.49","predicted"
"pita","MIMAT0005898","hsa-miR-1246","COL11A1","1301","ENSG00000060718","-7.49","predicted"
"pita","MIMAT0003225","hsa-miR-561-3p","COL11A1","1301","ENSG00000060718","-7.5","predicted"
"pita","MIMAT0003263","hsa-miR-595","FN1","2335","ENSG00000115414","-7.5","predicted"
"pita","MIMAT0004925","hsa-miR-876-3p","COL3A1","1281","ENSG00000168542","-7.52","predicted"
"pita","MIMAT0003945","hsa-miR-765","FN1","2335","ENSG00000115414","-7.53","predicted"
"pita","MIMAT0005930","hsa-miR-1276","COL3A1","1281","ENSG00000168542","-7.54","predicted"
"pita","MIMAT0005890","hsa-miR-1302","COL3A1","1281","ENSG00000168542","-7.54","predicted"
"pita","MIMAT0000062","hsa-let-7a-5p","COL11A1","1301","ENSG00000060718","-7.54","predicted"
"pita","MIMAT0000228","hsa-miR-198","COL11A1","1301","ENSG00000060718","-7.54","predicted"
"pita","MIMAT0000063","hsa-let-7b-5p","COL11A1","1301","ENSG00000060718","-7.56","predicted"
"pita","","hsa-miR-220c","VCAN","1462","ENSG00000038427","-7.57","predicted"
"pita","MIMAT0003255","hsa-miR-588","COL11A1","1301","ENSG00000060718","-7.59","predicted"
"pita","MIMAT0005791","hsa-miR-1264","FN1","2335","ENSG00000115414","-7.64","predicted"
"pita","MIMAT0005891","hsa-miR-1303","COL11A1","1301","ENSG00000060718","-7.65","predicted"
"pita","MIMAT0005795","hsa-miR-1323","COL11A1","1301","ENSG00000060718","-7.65","predicted"
"pita","MIMAT0000251","hsa-miR-147a","INHBA","3624","ENSG00000122641","-7.69","predicted"
"pita","MIMAT0004954","hsa-miR-543","VCAN","1462","ENSG00000038427","-7.69","predicted"
"pita","MIMAT0005878","hsa-miR-1287-5p","VCAN","1462","ENSG00000038427","-7.71","predicted"
"pita","MIMAT0005924","hsa-miR-1270","COL3A1","1281","ENSG00000168542","-7.79","predicted"
"pita","MIMAT0003320","hsa-miR-650","VCAN","1462","ENSG00000038427","-7.8","predicted"
"pita","MIMAT0000421","hsa-miR-122-5p","COL3A1","1281","ENSG00000168542","-7.82","predicted"
"pita","MIMAT0000083","hsa-miR-26b-5p","COL11A1","1301","ENSG00000060718","-7.82","predicted"
"pita","MIMAT0004450","hsa-miR-297","COL11A1","1301","ENSG00000060718","-7.83","predicted"
"pita","MIMAT0002809","hsa-miR-146b-5p","VCAN","1462","ENSG00000038427","-7.85","predicted"
"pita","MIMAT0000089","hsa-miR-31-5p","COL11A1","1301","ENSG00000060718","-7.86","predicted"
"pita","MIMAT0005829","hsa-miR-1184","COL11A1","1301","ENSG00000060718","-7.89","predicted"
"pita","MIMAT0000758","hsa-miR-135b-5p","COL11A1","1301","ENSG00000060718","-7.91","predicted"
"pita","MIMAT0002171","hsa-miR-410-3p","COL3A1","1281","ENSG00000168542","-7.92","predicted"
"pita","MIMAT0004795","hsa-miR-574-5p","COL3A1","1281","ENSG00000168542","-7.97","predicted"
"pita","MIMAT0000447","hsa-miR-134-5p","VCAN","1462","ENSG00000038427","-7.97","predicted"
"pita","MIMAT0000090","hsa-miR-32-5p","COL11A1","1301","ENSG00000060718","-7.98","predicted"
"pita","MIMAT0005789","hsa-miR-513c-5p","LOX","4015","ENSG00000113083","-7.98","predicted"
"pita","MIMAT0004675","hsa-miR-219a-2-3p","COL11A1","1301","ENSG00000060718","-7.99","predicted"
"pita","MIMAT0003887","hsa-miR-769-3p","FN1","2335","ENSG00000115414","-7.99","predicted"
"pita","MIMAT0004975","hsa-miR-509-3-5p","INHBA","3624","ENSG00000122641","-8","predicted"
"pita","MIMAT0005879","hsa-miR-1289","VCAN","1462","ENSG00000038427","-8","predicted"
"pita","MIMAT0003221","hsa-miR-557","COL3A1","1281","ENSG00000168542","-8.01","predicted"
"pita","MIMAT0002853","hsa-miR-519d-3p","INHBA","3624","ENSG00000122641","-8.01","predicted"
"pita","MIMAT0005871","hsa-miR-1207-5p","EDIL3","10085","ENSG00000164176","-8.02","predicted"
"pita","MIMAT0004954","hsa-miR-543","EDIL3","10085","ENSG00000164176","-8.06","predicted"
"pita","MIMAT0000414","hsa-let-7g-5p","COL11A1","1301","ENSG00000060718","-8.08","predicted"
"pita","MIMAT0000251","hsa-miR-147a","INHBA","3624","ENSG00000122641","-8.08","predicted"
"pita","MIMAT0005866","hsa-miR-1203","FN1","2335","ENSG00000115414","-8.12","predicted"
"pita","MIMAT0004903","hsa-miR-300","COL3A1","1281","ENSG00000168542","-8.13","predicted"
"pita","MIMAT0000226","hsa-miR-196a-5p","COL11A1","1301","ENSG00000060718","-8.2","predicted"
"pita","MIMAT0000086","hsa-miR-29a-3p","COL11A1","1301","ENSG00000060718","-8.23","predicted"
"pita","MIMAT0005459","hsa-miR-1224-3p","FN1","2335","ENSG00000115414","-8.23","predicted"
"pita","MIMAT0000085","hsa-miR-28-5p","COL3A1","1281","ENSG00000168542","-8.24","predicted"
"pita","MIMAT0004920","hsa-miR-541-3p","COL3A1","1281","ENSG00000168542","-8.25","predicted"
"pita","MIMAT0005917","hsa-miR-548m","FN1","2335","ENSG00000115414","-8.26","predicted"
"pita","MIMAT0003280","hsa-miR-612","FN1","2335","ENSG00000115414","-8.29","predicted"
"pita","MIMAT0004779","hsa-miR-509-5p","FN1","2335","ENSG00000115414","-8.3","predicted"
"pita","MIMAT0003313","hsa-miR-643","COL11A1","1301","ENSG00000060718","-8.31","predicted"
"pita","MIMAT0003219","hsa-miR-555","COL11A1","1301","ENSG00000060718","-8.34","predicted"
"pita","MIMAT0004972","hsa-miR-922","COL3A1","1281","ENSG00000168542","-8.35","predicted"
"pita","MIMAT0000259","hsa-miR-182-5p","COL3A1","1281","ENSG00000168542","-8.39","predicted"
"pita","MIMAT0000066","hsa-let-7e-5p","COL11A1","1301","ENSG00000060718","-8.39","predicted"
"pita","MIMAT0002880","hsa-miR-508-3p","COL3A1","1281","ENSG00000168542","-8.4","predicted"
"pita","MIMAT0000082","hsa-miR-26a-5p","LOX","4015","ENSG00000113083","-8.45","predicted"
"pita","MIMAT0005920","hsa-miR-1266-5p","THBS3","7059","ENSG00000169231","-8.45","predicted"
"pita","MIMAT0002835","hsa-miR-526b-5p","VCAN","1462","ENSG00000038427","-8.46","predicted"
"pita","MIMAT0003330","hsa-miR-654-5p","COL3A1","1281","ENSG00000168542","-8.55","predicted"
"pita","MIMAT0001536","hsa-miR-429","FN1","2335","ENSG00000115414","-8.56","predicted"
"pita","MIMAT0000415","hsa-let-7i-5p","COL11A1","1301","ENSG00000060718","-8.57","predicted"
"pita","MIMAT0000705","hsa-miR-362-5p","COL11A1","1301","ENSG00000060718","-8.57","predicted"
"pita","MIMAT0003248","hsa-miR-583","COL3A1","1281","ENSG00000168542","-8.58","predicted"
"pita","MIMAT0000758","hsa-miR-135b-5p","LOX","4015","ENSG00000113083","-8.58","predicted"
"pita","MIMAT0003215","hsa-miR-552-3p","FN1","2335","ENSG00000115414","-8.59","predicted"
"pita","MIMAT0005881","hsa-miR-1291","COL11A1","1301","ENSG00000060718","-8.64","predicted"
"pita","MIMAT0002814","hsa-miR-432-5p","FN1","2335","ENSG00000115414","-8.65","predicted"
"pita","MIMAT0000100","hsa-miR-29b-3p","COL3A1","1281","ENSG00000168542","-8.67","predicted"
"pita","MIMAT0000067","hsa-let-7f-5p","COL11A1","1301","ENSG00000060718","-8.69","predicted"
"pita","MIMAT0004614","hsa-miR-193a-5p","FN1","2335","ENSG00000115414","-8.76","predicted"
"pita","MIMAT0004687","hsa-miR-371a-5p","FN1","2335","ENSG00000115414","-8.82","predicted"
"pita","MIMAT0005909","hsa-mir-1258","VCAN","1462","ENSG00000038427","-8.85","predicted"
"pita","MIMAT0000095","hsa-miR-96-5p","COL3A1","1281","ENSG00000168542","-8.9","predicted"
"pita","MIMAT0000250","hsa-miR-139-5p","EDIL3","10085","ENSG00000164176","-8.91","predicted"
"pita","MIMAT0002833","hsa-miR-520a-5p","FN1","2335","ENSG00000115414","-8.94","predicted"
"pita","MIMAT0003245","hsa-miR-580-3p","COL11A1","1301","ENSG00000060718","-8.96","predicted"
"pita","MIMAT0000086","hsa-miR-29a-3p","COL11A1","1301","ENSG00000060718","-8.98","predicted"
"pita","MIMAT0000681","hsa-miR-29c-3p","COL11A1","1301","ENSG00000060718","-8.98","predicted"
"pita","MIMAT0002814","hsa-miR-432-5p","COL11A1","1301","ENSG00000060718","-9.02","predicted"
"pita","MIMAT0000100","hsa-miR-29b-3p","COL11A1","1301","ENSG00000060718","-9.03","predicted"
"pita","MIMAT0000681","hsa-miR-29c-3p","COL11A1","1301","ENSG00000060718","-9.03","predicted"
"pita","MIMAT0003339","hsa-miR-421","VCAN","1462","ENSG00000038427","-9.05","predicted"
"pita","MIMAT0001541","hsa-miR-449a","THBS3","7059","ENSG00000169231","-9.08","predicted"
"pita","MIMAT0003327","hsa-miR-449b-5p","THBS3","7059","ENSG00000169231","-9.08","predicted"
"pita","MIMAT0003163","hsa-miR-539-5p","EDIL3","10085","ENSG00000164176","-9.09","predicted"
"pita","MIMAT0005930","hsa-miR-1276","COL3A1","1281","ENSG00000168542","-9.21","predicted"
"pita","MIMAT0004926","hsa-miR-708-5p","COL3A1","1281","ENSG00000168542","-9.24","predicted"
"pita","MIMAT0004979","hsa-miR-936","VCAN","1462","ENSG00000038427","-9.26","predicted"
"pita","MIMAT0000100","hsa-miR-29b-3p","COL3A1","1281","ENSG00000168542","-9.27","predicted"
"pita","","hsa-miR-1300","EDIL3","10085","ENSG00000164176","-9.28","predicted"
"pita","MIMAT0004804","hsa-miR-615-5p","VCAN","1462","ENSG00000038427","-9.3","predicted"
"pita","MIMAT0003882","hsa-miR-767-5p","COL3A1","1281","ENSG00000168542","-9.32","predicted"
"pita","MIMAT0005796","hsa-miR-1271-5p","FN1","2335","ENSG00000115414","-9.36","predicted"
"pita","MIMAT0003258","hsa-miR-590-5p","EDIL3","10085","ENSG00000164176","-9.37","predicted"
"pita","MIMAT0000082","hsa-miR-26a-5p","COL11A1","1301","ENSG00000060718","-9.43","predicted"
"pita","MIMAT0003307","hsa-miR-637","VCAN","1462","ENSG00000038427","-9.44","predicted"
"pita","MIMAT0000681","hsa-miR-29c-3p","COL3A1","1281","ENSG00000168542","-9.47","predicted"
"pita","MIMAT0005925","hsa-miR-1272","LOX","4015","ENSG00000113083","-9.48","predicted"
"pita","MIMAT0003945","hsa-miR-765","COL3A1","1281","ENSG00000168542","-9.52","predicted"
"pita","MIMAT0000416","hsa-miR-1-3p","VCAN","1462","ENSG00000038427","-9.52","predicted"
"pita","MIMAT0000736","hsa-miR-381-3p","COL3A1","1281","ENSG00000168542","-9.53","predicted"
"pita","MIMAT0002831","hsa-miR-519c-5p","FN1","2335","ENSG00000115414","-9.54","predicted"
"pita","MIMAT0005454","hsa-miR-519b-5p","FN1","2335","ENSG00000115414","-9.54","predicted"
"pita","MIMAT0005588","hsa-miR-1233-3p","INHBA","3624","ENSG00000122641","-9.55","predicted"
"pita","MIMAT0000086","hsa-miR-29a-3p","COL3A1","1281","ENSG00000168542","-9.57","predicted"
"pita","MIMAT0000736","hsa-miR-381-3p","COL11A1","1301","ENSG00000060718","-9.58","predicted"
"pita","MIMAT0004903","hsa-miR-300","COL11A1","1301","ENSG00000060718","-9.58","predicted"
"pita","MIMAT0003248","hsa-miR-583","COL3A1","1281","ENSG00000168542","-9.59","predicted"
"pita","MIMAT0000100","hsa-miR-29b-3p","COL3A1","1281","ENSG00000168542","-9.62","predicted"
"pita","MIMAT0002835","hsa-miR-526b-5p","COL3A1","1281","ENSG00000168542","-9.7","predicted"
"pita","MIMAT0000460","hsa-miR-194-5p","COL11A1","1301","ENSG00000060718","-9.71","predicted"
"pita","MIMAT0000065","hsa-let-7d-5p","COL11A1","1301","ENSG00000060718","-9.74","predicted"
"pita","MIMAT0000100","hsa-miR-29b-3p","COL11A1","1301","ENSG00000060718","-9.78","predicted"
"pita","MIMAT0003255","hsa-miR-588","VCAN","1462","ENSG00000038427","-9.83","predicted"
"pita","MIMAT0004912","hsa-miR-890","COL11A1","1301","ENSG00000060718","-9.84","predicted"
"pita","MIMAT0004675","hsa-miR-219a-2-3p","COL3A1","1281","ENSG00000168542","-9.85","predicted"
"pita","MIMAT0005586","hsa-miR-1231","COL3A1","1281","ENSG00000168542","-9.88","predicted"
"pita","","hsa-miR-1274a","COL11A1","1301","ENSG00000060718","-9.89","predicted"
"pita","MIMAT0002849","hsa-miR-524-5p","COL3A1","1281","ENSG00000168542","-9.91","predicted"
"pita","MIMAT0003300","hsa-miR-631","INHBA","3624","ENSG00000122641","-9.91","predicted"
"pita","MIMAT0004700","hsa-miR-331-5p","COL11A1","1301","ENSG00000060718","-9.92","predicted"
"pita","MIMAT0000426","hsa-miR-132-3p","COL11A1","1301","ENSG00000060718","-9.94","predicted"
"pita","MIMAT0000265","hsa-miR-204-5p","ISM1","140862","ENSG00000101230","-9.95","predicted"
"pita","MIMAT0000268","hsa-miR-211-5p","ISM1","140862","ENSG00000101230","-9.95","predicted"
"pita","MIMAT0005868","hsa-miR-1204","VCAN","1462","ENSG00000038427","-9.98","predicted"
"pita","MIMAT0000101","hsa-miR-103a-3p","VCAN","1462","ENSG00000038427","-10.11","predicted"
"pita","MIMAT0005915","hsa-miR-1263","COL11A1","1301","ENSG00000060718","-10.15","predicted"
"pita","MIMAT0003220","hsa-miR-556-5p","COL11A1","1301","ENSG00000060718","-10.16","predicted"
"pita","MIMAT0005882","hsa-miR-548k","FN1","2335","ENSG00000115414","-10.17","predicted"
"pita","MIMAT0000259","hsa-miR-182-5p","COL11A1","1301","ENSG00000060718","-10.19","predicted"
"pita","MIMAT0000762","hsa-miR-324-3p","COL11A1","1301","ENSG00000060718","-10.19","predicted"
"pita","MIMAT0003295","hsa-miR-626","VCAN","1462","ENSG00000038427","-10.24","predicted"
"pita","MIMAT0003238","hsa-miR-573","VCAN","1462","ENSG00000038427","-10.24","predicted"
"pita","MIMAT0003263","hsa-miR-595","COL8A1","1295","ENSG00000144810","-10.24","predicted"
"pita","MIMAT0000318","hsa-miR-200b-3p","FN1","2335","ENSG00000115414","-10.26","predicted"
"pita","MIMAT0005906","hsa-miR-1255a","COL11A1","1301","ENSG00000060718","-10.33","predicted"
"pita","MIMAT0004702","hsa-miR-339-3p","COL11A1","1301","ENSG00000060718","-10.35","predicted"
"pita","MIMAT0000617","hsa-miR-200c-3p","FN1","2335","ENSG00000115414","-10.35","predicted"
"pita","MIMAT0000232","hsa-miR-199a-3p","VCAN","1462","ENSG00000038427","-10.35","predicted"
"pita","MIMAT0004563","hsa-miR-199b-3p","VCAN","1462","ENSG00000038427","-10.35","predicted"
"pita","MIMAT0005945","hsa-miR-1255b-5p","COL11A1","1301","ENSG00000060718","-10.43","predicted"
"pita","MIMAT0003299","hsa-miR-630","EDIL3","10085","ENSG00000164176","-10.5","predicted"
"pita","MIMAT0003882","hsa-miR-767-5p","COL11A1","1301","ENSG00000060718","-10.52","predicted"
"pita","MIMAT0000758","hsa-miR-135b-5p","INHBA","3624","ENSG00000122641","-10.54","predicted"
"pita","MIMAT0000707","hsa-miR-363-3p","COL11A1","1301","ENSG00000060718","-10.6","predicted"
"pita","MIMAT0004923","hsa-miR-875-3p","COL11A1","1301","ENSG00000060718","-10.66","predicted"
"pita","MIMAT0003248","hsa-miR-583","VCAN","1462","ENSG00000038427","-10.67","predicted"
"pita","MIMAT0000259","hsa-miR-182-5p","FN1","2335","ENSG00000115414","-10.81","predicted"
"pita","MIMAT0004770","hsa-miR-516a-5p","VCAN","1462","ENSG00000038427","-10.96","predicted"
"pita","MIMAT0003315","hsa-miR-645","FN1","2335","ENSG00000115414","-10.98","predicted"
"pita","MIMAT0005572","hsa-miR-1225-5p","INHBA","3624","ENSG00000122641","-11.09","predicted"
"pita","MIMAT0005926","hsa-miR-1273a","COL11A1","1301","ENSG00000060718","-11.11","predicted"
"pita","MIMAT0000764","hsa-miR-339-5p","COL11A1","1301","ENSG00000060718","-11.28","predicted"
"pita","MIMAT0000436","hsa-miR-144-3p","COL11A1","1301","ENSG00000060718","-11.32","predicted"
"pita","MIMAT0000104","hsa-miR-107","VCAN","1462","ENSG00000038427","-11.37","predicted"
"pita","MIMAT0000255","hsa-miR-34a-5p","EDIL3","10085","ENSG00000164176","-11.42","predicted"
"pita","MIMAT0000462","hsa-miR-206","VCAN","1462","ENSG00000038427","-11.42","predicted"
"pita","MIMAT0005915","hsa-miR-1263","INHBA","3624","ENSG00000122641","-11.44","predicted"
"pita","MIMAT0003307","hsa-miR-637","THBS3","7059","ENSG00000169231","-11.49","predicted"
"pita","MIMAT0005942","hsa-miR-1288-3p","VCAN","1462","ENSG00000038427","-11.49","predicted"
"pita","MIMAT0005952","hsa-miR-1321","COL3A1","1281","ENSG00000168542","-11.54","predicted"
"pita","MIMAT0005924","hsa-miR-1270","FN1","2335","ENSG00000115414","-11.56","predicted"
"pita","MIMAT0004810","hsa-miR-629-5p","FN1","2335","ENSG00000115414","-11.56","predicted"
"pita","MIMAT0003335","hsa-miR-657","EDIL3","10085","ENSG00000164176","-11.56","predicted"
"pita","MIMAT0000738","hsa-miR-383-5p","FN1","2335","ENSG00000115414","-11.6","predicted"
"pita","MIMAT0000686","hsa-miR-34c-5p","EDIL3","10085","ENSG00000164176","-11.6","predicted"
"pita","MIMAT0004700","hsa-miR-331-5p","COL11A1","1301","ENSG00000060718","-11.61","predicted"
"pita","MIMAT0000681","hsa-miR-29c-3p","COL3A1","1281","ENSG00000168542","-11.67","predicted"
"pita","MIMAT0002876","hsa-miR-505-3p","COL3A1","1281","ENSG00000168542","-11.72","predicted"
"pita","MIMAT0005828","hsa-miR-1183","INHBA","3624","ENSG00000122641","-11.79","predicted"
"pita","MIMAT0003307","hsa-miR-637","THBS3","7059","ENSG00000169231","-11.85","predicted"
"pita","","hsa-miR-220c","EDIL3","10085","ENSG00000164176","-11.91","predicted"
"pita","MIMAT0005892","hsa-miR-1304-5p","COL3A1","1281","ENSG00000168542","-11.94","predicted"
"pita","MIMAT0004901","hsa-miR-298","FN1","2335","ENSG00000115414","-11.97","predicted"
"pita","MIMAT0005914","hsa-miR-1262","COL3A1","1281","ENSG00000168542","-11.98","predicted"
"pita","MIMAT0004602","hsa-miR-125a-3p","FN1","2335","ENSG00000115414","-11.99","predicted"
"pita","MIMAT0000226","hsa-miR-196a-5p","COL3A1","1281","ENSG00000168542","-12.01","predicted"
"pita","MIMAT0001080","hsa-miR-196b-5p","COL3A1","1281","ENSG00000168542","-12.01","predicted"
"pita","MIMAT0004982","hsa-miR-939-5p","COL3A1","1281","ENSG00000168542","-12.05","predicted"
"pita","MIMAT0000414","hsa-let-7g-5p","COL3A1","1281","ENSG00000168542","-12.24","predicted"
"pita","MIMAT0005913","hsa-miR-1261","COL11A1","1301","ENSG00000060718","-12.28","predicted"
"pita","MIMAT0003231","hsa-miR-567","COL11A1","1301","ENSG00000060718","-12.3","predicted"
"pita","MIMAT0004693","hsa-miR-330-5p","INHBA","3624","ENSG00000122641","-12.39","predicted"
"pita","MIMAT0004450","hsa-miR-297","COL11A1","1301","ENSG00000060718","-12.4","predicted"
"pita","MIMAT0000430","hsa-miR-138-5p","COL3A1","1281","ENSG00000168542","-12.45","predicted"
"pita","MIMAT0004748","hsa-miR-423-5p","COL3A1","1281","ENSG00000168542","-12.45","predicted"
"pita","MIMAT0005904","hsa-miR-1253","COL11A1","1301","ENSG00000060718","-12.45","predicted"
"pita","MIMAT0003882","hsa-miR-767-5p","COL11A1","1301","ENSG00000060718","-12.47","predicted"
"pita","MIMAT0003879","hsa-miR-758-3p","INHBA","3624","ENSG00000122641","-12.52","predicted"
"pita","MIMAT0000428","hsa-miR-135a-5p","INHBA","3624","ENSG00000122641","-12.84","predicted"
"pita","MIMAT0004972","hsa-miR-922","VCAN","1462","ENSG00000038427","-12.96","predicted"
"pita","MIMAT0000430","hsa-miR-138-5p","VCAN","1462","ENSG00000038427","-12.97","predicted"
"pita","MIMAT0005924","hsa-miR-1270","COL11A1","1301","ENSG00000060718","-13.02","predicted"
"pita","MIMAT0003289","hsa-miR-620","COL11A1","1301","ENSG00000060718","-13.06","predicted"
"pita","MIMAT0005572","hsa-miR-1225-5p","INHBA","3624","ENSG00000122641","-13.07","predicted"
"pita","MIMAT0001625","hsa-miR-431-5p","VCAN","1462","ENSG00000038427","-13.1","predicted"
"pita","MIMAT0005797","hsa-miR-1301-3p","VCAN","1462","ENSG00000038427","-13.19","predicted"
"pita","MIMAT0005876","hsa-miR-1285-3p","FN1","2335","ENSG00000115414","-13.24","predicted"
"pita","MIMAT0000764","hsa-miR-339-5p","COL11A1","1301","ENSG00000060718","-13.25","predicted"
"pita","MIMAT0000067","hsa-let-7f-5p","COL3A1","1281","ENSG00000168542","-13.37","predicted"
"pita","MIMAT0003886","hsa-miR-769-5p","VCAN","1462","ENSG00000038427","-13.4","predicted"
"pita","MIMAT0000096","hsa-miR-98-5p","COL3A1","1281","ENSG00000168542","-13.46","predicted"
"pita","MIMAT0002811","hsa-miR-202-3p","COL11A1","1301","ENSG00000060718","-13.48","predicted"
"pita","MIMAT0003315","hsa-miR-645","FN1","2335","ENSG00000115414","-13.57","predicted"
"pita","MIMAT0003288","hsa-miR-619-3p","INHBA","3624","ENSG00000122641","-13.59","predicted"
"pita","MIMAT0003887","hsa-miR-769-3p","COL3A1","1281","ENSG00000168542","-13.64","predicted"
"pita","MIMAT0000062","hsa-let-7a-5p","COL3A1","1281","ENSG00000168542","-13.69","predicted"
"pita","MIMAT0000756","hsa-miR-326","INHBA","3624","ENSG00000122641","-13.79","predicted"
"pita","MIMAT0005796","hsa-miR-1271-5p","COL3A1","1281","ENSG00000168542","-13.9","predicted"
"pita","MIMAT0003882","hsa-miR-767-5p","COL3A1","1281","ENSG00000168542","-13.93","predicted"
"pita","MIMAT0003316","hsa-miR-646","VCAN","1462","ENSG00000038427","-13.95","predicted"
"pita","MIMAT0001541","hsa-miR-449a","EDIL3","10085","ENSG00000164176","-14","predicted"
"pita","MIMAT0003327","hsa-miR-449b-5p","EDIL3","10085","ENSG00000164176","-14","predicted"
"pita","MIMAT0002174","hsa-miR-484","EDIL3","10085","ENSG00000164176","-14.02","predicted"
"pita","MIMAT0000065","hsa-let-7d-5p","COL3A1","1281","ENSG00000168542","-14.17","predicted"
"pita","MIMAT0004567","hsa-miR-219a-1-3p","FN1","2335","ENSG00000115414","-14.17","predicted"
"pita","MIMAT0005924","hsa-miR-1270","EDIL3","10085","ENSG00000164176","-14.19","predicted"
"pita","MIMAT0000415","hsa-let-7i-5p","COL3A1","1281","ENSG00000168542","-14.28","predicted"
"pita","MIMAT0000450","hsa-miR-149-5p","INHBA","3624","ENSG00000122641","-14.51","predicted"
"pita","MIMAT0000066","hsa-let-7e-5p","COL3A1","1281","ENSG00000168542","-14.57","predicted"
"pita","MIMAT0000064","hsa-let-7c-5p","COL3A1","1281","ENSG00000168542","-14.57","predicted"
"pita","MIMAT0005883","hsa-miR-1293","FN1","2335","ENSG00000115414","-14.64","predicted"
"pita","MIMAT0003324","hsa-miR-661","INHBA","3624","ENSG00000122641","-14.65","predicted"
"pita","MIMAT0005902","hsa-miR-1250-5p","VCAN","1462","ENSG00000038427","-14.72","predicted"
"pita","MIMAT0000063","hsa-let-7b-5p","COL3A1","1281","ENSG00000168542","-15.07","predicted"
"pita","MIMAT0003330","hsa-miR-654-5p","EDIL3","10085","ENSG00000164176","-15.48","predicted"
"pita","MIMAT0003291","hsa-miR-622","VCAN","1462","ENSG00000038427","-15.64","predicted"
"pita","MIMAT0004702","hsa-miR-339-3p","COL3A1","1281","ENSG00000168542","-16.02","predicted"
"pita","MIMAT0004748","hsa-miR-423-5p","THBS3","7059","ENSG00000169231","-16.12","predicted"
"pita","MIMAT0000722","hsa-miR-370-3p","LOX","4015","ENSG00000113083","-16.26","predicted"
"pita","MIMAT0004983","hsa-miR-940","EDIL3","10085","ENSG00000164176","-16.31","predicted"
"pita","MIMAT0005871","hsa-miR-1207-5p","COL11A1","1301","ENSG00000060718","-17.6","predicted"
"pita","MIMAT0002811","hsa-miR-202-3p","COL3A1","1281","ENSG00000168542","-17.88","predicted"
"pita","MIMAT0003228","hsa-miR-564","EDIL3","10085","ENSG00000164176","-18.01","predicted"
"pita","MIMAT0004920","hsa-miR-541-3p","EDIL3","10085","ENSG00000164176","-20.98","predicted"
"targetscan","MIMAT0004763","hsa-miR-488-3p","LOX","4015","ENSG00000113083","-0.288","predicted"
"targetscan","MIMAT0000428","hsa-miR-135a-5p","VCAN","1462","ENSG00000038427","-0.29","predicted"
"targetscan","MIMAT0000232","hsa-miR-199a-3p","LOX","4015","ENSG00000113083","-0.294","predicted"
"targetscan","MIMAT0004563","hsa-miR-199b-3p","LOX","4015","ENSG00000113083","-0.294","predicted"
"targetscan","MIMAT0000441","hsa-miR-9-5p","VCAN","1462","ENSG00000038427","-0.296","predicted"
"targetscan","","hsa-miR-124-3p.2","LOX","4015","ENSG00000113083","-0.296","predicted"
"targetscan","MIMAT0000419","hsa-miR-27b-3p","LOX","4015","ENSG00000113083","-0.297","predicted"
"targetscan","MIMAT0000084","hsa-miR-27a-3p","LOX","4015","ENSG00000113083","-0.297","predicted"
"targetscan","MIMAT0003885","hsa-miR-454-3p","INHBA","3624","ENSG00000122641","-0.302","predicted"
"targetscan","MIMAT0000758","hsa-miR-135b-5p","VCAN","1462","ENSG00000038427","-0.306","predicted"
"targetscan","MIMAT0000265","hsa-miR-204-5p","ISM1","140862","ENSG00000101230","-0.311","predicted"
"targetscan","MIMAT0000268","hsa-miR-211-5p","ISM1","140862","ENSG00000101230","-0.311","predicted"
"targetscan","MIMAT0016844","hsa-miR-4295","INHBA","3624","ENSG00000122641","-0.323","predicted"
"targetscan","MIMAT0000439","hsa-miR-153-3p","INHBA","3624","ENSG00000122641","-0.329","predicted"
"targetscan","MIMAT0004958","hsa-miR-301b-3p","INHBA","3624","ENSG00000122641","-0.339","predicted"
"targetscan","","hsa-miR-124-3p.1","VCAN","1462","ENSG00000038427","-0.343","predicted"
"targetscan","MIMAT0021127","hsa-miR-5195-3p","LOX","4015","ENSG00000113083","-0.346","predicted"
"targetscan","MIMAT0018088","hsa-miR-3666","INHBA","3624","ENSG00000122641","-0.347","predicted"
"targetscan","MIMAT0000688","hsa-miR-301a-3p","INHBA","3624","ENSG00000122641","-0.355","predicted"
"targetscan","MIMAT0000691","hsa-miR-130b-3p","INHBA","3624","ENSG00000122641","-0.355","predicted"
"targetscan","MIMAT0000425","hsa-miR-130a-3p","INHBA","3624","ENSG00000122641","-0.363","predicted"
"targetscan","MIMAT0000226","hsa-miR-196a-5p","COL3A1","1281","ENSG00000168542","-0.366","predicted"
"targetscan","MIMAT0001080","hsa-miR-196b-5p","COL3A1","1281","ENSG00000168542","-0.366","predicted"
"targetscan","","hsa-miR-142-3p.2","VCAN","1462","ENSG00000038427","-0.368","predicted"
"targetscan","MIMAT0000462","hsa-miR-206","FN1","2335","ENSG00000115414","-0.371","predicted"
"targetscan","MIMAT0000416","hsa-miR-1-3p","FN1","2335","ENSG00000115414","-0.379","predicted"
"targetscan","MIMAT0000080","hsa-miR-24-3p","LOX","4015","ENSG00000113083","-0.38","predicted"
"targetscan","","hsa-miR-137","EDIL3","10085","ENSG00000164176","-0.38","predicted"
"targetscan","MIMAT0000681","hsa-miR-29c-3p","COL11A1","1301","ENSG00000060718","-0.381","predicted"
"targetscan","MIMAT0000100","hsa-miR-29b-3p","COL11A1","1301","ENSG00000060718","-0.381","predicted"
"targetscan","MIMAT0000086","hsa-miR-29a-3p","COL11A1","1301","ENSG00000060718","-0.381","predicted"
"targetscan","MIMAT0000245","hsa-miR-30d-5p","LOX","4015","ENSG00000113083","-0.385","predicted"
"targetscan","MIMAT0000087","hsa-miR-30a-5p","LOX","4015","ENSG00000113083","-0.385","predicted"
"targetscan","MIMAT0000681","hsa-miR-29c-3p","COL8A1","1295","ENSG00000144810","-0.392","predicted"
"targetscan","MIMAT0000100","hsa-miR-29b-3p","COL8A1","1295","ENSG00000144810","-0.392","predicted"
"targetscan","MIMAT0000086","hsa-miR-29a-3p","COL8A1","1295","ENSG00000144810","-0.392","predicted"
"targetscan","MIMAT0000281","hsa-miR-224-5p","ISM1","140862","ENSG00000101230","-0.396","predicted"
"targetscan","MIMAT0000692","hsa-miR-30e-5p","LOX","4015","ENSG00000113083","-0.401","predicted"
"targetscan","MIMAT0000420","hsa-miR-30b-5p","LOX","4015","ENSG00000113083","-0.401","predicted"
"targetscan","MIMAT0000244","hsa-miR-30c-5p","LOX","4015","ENSG00000113083","-0.401","predicted"
"targetscan","MIMAT0000095","hsa-miR-96-5p","FN1","2335","ENSG00000115414","-0.422","predicted"
"targetscan","MIMAT0000086","hsa-miR-29a-3p","COL11A1","1301","ENSG00000060718","-0.423","predicted"
"targetscan","MIMAT0000100","hsa-miR-29b-3p","COL11A1","1301","ENSG00000060718","-0.423","predicted"
"targetscan","MIMAT0000681","hsa-miR-29c-3p","COL11A1","1301","ENSG00000060718","-0.423","predicted"
"targetscan","MIMAT0005796","hsa-miR-1271-5p","FN1","2335","ENSG00000115414","-0.427","predicted"
"targetscan","MIMAT0003281","hsa-miR-613","FN1","2335","ENSG00000115414","-0.437","predicted"
"targetscan","MIMAT0000415","hsa-let-7i-5p","COL3A1","1281","ENSG00000168542","-0.466","predicted"
"targetscan","MIMAT0000063","hsa-let-7b-5p","COL3A1","1281","ENSG00000168542","-0.466","predicted"
"targetscan","MIMAT0019036","hsa-miR-4500","COL3A1","1281","ENSG00000168542","-0.466","predicted"
"targetscan","MIMAT0000064","hsa-let-7c-5p","COL3A1","1281","ENSG00000168542","-0.474","predicted"
"targetscan","MIMAT0000066","hsa-let-7e-5p","COL3A1","1281","ENSG00000168542","-0.474","predicted"
"targetscan","MIMAT0000414","hsa-let-7g-5p","COL3A1","1281","ENSG00000168542","-0.474","predicted"
"targetscan","MIMAT0000096","hsa-miR-98-5p","COL3A1","1281","ENSG00000168542","-0.474","predicted"
"targetscan","MIMAT0000062","hsa-let-7a-5p","COL3A1","1281","ENSG00000168542","-0.474","predicted"
"targetscan","MIMAT0000067","hsa-let-7f-5p","COL3A1","1281","ENSG00000168542","-0.474","predicted"
"targetscan","MIMAT0000065","hsa-let-7d-5p","COL3A1","1281","ENSG00000168542","-0.492","predicted"
"targetscan","MIMAT0000770","hsa-miR-133b","COL8A1","1295","ENSG00000144810","-0.497","predicted"
"targetscan","","hsa-miR-133a-3p.2","COL8A1","1295","ENSG00000144810","-0.497","predicted"
"targetscan","MIMAT0018980","hsa-miR-4458","COL3A1","1281","ENSG00000168542","-0.5","predicted"
"targetscan","MIMAT0015064","hsa-miR-3184-5p","THBS3","7059","ENSG00000169231","-0.536","predicted"
"targetscan","MIMAT0004748","hsa-miR-423-5p","THBS3","7059","ENSG00000169231","-0.536","predicted"
"targetscan","MIMAT0000100","hsa-miR-29b-3p","COL3A1","1281","ENSG00000168542","-0.665","predicted"
"targetscan","MIMAT0000681","hsa-miR-29c-3p","COL3A1","1281","ENSG00000168542","-0.665","predicted"
"targetscan","MIMAT0000086","hsa-miR-29a-3p","COL3A1","1281","ENSG00000168542","-0.665","predicted"
"targetscan","MIMAT0000086","hsa-miR-29a-3p","COL3A1","1281","ENSG00000168542","-0.862","predicted"
"targetscan","MIMAT0000100","hsa-miR-29b-3p","COL3A1","1281","ENSG00000168542","-0.87","predicted"
"targetscan","MIMAT0000681","hsa-miR-29c-3p","COL3A1","1281","ENSG00000168542","-0.87","predicted"
