symbol,ensembl_id,gene_type,stromal_cells_expressing,total_stromal_cells,pct_stromal_cells_expressing_%,donors_expressing,total_donors,passes_primary_filter_ge1pct_ge2donors,credibility_status,credibility_rationale
MALAT1,ENSG00000251562,lncRNA,3532,3670,96.24,16,16,True,LOW_CREDIBILITY_CANDIDATE,Nuclear/housekeeping/promiscuous transcript; ubiquitous high expression non-specifically sponges miRNAs
ZFAS1,ENSG00000177410,lncRNA,3335,3670,90.872,16,16,True,ROBUST_CANDIDATE,Lineage-specific or moderate expression passing strict detection thresholds
NEAT1,ENSG00000245532,lncRNA,3162,3670,86.158,16,16,True,LOW_CREDIBILITY_CANDIDATE,Nuclear/housekeeping/promiscuous transcript; ubiquitous high expression non-specifically sponges miRNAs
SNHG29,ENSG00000175061,lncRNA,2999,3670,81.717,16,16,True,LOW_CREDIBILITY_CANDIDATE,Nuclear/housekeeping/promiscuous transcript; ubiquitous high expression non-specifically sponges miRNAs
SNHG5,ENSG00000203875,lncRNA,2985,3670,81.335,16,16,True,LOW_CREDIBILITY_CANDIDATE,Nuclear/housekeeping/promiscuous transcript; ubiquitous high expression non-specifically sponges miRNAs
GAS5,ENSG00000234741,lncRNA,2964,3670,80.763,16,16,True,LOW_CREDIBILITY_CANDIDATE,Nuclear/housekeeping/promiscuous transcript; ubiquitous high expression non-specifically sponges miRNAs
SNHG6,ENSG00000245910,lncRNA,2707,3670,73.76,16,16,True,LOW_CREDIBILITY_CANDIDATE,Nuclear/housekeeping/promiscuous transcript; ubiquitous high expression non-specifically sponges miRNAs
NORAD,ENSG00000260032,lncRNA,2544,3670,69.319,16,16,True,LOW_CREDIBILITY_CANDIDATE,Nuclear/housekeeping/promiscuous transcript; ubiquitous high expression non-specifically sponges miRNAs
SNHG8,ENSG00000269893,lncRNA,2442,3670,66.54,16,16,True,LOW_CREDIBILITY_CANDIDATE,Nuclear/housekeeping/promiscuous transcript; ubiquitous high expression non-specifically sponges miRNAs
SNHG16,ENSG00000163597,lncRNA,2402,3670,65.45,16,16,True,LOW_CREDIBILITY_CANDIDATE,Nuclear/housekeeping/promiscuous transcript; ubiquitous high expression non-specifically sponges miRNAs
SNHG7,ENSG00000233016,lncRNA,2327,3670,63.406,16,16,True,LOW_CREDIBILITY_CANDIDATE,Nuclear/housekeeping/promiscuous transcript; ubiquitous high expression non-specifically sponges miRNAs
LINC01133,ENSG00000224259,lncRNA,2238,3670,60.981,16,16,True,ROBUST_CANDIDATE,Lineage-specific or moderate expression passing strict detection thresholds
CYTOR,ENSG00000222041,lncRNA,2110,3670,57.493,16,16,True,ROBUST_CANDIDATE,Lineage-specific or moderate expression passing strict detection thresholds
FGD5-AS1,ENSG00000225733,lncRNA,2052,3670,55.913,16,16,True,ROBUST_CANDIDATE,Lineage-specific or moderate expression passing strict detection thresholds
MIR22HG,ENSG00000186594,lncRNA,2010,3670,54.768,16,16,True,ROBUST_CANDIDATE,Lineage-specific or moderate expression passing strict detection thresholds
OIP5-AS1,ENSG00000247556,lncRNA,1941,3670,52.888,16,16,True,ROBUST_CANDIDATE,Lineage-specific or moderate expression passing strict detection thresholds
EPB41L4A-AS1,ENSG00000224032,lncRNA,1940,3670,52.861,16,16,True,ROBUST_CANDIDATE,Lineage-specific or moderate expression passing strict detection thresholds
DANCR,ENSG00000226950,lncRNA,1915,3670,52.18,16,16,True,ROBUST_CANDIDATE,Lineage-specific or moderate expression passing strict detection thresholds
JPX,ENSG00000225470,lncRNA,1891,3670,51.526,16,16,True,ROBUST_CANDIDATE,Lineage-specific or moderate expression passing strict detection thresholds
NUTM2A-AS1,ENSG00000223482,lncRNA,1870,3670,50.954,16,16,True,ROBUST_CANDIDATE,Lineage-specific or moderate expression passing strict detection thresholds
SNHG32,ENSG00000204387,lncRNA,1808,3670,49.264,16,16,True,LOW_CREDIBILITY_CANDIDATE,Nuclear/housekeeping/promiscuous transcript; ubiquitous high expression non-specifically sponges miRNAs
MAGI2-AS3,ENSG00000234456,lncRNA,1803,3670,49.128,16,16,True,ROBUST_CANDIDATE,Lineage-specific or moderate expression passing strict detection thresholds
MIR4435-2HG,ENSG00000172965,lncRNA,1803,3670,49.128,16,16,True,ROBUST_CANDIDATE,Lineage-specific or moderate expression passing strict detection thresholds
TUG1,ENSG00000253352,lncRNA,1771,3670,48.256,16,16,True,ROBUST_CANDIDATE,Lineage-specific or moderate expression passing strict detection thresholds
OTUD6B-AS1,ENSG00000253738,lncRNA,1760,3670,47.956,16,16,True,ROBUST_CANDIDATE,Lineage-specific or moderate expression passing strict detection thresholds
THUMPD3-AS1,ENSG00000206573,lncRNA,1738,3670,47.357,16,16,True,ROBUST_CANDIDATE,Lineage-specific or moderate expression passing strict detection thresholds
MIR100HG,ENSG00000255248,lncRNA,1720,3670,46.866,15,16,True,ROBUST_CANDIDATE,Lineage-specific or moderate expression passing strict detection thresholds
EBLN3P,ENSG00000281649,lncRNA,1672,3670,45.559,16,16,True,ROBUST_CANDIDATE,Lineage-specific or moderate expression passing strict detection thresholds
SNHG3,ENSG00000242125,lncRNA,1664,3670,45.341,16,16,True,LOW_CREDIBILITY_CANDIDATE,Nuclear/housekeeping/promiscuous transcript; ubiquitous high expression non-specifically sponges miRNAs
NUTM2B-AS1,ENSG00000225484,lncRNA,1618,3670,44.087,15,16,True,ROBUST_CANDIDATE,Lineage-specific or moderate expression passing strict detection thresholds
PSMA3-AS1,ENSG00000257621,lncRNA,1599,3670,43.569,16,16,True,ROBUST_CANDIDATE,Lineage-specific or moderate expression passing strict detection thresholds
HOTAIRM1,ENSG00000233429,lncRNA,1596,3670,43.488,16,16,True,ROBUST_CANDIDATE,Lineage-specific or moderate expression passing strict detection thresholds
SNHG15,ENSG00000232956,lncRNA,1565,3670,42.643,16,16,True,LOW_CREDIBILITY_CANDIDATE,Nuclear/housekeeping/promiscuous transcript; ubiquitous high expression non-specifically sponges miRNAs
LINC-PINT,ENSG00000231721,lncRNA,1543,3670,42.044,16,16,True,ROBUST_CANDIDATE,Lineage-specific or moderate expression passing strict detection thresholds
XIST,ENSG00000229807,lncRNA,1531,3670,41.717,12,16,True,EXCLUDED_FROM_INTERPRETATION_DONOR_SEX,"Sex-linked (X-chromosome inactivation); variation reflects donor sex, not peritoneal biology"
SNHG12,ENSG00000197989,lncRNA,1521,3670,41.444,16,16,True,LOW_CREDIBILITY_CANDIDATE,Nuclear/housekeeping/promiscuous transcript; ubiquitous high expression non-specifically sponges miRNAs
FAM153CP,ENSG00000204677,lncRNA,1487,3670,40.518,14,16,True,ROBUST_CANDIDATE,Lineage-specific or moderate expression passing strict detection thresholds
RASSF8-AS1,ENSG00000246695,lncRNA,1483,3670,40.409,15,16,True,ROBUST_CANDIDATE,Lineage-specific or moderate expression passing strict detection thresholds
FTX,ENSG00000230590,lncRNA,1403,3670,38.229,16,16,True,ROBUST_CANDIDATE,Lineage-specific or moderate expression passing strict detection thresholds
LINC00667,ENSG00000263753,lncRNA,1402,3670,38.202,16,16,True,ROBUST_CANDIDATE,Lineage-specific or moderate expression passing strict detection thresholds
LINC00963,ENSG00000204054,lncRNA,1379,3670,37.575,16,16,True,ROBUST_CANDIDATE,Lineage-specific or moderate expression passing strict detection thresholds
KCNQ1OT1,ENSG00000269821,lncRNA,1377,3670,37.52,16,16,True,ROBUST_CANDIDATE,Lineage-specific or moderate expression passing strict detection thresholds
MUC20-OT1,ENSG00000242086,lncRNA,1335,3670,36.376,15,16,True,ROBUST_CANDIDATE,Lineage-specific or moderate expression passing strict detection thresholds
SNHG1,ENSG00000255717,lncRNA,1331,3670,36.267,16,16,True,LOW_CREDIBILITY_CANDIDATE,Nuclear/housekeeping/promiscuous transcript; ubiquitous high expression non-specifically sponges miRNAs
LINC02802,ENSG00000232527,lncRNA,1321,3670,35.995,15,16,True,ROBUST_CANDIDATE,Lineage-specific or moderate expression passing strict detection thresholds
SNHG9,ENSG00000255198,lncRNA,1295,3670,35.286,16,16,True,LOW_CREDIBILITY_CANDIDATE,Nuclear/housekeeping/promiscuous transcript; ubiquitous high expression non-specifically sponges miRNAs
ZNF667-AS1,ENSG00000166770,lncRNA,1247,3670,33.978,15,16,True,ROBUST_CANDIDATE,Lineage-specific or moderate expression passing strict detection thresholds
HCG18,ENSG00000231074,lncRNA,1246,3670,33.951,16,16,True,ROBUST_CANDIDATE,Lineage-specific or moderate expression passing strict detection thresholds
GABPB1-AS1,ENSG00000244879,lncRNA,1241,3670,33.815,16,16,True,ROBUST_CANDIDATE,Lineage-specific or moderate expression passing strict detection thresholds
SNHG25,ENSG00000266402,lncRNA,1235,3670,33.651,16,16,True,LOW_CREDIBILITY_CANDIDATE,Nuclear/housekeeping/promiscuous transcript; ubiquitous high expression non-specifically sponges miRNAs
LINC00665,ENSG00000232677,lncRNA,1224,3670,33.351,14,16,True,ROBUST_CANDIDATE,Lineage-specific or moderate expression passing strict detection thresholds
SNHG18,ENSG00000250786,lncRNA,1212,3670,33.025,15,16,True,LOW_CREDIBILITY_CANDIDATE,Nuclear/housekeeping/promiscuous transcript; ubiquitous high expression non-specifically sponges miRNAs
SNHG17,ENSG00000196756,lncRNA,1199,3670,32.67,15,16,True,LOW_CREDIBILITY_CANDIDATE,Nuclear/housekeeping/promiscuous transcript; ubiquitous high expression non-specifically sponges miRNAs
MEG3,ENSG00000214548,lncRNA,1195,3670,32.561,14,16,True,LOW_CREDIBILITY_CANDIDATE,Nuclear/housekeeping/promiscuous transcript; ubiquitous high expression non-specifically sponges miRNAs
ILF3-DT,ENSG00000267100,lncRNA,1194,3670,32.534,16,16,True,ROBUST_CANDIDATE,Lineage-specific or moderate expression passing strict detection thresholds
WAC-AS1,ENSG00000254635,lncRNA,1176,3670,32.044,14,16,True,ROBUST_CANDIDATE,Lineage-specific or moderate expression passing strict detection thresholds
GABPB1-IT1,ENSG00000285410,lncRNA,1157,3670,31.526,16,16,True,ROBUST_CANDIDATE,Lineage-specific or moderate expression passing strict detection thresholds
THAP9-AS1,ENSG00000251022,lncRNA,1138,3670,31.008,16,16,True,ROBUST_CANDIDATE,Lineage-specific or moderate expression passing strict detection thresholds
MIR222HG,ENSG00000270069,lncRNA,1132,3670,30.845,15,16,True,ROBUST_CANDIDATE,Lineage-specific or moderate expression passing strict detection thresholds
TP53TG1,ENSG00000182165,lncRNA,1130,3670,30.79,15,16,True,ROBUST_CANDIDATE,Lineage-specific or moderate expression passing strict detection thresholds
LINC00662,ENSG00000261824,lncRNA,1073,3670,29.237,16,16,True,ROBUST_CANDIDATE,Lineage-specific or moderate expression passing strict detection thresholds
MAPKAPK5-AS1,ENSG00000234608,lncRNA,1072,3670,29.21,16,16,True,ROBUST_CANDIDATE,Lineage-specific or moderate expression passing strict detection thresholds
LINC01003,ENSG00000261455,lncRNA,1065,3670,29.019,16,16,True,ROBUST_CANDIDATE,Lineage-specific or moderate expression passing strict detection thresholds
SNHG19,ENSG00000260260,lncRNA,1065,3670,29.019,16,16,True,LOW_CREDIBILITY_CANDIDATE,Nuclear/housekeeping/promiscuous transcript; ubiquitous high expression non-specifically sponges miRNAs
RAB30-DT,ENSG00000246067,lncRNA,1037,3670,28.256,15,16,True,ROBUST_CANDIDATE,Lineage-specific or moderate expression passing strict detection thresholds
H19,ENSG00000130600,lncRNA,1035,3670,28.202,16,16,True,LOW_CREDIBILITY_CANDIDATE,Nuclear/housekeeping/promiscuous transcript; ubiquitous high expression non-specifically sponges miRNAs
PPP1R14B-AS1,ENSG00000256940,lncRNA,1024,3670,27.902,14,16,True,ROBUST_CANDIDATE,Lineage-specific or moderate expression passing strict detection thresholds
SERTAD4-AS1,ENSG00000203706,lncRNA,982,3670,26.757,15,16,True,ROBUST_CANDIDATE,Lineage-specific or moderate expression passing strict detection thresholds
TMEM161B-AS1,ENSG00000247828,lncRNA,975,3670,26.567,16,16,True,ROBUST_CANDIDATE,Lineage-specific or moderate expression passing strict detection thresholds
TMEM99,ENSG00000167920,lncRNA,952,3670,25.94,15,16,True,ROBUST_CANDIDATE,Lineage-specific or moderate expression passing strict detection thresholds
CRIM1-DT,ENSG00000260025,lncRNA,944,3670,25.722,16,16,True,ROBUST_CANDIDATE,Lineage-specific or moderate expression passing strict detection thresholds
PVT1,ENSG00000249859,lncRNA,931,3670,25.368,15,16,True,ROBUST_CANDIDATE,Lineage-specific or moderate expression passing strict detection thresholds
ZSCAN16-AS1,ENSG00000269293,lncRNA,919,3670,25.041,16,16,True,ROBUST_CANDIDATE,Lineage-specific or moderate expression passing strict detection thresholds
UNC5B-AS1,ENSG00000237512,lncRNA,886,3670,24.142,14,16,True,ROBUST_CANDIDATE,Lineage-specific or moderate expression passing strict detection thresholds
MBNL1-AS1,ENSG00000229619,lncRNA,876,3670,23.869,15,16,True,ROBUST_CANDIDATE,Lineage-specific or moderate expression passing strict detection thresholds
MAP4K3-DT,ENSG00000231312,lncRNA,860,3670,23.433,14,16,True,ROBUST_CANDIDATE,Lineage-specific or moderate expression passing strict detection thresholds
GIHCG,ENSG00000257698,lncRNA,859,3670,23.406,15,16,True,ROBUST_CANDIDATE,Lineage-specific or moderate expression passing strict detection thresholds
SNHG30,ENSG00000267321,lncRNA,859,3670,23.406,15,16,True,LOW_CREDIBILITY_CANDIDATE,Nuclear/housekeeping/promiscuous transcript; ubiquitous high expression non-specifically sponges miRNAs
LINC00842,ENSG00000285294,lncRNA,847,3670,23.079,15,16,True,ROBUST_CANDIDATE,Lineage-specific or moderate expression passing strict detection thresholds
PAX8-AS1,ENSG00000189223,lncRNA,839,3670,22.861,16,16,True,ROBUST_CANDIDATE,Lineage-specific or moderate expression passing strict detection thresholds
SLC16A1-AS1,ENSG00000226419,lncRNA,838,3670,22.834,12,16,True,ROBUST_CANDIDATE,Lineage-specific or moderate expression passing strict detection thresholds
PITPNA-AS1,ENSG00000236618,lncRNA,837,3670,22.807,15,16,True,ROBUST_CANDIDATE,Lineage-specific or moderate expression passing strict detection thresholds
MIR99AHG,ENSG00000215386,lncRNA,831,3670,22.643,14,16,True,ROBUST_CANDIDATE,Lineage-specific or moderate expression passing strict detection thresholds
NOP14-AS1,ENSG00000249673,lncRNA,830,3670,22.616,15,16,True,ROBUST_CANDIDATE,Lineage-specific or moderate expression passing strict detection thresholds
LINC01184,ENSG00000245937,lncRNA,825,3670,22.48,15,16,True,ROBUST_CANDIDATE,Lineage-specific or moderate expression passing strict detection thresholds
SNHG14,ENSG00000224078,lncRNA,818,3670,22.289,15,16,True,LOW_CREDIBILITY_CANDIDATE,Nuclear/housekeeping/promiscuous transcript; ubiquitous high expression non-specifically sponges miRNAs
ATP2B1-AS1,ENSG00000271614,lncRNA,816,3670,22.234,16,16,True,ROBUST_CANDIDATE,Lineage-specific or moderate expression passing strict detection thresholds
EIF3J-DT,ENSG00000179523,lncRNA,800,3670,21.798,16,16,True,ROBUST_CANDIDATE,Lineage-specific or moderate expression passing strict detection thresholds
LINC02381,ENSG00000250742,lncRNA,786,3670,21.417,12,16,True,ROBUST_CANDIDATE,Lineage-specific or moderate expression passing strict detection thresholds
HAND2-AS1,ENSG00000237125,lncRNA,771,3670,21.008,11,16,True,ROBUST_CANDIDATE,Lineage-specific or moderate expression passing strict detection thresholds
TRIM52-AS1,ENSG00000248275,lncRNA,764,3670,20.817,16,16,True,ROBUST_CANDIDATE,Lineage-specific or moderate expression passing strict detection thresholds
PRR34-AS1,ENSG00000241990,lncRNA,758,3670,20.654,15,16,True,ROBUST_CANDIDATE,Lineage-specific or moderate expression passing strict detection thresholds
ALOX12-AS1,ENSG00000215067,lncRNA,749,3670,20.409,16,16,True,ROBUST_CANDIDATE,Lineage-specific or moderate expression passing strict detection thresholds
LINC01128,ENSG00000228794,lncRNA,747,3670,20.354,15,16,True,ROBUST_CANDIDATE,Lineage-specific or moderate expression passing strict detection thresholds
WT1-AS,ENSG00000183242,lncRNA,746,3670,20.327,13,16,True,ROBUST_CANDIDATE,Lineage-specific or moderate expression passing strict detection thresholds
SILC1,ENSG00000232044,lncRNA,743,3670,20.245,13,16,True,ROBUST_CANDIDATE,Lineage-specific or moderate expression passing strict detection thresholds
MIR4458HG,ENSG00000247516,lncRNA,734,3670,20.0,16,16,True,ROBUST_CANDIDATE,Lineage-specific or moderate expression passing strict detection thresholds
LINC01116,ENSG00000163364,lncRNA,725,3670,19.755,16,16,True,ROBUST_CANDIDATE,Lineage-specific or moderate expression passing strict detection thresholds
TPT1-AS1,ENSG00000170919,lncRNA,718,3670,19.564,15,16,True,ROBUST_CANDIDATE,Lineage-specific or moderate expression passing strict detection thresholds
HEIH,ENSG00000278970,lncRNA,713,3670,19.428,15,16,True,ROBUST_CANDIDATE,Lineage-specific or moderate expression passing strict detection thresholds
LINC01638,ENSG00000233521,lncRNA,701,3670,19.101,14,16,True,ROBUST_CANDIDATE,Lineage-specific or moderate expression passing strict detection thresholds
NR2F1-AS1,ENSG00000237187,lncRNA,679,3670,18.501,14,16,True,ROBUST_CANDIDATE,Lineage-specific or moderate expression passing strict detection thresholds
SNHG20,ENSG00000234912,lncRNA,673,3670,18.338,14,16,True,LOW_CREDIBILITY_CANDIDATE,Nuclear/housekeeping/promiscuous transcript; ubiquitous high expression non-specifically sponges miRNAs
LINC02154,ENSG00000235385,lncRNA,668,3670,18.202,16,16,True,ROBUST_CANDIDATE,Lineage-specific or moderate expression passing strict detection thresholds
CCDC18-AS1,ENSG00000223745,lncRNA,666,3670,18.147,15,16,True,ROBUST_CANDIDATE,Lineage-specific or moderate expression passing strict detection thresholds
HCG11,ENSG00000228223,lncRNA,649,3670,17.684,14,16,True,ROBUST_CANDIDATE,Lineage-specific or moderate expression passing strict detection thresholds
CRNDE,ENSG00000245694,lncRNA,647,3670,17.629,15,16,True,ROBUST_CANDIDATE,Lineage-specific or moderate expression passing strict detection thresholds
PCBP1-AS1,ENSG00000179818,lncRNA,643,3670,17.52,15,16,True,ROBUST_CANDIDATE,Lineage-specific or moderate expression passing strict detection thresholds
SNHG11,ENSG00000174365,lncRNA,639,3670,17.411,15,16,True,LOW_CREDIBILITY_CANDIDATE,Nuclear/housekeeping/promiscuous transcript; ubiquitous high expression non-specifically sponges miRNAs
MIR193BHG,ENSG00000262454,lncRNA,629,3670,17.139,14,16,True,ROBUST_CANDIDATE,Lineage-specific or moderate expression passing strict detection thresholds
MEG8,ENSG00000225746,lncRNA,629,3670,17.139,14,16,True,ROBUST_CANDIDATE,Lineage-specific or moderate expression passing strict detection thresholds
LINC00467,ENSG00000153363,lncRNA,621,3670,16.921,14,16,True,ROBUST_CANDIDATE,Lineage-specific or moderate expression passing strict detection thresholds
TTC28-AS1,ENSG00000235954,lncRNA,617,3670,16.812,16,16,True,ROBUST_CANDIDATE,Lineage-specific or moderate expression passing strict detection thresholds
DLGAP1-AS1,ENSG00000177337,lncRNA,615,3670,16.757,15,16,True,ROBUST_CANDIDATE,Lineage-specific or moderate expression passing strict detection thresholds
CD27-AS1,ENSG00000215039,lncRNA,610,3670,16.621,13,16,True,ROBUST_CANDIDATE,Lineage-specific or moderate expression passing strict detection thresholds
LINC00623,ENSG00000226067,lncRNA,609,3670,16.594,16,16,True,ROBUST_CANDIDATE,Lineage-specific or moderate expression passing strict detection thresholds
LINC00476,ENSG00000175611,lncRNA,608,3670,16.567,14,16,True,ROBUST_CANDIDATE,Lineage-specific or moderate expression passing strict detection thresholds
RNASEH1-AS1,ENSG00000234171,lncRNA,606,3670,16.512,15,16,True,ROBUST_CANDIDATE,Lineage-specific or moderate expression passing strict detection thresholds
DLEU2,ENSG00000231607,lncRNA,604,3670,16.458,16,16,True,ROBUST_CANDIDATE,Lineage-specific or moderate expression passing strict detection thresholds
LINC02762,ENSG00000250303,lncRNA,599,3670,16.322,16,16,True,ROBUST_CANDIDATE,Lineage-specific or moderate expression passing strict detection thresholds
HYMAI,ENSG00000283122,lncRNA,594,3670,16.185,13,16,True,ROBUST_CANDIDATE,Lineage-specific or moderate expression passing strict detection thresholds
LINC01278,ENSG00000235437,lncRNA,589,3670,16.049,13,16,True,ROBUST_CANDIDATE,Lineage-specific or moderate expression passing strict detection thresholds
LINC00342,ENSG00000232931,lncRNA,583,3670,15.886,13,16,True,ROBUST_CANDIDATE,Lineage-specific or moderate expression passing strict detection thresholds
RAB11B-AS1,ENSG00000269386,lncRNA,583,3670,15.886,14,16,True,ROBUST_CANDIDATE,Lineage-specific or moderate expression passing strict detection thresholds
CTBP1-DT,ENSG00000196810,lncRNA,574,3670,15.64,14,16,True,ROBUST_CANDIDATE,Lineage-specific or moderate expression passing strict detection thresholds
LINC00863,ENSG00000224914,lncRNA,571,3670,15.559,15,16,True,ROBUST_CANDIDATE,Lineage-specific or moderate expression passing strict detection thresholds
HELLPAR,ENSG00000281344,lncRNA,565,3670,15.395,12,16,True,ROBUST_CANDIDATE,Lineage-specific or moderate expression passing strict detection thresholds
NNT-AS1,ENSG00000248092,lncRNA,561,3670,15.286,12,16,True,ROBUST_CANDIDATE,Lineage-specific or moderate expression passing strict detection thresholds
ZNF433-AS1,ENSG00000219665,lncRNA,556,3670,15.15,14,16,True,ROBUST_CANDIDATE,Lineage-specific or moderate expression passing strict detection thresholds
OSER1-DT,ENSG00000223891,lncRNA,555,3670,15.123,14,16,True,ROBUST_CANDIDATE,Lineage-specific or moderate expression passing strict detection thresholds
TRAM2-AS1,ENSG00000225791,lncRNA,552,3670,15.041,13,16,True,ROBUST_CANDIDATE,Lineage-specific or moderate expression passing strict detection thresholds
GATA6-AS1,ENSG00000266010,lncRNA,552,3670,15.041,13,16,True,ROBUST_CANDIDATE,Lineage-specific or moderate expression passing strict detection thresholds
LINC02660,ENSG00000226005,lncRNA,541,3670,14.741,14,16,True,ROBUST_CANDIDATE,Lineage-specific or moderate expression passing strict detection thresholds
DHRS4-AS1,ENSG00000215256,lncRNA,541,3670,14.741,12,16,True,ROBUST_CANDIDATE,Lineage-specific or moderate expression passing strict detection thresholds
ZNF561-AS1,ENSG00000267106,lncRNA,526,3670,14.332,13,16,True,ROBUST_CANDIDATE,Lineage-specific or moderate expression passing strict detection thresholds
SNHG10,ENSG00000247092,lncRNA,523,3670,14.251,15,16,True,LOW_CREDIBILITY_CANDIDATE,Nuclear/housekeeping/promiscuous transcript; ubiquitous high expression non-specifically sponges miRNAs
ARRDC1-AS1,ENSG00000203993,lncRNA,519,3670,14.142,13,16,True,ROBUST_CANDIDATE,Lineage-specific or moderate expression passing strict detection thresholds
ZNF790-AS1,ENSG00000267254,lncRNA,519,3670,14.142,14,16,True,ROBUST_CANDIDATE,Lineage-specific or moderate expression passing strict detection thresholds
LINC02244,ENSG00000259590,lncRNA,516,3670,14.06,12,16,True,ROBUST_CANDIDATE,Lineage-specific or moderate expression passing strict detection thresholds
MIRLET7BHG,ENSG00000197182,lncRNA,514,3670,14.005,12,16,True,ROBUST_CANDIDATE,Lineage-specific or moderate expression passing strict detection thresholds
LINC01089,ENSG00000212694,lncRNA,509,3670,13.869,14,16,True,ROBUST_CANDIDATE,Lineage-specific or moderate expression passing strict detection thresholds
ZBED5-AS1,ENSG00000247271,lncRNA,504,3670,13.733,14,16,True,ROBUST_CANDIDATE,Lineage-specific or moderate expression passing strict detection thresholds
RAD51-AS1,ENSG00000245849,lncRNA,497,3670,13.542,16,16,True,ROBUST_CANDIDATE,Lineage-specific or moderate expression passing strict detection thresholds
MINCR,ENSG00000253716,lncRNA,494,3670,13.46,13,16,True,ROBUST_CANDIDATE,Lineage-specific or moderate expression passing strict detection thresholds
LINC00205,ENSG00000223768,lncRNA,489,3670,13.324,13,16,True,ROBUST_CANDIDATE,Lineage-specific or moderate expression passing strict detection thresholds
LINC00294,ENSG00000280798,lncRNA,488,3670,13.297,11,16,True,ROBUST_CANDIDATE,Lineage-specific or moderate expression passing strict detection thresholds
EXOC3-AS1,ENSG00000221990,lncRNA,487,3670,13.27,15,16,True,ROBUST_CANDIDATE,Lineage-specific or moderate expression passing strict detection thresholds
SFTA1P,ENSG00000225383,lncRNA,487,3670,13.27,13,16,True,ROBUST_CANDIDATE,Lineage-specific or moderate expression passing strict detection thresholds
URB1-AS1,ENSG00000256073,lncRNA,478,3670,13.025,14,16,True,ROBUST_CANDIDATE,Lineage-specific or moderate expression passing strict detection thresholds
HOXA-AS2,ENSG00000253552,lncRNA,477,3670,12.997,12,16,True,ROBUST_CANDIDATE,Lineage-specific or moderate expression passing strict detection thresholds
ARHGAP5-AS1,ENSG00000258655,lncRNA,476,3670,12.97,14,16,True,ROBUST_CANDIDATE,Lineage-specific or moderate expression passing strict detection thresholds
SCAMP1-AS1,ENSG00000245556,lncRNA,469,3670,12.779,16,16,True,ROBUST_CANDIDATE,Lineage-specific or moderate expression passing strict detection thresholds
RARA-AS1,ENSG00000265666,lncRNA,462,3670,12.589,14,16,True,ROBUST_CANDIDATE,Lineage-specific or moderate expression passing strict detection thresholds
LINC00632,ENSG00000203930,lncRNA,460,3670,12.534,11,16,True,ROBUST_CANDIDATE,Lineage-specific or moderate expression passing strict detection thresholds
MHENCR,ENSG00000232442,lncRNA,459,3670,12.507,16,16,True,ROBUST_CANDIDATE,Lineage-specific or moderate expression passing strict detection thresholds
NIPBL-DT,ENSG00000285967,lncRNA,450,3670,12.262,16,16,True,ROBUST_CANDIDATE,Lineage-specific or moderate expression passing strict detection thresholds
LINC00702,ENSG00000233117,lncRNA,449,3670,12.234,13,16,True,ROBUST_CANDIDATE,Lineage-specific or moderate expression passing strict detection thresholds
SNHG26,ENSG00000228649,lncRNA,446,3670,12.153,15,16,True,LOW_CREDIBILITY_CANDIDATE,Nuclear/housekeeping/promiscuous transcript; ubiquitous high expression non-specifically sponges miRNAs
MAN1B1-DT,ENSG00000268996,lncRNA,445,3670,12.125,14,16,True,ROBUST_CANDIDATE,Lineage-specific or moderate expression passing strict detection thresholds
AGAP2-AS1,ENSG00000255737,lncRNA,443,3670,12.071,13,16,True,ROBUST_CANDIDATE,Lineage-specific or moderate expression passing strict detection thresholds
SND1-IT1,ENSG00000279078,lncRNA,441,3670,12.016,14,16,True,ROBUST_CANDIDATE,Lineage-specific or moderate expression passing strict detection thresholds
LINC00707,ENSG00000238266,lncRNA,440,3670,11.989,14,16,True,ROBUST_CANDIDATE,Lineage-specific or moderate expression passing strict detection thresholds
FRMD6-AS1,ENSG00000273888,lncRNA,438,3670,11.935,13,16,True,ROBUST_CANDIDATE,Lineage-specific or moderate expression passing strict detection thresholds
DLEU1,ENSG00000176124,lncRNA,434,3670,11.826,14,16,True,ROBUST_CANDIDATE,Lineage-specific or moderate expression passing strict detection thresholds
LINP1,ENSG00000223784,lncRNA,432,3670,11.771,14,16,True,ROBUST_CANDIDATE,Lineage-specific or moderate expression passing strict detection thresholds
HOXD-AS2,ENSG00000237380,lncRNA,429,3670,11.689,12,16,True,ROBUST_CANDIDATE,Lineage-specific or moderate expression passing strict detection thresholds
ENTPD3-AS1,ENSG00000223797,lncRNA,428,3670,11.662,14,16,True,ROBUST_CANDIDATE,Lineage-specific or moderate expression passing strict detection thresholds
GMDS-DT,ENSG00000250903,lncRNA,428,3670,11.662,15,16,True,ROBUST_CANDIDATE,Lineage-specific or moderate expression passing strict detection thresholds
TMEM44-AS1,ENSG00000231770,lncRNA,424,3670,11.553,14,16,True,ROBUST_CANDIDATE,Lineage-specific or moderate expression passing strict detection thresholds
UBA6-AS1,ENSG00000248049,lncRNA,423,3670,11.526,16,16,True,ROBUST_CANDIDATE,Lineage-specific or moderate expression passing strict detection thresholds
ADIRF-AS1,ENSG00000272734,lncRNA,417,3670,11.362,13,16,True,ROBUST_CANDIDATE,Lineage-specific or moderate expression passing strict detection thresholds
LINC02614,ENSG00000241288,lncRNA,413,3670,11.253,10,16,True,ROBUST_CANDIDATE,Lineage-specific or moderate expression passing strict detection thresholds
HHIP-AS1,ENSG00000248890,lncRNA,413,3670,11.253,9,16,True,ROBUST_CANDIDATE,Lineage-specific or moderate expression passing strict detection thresholds
GASAL1,ENSG00000253669,lncRNA,402,3670,10.954,12,16,True,ROBUST_CANDIDATE,Lineage-specific or moderate expression passing strict detection thresholds
THAP7-AS1,ENSG00000230513,lncRNA,402,3670,10.954,16,16,True,ROBUST_CANDIDATE,Lineage-specific or moderate expression passing strict detection thresholds
C2orf27A,ENSG00000287151,lncRNA,401,3670,10.926,13,16,True,ROBUST_CANDIDATE,Lineage-specific or moderate expression passing strict detection thresholds
SBF2-AS1,ENSG00000246273,lncRNA,399,3670,10.872,13,16,True,ROBUST_CANDIDATE,Lineage-specific or moderate expression passing strict detection thresholds
TTN-AS1,ENSG00000237298,lncRNA,394,3670,10.736,14,16,True,ROBUST_CANDIDATE,Lineage-specific or moderate expression passing strict detection thresholds
NRAV,ENSG00000248008,lncRNA,393,3670,10.708,13,16,True,ROBUST_CANDIDATE,Lineage-specific or moderate expression passing strict detection thresholds
LINC01914,ENSG00000234362,lncRNA,392,3670,10.681,14,16,True,ROBUST_CANDIDATE,Lineage-specific or moderate expression passing strict detection thresholds
MIR3936HG,ENSG00000233006,lncRNA,392,3670,10.681,14,16,True,ROBUST_CANDIDATE,Lineage-specific or moderate expression passing strict detection thresholds
APTR,ENSG00000214293,lncRNA,391,3670,10.654,13,16,True,ROBUST_CANDIDATE,Lineage-specific or moderate expression passing strict detection thresholds
KMT2E-AS1,ENSG00000239569,lncRNA,390,3670,10.627,16,16,True,ROBUST_CANDIDATE,Lineage-specific or moderate expression passing strict detection thresholds
PAXIP1-AS2,ENSG00000214106,lncRNA,390,3670,10.627,12,16,True,ROBUST_CANDIDATE,Lineage-specific or moderate expression passing strict detection thresholds
GAS1RR,ENSG00000226237,lncRNA,389,3670,10.599,11,16,True,ROBUST_CANDIDATE,Lineage-specific or moderate expression passing strict detection thresholds
LOXL1-AS1,ENSG00000261801,lncRNA,388,3670,10.572,12,16,True,ROBUST_CANDIDATE,Lineage-specific or moderate expression passing strict detection thresholds
ERVK13-1,ENSG00000260565,lncRNA,384,3670,10.463,14,16,True,ROBUST_CANDIDATE,Lineage-specific or moderate expression passing strict detection thresholds
DGUOK-AS1,ENSG00000237883,lncRNA,381,3670,10.381,14,16,True,ROBUST_CANDIDATE,Lineage-specific or moderate expression passing strict detection thresholds
NIFK-AS1,ENSG00000236859,lncRNA,381,3670,10.381,14,16,True,ROBUST_CANDIDATE,Lineage-specific or moderate expression passing strict detection thresholds
DTX2P1-UPK3BP1-PMS2P11,ENSG00000265479,lncRNA,378,3670,10.3,13,16,True,ROBUST_CANDIDATE,Lineage-specific or moderate expression passing strict detection thresholds
LINC00513,ENSG00000233559,lncRNA,374,3670,10.191,13,16,True,ROBUST_CANDIDATE,Lineage-specific or moderate expression passing strict detection thresholds
MRPL20-AS1,ENSG00000224870,lncRNA,370,3670,10.082,14,16,True,ROBUST_CANDIDATE,Lineage-specific or moderate expression passing strict detection thresholds
MIR34AHG,ENSG00000228526,lncRNA,370,3670,10.082,13,16,True,ROBUST_CANDIDATE,Lineage-specific or moderate expression passing strict detection thresholds
B4GALT1-AS1,ENSG00000233554,lncRNA,369,3670,10.054,11,16,True,ROBUST_CANDIDATE,Lineage-specific or moderate expression passing strict detection thresholds
KDM7A-DT,ENSG00000260231,lncRNA,368,3670,10.027,14,16,True,ROBUST_CANDIDATE,Lineage-specific or moderate expression passing strict detection thresholds
MIR181A1HG,ENSG00000229989,lncRNA,361,3670,9.837,14,16,True,ROBUST_CANDIDATE,Lineage-specific or moderate expression passing strict detection thresholds
SPINT1-AS1,ENSG00000261183,lncRNA,361,3670,9.837,9,16,True,ROBUST_CANDIDATE,Lineage-specific or moderate expression passing strict detection thresholds
PIK3CD-AS2,ENSG00000231789,lncRNA,360,3670,9.809,11,16,True,ROBUST_CANDIDATE,Lineage-specific or moderate expression passing strict detection thresholds
HCP5,ENSG00000206337,lncRNA,359,3670,9.782,15,16,True,ROBUST_CANDIDATE,Lineage-specific or moderate expression passing strict detection thresholds
LINC00641,ENSG00000258441,lncRNA,351,3670,9.564,13,16,True,ROBUST_CANDIDATE,Lineage-specific or moderate expression passing strict detection thresholds
INTS6-AS1,ENSG00000236778,lncRNA,349,3670,9.51,14,16,True,ROBUST_CANDIDATE,Lineage-specific or moderate expression passing strict detection thresholds
APCDD1L-DT,ENSG00000231290,lncRNA,343,3670,9.346,11,16,True,ROBUST_CANDIDATE,Lineage-specific or moderate expression passing strict detection thresholds
MORC2-AS1,ENSG00000235989,lncRNA,341,3670,9.292,14,16,True,ROBUST_CANDIDATE,Lineage-specific or moderate expression passing strict detection thresholds
SBNO1-AS1,ENSG00000256092,lncRNA,338,3670,9.21,15,16,True,ROBUST_CANDIDATE,Lineage-specific or moderate expression passing strict detection thresholds
C1RL-AS1,ENSG00000205885,lncRNA,338,3670,9.21,13,16,True,ROBUST_CANDIDATE,Lineage-specific or moderate expression passing strict detection thresholds
LERFS,ENSG00000234665,lncRNA,337,3670,9.183,13,16,True,ROBUST_CANDIDATE,Lineage-specific or moderate expression passing strict detection thresholds
MIR29B2CHG,ENSG00000203709,lncRNA,334,3670,9.101,14,16,True,ROBUST_CANDIDATE,Lineage-specific or moderate expression passing strict detection thresholds
LINC00339,ENSG00000218510,lncRNA,333,3670,9.074,13,16,True,ROBUST_CANDIDATE,Lineage-specific or moderate expression passing strict detection thresholds
ZNF529-AS1,ENSG00000233527,lncRNA,332,3670,9.046,14,16,True,ROBUST_CANDIDATE,Lineage-specific or moderate expression passing strict detection thresholds
MAP3K2-DT,ENSG00000236682,lncRNA,330,3670,8.992,14,16,True,ROBUST_CANDIDATE,Lineage-specific or moderate expression passing strict detection thresholds
UBL7-AS1,ENSG00000247240,lncRNA,330,3670,8.992,14,16,True,ROBUST_CANDIDATE,Lineage-specific or moderate expression passing strict detection thresholds
DUXAP8,ENSG00000206195,lncRNA,328,3670,8.937,8,16,True,ROBUST_CANDIDATE,Lineage-specific or moderate expression passing strict detection thresholds
CASC15,ENSG00000272168,lncRNA,324,3670,8.828,12,16,True,ROBUST_CANDIDATE,Lineage-specific or moderate expression passing strict detection thresholds
LINC01504,ENSG00000225434,lncRNA,324,3670,8.828,14,16,True,ROBUST_CANDIDATE,Lineage-specific or moderate expression passing strict detection thresholds
ZBTB11-AS1,ENSG00000256628,lncRNA,321,3670,8.747,15,16,True,ROBUST_CANDIDATE,Lineage-specific or moderate expression passing strict detection thresholds
ZNF213-AS1,ENSG00000263072,lncRNA,315,3670,8.583,13,16,True,ROBUST_CANDIDATE,Lineage-specific or moderate expression passing strict detection thresholds
VIM-AS1,ENSG00000229124,lncRNA,314,3670,8.556,16,16,True,ROBUST_CANDIDATE,Lineage-specific or moderate expression passing strict detection thresholds
ZNF528-AS1,ENSG00000269834,lncRNA,314,3670,8.556,15,16,True,ROBUST_CANDIDATE,Lineage-specific or moderate expression passing strict detection thresholds
RALY-AS1,ENSG00000285230,lncRNA,313,3670,8.529,13,16,True,ROBUST_CANDIDATE,Lineage-specific or moderate expression passing strict detection thresholds
TRAF3IP2-AS1,ENSG00000231889,lncRNA,306,3670,8.338,15,16,True,ROBUST_CANDIDATE,Lineage-specific or moderate expression passing strict detection thresholds
LUCAT1,ENSG00000248323,lncRNA,305,3670,8.311,13,16,True,ROBUST_CANDIDATE,Lineage-specific or moderate expression passing strict detection thresholds
LINC02693,ENSG00000212719,lncRNA,299,3670,8.147,11,16,True,ROBUST_CANDIDATE,Lineage-specific or moderate expression passing strict detection thresholds
LINC00685,ENSG00000226179,lncRNA,298,3670,8.12,14,16,True,ROBUST_CANDIDATE,Lineage-specific or moderate expression passing strict detection thresholds
NRSN2-AS1,ENSG00000225377,lncRNA,297,3670,8.093,14,16,True,ROBUST_CANDIDATE,Lineage-specific or moderate expression passing strict detection thresholds
LINC02035,ENSG00000273033,lncRNA,296,3670,8.065,13,16,True,ROBUST_CANDIDATE,Lineage-specific or moderate expression passing strict detection thresholds
DLGAP1-AS4,ENSG00000263878,lncRNA,296,3670,8.065,10,16,True,ROBUST_CANDIDATE,Lineage-specific or moderate expression passing strict detection thresholds
BNC2-AS1,ENSG00000234779,lncRNA,293,3670,7.984,11,16,True,ROBUST_CANDIDATE,Lineage-specific or moderate expression passing strict detection thresholds
ELF3-AS1,ENSG00000234678,lncRNA,292,3670,7.956,11,16,True,ROBUST_CANDIDATE,Lineage-specific or moderate expression passing strict detection thresholds
SNHG4,ENSG00000281398,lncRNA,291,3670,7.929,14,16,True,LOW_CREDIBILITY_CANDIDATE,Nuclear/housekeeping/promiscuous transcript; ubiquitous high expression non-specifically sponges miRNAs
ST20-AS1,ENSG00000259642,lncRNA,290,3670,7.902,13,16,True,ROBUST_CANDIDATE,Lineage-specific or moderate expression passing strict detection thresholds
PARTICL,ENSG00000286532,lncRNA,288,3670,7.847,13,16,True,ROBUST_CANDIDATE,Lineage-specific or moderate expression passing strict detection thresholds
CBR3-AS1,ENSG00000236830,lncRNA,288,3670,7.847,12,16,True,ROBUST_CANDIDATE,Lineage-specific or moderate expression passing strict detection thresholds
PXN-AS1,ENSG00000255857,lncRNA,287,3670,7.82,12,16,True,ROBUST_CANDIDATE,Lineage-specific or moderate expression passing strict detection thresholds
PSMG3-AS1,ENSG00000230487,lncRNA,287,3670,7.82,11,16,True,ROBUST_CANDIDATE,Lineage-specific or moderate expression passing strict detection thresholds
KANSL1-AS1,ENSG00000214401,lncRNA,287,3670,7.82,15,16,True,ROBUST_CANDIDATE,Lineage-specific or moderate expression passing strict detection thresholds
DNAJC3-DT,ENSG00000247400,lncRNA,287,3670,7.82,13,16,True,ROBUST_CANDIDATE,Lineage-specific or moderate expression passing strict detection thresholds
PSMB8-AS1,ENSG00000204261,lncRNA,286,3670,7.793,15,16,True,ROBUST_CANDIDATE,Lineage-specific or moderate expression passing strict detection thresholds
ENTPD1-AS1,ENSG00000226688,lncRNA,283,3670,7.711,15,16,True,ROBUST_CANDIDATE,Lineage-specific or moderate expression passing strict detection thresholds
PCCA-DT,ENSG00000274605,lncRNA,280,3670,7.629,10,16,True,ROBUST_CANDIDATE,Lineage-specific or moderate expression passing strict detection thresholds
HMGN3-AS1,ENSG00000270362,lncRNA,280,3670,7.629,12,16,True,ROBUST_CANDIDATE,Lineage-specific or moderate expression passing strict detection thresholds
MIR31HG,ENSG00000171889,lncRNA,280,3670,7.629,10,16,True,ROBUST_CANDIDATE,Lineage-specific or moderate expression passing strict detection thresholds
LINC00511,ENSG00000227036,lncRNA,278,3670,7.575,13,16,True,ROBUST_CANDIDATE,Lineage-specific or moderate expression passing strict detection thresholds
ZEB1-AS1,ENSG00000237036,lncRNA,277,3670,7.548,12,16,True,ROBUST_CANDIDATE,Lineage-specific or moderate expression passing strict detection thresholds
C6orf99,ENSG00000203711,lncRNA,275,3670,7.493,14,16,True,ROBUST_CANDIDATE,Lineage-specific or moderate expression passing strict detection thresholds
BDNF-AS,ENSG00000245573,lncRNA,271,3670,7.384,12,16,True,ROBUST_CANDIDATE,Lineage-specific or moderate expression passing strict detection thresholds
SNHG21,ENSG00000250988,lncRNA,268,3670,7.302,11,16,True,LOW_CREDIBILITY_CANDIDATE,Nuclear/housekeeping/promiscuous transcript; ubiquitous high expression non-specifically sponges miRNAs
ZKSCAN2-DT,ENSG00000274925,lncRNA,265,3670,7.221,13,16,True,ROBUST_CANDIDATE,Lineage-specific or moderate expression passing strict detection thresholds
MIR210HG,ENSG00000247095,lncRNA,264,3670,7.193,12,16,True,ROBUST_CANDIDATE,Lineage-specific or moderate expression passing strict detection thresholds
MSC-AS1,ENSG00000235531,lncRNA,262,3670,7.139,10,16,True,ROBUST_CANDIDATE,Lineage-specific or moderate expression passing strict detection thresholds
UBE2D3-AS1,ENSG00000246560,lncRNA,261,3670,7.112,10,16,True,ROBUST_CANDIDATE,Lineage-specific or moderate expression passing strict detection thresholds
LINC01139,ENSG00000215808,lncRNA,260,3670,7.084,13,16,True,ROBUST_CANDIDATE,Lineage-specific or moderate expression passing strict detection thresholds
PCAT6,ENSG00000228288,lncRNA,260,3670,7.084,12,16,True,ROBUST_CANDIDATE,Lineage-specific or moderate expression passing strict detection thresholds
ZFHX2-AS1,ENSG00000157306,lncRNA,259,3670,7.057,13,16,True,ROBUST_CANDIDATE,Lineage-specific or moderate expression passing strict detection thresholds
DUBR,ENSG00000243701,lncRNA,259,3670,7.057,9,16,True,ROBUST_CANDIDATE,Lineage-specific or moderate expression passing strict detection thresholds
ROR1-AS1,ENSG00000223949,lncRNA,259,3670,7.057,8,16,True,ROBUST_CANDIDATE,Lineage-specific or moderate expression passing strict detection thresholds
PARD6G-AS1,ENSG00000267270,lncRNA,258,3670,7.03,14,16,True,ROBUST_CANDIDATE,Lineage-specific or moderate expression passing strict detection thresholds
FBXL19-AS1,ENSG00000260852,lncRNA,258,3670,7.03,12,16,True,ROBUST_CANDIDATE,Lineage-specific or moderate expression passing strict detection thresholds
LINC00324,ENSG00000178977,lncRNA,258,3670,7.03,14,16,True,ROBUST_CANDIDATE,Lineage-specific or moderate expression passing strict detection thresholds
ASH1L-AS1,ENSG00000235919,lncRNA,253,3670,6.894,15,16,True,ROBUST_CANDIDATE,Lineage-specific or moderate expression passing strict detection thresholds
OLMALINC,ENSG00000235823,lncRNA,253,3670,6.894,13,16,True,ROBUST_CANDIDATE,Lineage-specific or moderate expression passing strict detection thresholds
BAIAP2-DT,ENSG00000226137,lncRNA,252,3670,6.866,13,16,True,ROBUST_CANDIDATE,Lineage-specific or moderate expression passing strict detection thresholds
RTCA-AS1,ENSG00000224616,lncRNA,251,3670,6.839,13,16,True,ROBUST_CANDIDATE,Lineage-specific or moderate expression passing strict detection thresholds
LINC00857,ENSG00000237523,lncRNA,251,3670,6.839,9,16,True,ROBUST_CANDIDATE,Lineage-specific or moderate expression passing strict detection thresholds
CARD8-AS1,ENSG00000268001,lncRNA,250,3670,6.812,14,16,True,ROBUST_CANDIDATE,Lineage-specific or moderate expression passing strict detection thresholds
DANT2,ENSG00000235244,lncRNA,249,3670,6.785,10,16,True,ROBUST_CANDIDATE,Lineage-specific or moderate expression passing strict detection thresholds
GPRC5D-AS1,ENSG00000247498,lncRNA,248,3670,6.757,15,16,True,ROBUST_CANDIDATE,Lineage-specific or moderate expression passing strict detection thresholds
SGMS1-AS1,ENSG00000226200,lncRNA,248,3670,6.757,13,16,True,ROBUST_CANDIDATE,Lineage-specific or moderate expression passing strict detection thresholds
TM4SF1-AS1,ENSG00000240541,lncRNA,248,3670,6.757,14,16,True,ROBUST_CANDIDATE,Lineage-specific or moderate expression passing strict detection thresholds
MZF1-AS1,ENSG00000267858,lncRNA,248,3670,6.757,12,16,True,ROBUST_CANDIDATE,Lineage-specific or moderate expression passing strict detection thresholds
DAPK1-IT1,ENSG00000236709,lncRNA,248,3670,6.757,12,16,True,ROBUST_CANDIDATE,Lineage-specific or moderate expression passing strict detection thresholds
HOXB-AS1,ENSG00000230148,lncRNA,247,3670,6.73,11,16,True,ROBUST_CANDIDATE,Lineage-specific or moderate expression passing strict detection thresholds
MAFG-DT,ENSG00000265688,lncRNA,246,3670,6.703,12,16,True,ROBUST_CANDIDATE,Lineage-specific or moderate expression passing strict detection thresholds
HDAC4-AS1,ENSG00000222020,lncRNA,246,3670,6.703,14,16,True,ROBUST_CANDIDATE,Lineage-specific or moderate expression passing strict detection thresholds
RNF139-AS1,ENSG00000245149,lncRNA,245,3670,6.676,13,16,True,ROBUST_CANDIDATE,Lineage-specific or moderate expression passing strict detection thresholds
PCOTH,ENSG00000205861,lncRNA,245,3670,6.676,11,16,True,ROBUST_CANDIDATE,Lineage-specific or moderate expression passing strict detection thresholds
SUCLG2-AS1,ENSG00000241316,lncRNA,244,3670,6.649,10,16,True,ROBUST_CANDIDATE,Lineage-specific or moderate expression passing strict detection thresholds
FAM215B,ENSG00000232300,lncRNA,243,3670,6.621,11,16,True,ROBUST_CANDIDATE,Lineage-specific or moderate expression passing strict detection thresholds
LINC00472,ENSG00000233237,lncRNA,242,3670,6.594,11,16,True,ROBUST_CANDIDATE,Lineage-specific or moderate expression passing strict detection thresholds
LINC01503,ENSG00000233901,lncRNA,242,3670,6.594,11,16,True,ROBUST_CANDIDATE,Lineage-specific or moderate expression passing strict detection thresholds
MKLN1-AS,ENSG00000236753,lncRNA,242,3670,6.594,11,16,True,ROBUST_CANDIDATE,Lineage-specific or moderate expression passing strict detection thresholds
LINC02511,ENSG00000248869,lncRNA,241,3670,6.567,5,16,True,ROBUST_CANDIDATE,Lineage-specific or moderate expression passing strict detection thresholds
HLA-F-AS1,ENSG00000214922,lncRNA,240,3670,6.54,13,16,True,ROBUST_CANDIDATE,Lineage-specific or moderate expression passing strict detection thresholds
POC1B-AS1,ENSG00000270344,lncRNA,239,3670,6.512,12,16,True,ROBUST_CANDIDATE,Lineage-specific or moderate expression passing strict detection thresholds
LINC00630,ENSG00000223546,lncRNA,239,3670,6.512,12,16,True,ROBUST_CANDIDATE,Lineage-specific or moderate expression passing strict detection thresholds
COA6-AS1,ENSG00000231663,lncRNA,237,3670,6.458,14,16,True,ROBUST_CANDIDATE,Lineage-specific or moderate expression passing strict detection thresholds
LINC00520,ENSG00000258791,lncRNA,237,3670,6.458,12,16,True,ROBUST_CANDIDATE,Lineage-specific or moderate expression passing strict detection thresholds
LINC00847,ENSG00000245060,lncRNA,236,3670,6.431,14,16,True,ROBUST_CANDIDATE,Lineage-specific or moderate expression passing strict detection thresholds
MIR762HG,ENSG00000260083,lncRNA,235,3670,6.403,14,16,True,ROBUST_CANDIDATE,Lineage-specific or moderate expression passing strict detection thresholds
STAG3L5P-PVRIG2P-PILRB,ENSG00000272752,lncRNA,234,3670,6.376,13,16,True,ROBUST_CANDIDATE,Lineage-specific or moderate expression passing strict detection thresholds
NUP50-DT,ENSG00000226328,lncRNA,233,3670,6.349,13,16,True,ROBUST_CANDIDATE,Lineage-specific or moderate expression passing strict detection thresholds
PCED1B-AS1,ENSG00000247774,lncRNA,233,3670,6.349,16,16,True,ROBUST_CANDIDATE,Lineage-specific or moderate expression passing strict detection thresholds
PPP3CB-AS1,ENSG00000221817,lncRNA,233,3670,6.349,11,16,True,ROBUST_CANDIDATE,Lineage-specific or moderate expression passing strict detection thresholds
PICSAR,ENSG00000275874,lncRNA,232,3670,6.322,14,16,True,ROBUST_CANDIDATE,Lineage-specific or moderate expression passing strict detection thresholds
CHROMR,ENSG00000223960,lncRNA,232,3670,6.322,11,16,True,ROBUST_CANDIDATE,Lineage-specific or moderate expression passing strict detection thresholds
ZNF295-AS1,ENSG00000237232,lncRNA,231,3670,6.294,12,16,True,ROBUST_CANDIDATE,Lineage-specific or moderate expression passing strict detection thresholds
LINC01137,ENSG00000233621,lncRNA,230,3670,6.267,11,16,True,ROBUST_CANDIDATE,Lineage-specific or moderate expression passing strict detection thresholds
NDUFV2-AS1,ENSG00000266053,lncRNA,230,3670,6.267,11,16,True,ROBUST_CANDIDATE,Lineage-specific or moderate expression passing strict detection thresholds
ARMCX5-GPRASP2,ENSG00000271147,lncRNA,228,3670,6.213,12,16,True,ROBUST_CANDIDATE,Lineage-specific or moderate expression passing strict detection thresholds
MIATNB,ENSG00000244625,lncRNA,227,3670,6.185,12,16,True,ROBUST_CANDIDATE,Lineage-specific or moderate expression passing strict detection thresholds
ASB16-AS1,ENSG00000267080,lncRNA,225,3670,6.131,12,16,True,ROBUST_CANDIDATE,Lineage-specific or moderate expression passing strict detection thresholds
SREBF2-AS1,ENSG00000184068,lncRNA,225,3670,6.131,14,16,True,ROBUST_CANDIDATE,Lineage-specific or moderate expression passing strict detection thresholds
TTTY14,ENSG00000176728,lncRNA,224,3670,6.104,4,16,True,ROBUST_CANDIDATE,Lineage-specific or moderate expression passing strict detection thresholds
CDKN2B-AS1,ENSG00000240498,lncRNA,222,3670,6.049,10,16,True,ROBUST_CANDIDATE,Lineage-specific or moderate expression passing strict detection thresholds
LINC02595,ENSG00000231566,lncRNA,221,3670,6.022,13,16,True,ROBUST_CANDIDATE,Lineage-specific or moderate expression passing strict detection thresholds
TYMSOS,ENSG00000176912,lncRNA,220,3670,5.995,11,16,True,ROBUST_CANDIDATE,Lineage-specific or moderate expression passing strict detection thresholds
CAPN10-DT,ENSG00000260942,lncRNA,218,3670,5.94,13,16,True,ROBUST_CANDIDATE,Lineage-specific or moderate expression passing strict detection thresholds
NCK1-DT,ENSG00000239213,lncRNA,218,3670,5.94,13,16,True,ROBUST_CANDIDATE,Lineage-specific or moderate expression passing strict detection thresholds
LINC02256,ENSG00000261064,lncRNA,217,3670,5.913,12,16,True,ROBUST_CANDIDATE,Lineage-specific or moderate expression passing strict detection thresholds
CHKB-DT,ENSG00000205559,lncRNA,217,3670,5.913,13,16,True,ROBUST_CANDIDATE,Lineage-specific or moderate expression passing strict detection thresholds
UCA1,ENSG00000214049,lncRNA,214,3670,5.831,5,16,True,ROBUST_CANDIDATE,Lineage-specific or moderate expression passing strict detection thresholds
ZNF674-AS1,ENSG00000230844,lncRNA,213,3670,5.804,13,16,True,ROBUST_CANDIDATE,Lineage-specific or moderate expression passing strict detection thresholds
MRPS30-DT,ENSG00000251141,lncRNA,213,3670,5.804,10,16,True,ROBUST_CANDIDATE,Lineage-specific or moderate expression passing strict detection thresholds
LINC00545,ENSG00000236094,lncRNA,211,3670,5.749,9,16,True,ROBUST_CANDIDATE,Lineage-specific or moderate expression passing strict detection thresholds
RELA-DT,ENSG00000285533,lncRNA,210,3670,5.722,12,16,True,ROBUST_CANDIDATE,Lineage-specific or moderate expression passing strict detection thresholds
LINC01550,ENSG00000246223,lncRNA,210,3670,5.722,14,16,True,ROBUST_CANDIDATE,Lineage-specific or moderate expression passing strict detection thresholds
LINC01970,ENSG00000265692,lncRNA,209,3670,5.695,12,16,True,ROBUST_CANDIDATE,Lineage-specific or moderate expression passing strict detection thresholds
EMX2OS,ENSG00000229847,lncRNA,209,3670,5.695,10,16,True,ROBUST_CANDIDATE,Lineage-specific or moderate expression passing strict detection thresholds
WDFY3-AS2,ENSG00000180769,lncRNA,209,3670,5.695,10,16,True,ROBUST_CANDIDATE,Lineage-specific or moderate expression passing strict detection thresholds
HOXB-AS3,ENSG00000233101,lncRNA,208,3670,5.668,11,16,True,ROBUST_CANDIDATE,Lineage-specific or moderate expression passing strict detection thresholds
BOLA3-AS1,ENSG00000225439,lncRNA,208,3670,5.668,14,16,True,ROBUST_CANDIDATE,Lineage-specific or moderate expression passing strict detection thresholds
AFDN-DT,ENSG00000198221,lncRNA,207,3670,5.64,13,16,True,ROBUST_CANDIDATE,Lineage-specific or moderate expression passing strict detection thresholds
ST7-AS1,ENSG00000227199,lncRNA,206,3670,5.613,12,16,True,ROBUST_CANDIDATE,Lineage-specific or moderate expression passing strict detection thresholds
LINC00884,ENSG00000233058,lncRNA,206,3670,5.613,10,16,True,ROBUST_CANDIDATE,Lineage-specific or moderate expression passing strict detection thresholds
SEMA3B-AS1,ENSG00000232352,lncRNA,205,3670,5.586,11,16,True,ROBUST_CANDIDATE,Lineage-specific or moderate expression passing strict detection thresholds
SRP14-AS1,ENSG00000248508,lncRNA,203,3670,5.531,12,16,True,ROBUST_CANDIDATE,Lineage-specific or moderate expression passing strict detection thresholds
MYLK-AS1,ENSG00000239523,lncRNA,199,3670,5.422,12,16,True,ROBUST_CANDIDATE,Lineage-specific or moderate expression passing strict detection thresholds
OSMR-AS1,ENSG00000249740,lncRNA,199,3670,5.422,12,16,True,ROBUST_CANDIDATE,Lineage-specific or moderate expression passing strict detection thresholds
EMC1-AS1,ENSG00000230424,lncRNA,198,3670,5.395,11,16,True,ROBUST_CANDIDATE,Lineage-specific or moderate expression passing strict detection thresholds
LIPE-AS1,ENSG00000213904,lncRNA,198,3670,5.395,12,16,True,ROBUST_CANDIDATE,Lineage-specific or moderate expression passing strict detection thresholds
CKMT2-AS1,ENSG00000247572,lncRNA,196,3670,5.341,13,16,True,ROBUST_CANDIDATE,Lineage-specific or moderate expression passing strict detection thresholds
MIR4453HG,ENSG00000268471,lncRNA,196,3670,5.341,13,16,True,ROBUST_CANDIDATE,Lineage-specific or moderate expression passing strict detection thresholds
LINC02482,ENSG00000251580,lncRNA,195,3670,5.313,12,16,True,ROBUST_CANDIDATE,Lineage-specific or moderate expression passing strict detection thresholds
N4BP2L2-IT2,ENSG00000281026,lncRNA,194,3670,5.286,13,16,True,ROBUST_CANDIDATE,Lineage-specific or moderate expression passing strict detection thresholds
SMCR5,ENSG00000226746,lncRNA,194,3670,5.286,12,16,True,ROBUST_CANDIDATE,Lineage-specific or moderate expression passing strict detection thresholds
RAP2C-AS1,ENSG00000232160,lncRNA,193,3670,5.259,9,16,True,ROBUST_CANDIDATE,Lineage-specific or moderate expression passing strict detection thresholds
CASC2,ENSG00000177640,lncRNA,193,3670,5.259,12,16,True,ROBUST_CANDIDATE,Lineage-specific or moderate expression passing strict detection thresholds
PRICKLE2-AS1,ENSG00000241572,lncRNA,192,3670,5.232,12,16,True,ROBUST_CANDIDATE,Lineage-specific or moderate expression passing strict detection thresholds
GUSBP11,ENSG00000228315,lncRNA,192,3670,5.232,14,16,True,ROBUST_CANDIDATE,Lineage-specific or moderate expression passing strict detection thresholds
COX10-AS1,ENSG00000236088,lncRNA,191,3670,5.204,11,16,True,ROBUST_CANDIDATE,Lineage-specific or moderate expression passing strict detection thresholds
LINC00663,ENSG00000266904,lncRNA,190,3670,5.177,11,16,True,ROBUST_CANDIDATE,Lineage-specific or moderate expression passing strict detection thresholds
VPS13B-DT,ENSG00000253948,lncRNA,190,3670,5.177,13,16,True,ROBUST_CANDIDATE,Lineage-specific or moderate expression passing strict detection thresholds
NPTN-IT1,ENSG00000281183,lncRNA,189,3670,5.15,12,16,True,ROBUST_CANDIDATE,Lineage-specific or moderate expression passing strict detection thresholds
RMRP,ENSG00000269900,lncRNA,188,3670,5.123,15,16,True,ROBUST_CANDIDATE,Lineage-specific or moderate expression passing strict detection thresholds
LINC01534,ENSG00000225975,lncRNA,188,3670,5.123,11,16,True,ROBUST_CANDIDATE,Lineage-specific or moderate expression passing strict detection thresholds
LINC01023,ENSG00000272523,lncRNA,187,3670,5.095,12,16,True,ROBUST_CANDIDATE,Lineage-specific or moderate expression passing strict detection thresholds
LINC00174,ENSG00000179406,lncRNA,187,3670,5.095,13,16,True,ROBUST_CANDIDATE,Lineage-specific or moderate expression passing strict detection thresholds
ERICH6-AS1,ENSG00000240137,lncRNA,187,3670,5.095,11,16,True,ROBUST_CANDIDATE,Lineage-specific or moderate expression passing strict detection thresholds
LINC00592,ENSG00000258279,lncRNA,187,3670,5.095,13,16,True,ROBUST_CANDIDATE,Lineage-specific or moderate expression passing strict detection thresholds
ZNF503-AS2,ENSG00000237149,lncRNA,182,3670,4.959,13,16,True,ROBUST_CANDIDATE,Lineage-specific or moderate expression passing strict detection thresholds
NBR2,ENSG00000198496,lncRNA,182,3670,4.959,14,16,True,ROBUST_CANDIDATE,Lineage-specific or moderate expression passing strict detection thresholds
LINC00115,ENSG00000225880,lncRNA,182,3670,4.959,11,16,True,ROBUST_CANDIDATE,Lineage-specific or moderate expression passing strict detection thresholds
LINC01322,ENSG00000244128,lncRNA,181,3670,4.932,7,16,True,ROBUST_CANDIDATE,Lineage-specific or moderate expression passing strict detection thresholds
ZNF436-AS1,ENSG00000249087,lncRNA,180,3670,4.905,13,16,True,ROBUST_CANDIDATE,Lineage-specific or moderate expression passing strict detection thresholds
MIAT,ENSG00000225783,lncRNA,178,3670,4.85,14,16,True,ROBUST_CANDIDATE,Lineage-specific or moderate expression passing strict detection thresholds
DNM3OS,ENSG00000230630,lncRNA,178,3670,4.85,9,16,True,ROBUST_CANDIDATE,Lineage-specific or moderate expression passing strict detection thresholds
LINC01465,ENSG00000221949,lncRNA,178,3670,4.85,9,16,True,ROBUST_CANDIDATE,Lineage-specific or moderate expression passing strict detection thresholds
DLGAP1-AS2,ENSG00000262001,lncRNA,178,3670,4.85,12,16,True,ROBUST_CANDIDATE,Lineage-specific or moderate expression passing strict detection thresholds
FGF14-AS2,ENSG00000272143,lncRNA,178,3670,4.85,10,16,True,ROBUST_CANDIDATE,Lineage-specific or moderate expression passing strict detection thresholds
WARS2-AS1,ENSG00000231365,lncRNA,178,3670,4.85,11,16,True,ROBUST_CANDIDATE,Lineage-specific or moderate expression passing strict detection thresholds
LINC01355,ENSG00000261326,lncRNA,177,3670,4.823,10,16,True,ROBUST_CANDIDATE,Lineage-specific or moderate expression passing strict detection thresholds
LINC01705,ENSG00000232679,lncRNA,177,3670,4.823,8,16,True,ROBUST_CANDIDATE,Lineage-specific or moderate expression passing strict detection thresholds
A1BG-AS1,ENSG00000268895,lncRNA,176,3670,4.796,12,16,True,ROBUST_CANDIDATE,Lineage-specific or moderate expression passing strict detection thresholds
ARHGAP27P1-BPTFP1-KPNA2P3,ENSG00000215769,lncRNA,173,3670,4.714,12,16,True,ROBUST_CANDIDATE,Lineage-specific or moderate expression passing strict detection thresholds
LNCTAM34A,ENSG00000234546,lncRNA,173,3670,4.714,12,16,True,ROBUST_CANDIDATE,Lineage-specific or moderate expression passing strict detection thresholds
LINC01588,ENSG00000214900,lncRNA,172,3670,4.687,13,16,True,ROBUST_CANDIDATE,Lineage-specific or moderate expression passing strict detection thresholds
LINC01358,ENSG00000237352,lncRNA,172,3670,4.687,13,16,True,ROBUST_CANDIDATE,Lineage-specific or moderate expression passing strict detection thresholds
FAM27C,ENSG00000231527,lncRNA,171,3670,4.659,12,16,True,ROBUST_CANDIDATE,Lineage-specific or moderate expression passing strict detection thresholds
LINC01963,ENSG00000260804,lncRNA,171,3670,4.659,10,16,True,ROBUST_CANDIDATE,Lineage-specific or moderate expression passing strict detection thresholds
FOXN3-AS1,ENSG00000258920,lncRNA,169,3670,4.605,13,16,True,ROBUST_CANDIDATE,Lineage-specific or moderate expression passing strict detection thresholds
LINC00921,ENSG00000281005,lncRNA,168,3670,4.578,11,16,True,ROBUST_CANDIDATE,Lineage-specific or moderate expression passing strict detection thresholds
RBPMS-AS1,ENSG00000254109,lncRNA,167,3670,4.55,12,16,True,ROBUST_CANDIDATE,Lineage-specific or moderate expression passing strict detection thresholds
LINC02057,ENSG00000249279,lncRNA,166,3670,4.523,9,16,True,ROBUST_CANDIDATE,Lineage-specific or moderate expression passing strict detection thresholds
COLCA1,ENSG00000196167,lncRNA,165,3670,4.496,10,16,True,ROBUST_CANDIDATE,Lineage-specific or moderate expression passing strict detection thresholds
LINC00578,ENSG00000228221,lncRNA,165,3670,4.496,11,16,True,ROBUST_CANDIDATE,Lineage-specific or moderate expression passing strict detection thresholds
LINC02591,ENSG00000263590,lncRNA,163,3670,4.441,11,16,True,ROBUST_CANDIDATE,Lineage-specific or moderate expression passing strict detection thresholds
HCG25,ENSG00000232940,lncRNA,161,3670,4.387,12,16,True,ROBUST_CANDIDATE,Lineage-specific or moderate expression passing strict detection thresholds
ATP1A1-AS1,ENSG00000203865,lncRNA,161,3670,4.387,12,16,True,ROBUST_CANDIDATE,Lineage-specific or moderate expression passing strict detection thresholds
TBILA,ENSG00000261488,lncRNA,159,3670,4.332,11,16,True,ROBUST_CANDIDATE,Lineage-specific or moderate expression passing strict detection thresholds
ITGA9-AS1,ENSG00000235257,lncRNA,159,3670,4.332,12,16,True,ROBUST_CANDIDATE,Lineage-specific or moderate expression passing strict detection thresholds
RBM26-AS1,ENSG00000227354,lncRNA,159,3670,4.332,11,16,True,ROBUST_CANDIDATE,Lineage-specific or moderate expression passing strict detection thresholds
LINC01006,ENSG00000182648,lncRNA,158,3670,4.305,11,16,True,ROBUST_CANDIDATE,Lineage-specific or moderate expression passing strict detection thresholds
PAQR9-AS1,ENSG00000241570,lncRNA,158,3670,4.305,10,16,True,ROBUST_CANDIDATE,Lineage-specific or moderate expression passing strict detection thresholds
LINC01186,ENSG00000236751,lncRNA,157,3670,4.278,10,16,True,ROBUST_CANDIDATE,Lineage-specific or moderate expression passing strict detection thresholds
NDUFB2-AS1,ENSG00000240889,lncRNA,156,3670,4.251,10,16,True,ROBUST_CANDIDATE,Lineage-specific or moderate expression passing strict detection thresholds
TMEM147-AS1,ENSG00000236144,lncRNA,155,3670,4.223,12,16,True,ROBUST_CANDIDATE,Lineage-specific or moderate expression passing strict detection thresholds
FOXP1-IT1,ENSG00000242094,lncRNA,155,3670,4.223,11,16,True,ROBUST_CANDIDATE,Lineage-specific or moderate expression passing strict detection thresholds
LINC01048,ENSG00000230390,lncRNA,154,3670,4.196,6,16,True,ROBUST_CANDIDATE,Lineage-specific or moderate expression passing strict detection thresholds
ZNF337-AS1,ENSG00000213742,lncRNA,154,3670,4.196,11,16,True,ROBUST_CANDIDATE,Lineage-specific or moderate expression passing strict detection thresholds
LINC01637,ENSG00000237476,lncRNA,150,3670,4.087,11,16,True,ROBUST_CANDIDATE,Lineage-specific or moderate expression passing strict detection thresholds
KIF9-AS1,ENSG00000227398,lncRNA,150,3670,4.087,11,16,True,ROBUST_CANDIDATE,Lineage-specific or moderate expression passing strict detection thresholds
SH3BP5-AS1,ENSG00000224660,lncRNA,148,3670,4.033,12,16,True,ROBUST_CANDIDATE,Lineage-specific or moderate expression passing strict detection thresholds
TMEM202-AS1,ENSG00000261423,lncRNA,148,3670,4.033,13,16,True,ROBUST_CANDIDATE,Lineage-specific or moderate expression passing strict detection thresholds
MMP25-AS1,ENSG00000261971,lncRNA,147,3670,4.005,12,16,True,ROBUST_CANDIDATE,Lineage-specific or moderate expression passing strict detection thresholds
ARRDC3-AS1,ENSG00000281357,lncRNA,146,3670,3.978,11,16,True,ROBUST_CANDIDATE,Lineage-specific or moderate expression passing strict detection thresholds
LBX2-AS1,ENSG00000257702,lncRNA,146,3670,3.978,10,16,True,ROBUST_CANDIDATE,Lineage-specific or moderate expression passing strict detection thresholds
LPP-AS2,ENSG00000270959,lncRNA,146,3670,3.978,9,16,True,ROBUST_CANDIDATE,Lineage-specific or moderate expression passing strict detection thresholds
GEMIN7-AS1,ENSG00000267348,lncRNA,145,3670,3.951,14,16,True,ROBUST_CANDIDATE,Lineage-specific or moderate expression passing strict detection thresholds
CCND2-AS1,ENSG00000255920,lncRNA,145,3670,3.951,11,16,True,ROBUST_CANDIDATE,Lineage-specific or moderate expression passing strict detection thresholds
DICER1-AS1,ENSG00000235706,lncRNA,144,3670,3.924,10,16,True,ROBUST_CANDIDATE,Lineage-specific or moderate expression passing strict detection thresholds
LENG8-AS1,ENSG00000226696,lncRNA,144,3670,3.924,12,16,True,ROBUST_CANDIDATE,Lineage-specific or moderate expression passing strict detection thresholds
LINC01004,ENSG00000228393,lncRNA,144,3670,3.924,12,16,True,ROBUST_CANDIDATE,Lineage-specific or moderate expression passing strict detection thresholds
FAM111A-DT,ENSG00000245571,lncRNA,144,3670,3.924,12,16,True,ROBUST_CANDIDATE,Lineage-specific or moderate expression passing strict detection thresholds
LINC01560,ENSG00000196741,lncRNA,144,3670,3.924,9,16,True,ROBUST_CANDIDATE,Lineage-specific or moderate expression passing strict detection thresholds
EPB41L4A-DT,ENSG00000278921,lncRNA,144,3670,3.924,10,16,True,ROBUST_CANDIDATE,Lineage-specific or moderate expression passing strict detection thresholds
LINC02680,ENSG00000285737,lncRNA,143,3670,3.896,12,16,True,ROBUST_CANDIDATE,Lineage-specific or moderate expression passing strict detection thresholds
ELOA-AS1,ENSG00000236810,lncRNA,143,3670,3.896,9,16,True,ROBUST_CANDIDATE,Lineage-specific or moderate expression passing strict detection thresholds
TCERG1L-AS1,ENSG00000230098,lncRNA,143,3670,3.896,12,16,True,ROBUST_CANDIDATE,Lineage-specific or moderate expression passing strict detection thresholds
CDC42-IT1,ENSG00000230068,lncRNA,142,3670,3.869,12,16,True,ROBUST_CANDIDATE,Lineage-specific or moderate expression passing strict detection thresholds
IGFL2-AS1,ENSG00000268621,lncRNA,142,3670,3.869,11,16,True,ROBUST_CANDIDATE,Lineage-specific or moderate expression passing strict detection thresholds
FAM157C,ENSG00000260528,lncRNA,142,3670,3.869,14,16,True,ROBUST_CANDIDATE,Lineage-specific or moderate expression passing strict detection thresholds
POT1-AS1,ENSG00000224897,lncRNA,142,3670,3.869,8,16,True,ROBUST_CANDIDATE,Lineage-specific or moderate expression passing strict detection thresholds
NAPA-AS1,ENSG00000268061,lncRNA,142,3670,3.869,14,16,True,ROBUST_CANDIDATE,Lineage-specific or moderate expression passing strict detection thresholds
LINC02245,ENSG00000237638,lncRNA,141,3670,3.842,14,16,True,ROBUST_CANDIDATE,Lineage-specific or moderate expression passing strict detection thresholds
ITGB1-DT,ENSG00000229656,lncRNA,141,3670,3.842,12,16,True,ROBUST_CANDIDATE,Lineage-specific or moderate expression passing strict detection thresholds
LINC01018,ENSG00000250056,lncRNA,139,3670,3.787,8,16,True,ROBUST_CANDIDATE,Lineage-specific or moderate expression passing strict detection thresholds
LINC01315,ENSG00000229891,lncRNA,139,3670,3.787,9,16,True,ROBUST_CANDIDATE,Lineage-specific or moderate expression passing strict detection thresholds
BACE1-AS,ENSG00000278768,lncRNA,139,3670,3.787,10,16,True,ROBUST_CANDIDATE,Lineage-specific or moderate expression passing strict detection thresholds
MIR1915HG,ENSG00000204682,lncRNA,138,3670,3.76,10,16,True,ROBUST_CANDIDATE,Lineage-specific or moderate expression passing strict detection thresholds
PAPPA-AS1,ENSG00000256040,lncRNA,138,3670,3.76,7,16,True,ROBUST_CANDIDATE,Lineage-specific or moderate expression passing strict detection thresholds
PAN3-AS1,ENSG00000261485,lncRNA,137,3670,3.733,13,16,True,ROBUST_CANDIDATE,Lineage-specific or moderate expression passing strict detection thresholds
LINC02448,ENSG00000257230,lncRNA,137,3670,3.733,3,16,True,ROBUST_CANDIDATE,Lineage-specific or moderate expression passing strict detection thresholds
STAM-AS1,ENSG00000260589,lncRNA,135,3670,3.678,14,16,True,ROBUST_CANDIDATE,Lineage-specific or moderate expression passing strict detection thresholds
MELTF-AS1,ENSG00000228109,lncRNA,135,3670,3.678,10,16,True,ROBUST_CANDIDATE,Lineage-specific or moderate expression passing strict detection thresholds
LINC01615,ENSG00000223485,lncRNA,135,3670,3.678,7,16,True,ROBUST_CANDIDATE,Lineage-specific or moderate expression passing strict detection thresholds
FLVCR1-DT,ENSG00000198468,lncRNA,135,3670,3.678,10,16,True,ROBUST_CANDIDATE,Lineage-specific or moderate expression passing strict detection thresholds
LINC01106,ENSG00000175772,lncRNA,135,3670,3.678,9,16,True,ROBUST_CANDIDATE,Lineage-specific or moderate expression passing strict detection thresholds
SMIM2-AS1,ENSG00000227258,lncRNA,135,3670,3.678,9,16,True,ROBUST_CANDIDATE,Lineage-specific or moderate expression passing strict detection thresholds
SNAI3-AS1,ENSG00000260630,lncRNA,135,3670,3.678,8,16,True,ROBUST_CANDIDATE,Lineage-specific or moderate expression passing strict detection thresholds
SLC25A21-AS1,ENSG00000258708,lncRNA,134,3670,3.651,11,16,True,ROBUST_CANDIDATE,Lineage-specific or moderate expression passing strict detection thresholds
USP2-AS1,ENSG00000245248,lncRNA,134,3670,3.651,10,16,True,ROBUST_CANDIDATE,Lineage-specific or moderate expression passing strict detection thresholds
EAF1-AS1,ENSG00000249786,lncRNA,133,3670,3.624,10,16,True,ROBUST_CANDIDATE,Lineage-specific or moderate expression passing strict detection thresholds
IQCH-AS1,ENSG00000259673,lncRNA,133,3670,3.624,10,16,True,ROBUST_CANDIDATE,Lineage-specific or moderate expression passing strict detection thresholds
LINC00649,ENSG00000237945,lncRNA,133,3670,3.624,11,16,True,ROBUST_CANDIDATE,Lineage-specific or moderate expression passing strict detection thresholds
LINC00899,ENSG00000231711,lncRNA,132,3670,3.597,10,16,True,ROBUST_CANDIDATE,Lineage-specific or moderate expression passing strict detection thresholds
SDCBP2-AS1,ENSG00000234684,lncRNA,132,3670,3.597,13,16,True,ROBUST_CANDIDATE,Lineage-specific or moderate expression passing strict detection thresholds
LINC00910,ENSG00000188825,lncRNA,132,3670,3.597,13,16,True,ROBUST_CANDIDATE,Lineage-specific or moderate expression passing strict detection thresholds
LINC00526,ENSG00000264575,lncRNA,132,3670,3.597,13,16,True,ROBUST_CANDIDATE,Lineage-specific or moderate expression passing strict detection thresholds
LINC01409,ENSG00000237491,lncRNA,131,3670,3.569,11,16,True,ROBUST_CANDIDATE,Lineage-specific or moderate expression passing strict detection thresholds
KDM4A-AS1,ENSG00000236200,lncRNA,131,3670,3.569,12,16,True,ROBUST_CANDIDATE,Lineage-specific or moderate expression passing strict detection thresholds
LINC00839,ENSG00000185904,lncRNA,130,3670,3.542,10,16,True,ROBUST_CANDIDATE,Lineage-specific or moderate expression passing strict detection thresholds
LINC02447,ENSG00000245468,lncRNA,130,3670,3.542,9,16,True,ROBUST_CANDIDATE,Lineage-specific or moderate expression passing strict detection thresholds
MIR497HG,ENSG00000267532,lncRNA,129,3670,3.515,6,16,True,ROBUST_CANDIDATE,Lineage-specific or moderate expression passing strict detection thresholds
VLDLR-AS1,ENSG00000236404,lncRNA,129,3670,3.515,9,16,True,ROBUST_CANDIDATE,Lineage-specific or moderate expression passing strict detection thresholds
LINC01426,ENSG00000234380,lncRNA,128,3670,3.488,5,16,True,ROBUST_CANDIDATE,Lineage-specific or moderate expression passing strict detection thresholds
GLIDR,ENSG00000278175,lncRNA,128,3670,3.488,10,16,True,ROBUST_CANDIDATE,Lineage-specific or moderate expression passing strict detection thresholds
PCAT1,ENSG00000253438,lncRNA,127,3670,3.46,11,16,True,ROBUST_CANDIDATE,Lineage-specific or moderate expression passing strict detection thresholds
C3orf35,ENSG00000198590,lncRNA,127,3670,3.46,13,16,True,ROBUST_CANDIDATE,Lineage-specific or moderate expression passing strict detection thresholds
DOCK9-DT,ENSG00000260992,lncRNA,127,3670,3.46,11,16,True,ROBUST_CANDIDATE,Lineage-specific or moderate expression passing strict detection thresholds
TIPARP-AS1,ENSG00000243926,lncRNA,126,3670,3.433,11,16,True,ROBUST_CANDIDATE,Lineage-specific or moderate expression passing strict detection thresholds
MALINC1,ENSG00000245146,lncRNA,126,3670,3.433,13,16,True,ROBUST_CANDIDATE,Lineage-specific or moderate expression passing strict detection thresholds
NDUFA6-DT,ENSG00000237037,lncRNA,125,3670,3.406,9,16,True,ROBUST_CANDIDATE,Lineage-specific or moderate expression passing strict detection thresholds
ZNF793-AS1,ENSG00000266916,lncRNA,125,3670,3.406,11,16,True,ROBUST_CANDIDATE,Lineage-specific or moderate expression passing strict detection thresholds
LINC00894,ENSG00000235703,lncRNA,125,3670,3.406,8,16,True,ROBUST_CANDIDATE,Lineage-specific or moderate expression passing strict detection thresholds
MIR17HG,ENSG00000215417,lncRNA,124,3670,3.379,14,16,True,ROBUST_CANDIDATE,Lineage-specific or moderate expression passing strict detection thresholds
SLC9A3-AS1,ENSG00000225138,lncRNA,123,3670,3.351,11,16,True,ROBUST_CANDIDATE,Lineage-specific or moderate expression passing strict detection thresholds
FAM182A,ENSG00000125804,lncRNA,123,3670,3.351,8,16,True,ROBUST_CANDIDATE,Lineage-specific or moderate expression passing strict detection thresholds
TEX26-AS1,ENSG00000224743,lncRNA,122,3670,3.324,9,16,True,ROBUST_CANDIDATE,Lineage-specific or moderate expression passing strict detection thresholds
PRRT3-AS1,ENSG00000230082,lncRNA,122,3670,3.324,9,16,True,ROBUST_CANDIDATE,Lineage-specific or moderate expression passing strict detection thresholds
TSBP1-AS1,ENSG00000225914,lncRNA,121,3670,3.297,8,16,True,ROBUST_CANDIDATE,Lineage-specific or moderate expression passing strict detection thresholds
STARD7-AS1,ENSG00000204685,lncRNA,121,3670,3.297,11,16,True,ROBUST_CANDIDATE,Lineage-specific or moderate expression passing strict detection thresholds
LINC01094,ENSG00000251442,lncRNA,120,3670,3.27,9,16,True,ROBUST_CANDIDATE,Lineage-specific or moderate expression passing strict detection thresholds
ASAP1-IT2,ENSG00000280543,lncRNA,120,3670,3.27,10,16,True,ROBUST_CANDIDATE,Lineage-specific or moderate expression passing strict detection thresholds
AFAP1-AS1,ENSG00000272620,lncRNA,120,3670,3.27,9,16,True,ROBUST_CANDIDATE,Lineage-specific or moderate expression passing strict detection thresholds
CAHM,ENSG00000270419,lncRNA,119,3670,3.243,10,16,True,ROBUST_CANDIDATE,Lineage-specific or moderate expression passing strict detection thresholds
TMEM9B-AS1,ENSG00000254860,lncRNA,119,3670,3.243,13,16,True,ROBUST_CANDIDATE,Lineage-specific or moderate expression passing strict detection thresholds
DGCR11,ENSG00000273311,lncRNA,118,3670,3.215,9,16,True,ROBUST_CANDIDATE,Lineage-specific or moderate expression passing strict detection thresholds
CYB561D2,ENSG00000271858,lncRNA,118,3670,3.215,12,16,True,ROBUST_CANDIDATE,Lineage-specific or moderate expression passing strict detection thresholds
EIF2AK3-DT,ENSG00000234028,lncRNA,117,3670,3.188,12,16,True,ROBUST_CANDIDATE,Lineage-specific or moderate expression passing strict detection thresholds
LINC01943,ENSG00000280721,lncRNA,117,3670,3.188,12,16,True,ROBUST_CANDIDATE,Lineage-specific or moderate expression passing strict detection thresholds
ST7-OT4,ENSG00000214188,lncRNA,117,3670,3.188,12,16,True,ROBUST_CANDIDATE,Lineage-specific or moderate expression passing strict detection thresholds
LINC01309,ENSG00000234551,lncRNA,117,3670,3.188,11,16,True,ROBUST_CANDIDATE,Lineage-specific or moderate expression passing strict detection thresholds
SOCS2-AS1,ENSG00000246985,lncRNA,116,3670,3.161,9,16,True,ROBUST_CANDIDATE,Lineage-specific or moderate expression passing strict detection thresholds
PTOV1-AS1,ENSG00000268006,lncRNA,116,3670,3.161,12,16,True,ROBUST_CANDIDATE,Lineage-specific or moderate expression passing strict detection thresholds
BTG3-AS1,ENSG00000280594,lncRNA,116,3670,3.161,12,16,True,ROBUST_CANDIDATE,Lineage-specific or moderate expression passing strict detection thresholds
STX18-AS1,ENSG00000247708,lncRNA,115,3670,3.134,11,16,True,ROBUST_CANDIDATE,Lineage-specific or moderate expression passing strict detection thresholds
LINC00887,ENSG00000214145,lncRNA,115,3670,3.134,10,16,True,ROBUST_CANDIDATE,Lineage-specific or moderate expression passing strict detection thresholds
LIMD1-AS1,ENSG00000230530,lncRNA,115,3670,3.134,9,16,True,ROBUST_CANDIDATE,Lineage-specific or moderate expression passing strict detection thresholds
IL10RB-DT,ENSG00000223799,lncRNA,114,3670,3.106,13,16,True,ROBUST_CANDIDATE,Lineage-specific or moderate expression passing strict detection thresholds
TOLLIP-AS1,ENSG00000255153,lncRNA,114,3670,3.106,12,16,True,ROBUST_CANDIDATE,Lineage-specific or moderate expression passing strict detection thresholds
NEXN-AS1,ENSG00000235927,lncRNA,114,3670,3.106,8,16,True,ROBUST_CANDIDATE,Lineage-specific or moderate expression passing strict detection thresholds
HOXA10-AS,ENSG00000253187,lncRNA,113,3670,3.079,8,16,True,ROBUST_CANDIDATE,Lineage-specific or moderate expression passing strict detection thresholds
ADAMTS9-AS2,ENSG00000241684,lncRNA,113,3670,3.079,10,16,True,ROBUST_CANDIDATE,Lineage-specific or moderate expression passing strict detection thresholds
LINC02361,ENSG00000256576,lncRNA,112,3670,3.052,11,16,True,ROBUST_CANDIDATE,Lineage-specific or moderate expression passing strict detection thresholds
MIR200CHG,ENSG00000257084,lncRNA,112,3670,3.052,4,16,True,ROBUST_CANDIDATE,Lineage-specific or moderate expression passing strict detection thresholds
KIAA2012-AS1,ENSG00000222035,lncRNA,112,3670,3.052,10,16,True,ROBUST_CANDIDATE,Lineage-specific or moderate expression passing strict detection thresholds
MPRIP-AS1,ENSG00000225442,lncRNA,112,3670,3.052,10,16,True,ROBUST_CANDIDATE,Lineage-specific or moderate expression passing strict detection thresholds
SLC25A25-AS1,ENSG00000234771,lncRNA,111,3670,3.025,10,16,True,ROBUST_CANDIDATE,Lineage-specific or moderate expression passing strict detection thresholds
LOH12CR2,ENSG00000205791,lncRNA,111,3670,3.025,10,16,True,ROBUST_CANDIDATE,Lineage-specific or moderate expression passing strict detection thresholds
STARD4-AS1,ENSG00000246859,lncRNA,111,3670,3.025,9,16,True,ROBUST_CANDIDATE,Lineage-specific or moderate expression passing strict detection thresholds
MEIS1-AS2,ENSG00000230749,lncRNA,111,3670,3.025,9,16,True,ROBUST_CANDIDATE,Lineage-specific or moderate expression passing strict detection thresholds
UBR5-AS1,ENSG00000246263,lncRNA,111,3670,3.025,12,16,True,ROBUST_CANDIDATE,Lineage-specific or moderate expression passing strict detection thresholds
LRRC8C-DT,ENSG00000231999,lncRNA,111,3670,3.025,13,16,True,ROBUST_CANDIDATE,Lineage-specific or moderate expression passing strict detection thresholds
TSIX,ENSG00000270641,lncRNA,110,3670,2.997,11,16,True,ROBUST_CANDIDATE,Lineage-specific or moderate expression passing strict detection thresholds
LIFR-AS1,ENSG00000244968,lncRNA,110,3670,2.997,11,16,True,ROBUST_CANDIDATE,Lineage-specific or moderate expression passing strict detection thresholds
LINC01547,ENSG00000183250,lncRNA,109,3670,2.97,11,16,True,ROBUST_CANDIDATE,Lineage-specific or moderate expression passing strict detection thresholds
SEPSECS-AS1,ENSG00000281501,lncRNA,109,3670,2.97,11,16,True,ROBUST_CANDIDATE,Lineage-specific or moderate expression passing strict detection thresholds
OR2A1-AS1,ENSG00000244479,lncRNA,109,3670,2.97,11,16,True,ROBUST_CANDIDATE,Lineage-specific or moderate expression passing strict detection thresholds
TFAP2A-AS2,ENSG00000285278,lncRNA,109,3670,2.97,11,16,True,ROBUST_CANDIDATE,Lineage-specific or moderate expression passing strict detection thresholds
WAKMAR2,ENSG00000237499,lncRNA,109,3670,2.97,12,16,True,ROBUST_CANDIDATE,Lineage-specific or moderate expression passing strict detection thresholds
SP2-AS1,ENSG00000234494,lncRNA,108,3670,2.943,10,16,True,ROBUST_CANDIDATE,Lineage-specific or moderate expression passing strict detection thresholds
JMJD1C-AS1,ENSG00000272767,lncRNA,108,3670,2.943,8,16,True,ROBUST_CANDIDATE,Lineage-specific or moderate expression passing strict detection thresholds
LINC00539,ENSG00000224429,lncRNA,108,3670,2.943,10,16,True,ROBUST_CANDIDATE,Lineage-specific or moderate expression passing strict detection thresholds
GATA2-AS1,ENSG00000244300,lncRNA,108,3670,2.943,5,16,True,ROBUST_CANDIDATE,Lineage-specific or moderate expression passing strict detection thresholds
PYCARD-AS1,ENSG00000261359,lncRNA,107,3670,2.916,12,16,True,ROBUST_CANDIDATE,Lineage-specific or moderate expression passing strict detection thresholds
LINC02019,ENSG00000273356,lncRNA,107,3670,2.916,12,16,True,ROBUST_CANDIDATE,Lineage-specific or moderate expression passing strict detection thresholds
ARF4-AS1,ENSG00000272146,lncRNA,107,3670,2.916,11,16,True,ROBUST_CANDIDATE,Lineage-specific or moderate expression passing strict detection thresholds
LINC02193,ENSG00000260923,lncRNA,107,3670,2.916,11,16,True,ROBUST_CANDIDATE,Lineage-specific or moderate expression passing strict detection thresholds
EDRF1-DT,ENSG00000224023,lncRNA,106,3670,2.888,11,16,True,ROBUST_CANDIDATE,Lineage-specific or moderate expression passing strict detection thresholds
TEX41,ENSG00000226674,lncRNA,106,3670,2.888,5,16,True,ROBUST_CANDIDATE,Lineage-specific or moderate expression passing strict detection thresholds
HAS2-AS1,ENSG00000248690,lncRNA,106,3670,2.888,11,16,True,ROBUST_CANDIDATE,Lineage-specific or moderate expression passing strict detection thresholds
PRKCQ-AS1,ENSG00000237943,lncRNA,106,3670,2.888,14,16,True,ROBUST_CANDIDATE,Lineage-specific or moderate expression passing strict detection thresholds
LINC01436,ENSG00000231106,lncRNA,106,3670,2.888,6,16,True,ROBUST_CANDIDATE,Lineage-specific or moderate expression passing strict detection thresholds
MATN1-AS1,ENSG00000186056,lncRNA,105,3670,2.861,11,16,True,ROBUST_CANDIDATE,Lineage-specific or moderate expression passing strict detection thresholds
INE1,ENSG00000224975,lncRNA,105,3670,2.861,11,16,True,ROBUST_CANDIDATE,Lineage-specific or moderate expression passing strict detection thresholds
ANKRD10-IT1,ENSG00000229152,lncRNA,104,3670,2.834,10,16,True,ROBUST_CANDIDATE,Lineage-specific or moderate expression passing strict detection thresholds
KTN1-AS1,ENSG00000186615,lncRNA,104,3670,2.834,10,16,True,ROBUST_CANDIDATE,Lineage-specific or moderate expression passing strict detection thresholds
HULC,ENSG00000285219,lncRNA,104,3670,2.834,9,16,True,ROBUST_CANDIDATE,Lineage-specific or moderate expression passing strict detection thresholds
STXBP5-AS1,ENSG00000233452,lncRNA,104,3670,2.834,11,16,True,ROBUST_CANDIDATE,Lineage-specific or moderate expression passing strict detection thresholds
LINC00691,ENSG00000224074,lncRNA,104,3670,2.834,10,16,True,ROBUST_CANDIDATE,Lineage-specific or moderate expression passing strict detection thresholds
LINC01088,ENSG00000249307,lncRNA,103,3670,2.807,11,16,True,ROBUST_CANDIDATE,Lineage-specific or moderate expression passing strict detection thresholds
MIR503HG,ENSG00000223749,lncRNA,103,3670,2.807,9,16,True,ROBUST_CANDIDATE,Lineage-specific or moderate expression passing strict detection thresholds
TOB1-AS1,ENSG00000229980,lncRNA,102,3670,2.779,12,16,True,ROBUST_CANDIDATE,Lineage-specific or moderate expression passing strict detection thresholds
PAXBP1-AS1,ENSG00000238197,lncRNA,102,3670,2.779,12,16,True,ROBUST_CANDIDATE,Lineage-specific or moderate expression passing strict detection thresholds
ZNF8-ERVK3-1,ENSG00000267216,lncRNA,101,3670,2.752,10,16,True,ROBUST_CANDIDATE,Lineage-specific or moderate expression passing strict detection thresholds
LINC00562,ENSG00000260388,lncRNA,100,3670,2.725,10,16,True,ROBUST_CANDIDATE,Lineage-specific or moderate expression passing strict detection thresholds
LINC00824,ENSG00000254275,lncRNA,100,3670,2.725,10,16,True,ROBUST_CANDIDATE,Lineage-specific or moderate expression passing strict detection thresholds
DHCR24-DT,ENSG00000233203,lncRNA,100,3670,2.725,9,16,True,ROBUST_CANDIDATE,Lineage-specific or moderate expression passing strict detection thresholds
LINC01772,ENSG00000226029,lncRNA,99,3670,2.698,12,16,True,ROBUST_CANDIDATE,Lineage-specific or moderate expression passing strict detection thresholds
BAALC-AS1,ENSG00000247081,lncRNA,99,3670,2.698,10,16,True,ROBUST_CANDIDATE,Lineage-specific or moderate expression passing strict detection thresholds
FAM13A-AS1,ENSG00000248019,lncRNA,98,3670,2.67,12,16,True,ROBUST_CANDIDATE,Lineage-specific or moderate expression passing strict detection thresholds
LINC02609,ENSG00000233593,lncRNA,98,3670,2.67,10,16,True,ROBUST_CANDIDATE,Lineage-specific or moderate expression passing strict detection thresholds
MED14OS,ENSG00000234636,lncRNA,98,3670,2.67,11,16,True,ROBUST_CANDIDATE,Lineage-specific or moderate expression passing strict detection thresholds
TSC22D1-AS1,ENSG00000278156,lncRNA,98,3670,2.67,11,16,True,ROBUST_CANDIDATE,Lineage-specific or moderate expression passing strict detection thresholds
EGOT,ENSG00000235947,lncRNA,97,3670,2.643,9,16,True,ROBUST_CANDIDATE,Lineage-specific or moderate expression passing strict detection thresholds
UCKL1-AS1,ENSG00000280213,lncRNA,97,3670,2.643,13,16,True,ROBUST_CANDIDATE,Lineage-specific or moderate expression passing strict detection thresholds
ADNP-AS1,ENSG00000259456,lncRNA,97,3670,2.643,10,16,True,ROBUST_CANDIDATE,Lineage-specific or moderate expression passing strict detection thresholds
LINC01473,ENSG00000237877,lncRNA,97,3670,2.643,10,16,True,ROBUST_CANDIDATE,Lineage-specific or moderate expression passing strict detection thresholds
LINC00571,ENSG00000223685,lncRNA,97,3670,2.643,8,16,True,ROBUST_CANDIDATE,Lineage-specific or moderate expression passing strict detection thresholds
CCNT2-AS1,ENSG00000224043,lncRNA,97,3670,2.643,11,16,True,ROBUST_CANDIDATE,Lineage-specific or moderate expression passing strict detection thresholds
LINC02018,ENSG00000272690,lncRNA,97,3670,2.643,11,16,True,ROBUST_CANDIDATE,Lineage-specific or moderate expression passing strict detection thresholds
RAMP2-AS1,ENSG00000197291,lncRNA,96,3670,2.616,10,16,True,ROBUST_CANDIDATE,Lineage-specific or moderate expression passing strict detection thresholds
EIF1B-AS1,ENSG00000280739,lncRNA,96,3670,2.616,10,16,True,ROBUST_CANDIDATE,Lineage-specific or moderate expression passing strict detection thresholds
LINC02731,ENSG00000204241,lncRNA,95,3670,2.589,10,16,True,ROBUST_CANDIDATE,Lineage-specific or moderate expression passing strict detection thresholds
MANEA-DT,ENSG00000261366,lncRNA,95,3670,2.589,14,16,True,ROBUST_CANDIDATE,Lineage-specific or moderate expression passing strict detection thresholds
SRRM2-AS1,ENSG00000205913,lncRNA,95,3670,2.589,9,16,True,ROBUST_CANDIDATE,Lineage-specific or moderate expression passing strict detection thresholds
LINC01121,ENSG00000205054,lncRNA,95,3670,2.589,9,16,True,ROBUST_CANDIDATE,Lineage-specific or moderate expression passing strict detection thresholds
RN7SL832P,ENSG00000243819,lncRNA,95,3670,2.589,9,16,True,ROBUST_CANDIDATE,Lineage-specific or moderate expression passing strict detection thresholds
LINC02178,ENSG00000261092,lncRNA,94,3670,2.561,8,16,True,ROBUST_CANDIDATE,Lineage-specific or moderate expression passing strict detection thresholds
DNAJC27-AS1,ENSG00000224165,lncRNA,93,3670,2.534,11,16,True,ROBUST_CANDIDATE,Lineage-specific or moderate expression passing strict detection thresholds
STX17-AS1,ENSG00000255145,lncRNA,93,3670,2.534,10,16,True,ROBUST_CANDIDATE,Lineage-specific or moderate expression passing strict detection thresholds
RBMS3-AS3,ENSG00000235904,lncRNA,93,3670,2.534,9,16,True,ROBUST_CANDIDATE,Lineage-specific or moderate expression passing strict detection thresholds
CDC37L1-DT,ENSG00000273061,lncRNA,92,3670,2.507,12,16,True,ROBUST_CANDIDATE,Lineage-specific or moderate expression passing strict detection thresholds
PSMD6-AS2,ENSG00000239653,lncRNA,92,3670,2.507,10,16,True,ROBUST_CANDIDATE,Lineage-specific or moderate expression passing strict detection thresholds
PLBD1-AS1,ENSG00000256751,lncRNA,92,3670,2.507,10,16,True,ROBUST_CANDIDATE,Lineage-specific or moderate expression passing strict detection thresholds
LINC01569,ENSG00000262468,lncRNA,91,3670,2.48,10,16,True,ROBUST_CANDIDATE,Lineage-specific or moderate expression passing strict detection thresholds
SIRLNT,ENSG00000253802,lncRNA,90,3670,2.452,7,16,True,ROBUST_CANDIDATE,Lineage-specific or moderate expression passing strict detection thresholds
PCBP2-OT1,ENSG00000282977,lncRNA,90,3670,2.452,10,16,True,ROBUST_CANDIDATE,Lineage-specific or moderate expression passing strict detection thresholds
C5orf66-AS1,ENSG00000249082,lncRNA,90,3670,2.452,4,16,True,ROBUST_CANDIDATE,Lineage-specific or moderate expression passing strict detection thresholds
FZD4-DT,ENSG00000246523,lncRNA,90,3670,2.452,8,16,True,ROBUST_CANDIDATE,Lineage-specific or moderate expression passing strict detection thresholds
LINC01191,ENSG00000234199,lncRNA,89,3670,2.425,10,16,True,ROBUST_CANDIDATE,Lineage-specific or moderate expression passing strict detection thresholds
IER3-AS1,ENSG00000272273,lncRNA,89,3670,2.425,12,16,True,ROBUST_CANDIDATE,Lineage-specific or moderate expression passing strict detection thresholds
LINC00997,ENSG00000281332,lncRNA,89,3670,2.425,7,16,True,ROBUST_CANDIDATE,Lineage-specific or moderate expression passing strict detection thresholds
LINC00893,ENSG00000241769,lncRNA,88,3670,2.398,10,16,True,ROBUST_CANDIDATE,Lineage-specific or moderate expression passing strict detection thresholds
KLF3-AS1,ENSG00000231160,lncRNA,88,3670,2.398,11,16,True,ROBUST_CANDIDATE,Lineage-specific or moderate expression passing strict detection thresholds
GSEC,ENSG00000280832,lncRNA,88,3670,2.398,10,16,True,ROBUST_CANDIDATE,Lineage-specific or moderate expression passing strict detection thresholds
LINC01138,ENSG00000274020,lncRNA,88,3670,2.398,11,16,True,ROBUST_CANDIDATE,Lineage-specific or moderate expression passing strict detection thresholds
CIRBP-AS1,ENSG00000267493,lncRNA,88,3670,2.398,10,16,True,ROBUST_CANDIDATE,Lineage-specific or moderate expression passing strict detection thresholds
FAM198B-AS1,ENSG00000248429,lncRNA,88,3670,2.398,6,16,True,ROBUST_CANDIDATE,Lineage-specific or moderate expression passing strict detection thresholds
LINC02175,ENSG00000262155,lncRNA,88,3670,2.398,12,16,True,ROBUST_CANDIDATE,Lineage-specific or moderate expression passing strict detection thresholds
ADD3-AS1,ENSG00000203876,lncRNA,88,3670,2.398,6,16,True,ROBUST_CANDIDATE,Lineage-specific or moderate expression passing strict detection thresholds
B3GALT5-AS1,ENSG00000184809,lncRNA,88,3670,2.398,4,16,True,ROBUST_CANDIDATE,Lineage-specific or moderate expression passing strict detection thresholds
SLC25A5-AS1,ENSG00000224281,lncRNA,87,3670,2.371,11,16,True,ROBUST_CANDIDATE,Lineage-specific or moderate expression passing strict detection thresholds
NFYC-AS1,ENSG00000272145,lncRNA,87,3670,2.371,12,16,True,ROBUST_CANDIDATE,Lineage-specific or moderate expression passing strict detection thresholds
PACERR,ENSG00000273129,lncRNA,87,3670,2.371,8,16,True,ROBUST_CANDIDATE,Lineage-specific or moderate expression passing strict detection thresholds
SEC24B-AS1,ENSG00000247950,lncRNA,87,3670,2.371,11,16,True,ROBUST_CANDIDATE,Lineage-specific or moderate expression passing strict detection thresholds
RNF213-AS1,ENSG00000263069,lncRNA,86,3670,2.343,13,16,True,ROBUST_CANDIDATE,Lineage-specific or moderate expression passing strict detection thresholds
ZNF687-AS1,ENSG00000232671,lncRNA,86,3670,2.343,10,16,True,ROBUST_CANDIDATE,Lineage-specific or moderate expression passing strict detection thresholds
UBAC2-AS1,ENSG00000228889,lncRNA,86,3670,2.343,10,16,True,ROBUST_CANDIDATE,Lineage-specific or moderate expression passing strict detection thresholds
SPACA6P-AS,ENSG00000269959,lncRNA,85,3670,2.316,10,16,True,ROBUST_CANDIDATE,Lineage-specific or moderate expression passing strict detection thresholds
INKA2-AS1,ENSG00000227811,lncRNA,85,3670,2.316,9,16,True,ROBUST_CANDIDATE,Lineage-specific or moderate expression passing strict detection thresholds
LINC00504,ENSG00000248360,lncRNA,85,3670,2.316,12,16,True,ROBUST_CANDIDATE,Lineage-specific or moderate expression passing strict detection thresholds
LINC02605,ENSG00000261618,lncRNA,85,3670,2.316,8,16,True,ROBUST_CANDIDATE,Lineage-specific or moderate expression passing strict detection thresholds
DIRC3,ENSG00000231672,lncRNA,85,3670,2.316,8,16,True,ROBUST_CANDIDATE,Lineage-specific or moderate expression passing strict detection thresholds
FLG-AS1,ENSG00000237975,lncRNA,85,3670,2.316,10,16,True,ROBUST_CANDIDATE,Lineage-specific or moderate expression passing strict detection thresholds
PRKAG2-AS1,ENSG00000239911,lncRNA,84,3670,2.289,10,16,True,ROBUST_CANDIDATE,Lineage-specific or moderate expression passing strict detection thresholds
MCM3AP-AS1,ENSG00000215424,lncRNA,84,3670,2.289,10,16,True,ROBUST_CANDIDATE,Lineage-specific or moderate expression passing strict detection thresholds
C21orf62-AS1,ENSG00000205930,lncRNA,84,3670,2.289,10,16,True,ROBUST_CANDIDATE,Lineage-specific or moderate expression passing strict detection thresholds
IPO9-AS1,ENSG00000231871,lncRNA,83,3670,2.262,10,16,True,ROBUST_CANDIDATE,Lineage-specific or moderate expression passing strict detection thresholds
LINC01719,ENSG00000233396,lncRNA,83,3670,2.262,9,16,True,ROBUST_CANDIDATE,Lineage-specific or moderate expression passing strict detection thresholds
NAV2-AS3,ENSG00000254542,lncRNA,83,3670,2.262,8,16,True,ROBUST_CANDIDATE,Lineage-specific or moderate expression passing strict detection thresholds
TMEM220-AS1,ENSG00000263400,lncRNA,82,3670,2.234,9,16,True,ROBUST_CANDIDATE,Lineage-specific or moderate expression passing strict detection thresholds
LINC01273,ENSG00000231742,lncRNA,81,3670,2.207,6,16,True,ROBUST_CANDIDATE,Lineage-specific or moderate expression passing strict detection thresholds
ZRANB2-AS2,ENSG00000229956,lncRNA,81,3670,2.207,11,16,True,ROBUST_CANDIDATE,Lineage-specific or moderate expression passing strict detection thresholds
DLG5-AS1,ENSG00000233871,lncRNA,81,3670,2.207,10,16,True,ROBUST_CANDIDATE,Lineage-specific or moderate expression passing strict detection thresholds
LINC02298,ENSG00000257556,lncRNA,81,3670,2.207,10,16,True,ROBUST_CANDIDATE,Lineage-specific or moderate expression passing strict detection thresholds
TAF1A-AS1,ENSG00000225265,lncRNA,81,3670,2.207,10,16,True,ROBUST_CANDIDATE,Lineage-specific or moderate expression passing strict detection thresholds
PRMT5-AS1,ENSG00000237054,lncRNA,81,3670,2.207,11,16,True,ROBUST_CANDIDATE,Lineage-specific or moderate expression passing strict detection thresholds
LINC01311,ENSG00000260924,lncRNA,81,3670,2.207,10,16,True,ROBUST_CANDIDATE,Lineage-specific or moderate expression passing strict detection thresholds
LINC01140,ENSG00000267272,lncRNA,81,3670,2.207,8,16,True,ROBUST_CANDIDATE,Lineage-specific or moderate expression passing strict detection thresholds
DPH6-DT,ENSG00000248079,lncRNA,81,3670,2.207,9,16,True,ROBUST_CANDIDATE,Lineage-specific or moderate expression passing strict detection thresholds
TMPO-AS1,ENSG00000257167,lncRNA,81,3670,2.207,9,16,True,ROBUST_CANDIDATE,Lineage-specific or moderate expression passing strict detection thresholds
PPP1R12A-AS1,ENSG00000257557,lncRNA,81,3670,2.207,11,16,True,ROBUST_CANDIDATE,Lineage-specific or moderate expression passing strict detection thresholds
HOXA-AS3,ENSG00000254369,lncRNA,81,3670,2.207,9,16,True,ROBUST_CANDIDATE,Lineage-specific or moderate expression passing strict detection thresholds
DOCK8-AS1,ENSG00000183784,lncRNA,80,3670,2.18,10,16,True,ROBUST_CANDIDATE,Lineage-specific or moderate expression passing strict detection thresholds
TMED2-DT,ENSG00000247373,lncRNA,80,3670,2.18,10,16,True,ROBUST_CANDIDATE,Lineage-specific or moderate expression passing strict detection thresholds
LINC02104,ENSG00000271334,lncRNA,80,3670,2.18,8,16,True,ROBUST_CANDIDATE,Lineage-specific or moderate expression passing strict detection thresholds
LINC01091,ENSG00000249464,lncRNA,79,3670,2.153,8,16,True,ROBUST_CANDIDATE,Lineage-specific or moderate expression passing strict detection thresholds
LINC01011,ENSG00000244041,lncRNA,79,3670,2.153,9,16,True,ROBUST_CANDIDATE,Lineage-specific or moderate expression passing strict detection thresholds
LINC00989,ENSG00000250334,lncRNA,79,3670,2.153,8,16,True,ROBUST_CANDIDATE,Lineage-specific or moderate expression passing strict detection thresholds
DLEU2L,ENSG00000116652,lncRNA,79,3670,2.153,10,16,True,ROBUST_CANDIDATE,Lineage-specific or moderate expression passing strict detection thresholds
LINC00960,ENSG00000242516,lncRNA,79,3670,2.153,10,16,True,ROBUST_CANDIDATE,Lineage-specific or moderate expression passing strict detection thresholds
CT69,ENSG00000231971,lncRNA,79,3670,2.153,5,16,True,ROBUST_CANDIDATE,Lineage-specific or moderate expression passing strict detection thresholds
FAM66B,ENSG00000215374,lncRNA,78,3670,2.125,9,16,True,ROBUST_CANDIDATE,Lineage-specific or moderate expression passing strict detection thresholds
LINC01359,ENSG00000226891,lncRNA,78,3670,2.125,10,16,True,ROBUST_CANDIDATE,Lineage-specific or moderate expression passing strict detection thresholds
LINC00271,ENSG00000231028,lncRNA,78,3670,2.125,9,16,True,ROBUST_CANDIDATE,Lineage-specific or moderate expression passing strict detection thresholds
LINC02767,ENSG00000284237,lncRNA,78,3670,2.125,8,16,True,ROBUST_CANDIDATE,Lineage-specific or moderate expression passing strict detection thresholds
LINC01119,ENSG00000239332,lncRNA,77,3670,2.098,9,16,True,ROBUST_CANDIDATE,Lineage-specific or moderate expression passing strict detection thresholds
LINC01515,ENSG00000228065,lncRNA,77,3670,2.098,11,16,True,ROBUST_CANDIDATE,Lineage-specific or moderate expression passing strict detection thresholds
LINC01559,ENSG00000180861,lncRNA,77,3670,2.098,3,16,True,ROBUST_CANDIDATE,Lineage-specific or moderate expression passing strict detection thresholds
FALEC,ENSG00000228126,lncRNA,77,3670,2.098,5,16,True,ROBUST_CANDIDATE,Lineage-specific or moderate expression passing strict detection thresholds
WWC2-AS2,ENSG00000251359,lncRNA,77,3670,2.098,10,16,True,ROBUST_CANDIDATE,Lineage-specific or moderate expression passing strict detection thresholds
ZNF426-DT,ENSG00000278611,lncRNA,76,3670,2.071,10,16,True,ROBUST_CANDIDATE,Lineage-specific or moderate expression passing strict detection thresholds
FAM106A,ENSG00000273018,lncRNA,76,3670,2.071,9,16,True,ROBUST_CANDIDATE,Lineage-specific or moderate expression passing strict detection thresholds
LINC00653,ENSG00000273148,lncRNA,76,3670,2.071,10,16,True,ROBUST_CANDIDATE,Lineage-specific or moderate expression passing strict detection thresholds
HIPK1-AS1,ENSG00000235527,lncRNA,76,3670,2.071,12,16,True,ROBUST_CANDIDATE,Lineage-specific or moderate expression passing strict detection thresholds
ID2-AS1,ENSG00000235092,lncRNA,76,3670,2.071,9,16,True,ROBUST_CANDIDATE,Lineage-specific or moderate expression passing strict detection thresholds
RASAL2-AS1,ENSG00000224687,lncRNA,76,3670,2.071,11,16,True,ROBUST_CANDIDATE,Lineage-specific or moderate expression passing strict detection thresholds
PGM5P4-AS1,ENSG00000231943,lncRNA,75,3670,2.044,8,16,True,ROBUST_CANDIDATE,Lineage-specific or moderate expression passing strict detection thresholds
ZFPM2-AS1,ENSG00000251003,lncRNA,75,3670,2.044,9,16,True,ROBUST_CANDIDATE,Lineage-specific or moderate expression passing strict detection thresholds
LINC01016,ENSG00000249346,lncRNA,75,3670,2.044,5,16,True,ROBUST_CANDIDATE,Lineage-specific or moderate expression passing strict detection thresholds
MEG9,ENSG00000223403,lncRNA,73,3670,1.989,7,16,True,ROBUST_CANDIDATE,Lineage-specific or moderate expression passing strict detection thresholds
LINC01836,ENSG00000267530,lncRNA,73,3670,1.989,8,16,True,ROBUST_CANDIDATE,Lineage-specific or moderate expression passing strict detection thresholds
LINC02021,ENSG00000249846,lncRNA,73,3670,1.989,10,16,True,ROBUST_CANDIDATE,Lineage-specific or moderate expression passing strict detection thresholds
LINC02334,ENSG00000274317,lncRNA,72,3670,1.962,8,16,True,ROBUST_CANDIDATE,Lineage-specific or moderate expression passing strict detection thresholds
MIR646HG,ENSG00000228340,lncRNA,72,3670,1.962,7,16,True,ROBUST_CANDIDATE,Lineage-specific or moderate expression passing strict detection thresholds
PINK1-AS,ENSG00000117242,lncRNA,71,3670,1.935,9,16,True,ROBUST_CANDIDATE,Lineage-specific or moderate expression passing strict detection thresholds
BISPR,ENSG00000282851,lncRNA,70,3670,1.907,14,16,True,ROBUST_CANDIDATE,Lineage-specific or moderate expression passing strict detection thresholds
PCF11-AS1,ENSG00000269939,lncRNA,70,3670,1.907,10,16,True,ROBUST_CANDIDATE,Lineage-specific or moderate expression passing strict detection thresholds
LINC01871,ENSG00000235576,lncRNA,70,3670,1.907,13,16,True,ROBUST_CANDIDATE,Lineage-specific or moderate expression passing strict detection thresholds
KCTD21-AS1,ENSG00000246174,lncRNA,69,3670,1.88,8,16,True,ROBUST_CANDIDATE,Lineage-specific or moderate expression passing strict detection thresholds
GHET1,ENSG00000281189,lncRNA,69,3670,1.88,9,16,True,ROBUST_CANDIDATE,Lineage-specific or moderate expression passing strict detection thresholds
MAST4-IT1,ENSG00000249057,lncRNA,68,3670,1.853,8,16,True,ROBUST_CANDIDATE,Lineage-specific or moderate expression passing strict detection thresholds
LINC01806,ENSG00000227403,lncRNA,67,3670,1.826,9,16,True,ROBUST_CANDIDATE,Lineage-specific or moderate expression passing strict detection thresholds
LINC00654,ENSG00000205181,lncRNA,67,3670,1.826,8,16,True,ROBUST_CANDIDATE,Lineage-specific or moderate expression passing strict detection thresholds
LINC02604,ENSG00000273142,lncRNA,67,3670,1.826,10,16,True,ROBUST_CANDIDATE,Lineage-specific or moderate expression passing strict detection thresholds
LINC02696,ENSG00000254427,lncRNA,67,3670,1.826,10,16,True,ROBUST_CANDIDATE,Lineage-specific or moderate expression passing strict detection thresholds
LINC01750,ENSG00000231437,lncRNA,67,3670,1.826,8,16,True,ROBUST_CANDIDATE,Lineage-specific or moderate expression passing strict detection thresholds
EPHA1-AS1,ENSG00000229153,lncRNA,66,3670,1.798,12,16,True,ROBUST_CANDIDATE,Lineage-specific or moderate expression passing strict detection thresholds
POLR2J4,ENSG00000214783,lncRNA,66,3670,1.798,8,16,True,ROBUST_CANDIDATE,Lineage-specific or moderate expression passing strict detection thresholds
NKILA,ENSG00000278709,lncRNA,66,3670,1.798,12,16,True,ROBUST_CANDIDATE,Lineage-specific or moderate expression passing strict detection thresholds
PURPL,ENSG00000250337,lncRNA,66,3670,1.798,8,16,True,ROBUST_CANDIDATE,Lineage-specific or moderate expression passing strict detection thresholds
SCOC-AS1,ENSG00000196951,lncRNA,66,3670,1.798,8,16,True,ROBUST_CANDIDATE,Lineage-specific or moderate expression passing strict detection thresholds
LINC01764,ENSG00000267308,lncRNA,66,3670,1.798,5,16,True,ROBUST_CANDIDATE,Lineage-specific or moderate expression passing strict detection thresholds
LINC02422,ENSG00000255760,lncRNA,66,3670,1.798,9,16,True,ROBUST_CANDIDATE,Lineage-specific or moderate expression passing strict detection thresholds
ZNF341-AS1,ENSG00000230753,lncRNA,66,3670,1.798,10,16,True,ROBUST_CANDIDATE,Lineage-specific or moderate expression passing strict detection thresholds
CCDC15-DT,ENSG00000285825,lncRNA,65,3670,1.771,8,16,True,ROBUST_CANDIDATE,Lineage-specific or moderate expression passing strict detection thresholds
LRIG2-DT,ENSG00000238198,lncRNA,65,3670,1.771,7,16,True,ROBUST_CANDIDATE,Lineage-specific or moderate expression passing strict detection thresholds
IDH1-AS1,ENSG00000231908,lncRNA,65,3670,1.771,7,16,True,ROBUST_CANDIDATE,Lineage-specific or moderate expression passing strict detection thresholds
DPP10-AS1,ENSG00000235026,lncRNA,65,3670,1.771,9,16,True,ROBUST_CANDIDATE,Lineage-specific or moderate expression passing strict detection thresholds
BACH1-IT1,ENSG00000248476,lncRNA,65,3670,1.771,10,16,True,ROBUST_CANDIDATE,Lineage-specific or moderate expression passing strict detection thresholds
LAMTOR5-AS1,ENSG00000224699,lncRNA,65,3670,1.771,9,16,True,ROBUST_CANDIDATE,Lineage-specific or moderate expression passing strict detection thresholds
RPP38-DT,ENSG00000176236,lncRNA,65,3670,1.771,11,16,True,ROBUST_CANDIDATE,Lineage-specific or moderate expression passing strict detection thresholds
LINC01521,ENSG00000213888,lncRNA,65,3670,1.771,10,16,True,ROBUST_CANDIDATE,Lineage-specific or moderate expression passing strict detection thresholds
RUSC1-AS1,ENSG00000225855,lncRNA,65,3670,1.771,9,16,True,ROBUST_CANDIDATE,Lineage-specific or moderate expression passing strict detection thresholds
DRAIC,ENSG00000245750,lncRNA,64,3670,1.744,11,16,True,ROBUST_CANDIDATE,Lineage-specific or moderate expression passing strict detection thresholds
SLC2A1-AS1,ENSG00000227533,lncRNA,63,3670,1.717,9,16,True,ROBUST_CANDIDATE,Lineage-specific or moderate expression passing strict detection thresholds
C8orf31,ENSG00000177335,lncRNA,63,3670,1.717,7,16,True,ROBUST_CANDIDATE,Lineage-specific or moderate expression passing strict detection thresholds
LY6E-DT,ENSG00000247317,lncRNA,63,3670,1.717,8,16,True,ROBUST_CANDIDATE,Lineage-specific or moderate expression passing strict detection thresholds
LINC01176,ENSG00000281404,lncRNA,63,3670,1.717,10,16,True,ROBUST_CANDIDATE,Lineage-specific or moderate expression passing strict detection thresholds
MANCR,ENSG00000231298,lncRNA,63,3670,1.717,10,16,True,ROBUST_CANDIDATE,Lineage-specific or moderate expression passing strict detection thresholds
CERS3-AS1,ENSG00000259430,lncRNA,63,3670,1.717,6,16,True,ROBUST_CANDIDATE,Lineage-specific or moderate expression passing strict detection thresholds
CCDC144NL-AS1,ENSG00000233098,lncRNA,62,3670,1.689,8,16,True,ROBUST_CANDIDATE,Lineage-specific or moderate expression passing strict detection thresholds
HIF1A-AS3,ENSG00000258667,lncRNA,62,3670,1.689,13,16,True,ROBUST_CANDIDATE,Lineage-specific or moderate expression passing strict detection thresholds
XACT,ENSG00000241743,lncRNA,62,3670,1.689,10,16,True,ROBUST_CANDIDATE,Lineage-specific or moderate expression passing strict detection thresholds
LINC00881,ENSG00000241135,lncRNA,61,3670,1.662,7,16,True,ROBUST_CANDIDATE,Lineage-specific or moderate expression passing strict detection thresholds
LINC01597,ENSG00000205611,lncRNA,61,3670,1.662,9,16,True,ROBUST_CANDIDATE,Lineage-specific or moderate expression passing strict detection thresholds
LINC00957,ENSG00000235314,lncRNA,61,3670,1.662,11,16,True,ROBUST_CANDIDATE,Lineage-specific or moderate expression passing strict detection thresholds
CACNA1C-AS2,ENSG00000256271,lncRNA,61,3670,1.662,9,16,True,ROBUST_CANDIDATE,Lineage-specific or moderate expression passing strict detection thresholds
ODC1-DT,ENSG00000257135,lncRNA,61,3670,1.662,10,16,True,ROBUST_CANDIDATE,Lineage-specific or moderate expression passing strict detection thresholds
GAS6-AS1,ENSG00000233695,lncRNA,60,3670,1.635,11,16,True,ROBUST_CANDIDATE,Lineage-specific or moderate expression passing strict detection thresholds
XXYLT1-AS2,ENSG00000230266,lncRNA,60,3670,1.635,7,16,True,ROBUST_CANDIDATE,Lineage-specific or moderate expression passing strict detection thresholds
LINC00265,ENSG00000188185,lncRNA,60,3670,1.635,9,16,True,ROBUST_CANDIDATE,Lineage-specific or moderate expression passing strict detection thresholds
SH3TC2-DT,ENSG00000250072,lncRNA,60,3670,1.635,10,16,True,ROBUST_CANDIDATE,Lineage-specific or moderate expression passing strict detection thresholds
FAM225B,ENSG00000225684,lncRNA,59,3670,1.608,6,16,True,ROBUST_CANDIDATE,Lineage-specific or moderate expression passing strict detection thresholds
USP3-AS1,ENSG00000259248,lncRNA,59,3670,1.608,9,16,True,ROBUST_CANDIDATE,Lineage-specific or moderate expression passing strict detection thresholds
FAM66C,ENSG00000226711,lncRNA,59,3670,1.608,6,16,True,ROBUST_CANDIDATE,Lineage-specific or moderate expression passing strict detection thresholds
OGFRP1,ENSG00000182057,lncRNA,59,3670,1.608,9,16,True,ROBUST_CANDIDATE,Lineage-specific or moderate expression passing strict detection thresholds
MIR155HG,ENSG00000234883,lncRNA,59,3670,1.608,13,16,True,ROBUST_CANDIDATE,Lineage-specific or moderate expression passing strict detection thresholds
SAP30L-AS1,ENSG00000245275,lncRNA,59,3670,1.608,6,16,True,ROBUST_CANDIDATE,Lineage-specific or moderate expression passing strict detection thresholds
SMAD5-AS1,ENSG00000164621,lncRNA,59,3670,1.608,9,16,True,ROBUST_CANDIDATE,Lineage-specific or moderate expression passing strict detection thresholds
CFLAR-AS1,ENSG00000226312,lncRNA,59,3670,1.608,10,16,True,ROBUST_CANDIDATE,Lineage-specific or moderate expression passing strict detection thresholds
MORF4L2-AS1,ENSG00000231154,lncRNA,59,3670,1.608,11,16,True,ROBUST_CANDIDATE,Lineage-specific or moderate expression passing strict detection thresholds
LINC02076,ENSG00000220161,lncRNA,59,3670,1.608,10,16,True,ROBUST_CANDIDATE,Lineage-specific or moderate expression passing strict detection thresholds
RASSF1-AS1,ENSG00000281358,lncRNA,58,3670,1.58,11,16,True,ROBUST_CANDIDATE,Lineage-specific or moderate expression passing strict detection thresholds
KCNMB2-AS1,ENSG00000237978,lncRNA,58,3670,1.58,9,16,True,ROBUST_CANDIDATE,Lineage-specific or moderate expression passing strict detection thresholds
LINC01431,ENSG00000232645,lncRNA,58,3670,1.58,9,16,True,ROBUST_CANDIDATE,Lineage-specific or moderate expression passing strict detection thresholds
LINC00689,ENSG00000231419,lncRNA,58,3670,1.58,7,16,True,ROBUST_CANDIDATE,Lineage-specific or moderate expression passing strict detection thresholds
PARD3-AS1,ENSG00000226386,lncRNA,58,3670,1.58,9,16,True,ROBUST_CANDIDATE,Lineage-specific or moderate expression passing strict detection thresholds
LINC00173,ENSG00000196668,lncRNA,58,3670,1.58,9,16,True,ROBUST_CANDIDATE,Lineage-specific or moderate expression passing strict detection thresholds
TRG-AS1,ENSG00000281103,lncRNA,58,3670,1.58,11,16,True,ROBUST_CANDIDATE,Lineage-specific or moderate expression passing strict detection thresholds
LINC01341,ENSG00000227953,lncRNA,58,3670,1.58,7,16,True,ROBUST_CANDIDATE,Lineage-specific or moderate expression passing strict detection thresholds
GAS6-DT,ENSG00000272695,lncRNA,57,3670,1.553,9,16,True,ROBUST_CANDIDATE,Lineage-specific or moderate expression passing strict detection thresholds
LINC01816,ENSG00000231327,lncRNA,57,3670,1.553,10,16,True,ROBUST_CANDIDATE,Lineage-specific or moderate expression passing strict detection thresholds
LINC00882,ENSG00000242759,lncRNA,57,3670,1.553,7,16,True,ROBUST_CANDIDATE,Lineage-specific or moderate expression passing strict detection thresholds
LINC01697,ENSG00000232079,lncRNA,57,3670,1.553,10,16,True,ROBUST_CANDIDATE,Lineage-specific or moderate expression passing strict detection thresholds
HEXA-AS1,ENSG00000260339,lncRNA,57,3670,1.553,11,16,True,ROBUST_CANDIDATE,Lineage-specific or moderate expression passing strict detection thresholds
PRNCR1,ENSG00000282961,lncRNA,57,3670,1.553,10,16,True,ROBUST_CANDIDATE,Lineage-specific or moderate expression passing strict detection thresholds
EML2-AS1,ENSG00000267757,lncRNA,57,3670,1.553,9,16,True,ROBUST_CANDIDATE,Lineage-specific or moderate expression passing strict detection thresholds
VASH1-AS1,ENSG00000258301,lncRNA,56,3670,1.526,10,16,True,ROBUST_CANDIDATE,Lineage-specific or moderate expression passing strict detection thresholds
ITGB2-AS1,ENSG00000227039,lncRNA,56,3670,1.526,11,16,True,ROBUST_CANDIDATE,Lineage-specific or moderate expression passing strict detection thresholds
MIR924HG,ENSG00000267374,lncRNA,56,3670,1.526,6,16,True,ROBUST_CANDIDATE,Lineage-specific or moderate expression passing strict detection thresholds
LSAMP-AS1,ENSG00000240922,lncRNA,56,3670,1.526,6,16,True,ROBUST_CANDIDATE,Lineage-specific or moderate expression passing strict detection thresholds
FAM66D,ENSG00000255052,lncRNA,56,3670,1.526,9,16,True,ROBUST_CANDIDATE,Lineage-specific or moderate expression passing strict detection thresholds
LINC00891,ENSG00000281852,lncRNA,56,3670,1.526,9,16,True,ROBUST_CANDIDATE,Lineage-specific or moderate expression passing strict detection thresholds
BACH1-IT2,ENSG00000228817,lncRNA,56,3670,1.526,8,16,True,ROBUST_CANDIDATE,Lineage-specific or moderate expression passing strict detection thresholds
LINC01535,ENSG00000226686,lncRNA,56,3670,1.526,9,16,True,ROBUST_CANDIDATE,Lineage-specific or moderate expression passing strict detection thresholds
MPPED2-AS1,ENSG00000254489,lncRNA,56,3670,1.526,8,16,True,ROBUST_CANDIDATE,Lineage-specific or moderate expression passing strict detection thresholds
LINC01508,ENSG00000231107,lncRNA,56,3670,1.526,6,16,True,ROBUST_CANDIDATE,Lineage-specific or moderate expression passing strict detection thresholds
LINC00885,ENSG00000224652,lncRNA,55,3670,1.499,8,16,True,ROBUST_CANDIDATE,Lineage-specific or moderate expression passing strict detection thresholds
HEXD-IT1,ENSG00000279066,lncRNA,55,3670,1.499,11,16,True,ROBUST_CANDIDATE,Lineage-specific or moderate expression passing strict detection thresholds
PPP1R26-AS1,ENSG00000225361,lncRNA,55,3670,1.499,8,16,True,ROBUST_CANDIDATE,Lineage-specific or moderate expression passing strict detection thresholds
CEBPB-AS1,ENSG00000277449,lncRNA,55,3670,1.499,10,16,True,ROBUST_CANDIDATE,Lineage-specific or moderate expression passing strict detection thresholds
LINC02709,ENSG00000245522,lncRNA,55,3670,1.499,8,16,True,ROBUST_CANDIDATE,Lineage-specific or moderate expression passing strict detection thresholds
ADAMTS9-AS1,ENSG00000241158,lncRNA,55,3670,1.499,7,16,True,ROBUST_CANDIDATE,Lineage-specific or moderate expression passing strict detection thresholds
LINC02615,ENSG00000251432,lncRNA,55,3670,1.499,10,16,True,ROBUST_CANDIDATE,Lineage-specific or moderate expression passing strict detection thresholds
NSMCE1-DT,ENSG00000245888,lncRNA,54,3670,1.471,9,16,True,ROBUST_CANDIDATE,Lineage-specific or moderate expression passing strict detection thresholds
BRWD1-AS2,ENSG00000255568,lncRNA,54,3670,1.471,9,16,True,ROBUST_CANDIDATE,Lineage-specific or moderate expression passing strict detection thresholds
LINC02739,ENSG00000255008,lncRNA,54,3670,1.471,11,16,True,ROBUST_CANDIDATE,Lineage-specific or moderate expression passing strict detection thresholds
LINC01357,ENSG00000224167,lncRNA,54,3670,1.471,8,16,True,ROBUST_CANDIDATE,Lineage-specific or moderate expression passing strict detection thresholds
LINC02328,ENSG00000258733,lncRNA,54,3670,1.471,7,16,True,ROBUST_CANDIDATE,Lineage-specific or moderate expression passing strict detection thresholds
LINC00710,ENSG00000229240,lncRNA,54,3670,1.471,5,16,True,ROBUST_CANDIDATE,Lineage-specific or moderate expression passing strict detection thresholds
LINC02613,ENSG00000231367,lncRNA,54,3670,1.471,9,16,True,ROBUST_CANDIDATE,Lineage-specific or moderate expression passing strict detection thresholds
LINC02029,ENSG00000241544,lncRNA,53,3670,1.444,9,16,True,ROBUST_CANDIDATE,Lineage-specific or moderate expression passing strict detection thresholds
LINC01915,ENSG00000265485,lncRNA,53,3670,1.444,4,16,True,ROBUST_CANDIDATE,Lineage-specific or moderate expression passing strict detection thresholds
LINC00852,ENSG00000231177,lncRNA,53,3670,1.444,9,16,True,ROBUST_CANDIDATE,Lineage-specific or moderate expression passing strict detection thresholds
LINC00944,ENSG00000256128,lncRNA,53,3670,1.444,9,16,True,ROBUST_CANDIDATE,Lineage-specific or moderate expression passing strict detection thresholds
LINC00958,ENSG00000251381,lncRNA,53,3670,1.444,7,16,True,ROBUST_CANDIDATE,Lineage-specific or moderate expression passing strict detection thresholds
FZD10-AS1,ENSG00000250208,lncRNA,53,3670,1.444,10,16,True,ROBUST_CANDIDATE,Lineage-specific or moderate expression passing strict detection thresholds
RAD21-AS1,ENSG00000253327,lncRNA,52,3670,1.417,9,16,True,ROBUST_CANDIDATE,Lineage-specific or moderate expression passing strict detection thresholds
CTBP1-AS,ENSG00000280927,lncRNA,52,3670,1.417,11,16,True,ROBUST_CANDIDATE,Lineage-specific or moderate expression passing strict detection thresholds
LINC01239,ENSG00000234840,lncRNA,52,3670,1.417,9,16,True,ROBUST_CANDIDATE,Lineage-specific or moderate expression passing strict detection thresholds
TENM3-AS1,ENSG00000177822,lncRNA,52,3670,1.417,9,16,True,ROBUST_CANDIDATE,Lineage-specific or moderate expression passing strict detection thresholds
LINC01068,ENSG00000227676,lncRNA,52,3670,1.417,6,16,True,ROBUST_CANDIDATE,Lineage-specific or moderate expression passing strict detection thresholds
LINC01290,ENSG00000260468,lncRNA,52,3670,1.417,10,16,True,ROBUST_CANDIDATE,Lineage-specific or moderate expression passing strict detection thresholds
LINC01001,ENSG00000230724,lncRNA,52,3670,1.417,11,16,True,ROBUST_CANDIDATE,Lineage-specific or moderate expression passing strict detection thresholds
UGDH-AS1,ENSG00000249348,lncRNA,52,3670,1.417,9,16,True,ROBUST_CANDIDATE,Lineage-specific or moderate expression passing strict detection thresholds
TMEM254-AS1,ENSG00000230091,lncRNA,52,3670,1.417,9,16,True,ROBUST_CANDIDATE,Lineage-specific or moderate expression passing strict detection thresholds
KCNJ2-AS1,ENSG00000267365,lncRNA,51,3670,1.39,8,16,True,ROBUST_CANDIDATE,Lineage-specific or moderate expression passing strict detection thresholds
SENCR,ENSG00000254703,lncRNA,51,3670,1.39,7,16,True,ROBUST_CANDIDATE,Lineage-specific or moderate expression passing strict detection thresholds
LINC01277,ENSG00000229017,lncRNA,51,3670,1.39,7,16,True,ROBUST_CANDIDATE,Lineage-specific or moderate expression passing strict detection thresholds
LINC00622,ENSG00000260941,lncRNA,51,3670,1.39,6,16,True,ROBUST_CANDIDATE,Lineage-specific or moderate expression passing strict detection thresholds
STIM2-AS1,ENSG00000240005,lncRNA,51,3670,1.39,10,16,True,ROBUST_CANDIDATE,Lineage-specific or moderate expression passing strict detection thresholds
LINC02716,ENSG00000205106,lncRNA,51,3670,1.39,7,16,True,ROBUST_CANDIDATE,Lineage-specific or moderate expression passing strict detection thresholds
C1orf220,ENSG00000213057,lncRNA,51,3670,1.39,8,16,True,ROBUST_CANDIDATE,Lineage-specific or moderate expression passing strict detection thresholds
GPR176-DT,ENSG00000246863,lncRNA,50,3670,1.362,10,16,True,ROBUST_CANDIDATE,Lineage-specific or moderate expression passing strict detection thresholds
LINC01828,ENSG00000235885,lncRNA,50,3670,1.362,8,16,True,ROBUST_CANDIDATE,Lineage-specific or moderate expression passing strict detection thresholds
PLCG1-AS1,ENSG00000226648,lncRNA,50,3670,1.362,9,16,True,ROBUST_CANDIDATE,Lineage-specific or moderate expression passing strict detection thresholds
CERNA1,ENSG00000259577,lncRNA,50,3670,1.362,11,16,True,ROBUST_CANDIDATE,Lineage-specific or moderate expression passing strict detection thresholds
SERPINB9P1,ENSG00000230438,lncRNA,50,3670,1.362,9,16,True,ROBUST_CANDIDATE,Lineage-specific or moderate expression passing strict detection thresholds
LINC02478,ENSG00000285373,lncRNA,50,3670,1.362,8,16,True,ROBUST_CANDIDATE,Lineage-specific or moderate expression passing strict detection thresholds
LINC02303,ENSG00000258616,lncRNA,50,3670,1.362,3,16,True,ROBUST_CANDIDATE,Lineage-specific or moderate expression passing strict detection thresholds
LINC02232,ENSG00000250125,lncRNA,50,3670,1.362,6,16,True,ROBUST_CANDIDATE,Lineage-specific or moderate expression passing strict detection thresholds
LINC01978,ENSG00000262188,lncRNA,50,3670,1.362,8,16,True,ROBUST_CANDIDATE,Lineage-specific or moderate expression passing strict detection thresholds
LINC02608,ENSG00000226251,lncRNA,50,3670,1.362,7,16,True,ROBUST_CANDIDATE,Lineage-specific or moderate expression passing strict detection thresholds
LINC01270,ENSG00000203999,lncRNA,50,3670,1.362,9,16,True,ROBUST_CANDIDATE,Lineage-specific or moderate expression passing strict detection thresholds
LINC01126,ENSG00000279873,lncRNA,49,3670,1.335,10,16,True,ROBUST_CANDIDATE,Lineage-specific or moderate expression passing strict detection thresholds
LINC00923,ENSG00000251209,lncRNA,49,3670,1.335,8,16,True,ROBUST_CANDIDATE,Lineage-specific or moderate expression passing strict detection thresholds
LINC00240,ENSG00000224843,lncRNA,49,3670,1.335,9,16,True,ROBUST_CANDIDATE,Lineage-specific or moderate expression passing strict detection thresholds
FAM226B,ENSG00000269911,lncRNA,49,3670,1.335,8,16,True,ROBUST_CANDIDATE,Lineage-specific or moderate expression passing strict detection thresholds
HAGLR,ENSG00000224189,lncRNA,49,3670,1.335,5,16,True,ROBUST_CANDIDATE,Lineage-specific or moderate expression passing strict detection thresholds
ZBTB20-AS2,ENSG00000241295,lncRNA,49,3670,1.335,7,16,True,ROBUST_CANDIDATE,Lineage-specific or moderate expression passing strict detection thresholds
TERC,ENSG00000270141,lncRNA,48,3670,1.308,8,16,True,ROBUST_CANDIDATE,Lineage-specific or moderate expression passing strict detection thresholds
ALMS1-IT1,ENSG00000230002,lncRNA,48,3670,1.308,10,16,True,ROBUST_CANDIDATE,Lineage-specific or moderate expression passing strict detection thresholds
LINC01303,ENSG00000250548,lncRNA,48,3670,1.308,5,16,True,ROBUST_CANDIDATE,Lineage-specific or moderate expression passing strict detection thresholds
DNAH10OS,ENSG00000250091,lncRNA,48,3670,1.308,9,16,True,ROBUST_CANDIDATE,Lineage-specific or moderate expression passing strict detection thresholds
SNHG31,ENSG00000229267,lncRNA,48,3670,1.308,9,16,True,LOW_CREDIBILITY_CANDIDATE,Nuclear/housekeeping/promiscuous transcript; ubiquitous high expression non-specifically sponges miRNAs
GNG12-AS1,ENSG00000232284,lncRNA,48,3670,1.308,7,16,True,ROBUST_CANDIDATE,Lineage-specific or moderate expression passing strict detection thresholds
FAM41C,ENSG00000230368,lncRNA,48,3670,1.308,9,16,True,ROBUST_CANDIDATE,Lineage-specific or moderate expression passing strict detection thresholds
KLF7-IT1,ENSG00000237892,lncRNA,47,3670,1.281,5,16,True,ROBUST_CANDIDATE,Lineage-specific or moderate expression passing strict detection thresholds
CALML3-AS1,ENSG00000205488,lncRNA,47,3670,1.281,5,16,True,ROBUST_CANDIDATE,Lineage-specific or moderate expression passing strict detection thresholds
ZNF451-AS1,ENSG00000226803,lncRNA,47,3670,1.281,7,16,True,ROBUST_CANDIDATE,Lineage-specific or moderate expression passing strict detection thresholds
FRMD6-AS2,ENSG00000258537,lncRNA,47,3670,1.281,7,16,True,ROBUST_CANDIDATE,Lineage-specific or moderate expression passing strict detection thresholds
SRD5A3-AS1,ENSG00000249700,lncRNA,47,3670,1.281,8,16,True,ROBUST_CANDIDATE,Lineage-specific or moderate expression passing strict detection thresholds
PTPRG-AS1,ENSG00000241472,lncRNA,47,3670,1.281,8,16,True,ROBUST_CANDIDATE,Lineage-specific or moderate expression passing strict detection thresholds
RNF217-AS1,ENSG00000236548,lncRNA,47,3670,1.281,10,16,True,ROBUST_CANDIDATE,Lineage-specific or moderate expression passing strict detection thresholds
LINC01564,ENSG00000235899,lncRNA,46,3670,1.253,8,16,True,ROBUST_CANDIDATE,Lineage-specific or moderate expression passing strict detection thresholds
LINC01117,ENSG00000224577,lncRNA,46,3670,1.253,4,16,True,ROBUST_CANDIDATE,Lineage-specific or moderate expression passing strict detection thresholds
LINC02550,ENSG00000271584,lncRNA,46,3670,1.253,6,16,True,ROBUST_CANDIDATE,Lineage-specific or moderate expression passing strict detection thresholds
LINC00311,ENSG00000179219,lncRNA,46,3670,1.253,7,16,True,ROBUST_CANDIDATE,Lineage-specific or moderate expression passing strict detection thresholds
MIF-AS1,ENSG00000218537,lncRNA,46,3670,1.253,7,16,True,ROBUST_CANDIDATE,Lineage-specific or moderate expression passing strict detection thresholds
LINC00460,ENSG00000233532,lncRNA,46,3670,1.253,4,16,True,ROBUST_CANDIDATE,Lineage-specific or moderate expression passing strict detection thresholds
LINC00886,ENSG00000240875,lncRNA,45,3670,1.226,6,16,True,ROBUST_CANDIDATE,Lineage-specific or moderate expression passing strict detection thresholds
ZFHX4-AS1,ENSG00000253661,lncRNA,45,3670,1.226,7,16,True,ROBUST_CANDIDATE,Lineage-specific or moderate expression passing strict detection thresholds
HOXC-AS1,ENSG00000250451,lncRNA,45,3670,1.226,6,16,True,ROBUST_CANDIDATE,Lineage-specific or moderate expression passing strict detection thresholds
HCG27,ENSG00000206344,lncRNA,45,3670,1.226,10,16,True,ROBUST_CANDIDATE,Lineage-specific or moderate expression passing strict detection thresholds
WDR86-AS1,ENSG00000243836,lncRNA,45,3670,1.226,8,16,True,ROBUST_CANDIDATE,Lineage-specific or moderate expression passing strict detection thresholds
GHRLOS,ENSG00000240288,lncRNA,45,3670,1.226,8,16,True,ROBUST_CANDIDATE,Lineage-specific or moderate expression passing strict detection thresholds
ZMIZ1-AS1,ENSG00000224596,lncRNA,44,3670,1.199,9,16,True,ROBUST_CANDIDATE,Lineage-specific or moderate expression passing strict detection thresholds
CD2BP2-DT,ENSG00000260219,lncRNA,44,3670,1.199,8,16,True,ROBUST_CANDIDATE,Lineage-specific or moderate expression passing strict detection thresholds
DDN-AS1,ENSG00000257913,lncRNA,44,3670,1.199,10,16,True,ROBUST_CANDIDATE,Lineage-specific or moderate expression passing strict detection thresholds
BBOX1-AS1,ENSG00000254560,lncRNA,44,3670,1.199,4,16,True,ROBUST_CANDIDATE,Lineage-specific or moderate expression passing strict detection thresholds
LINC01220,ENSG00000259687,lncRNA,44,3670,1.199,10,16,True,ROBUST_CANDIDATE,Lineage-specific or moderate expression passing strict detection thresholds
BCDIN3D-AS1,ENSG00000258057,lncRNA,44,3670,1.199,7,16,True,ROBUST_CANDIDATE,Lineage-specific or moderate expression passing strict detection thresholds
RABGAP1L-DT,ENSG00000227373,lncRNA,44,3670,1.199,9,16,True,ROBUST_CANDIDATE,Lineage-specific or moderate expression passing strict detection thresholds
SOX2-OT,ENSG00000242808,lncRNA,44,3670,1.199,11,16,True,ROBUST_CANDIDATE,Lineage-specific or moderate expression passing strict detection thresholds
HAR1B,ENSG00000231133,lncRNA,44,3670,1.199,7,16,True,ROBUST_CANDIDATE,Lineage-specific or moderate expression passing strict detection thresholds
OBSCN-AS1,ENSG00000162913,lncRNA,44,3670,1.199,7,16,True,ROBUST_CANDIDATE,Lineage-specific or moderate expression passing strict detection thresholds
NEBL-AS1,ENSG00000231920,lncRNA,44,3670,1.199,8,16,True,ROBUST_CANDIDATE,Lineage-specific or moderate expression passing strict detection thresholds
MCPH1-AS1,ENSG00000249898,lncRNA,44,3670,1.199,10,16,True,ROBUST_CANDIDATE,Lineage-specific or moderate expression passing strict detection thresholds
TMEM51-AS1,ENSG00000175147,lncRNA,44,3670,1.199,9,16,True,ROBUST_CANDIDATE,Lineage-specific or moderate expression passing strict detection thresholds
LINCADL,ENSG00000287148,lncRNA,43,3670,1.172,6,16,True,ROBUST_CANDIDATE,Lineage-specific or moderate expression passing strict detection thresholds
LINC01301,ENSG00000251396,lncRNA,43,3670,1.172,7,16,True,ROBUST_CANDIDATE,Lineage-specific or moderate expression passing strict detection thresholds
TBC1D8-AS1,ENSG00000272902,lncRNA,43,3670,1.172,9,16,True,ROBUST_CANDIDATE,Lineage-specific or moderate expression passing strict detection thresholds
LINC01948,ENSG00000248727,lncRNA,43,3670,1.172,7,16,True,ROBUST_CANDIDATE,Lineage-specific or moderate expression passing strict detection thresholds
LIX1L-AS1,ENSG00000234222,lncRNA,42,3670,1.144,9,16,True,ROBUST_CANDIDATE,Lineage-specific or moderate expression passing strict detection thresholds
ITGA6-AS1,ENSG00000232788,lncRNA,42,3670,1.144,9,16,True,ROBUST_CANDIDATE,Lineage-specific or moderate expression passing strict detection thresholds
AGAP1-IT1,ENSG00000235529,lncRNA,42,3670,1.144,9,16,True,ROBUST_CANDIDATE,Lineage-specific or moderate expression passing strict detection thresholds
UXT-AS1,ENSG00000267064,lncRNA,42,3670,1.144,10,16,True,ROBUST_CANDIDATE,Lineage-specific or moderate expression passing strict detection thresholds
MIR194-2HG,ENSG00000229719,lncRNA,42,3670,1.144,11,16,True,ROBUST_CANDIDATE,Lineage-specific or moderate expression passing strict detection thresholds
ZNF252P-AS1,ENSG00000255559,lncRNA,42,3670,1.144,10,16,True,ROBUST_CANDIDATE,Lineage-specific or moderate expression passing strict detection thresholds
FRY-AS1,ENSG00000237637,lncRNA,42,3670,1.144,7,16,True,ROBUST_CANDIDATE,Lineage-specific or moderate expression passing strict detection thresholds
ADAMTSL4-AS1,ENSG00000203804,lncRNA,42,3670,1.144,9,16,True,ROBUST_CANDIDATE,Lineage-specific or moderate expression passing strict detection thresholds
FAM225A,ENSG00000231528,lncRNA,42,3670,1.144,7,16,True,ROBUST_CANDIDATE,Lineage-specific or moderate expression passing strict detection thresholds
LINC00242,ENSG00000229214,lncRNA,42,3670,1.144,6,16,True,ROBUST_CANDIDATE,Lineage-specific or moderate expression passing strict detection thresholds
CAMTA1-DT,ENSG00000237436,lncRNA,42,3670,1.144,10,16,True,ROBUST_CANDIDATE,Lineage-specific or moderate expression passing strict detection thresholds
ZNF710-AS1,ENSG00000259291,lncRNA,41,3670,1.117,8,16,True,ROBUST_CANDIDATE,Lineage-specific or moderate expression passing strict detection thresholds
LINC00926,ENSG00000247982,lncRNA,41,3670,1.117,10,16,True,ROBUST_CANDIDATE,Lineage-specific or moderate expression passing strict detection thresholds
LINC00278,ENSG00000231535,lncRNA,41,3670,1.117,4,16,True,ROBUST_CANDIDATE,Lineage-specific or moderate expression passing strict detection thresholds
LINC01684,ENSG00000237484,lncRNA,41,3670,1.117,6,16,True,ROBUST_CANDIDATE,Lineage-specific or moderate expression passing strict detection thresholds
LINC02574,ENSG00000233975,lncRNA,41,3670,1.117,10,16,True,ROBUST_CANDIDATE,Lineage-specific or moderate expression passing strict detection thresholds
TBX2-AS1,ENSG00000267280,lncRNA,41,3670,1.117,8,16,True,ROBUST_CANDIDATE,Lineage-specific or moderate expression passing strict detection thresholds
C22orf24,ENSG00000128254,lncRNA,41,3670,1.117,8,16,True,ROBUST_CANDIDATE,Lineage-specific or moderate expression passing strict detection thresholds
SNHG22,ENSG00000267322,lncRNA,41,3670,1.117,7,16,True,LOW_CREDIBILITY_CANDIDATE,Nuclear/housekeeping/promiscuous transcript; ubiquitous high expression non-specifically sponges miRNAs
CDC42-AS1,ENSG00000285752,lncRNA,40,3670,1.09,9,16,True,ROBUST_CANDIDATE,Lineage-specific or moderate expression passing strict detection thresholds
LINC00327,ENSG00000232977,lncRNA,40,3670,1.09,5,16,True,ROBUST_CANDIDATE,Lineage-specific or moderate expression passing strict detection thresholds
HDAC2-AS2,ENSG00000228624,lncRNA,40,3670,1.09,7,16,True,ROBUST_CANDIDATE,Lineage-specific or moderate expression passing strict detection thresholds
LINC01558,ENSG00000146521,lncRNA,40,3670,1.09,7,16,True,ROBUST_CANDIDATE,Lineage-specific or moderate expression passing strict detection thresholds
BHLHE40-AS1,ENSG00000235831,lncRNA,40,3670,1.09,10,16,True,ROBUST_CANDIDATE,Lineage-specific or moderate expression passing strict detection thresholds
STK24-AS1,ENSG00000224418,lncRNA,40,3670,1.09,11,16,True,ROBUST_CANDIDATE,Lineage-specific or moderate expression passing strict detection thresholds
LINC00167,ENSG00000233220,lncRNA,40,3670,1.09,10,16,True,ROBUST_CANDIDATE,Lineage-specific or moderate expression passing strict detection thresholds
TNFRSF14-AS1,ENSG00000238164,lncRNA,40,3670,1.09,9,16,True,ROBUST_CANDIDATE,Lineage-specific or moderate expression passing strict detection thresholds
NR2F2-AS1,ENSG00000247809,lncRNA,40,3670,1.09,8,16,True,ROBUST_CANDIDATE,Lineage-specific or moderate expression passing strict detection thresholds
LINC00434,ENSG00000227336,lncRNA,40,3670,1.09,6,16,True,ROBUST_CANDIDATE,Lineage-specific or moderate expression passing strict detection thresholds
LINC02635,ENSG00000283000,lncRNA,40,3670,1.09,1,16,False,BELOW_DETECTION_THRESHOLD,Detected in < 1% of stromal cells or < 2 donors
LINC01480,ENSG00000270164,lncRNA,40,3670,1.09,11,16,True,ROBUST_CANDIDATE,Lineage-specific or moderate expression passing strict detection thresholds
WEE2-AS1,ENSG00000228775,lncRNA,40,3670,1.09,9,16,True,ROBUST_CANDIDATE,Lineage-specific or moderate expression passing strict detection thresholds
LINC00968,ENSG00000246430,lncRNA,40,3670,1.09,5,16,True,ROBUST_CANDIDATE,Lineage-specific or moderate expression passing strict detection thresholds
PROSER2-AS1,ENSG00000225778,lncRNA,40,3670,1.09,9,16,True,ROBUST_CANDIDATE,Lineage-specific or moderate expression passing strict detection thresholds
MYOSLID,ENSG00000229647,lncRNA,40,3670,1.09,7,16,True,ROBUST_CANDIDATE,Lineage-specific or moderate expression passing strict detection thresholds
KRTAP5-AS1,ENSG00000233930,lncRNA,40,3670,1.09,7,16,True,ROBUST_CANDIDATE,Lineage-specific or moderate expression passing strict detection thresholds
DINOL,ENSG00000285244,lncRNA,39,3670,1.063,10,16,True,ROBUST_CANDIDATE,Lineage-specific or moderate expression passing strict detection thresholds
LINC02535,ENSG00000234155,lncRNA,39,3670,1.063,6,16,True,ROBUST_CANDIDATE,Lineage-specific or moderate expression passing strict detection thresholds
FENDRR,ENSG00000268388,lncRNA,39,3670,1.063,10,16,True,ROBUST_CANDIDATE,Lineage-specific or moderate expression passing strict detection thresholds
BACH1-AS1,ENSG00000232118,lncRNA,39,3670,1.063,8,16,True,ROBUST_CANDIDATE,Lineage-specific or moderate expression passing strict detection thresholds
GSN-AS1,ENSG00000235865,lncRNA,38,3670,1.035,9,16,True,ROBUST_CANDIDATE,Lineage-specific or moderate expression passing strict detection thresholds
LINC01678,ENSG00000225331,lncRNA,38,3670,1.035,8,16,True,ROBUST_CANDIDATE,Lineage-specific or moderate expression passing strict detection thresholds
GLIS3-AS1,ENSG00000237009,lncRNA,38,3670,1.035,7,16,True,ROBUST_CANDIDATE,Lineage-specific or moderate expression passing strict detection thresholds
LINC02730,ENSG00000255406,lncRNA,38,3670,1.035,7,16,True,ROBUST_CANDIDATE,Lineage-specific or moderate expression passing strict detection thresholds
RBM5-AS1,ENSG00000281691,lncRNA,38,3670,1.035,9,16,True,ROBUST_CANDIDATE,Lineage-specific or moderate expression passing strict detection thresholds
LINC02606,ENSG00000284693,lncRNA,38,3670,1.035,6,16,True,ROBUST_CANDIDATE,Lineage-specific or moderate expression passing strict detection thresholds
C9orf163,ENSG00000196366,lncRNA,38,3670,1.035,9,16,True,ROBUST_CANDIDATE,Lineage-specific or moderate expression passing strict detection thresholds
LINC01123,ENSG00000204588,lncRNA,37,3670,1.008,9,16,True,ROBUST_CANDIDATE,Lineage-specific or moderate expression passing strict detection thresholds
PLS3-AS1,ENSG00000271826,lncRNA,37,3670,1.008,6,16,True,ROBUST_CANDIDATE,Lineage-specific or moderate expression passing strict detection thresholds
DCST1-AS1,ENSG00000232093,lncRNA,37,3670,1.008,8,16,True,ROBUST_CANDIDATE,Lineage-specific or moderate expression passing strict detection thresholds
LINC01715,ENSG00000229388,lncRNA,37,3670,1.008,6,16,True,ROBUST_CANDIDATE,Lineage-specific or moderate expression passing strict detection thresholds
PLAC4,ENSG00000280109,lncRNA,37,3670,1.008,6,16,True,ROBUST_CANDIDATE,Lineage-specific or moderate expression passing strict detection thresholds
CEP83-DT,ENSG00000278916,lncRNA,37,3670,1.008,11,16,True,ROBUST_CANDIDATE,Lineage-specific or moderate expression passing strict detection thresholds
LINC01002,ENSG00000282508,lncRNA,37,3670,1.008,10,16,True,ROBUST_CANDIDATE,Lineage-specific or moderate expression passing strict detection thresholds
CPEB1-AS1,ENSG00000259462,lncRNA,36,3670,0.981,8,16,False,BELOW_DETECTION_THRESHOLD,Detected in < 1% of stromal cells or < 2 donors
LINC01996,ENSG00000261863,lncRNA,36,3670,0.981,9,16,False,BELOW_DETECTION_THRESHOLD,Detected in < 1% of stromal cells or < 2 donors
LINC01695,ENSG00000236532,lncRNA,36,3670,0.981,5,16,False,BELOW_DETECTION_THRESHOLD,Detected in < 1% of stromal cells or < 2 donors
LINC02352,ENSG00000259448,lncRNA,36,3670,0.981,9,16,False,BELOW_DETECTION_THRESHOLD,Detected in < 1% of stromal cells or < 2 donors
HSD11B1-AS1,ENSG00000227591,lncRNA,36,3670,0.981,9,16,False,BELOW_DETECTION_THRESHOLD,Detected in < 1% of stromal cells or < 2 donors
LINC01909,ENSG00000266258,lncRNA,36,3670,0.981,7,16,False,BELOW_DETECTION_THRESHOLD,Detected in < 1% of stromal cells or < 2 donors
LINC01619,ENSG00000257242,lncRNA,36,3670,0.981,12,16,False,BELOW_DETECTION_THRESHOLD,Detected in < 1% of stromal cells or < 2 donors
MAGI1-IT1,ENSG00000272610,lncRNA,36,3670,0.981,7,16,False,BELOW_DETECTION_THRESHOLD,Detected in < 1% of stromal cells or < 2 donors
MAST4-AS1,ENSG00000229666,lncRNA,36,3670,0.981,7,16,False,BELOW_DETECTION_THRESHOLD,Detected in < 1% of stromal cells or < 2 donors
LINC02783,ENSG00000204362,lncRNA,36,3670,0.981,7,16,False,BELOW_DETECTION_THRESHOLD,Detected in < 1% of stromal cells or < 2 donors
EXOSC10-AS1,ENSG00000230337,lncRNA,35,3670,0.954,7,16,False,BELOW_DETECTION_THRESHOLD,Detected in < 1% of stromal cells or < 2 donors
LINC00266-1,ENSG00000149656,lncRNA,35,3670,0.954,10,16,False,BELOW_DETECTION_THRESHOLD,Detected in < 1% of stromal cells or < 2 donors
SMG7-AS1,ENSG00000232860,lncRNA,35,3670,0.954,9,16,False,BELOW_DETECTION_THRESHOLD,Detected in < 1% of stromal cells or < 2 donors
LINC02610,ENSG00000186235,lncRNA,35,3670,0.954,4,16,False,BELOW_DETECTION_THRESHOLD,Detected in < 1% of stromal cells or < 2 donors
TDRKH-AS1,ENSG00000203288,lncRNA,35,3670,0.954,10,16,False,BELOW_DETECTION_THRESHOLD,Detected in < 1% of stromal cells or < 2 donors
LINC00937,ENSG00000226091,lncRNA,35,3670,0.954,9,16,False,BELOW_DETECTION_THRESHOLD,Detected in < 1% of stromal cells or < 2 donors
RUNDC3A-AS1,ENSG00000267750,lncRNA,34,3670,0.926,8,16,False,BELOW_DETECTION_THRESHOLD,Detected in < 1% of stromal cells or < 2 donors
A2M-AS1,ENSG00000245105,lncRNA,34,3670,0.926,9,16,False,BELOW_DETECTION_THRESHOLD,Detected in < 1% of stromal cells or < 2 donors
LINC01226,ENSG00000284543,lncRNA,34,3670,0.926,5,16,False,BELOW_DETECTION_THRESHOLD,Detected in < 1% of stromal cells or < 2 donors
TSPOAP1-AS1,ENSG00000265148,lncRNA,34,3670,0.926,8,16,False,BELOW_DETECTION_THRESHOLD,Detected in < 1% of stromal cells or < 2 donors
ZNRF3-AS1,ENSG00000177993,lncRNA,34,3670,0.926,6,16,False,BELOW_DETECTION_THRESHOLD,Detected in < 1% of stromal cells or < 2 donors
LINC02302,ENSG00000258998,lncRNA,34,3670,0.926,6,16,False,BELOW_DETECTION_THRESHOLD,Detected in < 1% of stromal cells or < 2 donors
LINC01616,ENSG00000261340,lncRNA,34,3670,0.926,5,16,False,BELOW_DETECTION_THRESHOLD,Detected in < 1% of stromal cells or < 2 donors
SNRK-AS1,ENSG00000234617,lncRNA,34,3670,0.926,6,16,False,BELOW_DETECTION_THRESHOLD,Detected in < 1% of stromal cells or < 2 donors
MAP3K14-AS1,ENSG00000267278,lncRNA,34,3670,0.926,9,16,False,BELOW_DETECTION_THRESHOLD,Detected in < 1% of stromal cells or < 2 donors
C5orf66,ENSG00000224186,lncRNA,34,3670,0.926,7,16,False,BELOW_DETECTION_THRESHOLD,Detected in < 1% of stromal cells or < 2 donors
HMGA1P4,ENSG00000234705,lncRNA,34,3670,0.926,9,16,False,BELOW_DETECTION_THRESHOLD,Detected in < 1% of stromal cells or < 2 donors
LATS2-AS1,ENSG00000233851,lncRNA,34,3670,0.926,8,16,False,BELOW_DETECTION_THRESHOLD,Detected in < 1% of stromal cells or < 2 donors
ZNF571-AS1,ENSG00000267470,lncRNA,34,3670,0.926,7,16,False,BELOW_DETECTION_THRESHOLD,Detected in < 1% of stromal cells or < 2 donors
TRHDE-AS1,ENSG00000236333,lncRNA,34,3670,0.926,8,16,False,BELOW_DETECTION_THRESHOLD,Detected in < 1% of stromal cells or < 2 donors
C1orf229,ENSG00000221953,lncRNA,34,3670,0.926,8,16,False,BELOW_DETECTION_THRESHOLD,Detected in < 1% of stromal cells or < 2 donors
GORAB-AS1,ENSG00000231407,lncRNA,34,3670,0.926,9,16,False,BELOW_DETECTION_THRESHOLD,Detected in < 1% of stromal cells or < 2 donors
SLC8A1-AS1,ENSG00000227028,lncRNA,33,3670,0.899,6,16,False,BELOW_DETECTION_THRESHOLD,Detected in < 1% of stromal cells or < 2 donors
SH3RF3-AS1,ENSG00000259863,lncRNA,33,3670,0.899,5,16,False,BELOW_DETECTION_THRESHOLD,Detected in < 1% of stromal cells or < 2 donors
LINC01605,ENSG00000253161,lncRNA,33,3670,0.899,8,16,False,BELOW_DETECTION_THRESHOLD,Detected in < 1% of stromal cells or < 2 donors
LINC02257,ENSG00000238042,lncRNA,33,3670,0.899,4,16,False,BELOW_DETECTION_THRESHOLD,Detected in < 1% of stromal cells or < 2 donors
C8orf37-AS1,ENSG00000253773,lncRNA,33,3670,0.899,4,16,False,BELOW_DETECTION_THRESHOLD,Detected in < 1% of stromal cells or < 2 donors
ZNF460-AS1,ENSG00000267871,lncRNA,33,3670,0.899,8,16,False,BELOW_DETECTION_THRESHOLD,Detected in < 1% of stromal cells or < 2 donors
DDX59-AS1,ENSG00000260088,lncRNA,33,3670,0.899,6,16,False,BELOW_DETECTION_THRESHOLD,Detected in < 1% of stromal cells or < 2 donors
ARHGAP29-AS1,ENSG00000226835,lncRNA,33,3670,0.899,6,16,False,BELOW_DETECTION_THRESHOLD,Detected in < 1% of stromal cells or < 2 donors
LINC00605,ENSG00000251533,lncRNA,32,3670,0.872,6,16,False,BELOW_DETECTION_THRESHOLD,Detected in < 1% of stromal cells or < 2 donors
LMO7-AS1,ENSG00000261105,lncRNA,32,3670,0.872,9,16,False,BELOW_DETECTION_THRESHOLD,Detected in < 1% of stromal cells or < 2 donors
DNM1P35,ENSG00000246877,lncRNA,32,3670,0.872,7,16,False,BELOW_DETECTION_THRESHOLD,Detected in < 1% of stromal cells or < 2 donors
LINC02611,ENSG00000226791,lncRNA,32,3670,0.872,9,16,False,BELOW_DETECTION_THRESHOLD,Detected in < 1% of stromal cells or < 2 donors
LINC02754,ENSG00000251637,lncRNA,32,3670,0.872,7,16,False,BELOW_DETECTION_THRESHOLD,Detected in < 1% of stromal cells or < 2 donors
LINC00900,ENSG00000246100,lncRNA,32,3670,0.872,3,16,False,BELOW_DETECTION_THRESHOLD,Detected in < 1% of stromal cells or < 2 donors
INE2,ENSG00000281371,lncRNA,32,3670,0.872,5,16,False,BELOW_DETECTION_THRESHOLD,Detected in < 1% of stromal cells or < 2 donors
PTPRD-AS1,ENSG00000225706,lncRNA,32,3670,0.872,8,16,False,BELOW_DETECTION_THRESHOLD,Detected in < 1% of stromal cells or < 2 donors
RRN3P2,ENSG00000103472,lncRNA,32,3670,0.872,10,16,False,BELOW_DETECTION_THRESHOLD,Detected in < 1% of stromal cells or < 2 donors
LINC00706,ENSG00000281186,lncRNA,32,3670,0.872,8,16,False,BELOW_DETECTION_THRESHOLD,Detected in < 1% of stromal cells or < 2 donors
TMCO1-AS1,ENSG00000224358,lncRNA,32,3670,0.872,8,16,False,BELOW_DETECTION_THRESHOLD,Detected in < 1% of stromal cells or < 2 donors
CPNE8-AS1,ENSG00000257718,lncRNA,32,3670,0.872,6,16,False,BELOW_DETECTION_THRESHOLD,Detected in < 1% of stromal cells or < 2 donors
LGALS8-AS1,ENSG00000223776,lncRNA,31,3670,0.845,10,16,False,BELOW_DETECTION_THRESHOLD,Detected in < 1% of stromal cells or < 2 donors
FUT8-AS1,ENSG00000276116,lncRNA,31,3670,0.845,8,16,False,BELOW_DETECTION_THRESHOLD,Detected in < 1% of stromal cells or < 2 donors
LINC02826,ENSG00000275212,lncRNA,31,3670,0.845,6,16,False,BELOW_DETECTION_THRESHOLD,Detected in < 1% of stromal cells or < 2 donors
RC3H1-IT1,ENSG00000236535,lncRNA,31,3670,0.845,11,16,False,BELOW_DETECTION_THRESHOLD,Detected in < 1% of stromal cells or < 2 donors
KCNK15-AS1,ENSG00000244558,lncRNA,31,3670,0.845,5,16,False,BELOW_DETECTION_THRESHOLD,Detected in < 1% of stromal cells or < 2 donors
IL6R-AS1,ENSG00000228013,lncRNA,31,3670,0.845,8,16,False,BELOW_DETECTION_THRESHOLD,Detected in < 1% of stromal cells or < 2 donors
ASMTL-AS1,ENSG00000236017,lncRNA,31,3670,0.845,6,16,False,BELOW_DETECTION_THRESHOLD,Detected in < 1% of stromal cells or < 2 donors
FAM201A,ENSG00000204860,lncRNA,31,3670,0.845,8,16,False,BELOW_DETECTION_THRESHOLD,Detected in < 1% of stromal cells or < 2 donors
LINC01876,ENSG00000226383,lncRNA,31,3670,0.845,7,16,False,BELOW_DETECTION_THRESHOLD,Detected in < 1% of stromal cells or < 2 donors
SPATA41,ENSG00000189419,lncRNA,31,3670,0.845,8,16,False,BELOW_DETECTION_THRESHOLD,Detected in < 1% of stromal cells or < 2 donors
LINC02542,ENSG00000226453,lncRNA,31,3670,0.845,5,16,False,BELOW_DETECTION_THRESHOLD,Detected in < 1% of stromal cells or < 2 donors
LINC00621,ENSG00000262619,lncRNA,31,3670,0.845,6,16,False,BELOW_DETECTION_THRESHOLD,Detected in < 1% of stromal cells or < 2 donors
PGM5P3-AS1,ENSG00000277631,lncRNA,31,3670,0.845,7,16,False,BELOW_DETECTION_THRESHOLD,Detected in < 1% of stromal cells or < 2 donors
LINC00243,ENSG00000214894,lncRNA,30,3670,0.817,7,16,False,BELOW_DETECTION_THRESHOLD,Detected in < 1% of stromal cells or < 2 donors
LINC00954,ENSG00000228784,lncRNA,30,3670,0.817,7,16,False,BELOW_DETECTION_THRESHOLD,Detected in < 1% of stromal cells or < 2 donors
STRA6LP,ENSG00000255036,lncRNA,30,3670,0.817,5,16,False,BELOW_DETECTION_THRESHOLD,Detected in < 1% of stromal cells or < 2 donors
ZNF236-DT,ENSG00000264278,lncRNA,30,3670,0.817,5,16,False,BELOW_DETECTION_THRESHOLD,Detected in < 1% of stromal cells or < 2 donors
ITPK1-AS1,ENSG00000258730,lncRNA,30,3670,0.817,8,16,False,BELOW_DETECTION_THRESHOLD,Detected in < 1% of stromal cells or < 2 donors
LURAP1L-AS1,ENSG00000235448,lncRNA,30,3670,0.817,6,16,False,BELOW_DETECTION_THRESHOLD,Detected in < 1% of stromal cells or < 2 donors
SLC14A2-AS1,ENSG00000267097,lncRNA,30,3670,0.817,6,16,False,BELOW_DETECTION_THRESHOLD,Detected in < 1% of stromal cells or < 2 donors
LINC00861,ENSG00000245164,lncRNA,30,3670,0.817,10,16,False,BELOW_DETECTION_THRESHOLD,Detected in < 1% of stromal cells or < 2 donors
MRGPRF-AS1,ENSG00000256508,lncRNA,30,3670,0.817,5,16,False,BELOW_DETECTION_THRESHOLD,Detected in < 1% of stromal cells or < 2 donors
LINC02121,ENSG00000250529,lncRNA,30,3670,0.817,5,16,False,BELOW_DETECTION_THRESHOLD,Detected in < 1% of stromal cells or < 2 donors
LINC02777,ENSG00000232453,lncRNA,30,3670,0.817,7,16,False,BELOW_DETECTION_THRESHOLD,Detected in < 1% of stromal cells or < 2 donors
LINC01203,ENSG00000226985,lncRNA,29,3670,0.79,5,16,False,BELOW_DETECTION_THRESHOLD,Detected in < 1% of stromal cells or < 2 donors
ENO1-AS1,ENSG00000230679,lncRNA,29,3670,0.79,8,16,False,BELOW_DETECTION_THRESHOLD,Detected in < 1% of stromal cells or < 2 donors
LINC01275,ENSG00000237595,lncRNA,29,3670,0.79,6,16,False,BELOW_DETECTION_THRESHOLD,Detected in < 1% of stromal cells or < 2 donors
CERS6-AS1,ENSG00000227617,lncRNA,29,3670,0.79,6,16,False,BELOW_DETECTION_THRESHOLD,Detected in < 1% of stromal cells or < 2 donors
LINC00607,ENSG00000235770,lncRNA,29,3670,0.79,6,16,False,BELOW_DETECTION_THRESHOLD,Detected in < 1% of stromal cells or < 2 donors
LNCSRLR,ENSG00000240032,lncRNA,29,3670,0.79,6,16,False,BELOW_DETECTION_THRESHOLD,Detected in < 1% of stromal cells or < 2 donors
LINC02323,ENSG00000259230,lncRNA,29,3670,0.79,7,16,False,BELOW_DETECTION_THRESHOLD,Detected in < 1% of stromal cells or < 2 donors
MIR133A1HG,ENSG00000265142,lncRNA,29,3670,0.79,8,16,False,BELOW_DETECTION_THRESHOLD,Detected in < 1% of stromal cells or < 2 donors
LINC00877,ENSG00000241163,lncRNA,29,3670,0.79,10,16,False,BELOW_DETECTION_THRESHOLD,Detected in < 1% of stromal cells or < 2 donors
LINC02073,ENSG00000267452,lncRNA,29,3670,0.79,3,16,False,BELOW_DETECTION_THRESHOLD,Detected in < 1% of stromal cells or < 2 donors
FAM155A-IT1,ENSG00000227248,lncRNA,29,3670,0.79,4,16,False,BELOW_DETECTION_THRESHOLD,Detected in < 1% of stromal cells or < 2 donors
PDCD4-AS1,ENSG00000203497,lncRNA,29,3670,0.79,7,16,False,BELOW_DETECTION_THRESHOLD,Detected in < 1% of stromal cells or < 2 donors
HECW2-AS1,ENSG00000229056,lncRNA,29,3670,0.79,5,16,False,BELOW_DETECTION_THRESHOLD,Detected in < 1% of stromal cells or < 2 donors
LINC00598,ENSG00000215483,lncRNA,29,3670,0.79,5,16,False,BELOW_DETECTION_THRESHOLD,Detected in < 1% of stromal cells or < 2 donors
WARS2-IT1,ENSG00000224238,lncRNA,29,3670,0.79,5,16,False,BELOW_DETECTION_THRESHOLD,Detected in < 1% of stromal cells or < 2 donors
DNMBP-AS1,ENSG00000227695,lncRNA,29,3670,0.79,7,16,False,BELOW_DETECTION_THRESHOLD,Detected in < 1% of stromal cells or < 2 donors
DLG3-AS1,ENSG00000231651,lncRNA,29,3670,0.79,5,16,False,BELOW_DETECTION_THRESHOLD,Detected in < 1% of stromal cells or < 2 donors
PRC1-AS1,ENSG00000258725,lncRNA,29,3670,0.79,8,16,False,BELOW_DETECTION_THRESHOLD,Detected in < 1% of stromal cells or < 2 donors
ZNF503-AS1,ENSG00000226051,lncRNA,28,3670,0.763,5,16,False,BELOW_DETECTION_THRESHOLD,Detected in < 1% of stromal cells or < 2 donors
DNAJC9-AS1,ENSG00000236756,lncRNA,28,3670,0.763,10,16,False,BELOW_DETECTION_THRESHOLD,Detected in < 1% of stromal cells or < 2 donors
ADPGK-AS1,ENSG00000260898,lncRNA,28,3670,0.763,12,16,False,BELOW_DETECTION_THRESHOLD,Detected in < 1% of stromal cells or < 2 donors
RGMB-AS1,ENSG00000246763,lncRNA,28,3670,0.763,7,16,False,BELOW_DETECTION_THRESHOLD,Detected in < 1% of stromal cells or < 2 donors
ERICD,ENSG00000280303,lncRNA,28,3670,0.763,9,16,False,BELOW_DETECTION_THRESHOLD,Detected in < 1% of stromal cells or < 2 donors
LINC00551,ENSG00000272274,lncRNA,28,3670,0.763,5,16,False,BELOW_DETECTION_THRESHOLD,Detected in < 1% of stromal cells or < 2 donors
LINC01135,ENSG00000234807,lncRNA,28,3670,0.763,9,16,False,BELOW_DETECTION_THRESHOLD,Detected in < 1% of stromal cells or < 2 donors
RORA-AS1,ENSG00000245534,lncRNA,28,3670,0.763,9,16,False,BELOW_DETECTION_THRESHOLD,Detected in < 1% of stromal cells or < 2 donors
LINC02246,ENSG00000281903,lncRNA,28,3670,0.763,8,16,False,BELOW_DETECTION_THRESHOLD,Detected in < 1% of stromal cells or < 2 donors
RBFADN,ENSG00000261126,lncRNA,28,3670,0.763,6,16,False,BELOW_DETECTION_THRESHOLD,Detected in < 1% of stromal cells or < 2 donors
CCDC26,ENSG00000229140,lncRNA,28,3670,0.763,9,16,False,BELOW_DETECTION_THRESHOLD,Detected in < 1% of stromal cells or < 2 donors
LINC01798,ENSG00000232046,lncRNA,28,3670,0.763,7,16,False,BELOW_DETECTION_THRESHOLD,Detected in < 1% of stromal cells or < 2 donors
LINC02803,ENSG00000227740,lncRNA,28,3670,0.763,5,16,False,BELOW_DETECTION_THRESHOLD,Detected in < 1% of stromal cells or < 2 donors
PSMD6-AS1,ENSG00000243410,lncRNA,27,3670,0.736,7,16,False,BELOW_DETECTION_THRESHOLD,Detected in < 1% of stromal cells or < 2 donors
VPS33B-DT,ENSG00000214432,lncRNA,27,3670,0.736,8,16,False,BELOW_DETECTION_THRESHOLD,Detected in < 1% of stromal cells or < 2 donors
FMR1-AS1,ENSG00000268066,lncRNA,27,3670,0.736,8,16,False,BELOW_DETECTION_THRESHOLD,Detected in < 1% of stromal cells or < 2 donors
SPART-AS1,ENSG00000120664,lncRNA,27,3670,0.736,7,16,False,BELOW_DETECTION_THRESHOLD,Detected in < 1% of stromal cells or < 2 donors
ARHGEF26-AS1,ENSG00000243069,lncRNA,27,3670,0.736,8,16,False,BELOW_DETECTION_THRESHOLD,Detected in < 1% of stromal cells or < 2 donors
LINC01852,ENSG00000236914,lncRNA,27,3670,0.736,8,16,False,BELOW_DETECTION_THRESHOLD,Detected in < 1% of stromal cells or < 2 donors
RFX3-AS1,ENSG00000232104,lncRNA,27,3670,0.736,7,16,False,BELOW_DETECTION_THRESHOLD,Detected in < 1% of stromal cells or < 2 donors
DIO3OS,ENSG00000258498,lncRNA,27,3670,0.736,5,16,False,BELOW_DETECTION_THRESHOLD,Detected in < 1% of stromal cells or < 2 donors
HOMER3-AS1,ENSG00000269019,lncRNA,27,3670,0.736,7,16,False,BELOW_DETECTION_THRESHOLD,Detected in < 1% of stromal cells or < 2 donors
FAR1-IT1,ENSG00000254791,lncRNA,27,3670,0.736,9,16,False,BELOW_DETECTION_THRESHOLD,Detected in < 1% of stromal cells or < 2 donors
DENND6A-AS1,ENSG00000239801,lncRNA,27,3670,0.736,8,16,False,BELOW_DETECTION_THRESHOLD,Detected in < 1% of stromal cells or < 2 donors
PRR34,ENSG00000182257,lncRNA,27,3670,0.736,7,16,False,BELOW_DETECTION_THRESHOLD,Detected in < 1% of stromal cells or < 2 donors
NGF-AS1,ENSG00000228035,lncRNA,27,3670,0.736,2,16,False,BELOW_DETECTION_THRESHOLD,Detected in < 1% of stromal cells or < 2 donors
LINC00920,ENSG00000246898,lncRNA,27,3670,0.736,8,16,False,BELOW_DETECTION_THRESHOLD,Detected in < 1% of stromal cells or < 2 donors
ALG1L9P,ENSG00000248671,lncRNA,27,3670,0.736,6,16,False,BELOW_DETECTION_THRESHOLD,Detected in < 1% of stromal cells or < 2 donors
LINC00235,ENSG00000277142,lncRNA,27,3670,0.736,7,16,False,BELOW_DETECTION_THRESHOLD,Detected in < 1% of stromal cells or < 2 donors
LINC01010,ENSG00000236700,lncRNA,27,3670,0.736,6,16,False,BELOW_DETECTION_THRESHOLD,Detected in < 1% of stromal cells or < 2 donors
LINC00479,ENSG00000236384,lncRNA,26,3670,0.708,8,16,False,BELOW_DETECTION_THRESHOLD,Detected in < 1% of stromal cells or < 2 donors
LINC02763,ENSG00000254968,lncRNA,26,3670,0.708,5,16,False,BELOW_DETECTION_THRESHOLD,Detected in < 1% of stromal cells or < 2 donors
ZEB2-AS1,ENSG00000238057,lncRNA,26,3670,0.708,9,16,False,BELOW_DETECTION_THRESHOLD,Detected in < 1% of stromal cells or < 2 donors
PRKAR2A-AS1,ENSG00000224424,lncRNA,26,3670,0.708,8,16,False,BELOW_DETECTION_THRESHOLD,Detected in < 1% of stromal cells or < 2 donors
SH3PXD2A-AS1,ENSG00000280693,lncRNA,26,3670,0.708,5,16,False,BELOW_DETECTION_THRESHOLD,Detected in < 1% of stromal cells or < 2 donors
LINC02848,ENSG00000226581,lncRNA,26,3670,0.708,6,16,False,BELOW_DETECTION_THRESHOLD,Detected in < 1% of stromal cells or < 2 donors
TMC3-AS1,ENSG00000259343,lncRNA,26,3670,0.708,8,16,False,BELOW_DETECTION_THRESHOLD,Detected in < 1% of stromal cells or < 2 donors
LINC00865,ENSG00000232229,lncRNA,26,3670,0.708,5,16,False,BELOW_DETECTION_THRESHOLD,Detected in < 1% of stromal cells or < 2 donors
SCAANT1,ENSG00000280620,lncRNA,26,3670,0.708,7,16,False,BELOW_DETECTION_THRESHOLD,Detected in < 1% of stromal cells or < 2 donors
ST3GAL6-AS1,ENSG00000239445,lncRNA,26,3670,0.708,10,16,False,BELOW_DETECTION_THRESHOLD,Detected in < 1% of stromal cells or < 2 donors
LINC01422,ENSG00000223704,lncRNA,26,3670,0.708,8,16,False,BELOW_DETECTION_THRESHOLD,Detected in < 1% of stromal cells or < 2 donors
LINC02446,ENSG00000256039,lncRNA,25,3670,0.681,7,16,False,BELOW_DETECTION_THRESHOLD,Detected in < 1% of stromal cells or < 2 donors
RABGAP1L-IT1,ENSG00000223525,lncRNA,25,3670,0.681,8,16,False,BELOW_DETECTION_THRESHOLD,Detected in < 1% of stromal cells or < 2 donors
IL12A-AS1,ENSG00000244040,lncRNA,25,3670,0.681,8,16,False,BELOW_DETECTION_THRESHOLD,Detected in < 1% of stromal cells or < 2 donors
LINC01060,ENSG00000249378,lncRNA,25,3670,0.681,6,16,False,BELOW_DETECTION_THRESHOLD,Detected in < 1% of stromal cells or < 2 donors
LINC01266,ENSG00000224957,lncRNA,25,3670,0.681,5,16,False,BELOW_DETECTION_THRESHOLD,Detected in < 1% of stromal cells or < 2 donors
HAR1A,ENSG00000225978,lncRNA,25,3670,0.681,9,16,False,BELOW_DETECTION_THRESHOLD,Detected in < 1% of stromal cells or < 2 donors
KDM5C-IT1,ENSG00000235262,lncRNA,25,3670,0.681,7,16,False,BELOW_DETECTION_THRESHOLD,Detected in < 1% of stromal cells or < 2 donors
LINC01820,ENSG00000228100,lncRNA,25,3670,0.681,7,16,False,BELOW_DETECTION_THRESHOLD,Detected in < 1% of stromal cells or < 2 donors
LINC02533,ENSG00000260239,lncRNA,25,3670,0.681,4,16,False,BELOW_DETECTION_THRESHOLD,Detected in < 1% of stromal cells or < 2 donors
TPM1-AS,ENSG00000259498,lncRNA,25,3670,0.681,6,16,False,BELOW_DETECTION_THRESHOLD,Detected in < 1% of stromal cells or < 2 donors
LINC01170,ENSG00000253807,lncRNA,25,3670,0.681,6,16,False,BELOW_DETECTION_THRESHOLD,Detected in < 1% of stromal cells or < 2 donors
ZBED3-AS1,ENSG00000250802,lncRNA,25,3670,0.681,8,16,False,BELOW_DETECTION_THRESHOLD,Detected in < 1% of stromal cells or < 2 donors
LINC02360,ENSG00000248300,lncRNA,25,3670,0.681,7,16,False,BELOW_DETECTION_THRESHOLD,Detected in < 1% of stromal cells or < 2 donors
LINC01460,ENSG00000205334,lncRNA,25,3670,0.681,7,16,False,BELOW_DETECTION_THRESHOLD,Detected in < 1% of stromal cells or < 2 donors
LINC01829,ENSG00000236780,lncRNA,24,3670,0.654,9,16,False,BELOW_DETECTION_THRESHOLD,Detected in < 1% of stromal cells or < 2 donors
ANKRD44-IT1,ENSG00000236977,lncRNA,24,3670,0.654,7,16,False,BELOW_DETECTION_THRESHOLD,Detected in < 1% of stromal cells or < 2 donors
LINC01476,ENSG00000265313,lncRNA,24,3670,0.654,5,16,False,BELOW_DETECTION_THRESHOLD,Detected in < 1% of stromal cells or < 2 donors
FLNB-AS1,ENSG00000244161,lncRNA,24,3670,0.654,5,16,False,BELOW_DETECTION_THRESHOLD,Detected in < 1% of stromal cells or < 2 donors
CRYZL2P-SEC16B,ENSG00000254154,lncRNA,24,3670,0.654,6,16,False,BELOW_DETECTION_THRESHOLD,Detected in < 1% of stromal cells or < 2 donors
CASC8,ENSG00000246228,lncRNA,24,3670,0.654,4,16,False,BELOW_DETECTION_THRESHOLD,Detected in < 1% of stromal cells or < 2 donors
LINC02832,ENSG00000227308,lncRNA,24,3670,0.654,8,16,False,BELOW_DETECTION_THRESHOLD,Detected in < 1% of stromal cells or < 2 donors
LINC01956,ENSG00000258910,lncRNA,24,3670,0.654,6,16,False,BELOW_DETECTION_THRESHOLD,Detected in < 1% of stromal cells or < 2 donors
LGALSL-DT,ENSG00000223935,lncRNA,24,3670,0.654,7,16,False,BELOW_DETECTION_THRESHOLD,Detected in < 1% of stromal cells or < 2 donors
LINC02273,ENSG00000245954,lncRNA,24,3670,0.654,11,16,False,BELOW_DETECTION_THRESHOLD,Detected in < 1% of stromal cells or < 2 donors
LINC01905,ENSG00000267057,lncRNA,24,3670,0.654,5,16,False,BELOW_DETECTION_THRESHOLD,Detected in < 1% of stromal cells or < 2 donors
LINC01197,ENSG00000248441,lncRNA,24,3670,0.654,7,16,False,BELOW_DETECTION_THRESHOLD,Detected in < 1% of stromal cells or < 2 donors
LINC02015,ENSG00000231574,lncRNA,24,3670,0.654,7,16,False,BELOW_DETECTION_THRESHOLD,Detected in < 1% of stromal cells or < 2 donors
LINC01134,ENSG00000236423,lncRNA,24,3670,0.654,7,16,False,BELOW_DETECTION_THRESHOLD,Detected in < 1% of stromal cells or < 2 donors
ACVR2B-AS1,ENSG00000229589,lncRNA,24,3670,0.654,7,16,False,BELOW_DETECTION_THRESHOLD,Detected in < 1% of stromal cells or < 2 donors
LINC02427,ENSG00000271538,lncRNA,24,3670,0.654,7,16,False,BELOW_DETECTION_THRESHOLD,Detected in < 1% of stromal cells or < 2 donors
LINC01731,ENSG00000234283,lncRNA,24,3670,0.654,8,16,False,BELOW_DETECTION_THRESHOLD,Detected in < 1% of stromal cells or < 2 donors
TNKS2-AS1,ENSG00000228701,lncRNA,24,3670,0.654,7,16,False,BELOW_DETECTION_THRESHOLD,Detected in < 1% of stromal cells or < 2 donors
LINC02041,ENSG00000228952,lncRNA,24,3670,0.654,4,16,False,BELOW_DETECTION_THRESHOLD,Detected in < 1% of stromal cells or < 2 donors
HAGLROS,ENSG00000226363,lncRNA,23,3670,0.627,4,16,False,BELOW_DETECTION_THRESHOLD,Detected in < 1% of stromal cells or < 2 donors
USP30-AS1,ENSG00000256262,lncRNA,23,3670,0.627,7,16,False,BELOW_DETECTION_THRESHOLD,Detected in < 1% of stromal cells or < 2 donors
C9orf106,ENSG00000179082,lncRNA,23,3670,0.627,7,16,False,BELOW_DETECTION_THRESHOLD,Detected in < 1% of stromal cells or < 2 donors
DNAJB5-DT,ENSG00000281491,lncRNA,23,3670,0.627,6,16,False,BELOW_DETECTION_THRESHOLD,Detected in < 1% of stromal cells or < 2 donors
LINC00165,ENSG00000261706,lncRNA,23,3670,0.627,6,16,False,BELOW_DETECTION_THRESHOLD,Detected in < 1% of stromal cells or < 2 donors
C9orf139,ENSG00000180539,lncRNA,23,3670,0.627,6,16,False,BELOW_DETECTION_THRESHOLD,Detected in < 1% of stromal cells or < 2 donors
LINC00683,ENSG00000266256,lncRNA,23,3670,0.627,6,16,False,BELOW_DETECTION_THRESHOLD,Detected in < 1% of stromal cells or < 2 donors
LINC02432,ENSG00000248810,lncRNA,23,3670,0.627,8,16,False,BELOW_DETECTION_THRESHOLD,Detected in < 1% of stromal cells or < 2 donors
RAET1E-AS1,ENSG00000223701,lncRNA,23,3670,0.627,5,16,False,BELOW_DETECTION_THRESHOLD,Detected in < 1% of stromal cells or < 2 donors
LINC01681,ENSG00000233985,lncRNA,23,3670,0.627,6,16,False,BELOW_DETECTION_THRESHOLD,Detected in < 1% of stromal cells or < 2 donors
LINC02828,ENSG00000224164,lncRNA,23,3670,0.627,7,16,False,BELOW_DETECTION_THRESHOLD,Detected in < 1% of stromal cells or < 2 donors
ERVK9-11,ENSG00000269486,lncRNA,23,3670,0.627,5,16,False,BELOW_DETECTION_THRESHOLD,Detected in < 1% of stromal cells or < 2 donors
SOS1-IT1,ENSG00000229692,lncRNA,23,3670,0.627,9,16,False,BELOW_DETECTION_THRESHOLD,Detected in < 1% of stromal cells or < 2 donors
LINC00239,ENSG00000258512,lncRNA,23,3670,0.627,5,16,False,BELOW_DETECTION_THRESHOLD,Detected in < 1% of stromal cells or < 2 donors
ATP2A1-AS1,ENSG00000260442,lncRNA,22,3670,0.599,5,16,False,BELOW_DETECTION_THRESHOLD,Detected in < 1% of stromal cells or < 2 donors
PRR7-AS1,ENSG00000246334,lncRNA,22,3670,0.599,6,16,False,BELOW_DETECTION_THRESHOLD,Detected in < 1% of stromal cells or < 2 donors
GAS5-AS1,ENSG00000270084,lncRNA,22,3670,0.599,7,16,False,BELOW_DETECTION_THRESHOLD,Detected in < 1% of stromal cells or < 2 donors
LINC00426,ENSG00000238121,lncRNA,22,3670,0.599,9,16,False,BELOW_DETECTION_THRESHOLD,Detected in < 1% of stromal cells or < 2 donors
NAV2-AS1,ENSG00000254894,lncRNA,22,3670,0.599,7,16,False,BELOW_DETECTION_THRESHOLD,Detected in < 1% of stromal cells or < 2 donors
LINC01144,ENSG00000281912,lncRNA,22,3670,0.599,7,16,False,BELOW_DETECTION_THRESHOLD,Detected in < 1% of stromal cells or < 2 donors
LINC01985,ENSG00000227260,lncRNA,22,3670,0.599,5,16,False,BELOW_DETECTION_THRESHOLD,Detected in < 1% of stromal cells or < 2 donors
NCMAP-DT,ENSG00000264443,lncRNA,22,3670,0.599,8,16,False,BELOW_DETECTION_THRESHOLD,Detected in < 1% of stromal cells or < 2 donors
LINC01952,ENSG00000234183,lncRNA,22,3670,0.599,8,16,False,BELOW_DETECTION_THRESHOLD,Detected in < 1% of stromal cells or < 2 donors
LINC00106,ENSG00000236871,lncRNA,22,3670,0.599,6,16,False,BELOW_DETECTION_THRESHOLD,Detected in < 1% of stromal cells or < 2 donors
LINC01934,ENSG00000234663,lncRNA,22,3670,0.599,9,16,False,BELOW_DETECTION_THRESHOLD,Detected in < 1% of stromal cells or < 2 donors
HCG17,ENSG00000270604,lncRNA,22,3670,0.599,6,16,False,BELOW_DETECTION_THRESHOLD,Detected in < 1% of stromal cells or < 2 donors
RRS1-AS1,ENSG00000246145,lncRNA,22,3670,0.599,8,16,False,BELOW_DETECTION_THRESHOLD,Detected in < 1% of stromal cells or < 2 donors
DENND6A-DT,ENSG00000241933,lncRNA,22,3670,0.599,6,16,False,BELOW_DETECTION_THRESHOLD,Detected in < 1% of stromal cells or < 2 donors
LINC00853,ENSG00000224805,lncRNA,22,3670,0.599,5,16,False,BELOW_DETECTION_THRESHOLD,Detected in < 1% of stromal cells or < 2 donors
LINC01703,ENSG00000225518,lncRNA,22,3670,0.599,6,16,False,BELOW_DETECTION_THRESHOLD,Detected in < 1% of stromal cells or < 2 donors
LINC02166,ENSG00000260259,lncRNA,21,3670,0.572,8,16,False,BELOW_DETECTION_THRESHOLD,Detected in < 1% of stromal cells or < 2 donors
SCGB1B2P,ENSG00000268751,lncRNA,21,3670,0.572,7,16,False,BELOW_DETECTION_THRESHOLD,Detected in < 1% of stromal cells or < 2 donors
LINC01152,ENSG00000256124,lncRNA,21,3670,0.572,5,16,False,BELOW_DETECTION_THRESHOLD,Detected in < 1% of stromal cells or < 2 donors
PPP4R1-AS1,ENSG00000263627,lncRNA,21,3670,0.572,6,16,False,BELOW_DETECTION_THRESHOLD,Detected in < 1% of stromal cells or < 2 donors
LINC00299,ENSG00000236790,lncRNA,21,3670,0.572,8,16,False,BELOW_DETECTION_THRESHOLD,Detected in < 1% of stromal cells or < 2 donors
LINC00221,ENSG00000270816,lncRNA,21,3670,0.572,6,16,False,BELOW_DETECTION_THRESHOLD,Detected in < 1% of stromal cells or < 2 donors
FOCAD-AS1,ENSG00000227071,lncRNA,21,3670,0.572,8,16,False,BELOW_DETECTION_THRESHOLD,Detected in < 1% of stromal cells or < 2 donors
LINC01063,ENSG00000232065,lncRNA,21,3670,0.572,5,16,False,BELOW_DETECTION_THRESHOLD,Detected in < 1% of stromal cells or < 2 donors
LINC01115,ENSG00000237667,lncRNA,21,3670,0.572,4,16,False,BELOW_DETECTION_THRESHOLD,Detected in < 1% of stromal cells or < 2 donors
RFPL3S,ENSG00000205853,lncRNA,21,3670,0.572,7,16,False,BELOW_DETECTION_THRESHOLD,Detected in < 1% of stromal cells or < 2 donors
LINC01990,ENSG00000273125,lncRNA,21,3670,0.572,7,16,False,BELOW_DETECTION_THRESHOLD,Detected in < 1% of stromal cells or < 2 donors
LINC00892,ENSG00000233093,lncRNA,21,3670,0.572,7,16,False,BELOW_DETECTION_THRESHOLD,Detected in < 1% of stromal cells or < 2 donors
LINC01592,ENSG00000253658,lncRNA,21,3670,0.572,2,16,False,BELOW_DETECTION_THRESHOLD,Detected in < 1% of stromal cells or < 2 donors
LMCD1-AS1,ENSG00000227110,lncRNA,21,3670,0.572,5,16,False,BELOW_DETECTION_THRESHOLD,Detected in < 1% of stromal cells or < 2 donors
CT70,ENSG00000230013,lncRNA,21,3670,0.572,8,16,False,BELOW_DETECTION_THRESHOLD,Detected in < 1% of stromal cells or < 2 donors
FRG1-DT,ENSG00000245685,lncRNA,21,3670,0.572,6,16,False,BELOW_DETECTION_THRESHOLD,Detected in < 1% of stromal cells or < 2 donors
MAFTRR,ENSG00000261390,lncRNA,21,3670,0.572,7,16,False,BELOW_DETECTION_THRESHOLD,Detected in < 1% of stromal cells or < 2 donors
C1QTNF1-AS1,ENSG00000265096,lncRNA,21,3670,0.572,7,16,False,BELOW_DETECTION_THRESHOLD,Detected in < 1% of stromal cells or < 2 donors
LRP4-AS1,ENSG00000247675,lncRNA,21,3670,0.572,6,16,False,BELOW_DETECTION_THRESHOLD,Detected in < 1% of stromal cells or < 2 donors
PRKCZ-AS1,ENSG00000182873,lncRNA,20,3670,0.545,7,16,False,BELOW_DETECTION_THRESHOLD,Detected in < 1% of stromal cells or < 2 donors
LINC01962,ENSG00000248473,lncRNA,20,3670,0.545,6,16,False,BELOW_DETECTION_THRESHOLD,Detected in < 1% of stromal cells or < 2 donors
FGF13-AS1,ENSG00000226031,lncRNA,20,3670,0.545,5,16,False,BELOW_DETECTION_THRESHOLD,Detected in < 1% of stromal cells or < 2 donors
TM4SF19-AS1,ENSG00000235897,lncRNA,20,3670,0.545,8,16,False,BELOW_DETECTION_THRESHOLD,Detected in < 1% of stromal cells or < 2 donors
SIAH2-AS1,ENSG00000244265,lncRNA,20,3670,0.545,5,16,False,BELOW_DETECTION_THRESHOLD,Detected in < 1% of stromal cells or < 2 donors
LINC02551,ENSG00000254842,lncRNA,20,3670,0.545,8,16,False,BELOW_DETECTION_THRESHOLD,Detected in < 1% of stromal cells or < 2 donors
LINC00336,ENSG00000197251,lncRNA,20,3670,0.545,6,16,False,BELOW_DETECTION_THRESHOLD,Detected in < 1% of stromal cells or < 2 donors
NALT1,ENSG00000237886,lncRNA,20,3670,0.545,7,16,False,BELOW_DETECTION_THRESHOLD,Detected in < 1% of stromal cells or < 2 donors
MIR181A2HG,ENSG00000224020,lncRNA,20,3670,0.545,7,16,False,BELOW_DETECTION_THRESHOLD,Detected in < 1% of stromal cells or < 2 donors
RSF1-IT1,ENSG00000255409,lncRNA,20,3670,0.545,6,16,False,BELOW_DETECTION_THRESHOLD,Detected in < 1% of stromal cells or < 2 donors
LINC02453,ENSG00000245017,lncRNA,20,3670,0.545,7,16,False,BELOW_DETECTION_THRESHOLD,Detected in < 1% of stromal cells or < 2 donors
OSGEPL1-AS1,ENSG00000253559,lncRNA,20,3670,0.545,8,16,False,BELOW_DETECTION_THRESHOLD,Detected in < 1% of stromal cells or < 2 donors
PCA3,ENSG00000225937,lncRNA,20,3670,0.545,5,16,False,BELOW_DETECTION_THRESHOLD,Detected in < 1% of stromal cells or < 2 donors
ZNF350-AS1,ENSG00000269235,lncRNA,20,3670,0.545,6,16,False,BELOW_DETECTION_THRESHOLD,Detected in < 1% of stromal cells or < 2 donors
KLHL7-DT,ENSG00000230658,lncRNA,20,3670,0.545,6,16,False,BELOW_DETECTION_THRESHOLD,Detected in < 1% of stromal cells or < 2 donors
LINC02362,ENSG00000249096,lncRNA,20,3670,0.545,8,16,False,BELOW_DETECTION_THRESHOLD,Detected in < 1% of stromal cells or < 2 donors
OSBPL10-AS1,ENSG00000232490,lncRNA,20,3670,0.545,6,16,False,BELOW_DETECTION_THRESHOLD,Detected in < 1% of stromal cells or < 2 donors
SAMD12-AS1,ENSG00000281641,lncRNA,20,3670,0.545,7,16,False,BELOW_DETECTION_THRESHOLD,Detected in < 1% of stromal cells or < 2 donors
LINC02560,ENSG00000268307,lncRNA,20,3670,0.545,6,16,False,BELOW_DETECTION_THRESHOLD,Detected in < 1% of stromal cells or < 2 donors
LINC01686,ENSG00000261504,lncRNA,20,3670,0.545,5,16,False,BELOW_DETECTION_THRESHOLD,Detected in < 1% of stromal cells or < 2 donors
CYP51A1-AS1,ENSG00000188693,lncRNA,20,3670,0.545,7,16,False,BELOW_DETECTION_THRESHOLD,Detected in < 1% of stromal cells or < 2 donors
SPANXA2-OT1,ENSG00000277215,lncRNA,20,3670,0.545,4,16,False,BELOW_DETECTION_THRESHOLD,Detected in < 1% of stromal cells or < 2 donors
IDI2-AS1,ENSG00000232656,lncRNA,20,3670,0.545,8,16,False,BELOW_DETECTION_THRESHOLD,Detected in < 1% of stromal cells or < 2 donors
NRAD1,ENSG00000233725,lncRNA,19,3670,0.518,3,16,False,BELOW_DETECTION_THRESHOLD,Detected in < 1% of stromal cells or < 2 donors
SLC26A4-AS1,ENSG00000233705,lncRNA,19,3670,0.518,6,16,False,BELOW_DETECTION_THRESHOLD,Detected in < 1% of stromal cells or < 2 donors
HCG9,ENSG00000204625,lncRNA,19,3670,0.518,7,16,False,BELOW_DETECTION_THRESHOLD,Detected in < 1% of stromal cells or < 2 donors
EXTL3-AS1,ENSG00000246339,lncRNA,19,3670,0.518,6,16,False,BELOW_DETECTION_THRESHOLD,Detected in < 1% of stromal cells or < 2 donors
FAM83A-AS1,ENSG00000204949,lncRNA,19,3670,0.518,9,16,False,BELOW_DETECTION_THRESHOLD,Detected in < 1% of stromal cells or < 2 donors
HOXA11-AS,ENSG00000240990,lncRNA,19,3670,0.518,6,16,False,BELOW_DETECTION_THRESHOLD,Detected in < 1% of stromal cells or < 2 donors
MIR3681HG,ENSG00000224184,lncRNA,19,3670,0.518,4,16,False,BELOW_DETECTION_THRESHOLD,Detected in < 1% of stromal cells or < 2 donors
LINC02817,ENSG00000234754,lncRNA,19,3670,0.518,5,16,False,BELOW_DETECTION_THRESHOLD,Detected in < 1% of stromal cells or < 2 donors
LINC01725,ENSG00000233008,lncRNA,19,3670,0.518,9,16,False,BELOW_DETECTION_THRESHOLD,Detected in < 1% of stromal cells or < 2 donors
SLFNL1-AS1,ENSG00000281207,lncRNA,19,3670,0.518,6,16,False,BELOW_DETECTION_THRESHOLD,Detected in < 1% of stromal cells or < 2 donors
LINC02092,ENSG00000234721,lncRNA,19,3670,0.518,5,16,False,BELOW_DETECTION_THRESHOLD,Detected in < 1% of stromal cells or < 2 donors
CYP1B1-AS1,ENSG00000232973,lncRNA,19,3670,0.518,7,16,False,BELOW_DETECTION_THRESHOLD,Detected in < 1% of stromal cells or < 2 donors
LINC01271,ENSG00000233077,lncRNA,19,3670,0.518,6,16,False,BELOW_DETECTION_THRESHOLD,Detected in < 1% of stromal cells or < 2 donors
MYCBP2-AS1,ENSG00000236051,lncRNA,19,3670,0.518,6,16,False,BELOW_DETECTION_THRESHOLD,Detected in < 1% of stromal cells or < 2 donors
LINC02158,ENSG00000225611,lncRNA,19,3670,0.518,7,16,False,BELOW_DETECTION_THRESHOLD,Detected in < 1% of stromal cells or < 2 donors
KIAA1614-AS1,ENSG00000232586,lncRNA,19,3670,0.518,8,16,False,BELOW_DETECTION_THRESHOLD,Detected in < 1% of stromal cells or < 2 donors
HM13-IT1,ENSG00000235313,lncRNA,18,3670,0.49,5,16,False,BELOW_DETECTION_THRESHOLD,Detected in < 1% of stromal cells or < 2 donors
LINC02036,ENSG00000225742,lncRNA,18,3670,0.49,2,16,False,BELOW_DETECTION_THRESHOLD,Detected in < 1% of stromal cells or < 2 donors
CELF2-AS2,ENSG00000237986,lncRNA,18,3670,0.49,6,16,False,BELOW_DETECTION_THRESHOLD,Detected in < 1% of stromal cells or < 2 donors
AATBC,ENSG00000215458,lncRNA,18,3670,0.49,6,16,False,BELOW_DETECTION_THRESHOLD,Detected in < 1% of stromal cells or < 2 donors
LINC02268,ENSG00000248174,lncRNA,18,3670,0.49,7,16,False,BELOW_DETECTION_THRESHOLD,Detected in < 1% of stromal cells or < 2 donors
RB1-DT,ENSG00000231473,lncRNA,18,3670,0.49,8,16,False,BELOW_DETECTION_THRESHOLD,Detected in < 1% of stromal cells or < 2 donors
LINC02062,ENSG00000248489,lncRNA,18,3670,0.49,8,16,False,BELOW_DETECTION_THRESHOLD,Detected in < 1% of stromal cells or < 2 donors
MIR600HG,ENSG00000236901,lncRNA,18,3670,0.49,5,16,False,BELOW_DETECTION_THRESHOLD,Detected in < 1% of stromal cells or < 2 donors
LINC01489,ENSG00000255727,lncRNA,18,3670,0.49,7,16,False,BELOW_DETECTION_THRESHOLD,Detected in < 1% of stromal cells or < 2 donors
MAPK6-DT,ENSG00000259438,lncRNA,18,3670,0.49,6,16,False,BELOW_DETECTION_THRESHOLD,Detected in < 1% of stromal cells or < 2 donors
RHOA-IT1,ENSG00000235908,lncRNA,18,3670,0.49,6,16,False,BELOW_DETECTION_THRESHOLD,Detected in < 1% of stromal cells or < 2 donors
UPK1A-AS1,ENSG00000226510,lncRNA,18,3670,0.49,5,16,False,BELOW_DETECTION_THRESHOLD,Detected in < 1% of stromal cells or < 2 donors
LINC01541,ENSG00000260676,lncRNA,18,3670,0.49,3,16,False,BELOW_DETECTION_THRESHOLD,Detected in < 1% of stromal cells or < 2 donors
LINC02055,ENSG00000254101,lncRNA,18,3670,0.49,5,16,False,BELOW_DETECTION_THRESHOLD,Detected in < 1% of stromal cells or < 2 donors
SGO1-AS1,ENSG00000231304,lncRNA,18,3670,0.49,7,16,False,BELOW_DETECTION_THRESHOLD,Detected in < 1% of stromal cells or < 2 donors
KCNQ1-AS1,ENSG00000229414,lncRNA,18,3670,0.49,6,16,False,BELOW_DETECTION_THRESHOLD,Detected in < 1% of stromal cells or < 2 donors
LINC01603,ENSG00000253479,lncRNA,18,3670,0.49,4,16,False,BELOW_DETECTION_THRESHOLD,Detected in < 1% of stromal cells or < 2 donors
LINC00973,ENSG00000240476,lncRNA,18,3670,0.49,3,16,False,BELOW_DETECTION_THRESHOLD,Detected in < 1% of stromal cells or < 2 donors
GTSE1-DT,ENSG00000277232,lncRNA,18,3670,0.49,8,16,False,BELOW_DETECTION_THRESHOLD,Detected in < 1% of stromal cells or < 2 donors
LINC01913,ENSG00000214691,lncRNA,18,3670,0.49,5,16,False,BELOW_DETECTION_THRESHOLD,Detected in < 1% of stromal cells or < 2 donors
LINC02454,ENSG00000256268,lncRNA,18,3670,0.49,5,16,False,BELOW_DETECTION_THRESHOLD,Detected in < 1% of stromal cells or < 2 donors
LINC02084,ENSG00000272282,lncRNA,18,3670,0.49,5,16,False,BELOW_DETECTION_THRESHOLD,Detected in < 1% of stromal cells or < 2 donors
ACOXL-AS1,ENSG00000204581,lncRNA,18,3670,0.49,5,16,False,BELOW_DETECTION_THRESHOLD,Detected in < 1% of stromal cells or < 2 donors
PRKG1-AS1,ENSG00000236671,lncRNA,18,3670,0.49,4,16,False,BELOW_DETECTION_THRESHOLD,Detected in < 1% of stromal cells or < 2 donors
FAM27E3,ENSG00000274026,lncRNA,18,3670,0.49,6,16,False,BELOW_DETECTION_THRESHOLD,Detected in < 1% of stromal cells or < 2 donors
TTTY10,ENSG00000229236,lncRNA,18,3670,0.49,2,16,False,BELOW_DETECTION_THRESHOLD,Detected in < 1% of stromal cells or < 2 donors
SOD2-OT1,ENSG00000285427,lncRNA,18,3670,0.49,8,16,False,BELOW_DETECTION_THRESHOLD,Detected in < 1% of stromal cells or < 2 donors
MIR7-3HG,ENSG00000176840,lncRNA,18,3670,0.49,10,16,False,BELOW_DETECTION_THRESHOLD,Detected in < 1% of stromal cells or < 2 donors
LACTB2-AS1,ENSG00000246366,lncRNA,18,3670,0.49,9,16,False,BELOW_DETECTION_THRESHOLD,Detected in < 1% of stromal cells or < 2 donors
WWTR1-AS1,ENSG00000241313,lncRNA,17,3670,0.463,5,16,False,BELOW_DETECTION_THRESHOLD,Detected in < 1% of stromal cells or < 2 donors
LINC01733,ENSG00000226203,lncRNA,17,3670,0.463,6,16,False,BELOW_DETECTION_THRESHOLD,Detected in < 1% of stromal cells or < 2 donors
PCAT19,ENSG00000267107,lncRNA,17,3670,0.463,5,16,False,BELOW_DETECTION_THRESHOLD,Detected in < 1% of stromal cells or < 2 donors
LINC01730,ENSG00000275491,lncRNA,17,3670,0.463,5,16,False,BELOW_DETECTION_THRESHOLD,Detected in < 1% of stromal cells or < 2 donors
MCF2L-AS1,ENSG00000235280,lncRNA,17,3670,0.463,4,16,False,BELOW_DETECTION_THRESHOLD,Detected in < 1% of stromal cells or < 2 donors
MIR663AHG,ENSG00000227195,lncRNA,17,3670,0.463,6,16,False,BELOW_DETECTION_THRESHOLD,Detected in < 1% of stromal cells or < 2 donors
LINC02185,ENSG00000262097,lncRNA,17,3670,0.463,9,16,False,BELOW_DETECTION_THRESHOLD,Detected in < 1% of stromal cells or < 2 donors
LINC02331,ENSG00000235269,lncRNA,17,3670,0.463,7,16,False,BELOW_DETECTION_THRESHOLD,Detected in < 1% of stromal cells or < 2 donors
LINC02449,ENSG00000215241,lncRNA,17,3670,0.463,5,16,False,BELOW_DETECTION_THRESHOLD,Detected in < 1% of stromal cells or < 2 donors
TAT-AS1,ENSG00000260886,lncRNA,17,3670,0.463,6,16,False,BELOW_DETECTION_THRESHOLD,Detected in < 1% of stromal cells or < 2 donors
LINC02223,ENSG00000249937,lncRNA,17,3670,0.463,8,16,False,BELOW_DETECTION_THRESHOLD,Detected in < 1% of stromal cells or < 2 donors
LCMT1-AS1,ENSG00000260448,lncRNA,17,3670,0.463,4,16,False,BELOW_DETECTION_THRESHOLD,Detected in < 1% of stromal cells or < 2 donors
DDX11-AS1,ENSG00000245614,lncRNA,17,3670,0.463,3,16,False,BELOW_DETECTION_THRESHOLD,Detected in < 1% of stromal cells or < 2 donors
LINC01136,ENSG00000233791,lncRNA,17,3670,0.463,7,16,False,BELOW_DETECTION_THRESHOLD,Detected in < 1% of stromal cells or < 2 donors
LINC00896,ENSG00000236499,lncRNA,17,3670,0.463,6,16,False,BELOW_DETECTION_THRESHOLD,Detected in < 1% of stromal cells or < 2 donors
TNK2-AS1,ENSG00000224614,lncRNA,17,3670,0.463,5,16,False,BELOW_DETECTION_THRESHOLD,Detected in < 1% of stromal cells or < 2 donors
LINC00862,ENSG00000203721,lncRNA,17,3670,0.463,7,16,False,BELOW_DETECTION_THRESHOLD,Detected in < 1% of stromal cells or < 2 donors
SYNGAP1-AS1,ENSG00000274259,lncRNA,17,3670,0.463,6,16,False,BELOW_DETECTION_THRESHOLD,Detected in < 1% of stromal cells or < 2 donors
LINC00624,ENSG00000278811,lncRNA,17,3670,0.463,8,16,False,BELOW_DETECTION_THRESHOLD,Detected in < 1% of stromal cells or < 2 donors
THRIL,ENSG00000280634,lncRNA,17,3670,0.463,7,16,False,BELOW_DETECTION_THRESHOLD,Detected in < 1% of stromal cells or < 2 donors
AIRN,ENSG00000268257,lncRNA,17,3670,0.463,7,16,False,BELOW_DETECTION_THRESHOLD,Detected in < 1% of stromal cells or < 2 donors
LINC01111,ENSG00000254300,lncRNA,17,3670,0.463,5,16,False,BELOW_DETECTION_THRESHOLD,Detected in < 1% of stromal cells or < 2 donors
FARP1-AS1,ENSG00000231194,lncRNA,17,3670,0.463,9,16,False,BELOW_DETECTION_THRESHOLD,Detected in < 1% of stromal cells or < 2 donors
C2-AS1,ENSG00000281756,lncRNA,17,3670,0.463,6,16,False,BELOW_DETECTION_THRESHOLD,Detected in < 1% of stromal cells or < 2 donors
LINC01531,ENSG00000205786,lncRNA,17,3670,0.463,4,16,False,BELOW_DETECTION_THRESHOLD,Detected in < 1% of stromal cells or < 2 donors
SMARCA5-AS1,ENSG00000245112,lncRNA,17,3670,0.463,5,16,False,BELOW_DETECTION_THRESHOLD,Detected in < 1% of stromal cells or < 2 donors
LINC01635,ENSG00000228397,lncRNA,17,3670,0.463,8,16,False,BELOW_DETECTION_THRESHOLD,Detected in < 1% of stromal cells or < 2 donors
RNASEH2B-AS1,ENSG00000233672,lncRNA,17,3670,0.463,7,16,False,BELOW_DETECTION_THRESHOLD,Detected in < 1% of stromal cells or < 2 donors
BASP1-AS1,ENSG00000215196,lncRNA,17,3670,0.463,10,16,False,BELOW_DETECTION_THRESHOLD,Detected in < 1% of stromal cells or < 2 donors
PITRM1-AS1,ENSG00000237399,lncRNA,16,3670,0.436,5,16,False,BELOW_DETECTION_THRESHOLD,Detected in < 1% of stromal cells or < 2 donors
SMAD9-IT1,ENSG00000236711,lncRNA,16,3670,0.436,5,16,False,BELOW_DETECTION_THRESHOLD,Detected in < 1% of stromal cells or < 2 donors
FMR1-IT1,ENSG00000236337,lncRNA,16,3670,0.436,6,16,False,BELOW_DETECTION_THRESHOLD,Detected in < 1% of stromal cells or < 2 donors
TTLL7-IT1,ENSG00000233061,lncRNA,16,3670,0.436,5,16,False,BELOW_DETECTION_THRESHOLD,Detected in < 1% of stromal cells or < 2 donors
LINC01612,ENSG00000250266,lncRNA,16,3670,0.436,1,16,False,BELOW_DETECTION_THRESHOLD,Detected in < 1% of stromal cells or < 2 donors
LMO7DN,ENSG00000178734,lncRNA,16,3670,0.436,5,16,False,BELOW_DETECTION_THRESHOLD,Detected in < 1% of stromal cells or < 2 donors
EPHA5-AS1,ENSG00000250846,lncRNA,16,3670,0.436,6,16,False,BELOW_DETECTION_THRESHOLD,Detected in < 1% of stromal cells or < 2 donors
LINC00449,ENSG00000203441,lncRNA,16,3670,0.436,6,16,False,BELOW_DETECTION_THRESHOLD,Detected in < 1% of stromal cells or < 2 donors
CD81-AS1,ENSG00000238184,lncRNA,16,3670,0.436,5,16,False,BELOW_DETECTION_THRESHOLD,Detected in < 1% of stromal cells or < 2 donors
CASC11,ENSG00000249375,lncRNA,16,3670,0.436,4,16,False,BELOW_DETECTION_THRESHOLD,Detected in < 1% of stromal cells or < 2 donors
LINC01354,ENSG00000231768,lncRNA,16,3670,0.436,2,16,False,BELOW_DETECTION_THRESHOLD,Detected in < 1% of stromal cells or < 2 donors
ZBTB20-AS4,ENSG00000242767,lncRNA,16,3670,0.436,6,16,False,BELOW_DETECTION_THRESHOLD,Detected in < 1% of stromal cells or < 2 donors
LCAL1,ENSG00000286042,lncRNA,16,3670,0.436,6,16,False,BELOW_DETECTION_THRESHOLD,Detected in < 1% of stromal cells or < 2 donors
TMSB15B-AS1,ENSG00000231728,lncRNA,16,3670,0.436,4,16,False,BELOW_DETECTION_THRESHOLD,Detected in < 1% of stromal cells or < 2 donors
ATXN2-AS,ENSG00000258099,lncRNA,16,3670,0.436,6,16,False,BELOW_DETECTION_THRESHOLD,Detected in < 1% of stromal cells or < 2 donors
LINC01471,ENSG00000239921,lncRNA,16,3670,0.436,6,16,False,BELOW_DETECTION_THRESHOLD,Detected in < 1% of stromal cells or < 2 donors
RNFT1-DT,ENSG00000267302,lncRNA,16,3670,0.436,4,16,False,BELOW_DETECTION_THRESHOLD,Detected in < 1% of stromal cells or < 2 donors
LINC02742,ENSG00000249867,lncRNA,16,3670,0.436,5,16,False,BELOW_DETECTION_THRESHOLD,Detected in < 1% of stromal cells or < 2 donors
METTL14-DT,ENSG00000281731,lncRNA,16,3670,0.436,5,16,False,BELOW_DETECTION_THRESHOLD,Detected in < 1% of stromal cells or < 2 donors
LINC01410,ENSG00000238113,lncRNA,16,3670,0.436,6,16,False,BELOW_DETECTION_THRESHOLD,Detected in < 1% of stromal cells or < 2 donors
LINC02593,ENSG00000223764,lncRNA,16,3670,0.436,7,16,False,BELOW_DETECTION_THRESHOLD,Detected in < 1% of stromal cells or < 2 donors
OVCH1-AS1,ENSG00000257599,lncRNA,16,3670,0.436,6,16,False,BELOW_DETECTION_THRESHOLD,Detected in < 1% of stromal cells or < 2 donors
LINC02603,ENSG00000230262,lncRNA,16,3670,0.436,8,16,False,BELOW_DETECTION_THRESHOLD,Detected in < 1% of stromal cells or < 2 donors
ABALON,ENSG00000281376,lncRNA,16,3670,0.436,5,16,False,BELOW_DETECTION_THRESHOLD,Detected in < 1% of stromal cells or < 2 donors
LINC00664,ENSG00000268658,lncRNA,16,3670,0.436,6,16,False,BELOW_DETECTION_THRESHOLD,Detected in < 1% of stromal cells or < 2 donors
ACTN1-AS1,ENSG00000259062,lncRNA,16,3670,0.436,6,16,False,BELOW_DETECTION_THRESHOLD,Detected in < 1% of stromal cells or < 2 donors
AKT3-IT1,ENSG00000228939,lncRNA,16,3670,0.436,7,16,False,BELOW_DETECTION_THRESHOLD,Detected in < 1% of stromal cells or < 2 donors
LINC00589,ENSG00000251191,lncRNA,16,3670,0.436,5,16,False,BELOW_DETECTION_THRESHOLD,Detected in < 1% of stromal cells or < 2 donors
TUBA3FP,ENSG00000161149,lncRNA,16,3670,0.436,6,16,False,BELOW_DETECTION_THRESHOLD,Detected in < 1% of stromal cells or < 2 donors
TMEM108-AS1,ENSG00000251011,lncRNA,15,3670,0.409,5,16,False,BELOW_DETECTION_THRESHOLD,Detected in < 1% of stromal cells or < 2 donors
ACTA2-AS1,ENSG00000180139,lncRNA,15,3670,0.409,3,16,False,BELOW_DETECTION_THRESHOLD,Detected in < 1% of stromal cells or < 2 donors
CLIP1-AS1,ENSG00000257097,lncRNA,15,3670,0.409,7,16,False,BELOW_DETECTION_THRESHOLD,Detected in < 1% of stromal cells or < 2 donors
KCNIP4-IT1,ENSG00000280650,lncRNA,15,3670,0.409,3,16,False,BELOW_DETECTION_THRESHOLD,Detected in < 1% of stromal cells or < 2 donors
NDST1-AS1,ENSG00000254333,lncRNA,15,3670,0.409,4,16,False,BELOW_DETECTION_THRESHOLD,Detected in < 1% of stromal cells or < 2 donors
LINC01118,ENSG00000222005,lncRNA,15,3670,0.409,5,16,False,BELOW_DETECTION_THRESHOLD,Detected in < 1% of stromal cells or < 2 donors
ADORA2A-AS1,ENSG00000178803,lncRNA,15,3670,0.409,6,16,False,BELOW_DETECTION_THRESHOLD,Detected in < 1% of stromal cells or < 2 donors
CCDC39,ENSG00000145075,lncRNA,15,3670,0.409,6,16,False,BELOW_DETECTION_THRESHOLD,Detected in < 1% of stromal cells or < 2 donors
LINC01724,ENSG00000227421,lncRNA,15,3670,0.409,6,16,False,BELOW_DETECTION_THRESHOLD,Detected in < 1% of stromal cells or < 2 donors
LINC02522,ENSG00000231056,lncRNA,15,3670,0.409,3,16,False,BELOW_DETECTION_THRESHOLD,Detected in < 1% of stromal cells or < 2 donors
SPAG5-AS1,ENSG00000227543,lncRNA,15,3670,0.409,7,16,False,BELOW_DETECTION_THRESHOLD,Detected in < 1% of stromal cells or < 2 donors
TCL6,ENSG00000187621,lncRNA,15,3670,0.409,2,16,False,BELOW_DETECTION_THRESHOLD,Detected in < 1% of stromal cells or < 2 donors
MESTIT1,ENSG00000272701,lncRNA,15,3670,0.409,5,16,False,BELOW_DETECTION_THRESHOLD,Detected in < 1% of stromal cells or < 2 donors
LINC02004,ENSG00000240006,lncRNA,15,3670,0.409,6,16,False,BELOW_DETECTION_THRESHOLD,Detected in < 1% of stromal cells or < 2 donors
GNAS-AS1,ENSG00000235590,lncRNA,15,3670,0.409,5,16,False,BELOW_DETECTION_THRESHOLD,Detected in < 1% of stromal cells or < 2 donors
LINC02586,ENSG00000224965,lncRNA,15,3670,0.409,7,16,False,BELOW_DETECTION_THRESHOLD,Detected in < 1% of stromal cells or < 2 donors
LINC02332,ENSG00000259054,lncRNA,15,3670,0.409,6,16,False,BELOW_DETECTION_THRESHOLD,Detected in < 1% of stromal cells or < 2 donors
SLC7A14-AS1,ENSG00000285051,lncRNA,15,3670,0.409,6,16,False,BELOW_DETECTION_THRESHOLD,Detected in < 1% of stromal cells or < 2 donors
LINC01376,ENSG00000236204,lncRNA,15,3670,0.409,3,16,False,BELOW_DETECTION_THRESHOLD,Detected in < 1% of stromal cells or < 2 donors
VPS9D1-AS1,ENSG00000261373,lncRNA,15,3670,0.409,5,16,False,BELOW_DETECTION_THRESHOLD,Detected in < 1% of stromal cells or < 2 donors
LINC01711,ENSG00000268941,lncRNA,15,3670,0.409,2,16,False,BELOW_DETECTION_THRESHOLD,Detected in < 1% of stromal cells or < 2 donors
SHANK2-AS1,ENSG00000226627,lncRNA,15,3670,0.409,6,16,False,BELOW_DETECTION_THRESHOLD,Detected in < 1% of stromal cells or < 2 donors
SACS-AS1,ENSG00000229558,lncRNA,15,3670,0.409,4,16,False,BELOW_DETECTION_THRESHOLD,Detected in < 1% of stromal cells or < 2 donors
LINC00519,ENSG00000258955,lncRNA,15,3670,0.409,4,16,False,BELOW_DETECTION_THRESHOLD,Detected in < 1% of stromal cells or < 2 donors
FAM87A,ENSG00000182366,lncRNA,14,3670,0.381,3,16,False,BELOW_DETECTION_THRESHOLD,Detected in < 1% of stromal cells or < 2 donors
LINC01570,ENSG00000260338,lncRNA,14,3670,0.381,4,16,False,BELOW_DETECTION_THRESHOLD,Detected in < 1% of stromal cells or < 2 donors
MACORIS,ENSG00000237797,lncRNA,14,3670,0.381,5,16,False,BELOW_DETECTION_THRESHOLD,Detected in < 1% of stromal cells or < 2 donors
LINC02547,ENSG00000254486,lncRNA,14,3670,0.381,4,16,False,BELOW_DETECTION_THRESHOLD,Detected in < 1% of stromal cells or < 2 donors
MIR378D2HG,ENSG00000264448,lncRNA,14,3670,0.381,7,16,False,BELOW_DETECTION_THRESHOLD,Detected in < 1% of stromal cells or < 2 donors
DSCAS,ENSG00000265888,lncRNA,14,3670,0.381,5,16,False,BELOW_DETECTION_THRESHOLD,Detected in < 1% of stromal cells or < 2 donors
LINC01572,ENSG00000261008,lncRNA,14,3670,0.381,4,16,False,BELOW_DETECTION_THRESHOLD,Detected in < 1% of stromal cells or < 2 donors
LINC01232,ENSG00000280734,lncRNA,14,3670,0.381,5,16,False,BELOW_DETECTION_THRESHOLD,Detected in < 1% of stromal cells or < 2 donors
FOXP4-AS1,ENSG00000234753,lncRNA,14,3670,0.381,7,16,False,BELOW_DETECTION_THRESHOLD,Detected in < 1% of stromal cells or < 2 donors
HDHD5-AS1,ENSG00000185837,lncRNA,14,3670,0.381,4,16,False,BELOW_DETECTION_THRESHOLD,Detected in < 1% of stromal cells or < 2 donors
DSCR9,ENSG00000230366,lncRNA,14,3670,0.381,4,16,False,BELOW_DETECTION_THRESHOLD,Detected in < 1% of stromal cells or < 2 donors
WNT5A-AS1,ENSG00000244586,lncRNA,14,3670,0.381,7,16,False,BELOW_DETECTION_THRESHOLD,Detected in < 1% of stromal cells or < 2 donors
LINC01204,ENSG00000229563,lncRNA,14,3670,0.381,2,16,False,BELOW_DETECTION_THRESHOLD,Detected in < 1% of stromal cells or < 2 donors
OGFR-AS1,ENSG00000229873,lncRNA,14,3670,0.381,5,16,False,BELOW_DETECTION_THRESHOLD,Detected in < 1% of stromal cells or < 2 donors
THRB-IT1,ENSG00000224822,lncRNA,14,3670,0.381,7,16,False,BELOW_DETECTION_THRESHOLD,Detected in < 1% of stromal cells or < 2 donors
LINC02798,ENSG00000227082,lncRNA,14,3670,0.381,3,16,False,BELOW_DETECTION_THRESHOLD,Detected in < 1% of stromal cells or < 2 donors
LINC01320,ENSG00000228262,lncRNA,14,3670,0.381,5,16,False,BELOW_DETECTION_THRESHOLD,Detected in < 1% of stromal cells or < 2 donors
SEMA3F-AS1,ENSG00000235016,lncRNA,14,3670,0.381,7,16,False,BELOW_DETECTION_THRESHOLD,Detected in < 1% of stromal cells or < 2 donors
WASF3-AS1,ENSG00000237001,lncRNA,14,3670,0.381,7,16,False,BELOW_DETECTION_THRESHOLD,Detected in < 1% of stromal cells or < 2 donors
LINC01252,ENSG00000247157,lncRNA,14,3670,0.381,6,16,False,BELOW_DETECTION_THRESHOLD,Detected in < 1% of stromal cells or < 2 donors
LINC01825,ENSG00000223466,lncRNA,14,3670,0.381,6,16,False,BELOW_DETECTION_THRESHOLD,Detected in < 1% of stromal cells or < 2 donors
FAM242C,ENSG00000250432,lncRNA,14,3670,0.381,4,16,False,BELOW_DETECTION_THRESHOLD,Detected in < 1% of stromal cells or < 2 donors
ITPR1-DT,ENSG00000231249,lncRNA,14,3670,0.381,7,16,False,BELOW_DETECTION_THRESHOLD,Detected in < 1% of stromal cells or < 2 donors
LINC00528,ENSG00000269220,lncRNA,13,3670,0.354,8,16,False,BELOW_DETECTION_THRESHOLD,Detected in < 1% of stromal cells or < 2 donors
PIGY-DT,ENSG00000285122,lncRNA,13,3670,0.354,5,16,False,BELOW_DETECTION_THRESHOLD,Detected in < 1% of stromal cells or < 2 donors
LINC01150,ENSG00000229671,lncRNA,13,3670,0.354,6,16,False,BELOW_DETECTION_THRESHOLD,Detected in < 1% of stromal cells or < 2 donors
SATB1-AS1,ENSG00000228956,lncRNA,13,3670,0.354,9,16,False,BELOW_DETECTION_THRESHOLD,Detected in < 1% of stromal cells or < 2 donors
RHPN1-AS1,ENSG00000254389,lncRNA,13,3670,0.354,6,16,False,BELOW_DETECTION_THRESHOLD,Detected in < 1% of stromal cells or < 2 donors
LINC02456,ENSG00000283052,lncRNA,13,3670,0.354,4,16,False,BELOW_DETECTION_THRESHOLD,Detected in < 1% of stromal cells or < 2 donors
LINC02562,ENSG00000260265,lncRNA,13,3670,0.354,5,16,False,BELOW_DETECTION_THRESHOLD,Detected in < 1% of stromal cells or < 2 donors
LINC01081,ENSG00000268754,lncRNA,13,3670,0.354,4,16,False,BELOW_DETECTION_THRESHOLD,Detected in < 1% of stromal cells or < 2 donors
DM1-AS,ENSG00000267395,lncRNA,13,3670,0.354,5,16,False,BELOW_DETECTION_THRESHOLD,Detected in < 1% of stromal cells or < 2 donors
STK4-AS1,ENSG00000227477,lncRNA,13,3670,0.354,7,16,False,BELOW_DETECTION_THRESHOLD,Detected in < 1% of stromal cells or < 2 donors
LINC02043,ENSG00000232233,lncRNA,13,3670,0.354,7,16,False,BELOW_DETECTION_THRESHOLD,Detected in < 1% of stromal cells or < 2 donors
SLC25A30-AS1,ENSG00000251015,lncRNA,13,3670,0.354,6,16,False,BELOW_DETECTION_THRESHOLD,Detected in < 1% of stromal cells or < 2 donors
LINC00471,ENSG00000181798,lncRNA,13,3670,0.354,4,16,False,BELOW_DETECTION_THRESHOLD,Detected in < 1% of stromal cells or < 2 donors
SEPTIN9-DT,ENSG00000263718,lncRNA,13,3670,0.354,4,16,False,BELOW_DETECTION_THRESHOLD,Detected in < 1% of stromal cells or < 2 donors
RERE-AS1,ENSG00000232912,lncRNA,13,3670,0.354,5,16,False,BELOW_DETECTION_THRESHOLD,Detected in < 1% of stromal cells or < 2 donors
PLCE1-AS1,ENSG00000268894,lncRNA,13,3670,0.354,7,16,False,BELOW_DETECTION_THRESHOLD,Detected in < 1% of stromal cells or < 2 donors
LINC00880,ENSG00000243629,lncRNA,13,3670,0.354,6,16,False,BELOW_DETECTION_THRESHOLD,Detected in < 1% of stromal cells or < 2 donors
APOA1-AS,ENSG00000235910,lncRNA,13,3670,0.354,3,16,False,BELOW_DETECTION_THRESHOLD,Detected in < 1% of stromal cells or < 2 donors
LINC00638,ENSG00000258701,lncRNA,13,3670,0.354,8,16,False,BELOW_DETECTION_THRESHOLD,Detected in < 1% of stromal cells or < 2 donors
ENOX1-AS1,ENSG00000233821,lncRNA,13,3670,0.354,5,16,False,BELOW_DETECTION_THRESHOLD,Detected in < 1% of stromal cells or < 2 donors
LINC02656,ENSG00000212743,lncRNA,13,3670,0.354,6,16,False,BELOW_DETECTION_THRESHOLD,Detected in < 1% of stromal cells or < 2 donors
CATIP-AS1,ENSG00000225062,lncRNA,13,3670,0.354,5,16,False,BELOW_DETECTION_THRESHOLD,Detected in < 1% of stromal cells or < 2 donors
DIP2A-IT1,ENSG00000223692,lncRNA,13,3670,0.354,7,16,False,BELOW_DETECTION_THRESHOLD,Detected in < 1% of stromal cells or < 2 donors
LINC01600,ENSG00000164385,lncRNA,13,3670,0.354,5,16,False,BELOW_DETECTION_THRESHOLD,Detected in < 1% of stromal cells or < 2 donors
MRTFA-AS1,ENSG00000232564,lncRNA,13,3670,0.354,6,16,False,BELOW_DETECTION_THRESHOLD,Detected in < 1% of stromal cells or < 2 donors
CPEB2-DT,ENSG00000247624,lncRNA,13,3670,0.354,7,16,False,BELOW_DETECTION_THRESHOLD,Detected in < 1% of stromal cells or < 2 donors
AGBL5-AS1,ENSG00000231636,lncRNA,13,3670,0.354,6,16,False,BELOW_DETECTION_THRESHOLD,Detected in < 1% of stromal cells or < 2 donors
LINC01132,ENSG00000227630,lncRNA,13,3670,0.354,5,16,False,BELOW_DETECTION_THRESHOLD,Detected in < 1% of stromal cells or < 2 donors
FAM87B,ENSG00000177757,lncRNA,13,3670,0.354,3,16,False,BELOW_DETECTION_THRESHOLD,Detected in < 1% of stromal cells or < 2 donors
PKN2-AS1,ENSG00000237505,lncRNA,13,3670,0.354,4,16,False,BELOW_DETECTION_THRESHOLD,Detected in < 1% of stromal cells or < 2 donors
LYPLAL1-DT,ENSG00000228063,lncRNA,13,3670,0.354,6,16,False,BELOW_DETECTION_THRESHOLD,Detected in < 1% of stromal cells or < 2 donors
CASC20,ENSG00000229876,lncRNA,13,3670,0.354,5,16,False,BELOW_DETECTION_THRESHOLD,Detected in < 1% of stromal cells or < 2 donors
LINC02130,ENSG00000260009,lncRNA,13,3670,0.354,1,16,False,BELOW_DETECTION_THRESHOLD,Detected in < 1% of stromal cells or < 2 donors
LINC02728,ENSG00000251323,lncRNA,13,3670,0.354,6,16,False,BELOW_DETECTION_THRESHOLD,Detected in < 1% of stromal cells or < 2 donors
LINC01563,ENSG00000236819,lncRNA,13,3670,0.354,2,16,False,BELOW_DETECTION_THRESHOLD,Detected in < 1% of stromal cells or < 2 donors
LINC01589,ENSG00000238120,lncRNA,13,3670,0.354,5,16,False,BELOW_DETECTION_THRESHOLD,Detected in < 1% of stromal cells or < 2 donors
CLMAT3,ENSG00000249035,lncRNA,13,3670,0.354,6,16,False,BELOW_DETECTION_THRESHOLD,Detected in < 1% of stromal cells or < 2 donors
NARF-IT1,ENSG00000266236,lncRNA,13,3670,0.354,6,16,False,BELOW_DETECTION_THRESHOLD,Detected in < 1% of stromal cells or < 2 donors
AP4B1-AS1,ENSG00000226167,lncRNA,13,3670,0.354,5,16,False,BELOW_DETECTION_THRESHOLD,Detected in < 1% of stromal cells or < 2 donors
LINC02005,ENSG00000242741,lncRNA,12,3670,0.327,5,16,False,BELOW_DETECTION_THRESHOLD,Detected in < 1% of stromal cells or < 2 donors
HMGA2-AS1,ENSG00000197301,lncRNA,12,3670,0.327,3,16,False,BELOW_DETECTION_THRESHOLD,Detected in < 1% of stromal cells or < 2 donors
DHRSX-IT1,ENSG00000223571,lncRNA,12,3670,0.327,4,16,False,BELOW_DETECTION_THRESHOLD,Detected in < 1% of stromal cells or < 2 donors
TFAP2A-AS1,ENSG00000229950,lncRNA,12,3670,0.327,5,16,False,BELOW_DETECTION_THRESHOLD,Detected in < 1% of stromal cells or < 2 donors
C2CD4D-AS1,ENSG00000234614,lncRNA,12,3670,0.327,4,16,False,BELOW_DETECTION_THRESHOLD,Detected in < 1% of stromal cells or < 2 donors
EPN2-AS1,ENSG00000235397,lncRNA,12,3670,0.327,4,16,False,BELOW_DETECTION_THRESHOLD,Detected in < 1% of stromal cells or < 2 donors
THRB-AS1,ENSG00000228791,lncRNA,12,3670,0.327,5,16,False,BELOW_DETECTION_THRESHOLD,Detected in < 1% of stromal cells or < 2 donors
SLC7A11-AS1,ENSG00000250033,lncRNA,12,3670,0.327,6,16,False,BELOW_DETECTION_THRESHOLD,Detected in < 1% of stromal cells or < 2 donors
VAC14-AS1,ENSG00000214353,lncRNA,12,3670,0.327,8,16,False,BELOW_DETECTION_THRESHOLD,Detected in < 1% of stromal cells or < 2 donors
C5orf17,ENSG00000248874,lncRNA,12,3670,0.327,5,16,False,BELOW_DETECTION_THRESHOLD,Detected in < 1% of stromal cells or < 2 donors
LINC02785,ENSG00000226822,lncRNA,12,3670,0.327,6,16,False,BELOW_DETECTION_THRESHOLD,Detected in < 1% of stromal cells or < 2 donors
ZNF84-DT,ENSG00000246394,lncRNA,12,3670,0.327,7,16,False,BELOW_DETECTION_THRESHOLD,Detected in < 1% of stromal cells or < 2 donors
LINC00482,ENSG00000185168,lncRNA,12,3670,0.327,3,16,False,BELOW_DETECTION_THRESHOLD,Detected in < 1% of stromal cells or < 2 donors
PHKA2-AS1,ENSG00000237836,lncRNA,12,3670,0.327,6,16,False,BELOW_DETECTION_THRESHOLD,Detected in < 1% of stromal cells or < 2 donors
LINC02576,ENSG00000232613,lncRNA,12,3670,0.327,4,16,False,BELOW_DETECTION_THRESHOLD,Detected in < 1% of stromal cells or < 2 donors
DIRC3-AS1,ENSG00000233143,lncRNA,12,3670,0.327,2,16,False,BELOW_DETECTION_THRESHOLD,Detected in < 1% of stromal cells or < 2 donors
LINC02106,ENSG00000251573,lncRNA,12,3670,0.327,5,16,False,BELOW_DETECTION_THRESHOLD,Detected in < 1% of stromal cells or < 2 donors
RSF1-IT2,ENSG00000254985,lncRNA,12,3670,0.327,6,16,False,BELOW_DETECTION_THRESHOLD,Detected in < 1% of stromal cells or < 2 donors
CD200R1L-AS1,ENSG00000242770,lncRNA,12,3670,0.327,2,16,False,BELOW_DETECTION_THRESHOLD,Detected in < 1% of stromal cells or < 2 donors
LCMT1-AS2,ENSG00000260034,lncRNA,12,3670,0.327,5,16,False,BELOW_DETECTION_THRESHOLD,Detected in < 1% of stromal cells or < 2 donors
LINC01513,ENSG00000246016,lncRNA,12,3670,0.327,5,16,False,BELOW_DETECTION_THRESHOLD,Detected in < 1% of stromal cells or < 2 donors
LINC02776,ENSG00000224977,lncRNA,12,3670,0.327,5,16,False,BELOW_DETECTION_THRESHOLD,Detected in < 1% of stromal cells or < 2 donors
PART1,ENSG00000152931,lncRNA,12,3670,0.327,7,16,False,BELOW_DETECTION_THRESHOLD,Detected in < 1% of stromal cells or < 2 donors
LINC01151,ENSG00000253819,lncRNA,12,3670,0.327,5,16,False,BELOW_DETECTION_THRESHOLD,Detected in < 1% of stromal cells or < 2 donors
CD44-AS1,ENSG00000255443,lncRNA,12,3670,0.327,2,16,False,BELOW_DETECTION_THRESHOLD,Detected in < 1% of stromal cells or < 2 donors
LINC01983,ENSG00000223783,lncRNA,12,3670,0.327,4,16,False,BELOW_DETECTION_THRESHOLD,Detected in < 1% of stromal cells or < 2 donors
LINC02269,ENSG00000250708,lncRNA,12,3670,0.327,5,16,False,BELOW_DETECTION_THRESHOLD,Detected in < 1% of stromal cells or < 2 donors
MIR205HG,ENSG00000230937,lncRNA,12,3670,0.327,4,16,False,BELOW_DETECTION_THRESHOLD,Detected in < 1% of stromal cells or < 2 donors
LINC00345,ENSG00000235660,lncRNA,12,3670,0.327,4,16,False,BELOW_DETECTION_THRESHOLD,Detected in < 1% of stromal cells or < 2 donors
CASC19,ENSG00000254166,lncRNA,12,3670,0.327,7,16,False,BELOW_DETECTION_THRESHOLD,Detected in < 1% of stromal cells or < 2 donors
MAL2-AS1,ENSG00000253972,lncRNA,12,3670,0.327,5,16,False,BELOW_DETECTION_THRESHOLD,Detected in < 1% of stromal cells or < 2 donors
MIR3945HG,ENSG00000251230,lncRNA,12,3670,0.327,6,16,False,BELOW_DETECTION_THRESHOLD,Detected in < 1% of stromal cells or < 2 donors
LINC02489,ENSG00000255007,lncRNA,12,3670,0.327,7,16,False,BELOW_DETECTION_THRESHOLD,Detected in < 1% of stromal cells or < 2 donors
RFPL1S,ENSG00000225465,lncRNA,12,3670,0.327,6,16,False,BELOW_DETECTION_THRESHOLD,Detected in < 1% of stromal cells or < 2 donors
LIF-AS1,ENSG00000232530,lncRNA,12,3670,0.327,5,16,False,BELOW_DETECTION_THRESHOLD,Detected in < 1% of stromal cells or < 2 donors
MPP7-DT,ENSG00000282996,lncRNA,12,3670,0.327,6,16,False,BELOW_DETECTION_THRESHOLD,Detected in < 1% of stromal cells or < 2 donors
LINC00565,ENSG00000260910,lncRNA,12,3670,0.327,5,16,False,BELOW_DETECTION_THRESHOLD,Detected in < 1% of stromal cells or < 2 donors
BMPR1B-DT,ENSG00000249599,lncRNA,12,3670,0.327,5,16,False,BELOW_DETECTION_THRESHOLD,Detected in < 1% of stromal cells or < 2 donors
CPB2-AS1,ENSG00000235903,lncRNA,12,3670,0.327,5,16,False,BELOW_DETECTION_THRESHOLD,Detected in < 1% of stromal cells or < 2 donors
CARMN,ENSG00000249669,lncRNA,12,3670,0.327,7,16,False,BELOW_DETECTION_THRESHOLD,Detected in < 1% of stromal cells or < 2 donors
DDX39B-AS1,ENSG00000234006,lncRNA,12,3670,0.327,7,16,False,BELOW_DETECTION_THRESHOLD,Detected in < 1% of stromal cells or < 2 donors
SCAT1,ENSG00000267123,lncRNA,12,3670,0.327,10,16,False,BELOW_DETECTION_THRESHOLD,Detected in < 1% of stromal cells or < 2 donors
ATP11A-AS1,ENSG00000232684,lncRNA,12,3670,0.327,6,16,False,BELOW_DETECTION_THRESHOLD,Detected in < 1% of stromal cells or < 2 donors
LINC01740,ENSG00000228067,lncRNA,12,3670,0.327,6,16,False,BELOW_DETECTION_THRESHOLD,Detected in < 1% of stromal cells or < 2 donors
LINC02804,ENSG00000274372,lncRNA,12,3670,0.327,7,16,False,BELOW_DETECTION_THRESHOLD,Detected in < 1% of stromal cells or < 2 donors
LINC00911,ENSG00000259107,lncRNA,11,3670,0.3,4,16,False,BELOW_DETECTION_THRESHOLD,Detected in < 1% of stromal cells or < 2 donors
PGR-AS1,ENSG00000282728,lncRNA,11,3670,0.3,4,16,False,BELOW_DETECTION_THRESHOLD,Detected in < 1% of stromal cells or < 2 donors
RCAN3AS,ENSG00000286061,lncRNA,11,3670,0.3,7,16,False,BELOW_DETECTION_THRESHOLD,Detected in < 1% of stromal cells or < 2 donors
LINC00092,ENSG00000225194,lncRNA,11,3670,0.3,6,16,False,BELOW_DETECTION_THRESHOLD,Detected in < 1% of stromal cells or < 2 donors
PSORS1C3,ENSG00000204528,lncRNA,11,3670,0.3,1,16,False,BELOW_DETECTION_THRESHOLD,Detected in < 1% of stromal cells or < 2 donors
CEBPA-DT,ENSG00000267296,lncRNA,11,3670,0.3,7,16,False,BELOW_DETECTION_THRESHOLD,Detected in < 1% of stromal cells or < 2 donors
SLC12A9-AS1,ENSG00000236305,lncRNA,11,3670,0.3,4,16,False,BELOW_DETECTION_THRESHOLD,Detected in < 1% of stromal cells or < 2 donors
ATP6V0E2-AS1,ENSG00000204934,lncRNA,11,3670,0.3,5,16,False,BELOW_DETECTION_THRESHOLD,Detected in < 1% of stromal cells or < 2 donors
LINC00705,ENSG00000225269,lncRNA,11,3670,0.3,3,16,False,BELOW_DETECTION_THRESHOLD,Detected in < 1% of stromal cells or < 2 donors
FOXD2-AS1,ENSG00000237424,lncRNA,11,3670,0.3,7,16,False,BELOW_DETECTION_THRESHOLD,Detected in < 1% of stromal cells or < 2 donors
THORLNC,ENSG00000226856,lncRNA,11,3670,0.3,2,16,False,BELOW_DETECTION_THRESHOLD,Detected in < 1% of stromal cells or < 2 donors
C9orf147,ENSG00000230185,lncRNA,11,3670,0.3,6,16,False,BELOW_DETECTION_THRESHOLD,Detected in < 1% of stromal cells or < 2 donors
LINC02242,ENSG00000249736,lncRNA,11,3670,0.3,8,16,False,BELOW_DETECTION_THRESHOLD,Detected in < 1% of stromal cells or < 2 donors
RDH10-AS1,ENSG00000250295,lncRNA,11,3670,0.3,4,16,False,BELOW_DETECTION_THRESHOLD,Detected in < 1% of stromal cells or < 2 donors
TAPT1-AS1,ENSG00000263327,lncRNA,11,3670,0.3,5,16,False,BELOW_DETECTION_THRESHOLD,Detected in < 1% of stromal cells or < 2 donors
LINC02714,ENSG00000251226,lncRNA,11,3670,0.3,4,16,False,BELOW_DETECTION_THRESHOLD,Detected in < 1% of stromal cells or < 2 donors
RBM15-AS1,ENSG00000227963,lncRNA,11,3670,0.3,4,16,False,BELOW_DETECTION_THRESHOLD,Detected in < 1% of stromal cells or < 2 donors
LINC00189,ENSG00000215533,lncRNA,11,3670,0.3,4,16,False,BELOW_DETECTION_THRESHOLD,Detected in < 1% of stromal cells or < 2 donors
LINC02278,ENSG00000251635,lncRNA,11,3670,0.3,4,16,False,BELOW_DETECTION_THRESHOLD,Detected in < 1% of stromal cells or < 2 donors
MEF2C-AS1,ENSG00000248309,lncRNA,11,3670,0.3,5,16,False,BELOW_DETECTION_THRESHOLD,Detected in < 1% of stromal cells or < 2 donors
ZRANB2-AS1,ENSG00000235079,lncRNA,11,3670,0.3,6,16,False,BELOW_DETECTION_THRESHOLD,Detected in < 1% of stromal cells or < 2 donors
PICART1,ENSG00000246640,lncRNA,11,3670,0.3,6,16,False,BELOW_DETECTION_THRESHOLD,Detected in < 1% of stromal cells or < 2 donors
LINC02631,ENSG00000237772,lncRNA,11,3670,0.3,4,16,False,BELOW_DETECTION_THRESHOLD,Detected in < 1% of stromal cells or < 2 donors
LINC01474,ENSG00000236849,lncRNA,11,3670,0.3,5,16,False,BELOW_DETECTION_THRESHOLD,Detected in < 1% of stromal cells or < 2 donors
LINC00636,ENSG00000240423,lncRNA,11,3670,0.3,4,16,False,BELOW_DETECTION_THRESHOLD,Detected in < 1% of stromal cells or < 2 donors
HLX-AS1,ENSG00000257551,lncRNA,11,3670,0.3,3,16,False,BELOW_DETECTION_THRESHOLD,Detected in < 1% of stromal cells or < 2 donors
NECTIN3-AS1,ENSG00000242242,lncRNA,11,3670,0.3,4,16,False,BELOW_DETECTION_THRESHOLD,Detected in < 1% of stromal cells or < 2 donors
SOX21-AS1,ENSG00000227640,lncRNA,11,3670,0.3,2,16,False,BELOW_DETECTION_THRESHOLD,Detected in < 1% of stromal cells or < 2 donors
LINC02356,ENSG00000257595,lncRNA,11,3670,0.3,6,16,False,BELOW_DETECTION_THRESHOLD,Detected in < 1% of stromal cells or < 2 donors
LINC00102,ENSG00000230542,lncRNA,11,3670,0.3,4,16,False,BELOW_DETECTION_THRESHOLD,Detected in < 1% of stromal cells or < 2 donors
LAMA5-AS1,ENSG00000228812,lncRNA,11,3670,0.3,3,16,False,BELOW_DETECTION_THRESHOLD,Detected in < 1% of stromal cells or < 2 donors
TGFB2-AS1,ENSG00000232480,lncRNA,11,3670,0.3,3,16,False,BELOW_DETECTION_THRESHOLD,Detected in < 1% of stromal cells or < 2 donors
LINC02211,ENSG00000245662,lncRNA,11,3670,0.3,4,16,False,BELOW_DETECTION_THRESHOLD,Detected in < 1% of stromal cells or < 2 donors
LINC01694,ENSG00000233922,lncRNA,10,3670,0.272,5,16,False,BELOW_DETECTION_THRESHOLD,Detected in < 1% of stromal cells or < 2 donors
LINC02572,ENSG00000229536,lncRNA,10,3670,0.272,4,16,False,BELOW_DETECTION_THRESHOLD,Detected in < 1% of stromal cells or < 2 donors
MIR9-3HG,ENSG00000255571,lncRNA,10,3670,0.272,5,16,False,BELOW_DETECTION_THRESHOLD,Detected in < 1% of stromal cells or < 2 donors
LINC01551,ENSG00000186960,lncRNA,10,3670,0.272,4,16,False,BELOW_DETECTION_THRESHOLD,Detected in < 1% of stromal cells or < 2 donors
IGF2BP2-AS1,ENSG00000163915,lncRNA,10,3670,0.272,6,16,False,BELOW_DETECTION_THRESHOLD,Detected in < 1% of stromal cells or < 2 donors
LNCOC1,ENSG00000253741,lncRNA,10,3670,0.272,4,16,False,BELOW_DETECTION_THRESHOLD,Detected in < 1% of stromal cells or < 2 donors
LINC02341,ENSG00000283554,lncRNA,10,3670,0.272,5,16,False,BELOW_DETECTION_THRESHOLD,Detected in < 1% of stromal cells or < 2 donors
LINC01149,ENSG00000230174,lncRNA,10,3670,0.272,6,16,False,BELOW_DETECTION_THRESHOLD,Detected in < 1% of stromal cells or < 2 donors
LINC02649,ENSG00000215244,lncRNA,10,3670,0.272,6,16,False,BELOW_DETECTION_THRESHOLD,Detected in < 1% of stromal cells or < 2 donors
CHRM3-AS2,ENSG00000233355,lncRNA,10,3670,0.272,6,16,False,BELOW_DETECTION_THRESHOLD,Detected in < 1% of stromal cells or < 2 donors
SAPCD1-AS1,ENSG00000235663,lncRNA,10,3670,0.272,5,16,False,BELOW_DETECTION_THRESHOLD,Detected in < 1% of stromal cells or < 2 donors
ADCY6-DT,ENSG00000257660,lncRNA,10,3670,0.272,5,16,False,BELOW_DETECTION_THRESHOLD,Detected in < 1% of stromal cells or < 2 donors
LINC02532,ENSG00000235142,lncRNA,10,3670,0.272,2,16,False,BELOW_DETECTION_THRESHOLD,Detected in < 1% of stromal cells or < 2 donors
POLH-AS1,ENSG00000203362,lncRNA,10,3670,0.272,5,16,False,BELOW_DETECTION_THRESHOLD,Detected in < 1% of stromal cells or < 2 donors
LINC02009,ENSG00000283646,lncRNA,10,3670,0.272,4,16,False,BELOW_DETECTION_THRESHOLD,Detected in < 1% of stromal cells or < 2 donors
FOXC2-AS1,ENSG00000260944,lncRNA,10,3670,0.272,2,16,False,BELOW_DETECTION_THRESHOLD,Detected in < 1% of stromal cells or < 2 donors
UBE2E2-AS1,ENSG00000233153,lncRNA,10,3670,0.272,6,16,False,BELOW_DETECTION_THRESHOLD,Detected in < 1% of stromal cells or < 2 donors
LINC02363,ENSG00000180712,lncRNA,10,3670,0.272,7,16,False,BELOW_DETECTION_THRESHOLD,Detected in < 1% of stromal cells or < 2 donors
LINC01607,ENSG00000272138,lncRNA,10,3670,0.272,7,16,False,BELOW_DETECTION_THRESHOLD,Detected in < 1% of stromal cells or < 2 donors
LINC01166,ENSG00000232903,lncRNA,10,3670,0.272,5,16,False,BELOW_DETECTION_THRESHOLD,Detected in < 1% of stromal cells or < 2 donors
LINC01214,ENSG00000243550,lncRNA,10,3670,0.272,3,16,False,BELOW_DETECTION_THRESHOLD,Detected in < 1% of stromal cells or < 2 donors
TMEM212-AS1,ENSG00000234717,lncRNA,10,3670,0.272,4,16,False,BELOW_DETECTION_THRESHOLD,Detected in < 1% of stromal cells or < 2 donors
HOXC-AS2,ENSG00000250133,lncRNA,10,3670,0.272,4,16,False,BELOW_DETECTION_THRESHOLD,Detected in < 1% of stromal cells or < 2 donors
SOX9-AS1,ENSG00000234899,lncRNA,10,3670,0.272,6,16,False,BELOW_DETECTION_THRESHOLD,Detected in < 1% of stromal cells or < 2 donors
LINC02384,ENSG00000251301,lncRNA,10,3670,0.272,7,16,False,BELOW_DETECTION_THRESHOLD,Detected in < 1% of stromal cells or < 2 donors
LINC01506,ENSG00000234506,lncRNA,10,3670,0.272,5,16,False,BELOW_DETECTION_THRESHOLD,Detected in < 1% of stromal cells or < 2 donors
LINC01765,ENSG00000233730,lncRNA,10,3670,0.272,5,16,False,BELOW_DETECTION_THRESHOLD,Detected in < 1% of stromal cells or < 2 donors
LINC02834,ENSG00000285686,lncRNA,10,3670,0.272,4,16,False,BELOW_DETECTION_THRESHOLD,Detected in < 1% of stromal cells or < 2 donors
LINC01393,ENSG00000225535,lncRNA,10,3670,0.272,4,16,False,BELOW_DETECTION_THRESHOLD,Detected in < 1% of stromal cells or < 2 donors
PANDAR,ENSG00000281450,lncRNA,10,3670,0.272,3,16,False,BELOW_DETECTION_THRESHOLD,Detected in < 1% of stromal cells or < 2 donors
LINC01625,ENSG00000238099,lncRNA,10,3670,0.272,4,16,False,BELOW_DETECTION_THRESHOLD,Detected in < 1% of stromal cells or < 2 donors
ERC2-IT1,ENSG00000281708,lncRNA,10,3670,0.272,4,16,False,BELOW_DETECTION_THRESHOLD,Detected in < 1% of stromal cells or < 2 donors
MAMDC2-AS1,ENSG00000204706,lncRNA,10,3670,0.272,6,16,False,BELOW_DETECTION_THRESHOLD,Detected in < 1% of stromal cells or < 2 donors
LINC01546,ENSG00000228459,lncRNA,10,3670,0.272,5,16,False,BELOW_DETECTION_THRESHOLD,Detected in < 1% of stromal cells or < 2 donors
JARID2-AS1,ENSG00000235488,lncRNA,10,3670,0.272,6,16,False,BELOW_DETECTION_THRESHOLD,Detected in < 1% of stromal cells or < 2 donors
LINC00930,ENSG00000258647,lncRNA,10,3670,0.272,4,16,False,BELOW_DETECTION_THRESHOLD,Detected in < 1% of stromal cells or < 2 donors
LINC01366,ENSG00000235172,lncRNA,10,3670,0.272,2,16,False,BELOW_DETECTION_THRESHOLD,Detected in < 1% of stromal cells or < 2 donors
LINC02147,ENSG00000249797,lncRNA,10,3670,0.272,4,16,False,BELOW_DETECTION_THRESHOLD,Detected in < 1% of stromal cells or < 2 donors
LINC01028,ENSG00000267603,lncRNA,10,3670,0.272,4,16,False,BELOW_DETECTION_THRESHOLD,Detected in < 1% of stromal cells or < 2 donors
CAMTA1-IT1,ENSG00000237402,lncRNA,10,3670,0.272,6,16,False,BELOW_DETECTION_THRESHOLD,Detected in < 1% of stromal cells or < 2 donors
KCNMA1-AS1,ENSG00000236467,lncRNA,10,3670,0.272,1,16,False,BELOW_DETECTION_THRESHOLD,Detected in < 1% of stromal cells or < 2 donors
LINC02054,ENSG00000224153,lncRNA,9,3670,0.245,7,16,False,BELOW_DETECTION_THRESHOLD,Detected in < 1% of stromal cells or < 2 donors
PGM5-AS1,ENSG00000224958,lncRNA,9,3670,0.245,5,16,False,BELOW_DETECTION_THRESHOLD,Detected in < 1% of stromal cells or < 2 donors
LINC02846,ENSG00000260193,lncRNA,9,3670,0.245,5,16,False,BELOW_DETECTION_THRESHOLD,Detected in < 1% of stromal cells or < 2 donors
LINC01960,ENSG00000260868,lncRNA,9,3670,0.245,4,16,False,BELOW_DETECTION_THRESHOLD,Detected in < 1% of stromal cells or < 2 donors
CHMP1B-AS1,ENSG00000267165,lncRNA,9,3670,0.245,5,16,False,BELOW_DETECTION_THRESHOLD,Detected in < 1% of stromal cells or < 2 donors
LINC01433,ENSG00000230176,lncRNA,9,3670,0.245,4,16,False,BELOW_DETECTION_THRESHOLD,Detected in < 1% of stromal cells or < 2 donors
LINC02044,ENSG00000243795,lncRNA,9,3670,0.245,1,16,False,BELOW_DETECTION_THRESHOLD,Detected in < 1% of stromal cells or < 2 donors
GAPLINC,ENSG00000266835,lncRNA,9,3670,0.245,4,16,False,BELOW_DETECTION_THRESHOLD,Detected in < 1% of stromal cells or < 2 donors
KIRREL1-IT1,ENSG00000226520,lncRNA,9,3670,0.245,5,16,False,BELOW_DETECTION_THRESHOLD,Detected in < 1% of stromal cells or < 2 donors
LINC01554,ENSG00000236882,lncRNA,9,3670,0.245,5,16,False,BELOW_DETECTION_THRESHOLD,Detected in < 1% of stromal cells or < 2 donors
LINC02621,ENSG00000234756,lncRNA,9,3670,0.245,4,16,False,BELOW_DETECTION_THRESHOLD,Detected in < 1% of stromal cells or < 2 donors
LINC01215,ENSG00000271856,lncRNA,9,3670,0.245,5,16,False,BELOW_DETECTION_THRESHOLD,Detected in < 1% of stromal cells or < 2 donors
SAMMSON,ENSG00000240405,lncRNA,9,3670,0.245,7,16,False,BELOW_DETECTION_THRESHOLD,Detected in < 1% of stromal cells or < 2 donors
ZNRF3-IT1,ENSG00000235786,lncRNA,9,3670,0.245,5,16,False,BELOW_DETECTION_THRESHOLD,Detected in < 1% of stromal cells or < 2 donors
LINC02458,ENSG00000246363,lncRNA,9,3670,0.245,3,16,False,BELOW_DETECTION_THRESHOLD,Detected in < 1% of stromal cells or < 2 donors
LINC01031,ENSG00000232077,lncRNA,9,3670,0.245,6,16,False,BELOW_DETECTION_THRESHOLD,Detected in < 1% of stromal cells or < 2 donors
DIAPH2-AS1,ENSG00000236256,lncRNA,9,3670,0.245,3,16,False,BELOW_DETECTION_THRESHOLD,Detected in < 1% of stromal cells or < 2 donors
DLGAP4-AS1,ENSG00000232907,lncRNA,9,3670,0.245,5,16,False,BELOW_DETECTION_THRESHOLD,Detected in < 1% of stromal cells or < 2 donors
LINC01565,ENSG00000198685,lncRNA,9,3670,0.245,5,16,False,BELOW_DETECTION_THRESHOLD,Detected in < 1% of stromal cells or < 2 donors
ZBTB20-AS1,ENSG00000241560,lncRNA,9,3670,0.245,3,16,False,BELOW_DETECTION_THRESHOLD,Detected in < 1% of stromal cells or < 2 donors
ACAP2-IT1,ENSG00000229325,lncRNA,9,3670,0.245,4,16,False,BELOW_DETECTION_THRESHOLD,Detected in < 1% of stromal cells or < 2 donors
GCC2-AS1,ENSG00000214184,lncRNA,9,3670,0.245,5,16,False,BELOW_DETECTION_THRESHOLD,Detected in < 1% of stromal cells or < 2 donors
SCN1A-AS1,ENSG00000236107,lncRNA,9,3670,0.245,4,16,False,BELOW_DETECTION_THRESHOLD,Detected in < 1% of stromal cells or < 2 donors
LINC02028,ENSG00000230102,lncRNA,9,3670,0.245,7,16,False,BELOW_DETECTION_THRESHOLD,Detected in < 1% of stromal cells or < 2 donors
DCXR-DT,ENSG00000264569,lncRNA,9,3670,0.245,3,16,False,BELOW_DETECTION_THRESHOLD,Detected in < 1% of stromal cells or < 2 donors
USP12-AS2,ENSG00000230641,lncRNA,9,3670,0.245,5,16,False,BELOW_DETECTION_THRESHOLD,Detected in < 1% of stromal cells or < 2 donors
LINC00574,ENSG00000231690,lncRNA,9,3670,0.245,5,16,False,BELOW_DETECTION_THRESHOLD,Detected in < 1% of stromal cells or < 2 donors
C15orf56,ENSG00000176753,lncRNA,9,3670,0.245,6,16,False,BELOW_DETECTION_THRESHOLD,Detected in < 1% of stromal cells or < 2 donors
LINC00323,ENSG00000226496,lncRNA,9,3670,0.245,5,16,False,BELOW_DETECTION_THRESHOLD,Detected in < 1% of stromal cells or < 2 donors
LINC00517,ENSG00000259091,lncRNA,9,3670,0.245,2,16,False,BELOW_DETECTION_THRESHOLD,Detected in < 1% of stromal cells or < 2 donors
SNCA-AS1,ENSG00000247775,lncRNA,9,3670,0.245,4,16,False,BELOW_DETECTION_THRESHOLD,Detected in < 1% of stromal cells or < 2 donors
LINC02207,ENSG00000258476,lncRNA,9,3670,0.245,3,16,False,BELOW_DETECTION_THRESHOLD,Detected in < 1% of stromal cells or < 2 donors
LINC02805,ENSG00000232265,lncRNA,9,3670,0.245,3,16,False,BELOW_DETECTION_THRESHOLD,Detected in < 1% of stromal cells or < 2 donors
LINC01356,ENSG00000215866,lncRNA,9,3670,0.245,4,16,False,BELOW_DETECTION_THRESHOLD,Detected in < 1% of stromal cells or < 2 donors
LINC00640,ENSG00000258479,lncRNA,9,3670,0.245,4,16,False,BELOW_DETECTION_THRESHOLD,Detected in < 1% of stromal cells or < 2 donors
UVRAG-DT,ENSG00000255507,lncRNA,9,3670,0.245,6,16,False,BELOW_DETECTION_THRESHOLD,Detected in < 1% of stromal cells or < 2 donors
LINC02284,ENSG00000259719,lncRNA,9,3670,0.245,3,16,False,BELOW_DETECTION_THRESHOLD,Detected in < 1% of stromal cells or < 2 donors
LINC00907,ENSG00000267586,lncRNA,8,3670,0.218,5,16,False,BELOW_DETECTION_THRESHOLD,Detected in < 1% of stromal cells or < 2 donors
KCNMA1-AS3,ENSG00000225652,lncRNA,8,3670,0.218,1,16,False,BELOW_DETECTION_THRESHOLD,Detected in < 1% of stromal cells or < 2 donors
LINC00316,ENSG00000237664,lncRNA,8,3670,0.218,6,16,False,BELOW_DETECTION_THRESHOLD,Detected in < 1% of stromal cells or < 2 donors
MIR3142HG,ENSG00000253522,lncRNA,8,3670,0.218,6,16,False,BELOW_DETECTION_THRESHOLD,Detected in < 1% of stromal cells or < 2 donors
LINC01786,ENSG00000230415,lncRNA,8,3670,0.218,3,16,False,BELOW_DETECTION_THRESHOLD,Detected in < 1% of stromal cells or < 2 donors
LINC00543,ENSG00000260704,lncRNA,8,3670,0.218,6,16,False,BELOW_DETECTION_THRESHOLD,Detected in < 1% of stromal cells or < 2 donors
LINC01030,ENSG00000253799,lncRNA,8,3670,0.218,3,16,False,BELOW_DETECTION_THRESHOLD,Detected in < 1% of stromal cells or < 2 donors
LINC00337,ENSG00000225077,lncRNA,8,3670,0.218,3,16,False,BELOW_DETECTION_THRESHOLD,Detected in < 1% of stromal cells or < 2 donors
LHFPL3-AS2,ENSG00000225329,lncRNA,8,3670,0.218,4,16,False,BELOW_DETECTION_THRESHOLD,Detected in < 1% of stromal cells or < 2 donors
LINC02513,ENSG00000248227,lncRNA,8,3670,0.218,3,16,False,BELOW_DETECTION_THRESHOLD,Detected in < 1% of stromal cells or < 2 donors
LINC00844,ENSG00000237949,lncRNA,8,3670,0.218,5,16,False,BELOW_DETECTION_THRESHOLD,Detected in < 1% of stromal cells or < 2 donors
LINC02182,ENSG00000260420,lncRNA,8,3670,0.218,4,16,False,BELOW_DETECTION_THRESHOLD,Detected in < 1% of stromal cells or < 2 donors
LINC00266-4P,ENSG00000228786,lncRNA,8,3670,0.218,4,16,False,BELOW_DETECTION_THRESHOLD,Detected in < 1% of stromal cells or < 2 donors
PABPC4-AS1,ENSG00000228060,lncRNA,8,3670,0.218,6,16,False,BELOW_DETECTION_THRESHOLD,Detected in < 1% of stromal cells or < 2 donors
BACH1-IT3,ENSG00000234293,lncRNA,8,3670,0.218,4,16,False,BELOW_DETECTION_THRESHOLD,Detected in < 1% of stromal cells or < 2 donors
LINC02724,ENSG00000181908,lncRNA,8,3670,0.218,3,16,False,BELOW_DETECTION_THRESHOLD,Detected in < 1% of stromal cells or < 2 donors
ELFN1-AS1,ENSG00000236081,lncRNA,8,3670,0.218,4,16,False,BELOW_DETECTION_THRESHOLD,Detected in < 1% of stromal cells or < 2 donors
SSBP3-AS1,ENSG00000198711,lncRNA,8,3670,0.218,4,16,False,BELOW_DETECTION_THRESHOLD,Detected in < 1% of stromal cells or < 2 donors
LINC02588,ENSG00000257842,lncRNA,8,3670,0.218,4,16,False,BELOW_DETECTION_THRESHOLD,Detected in < 1% of stromal cells or < 2 donors
LINC01251,ENSG00000233776,lncRNA,8,3670,0.218,3,16,False,BELOW_DETECTION_THRESHOLD,Detected in < 1% of stromal cells or < 2 donors
LINC00639,ENSG00000259070,lncRNA,8,3670,0.218,4,16,False,BELOW_DETECTION_THRESHOLD,Detected in < 1% of stromal cells or < 2 donors
YEATS2-AS1,ENSG00000233885,lncRNA,8,3670,0.218,2,16,False,BELOW_DETECTION_THRESHOLD,Detected in < 1% of stromal cells or < 2 donors
SPAG16-DT,ENSG00000196096,lncRNA,8,3670,0.218,4,16,False,BELOW_DETECTION_THRESHOLD,Detected in < 1% of stromal cells or < 2 donors
MIR583HG,ENSG00000250551,lncRNA,8,3670,0.218,4,16,False,BELOW_DETECTION_THRESHOLD,Detected in < 1% of stromal cells or < 2 donors
LINC01269,ENSG00000258689,lncRNA,8,3670,0.218,1,16,False,BELOW_DETECTION_THRESHOLD,Detected in < 1% of stromal cells or < 2 donors
PTENP1-AS,ENSG00000281128,lncRNA,8,3670,0.218,5,16,False,BELOW_DETECTION_THRESHOLD,Detected in < 1% of stromal cells or < 2 donors
LINC01050,ENSG00000271216,lncRNA,8,3670,0.218,5,16,False,BELOW_DETECTION_THRESHOLD,Detected in < 1% of stromal cells or < 2 donors
FAM182B,ENSG00000175170,lncRNA,8,3670,0.218,4,16,False,BELOW_DETECTION_THRESHOLD,Detected in < 1% of stromal cells or < 2 donors
LINC01931,ENSG00000162947,lncRNA,8,3670,0.218,5,16,False,BELOW_DETECTION_THRESHOLD,Detected in < 1% of stromal cells or < 2 donors
NPHP3-AS1,ENSG00000248724,lncRNA,8,3670,0.218,4,16,False,BELOW_DETECTION_THRESHOLD,Detected in < 1% of stromal cells or < 2 donors
LINC00484,ENSG00000235641,lncRNA,8,3670,0.218,6,16,False,BELOW_DETECTION_THRESHOLD,Detected in < 1% of stromal cells or < 2 donors
GRTP1-AS1,ENSG00000225083,lncRNA,8,3670,0.218,4,16,False,BELOW_DETECTION_THRESHOLD,Detected in < 1% of stromal cells or < 2 donors
INTS9-AS1,ENSG00000254034,lncRNA,8,3670,0.218,4,16,False,BELOW_DETECTION_THRESHOLD,Detected in < 1% of stromal cells or < 2 donors
LINC02694,ENSG00000175779,lncRNA,8,3670,0.218,3,16,False,BELOW_DETECTION_THRESHOLD,Detected in < 1% of stromal cells or < 2 donors
LINC01873,ENSG00000232164,lncRNA,8,3670,0.218,5,16,False,BELOW_DETECTION_THRESHOLD,Detected in < 1% of stromal cells or < 2 donors
LINC01814,ENSG00000236008,lncRNA,8,3670,0.218,6,16,False,BELOW_DETECTION_THRESHOLD,Detected in < 1% of stromal cells or < 2 donors
LAPTM4A-DT,ENSG00000223734,lncRNA,8,3670,0.218,7,16,False,BELOW_DETECTION_THRESHOLD,Detected in < 1% of stromal cells or < 2 donors
ALG9-IT1,ENSG00000254450,lncRNA,8,3670,0.218,4,16,False,BELOW_DETECTION_THRESHOLD,Detected in < 1% of stromal cells or < 2 donors
LINC02280,ENSG00000260792,lncRNA,8,3670,0.218,2,16,False,BELOW_DETECTION_THRESHOLD,Detected in < 1% of stromal cells or < 2 donors
INSYN1-AS1,ENSG00000260469,lncRNA,8,3670,0.218,5,16,False,BELOW_DETECTION_THRESHOLD,Detected in < 1% of stromal cells or < 2 donors
LINC02541,ENSG00000230943,lncRNA,8,3670,0.218,5,16,False,BELOW_DETECTION_THRESHOLD,Detected in < 1% of stromal cells or < 2 donors
LINC02365,ENSG00000254233,lncRNA,8,3670,0.218,6,16,False,BELOW_DETECTION_THRESHOLD,Detected in < 1% of stromal cells or < 2 donors
LINC02321,ENSG00000258884,lncRNA,8,3670,0.218,6,16,False,BELOW_DETECTION_THRESHOLD,Detected in < 1% of stromal cells or < 2 donors
SEC23A-AS1,ENSG00000258651,lncRNA,8,3670,0.218,4,16,False,BELOW_DETECTION_THRESHOLD,Detected in < 1% of stromal cells or < 2 donors
LINC00992,ENSG00000248663,lncRNA,8,3670,0.218,2,16,False,BELOW_DETECTION_THRESHOLD,Detected in < 1% of stromal cells or < 2 donors
GLIS2-AS1,ENSG00000262686,lncRNA,8,3670,0.218,2,16,False,BELOW_DETECTION_THRESHOLD,Detected in < 1% of stromal cells or < 2 donors
GRIK1-AS1,ENSG00000174680,lncRNA,8,3670,0.218,4,16,False,BELOW_DETECTION_THRESHOLD,Detected in < 1% of stromal cells or < 2 donors
LINC00867,ENSG00000232139,lncRNA,7,3670,0.191,3,16,False,BELOW_DETECTION_THRESHOLD,Detected in < 1% of stromal cells or < 2 donors
LINC01679,ENSG00000237989,lncRNA,7,3670,0.191,5,16,False,BELOW_DETECTION_THRESHOLD,Detected in < 1% of stromal cells or < 2 donors
C20orf197,ENSG00000176659,lncRNA,7,3670,0.191,5,16,False,BELOW_DETECTION_THRESHOLD,Detected in < 1% of stromal cells or < 2 donors
ST3GAL5-AS1,ENSG00000232504,lncRNA,7,3670,0.191,3,16,False,BELOW_DETECTION_THRESHOLD,Detected in < 1% of stromal cells or < 2 donors
SUCLA2-AS1,ENSG00000227848,lncRNA,7,3670,0.191,5,16,False,BELOW_DETECTION_THRESHOLD,Detected in < 1% of stromal cells or < 2 donors
FAM85B,ENSG00000253893,lncRNA,7,3670,0.191,4,16,False,BELOW_DETECTION_THRESHOLD,Detected in < 1% of stromal cells or < 2 donors
LINC00534,ENSG00000253394,lncRNA,7,3670,0.191,4,16,False,BELOW_DETECTION_THRESHOLD,Detected in < 1% of stromal cells or < 2 donors
LINC02042,ENSG00000240893,lncRNA,7,3670,0.191,5,16,False,BELOW_DETECTION_THRESHOLD,Detected in < 1% of stromal cells or < 2 donors
WDR11-AS1,ENSG00000227165,lncRNA,7,3670,0.191,4,16,False,BELOW_DETECTION_THRESHOLD,Detected in < 1% of stromal cells or < 2 donors
DEPDC1-AS1,ENSG00000234264,lncRNA,7,3670,0.191,2,16,False,BELOW_DETECTION_THRESHOLD,Detected in < 1% of stromal cells or < 2 donors
LINC01168,ENSG00000240707,lncRNA,7,3670,0.191,4,16,False,BELOW_DETECTION_THRESHOLD,Detected in < 1% of stromal cells or < 2 donors
L3MBTL4-AS1,ENSG00000264707,lncRNA,7,3670,0.191,4,16,False,BELOW_DETECTION_THRESHOLD,Detected in < 1% of stromal cells or < 2 donors
TBL1XR1-AS1,ENSG00000231310,lncRNA,7,3670,0.191,2,16,False,BELOW_DETECTION_THRESHOLD,Detected in < 1% of stromal cells or < 2 donors
LHX1-DT,ENSG00000277268,lncRNA,7,3670,0.191,3,16,False,BELOW_DETECTION_THRESHOLD,Detected in < 1% of stromal cells or < 2 donors
LINC02068,ENSG00000223387,lncRNA,7,3670,0.191,4,16,False,BELOW_DETECTION_THRESHOLD,Detected in < 1% of stromal cells or < 2 donors
LINC01238,ENSG00000261186,lncRNA,7,3670,0.191,5,16,False,BELOW_DETECTION_THRESHOLD,Detected in < 1% of stromal cells or < 2 donors
SEPTIN4-AS1,ENSG00000264672,lncRNA,7,3670,0.191,5,16,False,BELOW_DETECTION_THRESHOLD,Detected in < 1% of stromal cells or < 2 donors
LINC01285,ENSG00000203650,lncRNA,7,3670,0.191,3,16,False,BELOW_DETECTION_THRESHOLD,Detected in < 1% of stromal cells or < 2 donors
LINC01069,ENSG00000236133,lncRNA,7,3670,0.191,5,16,False,BELOW_DETECTION_THRESHOLD,Detected in < 1% of stromal cells or < 2 donors
LINC01485,ENSG00000254211,lncRNA,7,3670,0.191,6,16,False,BELOW_DETECTION_THRESHOLD,Detected in < 1% of stromal cells or < 2 donors
LINC01801,ENSG00000267767,lncRNA,7,3670,0.191,4,16,False,BELOW_DETECTION_THRESHOLD,Detected in < 1% of stromal cells or < 2 donors
ERVE-1,ENSG00000267259,lncRNA,7,3670,0.191,1,16,False,BELOW_DETECTION_THRESHOLD,Detected in < 1% of stromal cells or < 2 donors
HCG14,ENSG00000224157,lncRNA,7,3670,0.191,3,16,False,BELOW_DETECTION_THRESHOLD,Detected in < 1% of stromal cells or < 2 donors
LINC00659,ENSG00000228705,lncRNA,7,3670,0.191,5,16,False,BELOW_DETECTION_THRESHOLD,Detected in < 1% of stromal cells or < 2 donors
DENND5B-AS1,ENSG00000255867,lncRNA,7,3670,0.191,6,16,False,BELOW_DETECTION_THRESHOLD,Detected in < 1% of stromal cells or < 2 donors
DLG1-AS1,ENSG00000227375,lncRNA,7,3670,0.191,5,16,False,BELOW_DETECTION_THRESHOLD,Detected in < 1% of stromal cells or < 2 donors
LBX1-AS1,ENSG00000227128,lncRNA,7,3670,0.191,2,16,False,BELOW_DETECTION_THRESHOLD,Detected in < 1% of stromal cells or < 2 donors
LINC00629,ENSG00000227060,lncRNA,7,3670,0.191,2,16,False,BELOW_DETECTION_THRESHOLD,Detected in < 1% of stromal cells or < 2 donors
LINC01579,ENSG00000258754,lncRNA,7,3670,0.191,3,16,False,BELOW_DETECTION_THRESHOLD,Detected in < 1% of stromal cells or < 2 donors
MIMT1,ENSG00000268654,lncRNA,7,3670,0.191,4,16,False,BELOW_DETECTION_THRESHOLD,Detected in < 1% of stromal cells or < 2 donors
LINC02584,ENSG00000254417,lncRNA,7,3670,0.191,1,16,False,BELOW_DETECTION_THRESHOLD,Detected in < 1% of stromal cells or < 2 donors
SLX1A-SULT1A3,ENSG00000213599,lncRNA,7,3670,0.191,3,16,False,BELOW_DETECTION_THRESHOLD,Detected in < 1% of stromal cells or < 2 donors
DLX6-AS1,ENSG00000231764,lncRNA,7,3670,0.191,1,16,False,BELOW_DETECTION_THRESHOLD,Detected in < 1% of stromal cells or < 2 donors
LINC00987,ENSG00000237248,lncRNA,7,3670,0.191,5,16,False,BELOW_DETECTION_THRESHOLD,Detected in < 1% of stromal cells or < 2 donors
C7orf69,ENSG00000136275,lncRNA,7,3670,0.191,2,16,False,BELOW_DETECTION_THRESHOLD,Detected in < 1% of stromal cells or < 2 donors
LINC02587,ENSG00000229108,lncRNA,7,3670,0.191,3,16,False,BELOW_DETECTION_THRESHOLD,Detected in < 1% of stromal cells or < 2 donors
LINC02697,ENSG00000255327,lncRNA,7,3670,0.191,3,16,False,BELOW_DETECTION_THRESHOLD,Detected in < 1% of stromal cells or < 2 donors
ZBTB44-DT,ENSG00000175773,lncRNA,7,3670,0.191,2,16,False,BELOW_DETECTION_THRESHOLD,Detected in < 1% of stromal cells or < 2 donors
CADM3-AS1,ENSG00000225670,lncRNA,7,3670,0.191,4,16,False,BELOW_DETECTION_THRESHOLD,Detected in < 1% of stromal cells or < 2 donors
LINC00939,ENSG00000249267,lncRNA,7,3670,0.191,5,16,False,BELOW_DETECTION_THRESHOLD,Detected in < 1% of stromal cells or < 2 donors
LINC01618,ENSG00000250302,lncRNA,7,3670,0.191,5,16,False,BELOW_DETECTION_THRESHOLD,Detected in < 1% of stromal cells or < 2 donors
HCG20,ENSG00000228022,lncRNA,7,3670,0.191,3,16,False,BELOW_DETECTION_THRESHOLD,Detected in < 1% of stromal cells or < 2 donors
LARGE-AS1,ENSG00000224973,lncRNA,7,3670,0.191,3,16,False,BELOW_DETECTION_THRESHOLD,Detected in < 1% of stromal cells or < 2 donors
LINC01219,ENSG00000232987,lncRNA,7,3670,0.191,5,16,False,BELOW_DETECTION_THRESHOLD,Detected in < 1% of stromal cells or < 2 donors
LEF1-AS1,ENSG00000232021,lncRNA,7,3670,0.191,5,16,False,BELOW_DETECTION_THRESHOLD,Detected in < 1% of stromal cells or < 2 donors
LINC00922,ENSG00000261742,lncRNA,7,3670,0.191,5,16,False,BELOW_DETECTION_THRESHOLD,Detected in < 1% of stromal cells or < 2 donors
TARID,ENSG00000227954,lncRNA,7,3670,0.191,2,16,False,BELOW_DETECTION_THRESHOLD,Detected in < 1% of stromal cells or < 2 donors
TBC1D22A-AS1,ENSG00000280080,lncRNA,7,3670,0.191,4,16,False,BELOW_DETECTION_THRESHOLD,Detected in < 1% of stromal cells or < 2 donors
LINC02749,ENSG00000254480,lncRNA,7,3670,0.191,3,16,False,BELOW_DETECTION_THRESHOLD,Detected in < 1% of stromal cells or < 2 donors
LINC01344,ENSG00000228918,lncRNA,7,3670,0.191,3,16,False,BELOW_DETECTION_THRESHOLD,Detected in < 1% of stromal cells or < 2 donors
LINC01353,ENSG00000231507,lncRNA,7,3670,0.191,6,16,False,BELOW_DETECTION_THRESHOLD,Detected in < 1% of stromal cells or < 2 donors
PRICKLE2-AS3,ENSG00000226017,lncRNA,7,3670,0.191,4,16,False,BELOW_DETECTION_THRESHOLD,Detected in < 1% of stromal cells or < 2 donors
LINC02801,ENSG00000284240,lncRNA,6,3670,0.163,4,16,False,BELOW_DETECTION_THRESHOLD,Detected in < 1% of stromal cells or < 2 donors
C22orf34,ENSG00000188511,lncRNA,6,3670,0.163,5,16,False,BELOW_DETECTION_THRESHOLD,Detected in < 1% of stromal cells or < 2 donors
RBMS3-AS2,ENSG00000203506,lncRNA,6,3670,0.163,4,16,False,BELOW_DETECTION_THRESHOLD,Detected in < 1% of stromal cells or < 2 donors
IQCJ-SCHIP1-AS1,ENSG00000241211,lncRNA,6,3670,0.163,4,16,False,BELOW_DETECTION_THRESHOLD,Detected in < 1% of stromal cells or < 2 donors
LINC02150,ENSG00000248150,lncRNA,6,3670,0.163,3,16,False,BELOW_DETECTION_THRESHOLD,Detected in < 1% of stromal cells or < 2 donors
PWRN1,ENSG00000259905,lncRNA,6,3670,0.163,1,16,False,BELOW_DETECTION_THRESHOLD,Detected in < 1% of stromal cells or < 2 donors
SMAD1-AS1,ENSG00000250902,lncRNA,6,3670,0.163,3,16,False,BELOW_DETECTION_THRESHOLD,Detected in < 1% of stromal cells or < 2 donors
LINC01732,ENSG00000237292,lncRNA,6,3670,0.163,3,16,False,BELOW_DETECTION_THRESHOLD,Detected in < 1% of stromal cells or < 2 donors
MAFA-AS1,ENSG00000254338,lncRNA,6,3670,0.163,4,16,False,BELOW_DETECTION_THRESHOLD,Detected in < 1% of stromal cells or < 2 donors
DSG1-AS1,ENSG00000266729,lncRNA,6,3670,0.163,4,16,False,BELOW_DETECTION_THRESHOLD,Detected in < 1% of stromal cells or < 2 donors
SEMA6A-AS2,ENSG00000249167,lncRNA,6,3670,0.163,3,16,False,BELOW_DETECTION_THRESHOLD,Detected in < 1% of stromal cells or < 2 donors
LINC02241,ENSG00000251629,lncRNA,6,3670,0.163,3,16,False,BELOW_DETECTION_THRESHOLD,Detected in < 1% of stromal cells or < 2 donors
LINC00310,ENSG00000227456,lncRNA,6,3670,0.163,4,16,False,BELOW_DETECTION_THRESHOLD,Detected in < 1% of stromal cells or < 2 donors
LINC00470,ENSG00000132204,lncRNA,6,3670,0.163,2,16,False,BELOW_DETECTION_THRESHOLD,Detected in < 1% of stromal cells or < 2 donors
FAM138C,ENSG00000218839,lncRNA,6,3670,0.163,2,16,False,BELOW_DETECTION_THRESHOLD,Detected in < 1% of stromal cells or < 2 donors
DNAH17-AS1,ENSG00000267432,lncRNA,6,3670,0.163,3,16,False,BELOW_DETECTION_THRESHOLD,Detected in < 1% of stromal cells or < 2 donors
C7orf65,ENSG00000221845,lncRNA,6,3670,0.163,3,16,False,BELOW_DETECTION_THRESHOLD,Detected in < 1% of stromal cells or < 2 donors
LINC00113,ENSG00000225298,lncRNA,6,3670,0.163,4,16,False,BELOW_DETECTION_THRESHOLD,Detected in < 1% of stromal cells or < 2 donors
STARD13-AS,ENSG00000236581,lncRNA,6,3670,0.163,4,16,False,BELOW_DETECTION_THRESHOLD,Detected in < 1% of stromal cells or < 2 donors
LINC01562,ENSG00000203356,lncRNA,6,3670,0.163,4,16,False,BELOW_DETECTION_THRESHOLD,Detected in < 1% of stromal cells or < 2 donors
IFNG-AS1,ENSG00000255733,lncRNA,6,3670,0.163,4,16,False,BELOW_DETECTION_THRESHOLD,Detected in < 1% of stromal cells or < 2 donors
LYPLAL1-AS1,ENSG00000228536,lncRNA,6,3670,0.163,2,16,False,BELOW_DETECTION_THRESHOLD,Detected in < 1% of stromal cells or < 2 donors
LINC00602,ENSG00000281832,lncRNA,6,3670,0.163,4,16,False,BELOW_DETECTION_THRESHOLD,Detected in < 1% of stromal cells or < 2 donors
HYI-AS1,ENSG00000229348,lncRNA,6,3670,0.163,4,16,False,BELOW_DETECTION_THRESHOLD,Detected in < 1% of stromal cells or < 2 donors
PINCR,ENSG00000224294,lncRNA,6,3670,0.163,5,16,False,BELOW_DETECTION_THRESHOLD,Detected in < 1% of stromal cells or < 2 donors
INTS6L-AS1,ENSG00000225235,lncRNA,6,3670,0.163,2,16,False,BELOW_DETECTION_THRESHOLD,Detected in < 1% of stromal cells or < 2 donors
LNCOG,ENSG00000257219,lncRNA,6,3670,0.163,4,16,False,BELOW_DETECTION_THRESHOLD,Detected in < 1% of stromal cells or < 2 donors
LINC01509,ENSG00000226825,lncRNA,6,3670,0.163,3,16,False,BELOW_DETECTION_THRESHOLD,Detected in < 1% of stromal cells or < 2 donors
OXCT1-AS1,ENSG00000248668,lncRNA,6,3670,0.163,4,16,False,BELOW_DETECTION_THRESHOLD,Detected in < 1% of stromal cells or < 2 donors
PPM1K-DT,ENSG00000246375,lncRNA,6,3670,0.163,5,16,False,BELOW_DETECTION_THRESHOLD,Detected in < 1% of stromal cells or < 2 donors
BMS1P14,ENSG00000276500,lncRNA,6,3670,0.163,3,16,False,BELOW_DETECTION_THRESHOLD,Detected in < 1% of stromal cells or < 2 donors
LINC01940,ENSG00000227744,lncRNA,6,3670,0.163,3,16,False,BELOW_DETECTION_THRESHOLD,Detected in < 1% of stromal cells or < 2 donors
LINC02757,ENSG00000255363,lncRNA,6,3670,0.163,4,16,False,BELOW_DETECTION_THRESHOLD,Detected in < 1% of stromal cells or < 2 donors
ALKBH3-AS1,ENSG00000244926,lncRNA,6,3670,0.163,4,16,False,BELOW_DETECTION_THRESHOLD,Detected in < 1% of stromal cells or < 2 donors
LINC01655,ENSG00000227925,lncRNA,6,3670,0.163,1,16,False,BELOW_DETECTION_THRESHOLD,Detected in < 1% of stromal cells or < 2 donors
TMEM72-AS1,ENSG00000224812,lncRNA,6,3670,0.163,4,16,False,BELOW_DETECTION_THRESHOLD,Detected in < 1% of stromal cells or < 2 donors
CT66,ENSG00000234215,lncRNA,6,3670,0.163,4,16,False,BELOW_DETECTION_THRESHOLD,Detected in < 1% of stromal cells or < 2 donors
LINC02721,ENSG00000255133,lncRNA,6,3670,0.163,2,16,False,BELOW_DETECTION_THRESHOLD,Detected in < 1% of stromal cells or < 2 donors
PCOLCE-AS1,ENSG00000224729,lncRNA,6,3670,0.163,2,16,False,BELOW_DETECTION_THRESHOLD,Detected in < 1% of stromal cells or < 2 donors
ELN-AS1,ENSG00000232415,lncRNA,6,3670,0.163,1,16,False,BELOW_DETECTION_THRESHOLD,Detected in < 1% of stromal cells or < 2 donors
LINC01936,ENSG00000235997,lncRNA,6,3670,0.163,3,16,False,BELOW_DETECTION_THRESHOLD,Detected in < 1% of stromal cells or < 2 donors
LINC01797,ENSG00000237179,lncRNA,6,3670,0.163,3,16,False,BELOW_DETECTION_THRESHOLD,Detected in < 1% of stromal cells or < 2 donors
LINC00612,ENSG00000214851,lncRNA,6,3670,0.163,2,16,False,BELOW_DETECTION_THRESHOLD,Detected in < 1% of stromal cells or < 2 donors
LY86-AS1,ENSG00000216863,lncRNA,6,3670,0.163,2,16,False,BELOW_DETECTION_THRESHOLD,Detected in < 1% of stromal cells or < 2 donors
EDRF1-AS1,ENSG00000236991,lncRNA,6,3670,0.163,3,16,False,BELOW_DETECTION_THRESHOLD,Detected in < 1% of stromal cells or < 2 donors
LINC01847,ENSG00000253311,lncRNA,6,3670,0.163,3,16,False,BELOW_DETECTION_THRESHOLD,Detected in < 1% of stromal cells or < 2 donors
LINC01902,ENSG00000283503,lncRNA,6,3670,0.163,3,16,False,BELOW_DETECTION_THRESHOLD,Detected in < 1% of stromal cells or < 2 donors
LINC00964,ENSG00000249816,lncRNA,6,3670,0.163,3,16,False,BELOW_DETECTION_THRESHOLD,Detected in < 1% of stromal cells or < 2 donors
EWSAT1,ENSG00000212766,lncRNA,6,3670,0.163,4,16,False,BELOW_DETECTION_THRESHOLD,Detected in < 1% of stromal cells or < 2 donors
LINC01424,ENSG00000236519,lncRNA,6,3670,0.163,4,16,False,BELOW_DETECTION_THRESHOLD,Detected in < 1% of stromal cells or < 2 donors
LINC00304,ENSG00000180422,lncRNA,6,3670,0.163,4,16,False,BELOW_DETECTION_THRESHOLD,Detected in < 1% of stromal cells or < 2 donors
DSG2-AS1,ENSG00000264859,lncRNA,6,3670,0.163,4,16,False,BELOW_DETECTION_THRESHOLD,Detected in < 1% of stromal cells or < 2 donors
LINC01233,ENSG00000269364,lncRNA,6,3670,0.163,4,16,False,BELOW_DETECTION_THRESHOLD,Detected in < 1% of stromal cells or < 2 donors
LINC00648,ENSG00000259129,lncRNA,6,3670,0.163,4,16,False,BELOW_DETECTION_THRESHOLD,Detected in < 1% of stromal cells or < 2 donors
LINC01842,ENSG00000267147,lncRNA,6,3670,0.163,4,16,False,BELOW_DETECTION_THRESHOLD,Detected in < 1% of stromal cells or < 2 donors
LINC01483,ENSG00000227517,lncRNA,6,3670,0.163,4,16,False,BELOW_DETECTION_THRESHOLD,Detected in < 1% of stromal cells or < 2 donors
LINC02580,ENSG00000230587,lncRNA,6,3670,0.163,5,16,False,BELOW_DETECTION_THRESHOLD,Detected in < 1% of stromal cells or < 2 donors
LINC01127,ENSG00000281162,lncRNA,6,3670,0.163,5,16,False,BELOW_DETECTION_THRESHOLD,Detected in < 1% of stromal cells or < 2 donors
LINC01977,ENSG00000262772,lncRNA,6,3670,0.163,2,16,False,BELOW_DETECTION_THRESHOLD,Detected in < 1% of stromal cells or < 2 donors
HCG15,ENSG00000227214,lncRNA,6,3670,0.163,4,16,False,BELOW_DETECTION_THRESHOLD,Detected in < 1% of stromal cells or < 2 donors
LINC02340,ENSG00000275294,lncRNA,6,3670,0.163,5,16,False,BELOW_DETECTION_THRESHOLD,Detected in < 1% of stromal cells or < 2 donors
RNF157-AS1,ENSG00000267128,lncRNA,6,3670,0.163,2,16,False,BELOW_DETECTION_THRESHOLD,Detected in < 1% of stromal cells or < 2 donors
LINC02569,ENSG00000235781,lncRNA,6,3670,0.163,4,16,False,BELOW_DETECTION_THRESHOLD,Detected in < 1% of stromal cells or < 2 donors
PCAT7,ENSG00000231806,lncRNA,6,3670,0.163,5,16,False,BELOW_DETECTION_THRESHOLD,Detected in < 1% of stromal cells or < 2 donors
LINC01971,ENSG00000278200,lncRNA,6,3670,0.163,3,16,False,BELOW_DETECTION_THRESHOLD,Detected in < 1% of stromal cells or < 2 donors
SLCO4A1-AS1,ENSG00000232803,lncRNA,6,3670,0.163,2,16,False,BELOW_DETECTION_THRESHOLD,Detected in < 1% of stromal cells or < 2 donors
SATB2-AS1,ENSG00000225953,lncRNA,6,3670,0.163,2,16,False,BELOW_DETECTION_THRESHOLD,Detected in < 1% of stromal cells or < 2 donors
IBA57-DT,ENSG00000203684,lncRNA,6,3670,0.163,4,16,False,BELOW_DETECTION_THRESHOLD,Detected in < 1% of stromal cells or < 2 donors
LINC01182,ENSG00000250634,lncRNA,6,3670,0.163,2,16,False,BELOW_DETECTION_THRESHOLD,Detected in < 1% of stromal cells or < 2 donors
LINC01447,ENSG00000236078,lncRNA,6,3670,0.163,4,16,False,BELOW_DETECTION_THRESHOLD,Detected in < 1% of stromal cells or < 2 donors
LINC00443,ENSG00000230156,lncRNA,5,3670,0.136,2,16,False,BELOW_DETECTION_THRESHOLD,Detected in < 1% of stromal cells or < 2 donors
LINC02099,ENSG00000253490,lncRNA,5,3670,0.136,2,16,False,BELOW_DETECTION_THRESHOLD,Detected in < 1% of stromal cells or < 2 donors
LINC01843,ENSG00000251169,lncRNA,5,3670,0.136,2,16,False,BELOW_DETECTION_THRESHOLD,Detected in < 1% of stromal cells or < 2 donors
LINC02812,ENSG00000230138,lncRNA,5,3670,0.136,2,16,False,BELOW_DETECTION_THRESHOLD,Detected in < 1% of stromal cells or < 2 donors
LINC01058,ENSG00000225039,lncRNA,5,3670,0.136,2,16,False,BELOW_DETECTION_THRESHOLD,Detected in < 1% of stromal cells or < 2 donors
PEG13,ENSG00000282164,lncRNA,5,3670,0.136,4,16,False,BELOW_DETECTION_THRESHOLD,Detected in < 1% of stromal cells or < 2 donors
LINC00637,ENSG00000258735,lncRNA,5,3670,0.136,5,16,False,BELOW_DETECTION_THRESHOLD,Detected in < 1% of stromal cells or < 2 donors
LINC02795,ENSG00000285210,lncRNA,5,3670,0.136,4,16,False,BELOW_DETECTION_THRESHOLD,Detected in < 1% of stromal cells or < 2 donors
LINC01013,ENSG00000228495,lncRNA,5,3670,0.136,3,16,False,BELOW_DETECTION_THRESHOLD,Detected in < 1% of stromal cells or < 2 donors
LINC02202,ENSG00000245812,lncRNA,5,3670,0.136,2,16,False,BELOW_DETECTION_THRESHOLD,Detected in < 1% of stromal cells or < 2 donors
LINC02539,ENSG00000234956,lncRNA,5,3670,0.136,2,16,False,BELOW_DETECTION_THRESHOLD,Detected in < 1% of stromal cells or < 2 donors
LINC02195,ENSG00000236481,lncRNA,5,3670,0.136,4,16,False,BELOW_DETECTION_THRESHOLD,Detected in < 1% of stromal cells or < 2 donors
LINC00370,ENSG00000223617,lncRNA,5,3670,0.136,2,16,False,BELOW_DETECTION_THRESHOLD,Detected in < 1% of stromal cells or < 2 donors
UBE2E1-AS1,ENSG00000223791,lncRNA,5,3670,0.136,2,16,False,BELOW_DETECTION_THRESHOLD,Detected in < 1% of stromal cells or < 2 donors
LINC02024,ENSG00000241213,lncRNA,5,3670,0.136,3,16,False,BELOW_DETECTION_THRESHOLD,Detected in < 1% of stromal cells or < 2 donors
SEMA6A-AS1,ENSG00000248445,lncRNA,5,3670,0.136,2,16,False,BELOW_DETECTION_THRESHOLD,Detected in < 1% of stromal cells or < 2 donors
EP300-AS1,ENSG00000231993,lncRNA,5,3670,0.136,4,16,False,BELOW_DETECTION_THRESHOLD,Detected in < 1% of stromal cells or < 2 donors
NFIA-AS1,ENSG00000237853,lncRNA,5,3670,0.136,3,16,False,BELOW_DETECTION_THRESHOLD,Detected in < 1% of stromal cells or < 2 donors
LINC01748,ENSG00000226476,lncRNA,5,3670,0.136,3,16,False,BELOW_DETECTION_THRESHOLD,Detected in < 1% of stromal cells or < 2 donors
NFIA-AS2,ENSG00000237928,lncRNA,5,3670,0.136,3,16,False,BELOW_DETECTION_THRESHOLD,Detected in < 1% of stromal cells or < 2 donors
PIK3CD-AS1,ENSG00000179840,lncRNA,5,3670,0.136,4,16,False,BELOW_DETECTION_THRESHOLD,Detected in < 1% of stromal cells or < 2 donors
LINC00314,ENSG00000178457,lncRNA,5,3670,0.136,4,16,False,BELOW_DETECTION_THRESHOLD,Detected in < 1% of stromal cells or < 2 donors
LINC01827,ENSG00000234919,lncRNA,5,3670,0.136,2,16,False,BELOW_DETECTION_THRESHOLD,Detected in < 1% of stromal cells or < 2 donors
LINC01545,ENSG00000204904,lncRNA,5,3670,0.136,3,16,False,BELOW_DETECTION_THRESHOLD,Detected in < 1% of stromal cells or < 2 donors
LINC02236,ENSG00000251365,lncRNA,5,3670,0.136,3,16,False,BELOW_DETECTION_THRESHOLD,Detected in < 1% of stromal cells or < 2 donors
SYP-AS1,ENSG00000237341,lncRNA,5,3670,0.136,3,16,False,BELOW_DETECTION_THRESHOLD,Detected in < 1% of stromal cells or < 2 donors
LINC02345,ENSG00000259225,lncRNA,5,3670,0.136,3,16,False,BELOW_DETECTION_THRESHOLD,Detected in < 1% of stromal cells or < 2 donors
LINC02773,ENSG00000237980,lncRNA,5,3670,0.136,3,16,False,BELOW_DETECTION_THRESHOLD,Detected in < 1% of stromal cells or < 2 donors
LINC01475,ENSG00000257582,lncRNA,5,3670,0.136,2,16,False,BELOW_DETECTION_THRESHOLD,Detected in < 1% of stromal cells or < 2 donors
LINC02853,ENSG00000259245,lncRNA,5,3670,0.136,4,16,False,BELOW_DETECTION_THRESHOLD,Detected in < 1% of stromal cells or < 2 donors
ARAP1-AS2,ENSG00000245148,lncRNA,5,3670,0.136,3,16,False,BELOW_DETECTION_THRESHOLD,Detected in < 1% of stromal cells or < 2 donors
CCDC183-AS1,ENSG00000228544,lncRNA,5,3670,0.136,4,16,False,BELOW_DETECTION_THRESHOLD,Detected in < 1% of stromal cells or < 2 donors
LINC02308,ENSG00000258675,lncRNA,5,3670,0.136,2,16,False,BELOW_DETECTION_THRESHOLD,Detected in < 1% of stromal cells or < 2 donors
LINC01587,ENSG00000082929,lncRNA,5,3670,0.136,4,16,False,BELOW_DETECTION_THRESHOLD,Detected in < 1% of stromal cells or < 2 donors
STPG3-AS1,ENSG00000275549,lncRNA,5,3670,0.136,4,16,False,BELOW_DETECTION_THRESHOLD,Detected in < 1% of stromal cells or < 2 donors
LINC01840,ENSG00000230215,lncRNA,5,3670,0.136,2,16,False,BELOW_DETECTION_THRESHOLD,Detected in < 1% of stromal cells or < 2 donors
DPYD-IT1,ENSG00000232542,lncRNA,5,3670,0.136,4,16,False,BELOW_DETECTION_THRESHOLD,Detected in < 1% of stromal cells or < 2 donors
LNCAROD,ENSG00000231131,lncRNA,5,3670,0.136,4,16,False,BELOW_DETECTION_THRESHOLD,Detected in < 1% of stromal cells or < 2 donors
ACBD3-AS1,ENSG00000234478,lncRNA,5,3670,0.136,4,16,False,BELOW_DETECTION_THRESHOLD,Detected in < 1% of stromal cells or < 2 donors
MYRF-AS1,ENSG00000124915,lncRNA,5,3670,0.136,3,16,False,BELOW_DETECTION_THRESHOLD,Detected in < 1% of stromal cells or < 2 donors
IRAIN,ENSG00000259424,lncRNA,5,3670,0.136,1,16,False,BELOW_DETECTION_THRESHOLD,Detected in < 1% of stromal cells or < 2 donors
BOK-AS1,ENSG00000234235,lncRNA,5,3670,0.136,4,16,False,BELOW_DETECTION_THRESHOLD,Detected in < 1% of stromal cells or < 2 donors
LINC02243,ENSG00000236091,lncRNA,5,3670,0.136,4,16,False,BELOW_DETECTION_THRESHOLD,Detected in < 1% of stromal cells or < 2 donors
MTUS2-AS1,ENSG00000179141,lncRNA,5,3670,0.136,3,16,False,BELOW_DETECTION_THRESHOLD,Detected in < 1% of stromal cells or < 2 donors
TPRG1-AS1,ENSG00000234076,lncRNA,5,3670,0.136,2,16,False,BELOW_DETECTION_THRESHOLD,Detected in < 1% of stromal cells or < 2 donors
LINC02139,ENSG00000278214,lncRNA,5,3670,0.136,3,16,False,BELOW_DETECTION_THRESHOLD,Detected in < 1% of stromal cells or < 2 donors
LINC01305,ENSG00000231453,lncRNA,5,3670,0.136,2,16,False,BELOW_DETECTION_THRESHOLD,Detected in < 1% of stromal cells or < 2 donors
AMMECR1-IT1,ENSG00000224142,lncRNA,5,3670,0.136,2,16,False,BELOW_DETECTION_THRESHOLD,Detected in < 1% of stromal cells or < 2 donors
LINC02206,ENSG00000259289,lncRNA,5,3670,0.136,4,16,False,BELOW_DETECTION_THRESHOLD,Detected in < 1% of stromal cells or < 2 donors
GTF3C2-AS1,ENSG00000234945,lncRNA,5,3670,0.136,2,16,False,BELOW_DETECTION_THRESHOLD,Detected in < 1% of stromal cells or < 2 donors
KCNIP2-AS1,ENSG00000226009,lncRNA,5,3670,0.136,5,16,False,BELOW_DETECTION_THRESHOLD,Detected in < 1% of stromal cells or < 2 donors
LINC02688,ENSG00000254872,lncRNA,5,3670,0.136,3,16,False,BELOW_DETECTION_THRESHOLD,Detected in < 1% of stromal cells or < 2 donors
CYP4A22-AS1,ENSG00000225506,lncRNA,5,3670,0.136,4,16,False,BELOW_DETECTION_THRESHOLD,Detected in < 1% of stromal cells or < 2 donors
LINC02419,ENSG00000256906,lncRNA,5,3670,0.136,3,16,False,BELOW_DETECTION_THRESHOLD,Detected in < 1% of stromal cells or < 2 donors
FAM53B-AS1,ENSG00000233334,lncRNA,5,3670,0.136,3,16,False,BELOW_DETECTION_THRESHOLD,Detected in < 1% of stromal cells or < 2 donors
LINC02204,ENSG00000280639,lncRNA,5,3670,0.136,3,16,False,BELOW_DETECTION_THRESHOLD,Detected in < 1% of stromal cells or < 2 donors
LINC00412,ENSG00000234772,lncRNA,5,3670,0.136,4,16,False,BELOW_DETECTION_THRESHOLD,Detected in < 1% of stromal cells or < 2 donors
LINC01857,ENSG00000224137,lncRNA,5,3670,0.136,3,16,False,BELOW_DETECTION_THRESHOLD,Detected in < 1% of stromal cells or < 2 donors
OPA1-AS1,ENSG00000224855,lncRNA,5,3670,0.136,4,16,False,BELOW_DETECTION_THRESHOLD,Detected in < 1% of stromal cells or < 2 donors
LINC01497,ENSG00000237560,lncRNA,5,3670,0.136,3,16,False,BELOW_DETECTION_THRESHOLD,Detected in < 1% of stromal cells or < 2 donors
MNX1-AS2,ENSG00000235029,lncRNA,5,3670,0.136,4,16,False,BELOW_DETECTION_THRESHOLD,Detected in < 1% of stromal cells or < 2 donors
CSE1L-AS1,ENSG00000227431,lncRNA,5,3670,0.136,3,16,False,BELOW_DETECTION_THRESHOLD,Detected in < 1% of stromal cells or < 2 donors
SMCR2,ENSG00000223979,lncRNA,5,3670,0.136,5,16,False,BELOW_DETECTION_THRESHOLD,Detected in < 1% of stromal cells or < 2 donors
NAV2-AS2,ENSG00000254453,lncRNA,5,3670,0.136,3,16,False,BELOW_DETECTION_THRESHOLD,Detected in < 1% of stromal cells or < 2 donors
LINC02831,ENSG00000224173,lncRNA,5,3670,0.136,3,16,False,BELOW_DETECTION_THRESHOLD,Detected in < 1% of stromal cells or < 2 donors
LINC00924,ENSG00000259134,lncRNA,5,3670,0.136,4,16,False,BELOW_DETECTION_THRESHOLD,Detected in < 1% of stromal cells or < 2 donors
LINC00161,ENSG00000226935,lncRNA,5,3670,0.136,1,16,False,BELOW_DETECTION_THRESHOLD,Detected in < 1% of stromal cells or < 2 donors
KRT7-AS,ENSG00000257671,lncRNA,5,3670,0.136,3,16,False,BELOW_DETECTION_THRESHOLD,Detected in < 1% of stromal cells or < 2 donors
LINC01160,ENSG00000231346,lncRNA,5,3670,0.136,4,16,False,BELOW_DETECTION_THRESHOLD,Detected in < 1% of stromal cells or < 2 donors
LINC01532,ENSG00000267014,lncRNA,5,3670,0.136,3,16,False,BELOW_DETECTION_THRESHOLD,Detected in < 1% of stromal cells or < 2 donors
CASC6,ENSG00000224944,lncRNA,5,3670,0.136,3,16,False,BELOW_DETECTION_THRESHOLD,Detected in < 1% of stromal cells or < 2 donors
CISTR,ENSG00000260492,lncRNA,5,3670,0.136,2,16,False,BELOW_DETECTION_THRESHOLD,Detected in < 1% of stromal cells or < 2 donors
LINC01792,ENSG00000237166,lncRNA,5,3670,0.136,5,16,False,BELOW_DETECTION_THRESHOLD,Detected in < 1% of stromal cells or < 2 donors
CERNA2,ENSG00000285972,lncRNA,5,3670,0.136,3,16,False,BELOW_DETECTION_THRESHOLD,Detected in < 1% of stromal cells or < 2 donors
ELDR,ENSG00000280890,lncRNA,5,3670,0.136,4,16,False,BELOW_DETECTION_THRESHOLD,Detected in < 1% of stromal cells or < 2 donors
EGFR-AS1,ENSG00000224057,lncRNA,5,3670,0.136,3,16,False,BELOW_DETECTION_THRESHOLD,Detected in < 1% of stromal cells or < 2 donors
ST7-AS2,ENSG00000226367,lncRNA,5,3670,0.136,2,16,False,BELOW_DETECTION_THRESHOLD,Detected in < 1% of stromal cells or < 2 donors
LINC01886,ENSG00000224568,lncRNA,5,3670,0.136,3,16,False,BELOW_DETECTION_THRESHOLD,Detected in < 1% of stromal cells or < 2 donors
LMNB1-DT,ENSG00000251072,lncRNA,5,3670,0.136,2,16,False,BELOW_DETECTION_THRESHOLD,Detected in < 1% of stromal cells or < 2 donors
LINC02387,ENSG00000256232,lncRNA,5,3670,0.136,4,16,False,BELOW_DETECTION_THRESHOLD,Detected in < 1% of stromal cells or < 2 donors
FOXCUT,ENSG00000280916,lncRNA,5,3670,0.136,3,16,False,BELOW_DETECTION_THRESHOLD,Detected in < 1% of stromal cells or < 2 donors
FGF10-AS1,ENSG00000248464,lncRNA,5,3670,0.136,2,16,False,BELOW_DETECTION_THRESHOLD,Detected in < 1% of stromal cells or < 2 donors
CRTC3-AS1,ENSG00000259736,lncRNA,5,3670,0.136,5,16,False,BELOW_DETECTION_THRESHOLD,Detected in < 1% of stromal cells or < 2 donors
LINC02313,ENSG00000258474,lncRNA,5,3670,0.136,3,16,False,BELOW_DETECTION_THRESHOLD,Detected in < 1% of stromal cells or < 2 donors
EPCAM-DT,ENSG00000234690,lncRNA,5,3670,0.136,1,16,False,BELOW_DETECTION_THRESHOLD,Detected in < 1% of stromal cells or < 2 donors
SLIT2-IT1,ENSG00000248228,lncRNA,5,3670,0.136,5,16,False,BELOW_DETECTION_THRESHOLD,Detected in < 1% of stromal cells or < 2 donors
SKAP1-AS1,ENSG00000263787,lncRNA,5,3670,0.136,5,16,False,BELOW_DETECTION_THRESHOLD,Detected in < 1% of stromal cells or < 2 donors
LINC00163,ENSG00000234880,lncRNA,5,3670,0.136,5,16,False,BELOW_DETECTION_THRESHOLD,Detected in < 1% of stromal cells or < 2 donors
DACT3-AS1,ENSG00000245598,lncRNA,5,3670,0.136,3,16,False,BELOW_DETECTION_THRESHOLD,Detected in < 1% of stromal cells or < 2 donors
CA3-AS1,ENSG00000253549,lncRNA,5,3670,0.136,4,16,False,BELOW_DETECTION_THRESHOLD,Detected in < 1% of stromal cells or < 2 donors
LINC00601,ENSG00000235180,lncRNA,5,3670,0.136,2,16,False,BELOW_DETECTION_THRESHOLD,Detected in < 1% of stromal cells or < 2 donors
LINC00433,ENSG00000229443,lncRNA,5,3670,0.136,2,16,False,BELOW_DETECTION_THRESHOLD,Detected in < 1% of stromal cells or < 2 donors
LINC02646,ENSG00000236303,lncRNA,5,3670,0.136,3,16,False,BELOW_DETECTION_THRESHOLD,Detected in < 1% of stromal cells or < 2 donors
LINC01778,ENSG00000223382,lncRNA,5,3670,0.136,2,16,False,BELOW_DETECTION_THRESHOLD,Detected in < 1% of stromal cells or < 2 donors
LINC01444,ENSG00000264301,lncRNA,4,3670,0.109,1,16,False,BELOW_DETECTION_THRESHOLD,Detected in < 1% of stromal cells or < 2 donors
DLGAP1-AS3,ENSG00000263724,lncRNA,4,3670,0.109,4,16,False,BELOW_DETECTION_THRESHOLD,Detected in < 1% of stromal cells or < 2 donors
LINC01539,ENSG00000267712,lncRNA,4,3670,0.109,1,16,False,BELOW_DETECTION_THRESHOLD,Detected in < 1% of stromal cells or < 2 donors
SPRY4-AS1,ENSG00000231185,lncRNA,4,3670,0.109,4,16,False,BELOW_DETECTION_THRESHOLD,Detected in < 1% of stromal cells or < 2 donors
LINC01714,ENSG00000227634,lncRNA,4,3670,0.109,2,16,False,BELOW_DETECTION_THRESHOLD,Detected in < 1% of stromal cells or < 2 donors
BMS1P4,ENSG00000271816,lncRNA,4,3670,0.109,3,16,False,BELOW_DETECTION_THRESHOLD,Detected in < 1% of stromal cells or < 2 donors
LINC02510,ENSG00000250341,lncRNA,4,3670,0.109,1,16,False,BELOW_DETECTION_THRESHOLD,Detected in < 1% of stromal cells or < 2 donors
PKIA-AS1,ENSG00000254266,lncRNA,4,3670,0.109,3,16,False,BELOW_DETECTION_THRESHOLD,Detected in < 1% of stromal cells or < 2 donors
E2F3-IT1,ENSG00000224707,lncRNA,4,3670,0.109,1,16,False,BELOW_DETECTION_THRESHOLD,Detected in < 1% of stromal cells or < 2 donors
LUNAR1,ENSG00000278090,lncRNA,4,3670,0.109,2,16,False,BELOW_DETECTION_THRESHOLD,Detected in < 1% of stromal cells or < 2 donors
PSG8-AS1,ENSG00000225877,lncRNA,4,3670,0.109,4,16,False,BELOW_DETECTION_THRESHOLD,Detected in < 1% of stromal cells or < 2 donors
LINC02397,ENSG00000205056,lncRNA,4,3670,0.109,4,16,False,BELOW_DETECTION_THRESHOLD,Detected in < 1% of stromal cells or < 2 donors
BEAN1-AS1,ENSG00000261656,lncRNA,4,3670,0.109,3,16,False,BELOW_DETECTION_THRESHOLD,Detected in < 1% of stromal cells or < 2 donors
HOXB-AS2,ENSG00000239552,lncRNA,4,3670,0.109,2,16,False,BELOW_DETECTION_THRESHOLD,Detected in < 1% of stromal cells or < 2 donors
WDFY3-AS1,ENSG00000251260,lncRNA,4,3670,0.109,3,16,False,BELOW_DETECTION_THRESHOLD,Detected in < 1% of stromal cells or < 2 donors
LINC00158,ENSG00000185433,lncRNA,4,3670,0.109,3,16,False,BELOW_DETECTION_THRESHOLD,Detected in < 1% of stromal cells or < 2 donors
INHBA-AS1,ENSG00000224116,lncRNA,4,3670,0.109,3,16,False,BELOW_DETECTION_THRESHOLD,Detected in < 1% of stromal cells or < 2 donors
LINC01805,ENSG00000223863,lncRNA,4,3670,0.109,3,16,False,BELOW_DETECTION_THRESHOLD,Detected in < 1% of stromal cells or < 2 donors
JAZF1-AS1,ENSG00000234336,lncRNA,4,3670,0.109,4,16,False,BELOW_DETECTION_THRESHOLD,Detected in < 1% of stromal cells or < 2 donors
LINC02124,ENSG00000259947,lncRNA,4,3670,0.109,3,16,False,BELOW_DETECTION_THRESHOLD,Detected in < 1% of stromal cells or < 2 donors
LINC01556,ENSG00000204709,lncRNA,4,3670,0.109,3,16,False,BELOW_DETECTION_THRESHOLD,Detected in < 1% of stromal cells or < 2 donors
LINC02768,ENSG00000229291,lncRNA,4,3670,0.109,2,16,False,BELOW_DETECTION_THRESHOLD,Detected in < 1% of stromal cells or < 2 donors
DOCK4-AS1,ENSG00000225572,lncRNA,4,3670,0.109,4,16,False,BELOW_DETECTION_THRESHOLD,Detected in < 1% of stromal cells or < 2 donors
LINC02772,ENSG00000271736,lncRNA,4,3670,0.109,3,16,False,BELOW_DETECTION_THRESHOLD,Detected in < 1% of stromal cells or < 2 donors
LINC02324,ENSG00000255002,lncRNA,4,3670,0.109,4,16,False,BELOW_DETECTION_THRESHOLD,Detected in < 1% of stromal cells or < 2 donors
LINC02301,ENSG00000258743,lncRNA,4,3670,0.109,4,16,False,BELOW_DETECTION_THRESHOLD,Detected in < 1% of stromal cells or < 2 donors
LINC02366,ENSG00000256888,lncRNA,4,3670,0.109,2,16,False,BELOW_DETECTION_THRESHOLD,Detected in < 1% of stromal cells or < 2 donors
LINC01342,ENSG00000223823,lncRNA,4,3670,0.109,2,16,False,BELOW_DETECTION_THRESHOLD,Detected in < 1% of stromal cells or < 2 donors
PRDM16-DT,ENSG00000177133,lncRNA,4,3670,0.109,4,16,False,BELOW_DETECTION_THRESHOLD,Detected in < 1% of stromal cells or < 2 donors
FAM138B,ENSG00000226516,lncRNA,4,3670,0.109,4,16,False,BELOW_DETECTION_THRESHOLD,Detected in < 1% of stromal cells or < 2 donors
NAV2-IT1,ENSG00000255270,lncRNA,4,3670,0.109,2,16,False,BELOW_DETECTION_THRESHOLD,Detected in < 1% of stromal cells or < 2 donors
CLLU1,ENSG00000257127,lncRNA,4,3670,0.109,2,16,False,BELOW_DETECTION_THRESHOLD,Detected in < 1% of stromal cells or < 2 donors
LINC01235,ENSG00000270547,lncRNA,4,3670,0.109,3,16,False,BELOW_DETECTION_THRESHOLD,Detected in < 1% of stromal cells or < 2 donors
LINC00365,ENSG00000224511,lncRNA,4,3670,0.109,3,16,False,BELOW_DETECTION_THRESHOLD,Detected in < 1% of stromal cells or < 2 donors
FAM245A,ENSG00000228055,lncRNA,4,3670,0.109,3,16,False,BELOW_DETECTION_THRESHOLD,Detected in < 1% of stromal cells or < 2 donors
ELOVL2-AS1,ENSG00000230314,lncRNA,4,3670,0.109,4,16,False,BELOW_DETECTION_THRESHOLD,Detected in < 1% of stromal cells or < 2 donors
TMEM246-AS1,ENSG00000225376,lncRNA,4,3670,0.109,3,16,False,BELOW_DETECTION_THRESHOLD,Detected in < 1% of stromal cells or < 2 donors
FIRRE,ENSG00000213468,lncRNA,4,3670,0.109,4,16,False,BELOW_DETECTION_THRESHOLD,Detected in < 1% of stromal cells or < 2 donors
F11-AS1,ENSG00000251165,lncRNA,4,3670,0.109,2,16,False,BELOW_DETECTION_THRESHOLD,Detected in < 1% of stromal cells or < 2 donors
LINC01920,ENSG00000236049,lncRNA,4,3670,0.109,2,16,False,BELOW_DETECTION_THRESHOLD,Detected in < 1% of stromal cells or < 2 donors
LINC01693,ENSG00000227764,lncRNA,4,3670,0.109,2,16,False,BELOW_DETECTION_THRESHOLD,Detected in < 1% of stromal cells or < 2 donors
LINC02132,ENSG00000268804,lncRNA,4,3670,0.109,4,16,False,BELOW_DETECTION_THRESHOLD,Detected in < 1% of stromal cells or < 2 donors
LINC02669,ENSG00000233321,lncRNA,4,3670,0.109,3,16,False,BELOW_DETECTION_THRESHOLD,Detected in < 1% of stromal cells or < 2 donors
LINC02568,ENSG00000259459,lncRNA,4,3670,0.109,3,16,False,BELOW_DETECTION_THRESHOLD,Detected in < 1% of stromal cells or < 2 donors
LINC00462,ENSG00000233610,lncRNA,4,3670,0.109,3,16,False,BELOW_DETECTION_THRESHOLD,Detected in < 1% of stromal cells or < 2 donors
STARD13-IT1,ENSG00000230300,lncRNA,4,3670,0.109,4,16,False,BELOW_DETECTION_THRESHOLD,Detected in < 1% of stromal cells or < 2 donors
TTC21B-AS1,ENSG00000224490,lncRNA,4,3670,0.109,3,16,False,BELOW_DETECTION_THRESHOLD,Detected in < 1% of stromal cells or < 2 donors
LINC00378,ENSG00000225249,lncRNA,4,3670,0.109,4,16,False,BELOW_DETECTION_THRESHOLD,Detected in < 1% of stromal cells or < 2 donors
LINC02156,ENSG00000257906,lncRNA,4,3670,0.109,4,16,False,BELOW_DETECTION_THRESHOLD,Detected in < 1% of stromal cells or < 2 donors
LINC02102,ENSG00000248677,lncRNA,4,3670,0.109,3,16,False,BELOW_DETECTION_THRESHOLD,Detected in < 1% of stromal cells or < 2 donors
RHOXF1-AS1,ENSG00000258545,lncRNA,4,3670,0.109,3,16,False,BELOW_DETECTION_THRESHOLD,Detected in < 1% of stromal cells or < 2 donors
PRR29-AS1,ENSG00000264954,lncRNA,4,3670,0.109,2,16,False,BELOW_DETECTION_THRESHOLD,Detected in < 1% of stromal cells or < 2 donors
LINC02612,ENSG00000224048,lncRNA,4,3670,0.109,4,16,False,BELOW_DETECTION_THRESHOLD,Detected in < 1% of stromal cells or < 2 donors
LINC00570,ENSG00000224177,lncRNA,4,3670,0.109,3,16,False,BELOW_DETECTION_THRESHOLD,Detected in < 1% of stromal cells or < 2 donors
HOXC-AS3,ENSG00000251151,lncRNA,4,3670,0.109,2,16,False,BELOW_DETECTION_THRESHOLD,Detected in < 1% of stromal cells or < 2 donors
CELF2-AS1,ENSG00000181800,lncRNA,4,3670,0.109,3,16,False,BELOW_DETECTION_THRESHOLD,Detected in < 1% of stromal cells or < 2 donors
LINC02544,ENSG00000261039,lncRNA,4,3670,0.109,2,16,False,BELOW_DETECTION_THRESHOLD,Detected in < 1% of stromal cells or < 2 donors
LINC02701,ENSG00000250508,lncRNA,4,3670,0.109,3,16,False,BELOW_DETECTION_THRESHOLD,Detected in < 1% of stromal cells or < 2 donors
LINC02690,ENSG00000255226,lncRNA,4,3670,0.109,1,16,False,BELOW_DETECTION_THRESHOLD,Detected in < 1% of stromal cells or < 2 donors
LINC01348,ENSG00000280587,lncRNA,4,3670,0.109,4,16,False,BELOW_DETECTION_THRESHOLD,Detected in < 1% of stromal cells or < 2 donors
FILNC1,ENSG00000231426,lncRNA,4,3670,0.109,4,16,False,BELOW_DETECTION_THRESHOLD,Detected in < 1% of stromal cells or < 2 donors
LINC01614,ENSG00000230838,lncRNA,4,3670,0.109,3,16,False,BELOW_DETECTION_THRESHOLD,Detected in < 1% of stromal cells or < 2 donors
OSTN-AS1,ENSG00000233308,lncRNA,4,3670,0.109,3,16,False,BELOW_DETECTION_THRESHOLD,Detected in < 1% of stromal cells or < 2 donors
P3H2-AS1,ENSG00000225764,lncRNA,4,3670,0.109,2,16,False,BELOW_DETECTION_THRESHOLD,Detected in < 1% of stromal cells or < 2 donors
LINC00461,ENSG00000245526,lncRNA,4,3670,0.109,4,16,False,BELOW_DETECTION_THRESHOLD,Detected in < 1% of stromal cells or < 2 donors
UFL1-AS1,ENSG00000233797,lncRNA,4,3670,0.109,2,16,False,BELOW_DETECTION_THRESHOLD,Detected in < 1% of stromal cells or < 2 donors
LINC01374,ENSG00000280560,lncRNA,4,3670,0.109,2,16,False,BELOW_DETECTION_THRESHOLD,Detected in < 1% of stromal cells or < 2 donors
ZNF25-DT,ENSG00000226447,lncRNA,4,3670,0.109,3,16,False,BELOW_DETECTION_THRESHOLD,Detected in < 1% of stromal cells or < 2 donors
CECR3,ENSG00000241832,lncRNA,4,3670,0.109,4,16,False,BELOW_DETECTION_THRESHOLD,Detected in < 1% of stromal cells or < 2 donors
RPS6KB2-AS1,ENSG00000255949,lncRNA,4,3670,0.109,3,16,False,BELOW_DETECTION_THRESHOLD,Detected in < 1% of stromal cells or < 2 donors
LEMD1-AS1,ENSG00000226235,lncRNA,4,3670,0.109,4,16,False,BELOW_DETECTION_THRESHOLD,Detected in < 1% of stromal cells or < 2 donors
MIR202HG,ENSG00000166917,lncRNA,4,3670,0.109,4,16,False,BELOW_DETECTION_THRESHOLD,Detected in < 1% of stromal cells or < 2 donors
LINC02641,ENSG00000230131,lncRNA,4,3670,0.109,1,16,False,BELOW_DETECTION_THRESHOLD,Detected in < 1% of stromal cells or < 2 donors
ADGRD1-AS1,ENSG00000256151,lncRNA,4,3670,0.109,2,16,False,BELOW_DETECTION_THRESHOLD,Detected in < 1% of stromal cells or < 2 donors
LINC02145,ENSG00000250490,lncRNA,4,3670,0.109,3,16,False,BELOW_DETECTION_THRESHOLD,Detected in < 1% of stromal cells or < 2 donors
LINC02129,ENSG00000261045,lncRNA,4,3670,0.109,1,16,False,BELOW_DETECTION_THRESHOLD,Detected in < 1% of stromal cells or < 2 donors
CNNM3-DT,ENSG00000273265,lncRNA,4,3670,0.109,2,16,False,BELOW_DETECTION_THRESHOLD,Detected in < 1% of stromal cells or < 2 donors
LINC01888,ENSG00000237576,lncRNA,4,3670,0.109,3,16,False,BELOW_DETECTION_THRESHOLD,Detected in < 1% of stromal cells or < 2 donors
LINC01231,ENSG00000236511,lncRNA,4,3670,0.109,4,16,False,BELOW_DETECTION_THRESHOLD,Detected in < 1% of stromal cells or < 2 donors
LINC02177,ENSG00000261617,lncRNA,4,3670,0.109,3,16,False,BELOW_DETECTION_THRESHOLD,Detected in < 1% of stromal cells or < 2 donors
BCAR4,ENSG00000262117,lncRNA,4,3670,0.109,4,16,False,BELOW_DETECTION_THRESHOLD,Detected in < 1% of stromal cells or < 2 donors
LEMD1-DT,ENSG00000224717,lncRNA,4,3670,0.109,3,16,False,BELOW_DETECTION_THRESHOLD,Detected in < 1% of stromal cells or < 2 donors
MIS18A-AS1,ENSG00000227256,lncRNA,4,3670,0.109,3,16,False,BELOW_DETECTION_THRESHOLD,Detected in < 1% of stromal cells or < 2 donors
LINC01338,ENSG00000281327,lncRNA,4,3670,0.109,2,16,False,BELOW_DETECTION_THRESHOLD,Detected in < 1% of stromal cells or < 2 donors
GRK5-IT1,ENSG00000228485,lncRNA,4,3670,0.109,3,16,False,BELOW_DETECTION_THRESHOLD,Detected in < 1% of stromal cells or < 2 donors
LINC01630,ENSG00000227115,lncRNA,4,3670,0.109,2,16,False,BELOW_DETECTION_THRESHOLD,Detected in < 1% of stromal cells or < 2 donors
LINC01109,ENSG00000271167,lncRNA,4,3670,0.109,2,16,False,BELOW_DETECTION_THRESHOLD,Detected in < 1% of stromal cells or < 2 donors
CASC9,ENSG00000249395,lncRNA,4,3670,0.109,3,16,False,BELOW_DETECTION_THRESHOLD,Detected in < 1% of stromal cells or < 2 donors
TCF4-AS2,ENSG00000267402,lncRNA,4,3670,0.109,3,16,False,BELOW_DETECTION_THRESHOLD,Detected in < 1% of stromal cells or < 2 donors
LINC02033,ENSG00000279727,lncRNA,4,3670,0.109,3,16,False,BELOW_DETECTION_THRESHOLD,Detected in < 1% of stromal cells or < 2 donors
LINC00159,ENSG00000230323,lncRNA,4,3670,0.109,3,16,False,BELOW_DETECTION_THRESHOLD,Detected in < 1% of stromal cells or < 2 donors
OVAAL,ENSG00000236719,lncRNA,4,3670,0.109,2,16,False,BELOW_DETECTION_THRESHOLD,Detected in < 1% of stromal cells or < 2 donors
LINC00642,ENSG00000233208,lncRNA,4,3670,0.109,3,16,False,BELOW_DETECTION_THRESHOLD,Detected in < 1% of stromal cells or < 2 donors
MIR2052HG,ENSG00000254349,lncRNA,4,3670,0.109,4,16,False,BELOW_DETECTION_THRESHOLD,Detected in < 1% of stromal cells or < 2 donors
CHL1-AS2,ENSG00000224318,lncRNA,4,3670,0.109,3,16,False,BELOW_DETECTION_THRESHOLD,Detected in < 1% of stromal cells or < 2 donors
LINC01602,ENSG00000205293,lncRNA,4,3670,0.109,3,16,False,BELOW_DETECTION_THRESHOLD,Detected in < 1% of stromal cells or < 2 donors
KLHL30-AS1,ENSG00000279484,TEC,4,3670,0.109,1,16,False,BELOW_DETECTION_THRESHOLD,Detected in < 1% of stromal cells or < 2 donors
C11orf72,ENSG00000184224,lncRNA,4,3670,0.109,2,16,False,BELOW_DETECTION_THRESHOLD,Detected in < 1% of stromal cells or < 2 donors
LINC02006,ENSG00000238755,lncRNA,4,3670,0.109,2,16,False,BELOW_DETECTION_THRESHOLD,Detected in < 1% of stromal cells or < 2 donors
C6orf47-AS1,ENSG00000227198,lncRNA,4,3670,0.109,3,16,False,BELOW_DETECTION_THRESHOLD,Detected in < 1% of stromal cells or < 2 donors
SCAT2,ENSG00000257596,lncRNA,3,3670,0.082,3,16,False,BELOW_DETECTION_THRESHOLD,Detected in < 1% of stromal cells or < 2 donors
C12orf77,ENSG00000226397,lncRNA,3,3670,0.082,2,16,False,BELOW_DETECTION_THRESHOLD,Detected in < 1% of stromal cells or < 2 donors
LINC02135,ENSG00000268532,lncRNA,3,3670,0.082,3,16,False,BELOW_DETECTION_THRESHOLD,Detected in < 1% of stromal cells or < 2 donors
LINC01812,ENSG00000237013,lncRNA,3,3670,0.082,1,16,False,BELOW_DETECTION_THRESHOLD,Detected in < 1% of stromal cells or < 2 donors
LINC02640,ENSG00000233590,lncRNA,3,3670,0.082,2,16,False,BELOW_DETECTION_THRESHOLD,Detected in < 1% of stromal cells or < 2 donors
GDNF-AS1,ENSG00000248587,lncRNA,3,3670,0.082,3,16,False,BELOW_DETECTION_THRESHOLD,Detected in < 1% of stromal cells or < 2 donors
LINC01899,ENSG00000265352,lncRNA,3,3670,0.082,3,16,False,BELOW_DETECTION_THRESHOLD,Detected in < 1% of stromal cells or < 2 donors
MAGI1-AS1,ENSG00000240175,lncRNA,3,3670,0.082,2,16,False,BELOW_DETECTION_THRESHOLD,Detected in < 1% of stromal cells or < 2 donors
LINC01771,ENSG00000225675,lncRNA,3,3670,0.082,3,16,False,BELOW_DETECTION_THRESHOLD,Detected in < 1% of stromal cells or < 2 donors
WWOX-AS1,ENSG00000260969,lncRNA,3,3670,0.082,2,16,False,BELOW_DETECTION_THRESHOLD,Detected in < 1% of stromal cells or < 2 donors
MYCNOS,ENSG00000233718,lncRNA,3,3670,0.082,3,16,False,BELOW_DETECTION_THRESHOLD,Detected in < 1% of stromal cells or < 2 donors
LINC02227,ENSG00000276778,lncRNA,3,3670,0.082,2,16,False,BELOW_DETECTION_THRESHOLD,Detected in < 1% of stromal cells or < 2 donors
LINC02753,ENSG00000248844,lncRNA,3,3670,0.082,3,16,False,BELOW_DETECTION_THRESHOLD,Detected in < 1% of stromal cells or < 2 donors
LINC00486,ENSG00000230876,lncRNA,3,3670,0.082,2,16,False,BELOW_DETECTION_THRESHOLD,Detected in < 1% of stromal cells or < 2 donors
ARHGEF7-AS2,ENSG00000235875,lncRNA,3,3670,0.082,3,16,False,BELOW_DETECTION_THRESHOLD,Detected in < 1% of stromal cells or < 2 donors
LINC01526,ENSG00000224995,lncRNA,3,3670,0.082,2,16,False,BELOW_DETECTION_THRESHOLD,Detected in < 1% of stromal cells or < 2 donors
LINC01611,ENSG00000231776,lncRNA,3,3670,0.082,3,16,False,BELOW_DETECTION_THRESHOLD,Detected in < 1% of stromal cells or < 2 donors
TDRG1,ENSG00000204091,lncRNA,3,3670,0.082,2,16,False,BELOW_DETECTION_THRESHOLD,Detected in < 1% of stromal cells or < 2 donors
LINC01819,ENSG00000231826,lncRNA,3,3670,0.082,3,16,False,BELOW_DETECTION_THRESHOLD,Detected in < 1% of stromal cells or < 2 donors
LINC00942,ENSG00000249628,lncRNA,3,3670,0.082,3,16,False,BELOW_DETECTION_THRESHOLD,Detected in < 1% of stromal cells or < 2 donors
ESRG,ENSG00000265992,lncRNA,3,3670,0.082,3,16,False,BELOW_DETECTION_THRESHOLD,Detected in < 1% of stromal cells or < 2 donors
LINC00111,ENSG00000227702,lncRNA,3,3670,0.082,3,16,False,BELOW_DETECTION_THRESHOLD,Detected in < 1% of stromal cells or < 2 donors
TNFRSF10A-AS1,ENSG00000253930,lncRNA,3,3670,0.082,2,16,False,BELOW_DETECTION_THRESHOLD,Detected in < 1% of stromal cells or < 2 donors
LINC01080,ENSG00000281721,lncRNA,3,3670,0.082,3,16,False,BELOW_DETECTION_THRESHOLD,Detected in < 1% of stromal cells or < 2 donors
LINC02679,ENSG00000226676,lncRNA,3,3670,0.082,2,16,False,BELOW_DETECTION_THRESHOLD,Detected in < 1% of stromal cells or < 2 donors
LINC01608,ENSG00000253877,lncRNA,3,3670,0.082,2,16,False,BELOW_DETECTION_THRESHOLD,Detected in < 1% of stromal cells or < 2 donors
LINC01205,ENSG00000228980,lncRNA,3,3670,0.082,3,16,False,BELOW_DETECTION_THRESHOLD,Detected in < 1% of stromal cells or < 2 donors
ERI3-IT1,ENSG00000233602,lncRNA,3,3670,0.082,3,16,False,BELOW_DETECTION_THRESHOLD,Detected in < 1% of stromal cells or < 2 donors
LINC01213,ENSG00000244541,lncRNA,3,3670,0.082,1,16,False,BELOW_DETECTION_THRESHOLD,Detected in < 1% of stromal cells or < 2 donors
MYHAS,ENSG00000272975,lncRNA,3,3670,0.082,3,16,False,BELOW_DETECTION_THRESHOLD,Detected in < 1% of stromal cells or < 2 donors
DBET,ENSG00000281591,lncRNA,3,3670,0.082,1,16,False,BELOW_DETECTION_THRESHOLD,Detected in < 1% of stromal cells or < 2 donors
LINC02128,ENSG00000261241,lncRNA,3,3670,0.082,3,16,False,BELOW_DETECTION_THRESHOLD,Detected in < 1% of stromal cells or < 2 donors
ATP2C2-AS1,ENSG00000261286,lncRNA,3,3670,0.082,2,16,False,BELOW_DETECTION_THRESHOLD,Detected in < 1% of stromal cells or < 2 donors
LINC00507,ENSG00000256193,lncRNA,3,3670,0.082,3,16,False,BELOW_DETECTION_THRESHOLD,Detected in < 1% of stromal cells or < 2 donors
ITPKB-AS1,ENSG00000228548,lncRNA,3,3670,0.082,3,16,False,BELOW_DETECTION_THRESHOLD,Detected in < 1% of stromal cells or < 2 donors
TTC39A-AS1,ENSG00000261664,lncRNA,3,3670,0.082,3,16,False,BELOW_DETECTION_THRESHOLD,Detected in < 1% of stromal cells or < 2 donors
LINC01620,ENSG00000168746,lncRNA,3,3670,0.082,3,16,False,BELOW_DETECTION_THRESHOLD,Detected in < 1% of stromal cells or < 2 donors
CACTIN-AS1,ENSG00000226800,lncRNA,3,3670,0.082,2,16,False,BELOW_DETECTION_THRESHOLD,Detected in < 1% of stromal cells or < 2 donors
LINC02288,ENSG00000246548,lncRNA,3,3670,0.082,3,16,False,BELOW_DETECTION_THRESHOLD,Detected in < 1% of stromal cells or < 2 donors
LINC01640,ENSG00000231253,lncRNA,3,3670,0.082,2,16,False,BELOW_DETECTION_THRESHOLD,Detected in < 1% of stromal cells or < 2 donors
LINC01505,ENSG00000234229,lncRNA,3,3670,0.082,3,16,False,BELOW_DETECTION_THRESHOLD,Detected in < 1% of stromal cells or < 2 donors
GPR1-AS,ENSG00000279220,lncRNA,3,3670,0.082,3,16,False,BELOW_DETECTION_THRESHOLD,Detected in < 1% of stromal cells or < 2 donors
HM13-AS1,ENSG00000230613,lncRNA,3,3670,0.082,3,16,False,BELOW_DETECTION_THRESHOLD,Detected in < 1% of stromal cells or < 2 donors
FAM83C-AS1,ENSG00000235214,lncRNA,3,3670,0.082,2,16,False,BELOW_DETECTION_THRESHOLD,Detected in < 1% of stromal cells or < 2 donors
LINC00384,ENSG00000232117,lncRNA,3,3670,0.082,3,16,False,BELOW_DETECTION_THRESHOLD,Detected in < 1% of stromal cells or < 2 donors
PSPC1-AS2,ENSG00000226352,lncRNA,3,3670,0.082,3,16,False,BELOW_DETECTION_THRESHOLD,Detected in < 1% of stromal cells or < 2 donors
LINC02470,ENSG00000225231,lncRNA,3,3670,0.082,2,16,False,BELOW_DETECTION_THRESHOLD,Detected in < 1% of stromal cells or < 2 donors
MIR137HG,ENSG00000225206,lncRNA,3,3670,0.082,3,16,False,BELOW_DETECTION_THRESHOLD,Detected in < 1% of stromal cells or < 2 donors
LINC01549,ENSG00000232560,lncRNA,3,3670,0.082,2,16,False,BELOW_DETECTION_THRESHOLD,Detected in < 1% of stromal cells or < 2 donors
DANT1,ENSG00000229335,lncRNA,3,3670,0.082,3,16,False,BELOW_DETECTION_THRESHOLD,Detected in < 1% of stromal cells or < 2 donors
LINC02736,ENSG00000279243,lncRNA,3,3670,0.082,3,16,False,BELOW_DETECTION_THRESHOLD,Detected in < 1% of stromal cells or < 2 donors
LINC01122,ENSG00000233723,lncRNA,3,3670,0.082,3,16,False,BELOW_DETECTION_THRESHOLD,Detected in < 1% of stromal cells or < 2 donors
C1orf147,ENSG00000162888,lncRNA,3,3670,0.082,3,16,False,BELOW_DETECTION_THRESHOLD,Detected in < 1% of stromal cells or < 2 donors
LINC00940,ENSG00000235049,lncRNA,3,3670,0.082,3,16,False,BELOW_DETECTION_THRESHOLD,Detected in < 1% of stromal cells or < 2 donors
SCARNA9,ENSG00000254911,lncRNA,3,3670,0.082,3,16,False,BELOW_DETECTION_THRESHOLD,Detected in < 1% of stromal cells or < 2 donors
ANO1-AS1,ENSG00000254902,lncRNA,3,3670,0.082,2,16,False,BELOW_DETECTION_THRESHOLD,Detected in < 1% of stromal cells or < 2 donors
LINC02552,ENSG00000256422,lncRNA,3,3670,0.082,3,16,False,BELOW_DETECTION_THRESHOLD,Detected in < 1% of stromal cells or < 2 donors
LINC01783,ENSG00000233421,lncRNA,3,3670,0.082,2,16,False,BELOW_DETECTION_THRESHOLD,Detected in < 1% of stromal cells or < 2 donors
UBE2R2-AS1,ENSG00000235481,lncRNA,3,3670,0.082,1,16,False,BELOW_DETECTION_THRESHOLD,Detected in < 1% of stromal cells or < 2 donors
PAPPA-AS2,ENSG00000226604,lncRNA,3,3670,0.082,1,16,False,BELOW_DETECTION_THRESHOLD,Detected in < 1% of stromal cells or < 2 donors
BSN-DT,ENSG00000226913,lncRNA,3,3670,0.082,3,16,False,BELOW_DETECTION_THRESHOLD,Detected in < 1% of stromal cells or < 2 donors
LINC01999,ENSG00000267772,lncRNA,3,3670,0.082,3,16,False,BELOW_DETECTION_THRESHOLD,Detected in < 1% of stromal cells or < 2 donors
LINC02078,ENSG00000267719,lncRNA,3,3670,0.082,3,16,False,BELOW_DETECTION_THRESHOLD,Detected in < 1% of stromal cells or < 2 donors
VIPR1-AS1,ENSG00000232354,lncRNA,3,3670,0.082,2,16,False,BELOW_DETECTION_THRESHOLD,Detected in < 1% of stromal cells or < 2 donors
LINC02071,ENSG00000249383,lncRNA,3,3670,0.082,3,16,False,BELOW_DETECTION_THRESHOLD,Detected in < 1% of stromal cells or < 2 donors
LINC00996,ENSG00000242258,lncRNA,3,3670,0.082,3,16,False,BELOW_DETECTION_THRESHOLD,Detected in < 1% of stromal cells or < 2 donors
LINC02371,ENSG00000274659,lncRNA,3,3670,0.082,2,16,False,BELOW_DETECTION_THRESHOLD,Detected in < 1% of stromal cells or < 2 donors
MAP3K20-AS1,ENSG00000238133,lncRNA,3,3670,0.082,3,16,False,BELOW_DETECTION_THRESHOLD,Detected in < 1% of stromal cells or < 2 donors
HNF1A-AS1,ENSG00000241388,lncRNA,3,3670,0.082,2,16,False,BELOW_DETECTION_THRESHOLD,Detected in < 1% of stromal cells or < 2 donors
MYLK-AS2,ENSG00000250174,lncRNA,3,3670,0.082,3,16,False,BELOW_DETECTION_THRESHOLD,Detected in < 1% of stromal cells or < 2 donors
LINC02723,ENSG00000231680,lncRNA,3,3670,0.082,3,16,False,BELOW_DETECTION_THRESHOLD,Detected in < 1% of stromal cells or < 2 donors
DPP9-AS1,ENSG00000205790,lncRNA,3,3670,0.082,1,16,False,BELOW_DETECTION_THRESHOLD,Detected in < 1% of stromal cells or < 2 donors
LINC01124,ENSG00000222033,lncRNA,3,3670,0.082,2,16,False,BELOW_DETECTION_THRESHOLD,Detected in < 1% of stromal cells or < 2 donors
STEAP3-AS1,ENSG00000229867,lncRNA,3,3670,0.082,1,16,False,BELOW_DETECTION_THRESHOLD,Detected in < 1% of stromal cells or < 2 donors
SRGAP2-AS1,ENSG00000230806,lncRNA,3,3670,0.082,2,16,False,BELOW_DETECTION_THRESHOLD,Detected in < 1% of stromal cells or < 2 donors
LINC02315,ENSG00000251363,lncRNA,3,3670,0.082,2,16,False,BELOW_DETECTION_THRESHOLD,Detected in < 1% of stromal cells or < 2 donors
LINC02438,ENSG00000248238,lncRNA,3,3670,0.082,1,16,False,BELOW_DETECTION_THRESHOLD,Detected in < 1% of stromal cells or < 2 donors
DISC1FP1,ENSG00000261645,lncRNA,3,3670,0.082,1,16,False,BELOW_DETECTION_THRESHOLD,Detected in < 1% of stromal cells or < 2 donors
MIR4300HG,ENSG00000245832,lncRNA,3,3670,0.082,2,16,False,BELOW_DETECTION_THRESHOLD,Detected in < 1% of stromal cells or < 2 donors
LINC01989,ENSG00000261156,lncRNA,3,3670,0.082,2,16,False,BELOW_DETECTION_THRESHOLD,Detected in < 1% of stromal cells or < 2 donors
LINC02755,ENSG00000254530,lncRNA,3,3670,0.082,1,16,False,BELOW_DETECTION_THRESHOLD,Detected in < 1% of stromal cells or < 2 donors
LINC01446,ENSG00000205628,lncRNA,3,3670,0.082,3,16,False,BELOW_DETECTION_THRESHOLD,Detected in < 1% of stromal cells or < 2 donors
LINC02516,ENSG00000261083,lncRNA,3,3670,0.082,1,16,False,BELOW_DETECTION_THRESHOLD,Detected in < 1% of stromal cells or < 2 donors
CCR5AS,ENSG00000223552,lncRNA,3,3670,0.082,3,16,False,BELOW_DETECTION_THRESHOLD,Detected in < 1% of stromal cells or < 2 donors
LINC02405,ENSG00000249345,lncRNA,3,3670,0.082,3,16,False,BELOW_DETECTION_THRESHOLD,Detected in < 1% of stromal cells or < 2 donors
FBXO3-DT,ENSG00000254508,lncRNA,3,3670,0.082,3,16,False,BELOW_DETECTION_THRESHOLD,Detected in < 1% of stromal cells or < 2 donors
LINC00501,ENSG00000203645,lncRNA,3,3670,0.082,2,16,False,BELOW_DETECTION_THRESHOLD,Detected in < 1% of stromal cells or < 2 donors
CASK-AS1,ENSG00000233033,lncRNA,3,3670,0.082,2,16,False,BELOW_DETECTION_THRESHOLD,Detected in < 1% of stromal cells or < 2 donors
LINC00547,ENSG00000275226,lncRNA,3,3670,0.082,1,16,False,BELOW_DETECTION_THRESHOLD,Detected in < 1% of stromal cells or < 2 donors
LINC00652,ENSG00000179935,lncRNA,3,3670,0.082,3,16,False,BELOW_DETECTION_THRESHOLD,Detected in < 1% of stromal cells or < 2 donors
NCBP2-AS1,ENSG00000225578,lncRNA,3,3670,0.082,3,16,False,BELOW_DETECTION_THRESHOLD,Detected in < 1% of stromal cells or < 2 donors
LINC00563,ENSG00000261097,lncRNA,3,3670,0.082,3,16,False,BELOW_DETECTION_THRESHOLD,Detected in < 1% of stromal cells or < 2 donors
LINC02259,ENSG00000259783,lncRNA,3,3670,0.082,2,16,False,BELOW_DETECTION_THRESHOLD,Detected in < 1% of stromal cells or < 2 donors
MDS2,ENSG00000197880,lncRNA,3,3670,0.082,3,16,False,BELOW_DETECTION_THRESHOLD,Detected in < 1% of stromal cells or < 2 donors
SNHG28,ENSG00000188004,lncRNA,3,3670,0.082,2,16,False,BELOW_DETECTION_THRESHOLD,Detected in < 1% of stromal cells or < 2 donors
LINC01363,ENSG00000231605,lncRNA,3,3670,0.082,1,16,False,BELOW_DETECTION_THRESHOLD,Detected in < 1% of stromal cells or < 2 donors
LINC01823,ENSG00000224655,lncRNA,3,3670,0.082,2,16,False,BELOW_DETECTION_THRESHOLD,Detected in < 1% of stromal cells or < 2 donors
BARX1-DT,ENSG00000235601,lncRNA,3,3670,0.082,3,16,False,BELOW_DETECTION_THRESHOLD,Detected in < 1% of stromal cells or < 2 donors
LINC00355,ENSG00000227674,lncRNA,3,3670,0.082,2,16,False,BELOW_DETECTION_THRESHOLD,Detected in < 1% of stromal cells or < 2 donors
LINC00309,ENSG00000230923,lncRNA,3,3670,0.082,3,16,False,BELOW_DETECTION_THRESHOLD,Detected in < 1% of stromal cells or < 2 donors
MIR5689HG,ENSG00000229401,lncRNA,3,3670,0.082,3,16,False,BELOW_DETECTION_THRESHOLD,Detected in < 1% of stromal cells or < 2 donors
LINC00518,ENSG00000183674,lncRNA,3,3670,0.082,2,16,False,BELOW_DETECTION_THRESHOLD,Detected in < 1% of stromal cells or < 2 donors
SMIM10L2B-AS1,ENSG00000228372,lncRNA,3,3670,0.082,2,16,False,BELOW_DETECTION_THRESHOLD,Detected in < 1% of stromal cells or < 2 donors
LINC02159,ENSG00000253417,lncRNA,3,3670,0.082,3,16,False,BELOW_DETECTION_THRESHOLD,Detected in < 1% of stromal cells or < 2 donors
LINC01664,ENSG00000235478,lncRNA,3,3670,0.082,3,16,False,BELOW_DETECTION_THRESHOLD,Detected in < 1% of stromal cells or < 2 donors
TRIM31-AS1,ENSG00000231226,lncRNA,3,3670,0.082,2,16,False,BELOW_DETECTION_THRESHOLD,Detected in < 1% of stromal cells or < 2 donors
SPATA42,ENSG00000203897,lncRNA,3,3670,0.082,2,16,False,BELOW_DETECTION_THRESHOLD,Detected in < 1% of stromal cells or < 2 donors
LINC02126,ENSG00000259847,lncRNA,3,3670,0.082,1,16,False,BELOW_DETECTION_THRESHOLD,Detected in < 1% of stromal cells or < 2 donors
LINC00114,ENSG00000223806,lncRNA,3,3670,0.082,3,16,False,BELOW_DETECTION_THRESHOLD,Detected in < 1% of stromal cells or < 2 donors
EHD4-AS1,ENSG00000259883,lncRNA,3,3670,0.082,1,16,False,BELOW_DETECTION_THRESHOLD,Detected in < 1% of stromal cells or < 2 donors
LINC01623,ENSG00000225595,lncRNA,3,3670,0.082,3,16,False,BELOW_DETECTION_THRESHOLD,Detected in < 1% of stromal cells or < 2 donors
GATA3-AS1,ENSG00000197308,lncRNA,3,3670,0.082,3,16,False,BELOW_DETECTION_THRESHOLD,Detected in < 1% of stromal cells or < 2 donors
LINC02289,ENSG00000258819,lncRNA,3,3670,0.082,2,16,False,BELOW_DETECTION_THRESHOLD,Detected in < 1% of stromal cells or < 2 donors
LINC02823,ENSG00000258100,lncRNA,3,3670,0.082,2,16,False,BELOW_DETECTION_THRESHOLD,Detected in < 1% of stromal cells or < 2 donors
LINC02048,ENSG00000228271,lncRNA,3,3670,0.082,1,16,False,BELOW_DETECTION_THRESHOLD,Detected in < 1% of stromal cells or < 2 donors
DBH-AS1,ENSG00000225756,lncRNA,3,3670,0.082,3,16,False,BELOW_DETECTION_THRESHOLD,Detected in < 1% of stromal cells or < 2 donors
EZR-AS1,ENSG00000233893,lncRNA,3,3670,0.082,2,16,False,BELOW_DETECTION_THRESHOLD,Detected in < 1% of stromal cells or < 2 donors
LINC01968,ENSG00000237222,lncRNA,3,3670,0.082,2,16,False,BELOW_DETECTION_THRESHOLD,Detected in < 1% of stromal cells or < 2 donors
LINC01524,ENSG00000234948,lncRNA,3,3670,0.082,2,16,False,BELOW_DETECTION_THRESHOLD,Detected in < 1% of stromal cells or < 2 donors
GOLGA8M,ENSG00000261480,lncRNA,3,3670,0.082,3,16,False,BELOW_DETECTION_THRESHOLD,Detected in < 1% of stromal cells or < 2 donors
NRIR,ENSG00000225964,lncRNA,3,3670,0.082,3,16,False,BELOW_DETECTION_THRESHOLD,Detected in < 1% of stromal cells or < 2 donors
LINC01237,ENSG00000233806,lncRNA,3,3670,0.082,2,16,False,BELOW_DETECTION_THRESHOLD,Detected in < 1% of stromal cells or < 2 donors
TIMM23B-AGAP6,ENSG00000178440,lncRNA,3,3670,0.082,3,16,False,BELOW_DETECTION_THRESHOLD,Detected in < 1% of stromal cells or < 2 donors
EDNRB-AS1,ENSG00000225579,lncRNA,3,3670,0.082,3,16,False,BELOW_DETECTION_THRESHOLD,Detected in < 1% of stromal cells or < 2 donors
HCG21,ENSG00000233529,lncRNA,3,3670,0.082,1,16,False,BELOW_DETECTION_THRESHOLD,Detected in < 1% of stromal cells or < 2 donors
MIR302CHG,ENSG00000249532,lncRNA,3,3670,0.082,2,16,False,BELOW_DETECTION_THRESHOLD,Detected in < 1% of stromal cells or < 2 donors
LINC02197,ENSG00000250387,lncRNA,3,3670,0.082,3,16,False,BELOW_DETECTION_THRESHOLD,Detected in < 1% of stromal cells or < 2 donors
FAM66A,ENSG00000227888,lncRNA,3,3670,0.082,2,16,False,BELOW_DETECTION_THRESHOLD,Detected in < 1% of stromal cells or < 2 donors
LINC01752,ENSG00000224961,lncRNA,3,3670,0.082,3,16,False,BELOW_DETECTION_THRESHOLD,Detected in < 1% of stromal cells or < 2 donors
HIF1A-AS1,ENSG00000258777,lncRNA,3,3670,0.082,3,16,False,BELOW_DETECTION_THRESHOLD,Detected in < 1% of stromal cells or < 2 donors
LINC01141,ENSG00000236963,lncRNA,3,3670,0.082,3,16,False,BELOW_DETECTION_THRESHOLD,Detected in < 1% of stromal cells or < 2 donors
LINC01331,ENSG00000248673,lncRNA,3,3670,0.082,3,16,False,BELOW_DETECTION_THRESHOLD,Detected in < 1% of stromal cells or < 2 donors
LINC01206,ENSG00000242512,lncRNA,3,3670,0.082,2,16,False,BELOW_DETECTION_THRESHOLD,Detected in < 1% of stromal cells or < 2 donors
TMEM92-AS1,ENSG00000251179,lncRNA,3,3670,0.082,3,16,False,BELOW_DETECTION_THRESHOLD,Detected in < 1% of stromal cells or < 2 donors
PTCSC2,ENSG00000236130,lncRNA,3,3670,0.082,3,16,False,BELOW_DETECTION_THRESHOLD,Detected in < 1% of stromal cells or < 2 donors
LINC01585,ENSG00000245479,lncRNA,3,3670,0.082,2,16,False,BELOW_DETECTION_THRESHOLD,Detected in < 1% of stromal cells or < 2 donors
LINC01415,ENSG00000267325,lncRNA,3,3670,0.082,1,16,False,BELOW_DETECTION_THRESHOLD,Detected in < 1% of stromal cells or < 2 donors
C8orf34-AS1,ENSG00000248801,lncRNA,3,3670,0.082,1,16,False,BELOW_DETECTION_THRESHOLD,Detected in < 1% of stromal cells or < 2 donors
LINC01736,ENSG00000228058,lncRNA,3,3670,0.082,3,16,False,BELOW_DETECTION_THRESHOLD,Detected in < 1% of stromal cells or < 2 donors
MIR4422HG,ENSG00000231090,lncRNA,3,3670,0.082,3,16,False,BELOW_DETECTION_THRESHOLD,Detected in < 1% of stromal cells or < 2 donors
LINC00326,ENSG00000231023,lncRNA,3,3670,0.082,1,16,False,BELOW_DETECTION_THRESHOLD,Detected in < 1% of stromal cells or < 2 donors
SFTPD-AS1,ENSG00000273372,lncRNA,3,3670,0.082,2,16,False,BELOW_DETECTION_THRESHOLD,Detected in < 1% of stromal cells or < 2 donors
LINC00620,ENSG00000224514,lncRNA,3,3670,0.082,3,16,False,BELOW_DETECTION_THRESHOLD,Detected in < 1% of stromal cells or < 2 donors
LINC01929,ENSG00000267013,lncRNA,3,3670,0.082,3,16,False,BELOW_DETECTION_THRESHOLD,Detected in < 1% of stromal cells or < 2 donors
TTC39C-AS1,ENSG00000264745,lncRNA,3,3670,0.082,3,16,False,BELOW_DETECTION_THRESHOLD,Detected in < 1% of stromal cells or < 2 donors
SIDT1-AS1,ENSG00000239453,lncRNA,3,3670,0.082,3,16,False,BELOW_DETECTION_THRESHOLD,Detected in < 1% of stromal cells or < 2 donors
LINC01234,ENSG00000249550,lncRNA,3,3670,0.082,2,16,False,BELOW_DETECTION_THRESHOLD,Detected in < 1% of stromal cells or < 2 donors
FOXN3-AS2,ENSG00000259073,lncRNA,3,3670,0.082,2,16,False,BELOW_DETECTION_THRESHOLD,Detected in < 1% of stromal cells or < 2 donors
LINC01561,ENSG00000177234,lncRNA,3,3670,0.082,3,16,False,BELOW_DETECTION_THRESHOLD,Detected in < 1% of stromal cells or < 2 donors
DLGAP1-AS5,ENSG00000261520,lncRNA,3,3670,0.082,1,16,False,BELOW_DETECTION_THRESHOLD,Detected in < 1% of stromal cells or < 2 donors
MLIP-IT1,ENSG00000236996,lncRNA,3,3670,0.082,3,16,False,BELOW_DETECTION_THRESHOLD,Detected in < 1% of stromal cells or < 2 donors
LINC02217,ENSG00000248455,lncRNA,3,3670,0.082,2,16,False,BELOW_DETECTION_THRESHOLD,Detected in < 1% of stromal cells or < 2 donors
LINC02064,ENSG00000248391,lncRNA,3,3670,0.082,3,16,False,BELOW_DETECTION_THRESHOLD,Detected in < 1% of stromal cells or < 2 donors
LINC01917,ENSG00000260433,lncRNA,3,3670,0.082,2,16,False,BELOW_DETECTION_THRESHOLD,Detected in < 1% of stromal cells or < 2 donors
LINC00343,ENSG00000226620,lncRNA,3,3670,0.082,2,16,False,BELOW_DETECTION_THRESHOLD,Detected in < 1% of stromal cells or < 2 donors
FGF14-IT1,ENSG00000243319,lncRNA,3,3670,0.082,2,16,False,BELOW_DETECTION_THRESHOLD,Detected in < 1% of stromal cells or < 2 donors
LRRC3-DT,ENSG00000229356,lncRNA,2,3670,0.054,2,16,False,BELOW_DETECTION_THRESHOLD,Detected in < 1% of stromal cells or < 2 donors
LINC02668,ENSG00000226762,lncRNA,2,3670,0.054,2,16,False,BELOW_DETECTION_THRESHOLD,Detected in < 1% of stromal cells or < 2 donors
LINC02636,ENSG00000224222,lncRNA,2,3670,0.054,2,16,False,BELOW_DETECTION_THRESHOLD,Detected in < 1% of stromal cells or < 2 donors
LINC02666,ENSG00000283141,lncRNA,2,3670,0.054,1,16,False,BELOW_DETECTION_THRESHOLD,Detected in < 1% of stromal cells or < 2 donors
LINC00319,ENSG00000188660,lncRNA,2,3670,0.054,2,16,False,BELOW_DETECTION_THRESHOLD,Detected in < 1% of stromal cells or < 2 donors
LINC00351,ENSG00000226317,lncRNA,2,3670,0.054,2,16,False,BELOW_DETECTION_THRESHOLD,Detected in < 1% of stromal cells or < 2 donors
ALDH1L1-AS1,ENSG00000250218,lncRNA,2,3670,0.054,2,16,False,BELOW_DETECTION_THRESHOLD,Detected in < 1% of stromal cells or < 2 donors
TUSC7,ENSG00000243197,lncRNA,2,3670,0.054,1,16,False,BELOW_DETECTION_THRESHOLD,Detected in < 1% of stromal cells or < 2 donors
LINC02856,ENSG00000285594,lncRNA,2,3670,0.054,1,16,False,BELOW_DETECTION_THRESHOLD,Detected in < 1% of stromal cells or < 2 donors
LINC00971,ENSG00000242641,lncRNA,2,3670,0.054,2,16,False,BELOW_DETECTION_THRESHOLD,Detected in < 1% of stromal cells or < 2 donors
SMILR,ENSG00000255364,lncRNA,2,3670,0.054,2,16,False,BELOW_DETECTION_THRESHOLD,Detected in < 1% of stromal cells or < 2 donors
LINC02008,ENSG00000239440,lncRNA,2,3670,0.054,2,16,False,BELOW_DETECTION_THRESHOLD,Detected in < 1% of stromal cells or < 2 donors
CACNA2D3-AS1,ENSG00000243715,lncRNA,2,3670,0.054,2,16,False,BELOW_DETECTION_THRESHOLD,Detected in < 1% of stromal cells or < 2 donors
LINC01362,ENSG00000230817,lncRNA,2,3670,0.054,2,16,False,BELOW_DETECTION_THRESHOLD,Detected in < 1% of stromal cells or < 2 donors
CLCA4-AS1,ENSG00000236915,lncRNA,2,3670,0.054,2,16,False,BELOW_DETECTION_THRESHOLD,Detected in < 1% of stromal cells or < 2 donors
LINC01950,ENSG00000251027,lncRNA,2,3670,0.054,2,16,False,BELOW_DETECTION_THRESHOLD,Detected in < 1% of stromal cells or < 2 donors
LINC02201,ENSG00000251538,lncRNA,2,3670,0.054,2,16,False,BELOW_DETECTION_THRESHOLD,Detected in < 1% of stromal cells or < 2 donors
JAKMIP2-AS1,ENSG00000280780,lncRNA,2,3670,0.054,1,16,False,BELOW_DETECTION_THRESHOLD,Detected in < 1% of stromal cells or < 2 donors
LINC01666,ENSG00000279579,lncRNA,2,3670,0.054,2,16,False,BELOW_DETECTION_THRESHOLD,Detected in < 1% of stromal cells or < 2 donors
ARHGAP31-AS1,ENSG00000241155,lncRNA,2,3670,0.054,2,16,False,BELOW_DETECTION_THRESHOLD,Detected in < 1% of stromal cells or < 2 donors
LINC01606,ENSG00000253301,lncRNA,2,3670,0.054,1,16,False,BELOW_DETECTION_THRESHOLD,Detected in < 1% of stromal cells or < 2 donors
LINC01034,ENSG00000224933,lncRNA,2,3670,0.054,2,16,False,BELOW_DETECTION_THRESHOLD,Detected in < 1% of stromal cells or < 2 donors
LINC02058,ENSG00000248528,lncRNA,2,3670,0.054,2,16,False,BELOW_DETECTION_THRESHOLD,Detected in < 1% of stromal cells or < 2 donors
LINC01020,ENSG00000215231,lncRNA,2,3670,0.054,2,16,False,BELOW_DETECTION_THRESHOLD,Detected in < 1% of stromal cells or < 2 donors
LINC01202,ENSG00000280776,lncRNA,2,3670,0.054,2,16,False,BELOW_DETECTION_THRESHOLD,Detected in < 1% of stromal cells or < 2 donors
LINC00929,ENSG00000259150,lncRNA,2,3670,0.054,1,16,False,BELOW_DETECTION_THRESHOLD,Detected in < 1% of stromal cells or < 2 donors
LINC00491,ENSG00000250682,lncRNA,2,3670,0.054,2,16,False,BELOW_DETECTION_THRESHOLD,Detected in < 1% of stromal cells or < 2 donors
DPYD-AS1,ENSG00000232878,lncRNA,2,3670,0.054,2,16,False,BELOW_DETECTION_THRESHOLD,Detected in < 1% of stromal cells or < 2 donors
ZNF32-AS2,ENSG00000230565,lncRNA,2,3670,0.054,2,16,False,BELOW_DETECTION_THRESHOLD,Detected in < 1% of stromal cells or < 2 donors
LINC02617,ENSG00000256288,lncRNA,2,3670,0.054,2,16,False,BELOW_DETECTION_THRESHOLD,Detected in < 1% of stromal cells or < 2 donors
LINC02827,ENSG00000236908,lncRNA,2,3670,0.054,2,16,False,BELOW_DETECTION_THRESHOLD,Detected in < 1% of stromal cells or < 2 donors
LINC00320,ENSG00000224924,lncRNA,2,3670,0.054,1,16,False,BELOW_DETECTION_THRESHOLD,Detected in < 1% of stromal cells or < 2 donors
LINC01692,ENSG00000226983,lncRNA,2,3670,0.054,2,16,False,BELOW_DETECTION_THRESHOLD,Detected in < 1% of stromal cells or < 2 donors
LINC01673,ENSG00000234052,lncRNA,2,3670,0.054,2,16,False,BELOW_DETECTION_THRESHOLD,Detected in < 1% of stromal cells or < 2 donors
LINC01033,ENSG00000249069,lncRNA,2,3670,0.054,2,16,False,BELOW_DETECTION_THRESHOLD,Detected in < 1% of stromal cells or < 2 donors
TRIM36-IT1,ENSG00000250472,lncRNA,2,3670,0.054,2,16,False,BELOW_DETECTION_THRESHOLD,Detected in < 1% of stromal cells or < 2 donors
LINC02240,ENSG00000260192,lncRNA,2,3670,0.054,2,16,False,BELOW_DETECTION_THRESHOLD,Detected in < 1% of stromal cells or < 2 donors
LIX1-AS1,ENSG00000251513,lncRNA,2,3670,0.054,2,16,False,BELOW_DETECTION_THRESHOLD,Detected in < 1% of stromal cells or < 2 donors
BTBD9-AS1,ENSG00000226533,lncRNA,2,3670,0.054,1,16,False,BELOW_DETECTION_THRESHOLD,Detected in < 1% of stromal cells or < 2 donors
LINC00560,ENSG00000261666,lncRNA,2,3670,0.054,2,16,False,BELOW_DETECTION_THRESHOLD,Detected in < 1% of stromal cells or < 2 donors
LINC01416,ENSG00000260930,lncRNA,2,3670,0.054,2,16,False,BELOW_DETECTION_THRESHOLD,Detected in < 1% of stromal cells or < 2 donors
AQP4-AS1,ENSG00000260372,lncRNA,2,3670,0.054,2,16,False,BELOW_DETECTION_THRESHOLD,Detected in < 1% of stromal cells or < 2 donors
STAU2-AS1,ENSG00000253302,lncRNA,2,3670,0.054,2,16,False,BELOW_DETECTION_THRESHOLD,Detected in < 1% of stromal cells or < 2 donors
MIR122HG,ENSG00000267391,lncRNA,2,3670,0.054,1,16,False,BELOW_DETECTION_THRESHOLD,Detected in < 1% of stromal cells or < 2 donors
LINC02540,ENSG00000236635,lncRNA,2,3670,0.054,2,16,False,BELOW_DETECTION_THRESHOLD,Detected in < 1% of stromal cells or < 2 donors
LINC02253,ENSG00000259485,lncRNA,2,3670,0.054,1,16,False,BELOW_DETECTION_THRESHOLD,Detected in < 1% of stromal cells or < 2 donors
SCAT8,ENSG00000236345,lncRNA,2,3670,0.054,1,16,False,BELOW_DETECTION_THRESHOLD,Detected in < 1% of stromal cells or < 2 donors
LINC02857,ENSG00000230852,lncRNA,2,3670,0.054,2,16,False,BELOW_DETECTION_THRESHOLD,Detected in < 1% of stromal cells or < 2 donors
LINC02518,ENSG00000232316,lncRNA,2,3670,0.054,1,16,False,BELOW_DETECTION_THRESHOLD,Detected in < 1% of stromal cells or < 2 donors
LINC00836,ENSG00000280809,lncRNA,2,3670,0.054,2,16,False,BELOW_DETECTION_THRESHOLD,Detected in < 1% of stromal cells or < 2 donors
LINC02254,ENSG00000259664,lncRNA,2,3670,0.054,2,16,False,BELOW_DETECTION_THRESHOLD,Detected in < 1% of stromal cells or < 2 donors
ATP1B3-AS1,ENSG00000244124,lncRNA,2,3670,0.054,2,16,False,BELOW_DETECTION_THRESHOLD,Detected in < 1% of stromal cells or < 2 donors
LINC00588,ENSG00000215117,lncRNA,2,3670,0.054,2,16,False,BELOW_DETECTION_THRESHOLD,Detected in < 1% of stromal cells or < 2 donors
TUSC8,ENSG00000237361,lncRNA,2,3670,0.054,2,16,False,BELOW_DETECTION_THRESHOLD,Detected in < 1% of stromal cells or < 2 donors
LINC01967,ENSG00000235493,lncRNA,2,3670,0.054,2,16,False,BELOW_DETECTION_THRESHOLD,Detected in < 1% of stromal cells or < 2 donors
HDAC11-AS1,ENSG00000244502,lncRNA,2,3670,0.054,2,16,False,BELOW_DETECTION_THRESHOLD,Detected in < 1% of stromal cells or < 2 donors
LINC02292,ENSG00000258630,lncRNA,2,3670,0.054,1,16,False,BELOW_DETECTION_THRESHOLD,Detected in < 1% of stromal cells or < 2 donors
ST8SIA6-AS1,ENSG00000204832,lncRNA,2,3670,0.054,2,16,False,BELOW_DETECTION_THRESHOLD,Detected in < 1% of stromal cells or < 2 donors
FAM230J,ENSG00000274044,lncRNA,2,3670,0.054,1,16,False,BELOW_DETECTION_THRESHOLD,Detected in < 1% of stromal cells or < 2 donors
LINC00184,ENSG00000224939,lncRNA,2,3670,0.054,2,16,False,BELOW_DETECTION_THRESHOLD,Detected in < 1% of stromal cells or < 2 donors
PROX1-AS1,ENSG00000230461,lncRNA,2,3670,0.054,2,16,False,BELOW_DETECTION_THRESHOLD,Detected in < 1% of stromal cells or < 2 donors
LRRC52-AS1,ENSG00000237463,lncRNA,2,3670,0.054,1,16,False,BELOW_DETECTION_THRESHOLD,Detected in < 1% of stromal cells or < 2 donors
KIF26B-AS1,ENSG00000232192,lncRNA,2,3670,0.054,2,16,False,BELOW_DETECTION_THRESHOLD,Detected in < 1% of stromal cells or < 2 donors
LINC02814,ENSG00000236975,lncRNA,2,3670,0.054,1,16,False,BELOW_DETECTION_THRESHOLD,Detected in < 1% of stromal cells or < 2 donors
BCRP3,ENSG00000215481,lncRNA,2,3670,0.054,2,16,False,BELOW_DETECTION_THRESHOLD,Detected in < 1% of stromal cells or < 2 donors
CELF2-DT,ENSG00000270111,lncRNA,2,3670,0.054,2,16,False,BELOW_DETECTION_THRESHOLD,Detected in < 1% of stromal cells or < 2 donors
LINC02396,ENSG00000258135,lncRNA,2,3670,0.054,2,16,False,BELOW_DETECTION_THRESHOLD,Detected in < 1% of stromal cells or < 2 donors
LINC01527,ENSG00000224308,lncRNA,2,3670,0.054,1,16,False,BELOW_DETECTION_THRESHOLD,Detected in < 1% of stromal cells or < 2 donors
LINC02474,ENSG00000228437,lncRNA,2,3670,0.054,2,16,False,BELOW_DETECTION_THRESHOLD,Detected in < 1% of stromal cells or < 2 donors
LINC01517,ENSG00000232624,lncRNA,2,3670,0.054,2,16,False,BELOW_DETECTION_THRESHOLD,Detected in < 1% of stromal cells or < 2 donors
DISC1-IT1,ENSG00000226758,lncRNA,2,3670,0.054,2,16,False,BELOW_DETECTION_THRESHOLD,Detected in < 1% of stromal cells or < 2 donors
LINC01208,ENSG00000223715,lncRNA,2,3670,0.054,2,16,False,BELOW_DETECTION_THRESHOLD,Detected in < 1% of stromal cells or < 2 donors
LINC00564,ENSG00000260094,lncRNA,2,3670,0.054,2,16,False,BELOW_DETECTION_THRESHOLD,Detected in < 1% of stromal cells or < 2 donors
KBTBD11-OT1,ENSG00000253696,lncRNA,2,3670,0.054,2,16,False,BELOW_DETECTION_THRESHOLD,Detected in < 1% of stromal cells or < 2 donors
LINC01722,ENSG00000233048,lncRNA,2,3670,0.054,2,16,False,BELOW_DETECTION_THRESHOLD,Detected in < 1% of stromal cells or < 2 donors
C5orf64,ENSG00000178722,lncRNA,2,3670,0.054,2,16,False,BELOW_DETECTION_THRESHOLD,Detected in < 1% of stromal cells or < 2 donors
LINC02065,ENSG00000248846,lncRNA,2,3670,0.054,2,16,False,BELOW_DETECTION_THRESHOLD,Detected in < 1% of stromal cells or < 2 donors
FAM138E,ENSG00000248893,lncRNA,2,3670,0.054,1,16,False,BELOW_DETECTION_THRESHOLD,Detected in < 1% of stromal cells or < 2 donors
RMST,ENSG00000255794,lncRNA,2,3670,0.054,2,16,False,BELOW_DETECTION_THRESHOLD,Detected in < 1% of stromal cells or < 2 donors
LMF1-AS1,ENSG00000260439,lncRNA,2,3670,0.054,2,16,False,BELOW_DETECTION_THRESHOLD,Detected in < 1% of stromal cells or < 2 donors
IL21R-AS1,ENSG00000259954,lncRNA,2,3670,0.054,2,16,False,BELOW_DETECTION_THRESHOLD,Detected in < 1% of stromal cells or < 2 donors
PACRG-AS3,ENSG00000225683,lncRNA,2,3670,0.054,2,16,False,BELOW_DETECTION_THRESHOLD,Detected in < 1% of stromal cells or < 2 donors
LINC00303,ENSG00000176754,lncRNA,2,3670,0.054,2,16,False,BELOW_DETECTION_THRESHOLD,Detected in < 1% of stromal cells or < 2 donors
OVOL1-AS1,ENSG00000255120,lncRNA,2,3670,0.054,1,16,False,BELOW_DETECTION_THRESHOLD,Detected in < 1% of stromal cells or < 2 donors
LINC02053,ENSG00000241696,lncRNA,2,3670,0.054,2,16,False,BELOW_DETECTION_THRESHOLD,Detected in < 1% of stromal cells or < 2 donors
C17orf77,ENSG00000182352,lncRNA,2,3670,0.054,2,16,False,BELOW_DETECTION_THRESHOLD,Detected in < 1% of stromal cells or < 2 donors
ARSD-AS1,ENSG00000229851,lncRNA,2,3670,0.054,2,16,False,BELOW_DETECTION_THRESHOLD,Detected in < 1% of stromal cells or < 2 donors
ARHGEF9-IT1,ENSG00000231729,lncRNA,2,3670,0.054,2,16,False,BELOW_DETECTION_THRESHOLD,Detected in < 1% of stromal cells or < 2 donors
P4HA3-AS1,ENSG00000246211,lncRNA,2,3670,0.054,2,16,False,BELOW_DETECTION_THRESHOLD,Detected in < 1% of stromal cells or < 2 donors
DDR1-DT,ENSG00000237775,lncRNA,2,3670,0.054,2,16,False,BELOW_DETECTION_THRESHOLD,Detected in < 1% of stromal cells or < 2 donors
LINC00943,ENSG00000189238,lncRNA,2,3670,0.054,2,16,False,BELOW_DETECTION_THRESHOLD,Detected in < 1% of stromal cells or < 2 donors
LINC02526,ENSG00000229654,lncRNA,2,3670,0.054,2,16,False,BELOW_DETECTION_THRESHOLD,Detected in < 1% of stromal cells or < 2 donors
PCAT4,ENSG00000251321,lncRNA,2,3670,0.054,2,16,False,BELOW_DETECTION_THRESHOLD,Detected in < 1% of stromal cells or < 2 donors
LINC02816,ENSG00000225857,lncRNA,2,3670,0.054,2,16,False,BELOW_DETECTION_THRESHOLD,Detected in < 1% of stromal cells or < 2 donors
LINC01762,ENSG00000233154,lncRNA,2,3670,0.054,1,16,False,BELOW_DETECTION_THRESHOLD,Detected in < 1% of stromal cells or < 2 donors
SZT2-AS1,ENSG00000229372,lncRNA,2,3670,0.054,2,16,False,BELOW_DETECTION_THRESHOLD,Detected in < 1% of stromal cells or < 2 donors
ASH1L-IT1,ENSG00000227773,lncRNA,2,3670,0.054,2,16,False,BELOW_DETECTION_THRESHOLD,Detected in < 1% of stromal cells or < 2 donors
LINC02703,ENSG00000257067,lncRNA,2,3670,0.054,1,16,False,BELOW_DETECTION_THRESHOLD,Detected in < 1% of stromal cells or < 2 donors
FAM160A1-DT,ENSG00000251611,lncRNA,2,3670,0.054,2,16,False,BELOW_DETECTION_THRESHOLD,Detected in < 1% of stromal cells or < 2 donors
LINC02172,ENSG00000251632,lncRNA,2,3670,0.054,1,16,False,BELOW_DETECTION_THRESHOLD,Detected in < 1% of stromal cells or < 2 donors
MDC1-AS1,ENSG00000224328,lncRNA,2,3670,0.054,2,16,False,BELOW_DETECTION_THRESHOLD,Detected in < 1% of stromal cells or < 2 donors
RNF185-AS1,ENSG00000254835,lncRNA,2,3670,0.054,2,16,False,BELOW_DETECTION_THRESHOLD,Detected in < 1% of stromal cells or < 2 donors
LINC01744,ENSG00000236497,lncRNA,2,3670,0.054,2,16,False,BELOW_DETECTION_THRESHOLD,Detected in < 1% of stromal cells or < 2 donors
ITPKB-IT1,ENSG00000228382,lncRNA,2,3670,0.054,2,16,False,BELOW_DETECTION_THRESHOLD,Detected in < 1% of stromal cells or < 2 donors
MCCC1-AS1,ENSG00000243368,lncRNA,2,3670,0.054,2,16,False,BELOW_DETECTION_THRESHOLD,Detected in < 1% of stromal cells or < 2 donors
RASA2-IT1,ENSG00000250170,lncRNA,2,3670,0.054,2,16,False,BELOW_DETECTION_THRESHOLD,Detected in < 1% of stromal cells or < 2 donors
TAB3-AS2,ENSG00000235512,lncRNA,2,3670,0.054,1,16,False,BELOW_DETECTION_THRESHOLD,Detected in < 1% of stromal cells or < 2 donors
GK-IT1,ENSG00000229331,lncRNA,2,3670,0.054,2,16,False,BELOW_DETECTION_THRESHOLD,Detected in < 1% of stromal cells or < 2 donors
LINC00393,ENSG00000224853,lncRNA,2,3670,0.054,1,16,False,BELOW_DETECTION_THRESHOLD,Detected in < 1% of stromal cells or < 2 donors
LINC01754,ENSG00000224565,lncRNA,2,3670,0.054,2,16,False,BELOW_DETECTION_THRESHOLD,Detected in < 1% of stromal cells or < 2 donors
LINC02779,ENSG00000231529,lncRNA,2,3670,0.054,1,16,False,BELOW_DETECTION_THRESHOLD,Detected in < 1% of stromal cells or < 2 donors
ZNF649-AS1,ENSG00000268095,lncRNA,2,3670,0.054,2,16,False,BELOW_DETECTION_THRESHOLD,Detected in < 1% of stromal cells or < 2 donors
LINC02176,ENSG00000260340,lncRNA,2,3670,0.054,2,16,False,BELOW_DETECTION_THRESHOLD,Detected in < 1% of stromal cells or < 2 donors
LINC01227,ENSG00000260737,lncRNA,2,3670,0.054,2,16,False,BELOW_DETECTION_THRESHOLD,Detected in < 1% of stromal cells or < 2 donors
ARLNC1,ENSG00000260896,lncRNA,2,3670,0.054,2,16,False,BELOW_DETECTION_THRESHOLD,Detected in < 1% of stromal cells or < 2 donors
LINC02570,ENSG00000237923,lncRNA,2,3670,0.054,2,16,False,BELOW_DETECTION_THRESHOLD,Detected in < 1% of stromal cells or < 2 donors
LINC01146,ENSG00000258867,lncRNA,2,3670,0.054,1,16,False,BELOW_DETECTION_THRESHOLD,Detected in < 1% of stromal cells or < 2 donors
VPS13A-AS1,ENSG00000232998,lncRNA,2,3670,0.054,2,16,False,BELOW_DETECTION_THRESHOLD,Detected in < 1% of stromal cells or < 2 donors
SEC62-AS1,ENSG00000240373,lncRNA,2,3670,0.054,2,16,False,BELOW_DETECTION_THRESHOLD,Detected in < 1% of stromal cells or < 2 donors
LINC02601,ENSG00000223714,lncRNA,2,3670,0.054,1,16,False,BELOW_DETECTION_THRESHOLD,Detected in < 1% of stromal cells or < 2 donors
TMLHE-AS1,ENSG00000224533,lncRNA,2,3670,0.054,1,16,False,BELOW_DETECTION_THRESHOLD,Detected in < 1% of stromal cells or < 2 donors
LINC01522,ENSG00000237423,lncRNA,2,3670,0.054,2,16,False,BELOW_DETECTION_THRESHOLD,Detected in < 1% of stromal cells or < 2 donors
DCTN1-AS1,ENSG00000237737,lncRNA,2,3670,0.054,2,16,False,BELOW_DETECTION_THRESHOLD,Detected in < 1% of stromal cells or < 2 donors
C9orf135-DT,ENSG00000225626,lncRNA,2,3670,0.054,2,16,False,BELOW_DETECTION_THRESHOLD,Detected in < 1% of stromal cells or < 2 donors
LINC01229,ENSG00000260876,lncRNA,2,3670,0.054,2,16,False,BELOW_DETECTION_THRESHOLD,Detected in < 1% of stromal cells or < 2 donors
LINC02436,ENSG00000250754,lncRNA,2,3670,0.054,2,16,False,BELOW_DETECTION_THRESHOLD,Detected in < 1% of stromal cells or < 2 donors
LINC02477,ENSG00000249425,lncRNA,2,3670,0.054,1,16,False,BELOW_DETECTION_THRESHOLD,Detected in < 1% of stromal cells or < 2 donors
LINC00290,ENSG00000248197,lncRNA,2,3670,0.054,2,16,False,BELOW_DETECTION_THRESHOLD,Detected in < 1% of stromal cells or < 2 donors
LINC02181,ENSG00000232190,lncRNA,2,3670,0.054,2,16,False,BELOW_DETECTION_THRESHOLD,Detected in < 1% of stromal cells or < 2 donors
LINC01099,ENSG00000251504,lncRNA,2,3670,0.054,2,16,False,BELOW_DETECTION_THRESHOLD,Detected in < 1% of stromal cells or < 2 donors
LINC02712,ENSG00000273409,lncRNA,2,3670,0.054,2,16,False,BELOW_DETECTION_THRESHOLD,Detected in < 1% of stromal cells or < 2 donors
LINC01405,ENSG00000185847,lncRNA,2,3670,0.054,2,16,False,BELOW_DETECTION_THRESHOLD,Detected in < 1% of stromal cells or < 2 donors
LINC01721,ENSG00000230133,lncRNA,2,3670,0.054,2,16,False,BELOW_DETECTION_THRESHOLD,Detected in < 1% of stromal cells or < 2 donors
LINC02012,ENSG00000272989,lncRNA,2,3670,0.054,2,16,False,BELOW_DETECTION_THRESHOLD,Detected in < 1% of stromal cells or < 2 donors
LINC02026,ENSG00000214146,lncRNA,2,3670,0.054,2,16,False,BELOW_DETECTION_THRESHOLD,Detected in < 1% of stromal cells or < 2 donors
LINC01209,ENSG00000228308,lncRNA,2,3670,0.054,2,16,False,BELOW_DETECTION_THRESHOLD,Detected in < 1% of stromal cells or < 2 donors
LINC01954,ENSG00000271952,lncRNA,2,3670,0.054,2,16,False,BELOW_DETECTION_THRESHOLD,Detected in < 1% of stromal cells or < 2 donors
TRAPPC12-AS1,ENSG00000225234,lncRNA,2,3670,0.054,2,16,False,BELOW_DETECTION_THRESHOLD,Detected in < 1% of stromal cells or < 2 donors
SNTG2-AS1,ENSG00000235688,lncRNA,2,3670,0.054,1,16,False,BELOW_DETECTION_THRESHOLD,Detected in < 1% of stromal cells or < 2 donors
LINC02813,ENSG00000225334,lncRNA,2,3670,0.054,2,16,False,BELOW_DETECTION_THRESHOLD,Detected in < 1% of stromal cells or < 2 donors
LINC00628,ENSG00000280924,lncRNA,2,3670,0.054,2,16,False,BELOW_DETECTION_THRESHOLD,Detected in < 1% of stromal cells or < 2 donors
TTLL10-AS1,ENSG00000205231,lncRNA,2,3670,0.054,1,16,False,BELOW_DETECTION_THRESHOLD,Detected in < 1% of stromal cells or < 2 donors
MIR4307HG,ENSG00000257612,lncRNA,2,3670,0.054,1,16,False,BELOW_DETECTION_THRESHOLD,Detected in < 1% of stromal cells or < 2 donors
LINC02322,ENSG00000258556,lncRNA,2,3670,0.054,2,16,False,BELOW_DETECTION_THRESHOLD,Detected in < 1% of stromal cells or < 2 donors
SNHG27,ENSG00000251676,lncRNA,2,3670,0.054,2,16,False,BELOW_DETECTION_THRESHOLD,Detected in < 1% of stromal cells or < 2 donors
LINC01445,ENSG00000231427,lncRNA,2,3670,0.054,2,16,False,BELOW_DETECTION_THRESHOLD,Detected in < 1% of stromal cells or < 2 donors
LINC01185,ENSG00000228414,lncRNA,2,3670,0.054,2,16,False,BELOW_DETECTION_THRESHOLD,Detected in < 1% of stromal cells or < 2 donors
LINC01291,ENSG00000204792,lncRNA,2,3670,0.054,2,16,False,BELOW_DETECTION_THRESHOLD,Detected in < 1% of stromal cells or < 2 donors
ARMCX3-AS1,ENSG00000228275,lncRNA,2,3670,0.054,2,16,False,BELOW_DETECTION_THRESHOLD,Detected in < 1% of stromal cells or < 2 donors
MED4-AS1,ENSG00000229111,lncRNA,2,3670,0.054,2,16,False,BELOW_DETECTION_THRESHOLD,Detected in < 1% of stromal cells or < 2 donors
LINC00452,ENSG00000229373,lncRNA,2,3670,0.054,2,16,False,BELOW_DETECTION_THRESHOLD,Detected in < 1% of stromal cells or < 2 donors
LINC01991,ENSG00000224187,lncRNA,2,3670,0.054,1,16,False,BELOW_DETECTION_THRESHOLD,Detected in < 1% of stromal cells or < 2 donors
LANCL1-AS1,ENSG00000234281,lncRNA,2,3670,0.054,2,16,False,BELOW_DETECTION_THRESHOLD,Detected in < 1% of stromal cells or < 2 donors
LINC01907,ENSG00000226125,lncRNA,2,3670,0.054,2,16,False,BELOW_DETECTION_THRESHOLD,Detected in < 1% of stromal cells or < 2 donors
LINC02583,ENSG00000187600,lncRNA,2,3670,0.054,1,16,False,BELOW_DETECTION_THRESHOLD,Detected in < 1% of stromal cells or < 2 donors
LINC01918,ENSG00000226508,lncRNA,2,3670,0.054,2,16,False,BELOW_DETECTION_THRESHOLD,Detected in < 1% of stromal cells or < 2 donors
STEAP2-AS1,ENSG00000227646,lncRNA,2,3670,0.054,2,16,False,BELOW_DETECTION_THRESHOLD,Detected in < 1% of stromal cells or < 2 donors
THRA1/BTR,ENSG00000235300,lncRNA,2,3670,0.054,2,16,False,BELOW_DETECTION_THRESHOLD,Detected in < 1% of stromal cells or < 2 donors
ARAP1-AS1,ENSG00000256007,lncRNA,2,3670,0.054,1,16,False,BELOW_DETECTION_THRESHOLD,Detected in < 1% of stromal cells or < 2 donors
LINC01482,ENSG00000267659,lncRNA,2,3670,0.054,2,16,False,BELOW_DETECTION_THRESHOLD,Detected in < 1% of stromal cells or < 2 donors
LINC02501,ENSG00000249882,lncRNA,2,3670,0.054,2,16,False,BELOW_DETECTION_THRESHOLD,Detected in < 1% of stromal cells or < 2 donors
LINC02683,ENSG00000254438,lncRNA,2,3670,0.054,1,16,False,BELOW_DETECTION_THRESHOLD,Detected in < 1% of stromal cells or < 2 donors
LINC02733,ENSG00000255553,lncRNA,2,3670,0.054,2,16,False,BELOW_DETECTION_THRESHOLD,Detected in < 1% of stromal cells or < 2 donors
VWA8-AS1,ENSG00000278338,lncRNA,2,3670,0.054,2,16,False,BELOW_DETECTION_THRESHOLD,Detected in < 1% of stromal cells or < 2 donors
WWC3-AS1,ENSG00000225076,lncRNA,2,3670,0.054,2,16,False,BELOW_DETECTION_THRESHOLD,Detected in < 1% of stromal cells or < 2 donors
PTPRD-AS2,ENSG00000226717,lncRNA,2,3670,0.054,2,16,False,BELOW_DETECTION_THRESHOLD,Detected in < 1% of stromal cells or < 2 donors
LINC00028,ENSG00000233354,lncRNA,2,3670,0.054,1,16,False,BELOW_DETECTION_THRESHOLD,Detected in < 1% of stromal cells or < 2 donors
LINC01449,ENSG00000224017,lncRNA,2,3670,0.054,2,16,False,BELOW_DETECTION_THRESHOLD,Detected in < 1% of stromal cells or < 2 donors
UCHL1-AS1,ENSG00000251173,lncRNA,2,3670,0.054,2,16,False,BELOW_DETECTION_THRESHOLD,Detected in < 1% of stromal cells or < 2 donors
LINC02600,ENSG00000250986,lncRNA,2,3670,0.054,2,16,False,BELOW_DETECTION_THRESHOLD,Detected in < 1% of stromal cells or < 2 donors
NAV2-AS5,ENSG00000255043,lncRNA,2,3670,0.054,2,16,False,BELOW_DETECTION_THRESHOLD,Detected in < 1% of stromal cells or < 2 donors
FSIP2-AS1,ENSG00000231646,lncRNA,2,3670,0.054,2,16,False,BELOW_DETECTION_THRESHOLD,Detected in < 1% of stromal cells or < 2 donors
CACNA1C-AS4,ENSG00000256025,lncRNA,2,3670,0.054,2,16,False,BELOW_DETECTION_THRESHOLD,Detected in < 1% of stromal cells or < 2 donors
LINC02473,ENSG00000261121,lncRNA,2,3670,0.054,2,16,False,BELOW_DETECTION_THRESHOLD,Detected in < 1% of stromal cells or < 2 donors
LINC01979,ENSG00000262585,lncRNA,2,3670,0.054,2,16,False,BELOW_DETECTION_THRESHOLD,Detected in < 1% of stromal cells or < 2 donors
LHFPL3-AS1,ENSG00000226869,lncRNA,2,3670,0.054,1,16,False,BELOW_DETECTION_THRESHOLD,Detected in < 1% of stromal cells or < 2 donors
LINC02745,ENSG00000255300,lncRNA,2,3670,0.054,2,16,False,BELOW_DETECTION_THRESHOLD,Detected in < 1% of stromal cells or < 2 donors
ZBTB46-AS1,ENSG00000231208,lncRNA,2,3670,0.054,2,16,False,BELOW_DETECTION_THRESHOLD,Detected in < 1% of stromal cells or < 2 donors
LINC02080,ENSG00000267065,lncRNA,2,3670,0.054,2,16,False,BELOW_DETECTION_THRESHOLD,Detected in < 1% of stromal cells or < 2 donors
ZNF197-AS1,ENSG00000233509,lncRNA,2,3670,0.054,2,16,False,BELOW_DETECTION_THRESHOLD,Detected in < 1% of stromal cells or < 2 donors
PEX5L-AS1,ENSG00000243799,lncRNA,2,3670,0.054,2,16,False,BELOW_DETECTION_THRESHOLD,Detected in < 1% of stromal cells or < 2 donors
LINC00870,ENSG00000243083,lncRNA,2,3670,0.054,2,16,False,BELOW_DETECTION_THRESHOLD,Detected in < 1% of stromal cells or < 2 donors
CADM2-AS1,ENSG00000239519,lncRNA,2,3670,0.054,2,16,False,BELOW_DETECTION_THRESHOLD,Detected in < 1% of stromal cells or < 2 donors
LINC01224,ENSG00000269416,lncRNA,2,3670,0.054,2,16,False,BELOW_DETECTION_THRESHOLD,Detected in < 1% of stromal cells or < 2 donors
GPRACR,ENSG00000196979,lncRNA,2,3670,0.054,1,16,False,BELOW_DETECTION_THRESHOLD,Detected in < 1% of stromal cells or < 2 donors
MAPT-IT1,ENSG00000279685,lncRNA,2,3670,0.054,2,16,False,BELOW_DETECTION_THRESHOLD,Detected in < 1% of stromal cells or < 2 donors
ROCR,ENSG00000228639,lncRNA,2,3670,0.054,2,16,False,BELOW_DETECTION_THRESHOLD,Detected in < 1% of stromal cells or < 2 donors
GLYCTK-AS1,ENSG00000242797,lncRNA,2,3670,0.054,1,16,False,BELOW_DETECTION_THRESHOLD,Detected in < 1% of stromal cells or < 2 donors
BSN-AS1,ENSG00000235120,lncRNA,2,3670,0.054,2,16,False,BELOW_DETECTION_THRESHOLD,Detected in < 1% of stromal cells or < 2 donors
LINC01413,ENSG00000260172,lncRNA,2,3670,0.054,2,16,False,BELOW_DETECTION_THRESHOLD,Detected in < 1% of stromal cells or < 2 donors
INO80-AS1,ENSG00000259521,lncRNA,2,3670,0.054,2,16,False,BELOW_DETECTION_THRESHOLD,Detected in < 1% of stromal cells or < 2 donors
LINC02800,ENSG00000230023,lncRNA,2,3670,0.054,1,16,False,BELOW_DETECTION_THRESHOLD,Detected in < 1% of stromal cells or < 2 donors
LINC02811,ENSG00000284678,lncRNA,2,3670,0.054,2,16,False,BELOW_DETECTION_THRESHOLD,Detected in < 1% of stromal cells or < 2 donors
MIR3659HG,ENSG00000224592,lncRNA,2,3670,0.054,2,16,False,BELOW_DETECTION_THRESHOLD,Detected in < 1% of stromal cells or < 2 donors
LINC01763,ENSG00000225446,lncRNA,2,3670,0.054,2,16,False,BELOW_DETECTION_THRESHOLD,Detected in < 1% of stromal cells or < 2 donors
ZNF346-IT1,ENSG00000251666,lncRNA,2,3670,0.054,1,16,False,BELOW_DETECTION_THRESHOLD,Detected in < 1% of stromal cells or < 2 donors
LINC01491,ENSG00000259572,lncRNA,2,3670,0.054,2,16,False,BELOW_DETECTION_THRESHOLD,Detected in < 1% of stromal cells or < 2 donors
COL18A1-AS1,ENSG00000183535,lncRNA,2,3670,0.054,2,16,False,BELOW_DETECTION_THRESHOLD,Detected in < 1% of stromal cells or < 2 donors
FRGCA,ENSG00000236663,lncRNA,2,3670,0.054,2,16,False,BELOW_DETECTION_THRESHOLD,Detected in < 1% of stromal cells or < 2 donors
LINC01548,ENSG00000229086,lncRNA,1,3670,0.027,1,16,False,BELOW_DETECTION_THRESHOLD,Detected in < 1% of stromal cells or < 2 donors
ZMYM4-AS1,ENSG00000227409,lncRNA,1,3670,0.027,1,16,False,BELOW_DETECTION_THRESHOLD,Detected in < 1% of stromal cells or < 2 donors
TSPEAR-AS1,ENSG00000235890,lncRNA,1,3670,0.027,1,16,False,BELOW_DETECTION_THRESHOLD,Detected in < 1% of stromal cells or < 2 donors
SALRNA2,ENSG00000280515,lncRNA,1,3670,0.027,1,16,False,BELOW_DETECTION_THRESHOLD,Detected in < 1% of stromal cells or < 2 donors
ANKRD34C-AS1,ENSG00000259234,lncRNA,1,3670,0.027,1,16,False,BELOW_DETECTION_THRESHOLD,Detected in < 1% of stromal cells or < 2 donors
C15orf54,ENSG00000175746,lncRNA,1,3670,0.027,1,16,False,BELOW_DETECTION_THRESHOLD,Detected in < 1% of stromal cells or < 2 donors
LINC02255,ENSG00000277718,lncRNA,1,3670,0.027,1,16,False,BELOW_DETECTION_THRESHOLD,Detected in < 1% of stromal cells or < 2 donors
LINC01938,ENSG00000254066,lncRNA,1,3670,0.027,1,16,False,BELOW_DETECTION_THRESHOLD,Detected in < 1% of stromal cells or < 2 donors
CXXC5-AS1,ENSG00000250635,lncRNA,1,3670,0.027,1,16,False,BELOW_DETECTION_THRESHOLD,Detected in < 1% of stromal cells or < 2 donors
ADAMTS19-AS1,ENSG00000249421,lncRNA,1,3670,0.027,1,16,False,BELOW_DETECTION_THRESHOLD,Detected in < 1% of stromal cells or < 2 donors
SLC16A12-AS1,ENSG00000234452,lncRNA,1,3670,0.027,1,16,False,BELOW_DETECTION_THRESHOLD,Detected in < 1% of stromal cells or < 2 donors
LINC01164,ENSG00000189275,lncRNA,1,3670,0.027,1,16,False,BELOW_DETECTION_THRESHOLD,Detected in < 1% of stromal cells or < 2 donors
LINC01896,ENSG00000263146,lncRNA,1,3670,0.027,1,16,False,BELOW_DETECTION_THRESHOLD,Detected in < 1% of stromal cells or < 2 donors
LINC01901,ENSG00000267413,lncRNA,1,3670,0.027,1,16,False,BELOW_DETECTION_THRESHOLD,Detected in < 1% of stromal cells or < 2 donors
LINC01038,ENSG00000229011,lncRNA,1,3670,0.027,1,16,False,BELOW_DETECTION_THRESHOLD,Detected in < 1% of stromal cells or < 2 donors
FAM3D-AS1,ENSG00000244383,lncRNA,1,3670,0.027,1,16,False,BELOW_DETECTION_THRESHOLD,Detected in < 1% of stromal cells or < 2 donors
LINC01738,ENSG00000227947,lncRNA,1,3670,0.027,1,16,False,BELOW_DETECTION_THRESHOLD,Detected in < 1% of stromal cells or < 2 donors
LINC02792,ENSG00000285462,lncRNA,1,3670,0.027,1,16,False,BELOW_DETECTION_THRESHOLD,Detected in < 1% of stromal cells or < 2 donors
ADGRA1-AS1,ENSG00000256925,lncRNA,1,3670,0.027,1,16,False,BELOW_DETECTION_THRESHOLD,Detected in < 1% of stromal cells or < 2 donors
LINC02652,ENSG00000237128,lncRNA,1,3670,0.027,1,16,False,BELOW_DETECTION_THRESHOLD,Detected in < 1% of stromal cells or < 2 donors
LINC02624,ENSG00000229775,lncRNA,1,3670,0.027,1,16,False,BELOW_DETECTION_THRESHOLD,Detected in < 1% of stromal cells or < 2 donors
PWRN2,ENSG00000260551,lncRNA,1,3670,0.027,1,16,False,BELOW_DETECTION_THRESHOLD,Detected in < 1% of stromal cells or < 2 donors
LINC02249,ENSG00000225930,lncRNA,1,3670,0.027,1,16,False,BELOW_DETECTION_THRESHOLD,Detected in < 1% of stromal cells or < 2 donors
TRPC7-AS1,ENSG00000248211,lncRNA,1,3670,0.027,1,16,False,BELOW_DETECTION_THRESHOLD,Detected in < 1% of stromal cells or < 2 donors
LINC02163,ENSG00000251026,lncRNA,1,3670,0.027,1,16,False,BELOW_DETECTION_THRESHOLD,Detected in < 1% of stromal cells or < 2 donors
ARHGAP26-AS1,ENSG00000226272,lncRNA,1,3670,0.027,1,16,False,BELOW_DETECTION_THRESHOLD,Detected in < 1% of stromal cells or < 2 donors
SEMA5A-AS1,ENSG00000251370,lncRNA,1,3670,0.027,1,16,False,BELOW_DETECTION_THRESHOLD,Detected in < 1% of stromal cells or < 2 donors
P4HA2-AS1,ENSG00000237714,lncRNA,1,3670,0.027,1,16,False,BELOW_DETECTION_THRESHOLD,Detected in < 1% of stromal cells or < 2 donors
MYO3B-AS1,ENSG00000231898,lncRNA,1,3670,0.027,1,16,False,BELOW_DETECTION_THRESHOLD,Detected in < 1% of stromal cells or < 2 donors
LINC01854,ENSG00000204460,lncRNA,1,3670,0.027,1,16,False,BELOW_DETECTION_THRESHOLD,Detected in < 1% of stromal cells or < 2 donors
CNTFR-AS1,ENSG00000237159,lncRNA,1,3670,0.027,1,16,False,BELOW_DETECTION_THRESHOLD,Detected in < 1% of stromal cells or < 2 donors
LINC02594,ENSG00000267440,lncRNA,1,3670,0.027,1,16,False,BELOW_DETECTION_THRESHOLD,Detected in < 1% of stromal cells or < 2 donors
LINC02585,ENSG00000228350,lncRNA,1,3670,0.027,1,16,False,BELOW_DETECTION_THRESHOLD,Detected in < 1% of stromal cells or < 2 donors
ZKSCAN7-AS1,ENSG00000236869,lncRNA,1,3670,0.027,1,16,False,BELOW_DETECTION_THRESHOLD,Detected in < 1% of stromal cells or < 2 donors
IGF2-AS,ENSG00000099869,lncRNA,1,3670,0.027,1,16,False,BELOW_DETECTION_THRESHOLD,Detected in < 1% of stromal cells or < 2 donors
LINC00463,ENSG00000234056,lncRNA,1,3670,0.027,1,16,False,BELOW_DETECTION_THRESHOLD,Detected in < 1% of stromal cells or < 2 donors
CACNA1C-AS1,ENSG00000246627,lncRNA,1,3670,0.027,1,16,False,BELOW_DETECTION_THRESHOLD,Detected in < 1% of stromal cells or < 2 donors
LINC01388,ENSG00000231808,lncRNA,1,3670,0.027,1,16,False,BELOW_DETECTION_THRESHOLD,Detected in < 1% of stromal cells or < 2 donors
HOTTIP,ENSG00000243766,lncRNA,1,3670,0.027,1,16,False,BELOW_DETECTION_THRESHOLD,Detected in < 1% of stromal cells or < 2 donors
LINC00244,ENSG00000279418,lncRNA,1,3670,0.027,1,16,False,BELOW_DETECTION_THRESHOLD,Detected in < 1% of stromal cells or < 2 donors
LINC01072,ENSG00000236076,lncRNA,1,3670,0.027,1,16,False,BELOW_DETECTION_THRESHOLD,Detected in < 1% of stromal cells or < 2 donors
LINC00456,ENSG00000233124,lncRNA,1,3670,0.027,1,16,False,BELOW_DETECTION_THRESHOLD,Detected in < 1% of stromal cells or < 2 donors
MAPT-AS1,ENSG00000264589,lncRNA,1,3670,0.027,1,16,False,BELOW_DETECTION_THRESHOLD,Detected in < 1% of stromal cells or < 2 donors
CCDC37-DT,ENSG00000249833,lncRNA,1,3670,0.027,1,16,False,BELOW_DETECTION_THRESHOLD,Detected in < 1% of stromal cells or < 2 donors
ATP11AUN,ENSG00000197595,lncRNA,1,3670,0.027,1,16,False,BELOW_DETECTION_THRESHOLD,Detected in < 1% of stromal cells or < 2 donors
LINC01293,ENSG00000230836,lncRNA,1,3670,0.027,1,16,False,BELOW_DETECTION_THRESHOLD,Detected in < 1% of stromal cells or < 2 donors
TCF7L1-IT1,ENSG00000231134,lncRNA,1,3670,0.027,1,16,False,BELOW_DETECTION_THRESHOLD,Detected in < 1% of stromal cells or < 2 donors
LINC01964,ENSG00000260840,lncRNA,1,3670,0.027,1,16,False,BELOW_DETECTION_THRESHOLD,Detected in < 1% of stromal cells or < 2 donors
LINC01799,ENSG00000230525,lncRNA,1,3670,0.027,1,16,False,BELOW_DETECTION_THRESHOLD,Detected in < 1% of stromal cells or < 2 donors
LINC01808,ENSG00000237992,lncRNA,1,3670,0.027,1,16,False,BELOW_DETECTION_THRESHOLD,Detected in < 1% of stromal cells or < 2 donors
CSRP3-AS1,ENSG00000255308,lncRNA,1,3670,0.027,1,16,False,BELOW_DETECTION_THRESHOLD,Detected in < 1% of stromal cells or < 2 donors
LINC01988,ENSG00000283036,lncRNA,1,3670,0.027,1,16,False,BELOW_DETECTION_THRESHOLD,Detected in < 1% of stromal cells or < 2 donors
CCDC13-AS1,ENSG00000173811,lncRNA,1,3670,0.027,1,16,False,BELOW_DETECTION_THRESHOLD,Detected in < 1% of stromal cells or < 2 donors
LINC02517,ENSG00000249145,lncRNA,1,3670,0.027,1,16,False,BELOW_DETECTION_THRESHOLD,Detected in < 1% of stromal cells or < 2 donors
LINC00868,ENSG00000267535,lncRNA,1,3670,0.027,1,16,False,BELOW_DETECTION_THRESHOLD,Detected in < 1% of stromal cells or < 2 donors
FEZF1-AS1,ENSG00000230316,lncRNA,1,3670,0.027,1,16,False,BELOW_DETECTION_THRESHOLD,Detected in < 1% of stromal cells or < 2 donors
LHX5-AS1,ENSG00000257935,lncRNA,1,3670,0.027,1,16,False,BELOW_DETECTION_THRESHOLD,Detected in < 1% of stromal cells or < 2 donors
ST6GAL2-IT1,ENSG00000238250,lncRNA,1,3670,0.027,1,16,False,BELOW_DETECTION_THRESHOLD,Detected in < 1% of stromal cells or < 2 donors
LINC01885,ENSG00000237880,lncRNA,1,3670,0.027,1,16,False,BELOW_DETECTION_THRESHOLD,Detected in < 1% of stromal cells or < 2 donors
LINC00906,ENSG00000267339,lncRNA,1,3670,0.027,1,16,False,BELOW_DETECTION_THRESHOLD,Detected in < 1% of stromal cells or < 2 donors
LINC00670,ENSG00000179136,lncRNA,1,3670,0.027,1,16,False,BELOW_DETECTION_THRESHOLD,Detected in < 1% of stromal cells or < 2 donors
COL4A2-AS2,ENSG00000224821,lncRNA,1,3670,0.027,1,16,False,BELOW_DETECTION_THRESHOLD,Detected in < 1% of stromal cells or < 2 donors
EIF1AX-AS1,ENSG00000225037,lncRNA,1,3670,0.027,1,16,False,BELOW_DETECTION_THRESHOLD,Detected in < 1% of stromal cells or < 2 donors
LINC02096,ENSG00000238212,lncRNA,1,3670,0.027,1,16,False,BELOW_DETECTION_THRESHOLD,Detected in < 1% of stromal cells or < 2 donors
ZBTB20-AS5,ENSG00000242290,lncRNA,1,3670,0.027,1,16,False,BELOW_DETECTION_THRESHOLD,Detected in < 1% of stromal cells or < 2 donors
LINC02067,ENSG00000240567,lncRNA,1,3670,0.027,1,16,False,BELOW_DETECTION_THRESHOLD,Detected in < 1% of stromal cells or < 2 donors
LMLN-AS1,ENSG00000232832,lncRNA,1,3670,0.027,1,16,False,BELOW_DETECTION_THRESHOLD,Detected in < 1% of stromal cells or < 2 donors
LINC01180,ENSG00000266979,lncRNA,1,3670,0.027,1,16,False,BELOW_DETECTION_THRESHOLD,Detected in < 1% of stromal cells or < 2 donors
TTLL11-IT1,ENSG00000237548,lncRNA,1,3670,0.027,1,16,False,BELOW_DETECTION_THRESHOLD,Detected in < 1% of stromal cells or < 2 donors
LINC00424,ENSG00000226722,lncRNA,1,3670,0.027,1,16,False,BELOW_DETECTION_THRESHOLD,Detected in < 1% of stromal cells or < 2 donors
LINC01046,ENSG00000233405,lncRNA,1,3670,0.027,1,16,False,BELOW_DETECTION_THRESHOLD,Detected in < 1% of stromal cells or < 2 donors
LINC01937,ENSG00000234279,lncRNA,1,3670,0.027,1,16,False,BELOW_DETECTION_THRESHOLD,Detected in < 1% of stromal cells or < 2 donors
LINC02089,ENSG00000226364,lncRNA,1,3670,0.027,1,16,False,BELOW_DETECTION_THRESHOLD,Detected in < 1% of stromal cells or < 2 donors
LINC00645,ENSG00000258548,lncRNA,1,3670,0.027,1,16,False,BELOW_DETECTION_THRESHOLD,Detected in < 1% of stromal cells or < 2 donors
PRKCA-AS1,ENSG00000264630,lncRNA,1,3670,0.027,1,16,False,BELOW_DETECTION_THRESHOLD,Detected in < 1% of stromal cells or < 2 donors
LINC02086,ENSG00000244649,lncRNA,1,3670,0.027,1,16,False,BELOW_DETECTION_THRESHOLD,Detected in < 1% of stromal cells or < 2 donors
LINC00276,ENSG00000230448,lncRNA,1,3670,0.027,1,16,False,BELOW_DETECTION_THRESHOLD,Detected in < 1% of stromal cells or < 2 donors
MYCNUT,ENSG00000223850,lncRNA,1,3670,0.027,1,16,False,BELOW_DETECTION_THRESHOLD,Detected in < 1% of stromal cells or < 2 donors
LINC01793,ENSG00000222030,lncRNA,1,3670,0.027,1,16,False,BELOW_DETECTION_THRESHOLD,Detected in < 1% of stromal cells or < 2 donors
MIR217HG,ENSG00000226702,lncRNA,1,3670,0.027,1,16,False,BELOW_DETECTION_THRESHOLD,Detected in < 1% of stromal cells or < 2 donors
LINC02821,ENSG00000257139,lncRNA,1,3670,0.027,1,16,False,BELOW_DETECTION_THRESHOLD,Detected in < 1% of stromal cells or < 2 donors
C7orf66,ENSG00000205174,lncRNA,1,3670,0.027,1,16,False,BELOW_DETECTION_THRESHOLD,Detected in < 1% of stromal cells or < 2 donors
LINC02493,ENSG00000250819,lncRNA,1,3670,0.027,1,16,False,BELOW_DETECTION_THRESHOLD,Detected in < 1% of stromal cells or < 2 donors
LINC02265,ENSG00000249241,lncRNA,1,3670,0.027,1,16,False,BELOW_DETECTION_THRESHOLD,Detected in < 1% of stromal cells or < 2 donors
LINC01096,ENSG00000246095,lncRNA,1,3670,0.027,1,16,False,BELOW_DETECTION_THRESHOLD,Detected in < 1% of stromal cells or < 2 donors
LINC02483,ENSG00000251383,lncRNA,1,3670,0.027,1,16,False,BELOW_DETECTION_THRESHOLD,Detected in < 1% of stromal cells or < 2 donors
LINC02506,ENSG00000251129,lncRNA,1,3670,0.027,1,16,False,BELOW_DETECTION_THRESHOLD,Detected in < 1% of stromal cells or < 2 donors
LINC02505,ENSG00000248215,lncRNA,1,3670,0.027,1,16,False,BELOW_DETECTION_THRESHOLD,Detected in < 1% of stromal cells or < 2 donors
LINC02687,ENSG00000255267,lncRNA,1,3670,0.027,1,16,False,BELOW_DETECTION_THRESHOLD,Detected in < 1% of stromal cells or < 2 donors
LINC02548,ENSG00000255411,lncRNA,1,3670,0.027,1,16,False,BELOW_DETECTION_THRESHOLD,Detected in < 1% of stromal cells or < 2 donors
MEIS1-AS3,ENSG00000226819,lncRNA,1,3670,0.027,1,16,False,BELOW_DETECTION_THRESHOLD,Detected in < 1% of stromal cells or < 2 donors
PTPRJ-AS1,ENSG00000254879,lncRNA,1,3670,0.027,1,16,False,BELOW_DETECTION_THRESHOLD,Detected in < 1% of stromal cells or < 2 donors
IGBP1-AS2,ENSG00000220925,lncRNA,1,3670,0.027,1,16,False,BELOW_DETECTION_THRESHOLD,Detected in < 1% of stromal cells or < 2 donors
SPIN4-AS1,ENSG00000233661,lncRNA,1,3670,0.027,1,16,False,BELOW_DETECTION_THRESHOLD,Detected in < 1% of stromal cells or < 2 donors
LINC00269,ENSG00000215162,lncRNA,1,3670,0.027,1,16,False,BELOW_DETECTION_THRESHOLD,Detected in < 1% of stromal cells or < 2 donors
IGBP1-AS1,ENSG00000203588,lncRNA,1,3670,0.027,1,16,False,BELOW_DETECTION_THRESHOLD,Detected in < 1% of stromal cells or < 2 donors
HS6ST2-AS1,ENSG00000235849,lncRNA,1,3670,0.027,1,16,False,BELOW_DETECTION_THRESHOLD,Detected in < 1% of stromal cells or < 2 donors
LINC01198,ENSG00000231817,lncRNA,1,3670,0.027,1,16,False,BELOW_DETECTION_THRESHOLD,Detected in < 1% of stromal cells or < 2 donors
IFT74-AS1,ENSG00000234676,lncRNA,1,3670,0.027,1,16,False,BELOW_DETECTION_THRESHOLD,Detected in < 1% of stromal cells or < 2 donors
LINC01883,ENSG00000235009,lncRNA,1,3670,0.027,1,16,False,BELOW_DETECTION_THRESHOLD,Detected in < 1% of stromal cells or < 2 donors
LINC01833,ENSG00000259439,lncRNA,1,3670,0.027,1,16,False,BELOW_DETECTION_THRESHOLD,Detected in < 1% of stromal cells or < 2 donors
LINC00211,ENSG00000237803,lncRNA,1,3670,0.027,1,16,False,BELOW_DETECTION_THRESHOLD,Detected in < 1% of stromal cells or < 2 donors
LINC02091,ENSG00000273172,lncRNA,1,3670,0.027,1,16,False,BELOW_DETECTION_THRESHOLD,Detected in < 1% of stromal cells or < 2 donors
LINC02263,ENSG00000228358,lncRNA,1,3670,0.027,1,16,False,BELOW_DETECTION_THRESHOLD,Detected in < 1% of stromal cells or < 2 donors
LNX1-AS2,ENSG00000248494,lncRNA,1,3670,0.027,1,16,False,BELOW_DETECTION_THRESHOLD,Detected in < 1% of stromal cells or < 2 donors
FAM106C,ENSG00000288235,lncRNA,1,3670,0.027,1,16,False,BELOW_DETECTION_THRESHOLD,Detected in < 1% of stromal cells or < 2 donors
LINC02577,ENSG00000228742,lncRNA,1,3670,0.027,1,16,False,BELOW_DETECTION_THRESHOLD,Detected in < 1% of stromal cells or < 2 donors
LINC02718,ENSG00000255418,lncRNA,1,3670,0.027,1,16,False,BELOW_DETECTION_THRESHOLD,Detected in < 1% of stromal cells or < 2 donors
CSNK1G2-AS1,ENSG00000180846,lncRNA,1,3670,0.027,1,16,False,BELOW_DETECTION_THRESHOLD,Detected in < 1% of stromal cells or < 2 donors
LINC02373,ENSG00000257507,lncRNA,1,3670,0.027,1,16,False,BELOW_DETECTION_THRESHOLD,Detected in < 1% of stromal cells or < 2 donors
LINC02415,ENSG00000248703,lncRNA,1,3670,0.027,1,16,False,BELOW_DETECTION_THRESHOLD,Detected in < 1% of stromal cells or < 2 donors
HS1BP3-IT1,ENSG00000231948,lncRNA,1,3670,0.027,1,16,False,BELOW_DETECTION_THRESHOLD,Detected in < 1% of stromal cells or < 2 donors
TBX5-AS1,ENSG00000255399,lncRNA,1,3670,0.027,1,16,False,BELOW_DETECTION_THRESHOLD,Detected in < 1% of stromal cells or < 2 donors
LINC02274,ENSG00000258586,lncRNA,1,3670,0.027,1,16,False,BELOW_DETECTION_THRESHOLD,Detected in < 1% of stromal cells or < 2 donors
LINC01500,ENSG00000258583,lncRNA,1,3670,0.027,1,16,False,BELOW_DETECTION_THRESHOLD,Detected in < 1% of stromal cells or < 2 donors
LINC02138,ENSG00000205015,lncRNA,1,3670,0.027,1,16,False,BELOW_DETECTION_THRESHOLD,Detected in < 1% of stromal cells or < 2 donors
LINC02168,ENSG00000261703,lncRNA,1,3670,0.027,1,16,False,BELOW_DETECTION_THRESHOLD,Detected in < 1% of stromal cells or < 2 donors
LINC00499,ENSG00000251372,lncRNA,1,3670,0.027,1,16,False,BELOW_DETECTION_THRESHOLD,Detected in < 1% of stromal cells or < 2 donors
LINC02267,ENSG00000248510,lncRNA,1,3670,0.027,1,16,False,BELOW_DETECTION_THRESHOLD,Detected in < 1% of stromal cells or < 2 donors
LINC02290,ENSG00000258502,lncRNA,1,3670,0.027,1,16,False,BELOW_DETECTION_THRESHOLD,Detected in < 1% of stromal cells or < 2 donors
KIAA0087,ENSG00000122548,lncRNA,1,3670,0.027,1,16,False,BELOW_DETECTION_THRESHOLD,Detected in < 1% of stromal cells or < 2 donors
MACC1-AS1,ENSG00000228598,lncRNA,1,3670,0.027,1,16,False,BELOW_DETECTION_THRESHOLD,Detected in < 1% of stromal cells or < 2 donors
LINC02306,ENSG00000257986,lncRNA,1,3670,0.027,1,16,False,BELOW_DETECTION_THRESHOLD,Detected in < 1% of stromal cells or < 2 donors
PCGEM1,ENSG00000227418,lncRNA,1,3670,0.027,1,16,False,BELOW_DETECTION_THRESHOLD,Detected in < 1% of stromal cells or < 2 donors
NAMA,ENSG00000271086,lncRNA,1,3670,0.027,1,16,False,BELOW_DETECTION_THRESHOLD,Detected in < 1% of stromal cells or < 2 donors
LINC02247,ENSG00000223729,lncRNA,1,3670,0.027,1,16,False,BELOW_DETECTION_THRESHOLD,Detected in < 1% of stromal cells or < 2 donors
LINC00332,ENSG00000230710,lncRNA,1,3670,0.027,1,16,False,BELOW_DETECTION_THRESHOLD,Detected in < 1% of stromal cells or < 2 donors
LPP-AS1,ENSG00000224563,lncRNA,1,3670,0.027,1,16,False,BELOW_DETECTION_THRESHOLD,Detected in < 1% of stromal cells or < 2 donors
LINC01993,ENSG00000204277,lncRNA,1,3670,0.027,1,16,False,BELOW_DETECTION_THRESHOLD,Detected in < 1% of stromal cells or < 2 donors
LINC01802,ENSG00000225064,lncRNA,1,3670,0.027,1,16,False,BELOW_DETECTION_THRESHOLD,Detected in < 1% of stromal cells or < 2 donors
FAM242A,ENSG00000231934,lncRNA,1,3670,0.027,1,16,False,BELOW_DETECTION_THRESHOLD,Detected in < 1% of stromal cells or < 2 donors
LINC00687,ENSG00000228422,lncRNA,1,3670,0.027,1,16,False,BELOW_DETECTION_THRESHOLD,Detected in < 1% of stromal cells or < 2 donors
ITCH-AS1,ENSG00000236388,lncRNA,1,3670,0.027,1,16,False,BELOW_DETECTION_THRESHOLD,Detected in < 1% of stromal cells or < 2 donors
LINC00608,ENSG00000236445,lncRNA,1,3670,0.027,1,16,False,BELOW_DETECTION_THRESHOLD,Detected in < 1% of stromal cells or < 2 donors
LINC01494,ENSG00000228135,lncRNA,1,3670,0.027,1,16,False,BELOW_DETECTION_THRESHOLD,Detected in < 1% of stromal cells or < 2 donors
LINC01250,ENSG00000234423,lncRNA,1,3670,0.027,1,16,False,BELOW_DETECTION_THRESHOLD,Detected in < 1% of stromal cells or < 2 donors
LINC01304,ENSG00000237401,lncRNA,1,3670,0.027,1,16,False,BELOW_DETECTION_THRESHOLD,Detected in < 1% of stromal cells or < 2 donors
LINC02700,ENSG00000255666,lncRNA,1,3670,0.027,1,16,False,BELOW_DETECTION_THRESHOLD,Detected in < 1% of stromal cells or < 2 donors
LINC02098,ENSG00000272575,lncRNA,1,3670,0.027,1,16,False,BELOW_DETECTION_THRESHOLD,Detected in < 1% of stromal cells or < 2 donors
CASC18,ENSG00000257859,lncRNA,1,3670,0.027,1,16,False,BELOW_DETECTION_THRESHOLD,Detected in < 1% of stromal cells or < 2 donors
LINC00366,ENSG00000229437,lncRNA,1,3670,0.027,1,16,False,BELOW_DETECTION_THRESHOLD,Detected in < 1% of stromal cells or < 2 donors
ADIPOQ-AS1,ENSG00000226482,lncRNA,1,3670,0.027,1,16,False,BELOW_DETECTION_THRESHOLD,Detected in < 1% of stromal cells or < 2 donors
LINC01976,ENSG00000261514,lncRNA,1,3670,0.027,1,16,False,BELOW_DETECTION_THRESHOLD,Detected in < 1% of stromal cells or < 2 donors
XIAP-AS1,ENSG00000237331,lncRNA,1,3670,0.027,1,16,False,BELOW_DETECTION_THRESHOLD,Detected in < 1% of stromal cells or < 2 donors
NHS-AS1,ENSG00000230020,lncRNA,1,3670,0.027,1,16,False,BELOW_DETECTION_THRESHOLD,Detected in < 1% of stromal cells or < 2 donors
TLR8-AS1,ENSG00000233338,lncRNA,1,3670,0.027,1,16,False,BELOW_DETECTION_THRESHOLD,Detected in < 1% of stromal cells or < 2 donors
LINC01442,ENSG00000227510,lncRNA,1,3670,0.027,1,16,False,BELOW_DETECTION_THRESHOLD,Detected in < 1% of stromal cells or < 2 donors
LINC02125,ENSG00000250514,lncRNA,1,3670,0.027,1,16,False,BELOW_DETECTION_THRESHOLD,Detected in < 1% of stromal cells or < 2 donors
LINC02266,ENSG00000272727,lncRNA,1,3670,0.027,1,16,False,BELOW_DETECTION_THRESHOLD,Detected in < 1% of stromal cells or < 2 donors
LINC01095,ENSG00000248809,lncRNA,1,3670,0.027,1,16,False,BELOW_DETECTION_THRESHOLD,Detected in < 1% of stromal cells or < 2 donors
LINC01179,ENSG00000249500,lncRNA,1,3670,0.027,1,16,False,BELOW_DETECTION_THRESHOLD,Detected in < 1% of stromal cells or < 2 donors
LINC00500,ENSG00000249381,lncRNA,1,3670,0.027,1,16,False,BELOW_DETECTION_THRESHOLD,Detected in < 1% of stromal cells or < 2 donors
LINC02433,ENSG00000234111,lncRNA,1,3670,0.027,1,16,False,BELOW_DETECTION_THRESHOLD,Detected in < 1% of stromal cells or < 2 donors
LINC02725,ENSG00000273415,lncRNA,1,3670,0.027,1,16,False,BELOW_DETECTION_THRESHOLD,Detected in < 1% of stromal cells or < 2 donors
LINC02713,ENSG00000255502,lncRNA,1,3670,0.027,1,16,False,BELOW_DETECTION_THRESHOLD,Detected in < 1% of stromal cells or < 2 donors
LINC00261,ENSG00000259974,lncRNA,1,3670,0.027,1,16,False,BELOW_DETECTION_THRESHOLD,Detected in < 1% of stromal cells or < 2 donors
LINC01053,ENSG00000238169,lncRNA,1,3670,0.027,1,16,False,BELOW_DETECTION_THRESHOLD,Detected in < 1% of stromal cells or < 2 donors
LINC00494,ENSG00000235621,lncRNA,1,3670,0.027,1,16,False,BELOW_DETECTION_THRESHOLD,Detected in < 1% of stromal cells or < 2 donors
LINC01412,ENSG00000232606,lncRNA,1,3670,0.027,1,16,False,BELOW_DETECTION_THRESHOLD,Detected in < 1% of stromal cells or < 2 donors
CARNMT1-AS1,ENSG00000203321,lncRNA,1,3670,0.027,1,16,False,BELOW_DETECTION_THRESHOLD,Detected in < 1% of stromal cells or < 2 donors
AADACL2-AS1,ENSG00000242908,lncRNA,1,3670,0.027,1,16,False,BELOW_DETECTION_THRESHOLD,Detected in < 1% of stromal cells or < 2 donors
LINC02388,ENSG00000257259,lncRNA,1,3670,0.027,1,16,False,BELOW_DETECTION_THRESHOLD,Detected in < 1% of stromal cells or < 2 donors
GFOD1-AS1,ENSG00000237786,lncRNA,1,3670,0.027,1,16,False,BELOW_DETECTION_THRESHOLD,Detected in < 1% of stromal cells or < 2 donors
LINC02188,ENSG00000261175,lncRNA,1,3670,0.027,1,16,False,BELOW_DETECTION_THRESHOLD,Detected in < 1% of stromal cells or < 2 donors
SYNE1-AS1,ENSG00000234577,lncRNA,1,3670,0.027,1,16,False,BELOW_DETECTION_THRESHOLD,Detected in < 1% of stromal cells or < 2 donors
LINC02487,ENSG00000203688,lncRNA,1,3670,0.027,1,16,False,BELOW_DETECTION_THRESHOLD,Detected in < 1% of stromal cells or < 2 donors
LINC02538,ENSG00000272549,lncRNA,1,3670,0.027,1,16,False,BELOW_DETECTION_THRESHOLD,Detected in < 1% of stromal cells or < 2 donors
RNU6ATAC35P,ENSG00000221571,lncRNA,1,3670,0.027,1,16,False,BELOW_DETECTION_THRESHOLD,Detected in < 1% of stromal cells or < 2 donors
LINC02704,ENSG00000255079,lncRNA,1,3670,0.027,1,16,False,BELOW_DETECTION_THRESHOLD,Detected in < 1% of stromal cells or < 2 donors
LINC01567,ENSG00000224310,lncRNA,1,3670,0.027,1,16,False,BELOW_DETECTION_THRESHOLD,Detected in < 1% of stromal cells or < 2 donors
DIAPH3-AS1,ENSG00000227528,lncRNA,1,3670,0.027,1,16,False,BELOW_DETECTION_THRESHOLD,Detected in < 1% of stromal cells or < 2 donors
SPATA13-AS1,ENSG00000227213,lncRNA,1,3670,0.027,1,16,False,BELOW_DETECTION_THRESHOLD,Detected in < 1% of stromal cells or < 2 donors
TMEM78,ENSG00000177800,lncRNA,1,3670,0.027,1,16,False,BELOW_DETECTION_THRESHOLD,Detected in < 1% of stromal cells or < 2 donors
LINC00582,ENSG00000229228,lncRNA,1,3670,0.027,1,16,False,BELOW_DETECTION_THRESHOLD,Detected in < 1% of stromal cells or < 2 donors
LINC02809,ENSG00000276255,lncRNA,1,3670,0.027,1,16,False,BELOW_DETECTION_THRESHOLD,Detected in < 1% of stromal cells or < 2 donors
MKNK1-AS1,ENSG00000269956,lncRNA,1,3670,0.027,1,16,False,BELOW_DETECTION_THRESHOLD,Detected in < 1% of stromal cells or < 2 donors
CYMP-AS1,ENSG00000235407,lncRNA,1,3670,0.027,1,16,False,BELOW_DETECTION_THRESHOLD,Detected in < 1% of stromal cells or < 2 donors
LINC02310,ENSG00000258808,lncRNA,1,3670,0.027,1,16,False,BELOW_DETECTION_THRESHOLD,Detected in < 1% of stromal cells or < 2 donors
MMP2-AS1,ENSG00000260135,lncRNA,1,3670,0.027,1,16,False,BELOW_DETECTION_THRESHOLD,Detected in < 1% of stromal cells or < 2 donors
LINC02318,ENSG00000258390,lncRNA,1,3670,0.027,1,16,False,BELOW_DETECTION_THRESHOLD,Detected in < 1% of stromal cells or < 2 donors
SYNJ2-IT1,ENSG00000233496,lncRNA,1,3670,0.027,1,16,False,BELOW_DETECTION_THRESHOLD,Detected in < 1% of stromal cells or < 2 donors
POTEH-AS1,ENSG00000236666,lncRNA,1,3670,0.027,1,16,False,BELOW_DETECTION_THRESHOLD,Detected in < 1% of stromal cells or < 2 donors
LINC02463,ENSG00000257683,lncRNA,1,3670,0.027,1,16,False,BELOW_DETECTION_THRESHOLD,Detected in < 1% of stromal cells or < 2 donors
WWTR1-IT1,ENSG00000241985,lncRNA,1,3670,0.027,1,16,False,BELOW_DETECTION_THRESHOLD,Detected in < 1% of stromal cells or < 2 donors
LINC01014,ENSG00000223941,lncRNA,1,3670,0.027,1,16,False,BELOW_DETECTION_THRESHOLD,Detected in < 1% of stromal cells or < 2 donors
HTR3E-AS1,ENSG00000238020,lncRNA,1,3670,0.027,1,16,False,BELOW_DETECTION_THRESHOLD,Detected in < 1% of stromal cells or < 2 donors
FGF14-AS1,ENSG00000234445,lncRNA,1,3670,0.027,1,16,False,BELOW_DETECTION_THRESHOLD,Detected in < 1% of stromal cells or < 2 donors
ZNF630-AS1,ENSG00000277541,lncRNA,1,3670,0.027,1,16,False,BELOW_DETECTION_THRESHOLD,Detected in < 1% of stromal cells or < 2 donors
FAM181A-AS1,ENSG00000258584,lncRNA,1,3670,0.027,1,16,False,BELOW_DETECTION_THRESHOLD,Detected in < 1% of stromal cells or < 2 donors
LINC00524,ENSG00000259023,lncRNA,1,3670,0.027,1,16,False,BELOW_DETECTION_THRESHOLD,Detected in < 1% of stromal cells or < 2 donors
LINC01644,ENSG00000218357,lncRNA,1,3670,0.027,1,16,False,BELOW_DETECTION_THRESHOLD,Detected in < 1% of stromal cells or < 2 donors
LINC02558,ENSG00000230866,lncRNA,1,3670,0.027,1,16,False,BELOW_DETECTION_THRESHOLD,Detected in < 1% of stromal cells or < 2 donors
BMP8B-AS1,ENSG00000285905,lncRNA,1,3670,0.027,1,16,False,BELOW_DETECTION_THRESHOLD,Detected in < 1% of stromal cells or < 2 donors
LINC02761,ENSG00000255362,lncRNA,1,3670,0.027,1,16,False,BELOW_DETECTION_THRESHOLD,Detected in < 1% of stromal cells or < 2 donors
LINC01537,ENSG00000227467,lncRNA,1,3670,0.027,1,16,False,BELOW_DETECTION_THRESHOLD,Detected in < 1% of stromal cells or < 2 donors
LINC00508,ENSG00000256971,lncRNA,1,3670,0.027,1,16,False,BELOW_DETECTION_THRESHOLD,Detected in < 1% of stromal cells or < 2 donors
LINC02412,ENSG00000258171,lncRNA,1,3670,0.027,1,16,False,BELOW_DETECTION_THRESHOLD,Detected in < 1% of stromal cells or < 2 donors
CASC23,ENSG00000255420,lncRNA,1,3670,0.027,1,16,False,BELOW_DETECTION_THRESHOLD,Detected in < 1% of stromal cells or < 2 donors
LINC02180,ENSG00000261749,lncRNA,1,3670,0.027,1,16,False,BELOW_DETECTION_THRESHOLD,Detected in < 1% of stromal cells or < 2 donors
LINC01568,ENSG00000258779,lncRNA,1,3670,0.027,1,16,False,BELOW_DETECTION_THRESHOLD,Detected in < 1% of stromal cells or < 2 donors
LINC02357,ENSG00000283314,lncRNA,1,3670,0.027,1,16,False,BELOW_DETECTION_THRESHOLD,Detected in < 1% of stromal cells or < 2 donors
LINC02469,ENSG00000248408,lncRNA,1,3670,0.027,1,16,False,BELOW_DETECTION_THRESHOLD,Detected in < 1% of stromal cells or < 2 donors
HTT-AS,ENSG00000251075,lncRNA,1,3670,0.027,1,16,False,BELOW_DETECTION_THRESHOLD,Detected in < 1% of stromal cells or < 2 donors
LINC01093,ENSG00000249173,lncRNA,1,3670,0.027,1,16,False,BELOW_DETECTION_THRESHOLD,Detected in < 1% of stromal cells or < 2 donors
LINC02082,ENSG00000242268,lncRNA,1,3670,0.027,1,16,False,BELOW_DETECTION_THRESHOLD,Detected in < 1% of stromal cells or < 2 donors
ABHD15-AS1,ENSG00000264031,lncRNA,1,3670,0.027,1,16,False,BELOW_DETECTION_THRESHOLD,Detected in < 1% of stromal cells or < 2 donors
HCFC1-AS1,ENSG00000235802,lncRNA,1,3670,0.027,1,16,False,BELOW_DETECTION_THRESHOLD,Detected in < 1% of stromal cells or < 2 donors
PTCHD1-AS,ENSG00000233067,lncRNA,1,3670,0.027,1,16,False,BELOW_DETECTION_THRESHOLD,Detected in < 1% of stromal cells or < 2 donors
ZFX-AS1,ENSG00000234230,lncRNA,1,3670,0.027,1,16,False,BELOW_DETECTION_THRESHOLD,Detected in < 1% of stromal cells or < 2 donors
ENOX1-AS2,ENSG00000238189,lncRNA,1,3670,0.027,1,16,False,BELOW_DETECTION_THRESHOLD,Detected in < 1% of stromal cells or < 2 donors
LINC00377,ENSG00000229246,lncRNA,1,3670,0.027,1,16,False,BELOW_DETECTION_THRESHOLD,Detected in < 1% of stromal cells or < 2 donors
LINC01877,ENSG00000238217,lncRNA,1,3670,0.027,1,16,False,BELOW_DETECTION_THRESHOLD,Detected in < 1% of stromal cells or < 2 donors
OBI1-AS1,ENSG00000234377,lncRNA,1,3670,0.027,1,16,False,BELOW_DETECTION_THRESHOLD,Detected in < 1% of stromal cells or < 2 donors
PLCB1-IT1,ENSG00000225479,lncRNA,1,3670,0.027,1,16,False,BELOW_DETECTION_THRESHOLD,Detected in < 1% of stromal cells or < 2 donors
CERNA3,ENSG00000253603,lncRNA,1,3670,0.027,1,16,False,BELOW_DETECTION_THRESHOLD,Detected in < 1% of stromal cells or < 2 donors
LINC00485,ENSG00000258169,lncRNA,1,3670,0.027,1,16,False,BELOW_DETECTION_THRESHOLD,Detected in < 1% of stromal cells or < 2 donors
LINC02519,ENSG00000226194,lncRNA,1,3670,0.027,1,16,False,BELOW_DETECTION_THRESHOLD,Detected in < 1% of stromal cells or < 2 donors
LINC01511,ENSG00000250584,lncRNA,1,3670,0.027,1,16,False,BELOW_DETECTION_THRESHOLD,Detected in < 1% of stromal cells or < 2 donors
SMAD1-AS2,ENSG00000250582,lncRNA,1,3670,0.027,1,16,False,BELOW_DETECTION_THRESHOLD,Detected in < 1% of stromal cells or < 2 donors
CASC16,ENSG00000249231,lncRNA,1,3670,0.027,1,16,False,BELOW_DETECTION_THRESHOLD,Detected in < 1% of stromal cells or < 2 donors
SSTR5-AS1,ENSG00000261713,lncRNA,1,3670,0.027,1,16,False,BELOW_DETECTION_THRESHOLD,Detected in < 1% of stromal cells or < 2 donors
REV3L-IT1,ENSG00000229276,lncRNA,1,3670,0.027,1,16,False,BELOW_DETECTION_THRESHOLD,Detected in < 1% of stromal cells or < 2 donors
LRP1-AS,ENSG00000259125,lncRNA,1,3670,0.027,1,16,False,BELOW_DETECTION_THRESHOLD,Detected in < 1% of stromal cells or < 2 donors
LINC02391,ENSG00000277851,lncRNA,1,3670,0.027,1,16,False,BELOW_DETECTION_THRESHOLD,Detected in < 1% of stromal cells or < 2 donors
LINC02392,ENSG00000258183,lncRNA,1,3670,0.027,1,16,False,BELOW_DETECTION_THRESHOLD,Detected in < 1% of stromal cells or < 2 donors
LINC02822,ENSG00000286021,lncRNA,1,3670,0.027,1,16,False,BELOW_DETECTION_THRESHOLD,Detected in < 1% of stromal cells or < 2 donors
FOXG1-AS1,ENSG00000257126,lncRNA,1,3670,0.027,1,16,False,BELOW_DETECTION_THRESHOLD,Detected in < 1% of stromal cells or < 2 donors
LINC02300,ENSG00000258175,lncRNA,1,3670,0.027,1,16,False,BELOW_DETECTION_THRESHOLD,Detected in < 1% of stromal cells or < 2 donors
LINC02287,ENSG00000258499,lncRNA,1,3670,0.027,1,16,False,BELOW_DETECTION_THRESHOLD,Detected in < 1% of stromal cells or < 2 donors
LINC02858,ENSG00000285869,lncRNA,1,3670,0.027,1,16,False,BELOW_DETECTION_THRESHOLD,Detected in < 1% of stromal cells or < 2 donors
WASIR2,ENSG00000231439,lncRNA,1,3670,0.027,1,16,False,BELOW_DETECTION_THRESHOLD,Detected in < 1% of stromal cells or < 2 donors
LINC02325,ENSG00000246084,lncRNA,1,3670,0.027,1,16,False,BELOW_DETECTION_THRESHOLD,Detected in < 1% of stromal cells or < 2 donors
LINC02457,ENSG00000258018,lncRNA,1,3670,0.027,1,16,False,BELOW_DETECTION_THRESHOLD,Detected in < 1% of stromal cells or < 2 donors
LINC01704,ENSG00000231666,lncRNA,1,3670,0.027,1,16,False,BELOW_DETECTION_THRESHOLD,Detected in < 1% of stromal cells or < 2 donors
RASSF10-DT,ENSG00000254670,lncRNA,1,3670,0.027,1,16,False,BELOW_DETECTION_THRESHOLD,Detected in < 1% of stromal cells or < 2 donors
LINC02023,ENSG00000239205,lncRNA,1,3670,0.027,1,16,False,BELOW_DETECTION_THRESHOLD,Detected in < 1% of stromal cells or < 2 donors
GACAT2,ENSG00000265962,lncRNA,1,3670,0.027,1,16,False,BELOW_DETECTION_THRESHOLD,Detected in < 1% of stromal cells or < 2 donors
NAALADL2-AS1,ENSG00000225552,lncRNA,1,3670,0.027,1,16,False,BELOW_DETECTION_THRESHOLD,Detected in < 1% of stromal cells or < 2 donors
MYO16-AS2,ENSG00000229938,lncRNA,1,3670,0.027,1,16,False,BELOW_DETECTION_THRESHOLD,Detected in < 1% of stromal cells or < 2 donors
CLDN10-AS1,ENSG00000223392,lncRNA,1,3670,0.027,1,16,False,BELOW_DETECTION_THRESHOLD,Detected in < 1% of stromal cells or < 2 donors
FAM167A-AS1,ENSG00000184608,lncRNA,1,3670,0.027,1,16,False,BELOW_DETECTION_THRESHOLD,Detected in < 1% of stromal cells or < 2 donors
LINC01727,ENSG00000279082,lncRNA,1,3670,0.027,1,16,False,BELOW_DETECTION_THRESHOLD,Detected in < 1% of stromal cells or < 2 donors
LINC00440,ENSG00000234660,lncRNA,1,3670,0.027,1,16,False,BELOW_DETECTION_THRESHOLD,Detected in < 1% of stromal cells or < 2 donors
LINC00390,ENSG00000226519,lncRNA,1,3670,0.027,1,16,False,BELOW_DETECTION_THRESHOLD,Detected in < 1% of stromal cells or < 2 donors
LINC01351,ENSG00000237457,lncRNA,1,3670,0.027,1,16,False,BELOW_DETECTION_THRESHOLD,Detected in < 1% of stromal cells or < 2 donors
LINC02556,ENSG00000236611,lncRNA,1,3670,0.027,1,16,False,BELOW_DETECTION_THRESHOLD,Detected in < 1% of stromal cells or < 2 donors
LINC02554,ENSG00000226741,lncRNA,1,3670,0.027,1,16,False,BELOW_DETECTION_THRESHOLD,Detected in < 1% of stromal cells or < 2 donors
KIRREL3-AS3,ENSG00000218109,lncRNA,1,3670,0.027,1,16,False,BELOW_DETECTION_THRESHOLD,Detected in < 1% of stromal cells or < 2 donors
PPFIA2-AS1,ENSG00000257467,lncRNA,1,3670,0.027,1,16,False,BELOW_DETECTION_THRESHOLD,Detected in < 1% of stromal cells or < 2 donors
CDH18-AS1,ENSG00000249854,lncRNA,1,3670,0.027,1,16,False,BELOW_DETECTION_THRESHOLD,Detected in < 1% of stromal cells or < 2 donors
LINC02100,ENSG00000248693,lncRNA,1,3670,0.027,1,16,False,BELOW_DETECTION_THRESHOLD,Detected in < 1% of stromal cells or < 2 donors
LINC02119,ENSG00000248461,lncRNA,1,3670,0.027,1,16,False,BELOW_DETECTION_THRESHOLD,Detected in < 1% of stromal cells or < 2 donors
LINC02840,ENSG00000224893,lncRNA,1,3670,0.027,1,16,False,BELOW_DETECTION_THRESHOLD,Detected in < 1% of stromal cells or < 2 donors
FNDC1-IT1,ENSG00000235086,lncRNA,1,3670,0.027,1,16,False,BELOW_DETECTION_THRESHOLD,Detected in < 1% of stromal cells or < 2 donors
LINC02378,ENSG00000256994,lncRNA,1,3670,0.027,1,16,False,BELOW_DETECTION_THRESHOLD,Detected in < 1% of stromal cells or < 2 donors
HOTAIR,ENSG00000228630,lncRNA,1,3670,0.027,1,16,False,BELOW_DETECTION_THRESHOLD,Detected in < 1% of stromal cells or < 2 donors
LINC00895,ENSG00000281548,lncRNA,1,3670,0.027,1,16,False,BELOW_DETECTION_THRESHOLD,Detected in < 1% of stromal cells or < 2 donors
LINC01634,ENSG00000235295,lncRNA,1,3670,0.027,1,16,False,BELOW_DETECTION_THRESHOLD,Detected in < 1% of stromal cells or < 2 donors
LINC01633,ENSG00000260976,lncRNA,1,3670,0.027,1,16,False,BELOW_DETECTION_THRESHOLD,Detected in < 1% of stromal cells or < 2 donors
LPGAT1-AS1,ENSG00000229258,lncRNA,1,3670,0.027,1,16,False,BELOW_DETECTION_THRESHOLD,Detected in < 1% of stromal cells or < 2 donors
LINC01698,ENSG00000231648,lncRNA,1,3670,0.027,1,16,False,BELOW_DETECTION_THRESHOLD,Detected in < 1% of stromal cells or < 2 donors
LINC02452,ENSG00000283422,lncRNA,1,3670,0.027,1,16,False,BELOW_DETECTION_THRESHOLD,Detected in < 1% of stromal cells or < 2 donors
SOX5-AS1,ENSG00000256120,lncRNA,1,3670,0.027,1,16,False,BELOW_DETECTION_THRESHOLD,Detected in < 1% of stromal cells or < 2 donors
LINC02771,ENSG00000224535,lncRNA,1,3670,0.027,1,16,False,BELOW_DETECTION_THRESHOLD,Detected in < 1% of stromal cells or < 2 donors
LINC01300,ENSG00000253595,lncRNA,1,3670,0.027,1,16,False,BELOW_DETECTION_THRESHOLD,Detected in < 1% of stromal cells or < 2 donors
LINC01400,ENSG00000232920,lncRNA,1,3670,0.027,1,16,False,BELOW_DETECTION_THRESHOLD,Detected in < 1% of stromal cells or < 2 donors
CDKN2A-DT,ENSG00000224854,lncRNA,1,3670,0.027,1,16,False,BELOW_DETECTION_THRESHOLD,Detected in < 1% of stromal cells or < 2 donors
GPC6-AS1,ENSG00000236520,lncRNA,1,3670,0.027,1,16,False,BELOW_DETECTION_THRESHOLD,Detected in < 1% of stromal cells or < 2 donors
LINC02338,ENSG00000277448,lncRNA,1,3670,0.027,1,16,False,BELOW_DETECTION_THRESHOLD,Detected in < 1% of stromal cells or < 2 donors
LINC00994,ENSG00000189196,lncRNA,1,3670,0.027,1,16,False,BELOW_DETECTION_THRESHOLD,Detected in < 1% of stromal cells or < 2 donors
SLC9A9-AS2,ENSG00000244493,lncRNA,1,3670,0.027,1,16,False,BELOW_DETECTION_THRESHOLD,Detected in < 1% of stromal cells or < 2 donors
LINC02010,ENSG00000242671,lncRNA,1,3670,0.027,1,16,False,BELOW_DETECTION_THRESHOLD,Detected in < 1% of stromal cells or < 2 donors
LINC00635,ENSG00000241469,lncRNA,1,3670,0.027,1,16,False,BELOW_DETECTION_THRESHOLD,Detected in < 1% of stromal cells or < 2 donors
CLSTN2-AS1,ENSG00000250433,lncRNA,1,3670,0.027,1,16,False,BELOW_DETECTION_THRESHOLD,Detected in < 1% of stromal cells or < 2 donors
LINC01478,ENSG00000267337,lncRNA,1,3670,0.027,1,16,False,BELOW_DETECTION_THRESHOLD,Detected in < 1% of stromal cells or < 2 donors
GRM7-AS1,ENSG00000236202,lncRNA,1,3670,0.027,1,16,False,BELOW_DETECTION_THRESHOLD,Detected in < 1% of stromal cells or < 2 donors
SNAP25-AS1,ENSG00000227906,lncRNA,1,3670,0.027,1,16,False,BELOW_DETECTION_THRESHOLD,Detected in < 1% of stromal cells or < 2 donors
LINC02855,ENSG00000254209,lncRNA,1,3670,0.027,1,16,False,BELOW_DETECTION_THRESHOLD,Detected in < 1% of stromal cells or < 2 donors
ZFAT-AS1,ENSG00000248492,lncRNA,1,3670,0.027,1,16,False,BELOW_DETECTION_THRESHOLD,Detected in < 1% of stromal cells or < 2 donors
MEF2C-AS2,ENSG00000245864,lncRNA,1,3670,0.027,1,16,False,BELOW_DETECTION_THRESHOLD,Detected in < 1% of stromal cells or < 2 donors
RASGRF2-AS1,ENSG00000251450,lncRNA,1,3670,0.027,1,16,False,BELOW_DETECTION_THRESHOLD,Detected in < 1% of stromal cells or < 2 donors
VCAN-AS1,ENSG00000249835,lncRNA,1,3670,0.027,1,16,False,BELOW_DETECTION_THRESHOLD,Detected in < 1% of stromal cells or < 2 donors
LINC00677,ENSG00000259717,lncRNA,1,3670,0.027,1,16,False,BELOW_DETECTION_THRESHOLD,Detected in < 1% of stromal cells or < 2 donors
MLIP-AS1,ENSG00000235050,lncRNA,1,3670,0.027,1,16,False,BELOW_DETECTION_THRESHOLD,Detected in < 1% of stromal cells or < 2 donors
LINC02034,ENSG00000282975,lncRNA,1,3670,0.027,1,16,False,BELOW_DETECTION_THRESHOLD,Detected in < 1% of stromal cells or < 2 donors
SOX1-OT,ENSG00000224243,lncRNA,1,3670,0.027,1,16,False,BELOW_DETECTION_THRESHOLD,Detected in < 1% of stromal cells or < 2 donors
LINC01926,ENSG00000267593,lncRNA,1,3670,0.027,1,16,False,BELOW_DETECTION_THRESHOLD,Detected in < 1% of stromal cells or < 2 donors
LINC01897,ENSG00000267209,lncRNA,1,3670,0.027,1,16,False,BELOW_DETECTION_THRESHOLD,Detected in < 1% of stromal cells or < 2 donors
PCAT18,ENSG00000265369,lncRNA,1,3670,0.027,1,16,False,BELOW_DETECTION_THRESHOLD,Detected in < 1% of stromal cells or < 2 donors
LINC00668,ENSG00000265933,lncRNA,1,3670,0.027,1,16,False,BELOW_DETECTION_THRESHOLD,Detected in < 1% of stromal cells or < 2 donors
LINC01900,ENSG00000265758,lncRNA,1,3670,0.027,1,16,False,BELOW_DETECTION_THRESHOLD,Detected in < 1% of stromal cells or < 2 donors
LINC02056,ENSG00000248371,lncRNA,1,3670,0.027,1,16,False,BELOW_DETECTION_THRESHOLD,Detected in < 1% of stromal cells or < 2 donors
LINC01337,ENSG00000251221,lncRNA,1,3670,0.027,1,16,False,BELOW_DETECTION_THRESHOLD,Detected in < 1% of stromal cells or < 2 donors
LINC02101,ENSG00000248132,lncRNA,1,3670,0.027,1,16,False,BELOW_DETECTION_THRESHOLD,Detected in < 1% of stromal cells or < 2 donors
BVES-AS1,ENSG00000203808,lncRNA,1,3670,0.027,1,16,False,BELOW_DETECTION_THRESHOLD,Detected in < 1% of stromal cells or < 2 donors
TRDN-AS1,ENSG00000235535,lncRNA,1,3670,0.027,1,16,False,BELOW_DETECTION_THRESHOLD,Detected in < 1% of stromal cells or < 2 donors
LINC02285,ENSG00000259004,lncRNA,1,3670,0.027,1,16,False,BELOW_DETECTION_THRESHOLD,Detected in < 1% of stromal cells or < 2 donors
LINC02450,ENSG00000257114,lncRNA,1,3670,0.027,1,16,False,BELOW_DETECTION_THRESHOLD,Detected in < 1% of stromal cells or < 2 donors
RERG-IT1,ENSG00000256650,lncRNA,1,3670,0.027,1,16,False,BELOW_DETECTION_THRESHOLD,Detected in < 1% of stromal cells or < 2 donors
LINC02468,ENSG00000256499,lncRNA,1,3670,0.027,1,16,False,BELOW_DETECTION_THRESHOLD,Detected in < 1% of stromal cells or < 2 donors
LINC02623,ENSG00000234944,lncRNA,1,3670,0.027,1,16,False,BELOW_DETECTION_THRESHOLD,Detected in < 1% of stromal cells or < 2 donors
LINC01397,ENSG00000258673,lncRNA,1,3670,0.027,1,16,False,BELOW_DETECTION_THRESHOLD,Detected in < 1% of stromal cells or < 2 donors
DSCR4,ENSG00000184029,lncRNA,1,3670,0.027,1,16,False,BELOW_DETECTION_THRESHOLD,Detected in < 1% of stromal cells or < 2 donors
LINC01586,ENSG00000249487,lncRNA,1,3670,0.027,1,16,False,BELOW_DETECTION_THRESHOLD,Detected in < 1% of stromal cells or < 2 donors
HLA-DQB1-AS1,ENSG00000223534,lncRNA,1,3670,0.027,1,16,False,BELOW_DETECTION_THRESHOLD,Detected in < 1% of stromal cells or < 2 donors
LINC01108,ENSG00000226673,lncRNA,1,3670,0.027,1,16,False,BELOW_DETECTION_THRESHOLD,Detected in < 1% of stromal cells or < 2 donors
LINC02327,ENSG00000258038,lncRNA,1,3670,0.027,1,16,False,BELOW_DETECTION_THRESHOLD,Detected in < 1% of stromal cells or < 2 donors
LINC02351,ENSG00000277987,lncRNA,1,3670,0.027,1,16,False,BELOW_DETECTION_THRESHOLD,Detected in < 1% of stromal cells or < 2 donors
PLA2G4E-AS1,ENSG00000246740,lncRNA,1,3670,0.027,1,16,False,BELOW_DETECTION_THRESHOLD,Detected in < 1% of stromal cells or < 2 donors
LINC02224,ENSG00000249203,lncRNA,1,3670,0.027,1,16,False,BELOW_DETECTION_THRESHOLD,Detected in < 1% of stromal cells or < 2 donors
SPATA8,ENSG00000185594,lncRNA,1,3670,0.027,1,16,False,BELOW_DETECTION_THRESHOLD,Detected in < 1% of stromal cells or < 2 donors
LINC02395,ENSG00000257771,lncRNA,1,3670,0.027,1,16,False,BELOW_DETECTION_THRESHOLD,Detected in < 1% of stromal cells or < 2 donors
LINC00567,ENSG00000259831,lncRNA,1,3670,0.027,1,16,False,BELOW_DETECTION_THRESHOLD,Detected in < 1% of stromal cells or < 2 donors
LINC00347,ENSG00000236678,lncRNA,1,3670,0.027,1,16,False,BELOW_DETECTION_THRESHOLD,Detected in < 1% of stromal cells or < 2 donors
LINC01039,ENSG00000234168,lncRNA,1,3670,0.027,1,16,False,BELOW_DETECTION_THRESHOLD,Detected in < 1% of stromal cells or < 2 donors
LINC01543,ENSG00000263862,lncRNA,1,3670,0.027,1,16,False,BELOW_DETECTION_THRESHOLD,Detected in < 1% of stromal cells or < 2 donors
LSINCT5,ENSG00000281560,lncRNA,1,3670,0.027,1,16,False,BELOW_DETECTION_THRESHOLD,Detected in < 1% of stromal cells or < 2 donors
NADK2-AS1,ENSG00000245711,lncRNA,1,3670,0.027,1,16,False,BELOW_DETECTION_THRESHOLD,Detected in < 1% of stromal cells or < 2 donors
LINC01622,ENSG00000286785,lncRNA,1,3670,0.027,1,16,False,BELOW_DETECTION_THRESHOLD,Detected in < 1% of stromal cells or < 2 donors
MIR548A1HG,ENSG00000283408,lncRNA,1,3670,0.027,1,16,False,BELOW_DETECTION_THRESHOLD,Detected in < 1% of stromal cells or < 2 donors
NBAT1,ENSG00000260455,lncRNA,1,3670,0.027,1,16,False,BELOW_DETECTION_THRESHOLD,Detected in < 1% of stromal cells or < 2 donors
LINC02346,ENSG00000206187,lncRNA,1,3670,0.027,1,16,False,BELOW_DETECTION_THRESHOLD,Detected in < 1% of stromal cells or < 2 donors
CLEC12A-AS1,ENSG00000231560,lncRNA,1,3670,0.027,1,16,False,BELOW_DETECTION_THRESHOLD,Detected in < 1% of stromal cells or < 2 donors
LINC02671,ENSG00000224714,lncRNA,1,3670,0.027,1,16,False,BELOW_DETECTION_THRESHOLD,Detected in < 1% of stromal cells or < 2 donors
VAV3-AS1,ENSG00000230489,lncRNA,1,3670,0.027,1,16,False,BELOW_DETECTION_THRESHOLD,Detected in < 1% of stromal cells or < 2 donors
DSCR8,ENSG00000198054,lncRNA,1,3670,0.027,1,16,False,BELOW_DETECTION_THRESHOLD,Detected in < 1% of stromal cells or < 2 donors
LINC02664,ENSG00000272381,lncRNA,1,3670,0.027,1,16,False,BELOW_DETECTION_THRESHOLD,Detected in < 1% of stromal cells or < 2 donors
ANK3-DT,ENSG00000254271,lncRNA,1,3670,0.027,1,16,False,BELOW_DETECTION_THRESHOLD,Detected in < 1% of stromal cells or < 2 donors
LINC00858,ENSG00000229404,lncRNA,1,3670,0.027,1,16,False,BELOW_DETECTION_THRESHOLD,Detected in < 1% of stromal cells or < 2 donors
RERG-AS1,ENSG00000255660,lncRNA,1,3670,0.027,1,16,False,BELOW_DETECTION_THRESHOLD,Detected in < 1% of stromal cells or < 2 donors
ITFG2-AS1,ENSG00000258325,lncRNA,1,3670,0.027,1,16,False,BELOW_DETECTION_THRESHOLD,Detected in < 1% of stromal cells or < 2 donors
CFAP58-DT,ENSG00000231233,lncRNA,1,3670,0.027,1,16,False,BELOW_DETECTION_THRESHOLD,Detected in < 1% of stromal cells or < 2 donors
LINC00381,ENSG00000226240,lncRNA,1,3670,0.027,1,16,False,BELOW_DETECTION_THRESHOLD,Detected in < 1% of stromal cells or < 2 donors
MIR3150BHG,ENSG00000245080,lncRNA,1,3670,0.027,1,16,False,BELOW_DETECTION_THRESHOLD,Detected in < 1% of stromal cells or < 2 donors
LINC00535,ENSG00000246662,lncRNA,1,3670,0.027,1,16,False,BELOW_DETECTION_THRESHOLD,Detected in < 1% of stromal cells or < 2 donors
LINC01443,ENSG00000266554,lncRNA,1,3670,0.027,1,16,False,BELOW_DETECTION_THRESHOLD,Detected in < 1% of stromal cells or < 2 donors
LINC02016,ENSG00000244215,lncRNA,1,3670,0.027,1,16,False,BELOW_DETECTION_THRESHOLD,Detected in < 1% of stromal cells or < 2 donors
LINC01919,ENSG00000263438,lncRNA,1,3670,0.027,1,16,False,BELOW_DETECTION_THRESHOLD,Detected in < 1% of stromal cells or < 2 donors
BAALC-AS2,ENSG00000236939,lncRNA,1,3670,0.027,1,16,False,BELOW_DETECTION_THRESHOLD,Detected in < 1% of stromal cells or < 2 donors
LINC01922,ENSG00000259779,lncRNA,1,3670,0.027,1,16,False,BELOW_DETECTION_THRESHOLD,Detected in < 1% of stromal cells or < 2 donors
LINC01910,ENSG00000266278,lncRNA,1,3670,0.027,1,16,False,BELOW_DETECTION_THRESHOLD,Detected in < 1% of stromal cells or < 2 donors
LINC01299,ENSG00000254081,lncRNA,1,3670,0.027,1,16,False,BELOW_DETECTION_THRESHOLD,Detected in < 1% of stromal cells or < 2 donors
TMEM75,ENSG00000280055,TEC,1,3670,0.027,1,16,False,BELOW_DETECTION_THRESHOLD,Detected in < 1% of stromal cells or < 2 donors
LINC02810,ENSG00000236648,lncRNA,1,3670,0.027,1,16,False,BELOW_DETECTION_THRESHOLD,Detected in < 1% of stromal cells or < 2 donors
LINC02599,ENSG00000233858,lncRNA,1,3670,0.027,1,16,False,BELOW_DETECTION_THRESHOLD,Detected in < 1% of stromal cells or < 2 donors
ARHGAP26-IT1,ENSG00000230789,lncRNA,1,3670,0.027,1,16,False,BELOW_DETECTION_THRESHOLD,Detected in < 1% of stromal cells or < 2 donors
TRPC7-AS2,ENSG00000250947,lncRNA,1,3670,0.027,1,16,False,BELOW_DETECTION_THRESHOLD,Detected in < 1% of stromal cells or < 2 donors
LINC02208,ENSG00000250891,lncRNA,1,3670,0.027,1,16,False,BELOW_DETECTION_THRESHOLD,Detected in < 1% of stromal cells or < 2 donors
LINC00160,ENSG00000230978,lncRNA,1,3670,0.027,1,16,False,BELOW_DETECTION_THRESHOLD,Detected in < 1% of stromal cells or < 2 donors
TRPM2-AS,ENSG00000230061,lncRNA,1,3670,0.027,1,16,False,BELOW_DETECTION_THRESHOLD,Detected in < 1% of stromal cells or < 2 donors
LINC01781,ENSG00000234184,lncRNA,1,3670,0.027,1,16,False,BELOW_DETECTION_THRESHOLD,Detected in < 1% of stromal cells or < 2 donors
LINC02625,ENSG00000233643,lncRNA,1,3670,0.027,1,16,False,BELOW_DETECTION_THRESHOLD,Detected in < 1% of stromal cells or < 2 donors
TMEM26-AS1,ENSG00000237233,lncRNA,1,3670,0.027,1,16,False,BELOW_DETECTION_THRESHOLD,Detected in < 1% of stromal cells or < 2 donors
C10orf71-AS1,ENSG00000236208,lncRNA,1,3670,0.027,1,16,False,BELOW_DETECTION_THRESHOLD,Detected in < 1% of stromal cells or < 2 donors
BRWD1-AS1,ENSG00000238141,lncRNA,1,3670,0.027,1,16,False,BELOW_DETECTION_THRESHOLD,Detected in < 1% of stromal cells or < 2 donors
BACE2-IT1,ENSG00000224388,lncRNA,1,3670,0.027,1,16,False,BELOW_DETECTION_THRESHOLD,Detected in < 1% of stromal cells or < 2 donors
PLCE1-AS2,ENSG00000232913,lncRNA,1,3670,0.027,1,16,False,BELOW_DETECTION_THRESHOLD,Detected in < 1% of stromal cells or < 2 donors
LINC00334,ENSG00000182586,lncRNA,1,3670,0.027,1,16,False,BELOW_DETECTION_THRESHOLD,Detected in < 1% of stromal cells or < 2 donors
LINC01647,ENSG00000235643,lncRNA,1,3670,0.027,1,16,False,BELOW_DETECTION_THRESHOLD,Detected in < 1% of stromal cells or < 2 donors
LINC02575,ENSG00000228709,lncRNA,1,3670,0.027,1,16,False,BELOW_DETECTION_THRESHOLD,Detected in < 1% of stromal cells or < 2 donors
LINC00492,ENSG00000250958,lncRNA,1,3670,0.027,1,16,False,BELOW_DETECTION_THRESHOLD,Detected in < 1% of stromal cells or < 2 donors
LINC01364,ENSG00000227290,lncRNA,1,3670,0.027,1,16,False,BELOW_DETECTION_THRESHOLD,Detected in < 1% of stromal cells or < 2 donors
CLYBL-AS2,ENSG00000227659,lncRNA,1,3670,0.027,1,16,False,BELOW_DETECTION_THRESHOLD,Detected in < 1% of stromal cells or < 2 donors
LINC01879,ENSG00000276397,lncRNA,1,3670,0.027,1,16,False,BELOW_DETECTION_THRESHOLD,Detected in < 1% of stromal cells or < 2 donors
LINC01391,ENSG00000244578,lncRNA,1,3670,0.027,1,16,False,BELOW_DETECTION_THRESHOLD,Detected in < 1% of stromal cells or < 2 donors
LRRC2-AS1,ENSG00000268324,lncRNA,1,3670,0.027,1,16,False,BELOW_DETECTION_THRESHOLD,Detected in < 1% of stromal cells or < 2 donors
LINC00658,ENSG00000226995,lncRNA,1,3670,0.027,1,16,False,BELOW_DETECTION_THRESHOLD,Detected in < 1% of stromal cells or < 2 donors
KIZ-AS1,ENSG00000232712,lncRNA,1,3670,0.027,1,16,False,BELOW_DETECTION_THRESHOLD,Detected in < 1% of stromal cells or < 2 donors
SCHLAP1,ENSG00000281131,lncRNA,1,3670,0.027,1,16,False,BELOW_DETECTION_THRESHOLD,Detected in < 1% of stromal cells or < 2 donors
LINC01856,ENSG00000237574,lncRNA,1,3670,0.027,1,16,False,BELOW_DETECTION_THRESHOLD,Detected in < 1% of stromal cells or < 2 donors
SLC25A34-AS1,ENSG00000224459,lncRNA,1,3670,0.027,1,16,False,BELOW_DETECTION_THRESHOLD,Detected in < 1% of stromal cells or < 2 donors
LINC00313,ENSG00000185186,lncRNA,1,3670,0.027,1,16,False,BELOW_DETECTION_THRESHOLD,Detected in < 1% of stromal cells or < 2 donors
LINC01484,ENSG00000253686,lncRNA,1,3670,0.027,1,16,False,BELOW_DETECTION_THRESHOLD,Detected in < 1% of stromal cells or < 2 donors
LINC01574,ENSG00000248859,lncRNA,1,3670,0.027,1,16,False,BELOW_DETECTION_THRESHOLD,Detected in < 1% of stromal cells or < 2 donors
LINC01165,ENSG00000229081,lncRNA,1,3670,0.027,1,16,False,BELOW_DETECTION_THRESHOLD,Detected in < 1% of stromal cells or < 2 donors
LINC02793,ENSG00000285823,lncRNA,1,3670,0.027,1,16,False,BELOW_DETECTION_THRESHOLD,Detected in < 1% of stromal cells or < 2 donors
BRWD1-IT1,ENSG00000237373,lncRNA,1,3670,0.027,1,16,False,BELOW_DETECTION_THRESHOLD,Detected in < 1% of stromal cells or < 2 donors
ERVH48-1,ENSG00000233056,lncRNA,1,3670,0.027,1,16,False,BELOW_DETECTION_THRESHOLD,Detected in < 1% of stromal cells or < 2 donors
IATPR,ENSG00000233387,lncRNA,1,3670,0.027,1,16,False,BELOW_DETECTION_THRESHOLD,Detected in < 1% of stromal cells or < 2 donors
HLCS-IT1,ENSG00000237646,lncRNA,1,3670,0.027,1,16,False,BELOW_DETECTION_THRESHOLD,Detected in < 1% of stromal cells or < 2 donors
LINC01672,ENSG00000228750,lncRNA,0,3670,0.0,0,16,False,BELOW_DETECTION_THRESHOLD,Detected in < 1% of stromal cells or < 2 donors
LINC02808,ENSG00000284696,lncRNA,0,3670,0.0,0,16,False,BELOW_DETECTION_THRESHOLD,Detected in < 1% of stromal cells or < 2 donors
LINC02794,ENSG00000226133,lncRNA,0,3670,0.0,0,16,False,BELOW_DETECTION_THRESHOLD,Detected in < 1% of stromal cells or < 2 donors
LINC01654,ENSG00000261781,lncRNA,0,3670,0.0,0,16,False,BELOW_DETECTION_THRESHOLD,Detected in < 1% of stromal cells or < 2 donors
LINC01398,ENSG00000224863,lncRNA,0,3670,0.0,0,16,False,BELOW_DETECTION_THRESHOLD,Detected in < 1% of stromal cells or < 2 donors
LINC02596,ENSG00000233431,lncRNA,0,3670,0.0,0,16,False,BELOW_DETECTION_THRESHOLD,Detected in < 1% of stromal cells or < 2 donors
LINC01668,ENSG00000283051,lncRNA,0,3670,0.0,0,16,False,BELOW_DETECTION_THRESHOLD,Detected in < 1% of stromal cells or < 2 donors
COL18A1-AS2,ENSG00000224574,lncRNA,0,3670,0.0,0,16,False,BELOW_DETECTION_THRESHOLD,Detected in < 1% of stromal cells or < 2 donors
LINC02567,ENSG00000237552,lncRNA,0,3670,0.0,0,16,False,BELOW_DETECTION_THRESHOLD,Detected in < 1% of stromal cells or < 2 donors
LINC01360,ENSG00000233973,lncRNA,0,3670,0.0,0,16,False,BELOW_DETECTION_THRESHOLD,Detected in < 1% of stromal cells or < 2 donors
LINC01767,ENSG00000223956,lncRNA,0,3670,0.0,0,16,False,BELOW_DETECTION_THRESHOLD,Detected in < 1% of stromal cells or < 2 donors
AGBL4-IT1,ENSG00000225623,lncRNA,0,3670,0.0,0,16,False,BELOW_DETECTION_THRESHOLD,Detected in < 1% of stromal cells or < 2 donors
LINC01707,ENSG00000223883,lncRNA,0,3670,0.0,0,16,False,BELOW_DETECTION_THRESHOLD,Detected in < 1% of stromal cells or < 2 donors
LINC00466,ENSG00000224209,lncRNA,0,3670,0.0,0,16,False,BELOW_DETECTION_THRESHOLD,Detected in < 1% of stromal cells or < 2 donors
LINC02791,ENSG00000235446,lncRNA,0,3670,0.0,0,16,False,BELOW_DETECTION_THRESHOLD,Detected in < 1% of stromal cells or < 2 donors
LINC01685,ENSG00000238063,lncRNA,0,3670,0.0,0,16,False,BELOW_DETECTION_THRESHOLD,Detected in < 1% of stromal cells or < 2 donors
TXNDC12-AS1,ENSG00000228369,lncRNA,0,3670,0.0,0,16,False,BELOW_DETECTION_THRESHOLD,Detected in < 1% of stromal cells or < 2 donors
ITPRIP-AS1,ENSG00000228261,lncRNA,0,3670,0.0,0,16,False,BELOW_DETECTION_THRESHOLD,Detected in < 1% of stromal cells or < 2 donors
LINC00866,ENSG00000227356,lncRNA,0,3670,0.0,0,16,False,BELOW_DETECTION_THRESHOLD,Detected in < 1% of stromal cells or < 2 donors
FANK1-AS1,ENSG00000233409,lncRNA,0,3670,0.0,0,16,False,BELOW_DETECTION_THRESHOLD,Detected in < 1% of stromal cells or < 2 donors
LINC02627,ENSG00000229466,lncRNA,0,3670,0.0,0,16,False,BELOW_DETECTION_THRESHOLD,Detected in < 1% of stromal cells or < 2 donors
LINC01163,ENSG00000280953,lncRNA,0,3670,0.0,0,16,False,BELOW_DETECTION_THRESHOLD,Detected in < 1% of stromal cells or < 2 donors
LINC02667,ENSG00000224190,lncRNA,0,3670,0.0,0,16,False,BELOW_DETECTION_THRESHOLD,Detected in < 1% of stromal cells or < 2 donors
LINC02674,ENSG00000234952,lncRNA,0,3670,0.0,0,16,False,BELOW_DETECTION_THRESHOLD,Detected in < 1% of stromal cells or < 2 donors
TEX36-AS1,ENSG00000237675,lncRNA,0,3670,0.0,0,16,False,BELOW_DETECTION_THRESHOLD,Detected in < 1% of stromal cells or < 2 donors
LINC02661,ENSG00000223381,lncRNA,0,3670,0.0,0,16,False,BELOW_DETECTION_THRESHOLD,Detected in < 1% of stromal cells or < 2 donors
CDH23-AS1,ENSG00000223817,lncRNA,0,3670,0.0,0,16,False,BELOW_DETECTION_THRESHOLD,Detected in < 1% of stromal cells or < 2 donors
LINC02673,ENSG00000260151,lncRNA,0,3670,0.0,0,16,False,BELOW_DETECTION_THRESHOLD,Detected in < 1% of stromal cells or < 2 donors
LINC00502,ENSG00000224851,lncRNA,0,3670,0.0,0,16,False,BELOW_DETECTION_THRESHOLD,Detected in < 1% of stromal cells or < 2 donors
LINC02629,ENSG00000223470,lncRNA,0,3670,0.0,0,16,False,BELOW_DETECTION_THRESHOLD,Detected in < 1% of stromal cells or < 2 donors
TLX1NB,ENSG00000236311,lncRNA,0,3670,0.0,0,16,False,BELOW_DETECTION_THRESHOLD,Detected in < 1% of stromal cells or < 2 donors
MIR3663HG,ENSG00000234474,lncRNA,0,3670,0.0,0,16,False,BELOW_DETECTION_THRESHOLD,Detected in < 1% of stromal cells or < 2 donors
LINC02651,ENSG00000235645,lncRNA,0,3670,0.0,0,16,False,BELOW_DETECTION_THRESHOLD,Detected in < 1% of stromal cells or < 2 donors
SLC39A12-AS1,ENSG00000226083,lncRNA,0,3670,0.0,0,16,False,BELOW_DETECTION_THRESHOLD,Detected in < 1% of stromal cells or < 2 donors
LINC02659,ENSG00000236769,lncRNA,0,3670,0.0,0,16,False,BELOW_DETECTION_THRESHOLD,Detected in < 1% of stromal cells or < 2 donors
LINC02622,ENSG00000259267,lncRNA,0,3670,0.0,0,16,False,BELOW_DETECTION_THRESHOLD,Detected in < 1% of stromal cells or < 2 donors
LINC01514,ENSG00000237579,lncRNA,0,3670,0.0,0,16,False,BELOW_DETECTION_THRESHOLD,Detected in < 1% of stromal cells or < 2 donors
LINC02665,ENSG00000223581,lncRNA,0,3670,0.0,0,16,False,BELOW_DETECTION_THRESHOLD,Detected in < 1% of stromal cells or < 2 donors
LINC02633,ENSG00000224265,lncRNA,0,3670,0.0,0,16,False,BELOW_DETECTION_THRESHOLD,Detected in < 1% of stromal cells or < 2 donors
LINC01264,ENSG00000229630,lncRNA,0,3670,0.0,0,16,False,BELOW_DETECTION_THRESHOLD,Detected in < 1% of stromal cells or < 2 donors
LINC00837,ENSG00000235824,lncRNA,0,3670,0.0,0,16,False,BELOW_DETECTION_THRESHOLD,Detected in < 1% of stromal cells or < 2 donors
SORCS3-AS1,ENSG00000226387,lncRNA,0,3670,0.0,0,16,False,BELOW_DETECTION_THRESHOLD,Detected in < 1% of stromal cells or < 2 donors
LINC02620,ENSG00000225768,lncRNA,0,3670,0.0,0,16,False,BELOW_DETECTION_THRESHOLD,Detected in < 1% of stromal cells or < 2 donors
LINC01153,ENSG00000227143,lncRNA,0,3670,0.0,0,16,False,BELOW_DETECTION_THRESHOLD,Detected in < 1% of stromal cells or < 2 donors
LINC01167,ENSG00000224758,lncRNA,0,3670,0.0,0,16,False,BELOW_DETECTION_THRESHOLD,Detected in < 1% of stromal cells or < 2 donors
LINC02681,ENSG00000229649,lncRNA,0,3670,0.0,0,16,False,BELOW_DETECTION_THRESHOLD,Detected in < 1% of stromal cells or < 2 donors
LINC02626,ENSG00000236799,lncRNA,0,3670,0.0,0,16,False,BELOW_DETECTION_THRESHOLD,Detected in < 1% of stromal cells or < 2 donors
NEURL1-AS1,ENSG00000235470,lncRNA,0,3670,0.0,0,16,False,BELOW_DETECTION_THRESHOLD,Detected in < 1% of stromal cells or < 2 donors
LINC01435,ENSG00000229981,lncRNA,0,3670,0.0,0,16,False,BELOW_DETECTION_THRESHOLD,Detected in < 1% of stromal cells or < 2 donors
LINC01375,ENSG00000226159,lncRNA,0,3670,0.0,0,16,False,BELOW_DETECTION_THRESHOLD,Detected in < 1% of stromal cells or < 2 donors
LINC02650,ENSG00000233945,lncRNA,0,3670,0.0,0,16,False,BELOW_DETECTION_THRESHOLD,Detected in < 1% of stromal cells or < 2 donors
LINC02634,ENSG00000233200,lncRNA,0,3670,0.0,0,16,False,BELOW_DETECTION_THRESHOLD,Detected in < 1% of stromal cells or < 2 donors
LINC02628,ENSG00000226412,lncRNA,0,3670,0.0,0,16,False,BELOW_DETECTION_THRESHOLD,Detected in < 1% of stromal cells or < 2 donors
NRG3-AS1,ENSG00000225738,lncRNA,0,3670,0.0,0,16,False,BELOW_DETECTION_THRESHOLD,Detected in < 1% of stromal cells or < 2 donors
ZNF32-AS1,ENSG00000226245,lncRNA,0,3670,0.0,0,16,False,BELOW_DETECTION_THRESHOLD,Detected in < 1% of stromal cells or < 2 donors
LINC01518,ENSG00000233515,lncRNA,0,3670,0.0,0,16,False,BELOW_DETECTION_THRESHOLD,Detected in < 1% of stromal cells or < 2 donors
LINC02417,ENSG00000257048,lncRNA,0,3670,0.0,0,16,False,BELOW_DETECTION_THRESHOLD,Detected in < 1% of stromal cells or < 2 donors
LINC02367,ENSG00000260423,lncRNA,0,3670,0.0,0,16,False,BELOW_DETECTION_THRESHOLD,Detected in < 1% of stromal cells or < 2 donors
A2ML1-AS2,ENSG00000256904,lncRNA,0,3670,0.0,0,16,False,BELOW_DETECTION_THRESHOLD,Detected in < 1% of stromal cells or < 2 donors
A2ML1-AS1,ENSG00000256661,lncRNA,0,3670,0.0,0,16,False,BELOW_DETECTION_THRESHOLD,Detected in < 1% of stromal cells or < 2 donors
TSPAN9-IT1,ENSG00000256197,lncRNA,0,3670,0.0,0,16,False,BELOW_DETECTION_THRESHOLD,Detected in < 1% of stromal cells or < 2 donors
FAM138D,ENSG00000249054,lncRNA,0,3670,0.0,0,16,False,BELOW_DETECTION_THRESHOLD,Detected in < 1% of stromal cells or < 2 donors
LINC02642,ENSG00000232591,lncRNA,0,3670,0.0,0,16,False,BELOW_DETECTION_THRESHOLD,Detected in < 1% of stromal cells or < 2 donors
LINC00845,ENSG00000227244,lncRNA,0,3670,0.0,0,16,False,BELOW_DETECTION_THRESHOLD,Detected in < 1% of stromal cells or < 2 donors
LINC02647,ENSG00000223993,lncRNA,0,3670,0.0,0,16,False,BELOW_DETECTION_THRESHOLD,Detected in < 1% of stromal cells or < 2 donors
PCAT5,ENSG00000280719,lncRNA,0,3670,0.0,0,16,False,BELOW_DETECTION_THRESHOLD,Detected in < 1% of stromal cells or < 2 donors
LINC02632,ENSG00000234864,lncRNA,0,3670,0.0,0,16,False,BELOW_DETECTION_THRESHOLD,Detected in < 1% of stromal cells or < 2 donors
FAM245B,ENSG00000285662,lncRNA,0,3670,0.0,0,16,False,BELOW_DETECTION_THRESHOLD,Detected in < 1% of stromal cells or < 2 donors
LINC00838,ENSG00000261683,lncRNA,0,3670,0.0,0,16,False,BELOW_DETECTION_THRESHOLD,Detected in < 1% of stromal cells or < 2 donors
MKX-AS1,ENSG00000230500,lncRNA,0,3670,0.0,0,16,False,BELOW_DETECTION_THRESHOLD,Detected in < 1% of stromal cells or < 2 donors
LINC02386,ENSG00000257756,lncRNA,0,3670,0.0,0,16,False,BELOW_DETECTION_THRESHOLD,Detected in < 1% of stromal cells or < 2 donors
LINC02390,ENSG00000256582,lncRNA,0,3670,0.0,0,16,False,BELOW_DETECTION_THRESHOLD,Detected in < 1% of stromal cells or < 2 donors
LINC02406,ENSG00000258144,lncRNA,0,3670,0.0,0,16,False,BELOW_DETECTION_THRESHOLD,Detected in < 1% of stromal cells or < 2 donors
LINC02598,ENSG00000256155,lncRNA,0,3670,0.0,0,16,False,BELOW_DETECTION_THRESHOLD,Detected in < 1% of stromal cells or < 2 donors
LINC02653,ENSG00000236373,lncRNA,0,3670,0.0,0,16,False,BELOW_DETECTION_THRESHOLD,Detected in < 1% of stromal cells or < 2 donors
LINC02637,ENSG00000272430,lncRNA,0,3670,0.0,0,16,False,BELOW_DETECTION_THRESHOLD,Detected in < 1% of stromal cells or < 2 donors
LINC01520,ENSG00000230962,lncRNA,0,3670,0.0,0,16,False,BELOW_DETECTION_THRESHOLD,Detected in < 1% of stromal cells or < 2 donors
LINC01553,ENSG00000235931,lncRNA,0,3670,0.0,0,16,False,BELOW_DETECTION_THRESHOLD,Detected in < 1% of stromal cells or < 2 donors
LINC01519,ENSG00000237267,lncRNA,0,3670,0.0,0,16,False,BELOW_DETECTION_THRESHOLD,Detected in < 1% of stromal cells or < 2 donors
GRID1-AS1,ENSG00000234942,lncRNA,0,3670,0.0,0,16,False,BELOW_DETECTION_THRESHOLD,Detected in < 1% of stromal cells or < 2 donors
LINC02655,ENSG00000231082,lncRNA,0,3670,0.0,0,16,False,BELOW_DETECTION_THRESHOLD,Detected in < 1% of stromal cells or < 2 donors
LINC02675,ENSG00000264404,lncRNA,0,3670,0.0,0,16,False,BELOW_DETECTION_THRESHOLD,Detected in < 1% of stromal cells or < 2 donors
LINC02561,ENSG00000224034,lncRNA,0,3670,0.0,0,16,False,BELOW_DETECTION_THRESHOLD,Detected in < 1% of stromal cells or < 2 donors
LINC00840,ENSG00000226808,lncRNA,0,3670,0.0,0,16,False,BELOW_DETECTION_THRESHOLD,Detected in < 1% of stromal cells or < 2 donors
LINC02658,ENSG00000234973,lncRNA,0,3670,0.0,0,16,False,BELOW_DETECTION_THRESHOLD,Detected in < 1% of stromal cells or < 2 donors
LINC02644,ENSG00000230720,lncRNA,0,3670,0.0,0,16,False,BELOW_DETECTION_THRESHOLD,Detected in < 1% of stromal cells or < 2 donors
ZNF32-AS3,ENSG00000223910,lncRNA,0,3670,0.0,0,16,False,BELOW_DETECTION_THRESHOLD,Detected in < 1% of stromal cells or < 2 donors
GPR158-AS1,ENSG00000233642,lncRNA,0,3670,0.0,0,16,False,BELOW_DETECTION_THRESHOLD,Detected in < 1% of stromal cells or < 2 donors
LINC01516,ENSG00000231422,lncRNA,0,3670,0.0,0,16,False,BELOW_DETECTION_THRESHOLD,Detected in < 1% of stromal cells or < 2 donors
LINC02402,ENSG00000257510,lncRNA,0,3670,0.0,0,16,False,BELOW_DETECTION_THRESHOLD,Detected in < 1% of stromal cells or < 2 donors
LINC00477,ENSG00000197503,lncRNA,0,3670,0.0,0,16,False,BELOW_DETECTION_THRESHOLD,Detected in < 1% of stromal cells or < 2 donors
ARNTL2-AS1,ENSG00000245311,lncRNA,0,3670,0.0,0,16,False,BELOW_DETECTION_THRESHOLD,Detected in < 1% of stromal cells or < 2 donors
LINC02416,ENSG00000257924,lncRNA,0,3670,0.0,0,16,False,BELOW_DETECTION_THRESHOLD,Detected in < 1% of stromal cells or < 2 donors
LINC02630,ENSG00000227313,lncRNA,0,3670,0.0,0,16,False,BELOW_DETECTION_THRESHOLD,Detected in < 1% of stromal cells or < 2 donors
LINC02654,ENSG00000226140,lncRNA,0,3670,0.0,0,16,False,BELOW_DETECTION_THRESHOLD,Detected in < 1% of stromal cells or < 2 donors
FAM170B-AS1,ENSG00000234736,lncRNA,0,3670,0.0,0,16,False,BELOW_DETECTION_THRESHOLD,Detected in < 1% of stromal cells or < 2 donors
ARHGAP22-IT1,ENSG00000248682,lncRNA,0,3670,0.0,0,16,False,BELOW_DETECTION_THRESHOLD,Detected in < 1% of stromal cells or < 2 donors
LINC02820,ENSG00000258815,lncRNA,0,3670,0.0,0,16,False,BELOW_DETECTION_THRESHOLD,Detected in < 1% of stromal cells or < 2 donors
LINC02663,ENSG00000228636,lncRNA,0,3670,0.0,0,16,False,BELOW_DETECTION_THRESHOLD,Detected in < 1% of stromal cells or < 2 donors
LINC02676,ENSG00000234752,lncRNA,0,3670,0.0,0,16,False,BELOW_DETECTION_THRESHOLD,Detected in < 1% of stromal cells or < 2 donors
LINC02662,ENSG00000231326,lncRNA,0,3670,0.0,0,16,False,BELOW_DETECTION_THRESHOLD,Detected in < 1% of stromal cells or < 2 donors
LINC02645,ENSG00000234170,lncRNA,0,3670,0.0,0,16,False,BELOW_DETECTION_THRESHOLD,Detected in < 1% of stromal cells or < 2 donors
LINC00703,ENSG00000224382,lncRNA,0,3670,0.0,0,16,False,BELOW_DETECTION_THRESHOLD,Detected in < 1% of stromal cells or < 2 donors
LINC01490,ENSG00000257741,lncRNA,0,3670,0.0,0,16,False,BELOW_DETECTION_THRESHOLD,Detected in < 1% of stromal cells or < 2 donors
LINC01154,ENSG00000257477,lncRNA,0,3670,0.0,0,16,False,BELOW_DETECTION_THRESHOLD,Detected in < 1% of stromal cells or < 2 donors
LINC02408,ENSG00000203585,lncRNA,0,3670,0.0,0,16,False,BELOW_DETECTION_THRESHOLD,Detected in < 1% of stromal cells or < 2 donors
LINC02410,ENSG00000258292,lncRNA,0,3670,0.0,0,16,False,BELOW_DETECTION_THRESHOLD,Detected in < 1% of stromal cells or < 2 donors
LINC02464,ENSG00000257677,lncRNA,0,3670,0.0,0,16,False,BELOW_DETECTION_THRESHOLD,Detected in < 1% of stromal cells or < 2 donors
LINC02421,ENSG00000255970,lncRNA,0,3670,0.0,0,16,False,BELOW_DETECTION_THRESHOLD,Detected in < 1% of stromal cells or < 2 donors
LINC02400,ENSG00000257784,lncRNA,0,3670,0.0,0,16,False,BELOW_DETECTION_THRESHOLD,Detected in < 1% of stromal cells or < 2 donors
LINC02461,ENSG00000258331,lncRNA,0,3670,0.0,0,16,False,BELOW_DETECTION_THRESHOLD,Detected in < 1% of stromal cells or < 2 donors
LINC02672,ENSG00000227121,lncRNA,0,3670,0.0,0,16,False,BELOW_DETECTION_THRESHOLD,Detected in < 1% of stromal cells or < 2 donors
LINC00841,ENSG00000233395,lncRNA,0,3670,0.0,0,16,False,BELOW_DETECTION_THRESHOLD,Detected in < 1% of stromal cells or < 2 donors
LINC02423,ENSG00000256750,lncRNA,0,3670,0.0,0,16,False,BELOW_DETECTION_THRESHOLD,Detected in < 1% of stromal cells or < 2 donors
LINC02442,ENSG00000256077,lncRNA,0,3670,0.0,0,16,False,BELOW_DETECTION_THRESHOLD,Detected in < 1% of stromal cells or < 2 donors
KRT73-AS1,ENSG00000257495,lncRNA,0,3670,0.0,0,16,False,BELOW_DETECTION_THRESHOLD,Detected in < 1% of stromal cells or < 2 donors
LINC02648,ENSG00000225948,lncRNA,0,3670,0.0,0,16,False,BELOW_DETECTION_THRESHOLD,Detected in < 1% of stromal cells or < 2 donors
LINC02639,ENSG00000230573,lncRNA,0,3670,0.0,0,16,False,BELOW_DETECTION_THRESHOLD,Detected in < 1% of stromal cells or < 2 donors
LINC00709,ENSG00000230014,lncRNA,0,3670,0.0,0,16,False,BELOW_DETECTION_THRESHOLD,Detected in < 1% of stromal cells or < 2 donors
LINC02670,ENSG00000224788,lncRNA,0,3670,0.0,0,16,False,BELOW_DETECTION_THRESHOLD,Detected in < 1% of stromal cells or < 2 donors
LINC00708,ENSG00000232170,lncRNA,0,3670,0.0,0,16,False,BELOW_DETECTION_THRESHOLD,Detected in < 1% of stromal cells or < 2 donors
ADARB2-AS1,ENSG00000205696,lncRNA,0,3670,0.0,0,16,False,BELOW_DETECTION_THRESHOLD,Detected in < 1% of stromal cells or < 2 donors
LINC00700,ENSG00000234962,lncRNA,0,3670,0.0,0,16,False,BELOW_DETECTION_THRESHOLD,Detected in < 1% of stromal cells or < 2 donors
LINC00701,ENSG00000234556,lncRNA,0,3670,0.0,0,16,False,BELOW_DETECTION_THRESHOLD,Detected in < 1% of stromal cells or < 2 donors
KIRREL3-AS2,ENSG00000254960,lncRNA,0,3670,0.0,0,16,False,BELOW_DETECTION_THRESHOLD,Detected in < 1% of stromal cells or < 2 donors
LINC01479,ENSG00000255772,lncRNA,0,3670,0.0,0,16,False,BELOW_DETECTION_THRESHOLD,Detected in < 1% of stromal cells or < 2 donors
LINC02420,ENSG00000256172,lncRNA,0,3670,0.0,0,16,False,BELOW_DETECTION_THRESHOLD,Detected in < 1% of stromal cells or < 2 donors
LINC00941,ENSG00000235884,lncRNA,0,3670,0.0,0,16,False,BELOW_DETECTION_THRESHOLD,Detected in < 1% of stromal cells or < 2 donors
LINC02426,ENSG00000257747,lncRNA,0,3670,0.0,0,16,False,BELOW_DETECTION_THRESHOLD,Detected in < 1% of stromal cells or < 2 donors
LINC02258,ENSG00000257912,lncRNA,0,3670,0.0,0,16,False,BELOW_DETECTION_THRESHOLD,Detected in < 1% of stromal cells or < 2 donors
LINC02394,ENSG00000258332,lncRNA,0,3670,0.0,0,16,False,BELOW_DETECTION_THRESHOLD,Detected in < 1% of stromal cells or < 2 donors
LINC02418,ENSG00000214039,lncRNA,0,3670,0.0,0,16,False,BELOW_DETECTION_THRESHOLD,Detected in < 1% of stromal cells or < 2 donors
LINC02685,ENSG00000254654,lncRNA,0,3670,0.0,0,16,False,BELOW_DETECTION_THRESHOLD,Detected in < 1% of stromal cells or < 2 donors
C11orf40,ENSG00000171987,lncRNA,0,3670,0.0,0,16,False,BELOW_DETECTION_THRESHOLD,Detected in < 1% of stromal cells or < 2 donors
LINC02737,ENSG00000256684,lncRNA,0,3670,0.0,0,16,False,BELOW_DETECTION_THRESHOLD,Detected in < 1% of stromal cells or < 2 donors
JRKL-AS1,ENSG00000255679,lncRNA,0,3670,0.0,0,16,False,BELOW_DETECTION_THRESHOLD,Detected in < 1% of stromal cells or < 2 donors
LINC02734,ENSG00000255382,lncRNA,0,3670,0.0,0,16,False,BELOW_DETECTION_THRESHOLD,Detected in < 1% of stromal cells or < 2 donors
SHANK2-AS3,ENSG00000171671,lncRNA,0,3670,0.0,0,16,False,BELOW_DETECTION_THRESHOLD,Detected in < 1% of stromal cells or < 2 donors
GAU1,ENSG00000255474,lncRNA,0,3670,0.0,0,16,False,BELOW_DETECTION_THRESHOLD,Detected in < 1% of stromal cells or < 2 donors
LINC02439,ENSG00000255814,lncRNA,0,3670,0.0,0,16,False,BELOW_DETECTION_THRESHOLD,Detected in < 1% of stromal cells or < 2 donors
LINC02404,ENSG00000257893,lncRNA,0,3670,0.0,0,16,False,BELOW_DETECTION_THRESHOLD,Detected in < 1% of stromal cells or < 2 donors
LINC02403,ENSG00000257541,lncRNA,0,3670,0.0,0,16,False,BELOW_DETECTION_THRESHOLD,Detected in < 1% of stromal cells or < 2 donors
LINC02445,ENSG00000257750,lncRNA,0,3670,0.0,0,16,False,BELOW_DETECTION_THRESHOLD,Detected in < 1% of stromal cells or < 2 donors
RXYLT1-AS1,ENSG00000255850,lncRNA,0,3670,0.0,0,16,False,BELOW_DETECTION_THRESHOLD,Detected in < 1% of stromal cells or < 2 donors
LINC00615,ENSG00000196243,lncRNA,0,3670,0.0,0,16,False,BELOW_DETECTION_THRESHOLD,Detected in < 1% of stromal cells or < 2 donors
KIRREL3-AS1,ENSG00000257271,lncRNA,0,3670,0.0,0,16,False,BELOW_DETECTION_THRESHOLD,Detected in < 1% of stromal cells or < 2 donors
TUB-AS1,ENSG00000248332,lncRNA,0,3670,0.0,0,16,False,BELOW_DETECTION_THRESHOLD,Detected in < 1% of stromal cells or < 2 donors
LINC02729,ENSG00000255335,lncRNA,0,3670,0.0,0,16,False,BELOW_DETECTION_THRESHOLD,Detected in < 1% of stromal cells or < 2 donors
SHANK2-AS2,ENSG00000236262,lncRNA,0,3670,0.0,0,16,False,BELOW_DETECTION_THRESHOLD,Detected in < 1% of stromal cells or < 2 donors
RRM1-AS1,ENSG00000255276,lncRNA,0,3670,0.0,0,16,False,BELOW_DETECTION_THRESHOLD,Detected in < 1% of stromal cells or < 2 donors
LINC02746,ENSG00000282916,lncRNA,0,3670,0.0,0,16,False,BELOW_DETECTION_THRESHOLD,Detected in < 1% of stromal cells or < 2 donors
LINC02705,ENSG00000254952,lncRNA,0,3670,0.0,0,16,False,BELOW_DETECTION_THRESHOLD,Detected in < 1% of stromal cells or < 2 donors
LINC02708,ENSG00000227306,lncRNA,0,3670,0.0,0,16,False,BELOW_DETECTION_THRESHOLD,Detected in < 1% of stromal cells or < 2 donors
FAM99B,ENSG00000205865,lncRNA,0,3670,0.0,0,16,False,BELOW_DETECTION_THRESHOLD,Detected in < 1% of stromal cells or < 2 donors
FAM99A,ENSG00000205866,lncRNA,0,3670,0.0,0,16,False,BELOW_DETECTION_THRESHOLD,Detected in < 1% of stromal cells or < 2 donors
LINC02825,ENSG00000256494,lncRNA,0,3670,0.0,0,16,False,BELOW_DETECTION_THRESHOLD,Detected in < 1% of stromal cells or < 2 donors
KDM2B-DT,ENSG00000256742,lncRNA,0,3670,0.0,0,16,False,BELOW_DETECTION_THRESHOLD,Detected in < 1% of stromal cells or < 2 donors
LINC02409,ENSG00000257920,lncRNA,0,3670,0.0,0,16,False,BELOW_DETECTION_THRESHOLD,Detected in < 1% of stromal cells or < 2 donors
LINC02459,ENSG00000257476,lncRNA,0,3670,0.0,0,16,False,BELOW_DETECTION_THRESHOLD,Detected in < 1% of stromal cells or < 2 donors
LINC02444,ENSG00000258123,lncRNA,0,3670,0.0,0,16,False,BELOW_DETECTION_THRESHOLD,Detected in < 1% of stromal cells or < 2 donors
LINC02440,ENSG00000255618,lncRNA,0,3670,0.0,0,16,False,BELOW_DETECTION_THRESHOLD,Detected in < 1% of stromal cells or < 2 donors
TSPAN18-AS1,ENSG00000255032,lncRNA,0,3670,0.0,0,16,False,BELOW_DETECTION_THRESHOLD,Detected in < 1% of stromal cells or < 2 donors
LINC02710,ENSG00000255269,lncRNA,0,3670,0.0,0,16,False,BELOW_DETECTION_THRESHOLD,Detected in < 1% of stromal cells or < 2 donors
KCNQ1DN,ENSG00000237941,lncRNA,0,3670,0.0,0,16,False,BELOW_DETECTION_THRESHOLD,Detected in < 1% of stromal cells or < 2 donors
NTM-AS1,ENSG00000224795,lncRNA,0,3670,0.0,0,16,False,BELOW_DETECTION_THRESHOLD,Detected in < 1% of stromal cells or < 2 donors
MRPL23-AS1,ENSG00000226416,lncRNA,0,3670,0.0,0,16,False,BELOW_DETECTION_THRESHOLD,Detected in < 1% of stromal cells or < 2 donors
LINC02441,ENSG00000256643,lncRNA,0,3670,0.0,0,16,False,BELOW_DETECTION_THRESHOLD,Detected in < 1% of stromal cells or < 2 donors
TMEM132D-AS2,ENSG00000256699,lncRNA,0,3670,0.0,0,16,False,BELOW_DETECTION_THRESHOLD,Detected in < 1% of stromal cells or < 2 donors
LINC02413,ENSG00000257345,lncRNA,0,3670,0.0,0,16,False,BELOW_DETECTION_THRESHOLD,Detected in < 1% of stromal cells or < 2 donors
LINC02443,ENSG00000256115,lncRNA,0,3670,0.0,0,16,False,BELOW_DETECTION_THRESHOLD,Detected in < 1% of stromal cells or < 2 donors
LINC02347,ENSG00000214043,lncRNA,0,3670,0.0,0,16,False,BELOW_DETECTION_THRESHOLD,Detected in < 1% of stromal cells or < 2 donors
TMEM132D-AS1,ENSG00000249196,lncRNA,0,3670,0.0,0,16,False,BELOW_DETECTION_THRESHOLD,Detected in < 1% of stromal cells or < 2 donors
LINC02372,ENSG00000249873,lncRNA,0,3670,0.0,0,16,False,BELOW_DETECTION_THRESHOLD,Detected in < 1% of stromal cells or < 2 donors
LINC02451,ENSG00000257164,lncRNA,0,3670,0.0,0,16,False,BELOW_DETECTION_THRESHOLD,Detected in < 1% of stromal cells or < 2 donors
TESC-AS1,ENSG00000258285,lncRNA,0,3670,0.0,0,16,False,BELOW_DETECTION_THRESHOLD,Detected in < 1% of stromal cells or < 2 donors
GRM5-AS1,ENSG00000255082,lncRNA,0,3670,0.0,0,16,False,BELOW_DETECTION_THRESHOLD,Detected in < 1% of stromal cells or < 2 donors
LINC02752,ENSG00000254401,lncRNA,0,3670,0.0,0,16,False,BELOW_DETECTION_THRESHOLD,Detected in < 1% of stromal cells or < 2 donors
ETS1-AS1,ENSG00000254588,lncRNA,0,3670,0.0,0,16,False,BELOW_DETECTION_THRESHOLD,Detected in < 1% of stromal cells or < 2 donors
OPCML-IT1,ENSG00000254896,lncRNA,0,3670,0.0,0,16,False,BELOW_DETECTION_THRESHOLD,Detected in < 1% of stromal cells or < 2 donors
NECTIN1-AS1,ENSG00000255247,lncRNA,0,3670,0.0,0,16,False,BELOW_DETECTION_THRESHOLD,Detected in < 1% of stromal cells or < 2 donors
NTM-IT,ENSG00000238262,lncRNA,0,3670,0.0,0,16,False,BELOW_DETECTION_THRESHOLD,Detected in < 1% of stromal cells or < 2 donors
LINC02368,ENSG00000256659,lncRNA,0,3670,0.0,0,16,False,BELOW_DETECTION_THRESHOLD,Detected in < 1% of stromal cells or < 2 donors
LINC02399,ENSG00000257725,lncRNA,0,3670,0.0,0,16,False,BELOW_DETECTION_THRESHOLD,Detected in < 1% of stromal cells or < 2 donors
HOXC13-AS,ENSG00000249641,lncRNA,0,3670,0.0,0,16,False,BELOW_DETECTION_THRESHOLD,Detected in < 1% of stromal cells or < 2 donors
LINC01257,ENSG00000204603,lncRNA,0,3670,0.0,0,16,False,BELOW_DETECTION_THRESHOLD,Detected in < 1% of stromal cells or < 2 donors
LINC02359,ENSG00000284848,lncRNA,0,3670,0.0,0,16,False,BELOW_DETECTION_THRESHOLD,Detected in < 1% of stromal cells or < 2 donors
LINC02369,ENSG00000256551,lncRNA,0,3670,0.0,0,16,False,BELOW_DETECTION_THRESHOLD,Detected in < 1% of stromal cells or < 2 donors
LINC02424,ENSG00000258220,lncRNA,0,3670,0.0,0,16,False,BELOW_DETECTION_THRESHOLD,Detected in < 1% of stromal cells or < 2 donors
MRGPRG-AS1,ENSG00000236301,lncRNA,0,3670,0.0,0,16,False,BELOW_DETECTION_THRESHOLD,Detected in < 1% of stromal cells or < 2 donors
BGLT3,ENSG00000260629,lncRNA,0,3670,0.0,0,16,False,BELOW_DETECTION_THRESHOLD,Detected in < 1% of stromal cells or < 2 donors
KCNK4-TEX40,ENSG00000257069,lncRNA,0,3670,0.0,0,16,False,BELOW_DETECTION_THRESHOLD,Detected in < 1% of stromal cells or < 2 donors
MIR670HG,ENSG00000235661,lncRNA,0,3670,0.0,0,16,False,BELOW_DETECTION_THRESHOLD,Detected in < 1% of stromal cells or < 2 donors
LINC02702,ENSG00000237937,lncRNA,0,3670,0.0,0,16,False,BELOW_DETECTION_THRESHOLD,Detected in < 1% of stromal cells or < 2 donors
LINC01395,ENSG00000281097,lncRNA,0,3670,0.0,0,16,False,BELOW_DETECTION_THRESHOLD,Detected in < 1% of stromal cells or < 2 donors
LINC02151,ENSG00000236437,lncRNA,0,3670,0.0,0,16,False,BELOW_DETECTION_THRESHOLD,Detected in < 1% of stromal cells or < 2 donors
LINC02727,ENSG00000254823,lncRNA,0,3670,0.0,0,16,False,BELOW_DETECTION_THRESHOLD,Detected in < 1% of stromal cells or < 2 donors
LINC02744,ENSG00000254863,lncRNA,0,3670,0.0,0,16,False,BELOW_DETECTION_THRESHOLD,Detected in < 1% of stromal cells or < 2 donors
PKNOX2-AS1,ENSG00000254880,lncRNA,0,3670,0.0,0,16,False,BELOW_DETECTION_THRESHOLD,Detected in < 1% of stromal cells or < 2 donors
LINC02398,ENSG00000256287,lncRNA,0,3670,0.0,0,16,False,BELOW_DETECTION_THRESHOLD,Detected in < 1% of stromal cells or < 2 donors
LINC02393,ENSG00000256597,lncRNA,0,3670,0.0,0,16,False,BELOW_DETECTION_THRESHOLD,Detected in < 1% of stromal cells or < 2 donors
LINC02460,ENSG00000255714,lncRNA,0,3670,0.0,0,16,False,BELOW_DETECTION_THRESHOLD,Detected in < 1% of stromal cells or < 2 donors
LINC02376,ENSG00000256292,lncRNA,0,3670,0.0,0,16,False,BELOW_DETECTION_THRESHOLD,Detected in < 1% of stromal cells or < 2 donors
LINC02370,ENSG00000230294,lncRNA,0,3670,0.0,0,16,False,BELOW_DETECTION_THRESHOLD,Detected in < 1% of stromal cells or < 2 donors
LINC02824,ENSG00000255998,lncRNA,0,3670,0.0,0,16,False,BELOW_DETECTION_THRESHOLD,Detected in < 1% of stromal cells or < 2 donors
LINC02764,ENSG00000255484,lncRNA,0,3670,0.0,0,16,False,BELOW_DETECTION_THRESHOLD,Detected in < 1% of stromal cells or < 2 donors
LINC02695,ENSG00000254699,lncRNA,0,3670,0.0,0,16,False,BELOW_DETECTION_THRESHOLD,Detected in < 1% of stromal cells or < 2 donors
LINC02684,ENSG00000255512,lncRNA,0,3670,0.0,0,16,False,BELOW_DETECTION_THRESHOLD,Detected in < 1% of stromal cells or < 2 donors
LINC02743,ENSG00000255258,lncRNA,0,3670,0.0,0,16,False,BELOW_DETECTION_THRESHOLD,Detected in < 1% of stromal cells or < 2 donors
LINC02717,ENSG00000285735,lncRNA,0,3670,0.0,0,16,False,BELOW_DETECTION_THRESHOLD,Detected in < 1% of stromal cells or < 2 donors
LINC02719,ENSG00000254580,lncRNA,0,3670,0.0,0,16,False,BELOW_DETECTION_THRESHOLD,Detected in < 1% of stromal cells or < 2 donors
LINC02553,ENSG00000255039,lncRNA,0,3670,0.0,0,16,False,BELOW_DETECTION_THRESHOLD,Detected in < 1% of stromal cells or < 2 donors
LINC02758,ENSG00000248990,lncRNA,0,3670,0.0,0,16,False,BELOW_DETECTION_THRESHOLD,Detected in < 1% of stromal cells or < 2 donors
LINC02748,ENSG00000255187,lncRNA,0,3670,0.0,0,16,False,BELOW_DETECTION_THRESHOLD,Detected in < 1% of stromal cells or < 2 donors
LINC02720,ENSG00000255178,lncRNA,0,3670,0.0,0,16,False,BELOW_DETECTION_THRESHOLD,Detected in < 1% of stromal cells or < 2 donors
LINC02747,ENSG00000255774,lncRNA,0,3670,0.0,0,16,False,BELOW_DETECTION_THRESHOLD,Detected in < 1% of stromal cells or < 2 donors
CACNA1C-IT1,ENSG00000256837,lncRNA,0,3670,0.0,0,16,False,BELOW_DETECTION_THRESHOLD,Detected in < 1% of stromal cells or < 2 donors
LINC02375,ENSG00000256362,lncRNA,0,3670,0.0,0,16,False,BELOW_DETECTION_THRESHOLD,Detected in < 1% of stromal cells or < 2 donors
LINC02411,ENSG00000256022,lncRNA,0,3670,0.0,0,16,False,BELOW_DETECTION_THRESHOLD,Detected in < 1% of stromal cells or < 2 donors
NCAM1-AS1,ENSG00000227487,lncRNA,0,3670,0.0,0,16,False,BELOW_DETECTION_THRESHOLD,Detected in < 1% of stromal cells or < 2 donors
LINC02698,ENSG00000256717,lncRNA,0,3670,0.0,0,16,False,BELOW_DETECTION_THRESHOLD,Detected in < 1% of stromal cells or < 2 donors
LINC02732,ENSG00000254416,lncRNA,0,3670,0.0,0,16,False,BELOW_DETECTION_THRESHOLD,Detected in < 1% of stromal cells or < 2 donors
LINC02715,ENSG00000254659,lncRNA,0,3670,0.0,0,16,False,BELOW_DETECTION_THRESHOLD,Detected in < 1% of stromal cells or < 2 donors
LINC02756,ENSG00000255332,lncRNA,0,3670,0.0,0,16,False,BELOW_DETECTION_THRESHOLD,Detected in < 1% of stromal cells or < 2 donors
LINC02706,ENSG00000255344,lncRNA,0,3670,0.0,0,16,False,BELOW_DETECTION_THRESHOLD,Detected in < 1% of stromal cells or < 2 donors
OPCML-IT2,ENSG00000255371,lncRNA,0,3670,0.0,0,16,False,BELOW_DETECTION_THRESHOLD,Detected in < 1% of stromal cells or < 2 donors
LINC02750,ENSG00000254518,lncRNA,0,3670,0.0,0,16,False,BELOW_DETECTION_THRESHOLD,Detected in < 1% of stromal cells or < 2 donors
LINC02707,ENSG00000255427,lncRNA,0,3670,0.0,0,16,False,BELOW_DETECTION_THRESHOLD,Detected in < 1% of stromal cells or < 2 donors
LINC02735,ENSG00000255433,lncRNA,0,3670,0.0,0,16,False,BELOW_DETECTION_THRESHOLD,Detected in < 1% of stromal cells or < 2 donors
LINC02740,ENSG00000255109,lncRNA,0,3670,0.0,0,16,False,BELOW_DETECTION_THRESHOLD,Detected in < 1% of stromal cells or < 2 donors
LINC02726,ENSG00000255193,lncRNA,0,3670,0.0,0,16,False,BELOW_DETECTION_THRESHOLD,Detected in < 1% of stromal cells or < 2 donors
LINC02425,ENSG00000256259,lncRNA,0,3670,0.0,0,16,False,BELOW_DETECTION_THRESHOLD,Detected in < 1% of stromal cells or < 2 donors
LINC00934,ENSG00000281196,lncRNA,0,3670,0.0,0,16,False,BELOW_DETECTION_THRESHOLD,Detected in < 1% of stromal cells or < 2 donors
LINC02354,ENSG00000257488,lncRNA,0,3670,0.0,0,16,False,BELOW_DETECTION_THRESHOLD,Detected in < 1% of stromal cells or < 2 donors
FAM222A-AS1,ENSG00000255650,lncRNA,0,3670,0.0,0,16,False,BELOW_DETECTION_THRESHOLD,Detected in < 1% of stromal cells or < 2 donors
LINC02455,ENSG00000256672,lncRNA,0,3670,0.0,0,16,False,BELOW_DETECTION_THRESHOLD,Detected in < 1% of stromal cells or < 2 donors
OR7E11P,ENSG00000254447,lncRNA,0,3670,0.0,0,16,False,BELOW_DETECTION_THRESHOLD,Detected in < 1% of stromal cells or < 2 donors
LINC01488,ENSG00000285094,lncRNA,0,3670,0.0,0,16,False,BELOW_DETECTION_THRESHOLD,Detected in < 1% of stromal cells or < 2 donors
CSTF3-DT,ENSG00000247151,lncRNA,0,3670,0.0,0,16,False,BELOW_DETECTION_THRESHOLD,Detected in < 1% of stromal cells or < 2 donors
LINC02545,ENSG00000254930,lncRNA,0,3670,0.0,0,16,False,BELOW_DETECTION_THRESHOLD,Detected in < 1% of stromal cells or < 2 donors
LINC01493,ENSG00000254562,lncRNA,0,3670,0.0,0,16,False,BELOW_DETECTION_THRESHOLD,Detected in < 1% of stromal cells or < 2 donors
LINC02711,ENSG00000255183,lncRNA,0,3670,0.0,0,16,False,BELOW_DETECTION_THRESHOLD,Detected in < 1% of stromal cells or < 2 donors
LINC02760,ENSG00000254516,lncRNA,0,3670,0.0,0,16,False,BELOW_DETECTION_THRESHOLD,Detected in < 1% of stromal cells or < 2 donors
SPON1-AS1,ENSG00000254418,lncRNA,0,3670,0.0,0,16,False,BELOW_DETECTION_THRESHOLD,Detected in < 1% of stromal cells or < 2 donors
LINC02741,ENSG00000255388,lncRNA,0,3670,0.0,0,16,False,BELOW_DETECTION_THRESHOLD,Detected in < 1% of stromal cells or < 2 donors
LINC02722,ENSG00000255169,lncRNA,0,3670,0.0,0,16,False,BELOW_DETECTION_THRESHOLD,Detected in < 1% of stromal cells or < 2 donors
LINC02471,ENSG00000223914,lncRNA,0,3670,0.0,0,16,False,BELOW_DETECTION_THRESHOLD,Detected in < 1% of stromal cells or < 2 donors
LINC02555,ENSG00000260943,lncRNA,0,3670,0.0,0,16,False,BELOW_DETECTION_THRESHOLD,Detected in < 1% of stromal cells or < 2 donors
LINC02414,ENSG00000256424,lncRNA,0,3670,0.0,0,16,False,BELOW_DETECTION_THRESHOLD,Detected in < 1% of stromal cells or < 2 donors
LINC02231,ENSG00000248995,lncRNA,0,3670,0.0,0,16,False,BELOW_DETECTION_THRESHOLD,Detected in < 1% of stromal cells or < 2 donors
LINC02389,ENSG00000255693,lncRNA,0,3670,0.0,0,16,False,BELOW_DETECTION_THRESHOLD,Detected in < 1% of stromal cells or < 2 donors
LINC02385,ENSG00000257193,lncRNA,0,3670,0.0,0,16,False,BELOW_DETECTION_THRESHOLD,Detected in < 1% of stromal cells or < 2 donors
LINC02401,ENSG00000257762,lncRNA,0,3670,0.0,0,16,False,BELOW_DETECTION_THRESHOLD,Detected in < 1% of stromal cells or < 2 donors
FIGNL2-DT,ENSG00000259887,lncRNA,0,3670,0.0,0,16,False,BELOW_DETECTION_THRESHOLD,Detected in < 1% of stromal cells or < 2 donors
PITPNM2-AS1,ENSG00000251497,lncRNA,0,3670,0.0,0,16,False,BELOW_DETECTION_THRESHOLD,Detected in < 1% of stromal cells or < 2 donors
LINC01486,ENSG00000256560,lncRNA,0,3670,0.0,0,16,False,BELOW_DETECTION_THRESHOLD,Detected in < 1% of stromal cells or < 2 donors
LINC01498,ENSG00000247213,lncRNA,0,3670,0.0,0,16,False,BELOW_DETECTION_THRESHOLD,Detected in < 1% of stromal cells or < 2 donors
LINC01499,ENSG00000255171,lncRNA,0,3670,0.0,0,16,False,BELOW_DETECTION_THRESHOLD,Detected in < 1% of stromal cells or < 2 donors
LINC02699,ENSG00000254456,lncRNA,0,3670,0.0,0,16,False,BELOW_DETECTION_THRESHOLD,Detected in < 1% of stromal cells or < 2 donors
LINC01495,ENSG00000255323,lncRNA,0,3670,0.0,0,16,False,BELOW_DETECTION_THRESHOLD,Detected in < 1% of stromal cells or < 2 donors
LINC02682,ENSG00000254661,lncRNA,0,3670,0.0,0,16,False,BELOW_DETECTION_THRESHOLD,Detected in < 1% of stromal cells or < 2 donors
LINC02751,ENSG00000254946,lncRNA,0,3670,0.0,0,16,False,BELOW_DETECTION_THRESHOLD,Detected in < 1% of stromal cells or < 2 donors
RIC3-DT,ENSG00000246820,lncRNA,0,3670,0.0,0,16,False,BELOW_DETECTION_THRESHOLD,Detected in < 1% of stromal cells or < 2 donors
LINC02689,ENSG00000285985,lncRNA,0,3670,0.0,0,16,False,BELOW_DETECTION_THRESHOLD,Detected in < 1% of stromal cells or < 2 donors
MUC5B-AS1,ENSG00000255177,lncRNA,0,3670,0.0,0,16,False,BELOW_DETECTION_THRESHOLD,Detected in < 1% of stromal cells or < 2 donors
FAM242E,ENSG00000229697,lncRNA,0,3670,0.0,0,16,False,BELOW_DETECTION_THRESHOLD,Detected in < 1% of stromal cells or < 2 donors
CACNA1C-AS3,ENSG00000256769,lncRNA,0,3670,0.0,0,16,False,BELOW_DETECTION_THRESHOLD,Detected in < 1% of stromal cells or < 2 donors
CACNA1C-IT3,ENSG00000256721,lncRNA,0,3670,0.0,0,16,False,BELOW_DETECTION_THRESHOLD,Detected in < 1% of stromal cells or < 2 donors
LLPH-DT,ENSG00000239335,lncRNA,0,3670,0.0,0,16,False,BELOW_DETECTION_THRESHOLD,Detected in < 1% of stromal cells or < 2 donors
ANO3-AS1,ENSG00000254819,lncRNA,0,3670,0.0,0,16,False,BELOW_DETECTION_THRESHOLD,Detected in < 1% of stromal cells or < 2 donors
LINC00678,ENSG00000254934,lncRNA,0,3670,0.0,0,16,False,BELOW_DETECTION_THRESHOLD,Detected in < 1% of stromal cells or < 2 donors
LINC02546,ENSG00000255117,lncRNA,0,3670,0.0,0,16,False,BELOW_DETECTION_THRESHOLD,Detected in < 1% of stromal cells or < 2 donors
PAUPAR,ENSG00000281880,lncRNA,0,3670,0.0,0,16,False,BELOW_DETECTION_THRESHOLD,Detected in < 1% of stromal cells or < 2 donors
LINC02686,ENSG00000254594,lncRNA,0,3670,0.0,0,16,False,BELOW_DETECTION_THRESHOLD,Detected in < 1% of stromal cells or < 2 donors
LINC00572,ENSG00000224405,lncRNA,0,3670,0.0,0,16,False,BELOW_DETECTION_THRESHOLD,Detected in < 1% of stromal cells or < 2 donors
FAM74A1,ENSG00000215112,lncRNA,0,3670,0.0,0,16,False,BELOW_DETECTION_THRESHOLD,Detected in < 1% of stromal cells or < 2 donors
LINC02692,ENSG00000198454,lncRNA,0,3670,0.0,0,16,False,BELOW_DETECTION_THRESHOLD,Detected in < 1% of stromal cells or < 2 donors
CYP4F26P,ENSG00000226562,lncRNA,0,3670,0.0,0,16,False,BELOW_DETECTION_THRESHOLD,Detected in < 1% of stromal cells or < 2 donors
ASTN2-AS1,ENSG00000229105,lncRNA,0,3670,0.0,0,16,False,BELOW_DETECTION_THRESHOLD,Detected in < 1% of stromal cells or < 2 donors
BANCR,ENSG00000278910,lncRNA,0,3670,0.0,0,16,False,BELOW_DETECTION_THRESHOLD,Detected in < 1% of stromal cells or < 2 donors
C1QTNF9-AS1,ENSG00000240868,lncRNA,0,3670,0.0,0,16,False,BELOW_DETECTION_THRESHOLD,Detected in < 1% of stromal cells or < 2 donors
LINC00297,ENSG00000224329,lncRNA,0,3670,0.0,0,16,False,BELOW_DETECTION_THRESHOLD,Detected in < 1% of stromal cells or < 2 donors
ZDHHC20-IT1,ENSG00000236953,lncRNA,0,3670,0.0,0,16,False,BELOW_DETECTION_THRESHOLD,Detected in < 1% of stromal cells or < 2 donors
PLUT,ENSG00000247381,lncRNA,0,3670,0.0,0,16,False,BELOW_DETECTION_THRESHOLD,Detected in < 1% of stromal cells or < 2 donors
LINC00442,ENSG00000232685,lncRNA,0,3670,0.0,0,16,False,BELOW_DETECTION_THRESHOLD,Detected in < 1% of stromal cells or < 2 donors
LINC00421,ENSG00000236834,lncRNA,0,3670,0.0,0,16,False,BELOW_DETECTION_THRESHOLD,Detected in < 1% of stromal cells or < 2 donors
LINC00544,ENSG00000122043,lncRNA,0,3670,0.0,0,16,False,BELOW_DETECTION_THRESHOLD,Detected in < 1% of stromal cells or < 2 donors
LINC00349,ENSG00000231238,lncRNA,0,3670,0.0,0,16,False,BELOW_DETECTION_THRESHOLD,Detected in < 1% of stromal cells or < 2 donors
LINC02759,ENSG00000255175,lncRNA,0,3670,0.0,0,16,False,BELOW_DETECTION_THRESHOLD,Detected in < 1% of stromal cells or < 2 donors
NAV2-AS4,ENSG00000254622,lncRNA,0,3670,0.0,0,16,False,BELOW_DETECTION_THRESHOLD,Detected in < 1% of stromal cells or < 2 donors
MTUS2-AS2,ENSG00000236758,lncRNA,0,3670,0.0,0,16,False,BELOW_DETECTION_THRESHOLD,Detected in < 1% of stromal cells or < 2 donors
LINC01076,ENSG00000225105,lncRNA,0,3670,0.0,0,16,False,BELOW_DETECTION_THRESHOLD,Detected in < 1% of stromal cells or < 2 donors
LNCARSR,ENSG00000233086,lncRNA,0,3670,0.0,0,16,False,BELOW_DETECTION_THRESHOLD,Detected in < 1% of stromal cells or < 2 donors
ODF2-AS1,ENSG00000225951,lncRNA,0,3670,0.0,0,16,False,BELOW_DETECTION_THRESHOLD,Detected in < 1% of stromal cells or < 2 donors
LINC01613,ENSG00000261432,lncRNA,0,3670,0.0,0,16,False,BELOW_DETECTION_THRESHOLD,Detected in < 1% of stromal cells or < 2 donors
LINC00474,ENSG00000204148,lncRNA,0,3670,0.0,0,16,False,BELOW_DETECTION_THRESHOLD,Detected in < 1% of stromal cells or < 2 donors
LINC01507,ENSG00000230945,lncRNA,0,3670,0.0,0,16,False,BELOW_DETECTION_THRESHOLD,Detected in < 1% of stromal cells or < 2 donors
RORB-AS1,ENSG00000224825,lncRNA,0,3670,0.0,0,16,False,BELOW_DETECTION_THRESHOLD,Detected in < 1% of stromal cells or < 2 donors
PRRX2-AS1,ENSG00000236024,lncRNA,0,3670,0.0,0,16,False,BELOW_DETECTION_THRESHOLD,Detected in < 1% of stromal cells or < 2 donors
LINC00387,ENSG00000231914,lncRNA,0,3670,0.0,0,16,False,BELOW_DETECTION_THRESHOLD,Detected in < 1% of stromal cells or < 2 donors
LINC00385,ENSG00000232643,lncRNA,0,3670,0.0,0,16,False,BELOW_DETECTION_THRESHOLD,Detected in < 1% of stromal cells or < 2 donors
SMIM2-IT1,ENSG00000235285,lncRNA,0,3670,0.0,0,16,False,BELOW_DETECTION_THRESHOLD,Detected in < 1% of stromal cells or < 2 donors
LINC00457,ENSG00000225179,lncRNA,0,3670,0.0,0,16,False,BELOW_DETECTION_THRESHOLD,Detected in < 1% of stromal cells or < 2 donors
LINC00398,ENSG00000237879,lncRNA,0,3670,0.0,0,16,False,BELOW_DETECTION_THRESHOLD,Detected in < 1% of stromal cells or < 2 donors
LINC01066,ENSG00000230403,lncRNA,0,3670,0.0,0,16,False,BELOW_DETECTION_THRESHOLD,Detected in < 1% of stromal cells or < 2 donors
LINC00330,ENSG00000235097,lncRNA,0,3670,0.0,0,16,False,BELOW_DETECTION_THRESHOLD,Detected in < 1% of stromal cells or < 2 donors
LINC00448,ENSG00000228669,lncRNA,0,3670,0.0,0,16,False,BELOW_DETECTION_THRESHOLD,Detected in < 1% of stromal cells or < 2 donors
COL5A1-AS1,ENSG00000204011,lncRNA,0,3670,0.0,0,16,False,BELOW_DETECTION_THRESHOLD,Detected in < 1% of stromal cells or < 2 donors
C9orf62,ENSG00000178243,lncRNA,0,3670,0.0,0,16,False,BELOW_DETECTION_THRESHOLD,Detected in < 1% of stromal cells or < 2 donors
LINC01241,ENSG00000236306,lncRNA,0,3670,0.0,0,16,False,BELOW_DETECTION_THRESHOLD,Detected in < 1% of stromal cells or < 2 donors
LINC01243,ENSG00000260720,lncRNA,0,3670,0.0,0,16,False,BELOW_DETECTION_THRESHOLD,Detected in < 1% of stromal cells or < 2 donors
LINC01502,ENSG00000237339,lncRNA,0,3670,0.0,0,16,False,BELOW_DETECTION_THRESHOLD,Detected in < 1% of stromal cells or < 2 donors
LINC01492,ENSG00000225564,lncRNA,0,3670,0.0,0,16,False,BELOW_DETECTION_THRESHOLD,Detected in < 1% of stromal cells or < 2 donors
LINC00587,ENSG00000204250,lncRNA,0,3670,0.0,0,16,False,BELOW_DETECTION_THRESHOLD,Detected in < 1% of stromal cells or < 2 donors
LINC01065,ENSG00000237092,lncRNA,0,3670,0.0,0,16,False,BELOW_DETECTION_THRESHOLD,Detected in < 1% of stromal cells or < 2 donors
USP12-AS1,ENSG00000232162,lncRNA,0,3670,0.0,0,16,False,BELOW_DETECTION_THRESHOLD,Detected in < 1% of stromal cells or < 2 donors
LINC00459,ENSG00000229307,lncRNA,0,3670,0.0,0,16,False,BELOW_DETECTION_THRESHOLD,Detected in < 1% of stromal cells or < 2 donors
FREM2-AS1,ENSG00000225350,lncRNA,0,3670,0.0,0,16,False,BELOW_DETECTION_THRESHOLD,Detected in < 1% of stromal cells or < 2 donors
LINC00558,ENSG00000261517,lncRNA,0,3670,0.0,0,16,False,BELOW_DETECTION_THRESHOLD,Detected in < 1% of stromal cells or < 2 donors
LINC00407,ENSG00000237585,lncRNA,0,3670,0.0,0,16,False,BELOW_DETECTION_THRESHOLD,Detected in < 1% of stromal cells or < 2 donors
LINC00458,ENSG00000234787,lncRNA,0,3670,0.0,0,16,False,BELOW_DETECTION_THRESHOLD,Detected in < 1% of stromal cells or < 2 donors
LINC02343,ENSG00000271850,lncRNA,0,3670,0.0,0,16,False,BELOW_DETECTION_THRESHOLD,Detected in < 1% of stromal cells or < 2 donors
LINC00333,ENSG00000233349,lncRNA,0,3670,0.0,0,16,False,BELOW_DETECTION_THRESHOLD,Detected in < 1% of stromal cells or < 2 donors
LINC00402,ENSG00000235532,lncRNA,0,3670,0.0,0,16,False,BELOW_DETECTION_THRESHOLD,Detected in < 1% of stromal cells or < 2 donors
FAM242F,ENSG00000275239,lncRNA,0,3670,0.0,0,16,False,BELOW_DETECTION_THRESHOLD,Detected in < 1% of stromal cells or < 2 donors
LINC02578,ENSG00000235201,lncRNA,0,3670,0.0,0,16,False,BELOW_DETECTION_THRESHOLD,Detected in < 1% of stromal cells or < 2 donors
LINC01501,ENSG00000229613,lncRNA,0,3670,0.0,0,16,False,BELOW_DETECTION_THRESHOLD,Detected in < 1% of stromal cells or < 2 donors
LINC00583,ENSG00000205636,lncRNA,0,3670,0.0,0,16,False,BELOW_DETECTION_THRESHOLD,Detected in < 1% of stromal cells or < 2 donors
HSD17B3-AS1,ENSG00000232283,lncRNA,0,3670,0.0,0,16,False,BELOW_DETECTION_THRESHOLD,Detected in < 1% of stromal cells or < 2 donors
LINC00331,ENSG00000225427,lncRNA,0,3670,0.0,0,16,False,BELOW_DETECTION_THRESHOLD,Detected in < 1% of stromal cells or < 2 donors
PCDH9-AS2,ENSG00000228842,lncRNA,0,3670,0.0,0,16,False,BELOW_DETECTION_THRESHOLD,Detected in < 1% of stromal cells or < 2 donors
NDFIP2-AS1,ENSG00000232132,lncRNA,0,3670,0.0,0,16,False,BELOW_DETECTION_THRESHOLD,Detected in < 1% of stromal cells or < 2 donors
LINC00550,ENSG00000281778,lncRNA,0,3670,0.0,0,16,False,BELOW_DETECTION_THRESHOLD,Detected in < 1% of stromal cells or < 2 donors
LINC00364,ENSG00000230040,lncRNA,0,3670,0.0,0,16,False,BELOW_DETECTION_THRESHOLD,Detected in < 1% of stromal cells or < 2 donors
PCDH9-AS4,ENSG00000233840,lncRNA,0,3670,0.0,0,16,False,BELOW_DETECTION_THRESHOLD,Detected in < 1% of stromal cells or < 2 donors
LINC00437,ENSG00000236354,lncRNA,0,3670,0.0,0,16,False,BELOW_DETECTION_THRESHOLD,Detected in < 1% of stromal cells or < 2 donors
LINC00395,ENSG00000231061,lncRNA,0,3670,0.0,0,16,False,BELOW_DETECTION_THRESHOLD,Detected in < 1% of stromal cells or < 2 donors
LINC00374,ENSG00000232954,lncRNA,0,3670,0.0,0,16,False,BELOW_DETECTION_THRESHOLD,Detected in < 1% of stromal cells or < 2 donors
LINC01627,ENSG00000224648,lncRNA,0,3670,0.0,0,16,False,BELOW_DETECTION_THRESHOLD,Detected in < 1% of stromal cells or < 2 donors
LINC01242,ENSG00000280683,lncRNA,0,3670,0.0,0,16,False,BELOW_DETECTION_THRESHOLD,Detected in < 1% of stromal cells or < 2 donors
LINC01230,ENSG00000281769,lncRNA,0,3670,0.0,0,16,False,BELOW_DETECTION_THRESHOLD,Detected in < 1% of stromal cells or < 2 donors
MIR4290HG,ENSG00000227555,lncRNA,0,3670,0.0,0,16,False,BELOW_DETECTION_THRESHOLD,Detected in < 1% of stromal cells or < 2 donors
GNA14-AS1,ENSG00000231373,lncRNA,0,3670,0.0,0,16,False,BELOW_DETECTION_THRESHOLD,Detected in < 1% of stromal cells or < 2 donors
FAM74A7,ENSG00000277260,lncRNA,0,3670,0.0,0,16,False,BELOW_DETECTION_THRESHOLD,Detected in < 1% of stromal cells or < 2 donors
LINC02843,ENSG00000228189,lncRNA,0,3670,0.0,0,16,False,BELOW_DETECTION_THRESHOLD,Detected in < 1% of stromal cells or < 2 donors
FAM242D,ENSG00000231248,lncRNA,0,3670,0.0,0,16,False,BELOW_DETECTION_THRESHOLD,Detected in < 1% of stromal cells or < 2 donors
TMEM252-DT,ENSG00000226337,lncRNA,0,3670,0.0,0,16,False,BELOW_DETECTION_THRESHOLD,Detected in < 1% of stromal cells or < 2 donors
LINC00392,ENSG00000228295,lncRNA,0,3670,0.0,0,16,False,BELOW_DETECTION_THRESHOLD,Detected in < 1% of stromal cells or < 2 donors
PCDH9-AS3,ENSG00000225263,lncRNA,0,3670,0.0,0,16,False,BELOW_DETECTION_THRESHOLD,Detected in < 1% of stromal cells or < 2 donors
LINC00408,ENSG00000226250,lncRNA,0,3670,0.0,0,16,False,BELOW_DETECTION_THRESHOLD,Detected in < 1% of stromal cells or < 2 donors
LINC02333,ENSG00000271564,lncRNA,0,3670,0.0,0,16,False,BELOW_DETECTION_THRESHOLD,Detected in < 1% of stromal cells or < 2 donors
LINC00561,ENSG00000261206,lncRNA,0,3670,0.0,0,16,False,BELOW_DETECTION_THRESHOLD,Detected in < 1% of stromal cells or < 2 donors
LINC02339,ENSG00000279797,lncRNA,0,3670,0.0,0,16,False,BELOW_DETECTION_THRESHOLD,Detected in < 1% of stromal cells or < 2 donors
LINC00376,ENSG00000227564,lncRNA,0,3670,0.0,0,16,False,BELOW_DETECTION_THRESHOLD,Detected in < 1% of stromal cells or < 2 donors
LINC00208,ENSG00000170983,lncRNA,0,3670,0.0,0,16,False,BELOW_DETECTION_THRESHOLD,Detected in < 1% of stromal cells or < 2 donors
LINC00051,ENSG00000254008,lncRNA,0,3670,0.0,0,16,False,BELOW_DETECTION_THRESHOLD,Detected in < 1% of stromal cells or < 2 donors
LINC02844,ENSG00000253679,lncRNA,0,3670,0.0,0,16,False,BELOW_DETECTION_THRESHOLD,Detected in < 1% of stromal cells or < 2 donors
TONSL-AS1,ENSG00000232600,lncRNA,0,3670,0.0,0,16,False,BELOW_DETECTION_THRESHOLD,Detected in < 1% of stromal cells or < 2 donors
FER1L6-AS2,ENSG00000253868,lncRNA,0,3670,0.0,0,16,False,BELOW_DETECTION_THRESHOLD,Detected in < 1% of stromal cells or < 2 donors
CCAT2,ENSG00000280997,lncRNA,0,3670,0.0,0,16,False,BELOW_DETECTION_THRESHOLD,Detected in < 1% of stromal cells or < 2 donors
LINC02342,ENSG00000280580,lncRNA,0,3670,0.0,0,16,False,BELOW_DETECTION_THRESHOLD,Detected in < 1% of stromal cells or < 2 donors
LINC00446,ENSG00000229249,lncRNA,0,3670,0.0,0,16,False,BELOW_DETECTION_THRESHOLD,Detected in < 1% of stromal cells or < 2 donors
LINC01075,ENSG00000230142,lncRNA,0,3670,0.0,0,16,False,BELOW_DETECTION_THRESHOLD,Detected in < 1% of stromal cells or < 2 donors
LINC00410,ENSG00000231674,lncRNA,0,3670,0.0,0,16,False,BELOW_DETECTION_THRESHOLD,Detected in < 1% of stromal cells or < 2 donors
LINC01052,ENSG00000234767,lncRNA,0,3670,0.0,0,16,False,BELOW_DETECTION_THRESHOLD,Detected in < 1% of stromal cells or < 2 donors
LINC01078,ENSG00000223880,lncRNA,0,3670,0.0,0,16,False,BELOW_DETECTION_THRESHOLD,Detected in < 1% of stromal cells or < 2 donors
LINC00557,ENSG00000260962,lncRNA,0,3670,0.0,0,16,False,BELOW_DETECTION_THRESHOLD,Detected in < 1% of stromal cells or < 2 donors
LINC00529,ENSG00000236827,lncRNA,0,3670,0.0,0,16,False,BELOW_DETECTION_THRESHOLD,Detected in < 1% of stromal cells or < 2 donors
LINC01189,ENSG00000232827,lncRNA,0,3670,0.0,0,16,False,BELOW_DETECTION_THRESHOLD,Detected in < 1% of stromal cells or < 2 donors
LINC02851,ENSG00000229611,lncRNA,0,3670,0.0,0,16,False,BELOW_DETECTION_THRESHOLD,Detected in < 1% of stromal cells or < 2 donors
LINC00430,ENSG00000233528,lncRNA,0,3670,0.0,0,16,False,BELOW_DETECTION_THRESHOLD,Detected in < 1% of stromal cells or < 2 donors
LINC01074,ENSG00000227611,lncRNA,0,3670,0.0,0,16,False,BELOW_DETECTION_THRESHOLD,Detected in < 1% of stromal cells or < 2 donors
LINC02237,ENSG00000253434,lncRNA,0,3670,0.0,0,16,False,BELOW_DETECTION_THRESHOLD,Detected in < 1% of stromal cells or < 2 donors
WASHC5-AS1,ENSG00000253167,lncRNA,0,3670,0.0,0,16,False,BELOW_DETECTION_THRESHOLD,Detected in < 1% of stromal cells or < 2 donors
LINC02845,ENSG00000253644,lncRNA,0,3670,0.0,0,16,False,BELOW_DETECTION_THRESHOLD,Detected in < 1% of stromal cells or < 2 donors
LINC01181,ENSG00000250929,lncRNA,0,3670,0.0,0,16,False,BELOW_DETECTION_THRESHOLD,Detected in < 1% of stromal cells or < 2 donors
SCEL-AS1,ENSG00000224347,lncRNA,0,3670,0.0,0,16,False,BELOW_DETECTION_THRESHOLD,Detected in < 1% of stromal cells or < 2 donors
LINC00363,ENSG00000232849,lncRNA,0,3670,0.0,0,16,False,BELOW_DETECTION_THRESHOLD,Detected in < 1% of stromal cells or < 2 donors
LINC00428,ENSG00000229546,lncRNA,0,3670,0.0,0,16,False,BELOW_DETECTION_THRESHOLD,Detected in < 1% of stromal cells or < 2 donors
LINC00350,ENSG00000225316,lncRNA,0,3670,0.0,0,16,False,BELOW_DETECTION_THRESHOLD,Detected in < 1% of stromal cells or < 2 donors
LINC00427,ENSG00000236463,lncRNA,0,3670,0.0,0,16,False,BELOW_DETECTION_THRESHOLD,Detected in < 1% of stromal cells or < 2 donors
PCCA-AS1,ENSG00000234650,lncRNA,0,3670,0.0,0,16,False,BELOW_DETECTION_THRESHOLD,Detected in < 1% of stromal cells or < 2 donors
LINC01591,ENSG00000254083,lncRNA,0,3670,0.0,0,16,False,BELOW_DETECTION_THRESHOLD,Detected in < 1% of stromal cells or < 2 donors
LINC00536,ENSG00000249917,lncRNA,0,3670,0.0,0,16,False,BELOW_DETECTION_THRESHOLD,Detected in < 1% of stromal cells or < 2 donors
HPYR1,ENSG00000253521,lncRNA,0,3670,0.0,0,16,False,BELOW_DETECTION_THRESHOLD,Detected in < 1% of stromal cells or < 2 donors
LINC00251,ENSG00000280725,lncRNA,0,3670,0.0,0,16,False,BELOW_DETECTION_THRESHOLD,Detected in < 1% of stromal cells or < 2 donors
LINC00388,ENSG00000229788,lncRNA,0,3670,0.0,0,16,False,BELOW_DETECTION_THRESHOLD,Detected in < 1% of stromal cells or < 2 donors
FER1L6-AS1,ENSG00000181171,lncRNA,0,3670,0.0,0,16,False,BELOW_DETECTION_THRESHOLD,Detected in < 1% of stromal cells or < 2 donors
LINC01414,ENSG00000253554,lncRNA,0,3670,0.0,0,16,False,BELOW_DETECTION_THRESHOLD,Detected in < 1% of stromal cells or < 2 donors
LINC01609,ENSG00000253103,lncRNA,0,3670,0.0,0,16,False,BELOW_DETECTION_THRESHOLD,Detected in < 1% of stromal cells or < 2 donors
LINC01288,ENSG00000254344,lncRNA,0,3670,0.0,0,16,False,BELOW_DETECTION_THRESHOLD,Detected in < 1% of stromal cells or < 2 donors
LINC02847,ENSG00000253702,lncRNA,0,3670,0.0,0,16,False,BELOW_DETECTION_THRESHOLD,Detected in < 1% of stromal cells or < 2 donors
LINC01298,ENSG00000253351,lncRNA,0,3670,0.0,0,16,False,BELOW_DETECTION_THRESHOLD,Detected in < 1% of stromal cells or < 2 donors
LINC02842,ENSG00000254119,lncRNA,0,3670,0.0,0,16,False,BELOW_DETECTION_THRESHOLD,Detected in < 1% of stromal cells or < 2 donors
GPC5-IT1,ENSG00000236240,lncRNA,0,3670,0.0,0,16,False,BELOW_DETECTION_THRESHOLD,Detected in < 1% of stromal cells or < 2 donors
LINC01079,ENSG00000229609,lncRNA,0,3670,0.0,0,16,False,BELOW_DETECTION_THRESHOLD,Detected in < 1% of stromal cells or < 2 donors
LINC00382,ENSG00000229175,lncRNA,0,3670,0.0,0,16,False,BELOW_DETECTION_THRESHOLD,Detected in < 1% of stromal cells or < 2 donors
LINC00353,ENSG00000236176,lncRNA,0,3670,0.0,0,16,False,BELOW_DETECTION_THRESHOLD,Detected in < 1% of stromal cells or < 2 donors
LINC01047,ENSG00000232225,lncRNA,0,3670,0.0,0,16,False,BELOW_DETECTION_THRESHOLD,Detected in < 1% of stromal cells or < 2 donors
GPC5-AS1,ENSG00000235984,lncRNA,0,3670,0.0,0,16,False,BELOW_DETECTION_THRESHOLD,Detected in < 1% of stromal cells or < 2 donors
LINC00383,ENSG00000235221,lncRNA,0,3670,0.0,0,16,False,BELOW_DETECTION_THRESHOLD,Detected in < 1% of stromal cells or < 2 donors
LINC02336,ENSG00000271395,lncRNA,0,3670,0.0,0,16,False,BELOW_DETECTION_THRESHOLD,Detected in < 1% of stromal cells or < 2 donors
LMO7DN-IT1,ENSG00000223458,lncRNA,0,3670,0.0,0,16,False,BELOW_DETECTION_THRESHOLD,Detected in < 1% of stromal cells or < 2 donors
LINC01419,ENSG00000253898,lncRNA,0,3670,0.0,0,16,False,BELOW_DETECTION_THRESHOLD,Detected in < 1% of stromal cells or < 2 donors
C8orf87,ENSG00000279847,lncRNA,0,3670,0.0,0,16,False,BELOW_DETECTION_THRESHOLD,Detected in < 1% of stromal cells or < 2 donors
LINC02839,ENSG00000254123,lncRNA,0,3670,0.0,0,16,False,BELOW_DETECTION_THRESHOLD,Detected in < 1% of stromal cells or < 2 donors
LINC02235,ENSG00000254689,lncRNA,0,3670,0.0,0,16,False,BELOW_DETECTION_THRESHOLD,Detected in < 1% of stromal cells or < 2 donors
LINC02155,ENSG00000254120,lncRNA,0,3670,0.0,0,16,False,BELOW_DETECTION_THRESHOLD,Detected in < 1% of stromal cells or < 2 donors
LINC00391,ENSG00000238230,lncRNA,0,3670,0.0,0,16,False,BELOW_DETECTION_THRESHOLD,Detected in < 1% of stromal cells or < 2 donors
LINC00373,ENSG00000231019,lncRNA,0,3670,0.0,0,16,False,BELOW_DETECTION_THRESHOLD,Detected in < 1% of stromal cells or < 2 donors
LINC02344,ENSG00000227911,lncRNA,0,3670,0.0,0,16,False,BELOW_DETECTION_THRESHOLD,Detected in < 1% of stromal cells or < 2 donors
CLYBL-AS1,ENSG00000234303,lncRNA,0,3670,0.0,0,16,False,BELOW_DETECTION_THRESHOLD,Detected in < 1% of stromal cells or < 2 donors
FAM230C,ENSG00000279516,lncRNA,0,3670,0.0,0,16,False,BELOW_DETECTION_THRESHOLD,Detected in < 1% of stromal cells or < 2 donors
LINC01049,ENSG00000234384,lncRNA,0,3670,0.0,0,16,False,BELOW_DETECTION_THRESHOLD,Detected in < 1% of stromal cells or < 2 donors
LINC00380,ENSG00000234625,lncRNA,0,3670,0.0,0,16,False,BELOW_DETECTION_THRESHOLD,Detected in < 1% of stromal cells or < 2 donors
LINC01055,ENSG00000235366,lncRNA,0,3670,0.0,0,16,False,BELOW_DETECTION_THRESHOLD,Detected in < 1% of stromal cells or < 2 donors
GPC5-AS2,ENSG00000232885,lncRNA,0,3670,0.0,0,16,False,BELOW_DETECTION_THRESHOLD,Detected in < 1% of stromal cells or < 2 donors
MIR4500HG,ENSG00000228824,lncRNA,0,3670,0.0,0,16,False,BELOW_DETECTION_THRESHOLD,Detected in < 1% of stromal cells or < 2 donors
F10-AS1,ENSG00000231882,lncRNA,0,3670,0.0,0,16,False,BELOW_DETECTION_THRESHOLD,Detected in < 1% of stromal cells or < 2 donors
LINC01043,ENSG00000260343,lncRNA,0,3670,0.0,0,16,False,BELOW_DETECTION_THRESHOLD,Detected in < 1% of stromal cells or < 2 donors
LINC01070,ENSG00000260102,lncRNA,0,3670,0.0,0,16,False,BELOW_DETECTION_THRESHOLD,Detected in < 1% of stromal cells or < 2 donors
MIR124-2HG,ENSG00000254377,lncRNA,0,3670,0.0,0,16,False,BELOW_DETECTION_THRESHOLD,Detected in < 1% of stromal cells or < 2 donors
LINC02849,ENSG00000285768,lncRNA,0,3670,0.0,0,16,False,BELOW_DETECTION_THRESHOLD,Detected in < 1% of stromal cells or < 2 donors
LINC00967,ENSG00000253138,lncRNA,0,3670,0.0,0,16,False,BELOW_DETECTION_THRESHOLD,Detected in < 1% of stromal cells or < 2 donors
NRG1-IT3,ENSG00000254049,lncRNA,0,3670,0.0,0,16,False,BELOW_DETECTION_THRESHOLD,Detected in < 1% of stromal cells or < 2 donors
LINC01289,ENSG00000253734,lncRNA,0,3670,0.0,0,16,False,BELOW_DETECTION_THRESHOLD,Detected in < 1% of stromal cells or < 2 donors
LINC00293,ENSG00000253314,lncRNA,0,3670,0.0,0,16,False,BELOW_DETECTION_THRESHOLD,Detected in < 1% of stromal cells or < 2 donors
LINC00348,ENSG00000226846,lncRNA,0,3670,0.0,0,16,False,BELOW_DETECTION_THRESHOLD,Detected in < 1% of stromal cells or < 2 donors
LINC01067,ENSG00000236053,lncRNA,0,3670,0.0,0,16,False,BELOW_DETECTION_THRESHOLD,Detected in < 1% of stromal cells or < 2 donors
LINC00379,ENSG00000229557,lncRNA,0,3670,0.0,0,16,False,BELOW_DETECTION_THRESHOLD,Detected in < 1% of stromal cells or < 2 donors
LINC00554,ENSG00000260738,lncRNA,0,3670,0.0,0,16,False,BELOW_DETECTION_THRESHOLD,Detected in < 1% of stromal cells or < 2 donors
PCDH9-AS1,ENSG00000234527,lncRNA,0,3670,0.0,0,16,False,BELOW_DETECTION_THRESHOLD,Detected in < 1% of stromal cells or < 2 donors
LINC00358,ENSG00000229578,lncRNA,0,3670,0.0,0,16,False,BELOW_DETECTION_THRESHOLD,Detected in < 1% of stromal cells or < 2 donors
NALCN-AS1,ENSG00000233009,lncRNA,0,3670,0.0,0,16,False,BELOW_DETECTION_THRESHOLD,Detected in < 1% of stromal cells or < 2 donors
LINC00676,ENSG00000234854,lncRNA,0,3670,0.0,0,16,False,BELOW_DETECTION_THRESHOLD,Detected in < 1% of stromal cells or < 2 donors
NRG1-IT1,ENSG00000253974,lncRNA,0,3670,0.0,0,16,False,BELOW_DETECTION_THRESHOLD,Detected in < 1% of stromal cells or < 2 donors
HMBOX1-IT1,ENSG00000259196,lncRNA,0,3670,0.0,0,16,False,BELOW_DETECTION_THRESHOLD,Detected in < 1% of stromal cells or < 2 donors
LINC02209,ENSG00000253279,lncRNA,0,3670,0.0,0,16,False,BELOW_DETECTION_THRESHOLD,Detected in < 1% of stromal cells or < 2 donors
FAM66E,ENSG00000225725,lncRNA,0,3670,0.0,0,16,False,BELOW_DETECTION_THRESHOLD,Detected in < 1% of stromal cells or < 2 donors
LINC02153,ENSG00000253199,lncRNA,0,3670,0.0,0,16,False,BELOW_DETECTION_THRESHOLD,Detected in < 1% of stromal cells or < 2 donors
LZTS1-AS1,ENSG00000253733,lncRNA,0,3670,0.0,0,16,False,BELOW_DETECTION_THRESHOLD,Detected in < 1% of stromal cells or < 2 donors
DLGAP2-AS1,ENSG00000253267,lncRNA,0,3670,0.0,0,16,False,BELOW_DETECTION_THRESHOLD,Detected in < 1% of stromal cells or < 2 donors
LINC00681,ENSG00000255494,lncRNA,0,3670,0.0,0,16,False,BELOW_DETECTION_THRESHOLD,Detected in < 1% of stromal cells or < 2 donors
TRMT2B-AS1,ENSG00000225839,lncRNA,0,3670,0.0,0,16,False,BELOW_DETECTION_THRESHOLD,Detected in < 1% of stromal cells or < 2 donors
LINC00375,ENSG00000226370,lncRNA,0,3670,0.0,0,16,False,BELOW_DETECTION_THRESHOLD,Detected in < 1% of stromal cells or < 2 donors
LINC01054,ENSG00000229723,lncRNA,0,3670,0.0,0,16,False,BELOW_DETECTION_THRESHOLD,Detected in < 1% of stromal cells or < 2 donors
LINC00354,ENSG00000226903,lncRNA,0,3670,0.0,0,16,False,BELOW_DETECTION_THRESHOLD,Detected in < 1% of stromal cells or < 2 donors
LINC01044,ENSG00000223626,lncRNA,0,3670,0.0,0,16,False,BELOW_DETECTION_THRESHOLD,Detected in < 1% of stromal cells or < 2 donors
LINC00566,ENSG00000261498,lncRNA,0,3670,0.0,0,16,False,BELOW_DETECTION_THRESHOLD,Detected in < 1% of stromal cells or < 2 donors
LINC00399,ENSG00000229792,lncRNA,0,3670,0.0,0,16,False,BELOW_DETECTION_THRESHOLD,Detected in < 1% of stromal cells or < 2 donors
FRMPD3-AS1,ENSG00000227610,lncRNA,0,3670,0.0,0,16,False,BELOW_DETECTION_THRESHOLD,Detected in < 1% of stromal cells or < 2 donors
MAGEA4-AS1,ENSG00000229967,lncRNA,0,3670,0.0,0,16,False,BELOW_DETECTION_THRESHOLD,Detected in < 1% of stromal cells or < 2 donors
PHEX-AS1,ENSG00000224204,lncRNA,0,3670,0.0,0,16,False,BELOW_DETECTION_THRESHOLD,Detected in < 1% of stromal cells or < 2 donors
GYG2-AS1,ENSG00000235483,lncRNA,0,3670,0.0,0,16,False,BELOW_DETECTION_THRESHOLD,Detected in < 1% of stromal cells or < 2 donors
DMD-AS3,ENSG00000236828,lncRNA,0,3670,0.0,0,16,False,BELOW_DETECTION_THRESHOLD,Detected in < 1% of stromal cells or < 2 donors
PCYT1B-AS1,ENSG00000236836,lncRNA,0,3670,0.0,0,16,False,BELOW_DETECTION_THRESHOLD,Detected in < 1% of stromal cells or < 2 donors
LINC01040,ENSG00000226037,lncRNA,0,3670,0.0,0,16,False,BELOW_DETECTION_THRESHOLD,Detected in < 1% of stromal cells or < 2 donors
LINC00396,ENSG00000231428,lncRNA,0,3670,0.0,0,16,False,BELOW_DETECTION_THRESHOLD,Detected in < 1% of stromal cells or < 2 donors
DOCK9-AS1,ENSG00000229918,lncRNA,0,3670,0.0,0,16,False,BELOW_DETECTION_THRESHOLD,Detected in < 1% of stromal cells or < 2 donors
LINC00404,ENSG00000229520,lncRNA,0,3670,0.0,0,16,False,BELOW_DETECTION_THRESHOLD,Detected in < 1% of stromal cells or < 2 donors
LINC00400,ENSG00000229928,lncRNA,0,3670,0.0,0,16,False,BELOW_DETECTION_THRESHOLD,Detected in < 1% of stromal cells or < 2 donors
LINC00559,ENSG00000261446,lncRNA,0,3670,0.0,0,16,False,BELOW_DETECTION_THRESHOLD,Detected in < 1% of stromal cells or < 2 donors
MYO16-AS1,ENSG00000236242,lncRNA,0,3670,0.0,0,16,False,BELOW_DETECTION_THRESHOLD,Detected in < 1% of stromal cells or < 2 donors
LINC02337,ENSG00000215881,lncRNA,0,3670,0.0,0,16,False,BELOW_DETECTION_THRESHOLD,Detected in < 1% of stromal cells or < 2 donors
DCUN1D2-AS,ENSG00000233613,lncRNA,0,3670,0.0,0,16,False,BELOW_DETECTION_THRESHOLD,Detected in < 1% of stromal cells or < 2 donors
LINC00397,ENSG00000223404,lncRNA,0,3670,0.0,0,16,False,BELOW_DETECTION_THRESHOLD,Detected in < 1% of stromal cells or < 2 donors
FRMPD4-AS1,ENSG00000223487,lncRNA,0,3670,0.0,0,16,False,BELOW_DETECTION_THRESHOLD,Detected in < 1% of stromal cells or < 2 donors
FAM223A,ENSG00000279245,lncRNA,0,3670,0.0,0,16,False,BELOW_DETECTION_THRESHOLD,Detected in < 1% of stromal cells or < 2 donors
WASIR1,ENSG00000185203,lncRNA,0,3670,0.0,0,16,False,BELOW_DETECTION_THRESHOLD,Detected in < 1% of stromal cells or < 2 donors
PABPC5-AS1,ENSG00000234161,lncRNA,0,3670,0.0,0,16,False,BELOW_DETECTION_THRESHOLD,Detected in < 1% of stromal cells or < 2 donors
LINC01077,ENSG00000233456,lncRNA,0,3670,0.0,0,16,False,BELOW_DETECTION_THRESHOLD,Detected in < 1% of stromal cells or < 2 donors
LINC00352,ENSG00000227893,lncRNA,0,3670,0.0,0,16,False,BELOW_DETECTION_THRESHOLD,Detected in < 1% of stromal cells or < 2 donors
LINC00362,ENSG00000229483,lncRNA,0,3670,0.0,0,16,False,BELOW_DETECTION_THRESHOLD,Detected in < 1% of stromal cells or < 2 donors
GPC6-AS2,ENSG00000224394,lncRNA,0,3670,0.0,0,16,False,BELOW_DETECTION_THRESHOLD,Detected in < 1% of stromal cells or < 2 donors
RASA3-IT1,ENSG00000232487,lncRNA,0,3670,0.0,0,16,False,BELOW_DETECTION_THRESHOLD,Detected in < 1% of stromal cells or < 2 donors
LINC02335,ENSG00000278630,lncRNA,0,3670,0.0,0,16,False,BELOW_DETECTION_THRESHOLD,Detected in < 1% of stromal cells or < 2 donors
TAB3-AS1,ENSG00000231542,lncRNA,0,3670,0.0,0,16,False,BELOW_DETECTION_THRESHOLD,Detected in < 1% of stromal cells or < 2 donors
GK-AS1,ENSG00000243055,lncRNA,0,3670,0.0,0,16,False,BELOW_DETECTION_THRESHOLD,Detected in < 1% of stromal cells or < 2 donors
MID1IP1-AS1,ENSG00000238123,lncRNA,0,3670,0.0,0,16,False,BELOW_DETECTION_THRESHOLD,Detected in < 1% of stromal cells or < 2 donors
FAM223B,ENSG00000272681,lncRNA,0,3670,0.0,0,16,False,BELOW_DETECTION_THRESHOLD,Detected in < 1% of stromal cells or < 2 donors
LINC01201,ENSG00000228659,lncRNA,0,3670,0.0,0,16,False,BELOW_DETECTION_THRESHOLD,Detected in < 1% of stromal cells or < 2 donors
TCEAL3-AS1,ENSG00000224031,lncRNA,0,3670,0.0,0,16,False,BELOW_DETECTION_THRESHOLD,Detected in < 1% of stromal cells or < 2 donors
LINC01284,ENSG00000230317,lncRNA,0,3670,0.0,0,16,False,BELOW_DETECTION_THRESHOLD,Detected in < 1% of stromal cells or < 2 donors
NDP-AS1,ENSG00000236276,lncRNA,0,3670,0.0,0,16,False,BELOW_DETECTION_THRESHOLD,Detected in < 1% of stromal cells or < 2 donors
PHKA1-AS1,ENSG00000231944,lncRNA,0,3670,0.0,0,16,False,BELOW_DETECTION_THRESHOLD,Detected in < 1% of stromal cells or < 2 donors
MAGEA8-AS1,ENSG00000230899,lncRNA,0,3670,0.0,0,16,False,BELOW_DETECTION_THRESHOLD,Detected in < 1% of stromal cells or < 2 donors
LINC01282,ENSG00000236747,lncRNA,0,3670,0.0,0,16,False,BELOW_DETECTION_THRESHOLD,Detected in < 1% of stromal cells or < 2 donors
LINC00850,ENSG00000280752,lncRNA,0,3670,0.0,0,16,False,BELOW_DETECTION_THRESHOLD,Detected in < 1% of stromal cells or < 2 donors
LINC01281,ENSG00000235304,lncRNA,0,3670,0.0,0,16,False,BELOW_DETECTION_THRESHOLD,Detected in < 1% of stromal cells or < 2 donors
LINC01402,ENSG00000228139,lncRNA,0,3670,0.0,0,16,False,BELOW_DETECTION_THRESHOLD,Detected in < 1% of stromal cells or < 2 donors
PABPC1L2B-AS1,ENSG00000226725,lncRNA,0,3670,0.0,0,16,False,BELOW_DETECTION_THRESHOLD,Detected in < 1% of stromal cells or < 2 donors
LINC00454,ENSG00000226921,lncRNA,0,3670,0.0,0,16,False,BELOW_DETECTION_THRESHOLD,Detected in < 1% of stromal cells or < 2 donors
LINC00555,ENSG00000261057,lncRNA,0,3670,0.0,0,16,False,BELOW_DETECTION_THRESHOLD,Detected in < 1% of stromal cells or < 2 donors
LINC00411,ENSG00000229599,lncRNA,0,3670,0.0,0,16,False,BELOW_DETECTION_THRESHOLD,Detected in < 1% of stromal cells or < 2 donors
ALG13-AS1,ENSG00000229487,lncRNA,0,3670,0.0,0,16,False,BELOW_DETECTION_THRESHOLD,Detected in < 1% of stromal cells or < 2 donors
MAGEA10-MAGEA5,ENSG00000266560,lncRNA,0,3670,0.0,0,16,False,BELOW_DETECTION_THRESHOLD,Detected in < 1% of stromal cells or < 2 donors
GPR50-AS1,ENSG00000234696,lncRNA,0,3670,0.0,0,16,False,BELOW_DETECTION_THRESHOLD,Detected in < 1% of stromal cells or < 2 donors
AFF2-IT1,ENSG00000223516,lncRNA,0,3670,0.0,0,16,False,BELOW_DETECTION_THRESHOLD,Detected in < 1% of stromal cells or < 2 donors
CREB3L2-AS1,ENSG00000237243,lncRNA,0,3670,0.0,0,16,False,BELOW_DETECTION_THRESHOLD,Detected in < 1% of stromal cells or < 2 donors
FLNC-AS1,ENSG00000242902,lncRNA,0,3670,0.0,0,16,False,BELOW_DETECTION_THRESHOLD,Detected in < 1% of stromal cells or < 2 donors
PRKX-AS1,ENSG00000236188,lncRNA,0,3670,0.0,0,16,False,BELOW_DETECTION_THRESHOLD,Detected in < 1% of stromal cells or < 2 donors
EVX1-AS,ENSG00000253405,lncRNA,0,3670,0.0,0,16,False,BELOW_DETECTION_THRESHOLD,Detected in < 1% of stromal cells or < 2 donors
SPDYE11,ENSG00000275976,lncRNA,0,3670,0.0,0,16,False,BELOW_DETECTION_THRESHOLD,Detected in < 1% of stromal cells or < 2 donors
MNX1-AS1,ENSG00000243479,lncRNA,0,3670,0.0,0,16,False,BELOW_DETECTION_THRESHOLD,Detected in < 1% of stromal cells or < 2 donors
LINC00415,ENSG00000231983,lncRNA,0,3670,0.0,0,16,False,BELOW_DETECTION_THRESHOLD,Detected in < 1% of stromal cells or < 2 donors
LINC00556,ENSG00000260131,lncRNA,0,3670,0.0,0,16,False,BELOW_DETECTION_THRESHOLD,Detected in < 1% of stromal cells or < 2 donors
COL4A2-AS1,ENSG00000232814,lncRNA,0,3670,0.0,0,16,False,BELOW_DETECTION_THRESHOLD,Detected in < 1% of stromal cells or < 2 donors
ATXN8OS,ENSG00000230223,lncRNA,0,3670,0.0,0,16,False,BELOW_DETECTION_THRESHOLD,Detected in < 1% of stromal cells or < 2 donors
DIAPH3-AS2,ENSG00000223815,lncRNA,0,3670,0.0,0,16,False,BELOW_DETECTION_THRESHOLD,Detected in < 1% of stromal cells or < 2 donors
HTR2A-AS1,ENSG00000224517,lncRNA,0,3670,0.0,0,16,False,BELOW_DETECTION_THRESHOLD,Detected in < 1% of stromal cells or < 2 donors
LINC01283,ENSG00000234191,lncRNA,0,3670,0.0,0,16,False,BELOW_DETECTION_THRESHOLD,Detected in < 1% of stromal cells or < 2 donors
LINC01456,ENSG00000225882,lncRNA,0,3670,0.0,0,16,False,BELOW_DETECTION_THRESHOLD,Detected in < 1% of stromal cells or < 2 donors
PPEF1-AS1,ENSG00000237221,lncRNA,0,3670,0.0,0,16,False,BELOW_DETECTION_THRESHOLD,Detected in < 1% of stromal cells or < 2 donors
LINC01496,ENSG00000234766,lncRNA,0,3670,0.0,0,16,False,BELOW_DETECTION_THRESHOLD,Detected in < 1% of stromal cells or < 2 donors
RBAKDN,ENSG00000273313,lncRNA,0,3670,0.0,0,16,False,BELOW_DETECTION_THRESHOLD,Detected in < 1% of stromal cells or < 2 donors
LINC01450,ENSG00000232458,lncRNA,0,3670,0.0,0,16,False,BELOW_DETECTION_THRESHOLD,Detected in < 1% of stromal cells or < 2 donors
BLACE,ENSG00000204960,lncRNA,0,3670,0.0,0,16,False,BELOW_DETECTION_THRESHOLD,Detected in < 1% of stromal cells or < 2 donors
HTR5A-AS1,ENSG00000220575,lncRNA,0,3670,0.0,0,16,False,BELOW_DETECTION_THRESHOLD,Detected in < 1% of stromal cells or < 2 donors
CFTR-AS1,ENSG00000232661,lncRNA,0,3670,0.0,0,16,False,BELOW_DETECTION_THRESHOLD,Detected in < 1% of stromal cells or < 2 donors
MYCBP2-AS2,ENSG00000229521,lncRNA,0,3670,0.0,0,16,False,BELOW_DETECTION_THRESHOLD,Detected in < 1% of stromal cells or < 2 donors
ARHGEF7-AS1,ENSG00000227352,lncRNA,0,3670,0.0,0,16,False,BELOW_DETECTION_THRESHOLD,Detected in < 1% of stromal cells or < 2 donors
ARHGEF7-IT1,ENSG00000233644,lncRNA,0,3670,0.0,0,16,False,BELOW_DETECTION_THRESHOLD,Detected in < 1% of stromal cells or < 2 donors
LINC00368,ENSG00000225870,lncRNA,0,3670,0.0,0,16,False,BELOW_DETECTION_THRESHOLD,Detected in < 1% of stromal cells or < 2 donors
DAOA-AS1,ENSG00000232307,lncRNA,0,3670,0.0,0,16,False,BELOW_DETECTION_THRESHOLD,Detected in < 1% of stromal cells or < 2 donors
LINC00445,ENSG00000236036,lncRNA,0,3670,0.0,0,16,False,BELOW_DETECTION_THRESHOLD,Detected in < 1% of stromal cells or < 2 donors
LINC00423,ENSG00000226968,lncRNA,0,3670,0.0,0,16,False,BELOW_DETECTION_THRESHOLD,Detected in < 1% of stromal cells or < 2 donors
LINC01448,ENSG00000238284,lncRNA,0,3670,0.0,0,16,False,BELOW_DETECTION_THRESHOLD,Detected in < 1% of stromal cells or < 2 donors
TRBV11-2,ENSG00000241657,lncRNA,0,3670,0.0,0,16,False,BELOW_DETECTION_THRESHOLD,Detected in < 1% of stromal cells or < 2 donors
RNF216-IT1,ENSG00000237738,lncRNA,0,3670,0.0,0,16,False,BELOW_DETECTION_THRESHOLD,Detected in < 1% of stromal cells or < 2 donors
CRPPA-AS1,ENSG00000229688,lncRNA,0,3670,0.0,0,16,False,BELOW_DETECTION_THRESHOLD,Detected in < 1% of stromal cells or < 2 donors
LUARIS,ENSG00000231638,lncRNA,0,3670,0.0,0,16,False,BELOW_DETECTION_THRESHOLD,Detected in < 1% of stromal cells or < 2 donors
VSTM2A-OT1,ENSG00000224223,lncRNA,0,3670,0.0,0,16,False,BELOW_DETECTION_THRESHOLD,Detected in < 1% of stromal cells or < 2 donors
DDC-AS1,ENSG00000226122,lncRNA,0,3670,0.0,0,16,False,BELOW_DETECTION_THRESHOLD,Detected in < 1% of stromal cells or < 2 donors
LINC01007,ENSG00000233123,lncRNA,0,3670,0.0,0,16,False,BELOW_DETECTION_THRESHOLD,Detected in < 1% of stromal cells or < 2 donors
LINC01022,ENSG00000232715,lncRNA,0,3670,0.0,0,16,False,BELOW_DETECTION_THRESHOLD,Detected in < 1% of stromal cells or < 2 donors
LINC01287,ENSG00000234722,lncRNA,0,3670,0.0,0,16,False,BELOW_DETECTION_THRESHOLD,Detected in < 1% of stromal cells or < 2 donors
LINC02476,ENSG00000225546,lncRNA,0,3670,0.0,0,16,False,BELOW_DETECTION_THRESHOLD,Detected in < 1% of stromal cells or < 2 donors
LINC02830,ENSG00000224899,lncRNA,0,3670,0.0,0,16,False,BELOW_DETECTION_THRESHOLD,Detected in < 1% of stromal cells or < 2 donors
LINC02307,ENSG00000258969,lncRNA,0,3670,0.0,0,16,False,BELOW_DETECTION_THRESHOLD,Detected in < 1% of stromal cells or < 2 donors
LINC02286,ENSG00000258098,lncRNA,0,3670,0.0,0,16,False,BELOW_DETECTION_THRESHOLD,Detected in < 1% of stromal cells or < 2 donors
LINC02277,ENSG00000258487,lncRNA,0,3670,0.0,0,16,False,BELOW_DETECTION_THRESHOLD,Detected in < 1% of stromal cells or < 2 donors
LINC02294,ENSG00000257845,lncRNA,0,3670,0.0,0,16,False,BELOW_DETECTION_THRESHOLD,Detected in < 1% of stromal cells or < 2 donors
G2E3-AS1,ENSG00000257636,lncRNA,0,3670,0.0,0,16,False,BELOW_DETECTION_THRESHOLD,Detected in < 1% of stromal cells or < 2 donors
LINC02293,ENSG00000257185,lncRNA,0,3670,0.0,0,16,False,BELOW_DETECTION_THRESHOLD,Detected in < 1% of stromal cells or < 2 donors
MAGI2-AS2,ENSG00000226978,lncRNA,0,3670,0.0,0,16,False,BELOW_DETECTION_THRESHOLD,Detected in < 1% of stromal cells or < 2 donors
MAGI2-AS1,ENSG00000251276,lncRNA,0,3670,0.0,0,16,False,BELOW_DETECTION_THRESHOLD,Detected in < 1% of stromal cells or < 2 donors
LINC01162,ENSG00000232790,lncRNA,0,3670,0.0,0,16,False,BELOW_DETECTION_THRESHOLD,Detected in < 1% of stromal cells or < 2 donors
LINC02860,ENSG00000222004,lncRNA,0,3670,0.0,0,16,False,BELOW_DETECTION_THRESHOLD,Detected in < 1% of stromal cells or < 2 donors
LINC00972,ENSG00000225128,lncRNA,0,3670,0.0,0,16,False,BELOW_DETECTION_THRESHOLD,Detected in < 1% of stromal cells or < 2 donors
POU6F2-AS2,ENSG00000233854,lncRNA,0,3670,0.0,0,16,False,BELOW_DETECTION_THRESHOLD,Detected in < 1% of stromal cells or < 2 donors
LINC02854,ENSG00000238131,lncRNA,0,3670,0.0,0,16,False,BELOW_DETECTION_THRESHOLD,Detected in < 1% of stromal cells or < 2 donors
LINC01005,ENSG00000228564,lncRNA,0,3670,0.0,0,16,False,BELOW_DETECTION_THRESHOLD,Detected in < 1% of stromal cells or < 2 donors
POU6F2-AS1,ENSG00000224122,lncRNA,0,3670,0.0,0,16,False,BELOW_DETECTION_THRESHOLD,Detected in < 1% of stromal cells or < 2 donors
LINC00525,ENSG00000146666,lncRNA,0,3670,0.0,0,16,False,BELOW_DETECTION_THRESHOLD,Detected in < 1% of stromal cells or < 2 donors
LINC02838,ENSG00000285536,lncRNA,0,3670,0.0,0,16,False,BELOW_DETECTION_THRESHOLD,Detected in < 1% of stromal cells or < 2 donors
ELMO1-AS1,ENSG00000224101,lncRNA,0,3670,0.0,0,16,False,BELOW_DETECTION_THRESHOLD,Detected in < 1% of stromal cells or < 2 donors
HECW1-IT1,ENSG00000181211,lncRNA,0,3670,0.0,0,16,False,BELOW_DETECTION_THRESHOLD,Detected in < 1% of stromal cells or < 2 donors
SALRNA1,ENSG00000258952,lncRNA,0,3670,0.0,0,16,False,BELOW_DETECTION_THRESHOLD,Detected in < 1% of stromal cells or < 2 donors
LINC02319,ENSG00000258694,lncRNA,0,3670,0.0,0,16,False,BELOW_DETECTION_THRESHOLD,Detected in < 1% of stromal cells or < 2 donors
LINC00871,ENSG00000258700,lncRNA,0,3670,0.0,0,16,False,BELOW_DETECTION_THRESHOLD,Detected in < 1% of stromal cells or < 2 donors
LINC01392,ENSG00000233607,lncRNA,0,3670,0.0,0,16,False,BELOW_DETECTION_THRESHOLD,Detected in < 1% of stromal cells or < 2 donors
LNCPRESS1,ENSG00000232301,lncRNA,0,3670,0.0,0,16,False,BELOW_DETECTION_THRESHOLD,Detected in < 1% of stromal cells or < 2 donors
LINC02525,ENSG00000230269,lncRNA,0,3670,0.0,0,16,False,BELOW_DETECTION_THRESHOLD,Detected in < 1% of stromal cells or < 2 donors
HCG24,ENSG00000230313,lncRNA,0,3670,0.0,0,16,False,BELOW_DETECTION_THRESHOLD,Detected in < 1% of stromal cells or < 2 donors
NANOGP11,ENSG00000233464,lncRNA,0,3670,0.0,0,16,False,BELOW_DETECTION_THRESHOLD,Detected in < 1% of stromal cells or < 2 donors
KIF25-AS1,ENSG00000229921,lncRNA,0,3670,0.0,0,16,False,BELOW_DETECTION_THRESHOLD,Detected in < 1% of stromal cells or < 2 donors
RPS6KA2-AS1,ENSG00000231654,lncRNA,0,3670,0.0,0,16,False,BELOW_DETECTION_THRESHOLD,Detected in < 1% of stromal cells or < 2 donors
C4B-AS1,ENSG00000229776,lncRNA,0,3670,0.0,0,16,False,BELOW_DETECTION_THRESHOLD,Detected in < 1% of stromal cells or < 2 donors
C4A-AS1,ENSG00000233627,lncRNA,0,3670,0.0,0,16,False,BELOW_DETECTION_THRESHOLD,Detected in < 1% of stromal cells or < 2 donors
LINC02305,ENSG00000258532,lncRNA,0,3670,0.0,0,16,False,BELOW_DETECTION_THRESHOLD,Detected in < 1% of stromal cells or < 2 donors
LINC02291,ENSG00000197176,lncRNA,0,3670,0.0,0,16,False,BELOW_DETECTION_THRESHOLD,Detected in < 1% of stromal cells or < 2 donors
LINC02297,ENSG00000257504,lncRNA,0,3670,0.0,0,16,False,BELOW_DETECTION_THRESHOLD,Detected in < 1% of stromal cells or < 2 donors
LINC01629,ENSG00000258602,lncRNA,0,3670,0.0,0,16,False,BELOW_DETECTION_THRESHOLD,Detected in < 1% of stromal cells or < 2 donors
LINC02296,ENSG00000258859,lncRNA,0,3670,0.0,0,16,False,BELOW_DETECTION_THRESHOLD,Detected in < 1% of stromal cells or < 2 donors
LINC01148,ENSG00000258804,lncRNA,0,3670,0.0,0,16,False,BELOW_DETECTION_THRESHOLD,Detected in < 1% of stromal cells or < 2 donors
LINC00609,ENSG00000257585,lncRNA,0,3670,0.0,0,16,False,BELOW_DETECTION_THRESHOLD,Detected in < 1% of stromal cells or < 2 donors
NPSR1-AS1,ENSG00000197085,lncRNA,0,3670,0.0,0,16,False,BELOW_DETECTION_THRESHOLD,Detected in < 1% of stromal cells or < 2 donors
AOAH-IT1,ENSG00000230539,lncRNA,0,3670,0.0,0,16,False,BELOW_DETECTION_THRESHOLD,Detected in < 1% of stromal cells or < 2 donors
LINC02537,ENSG00000283215,lncRNA,0,3670,0.0,0,16,False,BELOW_DETECTION_THRESHOLD,Detected in < 1% of stromal cells or < 2 donors
LINC02571,ENSG00000256166,lncRNA,0,3670,0.0,0,16,False,BELOW_DETECTION_THRESHOLD,Detected in < 1% of stromal cells or < 2 donors
LINC01276,ENSG00000226917,lncRNA,0,3670,0.0,0,16,False,BELOW_DETECTION_THRESHOLD,Detected in < 1% of stromal cells or < 2 donors
LINC02536,ENSG00000281248,lncRNA,0,3670,0.0,0,16,False,BELOW_DETECTION_THRESHOLD,Detected in < 1% of stromal cells or < 2 donors
RPS6KA2-IT1,ENSG00000232082,lncRNA,0,3670,0.0,0,16,False,BELOW_DETECTION_THRESHOLD,Detected in < 1% of stromal cells or < 2 donors
LINC01147,ENSG00000258826,lncRNA,0,3670,0.0,0,16,False,BELOW_DETECTION_THRESHOLD,Detected in < 1% of stromal cells or < 2 donors
LINC02330,ENSG00000258770,lncRNA,0,3670,0.0,0,16,False,BELOW_DETECTION_THRESHOLD,Detected in < 1% of stromal cells or < 2 donors
LINC02295,ENSG00000258511,lncRNA,0,3670,0.0,0,16,False,BELOW_DETECTION_THRESHOLD,Detected in < 1% of stromal cells or < 2 donors
LINC02316,ENSG00000258912,lncRNA,0,3670,0.0,0,16,False,BELOW_DETECTION_THRESHOLD,Detected in < 1% of stromal cells or < 2 donors
OTX2-AS1,ENSG00000248550,lncRNA,0,3670,0.0,0,16,False,BELOW_DETECTION_THRESHOLD,Detected in < 1% of stromal cells or < 2 donors
DIO2-AS1,ENSG00000258766,lncRNA,0,3670,0.0,0,16,False,BELOW_DETECTION_THRESHOLD,Detected in < 1% of stromal cells or < 2 donors
LINC01467,ENSG00000258977,lncRNA,0,3670,0.0,0,16,False,BELOW_DETECTION_THRESHOLD,Detected in < 1% of stromal cells or < 2 donors
LINC02314,ENSG00000259082,lncRNA,0,3670,0.0,0,16,False,BELOW_DETECTION_THRESHOLD,Detected in < 1% of stromal cells or < 2 donors
LINC02691,ENSG00000258913,lncRNA,0,3670,0.0,0,16,False,BELOW_DETECTION_THRESHOLD,Detected in < 1% of stromal cells or < 2 donors
MYB-AS1,ENSG00000236703,lncRNA,0,3670,0.0,0,16,False,BELOW_DETECTION_THRESHOLD,Detected in < 1% of stromal cells or < 2 donors
LINC02520,ENSG00000204110,lncRNA,0,3670,0.0,0,16,False,BELOW_DETECTION_THRESHOLD,Detected in < 1% of stromal cells or < 2 donors
PACRG-AS1,ENSG00000281692,lncRNA,0,3670,0.0,0,16,False,BELOW_DETECTION_THRESHOLD,Detected in < 1% of stromal cells or < 2 donors
PACRG-AS2,ENSG00000225437,lncRNA,0,3670,0.0,0,16,False,BELOW_DETECTION_THRESHOLD,Detected in < 1% of stromal cells or < 2 donors
PHACTR2-AS1,ENSG00000235740,lncRNA,0,3670,0.0,0,16,False,BELOW_DETECTION_THRESHOLD,Detected in < 1% of stromal cells or < 2 donors
OSTM1-AS1,ENSG00000225174,lncRNA,0,3670,0.0,0,16,False,BELOW_DETECTION_THRESHOLD,Detected in < 1% of stromal cells or < 2 donors
LINC02529,ENSG00000234777,lncRNA,0,3670,0.0,0,16,False,BELOW_DETECTION_THRESHOLD,Detected in < 1% of stromal cells or < 2 donors
COPDA1,ENSG00000253364,lncRNA,0,3670,0.0,0,16,False,BELOW_DETECTION_THRESHOLD,Detected in < 1% of stromal cells or < 2 donors
LINC02317,ENSG00000258678,lncRNA,0,3670,0.0,0,16,False,BELOW_DETECTION_THRESHOLD,Detected in < 1% of stromal cells or < 2 donors
LINC02320,ENSG00000258404,lncRNA,0,3670,0.0,0,16,False,BELOW_DETECTION_THRESHOLD,Detected in < 1% of stromal cells or < 2 donors
LINC02309,ENSG00000258994,lncRNA,0,3670,0.0,0,16,False,BELOW_DETECTION_THRESHOLD,Detected in < 1% of stromal cells or < 2 donors
OOEP-AS1,ENSG00000231332,lncRNA,0,3670,0.0,0,16,False,BELOW_DETECTION_THRESHOLD,Detected in < 1% of stromal cells or < 2 donors
KCNQ5-AS1,ENSG00000229154,lncRNA,0,3670,0.0,0,16,False,BELOW_DETECTION_THRESHOLD,Detected in < 1% of stromal cells or < 2 donors
LINC01015,ENSG00000224582,lncRNA,0,3670,0.0,0,16,False,BELOW_DETECTION_THRESHOLD,Detected in < 1% of stromal cells or < 2 donors
LINC02530,ENSG00000234015,lncRNA,0,3670,0.0,0,16,False,BELOW_DETECTION_THRESHOLD,Detected in < 1% of stromal cells or < 2 donors
LINC01312,ENSG00000223586,lncRNA,0,3670,0.0,0,16,False,BELOW_DETECTION_THRESHOLD,Detected in < 1% of stromal cells or < 2 donors
LINC02527,ENSG00000227012,lncRNA,0,3670,0.0,0,16,False,BELOW_DETECTION_THRESHOLD,Detected in < 1% of stromal cells or < 2 donors
EHMT2-AS1,ENSG00000237080,lncRNA,0,3670,0.0,0,16,False,BELOW_DETECTION_THRESHOLD,Detected in < 1% of stromal cells or < 2 donors
LINC02528,ENSG00000229922,lncRNA,0,3670,0.0,0,16,False,BELOW_DETECTION_THRESHOLD,Detected in < 1% of stromal cells or < 2 donors
LINC02523,ENSG00000224506,lncRNA,0,3670,0.0,0,16,False,BELOW_DETECTION_THRESHOLD,Detected in < 1% of stromal cells or < 2 donors
UST-AS1,ENSG00000227660,lncRNA,0,3670,0.0,0,16,False,BELOW_DETECTION_THRESHOLD,Detected in < 1% of stromal cells or < 2 donors
TAB2-AS1,ENSG00000225924,lncRNA,0,3670,0.0,0,16,False,BELOW_DETECTION_THRESHOLD,Detected in < 1% of stromal cells or < 2 donors
LINC01624,ENSG00000227508,lncRNA,0,3670,0.0,0,16,False,BELOW_DETECTION_THRESHOLD,Detected in < 1% of stromal cells or < 2 donors
ARMC2-AS1,ENSG00000230290,lncRNA,0,3670,0.0,0,16,False,BELOW_DETECTION_THRESHOLD,Detected in < 1% of stromal cells or < 2 donors
LINC01626,ENSG00000223765,lncRNA,0,3670,0.0,0,16,False,BELOW_DETECTION_THRESHOLD,Detected in < 1% of stromal cells or < 2 donors
LUADT1,ENSG00000196634,lncRNA,0,3670,0.0,0,16,False,BELOW_DETECTION_THRESHOLD,Detected in < 1% of stromal cells or < 2 donors
LINC02531,ENSG00000220908,lncRNA,0,3670,0.0,0,16,False,BELOW_DETECTION_THRESHOLD,Detected in < 1% of stromal cells or < 2 donors
LINC02833,ENSG00000258742,lncRNA,0,3670,0.0,0,16,False,BELOW_DETECTION_THRESHOLD,Detected in < 1% of stromal cells or < 2 donors
LINC00596,ENSG00000259334,lncRNA,0,3670,0.0,0,16,False,BELOW_DETECTION_THRESHOLD,Detected in < 1% of stromal cells or < 2 donors
PTCSC3,ENSG00000259104,lncRNA,0,3670,0.0,0,16,False,BELOW_DETECTION_THRESHOLD,Detected in < 1% of stromal cells or < 2 donors
LINC02311,ENSG00000258718,lncRNA,0,3670,0.0,0,16,False,BELOW_DETECTION_THRESHOLD,Detected in < 1% of stromal cells or < 2 donors
LINC00226,ENSG00000276210,lncRNA,0,3670,0.0,0,16,False,BELOW_DETECTION_THRESHOLD,Detected in < 1% of stromal cells or < 2 donors
LINC02312,ENSG00000258869,lncRNA,0,3670,0.0,0,16,False,BELOW_DETECTION_THRESHOLD,Detected in < 1% of stromal cells or < 2 donors
NMBR-AS1,ENSG00000236822,lncRNA,0,3670,0.0,0,16,False,BELOW_DETECTION_THRESHOLD,Detected in < 1% of stromal cells or < 2 donors
LINC01621,ENSG00000235357,lncRNA,0,3670,0.0,0,16,False,BELOW_DETECTION_THRESHOLD,Detected in < 1% of stromal cells or < 2 donors
LINC02836,ENSG00000237567,lncRNA,0,3670,0.0,0,16,False,BELOW_DETECTION_THRESHOLD,Detected in < 1% of stromal cells or < 2 donors
LINC00951,ENSG00000204092,lncRNA,0,3670,0.0,0,16,False,BELOW_DETECTION_THRESHOLD,Detected in < 1% of stromal cells or < 2 donors
NCOA7-AS1,ENSG00000232131,lncRNA,0,3670,0.0,0,16,False,BELOW_DETECTION_THRESHOLD,Detected in < 1% of stromal cells or < 2 donors
LINC02534,ENSG00000228777,lncRNA,0,3670,0.0,0,16,False,BELOW_DETECTION_THRESHOLD,Detected in < 1% of stromal cells or < 2 donors
LIN28B-AS1,ENSG00000203809,lncRNA,0,3670,0.0,0,16,False,BELOW_DETECTION_THRESHOLD,Detected in < 1% of stromal cells or < 2 donors
LINC00222,ENSG00000203801,lncRNA,0,3670,0.0,0,16,False,BELOW_DETECTION_THRESHOLD,Detected in < 1% of stromal cells or < 2 donors
MCHR2-AS1,ENSG00000229315,lncRNA,0,3670,0.0,0,16,False,BELOW_DETECTION_THRESHOLD,Detected in < 1% of stromal cells or < 2 donors
LINC01297,ENSG00000274827,lncRNA,0,3670,0.0,0,16,False,BELOW_DETECTION_THRESHOLD,Detected in < 1% of stromal cells or < 2 donors
MIR381HG,ENSG00000258861,lncRNA,0,3670,0.0,0,16,False,BELOW_DETECTION_THRESHOLD,Detected in < 1% of stromal cells or < 2 donors
LINC00523,ENSG00000196273,lncRNA,0,3670,0.0,0,16,False,BELOW_DETECTION_THRESHOLD,Detected in < 1% of stromal cells or < 2 donors
LINC02279,ENSG00000258933,lncRNA,0,3670,0.0,0,16,False,BELOW_DETECTION_THRESHOLD,Detected in < 1% of stromal cells or < 2 donors
TGFB3-AS1,ENSG00000258876,lncRNA,0,3670,0.0,0,16,False,BELOW_DETECTION_THRESHOLD,Detected in < 1% of stromal cells or < 2 donors
LINC02281,ENSG00000257748,lncRNA,0,3670,0.0,0,16,False,BELOW_DETECTION_THRESHOLD,Detected in < 1% of stromal cells or < 2 donors
LINC02282,ENSG00000257056,lncRNA,0,3670,0.0,0,16,False,BELOW_DETECTION_THRESHOLD,Detected in < 1% of stromal cells or < 2 donors
TBX18-AS1,ENSG00000228290,lncRNA,0,3670,0.0,0,16,False,BELOW_DETECTION_THRESHOLD,Detected in < 1% of stromal cells or < 2 donors
SMIM15-AS1,ENSG00000251279,lncRNA,0,3670,0.0,0,16,False,BELOW_DETECTION_THRESHOLD,Detected in < 1% of stromal cells or < 2 donors
LINC00533,ENSG00000235570,lncRNA,0,3670,0.0,0,16,False,BELOW_DETECTION_THRESHOLD,Detected in < 1% of stromal cells or < 2 donors
LINC02543,ENSG00000232947,lncRNA,0,3670,0.0,0,16,False,BELOW_DETECTION_THRESHOLD,Detected in < 1% of stromal cells or < 2 donors
LINC02521,ENSG00000228718,lncRNA,0,3670,0.0,0,16,False,BELOW_DETECTION_THRESHOLD,Detected in < 1% of stromal cells or < 2 donors
LINC00581,ENSG00000280989,lncRNA,0,3670,0.0,0,16,False,BELOW_DETECTION_THRESHOLD,Detected in < 1% of stromal cells or < 2 donors
LINC01394,ENSG00000281809,lncRNA,0,3670,0.0,0,16,False,BELOW_DETECTION_THRESHOLD,Detected in < 1% of stromal cells or < 2 donors
LINC02326,ENSG00000257523,lncRNA,0,3670,0.0,0,16,False,BELOW_DETECTION_THRESHOLD,Detected in < 1% of stromal cells or < 2 donors
LINC02304,ENSG00000259110,lncRNA,0,3670,0.0,0,16,False,BELOW_DETECTION_THRESHOLD,Detected in < 1% of stromal cells or < 2 donors
LINC02299,ENSG00000258979,lncRNA,0,3670,0.0,0,16,False,BELOW_DETECTION_THRESHOLD,Detected in < 1% of stromal cells or < 2 donors
EGLN3-AS1,ENSG00000258897,lncRNA,0,3670,0.0,0,16,False,BELOW_DETECTION_THRESHOLD,Detected in < 1% of stromal cells or < 2 donors
NKX2-1-AS1,ENSG00000253563,lncRNA,0,3670,0.0,0,16,False,BELOW_DETECTION_THRESHOLD,Detected in < 1% of stromal cells or < 2 donors
SFTA3,ENSG00000257520,lncRNA,0,3670,0.0,0,16,False,BELOW_DETECTION_THRESHOLD,Detected in < 1% of stromal cells or < 2 donors
LINC02829,ENSG00000229274,lncRNA,0,3670,0.0,0,16,False,BELOW_DETECTION_THRESHOLD,Detected in < 1% of stromal cells or < 2 donors
LINC02549,ENSG00000226497,lncRNA,0,3670,0.0,0,16,False,BELOW_DETECTION_THRESHOLD,Detected in < 1% of stromal cells or < 2 donors
LINCMD1,ENSG00000225613,lncRNA,0,3670,0.0,0,16,False,BELOW_DETECTION_THRESHOLD,Detected in < 1% of stromal cells or < 2 donors
RUNX2-AS1,ENSG00000261080,lncRNA,0,3670,0.0,0,16,False,BELOW_DETECTION_THRESHOLD,Detected in < 1% of stromal cells or < 2 donors
LINC01385,ENSG00000251604,lncRNA,0,3670,0.0,0,16,False,BELOW_DETECTION_THRESHOLD,Detected in < 1% of stromal cells or < 2 donors
FOXD1-AS1,ENSG00000247993,lncRNA,0,3670,0.0,0,16,False,BELOW_DETECTION_THRESHOLD,Detected in < 1% of stromal cells or < 2 donors
LINC02230,ENSG00000251543,lncRNA,0,3670,0.0,0,16,False,BELOW_DETECTION_THRESHOLD,Detected in < 1% of stromal cells or < 2 donors
LINC01187,ENSG00000249601,lncRNA,0,3670,0.0,0,16,False,BELOW_DETECTION_THRESHOLD,Detected in < 1% of stromal cells or < 2 donors
LINC02248,ENSG00000235160,lncRNA,0,3670,0.0,0,16,False,BELOW_DETECTION_THRESHOLD,Detected in < 1% of stromal cells or < 2 donors
LINC01193,ENSG00000258710,lncRNA,0,3670,0.0,0,16,False,BELOW_DETECTION_THRESHOLD,Detected in < 1% of stromal cells or < 2 donors
LINC02250,ENSG00000235731,lncRNA,0,3670,0.0,0,16,False,BELOW_DETECTION_THRESHOLD,Detected in < 1% of stromal cells or < 2 donors
LINC02203,ENSG00000284988,lncRNA,0,3670,0.0,0,16,False,BELOW_DETECTION_THRESHOLD,Detected in < 1% of stromal cells or < 2 donors
LINC00644,ENSG00000259142,lncRNA,0,3670,0.0,0,16,False,BELOW_DETECTION_THRESHOLD,Detected in < 1% of stromal cells or < 2 donors
FAM30A,ENSG00000226777,lncRNA,0,3670,0.0,0,16,False,BELOW_DETECTION_THRESHOLD,Detected in < 1% of stromal cells or < 2 donors
LINC02329,ENSG00000258814,lncRNA,0,3670,0.0,0,16,False,BELOW_DETECTION_THRESHOLD,Detected in < 1% of stromal cells or < 2 donors
LINC02108,ENSG00000250127,lncRNA,0,3670,0.0,0,16,False,BELOW_DETECTION_THRESHOLD,Detected in < 1% of stromal cells or < 2 donors
LINC01861,ENSG00000251183,lncRNA,0,3670,0.0,0,16,False,BELOW_DETECTION_THRESHOLD,Detected in < 1% of stromal cells or < 2 donors
C5orf60,ENSG00000204661,lncRNA,0,3670,0.0,0,16,False,BELOW_DETECTION_THRESHOLD,Detected in < 1% of stromal cells or < 2 donors
STK32A-AS1,ENSG00000250343,lncRNA,0,3670,0.0,0,16,False,BELOW_DETECTION_THRESHOLD,Detected in < 1% of stromal cells or < 2 donors
PPP2R2B-IT1,ENSG00000249553,lncRNA,0,3670,0.0,0,16,False,BELOW_DETECTION_THRESHOLD,Detected in < 1% of stromal cells or < 2 donors
LINC01944,ENSG00000254299,lncRNA,0,3670,0.0,0,16,False,BELOW_DETECTION_THRESHOLD,Detected in < 1% of stromal cells or < 2 donors
LINC01845,ENSG00000253298,lncRNA,0,3670,0.0,0,16,False,BELOW_DETECTION_THRESHOLD,Detected in < 1% of stromal cells or < 2 donors
GRPEL2-AS1,ENSG00000253618,lncRNA,0,3670,0.0,0,16,False,BELOW_DETECTION_THRESHOLD,Detected in < 1% of stromal cells or < 2 donors
LINC02222,ENSG00000248717,lncRNA,0,3670,0.0,0,16,False,BELOW_DETECTION_THRESHOLD,Detected in < 1% of stromal cells or < 2 donors
LINC01947,ENSG00000254130,lncRNA,0,3670,0.0,0,16,False,BELOW_DETECTION_THRESHOLD,Detected in < 1% of stromal cells or < 2 donors
DNAAF4-CCPG1,ENSG00000261771,lncRNA,0,3670,0.0,0,16,False,BELOW_DETECTION_THRESHOLD,Detected in < 1% of stromal cells or < 2 donors
GABRG3-AS1,ENSG00000228740,lncRNA,0,3670,0.0,0,16,False,BELOW_DETECTION_THRESHOLD,Detected in < 1% of stromal cells or < 2 donors
BMF-AS1,ENSG00000259409,lncRNA,0,3670,0.0,0,16,False,BELOW_DETECTION_THRESHOLD,Detected in < 1% of stromal cells or < 2 donors
PWRN4,ENSG00000260232,lncRNA,0,3670,0.0,0,16,False,BELOW_DETECTION_THRESHOLD,Detected in < 1% of stromal cells or < 2 donors
LINC01932,ENSG00000253315,lncRNA,0,3670,0.0,0,16,False,BELOW_DETECTION_THRESHOLD,Detected in < 1% of stromal cells or < 2 donors
HMMR-AS1,ENSG00000251018,lncRNA,0,3670,0.0,0,16,False,BELOW_DETECTION_THRESHOLD,Detected in < 1% of stromal cells or < 2 donors
LINC02143,ENSG00000253236,lncRNA,0,3670,0.0,0,16,False,BELOW_DETECTION_THRESHOLD,Detected in < 1% of stromal cells or < 2 donors
LINC02234,ENSG00000248202,lncRNA,0,3670,0.0,0,16,False,BELOW_DETECTION_THRESHOLD,Detected in < 1% of stromal cells or < 2 donors
LINC01863,ENSG00000253959,lncRNA,0,3670,0.0,0,16,False,BELOW_DETECTION_THRESHOLD,Detected in < 1% of stromal cells or < 2 donors
LINC01470,ENSG00000249484,lncRNA,0,3670,0.0,0,16,False,BELOW_DETECTION_THRESHOLD,Detected in < 1% of stromal cells or < 2 donors
LINC01386,ENSG00000251324,lncRNA,0,3670,0.0,0,16,False,BELOW_DETECTION_THRESHOLD,Detected in < 1% of stromal cells or < 2 donors
ANKRD33B-AS1,ENSG00000250106,lncRNA,0,3670,0.0,0,16,False,BELOW_DETECTION_THRESHOLD,Detected in < 1% of stromal cells or < 2 donors
LINC02103,ENSG00000249785,lncRNA,0,3670,0.0,0,16,False,BELOW_DETECTION_THRESHOLD,Detected in < 1% of stromal cells or < 2 donors
LINC02039,ENSG00000248107,lncRNA,0,3670,0.0,0,16,False,BELOW_DETECTION_THRESHOLD,Detected in < 1% of stromal cells or < 2 donors
LINC01844,ENSG00000236714,lncRNA,0,3670,0.0,0,16,False,BELOW_DETECTION_THRESHOLD,Detected in < 1% of stromal cells or < 2 donors
LINC01951,ENSG00000204754,lncRNA,0,3670,0.0,0,16,False,BELOW_DETECTION_THRESHOLD,Detected in < 1% of stromal cells or < 2 donors
LINC01949,ENSG00000233828,lncRNA,0,3670,0.0,0,16,False,BELOW_DETECTION_THRESHOLD,Detected in < 1% of stromal cells or < 2 donors
LINC02229,ENSG00000250313,lncRNA,0,3670,0.0,0,16,False,BELOW_DETECTION_THRESHOLD,Detected in < 1% of stromal cells or < 2 donors
LINC02490,ENSG00000259237,lncRNA,0,3670,0.0,0,16,False,BELOW_DETECTION_THRESHOLD,Detected in < 1% of stromal cells or < 2 donors
LINC01169,ENSG00000259471,lncRNA,0,3670,0.0,0,16,False,BELOW_DETECTION_THRESHOLD,Detected in < 1% of stromal cells or < 2 donors
SALRNA3,ENSG00000281264,lncRNA,0,3670,0.0,0,16,False,BELOW_DETECTION_THRESHOLD,Detected in < 1% of stromal cells or < 2 donors
LINC02205,ENSG00000259473,lncRNA,0,3670,0.0,0,16,False,BELOW_DETECTION_THRESHOLD,Detected in < 1% of stromal cells or < 2 donors
PLCB2-AS1,ENSG00000259307,lncRNA,0,3670,0.0,0,16,False,BELOW_DETECTION_THRESHOLD,Detected in < 1% of stromal cells or < 2 donors
MCTP1-AS1,ENSG00000249545,lncRNA,0,3670,0.0,0,16,False,BELOW_DETECTION_THRESHOLD,Detected in < 1% of stromal cells or < 2 donors
LINC01942,ENSG00000253428,lncRNA,0,3670,0.0,0,16,False,BELOW_DETECTION_THRESHOLD,Detected in < 1% of stromal cells or < 2 donors
WSPAR,ENSG00000249073,lncRNA,0,3670,0.0,0,16,False,BELOW_DETECTION_THRESHOLD,Detected in < 1% of stromal cells or < 2 donors
LINC01933,ENSG00000254226,lncRNA,0,3670,0.0,0,16,False,BELOW_DETECTION_THRESHOLD,Detected in < 1% of stromal cells or < 2 donors
LINC01455,ENSG00000250888,lncRNA,0,3670,0.0,0,16,False,BELOW_DETECTION_THRESHOLD,Detected in < 1% of stromal cells or < 2 donors
EGFLAM-AS4,ENSG00000248730,lncRNA,0,3670,0.0,0,16,False,BELOW_DETECTION_THRESHOLD,Detected in < 1% of stromal cells or < 2 donors
LINC02161,ENSG00000250437,lncRNA,0,3670,0.0,0,16,False,BELOW_DETECTION_THRESHOLD,Detected in < 1% of stromal cells or < 2 donors
LINC01340,ENSG00000250331,lncRNA,0,3670,0.0,0,16,False,BELOW_DETECTION_THRESHOLD,Detected in < 1% of stromal cells or < 2 donors
NTRK3-AS1,ENSG00000260305,lncRNA,0,3670,0.0,0,16,False,BELOW_DETECTION_THRESHOLD,Detected in < 1% of stromal cells or < 2 donors
LINC00927,ENSG00000259361,lncRNA,0,3670,0.0,0,16,False,BELOW_DETECTION_THRESHOLD,Detected in < 1% of stromal cells or < 2 donors
RORA-AS2,ENSG00000259482,lncRNA,0,3670,0.0,0,16,False,BELOW_DETECTION_THRESHOLD,Detected in < 1% of stromal cells or < 2 donors
MIR4713HG,ENSG00000259240,lncRNA,0,3670,0.0,0,16,False,BELOW_DETECTION_THRESHOLD,Detected in < 1% of stromal cells or < 2 donors
LIPC-AS1,ENSG00000259293,lncRNA,0,3670,0.0,0,16,False,BELOW_DETECTION_THRESHOLD,Detected in < 1% of stromal cells or < 2 donors
LINC02200,ENSG00000250358,lncRNA,0,3670,0.0,0,16,False,BELOW_DETECTION_THRESHOLD,Detected in < 1% of stromal cells or < 2 donors
EGFLAM-AS3,ENSG00000249071,lncRNA,0,3670,0.0,0,16,False,BELOW_DETECTION_THRESHOLD,Detected in < 1% of stromal cells or < 2 donors
LINC02122,ENSG00000248474,lncRNA,0,3670,0.0,0,16,False,BELOW_DETECTION_THRESHOLD,Detected in < 1% of stromal cells or < 2 donors
LINC01332,ENSG00000250446,lncRNA,0,3670,0.0,0,16,False,BELOW_DETECTION_THRESHOLD,Detected in < 1% of stromal cells or < 2 donors
PSD2-AS1,ENSG00000249131,lncRNA,0,3670,0.0,0,16,False,BELOW_DETECTION_THRESHOLD,Detected in < 1% of stromal cells or < 2 donors
LINC01411,ENSG00000249306,lncRNA,0,3670,0.0,0,16,False,BELOW_DETECTION_THRESHOLD,Detected in < 1% of stromal cells or < 2 donors
SLC25A48-AS1,ENSG00000251045,lncRNA,0,3670,0.0,0,16,False,BELOW_DETECTION_THRESHOLD,Detected in < 1% of stromal cells or < 2 donors
LINC00052,ENSG00000259527,lncRNA,0,3670,0.0,0,16,False,BELOW_DETECTION_THRESHOLD,Detected in < 1% of stromal cells or < 2 donors
C5orf66-AS2,ENSG00000249647,lncRNA,0,3670,0.0,0,16,False,BELOW_DETECTION_THRESHOLD,Detected in < 1% of stromal cells or < 2 donors
LINC01848,ENSG00000254106,lncRNA,0,3670,0.0,0,16,False,BELOW_DETECTION_THRESHOLD,Detected in < 1% of stromal cells or < 2 donors
LINC02214,ENSG00000251311,lncRNA,0,3670,0.0,0,16,False,BELOW_DETECTION_THRESHOLD,Detected in < 1% of stromal cells or < 2 donors
LINC02216,ENSG00000249551,lncRNA,0,3670,0.0,0,16,False,BELOW_DETECTION_THRESHOLD,Detected in < 1% of stromal cells or < 2 donors
C5orf64-AS1,ENSG00000251575,lncRNA,0,3670,0.0,0,16,False,BELOW_DETECTION_THRESHOLD,Detected in < 1% of stromal cells or < 2 donors
LINC02219,ENSG00000253787,lncRNA,0,3670,0.0,0,16,False,BELOW_DETECTION_THRESHOLD,Detected in < 1% of stromal cells or < 2 donors
LINC01581,ENSG00000259724,lncRNA,0,3670,0.0,0,16,False,BELOW_DETECTION_THRESHOLD,Detected in < 1% of stromal cells or < 2 donors
LINC01583,ENSG00000259518,lncRNA,0,3670,0.0,0,16,False,BELOW_DETECTION_THRESHOLD,Detected in < 1% of stromal cells or < 2 donors
LINC02157,ENSG00000259763,lncRNA,0,3670,0.0,0,16,False,BELOW_DETECTION_THRESHOLD,Detected in < 1% of stromal cells or < 2 donors
LINGO1-AS1,ENSG00000259666,lncRNA,0,3670,0.0,0,16,False,BELOW_DETECTION_THRESHOLD,Detected in < 1% of stromal cells or < 2 donors
LINC02852,ENSG00000285866,lncRNA,0,3670,0.0,0,16,False,BELOW_DETECTION_THRESHOLD,Detected in < 1% of stromal cells or < 2 donors
LINC02349,ENSG00000259284,lncRNA,0,3670,0.0,0,16,False,BELOW_DETECTION_THRESHOLD,Detected in < 1% of stromal cells or < 2 donors
TH2LCRR,ENSG00000223442,lncRNA,0,3670,0.0,0,16,False,BELOW_DETECTION_THRESHOLD,Detected in < 1% of stromal cells or < 2 donors
ATG10-AS1,ENSG00000248192,lncRNA,0,3670,0.0,0,16,False,BELOW_DETECTION_THRESHOLD,Detected in < 1% of stromal cells or < 2 donors
LINC01339,ENSG00000248555,lncRNA,0,3670,0.0,0,16,False,BELOW_DETECTION_THRESHOLD,Detected in < 1% of stromal cells or < 2 donors
LINC02113,ENSG00000249515,lncRNA,0,3670,0.0,0,16,False,BELOW_DETECTION_THRESHOLD,Detected in < 1% of stromal cells or < 2 donors
LINC02060,ENSG00000250156,lncRNA,0,3670,0.0,0,16,False,BELOW_DETECTION_THRESHOLD,Detected in < 1% of stromal cells or < 2 donors
LINC02117,ENSG00000248539,lncRNA,0,3670,0.0,0,16,False,BELOW_DETECTION_THRESHOLD,Detected in < 1% of stromal cells or < 2 donors
NREP-AS1,ENSG00000250095,lncRNA,0,3670,0.0,0,16,False,BELOW_DETECTION_THRESHOLD,Detected in < 1% of stromal cells or < 2 donors
LINC01957,ENSG00000251542,lncRNA,0,3670,0.0,0,16,False,BELOW_DETECTION_THRESHOLD,Detected in < 1% of stromal cells or < 2 donors
LINC01846,ENSG00000248901,lncRNA,0,3670,0.0,0,16,False,BELOW_DETECTION_THRESHOLD,Detected in < 1% of stromal cells or < 2 donors
LINC02215,ENSG00000249128,lncRNA,0,3670,0.0,0,16,False,BELOW_DETECTION_THRESHOLD,Detected in < 1% of stromal cells or < 2 donors
LINC02115,ENSG00000248757,lncRNA,0,3670,0.0,0,16,False,BELOW_DETECTION_THRESHOLD,Detected in < 1% of stromal cells or < 2 donors
LINC02148,ENSG00000250427,lncRNA,0,3670,0.0,0,16,False,BELOW_DETECTION_THRESHOLD,Detected in < 1% of stromal cells or < 2 donors
LINC00928,ENSG00000259218,lncRNA,0,3670,0.0,0,16,False,BELOW_DETECTION_THRESHOLD,Detected in < 1% of stromal cells or < 2 donors
LINC02251,ENSG00000258483,lncRNA,0,3670,0.0,0,16,False,BELOW_DETECTION_THRESHOLD,Detected in < 1% of stromal cells or < 2 donors
SPATA8-AS1,ENSG00000259282,lncRNA,0,3670,0.0,0,16,False,BELOW_DETECTION_THRESHOLD,Detected in < 1% of stromal cells or < 2 donors
LINC01582,ENSG00000259611,lncRNA,0,3670,0.0,0,16,False,BELOW_DETECTION_THRESHOLD,Detected in < 1% of stromal cells or < 2 donors
C15orf32,ENSG00000183643,lncRNA,0,3670,0.0,0,16,False,BELOW_DETECTION_THRESHOLD,Detected in < 1% of stromal cells or < 2 donors
LINGO1-AS2,ENSG00000259281,lncRNA,0,3670,0.0,0,16,False,BELOW_DETECTION_THRESHOLD,Detected in < 1% of stromal cells or < 2 donors
LINC01580,ENSG00000258785,lncRNA,0,3670,0.0,0,16,False,BELOW_DETECTION_THRESHOLD,Detected in < 1% of stromal cells or < 2 donors
EGFLAM-AS2,ENSG00000248572,lncRNA,0,3670,0.0,0,16,False,BELOW_DETECTION_THRESHOLD,Detected in < 1% of stromal cells or < 2 donors
LINC02109,ENSG00000259786,lncRNA,0,3670,0.0,0,16,False,BELOW_DETECTION_THRESHOLD,Detected in < 1% of stromal cells or < 2 donors
LINC01333,ENSG00000249343,lncRNA,0,3670,0.0,0,16,False,BELOW_DETECTION_THRESHOLD,Detected in < 1% of stromal cells or < 2 donors
LINC02488,ENSG00000249362,lncRNA,0,3670,0.0,0,16,False,BELOW_DETECTION_THRESHOLD,Detected in < 1% of stromal cells or < 2 donors
LINC02199,ENSG00000250198,lncRNA,0,3670,0.0,0,16,False,BELOW_DETECTION_THRESHOLD,Detected in < 1% of stromal cells or < 2 donors
LINC00603,ENSG00000250048,lncRNA,0,3670,0.0,0,16,False,BELOW_DETECTION_THRESHOLD,Detected in < 1% of stromal cells or < 2 donors
PCSK6-AS1,ENSG00000259764,lncRNA,0,3670,0.0,0,16,False,BELOW_DETECTION_THRESHOLD,Detected in < 1% of stromal cells or < 2 donors
THSD4-AS1,ENSG00000259964,lncRNA,0,3670,0.0,0,16,False,BELOW_DETECTION_THRESHOLD,Detected in < 1% of stromal cells or < 2 donors
EGFLAM-AS1,ENSG00000249491,lncRNA,0,3670,0.0,0,16,False,BELOW_DETECTION_THRESHOLD,Detected in < 1% of stromal cells or < 2 donors
LINC02105,ENSG00000250447,lncRNA,0,3670,0.0,0,16,False,BELOW_DETECTION_THRESHOLD,Detected in < 1% of stromal cells or < 2 donors
LINC00604,ENSG00000250585,lncRNA,0,3670,0.0,0,16,False,BELOW_DETECTION_THRESHOLD,Detected in < 1% of stromal cells or < 2 donors
LINC02059,ENSG00000250544,lncRNA,0,3670,0.0,0,16,False,BELOW_DETECTION_THRESHOLD,Detected in < 1% of stromal cells or < 2 donors
LINC02061,ENSG00000250885,lncRNA,0,3670,0.0,0,16,False,BELOW_DETECTION_THRESHOLD,Detected in < 1% of stromal cells or < 2 donors
LINC02144,ENSG00000248708,lncRNA,0,3670,0.0,0,16,False,BELOW_DETECTION_THRESHOLD,Detected in < 1% of stromal cells or < 2 donors
ATG10-IT1,ENSG00000236447,lncRNA,0,3670,0.0,0,16,False,BELOW_DETECTION_THRESHOLD,Detected in < 1% of stromal cells or < 2 donors
LINC02118,ENSG00000248789,lncRNA,0,3670,0.0,0,16,False,BELOW_DETECTION_THRESHOLD,Detected in < 1% of stromal cells or < 2 donors
LINC01177,ENSG00000261397,lncRNA,0,3670,0.0,0,16,False,BELOW_DETECTION_THRESHOLD,Detected in < 1% of stromal cells or < 2 donors
LINC01195,ENSG00000261075,lncRNA,0,3670,0.0,0,16,False,BELOW_DETECTION_THRESHOLD,Detected in < 1% of stromal cells or < 2 donors
LINC02152,ENSG00000261319,lncRNA,0,3670,0.0,0,16,False,BELOW_DETECTION_THRESHOLD,Detected in < 1% of stromal cells or < 2 donors
LINC02149,ENSG00000249332,lncRNA,0,3670,0.0,0,16,False,BELOW_DETECTION_THRESHOLD,Detected in < 1% of stromal cells or < 2 donors
LINC01335,ENSG00000248942,lncRNA,0,3670,0.0,0,16,False,BELOW_DETECTION_THRESHOLD,Detected in < 1% of stromal cells or < 2 donors
LINC02225,ENSG00000249584,lncRNA,0,3670,0.0,0,16,False,BELOW_DETECTION_THRESHOLD,Detected in < 1% of stromal cells or < 2 donors
LINC02228,ENSG00000251273,lncRNA,0,3670,0.0,0,16,False,BELOW_DETECTION_THRESHOLD,Detected in < 1% of stromal cells or < 2 donors
LINC02213,ENSG00000249160,lncRNA,0,3670,0.0,0,16,False,BELOW_DETECTION_THRESHOLD,Detected in < 1% of stromal cells or < 2 donors
LINC02120,ENSG00000248279,lncRNA,0,3670,0.0,0,16,False,BELOW_DETECTION_THRESHOLD,Detected in < 1% of stromal cells or < 2 donors
LINC02123,ENSG00000250668,lncRNA,0,3670,0.0,0,16,False,BELOW_DETECTION_THRESHOLD,Detected in < 1% of stromal cells or < 2 donors
LINC02252,ENSG00000261304,lncRNA,0,3670,0.0,0,16,False,BELOW_DETECTION_THRESHOLD,Detected in < 1% of stromal cells or < 2 donors
IDH2-DT,ENSG00000259685,lncRNA,0,3670,0.0,0,16,False,BELOW_DETECTION_THRESHOLD,Detected in < 1% of stromal cells or < 2 donors
AGBL1-AS1,ENSG00000260125,lncRNA,0,3670,0.0,0,16,False,BELOW_DETECTION_THRESHOLD,Detected in < 1% of stromal cells or < 2 donors
LINC01584,ENSG00000260477,lncRNA,0,3670,0.0,0,16,False,BELOW_DETECTION_THRESHOLD,Detected in < 1% of stromal cells or < 2 donors
LINC02198,ENSG00000249352,lncRNA,0,3670,0.0,0,16,False,BELOW_DETECTION_THRESHOLD,Detected in < 1% of stromal cells or < 2 donors
LINC02110,ENSG00000251518,lncRNA,0,3670,0.0,0,16,False,BELOW_DETECTION_THRESHOLD,Detected in < 1% of stromal cells or < 2 donors
LINC02167,ENSG00000261122,lncRNA,0,3670,0.0,0,16,False,BELOW_DETECTION_THRESHOLD,Detected in < 1% of stromal cells or < 2 donors
ITFG1-AS1,ENSG00000260281,lncRNA,0,3670,0.0,0,16,False,BELOW_DETECTION_THRESHOLD,Detected in < 1% of stromal cells or < 2 donors
LINC02191,ENSG00000261636,lncRNA,0,3670,0.0,0,16,False,BELOW_DETECTION_THRESHOLD,Detected in < 1% of stromal cells or < 2 donors
LINC01019,ENSG00000248118,lncRNA,0,3670,0.0,0,16,False,BELOW_DETECTION_THRESHOLD,Detected in < 1% of stromal cells or < 2 donors
LINC02111,ENSG00000250822,lncRNA,0,3670,0.0,0,16,False,BELOW_DETECTION_THRESHOLD,Detected in < 1% of stromal cells or < 2 donors
LINC02114,ENSG00000249521,lncRNA,0,3670,0.0,0,16,False,BELOW_DETECTION_THRESHOLD,Detected in < 1% of stromal cells or < 2 donors
LINC02239,ENSG00000248908,lncRNA,0,3670,0.0,0,16,False,BELOW_DETECTION_THRESHOLD,Detected in < 1% of stromal cells or < 2 donors
LINC02146,ENSG00000249490,lncRNA,0,3670,0.0,0,16,False,BELOW_DETECTION_THRESHOLD,Detected in < 1% of stromal cells or < 2 donors
LINC02160,ENSG00000251443,lncRNA,0,3670,0.0,0,16,False,BELOW_DETECTION_THRESHOLD,Detected in < 1% of stromal cells or < 2 donors
LINC02226,ENSG00000245729,lncRNA,0,3670,0.0,0,16,False,BELOW_DETECTION_THRESHOLD,Detected in < 1% of stromal cells or < 2 donors
LINC02220,ENSG00000248457,lncRNA,0,3670,0.0,0,16,False,BELOW_DETECTION_THRESHOLD,Detected in < 1% of stromal cells or < 2 donors
ROPN1L-AS1,ENSG00000250600,lncRNA,0,3670,0.0,0,16,False,BELOW_DETECTION_THRESHOLD,Detected in < 1% of stromal cells or < 2 donors
LINC02112,ENSG00000249781,lncRNA,0,3670,0.0,0,16,False,BELOW_DETECTION_THRESHOLD,Detected in < 1% of stromal cells or < 2 donors
LINC01017,ENSG00000250716,lncRNA,0,3670,0.0,0,16,False,BELOW_DETECTION_THRESHOLD,Detected in < 1% of stromal cells or < 2 donors
LINC02221,ENSG00000250814,lncRNA,0,3670,0.0,0,16,False,BELOW_DETECTION_THRESHOLD,Detected in < 1% of stromal cells or < 2 donors
LINC02116,ENSG00000250417,lncRNA,0,3670,0.0,0,16,False,BELOW_DETECTION_THRESHOLD,Detected in < 1% of stromal cells or < 2 donors
ADGRL3-AS1,ENSG00000248692,lncRNA,0,3670,0.0,0,16,False,BELOW_DETECTION_THRESHOLD,Detected in < 1% of stromal cells or < 2 donors
IL21-AS1,ENSG00000227145,lncRNA,0,3670,0.0,0,16,False,BELOW_DETECTION_THRESHOLD,Detected in < 1% of stromal cells or < 2 donors
TET2-AS1,ENSG00000251586,lncRNA,0,3670,0.0,0,16,False,BELOW_DETECTION_THRESHOLD,Detected in < 1% of stromal cells or < 2 donors
LINC02212,ENSG00000249396,lncRNA,0,3670,0.0,0,16,False,BELOW_DETECTION_THRESHOLD,Detected in < 1% of stromal cells or < 2 donors
LINC01194,ENSG00000248131,lncRNA,0,3670,0.0,0,16,False,BELOW_DETECTION_THRESHOLD,Detected in < 1% of stromal cells or < 2 donors
LINC02196,ENSG00000250974,lncRNA,0,3670,0.0,0,16,False,BELOW_DETECTION_THRESHOLD,Detected in < 1% of stromal cells or < 2 donors
LINC02162,ENSG00000249830,lncRNA,0,3670,0.0,0,16,False,BELOW_DETECTION_THRESHOLD,Detected in < 1% of stromal cells or < 2 donors
LINC02142,ENSG00000223597,lncRNA,0,3670,0.0,0,16,False,BELOW_DETECTION_THRESHOLD,Detected in < 1% of stromal cells or < 2 donors
LINC02063,ENSG00000250921,lncRNA,0,3670,0.0,0,16,False,BELOW_DETECTION_THRESHOLD,Detected in < 1% of stromal cells or < 2 donors
LINC02192,ENSG00000261325,lncRNA,0,3670,0.0,0,16,False,BELOW_DETECTION_THRESHOLD,Detected in < 1% of stromal cells or < 2 donors
LINC00919,ENSG00000260268,lncRNA,0,3670,0.0,0,16,False,BELOW_DETECTION_THRESHOLD,Detected in < 1% of stromal cells or < 2 donors
LINC01566,ENSG00000259841,lncRNA,0,3670,0.0,0,16,False,BELOW_DETECTION_THRESHOLD,Detected in < 1% of stromal cells or < 2 donors
LINC02133,ENSG00000261231,lncRNA,0,3670,0.0,0,16,False,BELOW_DETECTION_THRESHOLD,Detected in < 1% of stromal cells or < 2 donors
LINC00273,ENSG00000256642,lncRNA,0,3670,0.0,0,16,False,BELOW_DETECTION_THRESHOLD,Detected in < 1% of stromal cells or < 2 donors
LINC02184,ENSG00000260854,lncRNA,0,3670,0.0,0,16,False,BELOW_DETECTION_THRESHOLD,Detected in < 1% of stromal cells or < 2 donors
LINC02127,ENSG00000261637,lncRNA,0,3670,0.0,0,16,False,BELOW_DETECTION_THRESHOLD,Detected in < 1% of stromal cells or < 2 donors
LINC02435,ENSG00000251526,lncRNA,0,3670,0.0,0,16,False,BELOW_DETECTION_THRESHOLD,Detected in < 1% of stromal cells or < 2 donors
LINC02173,ENSG00000249613,lncRNA,0,3670,0.0,0,16,False,BELOW_DETECTION_THRESHOLD,Detected in < 1% of stromal cells or < 2 donors
LINC02465,ENSG00000249618,lncRNA,0,3670,0.0,0,16,False,BELOW_DETECTION_THRESHOLD,Detected in < 1% of stromal cells or < 2 donors
LINC02507,ENSG00000251688,lncRNA,0,3670,0.0,0,16,False,BELOW_DETECTION_THRESHOLD,Detected in < 1% of stromal cells or < 2 donors
LINC02131,ENSG00000261154,lncRNA,0,3670,0.0,0,16,False,BELOW_DETECTION_THRESHOLD,Detected in < 1% of stromal cells or < 2 donors
CASC22,ENSG00000260887,lncRNA,0,3670,0.0,0,16,False,BELOW_DETECTION_THRESHOLD,Detected in < 1% of stromal cells or < 2 donors
LINC02141,ENSG00000261807,lncRNA,0,3670,0.0,0,16,False,BELOW_DETECTION_THRESHOLD,Detected in < 1% of stromal cells or < 2 donors
LINC01571,ENSG00000260057,lncRNA,0,3670,0.0,0,16,False,BELOW_DETECTION_THRESHOLD,Detected in < 1% of stromal cells or < 2 donors
LINC02134,ENSG00000260450,lncRNA,0,3670,0.0,0,16,False,BELOW_DETECTION_THRESHOLD,Detected in < 1% of stromal cells or < 2 donors
C16orf97,ENSG00000261190,lncRNA,0,3670,0.0,0,16,False,BELOW_DETECTION_THRESHOLD,Detected in < 1% of stromal cells or < 2 donors
LINC02165,ENSG00000261014,lncRNA,0,3670,0.0,0,16,False,BELOW_DETECTION_THRESHOLD,Detected in < 1% of stromal cells or < 2 donors
LINC02140,ENSG00000261803,lncRNA,0,3670,0.0,0,16,False,BELOW_DETECTION_THRESHOLD,Detected in < 1% of stromal cells or < 2 donors
LINC02183,ENSG00000283304,lncRNA,0,3670,0.0,0,16,False,BELOW_DETECTION_THRESHOLD,Detected in < 1% of stromal cells or < 2 donors
LINC02169,ENSG00000259517,lncRNA,0,3670,0.0,0,16,False,BELOW_DETECTION_THRESHOLD,Detected in < 1% of stromal cells or < 2 donors
LINC01438,ENSG00000249519,lncRNA,0,3670,0.0,0,16,False,BELOW_DETECTION_THRESHOLD,Detected in < 1% of stromal cells or < 2 donors
PANCR,ENSG00000250103,lncRNA,0,3670,0.0,0,16,False,BELOW_DETECTION_THRESHOLD,Detected in < 1% of stromal cells or < 2 donors
LINC02382,ENSG00000250968,lncRNA,0,3670,0.0,0,16,False,BELOW_DETECTION_THRESHOLD,Detected in < 1% of stromal cells or < 2 donors
LINC02500,ENSG00000249460,lncRNA,0,3670,0.0,0,16,False,BELOW_DETECTION_THRESHOLD,Detected in < 1% of stromal cells or < 2 donors
LINC02509,ENSG00000250263,lncRNA,0,3670,0.0,0,16,False,BELOW_DETECTION_THRESHOLD,Detected in < 1% of stromal cells or < 2 donors
LINC02504,ENSG00000248339,lncRNA,0,3670,0.0,0,16,False,BELOW_DETECTION_THRESHOLD,Detected in < 1% of stromal cells or < 2 donors
LINC02233,ENSG00000250488,lncRNA,0,3670,0.0,0,16,False,BELOW_DETECTION_THRESHOLD,Detected in < 1% of stromal cells or < 2 donors
LINC01082,ENSG00000269186,lncRNA,0,3670,0.0,0,16,False,BELOW_DETECTION_THRESHOLD,Detected in < 1% of stromal cells or < 2 donors
LINC02136,ENSG00000261348,lncRNA,0,3670,0.0,0,16,False,BELOW_DETECTION_THRESHOLD,Detected in < 1% of stromal cells or < 2 donors
LINC02434,ENSG00000248370,lncRNA,0,3670,0.0,0,16,False,BELOW_DETECTION_THRESHOLD,Detected in < 1% of stromal cells or < 2 donors
LINC02437,ENSG00000248517,lncRNA,0,3670,0.0,0,16,False,BELOW_DETECTION_THRESHOLD,Detected in < 1% of stromal cells or < 2 donors
LINC02496,ENSG00000249066,lncRNA,0,3670,0.0,0,16,False,BELOW_DETECTION_THRESHOLD,Detected in < 1% of stromal cells or < 2 donors
LINC02355,ENSG00000248210,lncRNA,0,3670,0.0,0,16,False,BELOW_DETECTION_THRESHOLD,Detected in < 1% of stromal cells or < 2 donors
LINC02508,ENSG00000251619,lncRNA,0,3670,0.0,0,16,False,BELOW_DETECTION_THRESHOLD,Detected in < 1% of stromal cells or < 2 donors
TEMN3-AS1,ENSG00000251336,lncRNA,0,3670,0.0,0,16,False,BELOW_DETECTION_THRESHOLD,Detected in < 1% of stromal cells or < 2 donors
LINC02492,ENSG00000250590,lncRNA,0,3670,0.0,0,16,False,BELOW_DETECTION_THRESHOLD,Detected in < 1% of stromal cells or < 2 donors
LINC01596,ENSG00000250666,lncRNA,0,3670,0.0,0,16,False,BELOW_DETECTION_THRESHOLD,Detected in < 1% of stromal cells or < 2 donors
LINC02835,ENSG00000285711,lncRNA,0,3670,0.0,0,16,False,BELOW_DETECTION_THRESHOLD,Detected in < 1% of stromal cells or < 2 donors
LINC02276,ENSG00000250141,lncRNA,0,3670,0.0,0,16,False,BELOW_DETECTION_THRESHOLD,Detected in < 1% of stromal cells or < 2 donors
LINC01098,ENSG00000231171,lncRNA,0,3670,0.0,0,16,False,BELOW_DETECTION_THRESHOLD,Detected in < 1% of stromal cells or < 2 donors
WWC2-AS1,ENSG00000251128,lncRNA,0,3670,0.0,0,16,False,BELOW_DETECTION_THRESHOLD,Detected in < 1% of stromal cells or < 2 donors
LINC00613,ENSG00000248330,lncRNA,0,3670,0.0,0,16,False,BELOW_DETECTION_THRESHOLD,Detected in < 1% of stromal cells or < 2 donors
LINC02275,ENSG00000248319,lncRNA,0,3670,0.0,0,16,False,BELOW_DETECTION_THRESHOLD,Detected in < 1% of stromal cells or < 2 donors
LINC02512,ENSG00000251061,lncRNA,0,3670,0.0,0,16,False,BELOW_DETECTION_THRESHOLD,Detected in < 1% of stromal cells or < 2 donors
LINC01228,ENSG00000261082,lncRNA,0,3670,0.0,0,16,False,BELOW_DETECTION_THRESHOLD,Detected in < 1% of stromal cells or < 2 donors
HCCAT5,ENSG00000260880,lncRNA,0,3670,0.0,0,16,False,BELOW_DETECTION_THRESHOLD,Detected in < 1% of stromal cells or < 2 donors
LINC02189,ENSG00000260026,lncRNA,0,3670,0.0,0,16,False,BELOW_DETECTION_THRESHOLD,Detected in < 1% of stromal cells or < 2 donors
LINC00917,ENSG00000168367,lncRNA,0,3670,0.0,0,16,False,BELOW_DETECTION_THRESHOLD,Detected in < 1% of stromal cells or < 2 donors
LINC02374,ENSG00000249747,lncRNA,0,3670,0.0,0,16,False,BELOW_DETECTION_THRESHOLD,Detected in < 1% of stromal cells or < 2 donors
LINC02515,ENSG00000250620,lncRNA,0,3670,0.0,0,16,False,BELOW_DETECTION_THRESHOLD,Detected in < 1% of stromal cells or < 2 donors
LINC01262,ENSG00000250739,lncRNA,0,3670,0.0,0,16,False,BELOW_DETECTION_THRESHOLD,Detected in < 1% of stromal cells or < 2 donors
FBXW7-AS1,ENSG00000270751,lncRNA,0,3670,0.0,0,16,False,BELOW_DETECTION_THRESHOLD,Detected in < 1% of stromal cells or < 2 donors
LINC02430,ENSG00000250252,lncRNA,0,3670,0.0,0,16,False,BELOW_DETECTION_THRESHOLD,Detected in < 1% of stromal cells or < 2 donors
LINC02514,ENSG00000250042,lncRNA,0,3670,0.0,0,16,False,BELOW_DETECTION_THRESHOLD,Detected in < 1% of stromal cells or < 2 donors
LINC02466,ENSG00000246876,lncRNA,0,3670,0.0,0,16,False,BELOW_DETECTION_THRESHOLD,Detected in < 1% of stromal cells or < 2 donors
UMLILO,ENSG00000228277,lncRNA,0,3670,0.0,0,16,False,BELOW_DETECTION_THRESHOLD,Detected in < 1% of stromal cells or < 2 donors
LINC01256,ENSG00000251398,lncRNA,0,3670,0.0,0,16,False,BELOW_DETECTION_THRESHOLD,Detected in < 1% of stromal cells or < 2 donors
LINC02480,ENSG00000251040,lncRNA,0,3670,0.0,0,16,False,BELOW_DETECTION_THRESHOLD,Detected in < 1% of stromal cells or < 2 donors
LINC00498,ENSG00000248397,lncRNA,0,3670,0.0,0,16,False,BELOW_DETECTION_THRESHOLD,Detected in < 1% of stromal cells or < 2 donors
LINC00254,ENSG00000281219,lncRNA,0,3670,0.0,0,16,False,BELOW_DETECTION_THRESHOLD,Detected in < 1% of stromal cells or < 2 donors
LINC02190,ENSG00000261475,lncRNA,0,3670,0.0,0,16,False,BELOW_DETECTION_THRESHOLD,Detected in < 1% of stromal cells or < 2 donors
SLX1B-SULT1A4,ENSG00000260280,lncRNA,0,3670,0.0,0,16,False,BELOW_DETECTION_THRESHOLD,Detected in < 1% of stromal cells or < 2 donors
LINC02164,ENSG00000261811,lncRNA,0,3670,0.0,0,16,False,BELOW_DETECTION_THRESHOLD,Detected in < 1% of stromal cells or < 2 donors
LINC02431,ENSG00000248872,lncRNA,0,3670,0.0,0,16,False,BELOW_DETECTION_THRESHOLD,Detected in < 1% of stromal cells or < 2 donors
LINC02174,ENSG00000249297,lncRNA,0,3670,0.0,0,16,False,BELOW_DETECTION_THRESHOLD,Detected in < 1% of stromal cells or < 2 donors
LNCPRESS2,ENSG00000249152,lncRNA,0,3670,0.0,0,16,False,BELOW_DETECTION_THRESHOLD,Detected in < 1% of stromal cells or < 2 donors
LINC02462,ENSG00000251291,lncRNA,0,3670,0.0,0,16,False,BELOW_DETECTION_THRESHOLD,Detected in < 1% of stromal cells or < 2 donors
JADRR,ENSG00000280711,lncRNA,0,3670,0.0,0,16,False,BELOW_DETECTION_THRESHOLD,Detected in < 1% of stromal cells or < 2 donors
LINC02358,ENSG00000251256,lncRNA,0,3670,0.0,0,16,False,BELOW_DETECTION_THRESHOLD,Detected in < 1% of stromal cells or < 2 donors
LINC02272,ENSG00000251283,lncRNA,0,3670,0.0,0,16,False,BELOW_DETECTION_THRESHOLD,Detected in < 1% of stromal cells or < 2 donors
LINC02186,ENSG00000261856,lncRNA,0,3670,0.0,0,16,False,BELOW_DETECTION_THRESHOLD,Detected in < 1% of stromal cells or < 2 donors
LINC02377,ENSG00000250102,lncRNA,0,3670,0.0,0,16,False,BELOW_DETECTION_THRESHOLD,Detected in < 1% of stromal cells or < 2 donors
LINC01259,ENSG00000249667,lncRNA,0,3670,0.0,0,16,False,BELOW_DETECTION_THRESHOLD,Detected in < 1% of stromal cells or < 2 donors
LINC02502,ENSG00000250392,lncRNA,0,3670,0.0,0,16,False,BELOW_DETECTION_THRESHOLD,Detected in < 1% of stromal cells or < 2 donors
LINC02262,ENSG00000224932,lncRNA,0,3670,0.0,0,16,False,BELOW_DETECTION_THRESHOLD,Detected in < 1% of stromal cells or < 2 donors
LINC02485,ENSG00000248456,lncRNA,0,3670,0.0,0,16,False,BELOW_DETECTION_THRESHOLD,Detected in < 1% of stromal cells or < 2 donors
LINC02479,ENSG00000251326,lncRNA,0,3670,0.0,0,16,False,BELOW_DETECTION_THRESHOLD,Detected in < 1% of stromal cells or < 2 donors
LINC02379,ENSG00000251649,lncRNA,0,3670,0.0,0,16,False,BELOW_DETECTION_THRESHOLD,Detected in < 1% of stromal cells or < 2 donors
LINC01258,ENSG00000249534,lncRNA,0,3670,0.0,0,16,False,BELOW_DETECTION_THRESHOLD,Detected in < 1% of stromal cells or < 2 donors
ARHGEF38-IT1,ENSG00000249885,lncRNA,0,3670,0.0,0,16,False,BELOW_DETECTION_THRESHOLD,Detected in < 1% of stromal cells or < 2 donors
LINC02137,ENSG00000260186,lncRNA,0,3670,0.0,0,16,False,BELOW_DETECTION_THRESHOLD,Detected in < 1% of stromal cells or < 2 donors
LINC02179,ENSG00000261623,lncRNA,0,3670,0.0,0,16,False,BELOW_DETECTION_THRESHOLD,Detected in < 1% of stromal cells or < 2 donors
GAS8-AS1,ENSG00000221819,lncRNA,0,3670,0.0,0,16,False,BELOW_DETECTION_THRESHOLD,Detected in < 1% of stromal cells or < 2 donors
STPG2-AS1,ENSG00000251620,lncRNA,0,3670,0.0,0,16,False,BELOW_DETECTION_THRESHOLD,Detected in < 1% of stromal cells or < 2 donors
LINC00616,ENSG00000248307,lncRNA,0,3670,0.0,0,16,False,BELOW_DETECTION_THRESHOLD,Detected in < 1% of stromal cells or < 2 donors
LINC02429,ENSG00000251266,lncRNA,0,3670,0.0,0,16,False,BELOW_DETECTION_THRESHOLD,Detected in < 1% of stromal cells or < 2 donors
LINC02503,ENSG00000249614,lncRNA,0,3670,0.0,0,16,False,BELOW_DETECTION_THRESHOLD,Detected in < 1% of stromal cells or < 2 donors
LINC02264,ENSG00000229565,lncRNA,0,3670,0.0,0,16,False,BELOW_DETECTION_THRESHOLD,Detected in < 1% of stromal cells or < 2 donors
LINC01218,ENSG00000251636,lncRNA,0,3670,0.0,0,16,False,BELOW_DETECTION_THRESHOLD,Detected in < 1% of stromal cells or < 2 donors
LINC01216,ENSG00000250223,lncRNA,0,3670,0.0,0,16,False,BELOW_DETECTION_THRESHOLD,Detected in < 1% of stromal cells or < 2 donors
LINC02260,ENSG00000250456,lncRNA,0,3670,0.0,0,16,False,BELOW_DETECTION_THRESHOLD,Detected in < 1% of stromal cells or < 2 donors
LINC02428,ENSG00000248740,lncRNA,0,3670,0.0,0,16,False,BELOW_DETECTION_THRESHOLD,Detected in < 1% of stromal cells or < 2 donors
LINC01217,ENSG00000251219,lncRNA,0,3670,0.0,0,16,False,BELOW_DETECTION_THRESHOLD,Detected in < 1% of stromal cells or < 2 donors
LINC02619,ENSG00000249382,lncRNA,0,3670,0.0,0,16,False,BELOW_DETECTION_THRESHOLD,Detected in < 1% of stromal cells or < 2 donors
LINC02002,ENSG00000263609,lncRNA,0,3670,0.0,0,16,False,BELOW_DETECTION_THRESHOLD,Detected in < 1% of stromal cells or < 2 donors
hsa-mir-423,ENSG00000266919,lncRNA,0,3670,0.0,0,16,False,BELOW_DETECTION_THRESHOLD,Detected in < 1% of stromal cells or < 2 donors
C17orf102,ENSG00000197322,lncRNA,0,3670,0.0,0,16,False,BELOW_DETECTION_THRESHOLD,Detected in < 1% of stromal cells or < 2 donors
LINC02087,ENSG00000237057,lncRNA,0,3670,0.0,0,16,False,BELOW_DETECTION_THRESHOLD,Detected in < 1% of stromal cells or < 2 donors
LINC02088,ENSG00000227685,lncRNA,0,3670,0.0,0,16,False,BELOW_DETECTION_THRESHOLD,Detected in < 1% of stromal cells or < 2 donors
LINC01992,ENSG00000260019,lncRNA,0,3670,0.0,0,16,False,BELOW_DETECTION_THRESHOLD,Detected in < 1% of stromal cells or < 2 donors
DHX33-DT,ENSG00000262099,lncRNA,0,3670,0.0,0,16,False,BELOW_DETECTION_THRESHOLD,Detected in < 1% of stromal cells or < 2 donors
LINC01975,ENSG00000263312,lncRNA,0,3670,0.0,0,16,False,BELOW_DETECTION_THRESHOLD,Detected in < 1% of stromal cells or < 2 donors
LINC00575,ENSG00000231782,lncRNA,0,3670,0.0,0,16,False,BELOW_DETECTION_THRESHOLD,Detected in < 1% of stromal cells or < 2 donors
LINC02475,ENSG00000251350,lncRNA,0,3670,0.0,0,16,False,BELOW_DETECTION_THRESHOLD,Detected in < 1% of stromal cells or < 2 donors
LINC00682,ENSG00000245870,lncRNA,0,3670,0.0,0,16,False,BELOW_DETECTION_THRESHOLD,Detected in < 1% of stromal cells or < 2 donors
LINC02261,ENSG00000249699,lncRNA,0,3670,0.0,0,16,False,BELOW_DETECTION_THRESHOLD,Detected in < 1% of stromal cells or < 2 donors
OCIAD1-AS1,ENSG00000248256,lncRNA,0,3670,0.0,0,16,False,BELOW_DETECTION_THRESHOLD,Detected in < 1% of stromal cells or < 2 donors
IGFBP7-AS1,ENSG00000245067,lncRNA,0,3670,0.0,0,16,False,BELOW_DETECTION_THRESHOLD,Detected in < 1% of stromal cells or < 2 donors
LINC02380,ENSG00000248505,lncRNA,0,3670,0.0,0,16,False,BELOW_DETECTION_THRESHOLD,Detected in < 1% of stromal cells or < 2 donors
LINC02353,ENSG00000251329,lncRNA,0,3670,0.0,0,16,False,BELOW_DETECTION_THRESHOLD,Detected in < 1% of stromal cells or < 2 donors
LINC00974,ENSG00000226629,lncRNA,0,3670,0.0,0,16,False,BELOW_DETECTION_THRESHOLD,Detected in < 1% of stromal cells or < 2 donors
LINC01974,ENSG00000262031,lncRNA,0,3670,0.0,0,16,False,BELOW_DETECTION_THRESHOLD,Detected in < 1% of stromal cells or < 2 donors
RAI1-AS1,ENSG00000237328,lncRNA,0,3670,0.0,0,16,False,BELOW_DETECTION_THRESHOLD,Detected in < 1% of stromal cells or < 2 donors
MIR2117HG,ENSG00000267151,lncRNA,0,3670,0.0,0,16,False,BELOW_DETECTION_THRESHOLD,Detected in < 1% of stromal cells or < 2 donors
FAM27E5,ENSG00000178130,lncRNA,0,3670,0.0,0,16,False,BELOW_DETECTION_THRESHOLD,Detected in < 1% of stromal cells or < 2 donors
CXXC4-AS1,ENSG00000245384,lncRNA,0,3670,0.0,0,16,False,BELOW_DETECTION_THRESHOLD,Detected in < 1% of stromal cells or < 2 donors
LINC01365,ENSG00000250772,lncRNA,0,3670,0.0,0,16,False,BELOW_DETECTION_THRESHOLD,Detected in < 1% of stromal cells or < 2 donors
LINC01378,ENSG00000236922,lncRNA,0,3670,0.0,0,16,False,BELOW_DETECTION_THRESHOLD,Detected in < 1% of stromal cells or < 2 donors
LINC01396,ENSG00000273396,lncRNA,0,3670,0.0,0,16,False,BELOW_DETECTION_THRESHOLD,Detected in < 1% of stromal cells or < 2 donors
LINC00955,ENSG00000216560,lncRNA,0,3670,0.0,0,16,False,BELOW_DETECTION_THRESHOLD,Detected in < 1% of stromal cells or < 2 donors
LINC02616,ENSG00000261761,lncRNA,0,3670,0.0,0,16,False,BELOW_DETECTION_THRESHOLD,Detected in < 1% of stromal cells or < 2 donors
LINC02271,ENSG00000240152,lncRNA,0,3670,0.0,0,16,False,BELOW_DETECTION_THRESHOLD,Detected in < 1% of stromal cells or < 2 donors
LINC02283,ENSG00000248184,lncRNA,0,3670,0.0,0,16,False,BELOW_DETECTION_THRESHOLD,Detected in < 1% of stromal cells or < 2 donors
LINC02484,ENSG00000248685,lncRNA,0,3670,0.0,0,16,False,BELOW_DETECTION_THRESHOLD,Detected in < 1% of stromal cells or < 2 donors
LINC02364,ENSG00000250190,lncRNA,0,3670,0.0,0,16,False,BELOW_DETECTION_THRESHOLD,Detected in < 1% of stromal cells or < 2 donors
LINC02494,ENSG00000250340,lncRNA,0,3670,0.0,0,16,False,BELOW_DETECTION_THRESHOLD,Detected in < 1% of stromal cells or < 2 donors
LINC02171,ENSG00000250632,lncRNA,0,3670,0.0,0,16,False,BELOW_DETECTION_THRESHOLD,Detected in < 1% of stromal cells or < 2 donors
LINC01982,ENSG00000263317,lncRNA,0,3670,0.0,0,16,False,BELOW_DETECTION_THRESHOLD,Detected in < 1% of stromal cells or < 2 donors
ABCA9-AS1,ENSG00000231749,lncRNA,0,3670,0.0,0,16,False,BELOW_DETECTION_THRESHOLD,Detected in < 1% of stromal cells or < 2 donors
TBC1D3P1-DHX40P1,ENSG00000267104,lncRNA,0,3670,0.0,0,16,False,BELOW_DETECTION_THRESHOLD,Detected in < 1% of stromal cells or < 2 donors
LINC00671,ENSG00000213373,lncRNA,0,3670,0.0,0,16,False,BELOW_DETECTION_THRESHOLD,Detected in < 1% of stromal cells or < 2 donors
HOXB-AS4,ENSG00000242207,lncRNA,0,3670,0.0,0,16,False,BELOW_DETECTION_THRESHOLD,Detected in < 1% of stromal cells or < 2 donors
LINC02499,ENSG00000250436,lncRNA,0,3670,0.0,0,16,False,BELOW_DETECTION_THRESHOLD,Detected in < 1% of stromal cells or < 2 donors
LNX1-AS1,ENSG00000250930,lncRNA,0,3670,0.0,0,16,False,BELOW_DETECTION_THRESHOLD,Detected in < 1% of stromal cells or < 2 donors
STX18-IT1,ENSG00000248221,lncRNA,0,3670,0.0,0,16,False,BELOW_DETECTION_THRESHOLD,Detected in < 1% of stromal cells or < 2 donors
LINC01097,ENSG00000281202,lncRNA,0,3670,0.0,0,16,False,BELOW_DETECTION_THRESHOLD,Detected in < 1% of stromal cells or < 2 donors
ERVH-1,ENSG00000251292,lncRNA,0,3670,0.0,0,16,False,BELOW_DETECTION_THRESHOLD,Detected in < 1% of stromal cells or < 2 donors
SRGAP3-AS4,ENSG00000235830,lncRNA,0,3670,0.0,0,16,False,BELOW_DETECTION_THRESHOLD,Detected in < 1% of stromal cells or < 2 donors
ITGB5-AS1,ENSG00000244286,lncRNA,0,3670,0.0,0,16,False,BELOW_DETECTION_THRESHOLD,Detected in < 1% of stromal cells or < 2 donors
LARS2-AS1,ENSG00000232455,lncRNA,0,3670,0.0,0,16,False,BELOW_DETECTION_THRESHOLD,Detected in < 1% of stromal cells or < 2 donors
PLS1-AS1,ENSG00000239641,lncRNA,0,3670,0.0,0,16,False,BELOW_DETECTION_THRESHOLD,Detected in < 1% of stromal cells or < 2 donors
LINC02563,ENSG00000263520,lncRNA,0,3670,0.0,0,16,False,BELOW_DETECTION_THRESHOLD,Detected in < 1% of stromal cells or < 2 donors
LINC02074,ENSG00000266357,lncRNA,0,3670,0.0,0,16,False,BELOW_DETECTION_THRESHOLD,Detected in < 1% of stromal cells or < 2 donors
CACNA1G-AS1,ENSG00000250107,lncRNA,0,3670,0.0,0,16,False,BELOW_DETECTION_THRESHOLD,Detected in < 1% of stromal cells or < 2 donors
LINC00469,ENSG00000177338,lncRNA,0,3670,0.0,0,16,False,BELOW_DETECTION_THRESHOLD,Detected in < 1% of stromal cells or < 2 donors
LINC02498,ENSG00000283083,lncRNA,0,3670,0.0,0,16,False,BELOW_DETECTION_THRESHOLD,Detected in < 1% of stromal cells or < 2 donors
LINC02270,ENSG00000251210,lncRNA,0,3670,0.0,0,16,False,BELOW_DETECTION_THRESHOLD,Detected in < 1% of stromal cells or < 2 donors
LINC02383,ENSG00000248143,lncRNA,0,3670,0.0,0,16,False,BELOW_DETECTION_THRESHOLD,Detected in < 1% of stromal cells or < 2 donors
LINC02497,ENSG00000251182,lncRNA,0,3670,0.0,0,16,False,BELOW_DETECTION_THRESHOLD,Detected in < 1% of stromal cells or < 2 donors
LINC02472,ENSG00000248338,lncRNA,0,3670,0.0,0,16,False,BELOW_DETECTION_THRESHOLD,Detected in < 1% of stromal cells or < 2 donors
EHHADH-AS1,ENSG00000223358,lncRNA,0,3670,0.0,0,16,False,BELOW_DETECTION_THRESHOLD,Detected in < 1% of stromal cells or < 2 donors
LINC02069,ENSG00000229433,lncRNA,0,3670,0.0,0,16,False,BELOW_DETECTION_THRESHOLD,Detected in < 1% of stromal cells or < 2 donors
HHATL-AS1,ENSG00000230970,lncRNA,0,3670,0.0,0,16,False,BELOW_DETECTION_THRESHOLD,Detected in < 1% of stromal cells or < 2 donors
CNTN4-AS1,ENSG00000237990,lncRNA,0,3670,0.0,0,16,False,BELOW_DETECTION_THRESHOLD,Detected in < 1% of stromal cells or < 2 donors
LINC02051,ENSG00000226859,lncRNA,0,3670,0.0,0,16,False,BELOW_DETECTION_THRESHOLD,Detected in < 1% of stromal cells or < 2 donors
LINC02052,ENSG00000224406,lncRNA,0,3670,0.0,0,16,False,BELOW_DETECTION_THRESHOLD,Detected in < 1% of stromal cells or < 2 donors
LINC02020,ENSG00000234548,lncRNA,0,3670,0.0,0,16,False,BELOW_DETECTION_THRESHOLD,Detected in < 1% of stromal cells or < 2 donors
PEX5L-AS2,ENSG00000244302,lncRNA,0,3670,0.0,0,16,False,BELOW_DETECTION_THRESHOLD,Detected in < 1% of stromal cells or < 2 donors
CADM2-AS2,ENSG00000241648,lncRNA,0,3670,0.0,0,16,False,BELOW_DETECTION_THRESHOLD,Detected in < 1% of stromal cells or < 2 donors
LINC02097,ENSG00000226101,lncRNA,0,3670,0.0,0,16,False,BELOW_DETECTION_THRESHOLD,Detected in < 1% of stromal cells or < 2 donors
LINC01987,ENSG00000267790,lncRNA,0,3670,0.0,0,16,False,BELOW_DETECTION_THRESHOLD,Detected in < 1% of stromal cells or < 2 donors
CASC17,ENSG00000260785,lncRNA,0,3670,0.0,0,16,False,BELOW_DETECTION_THRESHOLD,Detected in < 1% of stromal cells or < 2 donors
FGF12-AS3,ENSG00000226709,lncRNA,0,3670,0.0,0,16,False,BELOW_DETECTION_THRESHOLD,Detected in < 1% of stromal cells or < 2 donors
FGF12-AS2,ENSG00000230126,lncRNA,0,3670,0.0,0,16,False,BELOW_DETECTION_THRESHOLD,Detected in < 1% of stromal cells or < 2 donors
FGF12-AS1,ENSG00000231383,lncRNA,0,3670,0.0,0,16,False,BELOW_DETECTION_THRESHOLD,Detected in < 1% of stromal cells or < 2 donors
IQCF5-AS1,ENSG00000235455,lncRNA,0,3670,0.0,0,16,False,BELOW_DETECTION_THRESHOLD,Detected in < 1% of stromal cells or < 2 donors
DNAJB8-AS1,ENSG00000242049,lncRNA,0,3670,0.0,0,16,False,BELOW_DETECTION_THRESHOLD,Detected in < 1% of stromal cells or < 2 donors
HLTF-AS1,ENSG00000239718,lncRNA,0,3670,0.0,0,16,False,BELOW_DETECTION_THRESHOLD,Detected in < 1% of stromal cells or < 2 donors
LINC01839,ENSG00000227509,lncRNA,0,3670,0.0,0,16,False,BELOW_DETECTION_THRESHOLD,Detected in < 1% of stromal cells or < 2 donors
LINC00692,ENSG00000230891,lncRNA,0,3670,0.0,0,16,False,BELOW_DETECTION_THRESHOLD,Detected in < 1% of stromal cells or < 2 donors
LINC01327,ENSG00000241669,lncRNA,0,3670,0.0,0,16,False,BELOW_DETECTION_THRESHOLD,Detected in < 1% of stromal cells or < 2 donors
LINC01487,ENSG00000241336,lncRNA,0,3670,0.0,0,16,False,BELOW_DETECTION_THRESHOLD,Detected in < 1% of stromal cells or < 2 donors
MME-AS1,ENSG00000240666,lncRNA,0,3670,0.0,0,16,False,BELOW_DETECTION_THRESHOLD,Detected in < 1% of stromal cells or < 2 donors
ZBTB20-AS3,ENSG00000239946,lncRNA,0,3670,0.0,0,16,False,BELOW_DETECTION_THRESHOLD,Detected in < 1% of stromal cells or < 2 donors
LINC02093,ENSG00000234634,lncRNA,0,3670,0.0,0,16,False,BELOW_DETECTION_THRESHOLD,Detected in < 1% of stromal cells or < 2 donors
LINC02090,ENSG00000230969,lncRNA,0,3670,0.0,0,16,False,BELOW_DETECTION_THRESHOLD,Detected in < 1% of stromal cells or < 2 donors
LINC02003,ENSG00000264026,lncRNA,0,3670,0.0,0,16,False,BELOW_DETECTION_THRESHOLD,Detected in < 1% of stromal cells or < 2 donors
LINC02025,ENSG00000242339,lncRNA,0,3670,0.0,0,16,False,BELOW_DETECTION_THRESHOLD,Detected in < 1% of stromal cells or < 2 donors
PLSCR5-AS1,ENSG00000241457,lncRNA,0,3670,0.0,0,16,False,BELOW_DETECTION_THRESHOLD,Detected in < 1% of stromal cells or < 2 donors
CNOT10-AS1,ENSG00000251224,lncRNA,0,3670,0.0,0,16,False,BELOW_DETECTION_THRESHOLD,Detected in < 1% of stromal cells or < 2 donors
PISRT1,ENSG00000281473,lncRNA,0,3670,0.0,0,16,False,BELOW_DETECTION_THRESHOLD,Detected in < 1% of stromal cells or < 2 donors
BPESC1,ENSG00000232416,lncRNA,0,3670,0.0,0,16,False,BELOW_DETECTION_THRESHOLD,Detected in < 1% of stromal cells or < 2 donors
LINC02013,ENSG00000228730,lncRNA,0,3670,0.0,0,16,False,BELOW_DETECTION_THRESHOLD,Detected in < 1% of stromal cells or < 2 donors
TMEM212-IT1,ENSG00000235943,lncRNA,0,3670,0.0,0,16,False,BELOW_DETECTION_THRESHOLD,Detected in < 1% of stromal cells or < 2 donors
KLHL6-AS1,ENSG00000242522,lncRNA,0,3670,0.0,0,16,False,BELOW_DETECTION_THRESHOLD,Detected in < 1% of stromal cells or < 2 donors
XXYLT1-AS1,ENSG00000233303,lncRNA,0,3670,0.0,0,16,False,BELOW_DETECTION_THRESHOLD,Detected in < 1% of stromal cells or < 2 donors
ETV5-AS1,ENSG00000234197,lncRNA,0,3670,0.0,0,16,False,BELOW_DETECTION_THRESHOLD,Detected in < 1% of stromal cells or < 2 donors
LINC01998,ENSG00000243321,lncRNA,0,3670,0.0,0,16,False,BELOW_DETECTION_THRESHOLD,Detected in < 1% of stromal cells or < 2 donors
PLCH1-AS2,ENSG00000242925,lncRNA,0,3670,0.0,0,16,False,BELOW_DETECTION_THRESHOLD,Detected in < 1% of stromal cells or < 2 donors
PLCH1-AS1,ENSG00000239508,lncRNA,0,3670,0.0,0,16,False,BELOW_DETECTION_THRESHOLD,Detected in < 1% of stromal cells or < 2 donors
LINC02038,ENSG00000229155,lncRNA,0,3670,0.0,0,16,False,BELOW_DETECTION_THRESHOLD,Detected in < 1% of stromal cells or < 2 donors
ATP13A5-AS1,ENSG00000236508,lncRNA,0,3670,0.0,0,16,False,BELOW_DETECTION_THRESHOLD,Detected in < 1% of stromal cells or < 2 donors
hsa-mir-1253,ENSG00000272920,lncRNA,0,3670,0.0,0,16,False,BELOW_DETECTION_THRESHOLD,Detected in < 1% of stromal cells or < 2 donors
LINC02094,ENSG00000227078,lncRNA,0,3670,0.0,0,16,False,BELOW_DETECTION_THRESHOLD,Detected in < 1% of stromal cells or < 2 donors
NARF-AS1,ENSG00000266445,lncRNA,0,3670,0.0,0,16,False,BELOW_DETECTION_THRESHOLD,Detected in < 1% of stromal cells or < 2 donors
CDRT8,ENSG00000265163,lncRNA,0,3670,0.0,0,16,False,BELOW_DETECTION_THRESHOLD,Detected in < 1% of stromal cells or < 2 donors
CDRT7,ENSG00000259944,lncRNA,0,3670,0.0,0,16,False,BELOW_DETECTION_THRESHOLD,Detected in < 1% of stromal cells or < 2 donors
THOC7-AS1,ENSG00000240549,lncRNA,0,3670,0.0,0,16,False,BELOW_DETECTION_THRESHOLD,Detected in < 1% of stromal cells or < 2 donors
ZIC4-AS1,ENSG00000241202,lncRNA,0,3670,0.0,0,16,False,BELOW_DETECTION_THRESHOLD,Detected in < 1% of stromal cells or < 2 donors
TPRG1-AS2,ENSG00000230115,lncRNA,0,3670,0.0,0,16,False,BELOW_DETECTION_THRESHOLD,Detected in < 1% of stromal cells or < 2 donors
PRICKLE2-AS2,ENSG00000241101,lncRNA,0,3670,0.0,0,16,False,BELOW_DETECTION_THRESHOLD,Detected in < 1% of stromal cells or < 2 donors
PRICKLE2-DT,ENSG00000244564,lncRNA,0,3670,0.0,0,16,False,BELOW_DETECTION_THRESHOLD,Detected in < 1% of stromal cells or < 2 donors
LINC02066,ENSG00000241151,lncRNA,0,3670,0.0,0,16,False,BELOW_DETECTION_THRESHOLD,Detected in < 1% of stromal cells or < 2 donors
BFSP2-AS1,ENSG00000249993,lncRNA,0,3670,0.0,0,16,False,BELOW_DETECTION_THRESHOLD,Detected in < 1% of stromal cells or < 2 donors
ATP13A4-AS1,ENSG00000225473,lncRNA,0,3670,0.0,0,16,False,BELOW_DETECTION_THRESHOLD,Detected in < 1% of stromal cells or < 2 donors
FAM215A,ENSG00000267496,lncRNA,0,3670,0.0,0,16,False,BELOW_DETECTION_THRESHOLD,Detected in < 1% of stromal cells or < 2 donors
LINC01973,ENSG00000204283,lncRNA,0,3670,0.0,0,16,False,BELOW_DETECTION_THRESHOLD,Detected in < 1% of stromal cells or < 2 donors
LINC02075,ENSG00000249497,lncRNA,0,3670,0.0,0,16,False,BELOW_DETECTION_THRESHOLD,Detected in < 1% of stromal cells or < 2 donors
LINC02079,ENSG00000266013,lncRNA,0,3670,0.0,0,16,False,BELOW_DETECTION_THRESHOLD,Detected in < 1% of stromal cells or < 2 donors
LINC01972,ENSG00000230401,lncRNA,0,3670,0.0,0,16,False,BELOW_DETECTION_THRESHOLD,Detected in < 1% of stromal cells or < 2 donors
ABCC5-AS1,ENSG00000223882,lncRNA,0,3670,0.0,0,16,False,BELOW_DETECTION_THRESHOLD,Detected in < 1% of stromal cells or < 2 donors
KCNAB1-AS2,ENSG00000240596,lncRNA,0,3670,0.0,0,16,False,BELOW_DETECTION_THRESHOLD,Detected in < 1% of stromal cells or < 2 donors
LINC02037,ENSG00000238097,lncRNA,0,3670,0.0,0,16,False,BELOW_DETECTION_THRESHOLD,Detected in < 1% of stromal cells or < 2 donors
UBXN7-AS1,ENSG00000225822,lncRNA,0,3670,0.0,0,16,False,BELOW_DETECTION_THRESHOLD,Detected in < 1% of stromal cells or < 2 donors
LINC01326,ENSG00000244321,lncRNA,0,3670,0.0,0,16,False,BELOW_DETECTION_THRESHOLD,Detected in < 1% of stromal cells or < 2 donors
LINC01192,ENSG00000241369,lncRNA,0,3670,0.0,0,16,False,BELOW_DETECTION_THRESHOLD,Detected in < 1% of stromal cells or < 2 donors
LINC01210,ENSG00000239513,lncRNA,0,3670,0.0,0,16,False,BELOW_DETECTION_THRESHOLD,Detected in < 1% of stromal cells or < 2 donors
NAALADL2-AS2,ENSG00000226779,lncRNA,0,3670,0.0,0,16,False,BELOW_DETECTION_THRESHOLD,Detected in < 1% of stromal cells or < 2 donors
LINC02031,ENSG00000238837,lncRNA,0,3670,0.0,0,16,False,BELOW_DETECTION_THRESHOLD,Detected in < 1% of stromal cells or < 2 donors
LINC02014,ENSG00000248243,lncRNA,0,3670,0.0,0,16,False,BELOW_DETECTION_THRESHOLD,Detected in < 1% of stromal cells or < 2 donors
LINC02000,ENSG00000243832,lncRNA,0,3670,0.0,0,16,False,BELOW_DETECTION_THRESHOLD,Detected in < 1% of stromal cells or < 2 donors
LINC01928,ENSG00000267425,lncRNA,0,3670,0.0,0,16,False,BELOW_DETECTION_THRESHOLD,Detected in < 1% of stromal cells or < 2 donors
LINC01925,ENSG00000264265,lncRNA,0,3670,0.0,0,16,False,BELOW_DETECTION_THRESHOLD,Detected in < 1% of stromal cells or < 2 donors
LINC01892,ENSG00000265514,lncRNA,0,3670,0.0,0,16,False,BELOW_DETECTION_THRESHOLD,Detected in < 1% of stromal cells or < 2 donors
HID1-AS1,ENSG00000263586,lncRNA,0,3670,0.0,0,16,False,BELOW_DETECTION_THRESHOLD,Detected in < 1% of stromal cells or < 2 donors
CCDC39-AS1,ENSG00000243187,lncRNA,0,3670,0.0,0,16,False,BELOW_DETECTION_THRESHOLD,Detected in < 1% of stromal cells or < 2 donors
LINC01994,ENSG00000241098,lncRNA,0,3670,0.0,0,16,False,BELOW_DETECTION_THRESHOLD,Detected in < 1% of stromal cells or < 2 donors
LINC01995,ENSG00000244247,lncRNA,0,3670,0.0,0,16,False,BELOW_DETECTION_THRESHOLD,Detected in < 1% of stromal cells or < 2 donors
NLGN1-AS1,ENSG00000228213,lncRNA,0,3670,0.0,0,16,False,BELOW_DETECTION_THRESHOLD,Detected in < 1% of stromal cells or < 2 donors
LINC02049,ENSG00000243593,lncRNA,0,3670,0.0,0,16,False,BELOW_DETECTION_THRESHOLD,Detected in < 1% of stromal cells or < 2 donors
LINC01323,ENSG00000241636,lncRNA,0,3670,0.0,0,16,False,BELOW_DETECTION_THRESHOLD,Detected in < 1% of stromal cells or < 2 donors
CLRN1-AS1,ENSG00000239265,lncRNA,0,3670,0.0,0,16,False,BELOW_DETECTION_THRESHOLD,Detected in < 1% of stromal cells or < 2 donors
PLCXD2-AS1,ENSG00000240766,lncRNA,0,3670,0.0,0,16,False,BELOW_DETECTION_THRESHOLD,Detected in < 1% of stromal cells or < 2 donors
SLC9A9-AS1,ENSG00000240012,lncRNA,0,3670,0.0,0,16,False,BELOW_DETECTION_THRESHOLD,Detected in < 1% of stromal cells or < 2 donors
KCNAB1-AS1,ENSG00000242370,lncRNA,0,3670,0.0,0,16,False,BELOW_DETECTION_THRESHOLD,Detected in < 1% of stromal cells or < 2 donors
LINC02045,ENSG00000243347,lncRNA,0,3670,0.0,0,16,False,BELOW_DETECTION_THRESHOLD,Detected in < 1% of stromal cells or < 2 donors
LINC01255,ENSG00000267252,lncRNA,0,3670,0.0,0,16,False,BELOW_DETECTION_THRESHOLD,Detected in < 1% of stromal cells or < 2 donors
LINC01254,ENSG00000260913,lncRNA,0,3670,0.0,0,16,False,BELOW_DETECTION_THRESHOLD,Detected in < 1% of stromal cells or < 2 donors
MIR3976HG,ENSG00000261738,lncRNA,0,3670,0.0,0,16,False,BELOW_DETECTION_THRESHOLD,Detected in < 1% of stromal cells or < 2 donors
LINC02564,ENSG00000262352,lncRNA,0,3670,0.0,0,16,False,BELOW_DETECTION_THRESHOLD,Detected in < 1% of stromal cells or < 2 donors
LINC01904,ENSG00000259837,lncRNA,0,3670,0.0,0,16,False,BELOW_DETECTION_THRESHOLD,Detected in < 1% of stromal cells or < 2 donors
LINC01906,ENSG00000265786,lncRNA,0,3670,0.0,0,16,False,BELOW_DETECTION_THRESHOLD,Detected in < 1% of stromal cells or < 2 donors
LINC01100,ENSG00000242107,lncRNA,0,3670,0.0,0,16,False,BELOW_DETECTION_THRESHOLD,Detected in < 1% of stromal cells or < 2 donors
NAALADL2-AS3,ENSG00000230292,lncRNA,0,3670,0.0,0,16,False,BELOW_DETECTION_THRESHOLD,Detected in < 1% of stromal cells or < 2 donors
LINC01997,ENSG00000241383,lncRNA,0,3670,0.0,0,16,False,BELOW_DETECTION_THRESHOLD,Detected in < 1% of stromal cells or < 2 donors
LINC01324,ENSG00000241767,lncRNA,0,3670,0.0,0,16,False,BELOW_DETECTION_THRESHOLD,Detected in < 1% of stromal cells or < 2 donors
LINC00488,ENSG00000214381,lncRNA,0,3670,0.0,0,16,False,BELOW_DETECTION_THRESHOLD,Detected in < 1% of stromal cells or < 2 donors
MORC1-AS1,ENSG00000239314,lncRNA,0,3670,0.0,0,16,False,BELOW_DETECTION_THRESHOLD,Detected in < 1% of stromal cells or < 2 donors
RUVBL1-AS1,ENSG00000239608,lncRNA,0,3670,0.0,0,16,False,BELOW_DETECTION_THRESHOLD,Detected in < 1% of stromal cells or < 2 donors
ALDH1L1-AS2,ENSG00000246022,lncRNA,0,3670,0.0,0,16,False,BELOW_DETECTION_THRESHOLD,Detected in < 1% of stromal cells or < 2 donors
ARHGEF3-AS1,ENSG00000240198,lncRNA,0,3670,0.0,0,16,False,BELOW_DETECTION_THRESHOLD,Detected in < 1% of stromal cells or < 2 donors
B4GALT4-AS1,ENSG00000240254,lncRNA,0,3670,0.0,0,16,False,BELOW_DETECTION_THRESHOLD,Detected in < 1% of stromal cells or < 2 donors
MIR4527HG,ENSG00000267761,lncRNA,0,3670,0.0,0,16,False,BELOW_DETECTION_THRESHOLD,Detected in < 1% of stromal cells or < 2 donors
LINC01924,ENSG00000267134,lncRNA,0,3670,0.0,0,16,False,BELOW_DETECTION_THRESHOLD,Detected in < 1% of stromal cells or < 2 donors
LINC01387,ENSG00000265944,lncRNA,0,3670,0.0,0,16,False,BELOW_DETECTION_THRESHOLD,Detected in < 1% of stromal cells or < 2 donors
IL20RB-AS1,ENSG00000249407,lncRNA,0,3670,0.0,0,16,False,BELOW_DETECTION_THRESHOLD,Detected in < 1% of stromal cells or < 2 donors
LINC02032,ENSG00000241131,lncRNA,0,3670,0.0,0,16,False,BELOW_DETECTION_THRESHOLD,Detected in < 1% of stromal cells or < 2 donors
IGSF11-AS1,ENSG00000239877,lncRNA,0,3670,0.0,0,16,False,BELOW_DETECTION_THRESHOLD,Detected in < 1% of stromal cells or < 2 donors
SYNPR-AS1,ENSG00000241359,lncRNA,0,3670,0.0,0,16,False,BELOW_DETECTION_THRESHOLD,Detected in < 1% of stromal cells or < 2 donors
PDZRN3-AS1,ENSG00000239677,lncRNA,0,3670,0.0,0,16,False,BELOW_DETECTION_THRESHOLD,Detected in < 1% of stromal cells or < 2 donors
LINC02046,ENSG00000242440,lncRNA,0,3670,0.0,0,16,False,BELOW_DETECTION_THRESHOLD,Detected in < 1% of stromal cells or < 2 donors
LINC00903,ENSG00000241397,lncRNA,0,3670,0.0,0,16,False,BELOW_DETECTION_THRESHOLD,Detected in < 1% of stromal cells or < 2 donors
LINC02077,ENSG00000244461,lncRNA,0,3670,0.0,0,16,False,BELOW_DETECTION_THRESHOLD,Detected in < 1% of stromal cells or < 2 donors
LINC02070,ENSG00000241328,lncRNA,0,3670,0.0,0,16,False,BELOW_DETECTION_THRESHOLD,Detected in < 1% of stromal cells or < 2 donors
FOXP1-AS1,ENSG00000244203,lncRNA,0,3670,0.0,0,16,False,BELOW_DETECTION_THRESHOLD,Detected in < 1% of stromal cells or < 2 donors
LINC00901,ENSG00000242385,lncRNA,0,3670,0.0,0,16,False,BELOW_DETECTION_THRESHOLD,Detected in < 1% of stromal cells or < 2 donors
LINC02017,ENSG00000243572,lncRNA,0,3670,0.0,0,16,False,BELOW_DETECTION_THRESHOLD,Detected in < 1% of stromal cells or < 2 donors
CFAP44-AS1,ENSG00000243849,lncRNA,0,3670,0.0,0,16,False,BELOW_DETECTION_THRESHOLD,Detected in < 1% of stromal cells or < 2 donors
LINC00698,ENSG00000244342,lncRNA,0,3670,0.0,0,16,False,BELOW_DETECTION_THRESHOLD,Detected in < 1% of stromal cells or < 2 donors
ITIH4-AS1,ENSG00000239799,lncRNA,0,3670,0.0,0,16,False,BELOW_DETECTION_THRESHOLD,Detected in < 1% of stromal cells or < 2 donors
LINC02565,ENSG00000267726,lncRNA,0,3670,0.0,0,16,False,BELOW_DETECTION_THRESHOLD,Detected in < 1% of stromal cells or < 2 donors
LINC01908,ENSG00000265374,lncRNA,0,3670,0.0,0,16,False,BELOW_DETECTION_THRESHOLD,Detected in < 1% of stromal cells or < 2 donors
LINC01912,ENSG00000264699,lncRNA,0,3670,0.0,0,16,False,BELOW_DETECTION_THRESHOLD,Detected in < 1% of stromal cells or < 2 donors
LINC-ROR,ENSG00000258609,lncRNA,0,3670,0.0,0,16,False,BELOW_DETECTION_THRESHOLD,Detected in < 1% of stromal cells or < 2 donors
LINC01903,ENSG00000265555,lncRNA,0,3670,0.0,0,16,False,BELOW_DETECTION_THRESHOLD,Detected in < 1% of stromal cells or < 2 donors
LINC01544,ENSG00000260440,lncRNA,0,3670,0.0,0,16,False,BELOW_DETECTION_THRESHOLD,Detected in < 1% of stromal cells or < 2 donors
WDR7-OT1,ENSG00000267225,lncRNA,0,3670,0.0,0,16,False,BELOW_DETECTION_THRESHOLD,Detected in < 1% of stromal cells or < 2 donors
LINC02047,ENSG00000239454,lncRNA,0,3670,0.0,0,16,False,BELOW_DETECTION_THRESHOLD,Detected in < 1% of stromal cells or < 2 donors
LINC01986,ENSG00000223587,lncRNA,0,3670,0.0,0,16,False,BELOW_DETECTION_THRESHOLD,Detected in < 1% of stromal cells or < 2 donors
ZNF385D-AS1,ENSG00000225542,lncRNA,0,3670,0.0,0,16,False,BELOW_DETECTION_THRESHOLD,Detected in < 1% of stromal cells or < 2 donors
GRM7-AS2,ENSG00000237665,lncRNA,0,3670,0.0,0,16,False,BELOW_DETECTION_THRESHOLD,Detected in < 1% of stromal cells or < 2 donors
LINC02027,ENSG00000243694,lncRNA,0,3670,0.0,0,16,False,BELOW_DETECTION_THRESHOLD,Detected in < 1% of stromal cells or < 2 donors
LINC02040,ENSG00000243149,lncRNA,0,3670,0.0,0,16,False,BELOW_DETECTION_THRESHOLD,Detected in < 1% of stromal cells or < 2 donors
ZMYND10-AS1,ENSG00000235058,lncRNA,0,3670,0.0,0,16,False,BELOW_DETECTION_THRESHOLD,Detected in < 1% of stromal cells or < 2 donors
LINC02030,ENSG00000240708,lncRNA,0,3670,0.0,0,16,False,BELOW_DETECTION_THRESHOLD,Detected in < 1% of stromal cells or < 2 donors
LINC01029,ENSG00000265843,lncRNA,0,3670,0.0,0,16,False,BELOW_DETECTION_THRESHOLD,Detected in < 1% of stromal cells or < 2 donors
LINC02582,ENSG00000261780,lncRNA,0,3670,0.0,0,16,False,BELOW_DETECTION_THRESHOLD,Detected in < 1% of stromal cells or < 2 donors
LINC01898,ENSG00000261194,lncRNA,0,3670,0.0,0,16,False,BELOW_DETECTION_THRESHOLD,Detected in < 1% of stromal cells or < 2 donors
LINC01893,ENSG00000264260,lncRNA,0,3670,0.0,0,16,False,BELOW_DETECTION_THRESHOLD,Detected in < 1% of stromal cells or < 2 donors
LINC01927,ENSG00000266312,lncRNA,0,3670,0.0,0,16,False,BELOW_DETECTION_THRESHOLD,Detected in < 1% of stromal cells or < 2 donors
LINC00305,ENSG00000179676,lncRNA,0,3670,0.0,0,16,False,BELOW_DETECTION_THRESHOLD,Detected in < 1% of stromal cells or < 2 donors
LINC02085,ENSG00000214407,lncRNA,0,3670,0.0,0,16,False,BELOW_DETECTION_THRESHOLD,Detected in < 1% of stromal cells or < 2 donors
LINC00879,ENSG00000239589,lncRNA,0,3670,0.0,0,16,False,BELOW_DETECTION_THRESHOLD,Detected in < 1% of stromal cells or < 2 donors
LINC02050,ENSG00000242781,lncRNA,0,3670,0.0,0,16,False,BELOW_DETECTION_THRESHOLD,Detected in < 1% of stromal cells or < 2 donors
LINC02022,ENSG00000232746,lncRNA,0,3670,0.0,0,16,False,BELOW_DETECTION_THRESHOLD,Detected in < 1% of stromal cells or < 2 donors
SRGAP3-AS2,ENSG00000228723,lncRNA,0,3670,0.0,0,16,False,BELOW_DETECTION_THRESHOLD,Detected in < 1% of stromal cells or < 2 donors
LINC00690,ENSG00000233570,lncRNA,0,3670,0.0,0,16,False,BELOW_DETECTION_THRESHOLD,Detected in < 1% of stromal cells or < 2 donors
LINC02011,ENSG00000260902,lncRNA,0,3670,0.0,0,16,False,BELOW_DETECTION_THRESHOLD,Detected in < 1% of stromal cells or < 2 donors
LINC02837,ENSG00000264464,lncRNA,0,3670,0.0,0,16,False,BELOW_DETECTION_THRESHOLD,Detected in < 1% of stromal cells or < 2 donors
LINC01895,ENSG00000259256,lncRNA,0,3670,0.0,0,16,False,BELOW_DETECTION_THRESHOLD,Detected in < 1% of stromal cells or < 2 donors
LINC01894,ENSG00000264345,lncRNA,0,3670,0.0,0,16,False,BELOW_DETECTION_THRESHOLD,Detected in < 1% of stromal cells or < 2 donors
LINC01538,ENSG00000266952,lncRNA,0,3670,0.0,0,16,False,BELOW_DETECTION_THRESHOLD,Detected in < 1% of stromal cells or < 2 donors
LINC01916,ENSG00000264232,lncRNA,0,3670,0.0,0,16,False,BELOW_DETECTION_THRESHOLD,Detected in < 1% of stromal cells or < 2 donors
LINC01477,ENSG00000261715,lncRNA,0,3670,0.0,0,16,False,BELOW_DETECTION_THRESHOLD,Detected in < 1% of stromal cells or < 2 donors
GTSCR1,ENSG00000263417,lncRNA,0,3670,0.0,0,16,False,BELOW_DETECTION_THRESHOLD,Detected in < 1% of stromal cells or < 2 donors
LINC00606,ENSG00000226567,lncRNA,0,3670,0.0,0,16,False,BELOW_DETECTION_THRESHOLD,Detected in < 1% of stromal cells or < 2 donors
KRBOX1-AS1,ENSG00000206552,lncRNA,0,3670,0.0,0,16,False,BELOW_DETECTION_THRESHOLD,Detected in < 1% of stromal cells or < 2 donors
SRGAP3-AS1,ENSG00000224808,lncRNA,0,3670,0.0,0,16,False,BELOW_DETECTION_THRESHOLD,Detected in < 1% of stromal cells or < 2 donors
LINC01267,ENSG00000251576,lncRNA,0,3670,0.0,0,16,False,BELOW_DETECTION_THRESHOLD,Detected in < 1% of stromal cells or < 2 donors
GRM7-AS3,ENSG00000226258,lncRNA,0,3670,0.0,0,16,False,BELOW_DETECTION_THRESHOLD,Detected in < 1% of stromal cells or < 2 donors
LINC01811,ENSG00000226320,lncRNA,0,3670,0.0,0,16,False,BELOW_DETECTION_THRESHOLD,Detected in < 1% of stromal cells or < 2 donors
LINC01981,ENSG00000229243,lncRNA,0,3670,0.0,0,16,False,BELOW_DETECTION_THRESHOLD,Detected in < 1% of stromal cells or < 2 donors
ARPP21-AS1,ENSG00000230830,lncRNA,0,3670,0.0,0,16,False,BELOW_DETECTION_THRESHOLD,Detected in < 1% of stromal cells or < 2 donors
CNTN4-AS2,ENSG00000227588,lncRNA,0,3670,0.0,0,16,False,BELOW_DETECTION_THRESHOLD,Detected in < 1% of stromal cells or < 2 donors
ATP2B2-IT1,ENSG00000236999,lncRNA,0,3670,0.0,0,16,False,BELOW_DETECTION_THRESHOLD,Detected in < 1% of stromal cells or < 2 donors
CHL1-AS1,ENSG00000234661,lncRNA,0,3670,0.0,0,16,False,BELOW_DETECTION_THRESHOLD,Detected in < 1% of stromal cells or < 2 donors
PARAL1,ENSG00000243961,lncRNA,0,3670,0.0,0,16,False,BELOW_DETECTION_THRESHOLD,Detected in < 1% of stromal cells or < 2 donors
LDLRAD4-AS1,ENSG00000267690,lncRNA,0,3670,0.0,0,16,False,BELOW_DETECTION_THRESHOLD,Detected in < 1% of stromal cells or < 2 donors
LIVAR,ENSG00000266304,lncRNA,0,3670,0.0,0,16,False,BELOW_DETECTION_THRESHOLD,Detected in < 1% of stromal cells or < 2 donors
LINC01887,ENSG00000266604,lncRNA,0,3670,0.0,0,16,False,BELOW_DETECTION_THRESHOLD,Detected in < 1% of stromal cells or < 2 donors
TCF4-AS1,ENSG00000267028,lncRNA,0,3670,0.0,0,16,False,BELOW_DETECTION_THRESHOLD,Detected in < 1% of stromal cells or < 2 donors
LINC01980,ENSG00000225548,lncRNA,0,3670,0.0,0,16,False,BELOW_DETECTION_THRESHOLD,Detected in < 1% of stromal cells or < 2 donors
ZNF385D-AS2,ENSG00000223351,lncRNA,0,3670,0.0,0,16,False,BELOW_DETECTION_THRESHOLD,Detected in < 1% of stromal cells or < 2 donors
PLCL2-AS1,ENSG00000226441,lncRNA,0,3670,0.0,0,16,False,BELOW_DETECTION_THRESHOLD,Detected in < 1% of stromal cells or < 2 donors
RBMS3-AS1,ENSG00000235593,lncRNA,0,3670,0.0,0,16,False,BELOW_DETECTION_THRESHOLD,Detected in < 1% of stromal cells or < 2 donors
ATP2B2-IT2,ENSG00000224771,lncRNA,0,3670,0.0,0,16,False,BELOW_DETECTION_THRESHOLD,Detected in < 1% of stromal cells or < 2 donors
PDYN-AS1,ENSG00000233896,lncRNA,0,3670,0.0,0,16,False,BELOW_DETECTION_THRESHOLD,Detected in < 1% of stromal cells or < 2 donors
LINC01880,ENSG00000232002,lncRNA,0,3670,0.0,0,16,False,BELOW_DETECTION_THRESHOLD,Detected in < 1% of stromal cells or < 2 donors
LINC01381,ENSG00000230452,lncRNA,0,3670,0.0,0,16,False,BELOW_DETECTION_THRESHOLD,Detected in < 1% of stromal cells or < 2 donors
LINC01817,ENSG00000231420,lncRNA,0,3670,0.0,0,16,False,BELOW_DETECTION_THRESHOLD,Detected in < 1% of stromal cells or < 2 donors
LINC01751,ENSG00000261249,lncRNA,0,3670,0.0,0,16,False,BELOW_DETECTION_THRESHOLD,Detected in < 1% of stromal cells or < 2 donors
LINC01432,ENSG00000234435,lncRNA,0,3670,0.0,0,16,False,BELOW_DETECTION_THRESHOLD,Detected in < 1% of stromal cells or < 2 donors
LINC01726,ENSG00000280350,lncRNA,0,3670,0.0,0,16,False,BELOW_DETECTION_THRESHOLD,Detected in < 1% of stromal cells or < 2 donors
NKX2-2-AS1,ENSG00000258197,lncRNA,0,3670,0.0,0,16,False,BELOW_DETECTION_THRESHOLD,Detected in < 1% of stromal cells or < 2 donors
LINC01713,ENSG00000228482,lncRNA,0,3670,0.0,0,16,False,BELOW_DETECTION_THRESHOLD,Detected in < 1% of stromal cells or < 2 donors
SIRPG-AS1,ENSG00000237914,lncRNA,0,3670,0.0,0,16,False,BELOW_DETECTION_THRESHOLD,Detected in < 1% of stromal cells or < 2 donors
MCM8-AS1,ENSG00000278719,lncRNA,0,3670,0.0,0,16,False,BELOW_DETECTION_THRESHOLD,Detected in < 1% of stromal cells or < 2 donors
LINC01428,ENSG00000228888,lncRNA,0,3670,0.0,0,16,False,BELOW_DETECTION_THRESHOLD,Detected in < 1% of stromal cells or < 2 donors
MACROD2-IT1,ENSG00000227927,lncRNA,0,3670,0.0,0,16,False,BELOW_DETECTION_THRESHOLD,Detected in < 1% of stromal cells or < 2 donors
LINC01706,ENSG00000224711,lncRNA,0,3670,0.0,0,16,False,BELOW_DETECTION_THRESHOLD,Detected in < 1% of stromal cells or < 2 donors
SRGAP3-AS3,ENSG00000227929,lncRNA,0,3670,0.0,0,16,False,BELOW_DETECTION_THRESHOLD,Detected in < 1% of stromal cells or < 2 donors
SLC6A1-AS1,ENSG00000232287,lncRNA,0,3670,0.0,0,16,False,BELOW_DETECTION_THRESHOLD,Detected in < 1% of stromal cells or < 2 donors
LINC01804,ENSG00000231031,lncRNA,0,3670,0.0,0,16,False,BELOW_DETECTION_THRESHOLD,Detected in < 1% of stromal cells or < 2 donors
IL1R1-AS1,ENSG00000226925,lncRNA,0,3670,0.0,0,16,False,BELOW_DETECTION_THRESHOLD,Detected in < 1% of stromal cells or < 2 donors
LINC01818,ENSG00000230645,lncRNA,0,3670,0.0,0,16,False,BELOW_DETECTION_THRESHOLD,Detected in < 1% of stromal cells or < 2 donors
LINC01104,ENSG00000232084,lncRNA,0,3670,0.0,0,16,False,BELOW_DETECTION_THRESHOLD,Detected in < 1% of stromal cells or < 2 donors
LINC01594,ENSG00000225328,lncRNA,0,3670,0.0,0,16,False,BELOW_DETECTION_THRESHOLD,Detected in < 1% of stromal cells or < 2 donors
LINC00487,ENSG00000205837,lncRNA,0,3670,0.0,0,16,False,BELOW_DETECTION_THRESHOLD,Detected in < 1% of stromal cells or < 2 donors
LINC01890,ENSG00000228329,lncRNA,0,3670,0.0,0,16,False,BELOW_DETECTION_THRESHOLD,Detected in < 1% of stromal cells or < 2 donors
LINC01728,ENSG00000233277,lncRNA,0,3670,0.0,0,16,False,BELOW_DETECTION_THRESHOLD,Detected in < 1% of stromal cells or < 2 donors
LINC01370,ENSG00000237767,lncRNA,0,3670,0.0,0,16,False,BELOW_DETECTION_THRESHOLD,Detected in < 1% of stromal cells or < 2 donors
LNCNEF,ENSG00000237396,lncRNA,0,3670,0.0,0,16,False,BELOW_DETECTION_THRESHOLD,Detected in < 1% of stromal cells or < 2 donors
LINC01734,ENSG00000230324,lncRNA,0,3670,0.0,0,16,False,BELOW_DETECTION_THRESHOLD,Detected in < 1% of stromal cells or < 2 donors
FAM242B,ENSG00000287889,lncRNA,0,3670,0.0,0,16,False,BELOW_DETECTION_THRESHOLD,Detected in < 1% of stromal cells or < 2 donors
MACROD2-AS1,ENSG00000235914,lncRNA,0,3670,0.0,0,16,False,BELOW_DETECTION_THRESHOLD,Detected in < 1% of stromal cells or < 2 donors
LINC01723,ENSG00000234265,lncRNA,0,3670,0.0,0,16,False,BELOW_DETECTION_THRESHOLD,Detected in < 1% of stromal cells or < 2 donors
ISM1-AS1,ENSG00000226263,lncRNA,0,3670,0.0,0,16,False,BELOW_DETECTION_THRESHOLD,Detected in < 1% of stromal cells or < 2 donors
LINC00656,ENSG00000233746,lncRNA,0,3670,0.0,0,16,False,BELOW_DETECTION_THRESHOLD,Detected in < 1% of stromal cells or < 2 donors
TRERNA1,ENSG00000231265,lncRNA,0,3670,0.0,0,16,False,BELOW_DETECTION_THRESHOLD,Detected in < 1% of stromal cells or < 2 donors
LINC01958,ENSG00000283436,lncRNA,0,3670,0.0,0,16,False,BELOW_DETECTION_THRESHOLD,Detected in < 1% of stromal cells or < 2 donors
RGPD4-AS1,ENSG00000230651,lncRNA,0,3670,0.0,0,16,False,BELOW_DETECTION_THRESHOLD,Detected in < 1% of stromal cells or < 2 donors
LINC01090,ENSG00000231689,lncRNA,0,3670,0.0,0,16,False,BELOW_DETECTION_THRESHOLD,Detected in < 1% of stromal cells or < 2 donors
CATIP-AS2,ENSG00000237281,lncRNA,0,3670,0.0,0,16,False,BELOW_DETECTION_THRESHOLD,Detected in < 1% of stromal cells or < 2 donors
LINC01935,ENSG00000224095,lncRNA,0,3670,0.0,0,16,False,BELOW_DETECTION_THRESHOLD,Detected in < 1% of stromal cells or < 2 donors
LINC01087,ENSG00000224559,lncRNA,0,3670,0.0,0,16,False,BELOW_DETECTION_THRESHOLD,Detected in < 1% of stromal cells or < 2 donors
LINC01523,ENSG00000229522,lncRNA,0,3670,0.0,0,16,False,BELOW_DETECTION_THRESHOLD,Detected in < 1% of stromal cells or < 2 donors
LINC01746,ENSG00000274469,lncRNA,0,3670,0.0,0,16,False,BELOW_DETECTION_THRESHOLD,Detected in < 1% of stromal cells or < 2 donors
LINC01427,ENSG00000225321,lncRNA,0,3670,0.0,0,16,False,BELOW_DETECTION_THRESHOLD,Detected in < 1% of stromal cells or < 2 donors
LINC01260,ENSG00000283440,lncRNA,0,3670,0.0,0,16,False,BELOW_DETECTION_THRESHOLD,Detected in < 1% of stromal cells or < 2 donors
LINC00489,ENSG00000225759,lncRNA,0,3670,0.0,0,16,False,BELOW_DETECTION_THRESHOLD,Detected in < 1% of stromal cells or < 2 donors
FBXO36-IT1,ENSG00000231534,lncRNA,0,3670,0.0,0,16,False,BELOW_DETECTION_THRESHOLD,Detected in < 1% of stromal cells or < 2 donors
SPATA3-AS1,ENSG00000238062,lncRNA,0,3670,0.0,0,16,False,BELOW_DETECTION_THRESHOLD,Detected in < 1% of stromal cells or < 2 donors
LINC01120,ENSG00000223631,lncRNA,0,3670,0.0,0,16,False,BELOW_DETECTION_THRESHOLD,Detected in < 1% of stromal cells or < 2 donors
TGFA-IT1,ENSG00000224606,lncRNA,0,3670,0.0,0,16,False,BELOW_DETECTION_THRESHOLD,Detected in < 1% of stromal cells or < 2 donors
LINC01749,ENSG00000272259,lncRNA,0,3670,0.0,0,16,False,BELOW_DETECTION_THRESHOLD,Detected in < 1% of stromal cells or < 2 donors
MIR1-1HG-AS1,ENSG00000174403,lncRNA,0,3670,0.0,0,16,False,BELOW_DETECTION_THRESHOLD,Detected in < 1% of stromal cells or < 2 donors
LINC01803,ENSG00000228909,lncRNA,0,3670,0.0,0,16,False,BELOW_DETECTION_THRESHOLD,Detected in < 1% of stromal cells or < 2 donors
DPP10-AS3,ENSG00000231538,lncRNA,0,3670,0.0,0,16,False,BELOW_DETECTION_THRESHOLD,Detected in < 1% of stromal cells or < 2 donors
GCSIR,ENSG00000232520,lncRNA,0,3670,0.0,0,16,False,BELOW_DETECTION_THRESHOLD,Detected in < 1% of stromal cells or < 2 donors
IQCA1-AS1,ENSG00000232893,lncRNA,0,3670,0.0,0,16,False,BELOW_DETECTION_THRESHOLD,Detected in < 1% of stromal cells or < 2 donors
MYT1L-AS1,ENSG00000225619,lncRNA,0,3670,0.0,0,16,False,BELOW_DETECTION_THRESHOLD,Detected in < 1% of stromal cells or < 2 donors
LINC01941,ENSG00000226813,lncRNA,0,3670,0.0,0,16,False,BELOW_DETECTION_THRESHOLD,Detected in < 1% of stromal cells or < 2 donors
NCKAP5-AS2,ENSG00000226953,lncRNA,0,3670,0.0,0,16,False,BELOW_DETECTION_THRESHOLD,Detected in < 1% of stromal cells or < 2 donors
LINC01850,ENSG00000227708,lncRNA,0,3670,0.0,0,16,False,BELOW_DETECTION_THRESHOLD,Detected in < 1% of stromal cells or < 2 donors
UPP2-IT1,ENSG00000237327,lncRNA,0,3670,0.0,0,16,False,BELOW_DETECTION_THRESHOLD,Detected in < 1% of stromal cells or < 2 donors
LINC01729,ENSG00000225640,lncRNA,0,3670,0.0,0,16,False,BELOW_DETECTION_THRESHOLD,Detected in < 1% of stromal cells or < 2 donors
LINC01742,ENSG00000275852,lncRNA,0,3670,0.0,0,16,False,BELOW_DETECTION_THRESHOLD,Detected in < 1% of stromal cells or < 2 donors
LINC01429,ENSG00000227964,lncRNA,0,3670,0.0,0,16,False,BELOW_DETECTION_THRESHOLD,Detected in < 1% of stromal cells or < 2 donors
LINC01056,ENSG00000237119,lncRNA,0,3670,0.0,0,16,False,BELOW_DETECTION_THRESHOLD,Detected in < 1% of stromal cells or < 2 donors
LINC01440,ENSG00000235166,lncRNA,0,3670,0.0,0,16,False,BELOW_DETECTION_THRESHOLD,Detected in < 1% of stromal cells or < 2 donors
XIRP2-AS1,ENSG00000254552,lncRNA,0,3670,0.0,0,16,False,BELOW_DETECTION_THRESHOLD,Detected in < 1% of stromal cells or < 2 donors
LINC01107,ENSG00000225493,lncRNA,0,3670,0.0,0,16,False,BELOW_DETECTION_THRESHOLD,Detected in < 1% of stromal cells or < 2 donors
CPS1-IT1,ENSG00000280837,lncRNA,0,3670,0.0,0,16,False,BELOW_DETECTION_THRESHOLD,Detected in < 1% of stromal cells or < 2 donors
LINC01807,ENSG00000232023,lncRNA,0,3670,0.0,0,16,False,BELOW_DETECTION_THRESHOLD,Detected in < 1% of stromal cells or < 2 donors
LINC01889,ENSG00000235491,lncRNA,0,3670,0.0,0,16,False,BELOW_DETECTION_THRESHOLD,Detected in < 1% of stromal cells or < 2 donors
LINC01870,ENSG00000223826,lncRNA,0,3670,0.0,0,16,False,BELOW_DETECTION_THRESHOLD,Detected in < 1% of stromal cells or < 2 donors
LINC01796,ENSG00000277527,lncRNA,0,3670,0.0,0,16,False,BELOW_DETECTION_THRESHOLD,Detected in < 1% of stromal cells or < 2 donors
LINC01945,ENSG00000236485,lncRNA,0,3670,0.0,0,16,False,BELOW_DETECTION_THRESHOLD,Detected in < 1% of stromal cells or < 2 donors
MIR1-1HG,ENSG00000174407,lncRNA,0,3670,0.0,0,16,False,BELOW_DETECTION_THRESHOLD,Detected in < 1% of stromal cells or < 2 donors
LINC00029,ENSG00000125514,lncRNA,0,3670,0.0,0,16,False,BELOW_DETECTION_THRESHOLD,Detected in < 1% of stromal cells or < 2 donors
BMP7-AS1,ENSG00000235032,lncRNA,0,3670,0.0,0,16,False,BELOW_DETECTION_THRESHOLD,Detected in < 1% of stromal cells or < 2 donors
LINC01747,ENSG00000230400,lncRNA,0,3670,0.0,0,16,False,BELOW_DETECTION_THRESHOLD,Detected in < 1% of stromal cells or < 2 donors
LINC01718,ENSG00000229606,lncRNA,0,3670,0.0,0,16,False,BELOW_DETECTION_THRESHOLD,Detected in < 1% of stromal cells or < 2 donors
ITCH-IT1,ENSG00000231795,lncRNA,0,3670,0.0,0,16,False,BELOW_DETECTION_THRESHOLD,Detected in < 1% of stromal cells or < 2 donors
LINC01441,ENSG00000224008,lncRNA,0,3670,0.0,0,16,False,BELOW_DETECTION_THRESHOLD,Detected in < 1% of stromal cells or < 2 donors
LINC01716,ENSG00000225657,lncRNA,0,3670,0.0,0,16,False,BELOW_DETECTION_THRESHOLD,Detected in < 1% of stromal cells or < 2 donors
LINC01878,ENSG00000234308,lncRNA,0,3670,0.0,0,16,False,BELOW_DETECTION_THRESHOLD,Detected in < 1% of stromal cells or < 2 donors
LIMS1-AS1,ENSG00000228763,lncRNA,0,3670,0.0,0,16,False,BELOW_DETECTION_THRESHOLD,Detected in < 1% of stromal cells or < 2 donors
LINC01795,ENSG00000225226,lncRNA,0,3670,0.0,0,16,False,BELOW_DETECTION_THRESHOLD,Detected in < 1% of stromal cells or < 2 donors
LINC01832,ENSG00000224231,lncRNA,0,3670,0.0,0,16,False,BELOW_DETECTION_THRESHOLD,Detected in < 1% of stromal cells or < 2 donors
LINC00237,ENSG00000225127,lncRNA,0,3670,0.0,0,16,False,BELOW_DETECTION_THRESHOLD,Detected in < 1% of stromal cells or < 2 donors
UBOX5-AS1,ENSG00000235958,lncRNA,0,3670,0.0,0,16,False,BELOW_DETECTION_THRESHOLD,Detected in < 1% of stromal cells or < 2 donors
NOL4L-DT,ENSG00000204393,lncRNA,0,3670,0.0,0,16,False,BELOW_DETECTION_THRESHOLD,Detected in < 1% of stromal cells or < 2 donors
HNF4A-AS1,ENSG00000229005,lncRNA,0,3670,0.0,0,16,False,BELOW_DETECTION_THRESHOLD,Detected in < 1% of stromal cells or < 2 donors
LINC01911,ENSG00000231040,lncRNA,0,3670,0.0,0,16,False,BELOW_DETECTION_THRESHOLD,Detected in < 1% of stromal cells or < 2 donors
NCKAP5-AS1,ENSG00000233729,lncRNA,0,3670,0.0,0,16,False,BELOW_DETECTION_THRESHOLD,Detected in < 1% of stromal cells or < 2 donors
LINC01921,ENSG00000223874,lncRNA,0,3670,0.0,0,16,False,BELOW_DETECTION_THRESHOLD,Detected in < 1% of stromal cells or < 2 donors
LINC01826,ENSG00000232740,lncRNA,0,3670,0.0,0,16,False,BELOW_DETECTION_THRESHOLD,Detected in < 1% of stromal cells or < 2 donors
LINC01789,ENSG00000229457,lncRNA,0,3670,0.0,0,16,False,BELOW_DETECTION_THRESHOLD,Detected in < 1% of stromal cells or < 2 donors
LINC01280,ENSG00000224391,lncRNA,0,3670,0.0,0,16,False,BELOW_DETECTION_THRESHOLD,Detected in < 1% of stromal cells or < 2 donors
LINC01821,ENSG00000225539,lncRNA,0,3670,0.0,0,16,False,BELOW_DETECTION_THRESHOLD,Detected in < 1% of stromal cells or < 2 donors
VWC2L-IT1,ENSG00000224257,lncRNA,0,3670,0.0,0,16,False,BELOW_DETECTION_THRESHOLD,Detected in < 1% of stromal cells or < 2 donors
LINC01628,ENSG00000232688,lncRNA,0,3670,0.0,0,16,False,BELOW_DETECTION_THRESHOLD,Detected in < 1% of stromal cells or < 2 donors
LINC01853,ENSG00000224028,lncRNA,0,3670,0.0,0,16,False,BELOW_DETECTION_THRESHOLD,Detected in < 1% of stromal cells or < 2 donors
LINC01159,ENSG00000229743,lncRNA,0,3670,0.0,0,16,False,BELOW_DETECTION_THRESHOLD,Detected in < 1% of stromal cells or < 2 donors
RAPGEF4-AS1,ENSG00000228016,lncRNA,0,3670,0.0,0,16,False,BELOW_DETECTION_THRESHOLD,Detected in < 1% of stromal cells or < 2 donors
BIRC6-AS1,ENSG00000230046,lncRNA,0,3670,0.0,0,16,False,BELOW_DETECTION_THRESHOLD,Detected in < 1% of stromal cells or < 2 donors
LINC01966,ENSG00000268580,lncRNA,0,3670,0.0,0,16,False,BELOW_DETECTION_THRESHOLD,Detected in < 1% of stromal cells or < 2 donors
LINC00686,ENSG00000237687,lncRNA,0,3670,0.0,0,16,False,BELOW_DETECTION_THRESHOLD,Detected in < 1% of stromal cells or < 2 donors
PRNT,ENSG00000180259,lncRNA,0,3670,0.0,0,16,False,BELOW_DETECTION_THRESHOLD,Detected in < 1% of stromal cells or < 2 donors
SLC12A5-AS1,ENSG00000204044,lncRNA,0,3670,0.0,0,16,False,BELOW_DETECTION_THRESHOLD,Detected in < 1% of stromal cells or < 2 donors
LAMP5-AS1,ENSG00000225988,lncRNA,0,3670,0.0,0,16,False,BELOW_DETECTION_THRESHOLD,Detected in < 1% of stromal cells or < 2 donors
LINC00851,ENSG00000237282,lncRNA,0,3670,0.0,0,16,False,BELOW_DETECTION_THRESHOLD,Detected in < 1% of stromal cells or < 2 donors
LINC01173,ENSG00000280744,lncRNA,0,3670,0.0,0,16,False,BELOW_DETECTION_THRESHOLD,Detected in < 1% of stromal cells or < 2 donors
LINC01923,ENSG00000236653,lncRNA,0,3670,0.0,0,16,False,BELOW_DETECTION_THRESHOLD,Detected in < 1% of stromal cells or < 2 donors
LINC01891,ENSG00000231682,lncRNA,0,3670,0.0,0,16,False,BELOW_DETECTION_THRESHOLD,Detected in < 1% of stromal cells or < 2 donors
LINC01790,ENSG00000230173,lncRNA,0,3670,0.0,0,16,False,BELOW_DETECTION_THRESHOLD,Detected in < 1% of stromal cells or < 2 donors
PKP4-AS1,ENSG00000204380,lncRNA,0,3670,0.0,0,16,False,BELOW_DETECTION_THRESHOLD,Detected in < 1% of stromal cells or < 2 donors
LINC01858,ENSG00000261615,lncRNA,0,3670,0.0,0,16,False,BELOW_DETECTION_THRESHOLD,Detected in < 1% of stromal cells or < 2 donors
FSIP2-AS2,ENSG00000226747,lncRNA,0,3670,0.0,0,16,False,BELOW_DETECTION_THRESHOLD,Detected in < 1% of stromal cells or < 2 donors
LINC01102,ENSG00000235597,lncRNA,0,3670,0.0,0,16,False,BELOW_DETECTION_THRESHOLD,Detected in < 1% of stromal cells or < 2 donors
GACAT1,ENSG00000232991,lncRNA,0,3670,0.0,0,16,False,BELOW_DETECTION_THRESHOLD,Detected in < 1% of stromal cells or < 2 donors
LINC01961,ENSG00000234148,lncRNA,0,3670,0.0,0,16,False,BELOW_DETECTION_THRESHOLD,Detected in < 1% of stromal cells or < 2 donors
NCKAP5-IT1,ENSG00000232474,lncRNA,0,3670,0.0,0,16,False,BELOW_DETECTION_THRESHOLD,Detected in < 1% of stromal cells or < 2 donors
LINC01114,ENSG00000234177,lncRNA,0,3670,0.0,0,16,False,BELOW_DETECTION_THRESHOLD,Detected in < 1% of stromal cells or < 2 donors
DPP10-AS2,ENSG00000235717,lncRNA,0,3670,0.0,0,16,False,BELOW_DETECTION_THRESHOLD,Detected in < 1% of stromal cells or < 2 donors
CCDC148-AS1,ENSG00000227480,lncRNA,0,3670,0.0,0,16,False,BELOW_DETECTION_THRESHOLD,Detected in < 1% of stromal cells or < 2 donors
LINC01841,ENSG00000266913,lncRNA,0,3670,0.0,0,16,False,BELOW_DETECTION_THRESHOLD,Detected in < 1% of stromal cells or < 2 donors
LINC00905,ENSG00000167459,lncRNA,0,3670,0.0,0,16,False,BELOW_DETECTION_THRESHOLD,Detected in < 1% of stromal cells or < 2 donors
LINC01855,ENSG00000267517,lncRNA,0,3670,0.0,0,16,False,BELOW_DETECTION_THRESHOLD,Detected in < 1% of stromal cells or < 2 donors
FAM138F,ENSG00000282591,lncRNA,0,3670,0.0,0,16,False,BELOW_DETECTION_THRESHOLD,Detected in < 1% of stromal cells or < 2 donors
DLX2-DT,ENSG00000236651,lncRNA,0,3670,0.0,0,16,False,BELOW_DETECTION_THRESHOLD,Detected in < 1% of stromal cells or < 2 donors
AOX3P-AOX2P,ENSG00000284084,lncRNA,0,3670,0.0,0,16,False,BELOW_DETECTION_THRESHOLD,Detected in < 1% of stromal cells or < 2 donors
LINC01953,ENSG00000236193,lncRNA,0,3670,0.0,0,16,False,BELOW_DETECTION_THRESHOLD,Detected in < 1% of stromal cells or < 2 donors
LINC01867,ENSG00000225444,lncRNA,0,3670,0.0,0,16,False,BELOW_DETECTION_THRESHOLD,Detected in < 1% of stromal cells or < 2 donors
LINC01965,ENSG00000256637,lncRNA,0,3670,0.0,0,16,False,BELOW_DETECTION_THRESHOLD,Detected in < 1% of stromal cells or < 2 donors
SIX3-AS1,ENSG00000236502,lncRNA,0,3670,0.0,0,16,False,BELOW_DETECTION_THRESHOLD,Detected in < 1% of stromal cells or < 2 donors
LINC01955,ENSG00000281477,lncRNA,0,3670,0.0,0,16,False,BELOW_DETECTION_THRESHOLD,Detected in < 1% of stromal cells or < 2 donors
LINC01593,ENSG00000231221,lncRNA,0,3670,0.0,0,16,False,BELOW_DETECTION_THRESHOLD,Detected in < 1% of stromal cells or < 2 donors
LINC01849,ENSG00000234988,lncRNA,0,3670,0.0,0,16,False,BELOW_DETECTION_THRESHOLD,Detected in < 1% of stromal cells or < 2 donors
LINC01868,ENSG00000234169,lncRNA,0,3670,0.0,0,16,False,BELOW_DETECTION_THRESHOLD,Detected in < 1% of stromal cells or < 2 donors
LINC02579,ENSG00000233694,lncRNA,0,3670,0.0,0,16,False,BELOW_DETECTION_THRESHOLD,Detected in < 1% of stromal cells or < 2 donors
LINC01831,ENSG00000225765,lncRNA,0,3670,0.0,0,16,False,BELOW_DETECTION_THRESHOLD,Detected in < 1% of stromal cells or < 2 donors
LINC01834,ENSG00000261316,lncRNA,0,3670,0.0,0,16,False,BELOW_DETECTION_THRESHOLD,Detected in < 1% of stromal cells or < 2 donors
LINC01533,ENSG00000267779,lncRNA,0,3670,0.0,0,16,False,BELOW_DETECTION_THRESHOLD,Detected in < 1% of stromal cells or < 2 donors
LINC01785,ENSG00000268038,lncRNA,0,3670,0.0,0,16,False,BELOW_DETECTION_THRESHOLD,Detected in < 1% of stromal cells or < 2 donors
LINC02841,ENSG00000267407,lncRNA,0,3670,0.0,0,16,False,BELOW_DETECTION_THRESHOLD,Detected in < 1% of stromal cells or < 2 donors
LINC00661,ENSG00000205396,lncRNA,0,3670,0.0,0,16,False,BELOW_DETECTION_THRESHOLD,Detected in < 1% of stromal cells or < 2 donors
ERVK-28,ENSG00000267696,lncRNA,0,3670,0.0,0,16,False,BELOW_DETECTION_THRESHOLD,Detected in < 1% of stromal cells or < 2 donors
LINC01859,ENSG00000261558,lncRNA,0,3670,0.0,0,16,False,BELOW_DETECTION_THRESHOLD,Detected in < 1% of stromal cells or < 2 donors
LINC01866,ENSG00000237670,lncRNA,0,3670,0.0,0,16,False,BELOW_DETECTION_THRESHOLD,Detected in < 1% of stromal cells or < 2 donors
LINC01822,ENSG00000229621,lncRNA,0,3670,0.0,0,16,False,BELOW_DETECTION_THRESHOLD,Detected in < 1% of stromal cells or < 2 donors
LINC01946,ENSG00000223647,lncRNA,0,3670,0.0,0,16,False,BELOW_DETECTION_THRESHOLD,Detected in < 1% of stromal cells or < 2 donors
LINC02590,ENSG00000233978,lncRNA,0,3670,0.0,0,16,False,BELOW_DETECTION_THRESHOLD,Detected in < 1% of stromal cells or < 2 donors
LINC01824,ENSG00000226488,lncRNA,0,3670,0.0,0,16,False,BELOW_DETECTION_THRESHOLD,Detected in < 1% of stromal cells or < 2 donors
LINC01595,ENSG00000259108,lncRNA,0,3670,0.0,0,16,False,BELOW_DETECTION_THRESHOLD,Detected in < 1% of stromal cells or < 2 donors
ZNF114-AS1,ENSG00000268186,lncRNA,0,3670,0.0,0,16,False,BELOW_DETECTION_THRESHOLD,Detected in < 1% of stromal cells or < 2 donors
LINC01143,ENSG00000237751,lncRNA,0,3670,0.0,0,16,False,BELOW_DETECTION_THRESHOLD,Detected in < 1% of stromal cells or < 2 donors
ATP6V1B1-AS1,ENSG00000239322,lncRNA,0,3670,0.0,0,16,False,BELOW_DETECTION_THRESHOLD,Detected in < 1% of stromal cells or < 2 donors
LINC01809,ENSG00000232548,lncRNA,0,3670,0.0,0,16,False,BELOW_DETECTION_THRESHOLD,Detected in < 1% of stromal cells or < 2 donors
LINC01815,ENSG00000235519,lncRNA,0,3670,0.0,0,16,False,BELOW_DETECTION_THRESHOLD,Detected in < 1% of stromal cells or < 2 donors
PANTR1,ENSG00000233639,lncRNA,0,3670,0.0,0,16,False,BELOW_DETECTION_THRESHOLD,Detected in < 1% of stromal cells or < 2 donors
LINC01800,ENSG00000234572,lncRNA,0,3670,0.0,0,16,False,BELOW_DETECTION_THRESHOLD,Detected in < 1% of stromal cells or < 2 donors
LINC01851,ENSG00000233605,lncRNA,0,3670,0.0,0,16,False,BELOW_DETECTION_THRESHOLD,Detected in < 1% of stromal cells or < 2 donors
LINC01813,ENSG00000229805,lncRNA,0,3670,0.0,0,16,False,BELOW_DETECTION_THRESHOLD,Detected in < 1% of stromal cells or < 2 donors
LINC01103,ENSG00000234781,lncRNA,0,3670,0.0,0,16,False,BELOW_DETECTION_THRESHOLD,Detected in < 1% of stromal cells or < 2 donors
LINC02850,ENSG00000236436,lncRNA,0,3670,0.0,0,16,False,BELOW_DETECTION_THRESHOLD,Detected in < 1% of stromal cells or < 2 donors
LINC01249,ENSG00000231532,lncRNA,0,3670,0.0,0,16,False,BELOW_DETECTION_THRESHOLD,Detected in < 1% of stromal cells or < 2 donors
EIPR1-IT1,ENSG00000224885,lncRNA,0,3670,0.0,0,16,False,BELOW_DETECTION_THRESHOLD,Detected in < 1% of stromal cells or < 2 donors
LINC01874,ENSG00000223985,lncRNA,0,3670,0.0,0,16,False,BELOW_DETECTION_THRESHOLD,Detected in < 1% of stromal cells or < 2 donors
LINC01782,ENSG00000267204,lncRNA,0,3670,0.0,0,16,False,BELOW_DETECTION_THRESHOLD,Detected in < 1% of stromal cells or < 2 donors
LILRB1-AS1,ENSG00000224730,lncRNA,0,3670,0.0,0,16,False,BELOW_DETECTION_THRESHOLD,Detected in < 1% of stromal cells or < 2 donors
LINC01837,ENSG00000267489,lncRNA,0,3670,0.0,0,16,False,BELOW_DETECTION_THRESHOLD,Detected in < 1% of stromal cells or < 2 donors
LINC01872,ENSG00000268318,lncRNA,0,3670,0.0,0,16,False,BELOW_DETECTION_THRESHOLD,Detected in < 1% of stromal cells or < 2 donors
PLA2G4C-AS1,ENSG00000269420,lncRNA,0,3670,0.0,0,16,False,BELOW_DETECTION_THRESHOLD,Detected in < 1% of stromal cells or < 2 donors
ZIM2-AS1,ENSG00000269793,lncRNA,0,3670,0.0,0,16,False,BELOW_DETECTION_THRESHOLD,Detected in < 1% of stromal cells or < 2 donors
LINC01766,ENSG00000224910,lncRNA,0,3670,0.0,0,16,False,BELOW_DETECTION_THRESHOLD,Detected in < 1% of stromal cells or < 2 donors
RMDN2-AS1,ENSG00000235848,lncRNA,0,3670,0.0,0,16,False,BELOW_DETECTION_THRESHOLD,Detected in < 1% of stromal cells or < 2 donors
AGBL5-IT1,ENSG00000229122,lncRNA,0,3670,0.0,0,16,False,BELOW_DETECTION_THRESHOLD,Detected in < 1% of stromal cells or < 2 donors
LINC01318,ENSG00000237790,lncRNA,0,3670,0.0,0,16,False,BELOW_DETECTION_THRESHOLD,Detected in < 1% of stromal cells or < 2 donors
LINC01884,ENSG00000233587,lncRNA,0,3670,0.0,0,16,False,BELOW_DETECTION_THRESHOLD,Detected in < 1% of stromal cells or < 2 donors
LINC01794,ENSG00000233128,lncRNA,0,3670,0.0,0,16,False,BELOW_DETECTION_THRESHOLD,Detected in < 1% of stromal cells or < 2 donors
FAM138A,ENSG00000237613,lncRNA,0,3670,0.0,0,16,False,BELOW_DETECTION_THRESHOLD,Detected in < 1% of stromal cells or < 2 donors
MIR1302-2HG,ENSG00000243485,lncRNA,0,3670,0.0,0,16,False,BELOW_DETECTION_THRESHOLD,Detected in < 1% of stromal cells or < 2 donors
LINC00298,ENSG00000235665,lncRNA,0,3670,0.0,0,16,False,BELOW_DETECTION_THRESHOLD,Detected in < 1% of stromal cells or < 2 donors
LINC01248,ENSG00000224128,lncRNA,0,3670,0.0,0,16,False,BELOW_DETECTION_THRESHOLD,Detected in < 1% of stromal cells or < 2 donors
LINC01247,ENSG00000227007,lncRNA,0,3670,0.0,0,16,False,BELOW_DETECTION_THRESHOLD,Detected in < 1% of stromal cells or < 2 donors
LINC01939,ENSG00000228799,lncRNA,0,3670,0.0,0,16,False,BELOW_DETECTION_THRESHOLD,Detected in < 1% of stromal cells or < 2 donors
MIR7515HG,ENSG00000236172,lncRNA,0,3670,0.0,0,16,False,BELOW_DETECTION_THRESHOLD,Detected in < 1% of stromal cells or < 2 donors
LINC01875,ENSG00000225942,lncRNA,0,3670,0.0,0,16,False,BELOW_DETECTION_THRESHOLD,Detected in < 1% of stromal cells or < 2 donors
LINC01865,ENSG00000233684,lncRNA,0,3670,0.0,0,16,False,BELOW_DETECTION_THRESHOLD,Detected in < 1% of stromal cells or < 2 donors
LINC01838,ENSG00000269037,lncRNA,0,3670,0.0,0,16,False,BELOW_DETECTION_THRESHOLD,Detected in < 1% of stromal cells or < 2 donors
NUCB1-AS1,ENSG00000235191,lncRNA,0,3670,0.0,0,16,False,BELOW_DETECTION_THRESHOLD,Detected in < 1% of stromal cells or < 2 donors
NOP53-AS1,ENSG00000269656,lncRNA,0,3670,0.0,0,16,False,BELOW_DETECTION_THRESHOLD,Detected in < 1% of stromal cells or < 2 donors
BICRA-AS1,ENSG00000269806,lncRNA,0,3670,0.0,0,16,False,BELOW_DETECTION_THRESHOLD,Detected in < 1% of stromal cells or < 2 donors
LINC01791,ENSG00000267777,lncRNA,0,3670,0.0,0,16,False,BELOW_DETECTION_THRESHOLD,Detected in < 1% of stromal cells or < 2 donors
GACAT3,ENSG00000236289,lncRNA,0,3670,0.0,0,16,False,BELOW_DETECTION_THRESHOLD,Detected in < 1% of stromal cells or < 2 donors
LINC01810,ENSG00000237266,lncRNA,0,3670,0.0,0,16,False,BELOW_DETECTION_THRESHOLD,Detected in < 1% of stromal cells or < 2 donors
TTTY12,ENSG00000237048,lncRNA,0,3670,0.0,0,16,False,BELOW_DETECTION_THRESHOLD,Detected in < 1% of stromal cells or < 2 donors
EFCAB14-AS1,ENSG00000228237,lncRNA,0,3670,0.0,0,16,False,BELOW_DETECTION_THRESHOLD,Detected in < 1% of stromal cells or < 2 donors
UBE2Q1-AS1,ENSG00000229780,lncRNA,0,3670,0.0,0,16,False,BELOW_DETECTION_THRESHOLD,Detected in < 1% of stromal cells or < 2 donors
LINC01737,ENSG00000232964,lncRNA,0,3670,0.0,0,16,False,BELOW_DETECTION_THRESHOLD,Detected in < 1% of stromal cells or < 2 donors
LINC02784,ENSG00000235741,lncRNA,0,3670,0.0,0,16,False,BELOW_DETECTION_THRESHOLD,Detected in < 1% of stromal cells or < 2 donors
LINC01864,ENSG00000267522,lncRNA,0,3670,0.0,0,16,False,BELOW_DETECTION_THRESHOLD,Detected in < 1% of stromal cells or < 2 donors
LINC01775,ENSG00000267201,lncRNA,0,3670,0.0,0,16,False,BELOW_DETECTION_THRESHOLD,Detected in < 1% of stromal cells or < 2 donors
PTOV1-AS2,ENSG00000269352,lncRNA,0,3670,0.0,0,16,False,BELOW_DETECTION_THRESHOLD,Detected in < 1% of stromal cells or < 2 donors
FARSA-AS1,ENSG00000266975,lncRNA,0,3670,0.0,0,16,False,BELOW_DETECTION_THRESHOLD,Detected in < 1% of stromal cells or < 2 donors
HPN-AS1,ENSG00000227392,lncRNA,0,3670,0.0,0,16,False,BELOW_DETECTION_THRESHOLD,Detected in < 1% of stromal cells or < 2 donors
ZNF30-AS1,ENSG00000270876,lncRNA,0,3670,0.0,0,16,False,BELOW_DETECTION_THRESHOLD,Detected in < 1% of stromal cells or < 2 donors
LINC01779,ENSG00000235933,lncRNA,0,3670,0.0,0,16,False,BELOW_DETECTION_THRESHOLD,Detected in < 1% of stromal cells or < 2 donors
MTOR-AS1,ENSG00000225602,lncRNA,0,3670,0.0,0,16,False,BELOW_DETECTION_THRESHOLD,Detected in < 1% of stromal cells or < 2 donors
ERICH3-AS1,ENSG00000234497,lncRNA,0,3670,0.0,0,16,False,BELOW_DETECTION_THRESHOLD,Detected in < 1% of stromal cells or < 2 donors
LINC02765,ENSG00000234476,lncRNA,0,3670,0.0,0,16,False,BELOW_DETECTION_THRESHOLD,Detected in < 1% of stromal cells or < 2 donors
LINC01788,ENSG00000229051,lncRNA,0,3670,0.0,0,16,False,BELOW_DETECTION_THRESHOLD,Detected in < 1% of stromal cells or < 2 donors
FAM197Y7,ENSG00000228383,lncRNA,0,3670,0.0,0,16,False,BELOW_DETECTION_THRESHOLD,Detected in < 1% of stromal cells or < 2 donors
TTTY18,ENSG00000233699,lncRNA,0,3670,0.0,0,16,False,BELOW_DETECTION_THRESHOLD,Detected in < 1% of stromal cells or < 2 donors
TTTY20,ENSG00000232808,lncRNA,0,3670,0.0,0,16,False,BELOW_DETECTION_THRESHOLD,Detected in < 1% of stromal cells or < 2 donors
TTTY2,ENSG00000212855,lncRNA,0,3670,0.0,0,16,False,BELOW_DETECTION_THRESHOLD,Detected in < 1% of stromal cells or < 2 donors
TTTY8B,ENSG00000185700,lncRNA,0,3670,0.0,0,16,False,BELOW_DETECTION_THRESHOLD,Detected in < 1% of stromal cells or < 2 donors
TTTY1B,ENSG00000129816,lncRNA,0,3670,0.0,0,16,False,BELOW_DETECTION_THRESHOLD,Detected in < 1% of stromal cells or < 2 donors
CSPG4P2Y,ENSG00000244231,lncRNA,0,3670,0.0,0,16,False,BELOW_DETECTION_THRESHOLD,Detected in < 1% of stromal cells or < 2 donors
FAM197Y6,ENSG00000237802,lncRNA,0,3670,0.0,0,16,False,BELOW_DETECTION_THRESHOLD,Detected in < 1% of stromal cells or < 2 donors
TTTY21,ENSG00000228890,lncRNA,0,3670,0.0,0,16,False,BELOW_DETECTION_THRESHOLD,Detected in < 1% of stromal cells or < 2 donors
TTTY2B,ENSG00000212856,lncRNA,0,3670,0.0,0,16,False,BELOW_DETECTION_THRESHOLD,Detected in < 1% of stromal cells or < 2 donors
TTTY3B,ENSG00000280961,lncRNA,0,3670,0.0,0,16,False,BELOW_DETECTION_THRESHOLD,Detected in < 1% of stromal cells or < 2 donors
TTTY7,ENSG00000147753,lncRNA,0,3670,0.0,0,16,False,BELOW_DETECTION_THRESHOLD,Detected in < 1% of stromal cells or < 2 donors
TTTY23,ENSG00000239225,lncRNA,0,3670,0.0,0,16,False,BELOW_DETECTION_THRESHOLD,Detected in < 1% of stromal cells or < 2 donors
CSPG4P1Y,ENSG00000240450,lncRNA,0,3670,0.0,0,16,False,BELOW_DETECTION_THRESHOLD,Detected in < 1% of stromal cells or < 2 donors
TTTY6,ENSG00000131538,lncRNA,0,3670,0.0,0,16,False,BELOW_DETECTION_THRESHOLD,Detected in < 1% of stromal cells or < 2 donors
TTTY7B,ENSG00000147761,lncRNA,0,3670,0.0,0,16,False,BELOW_DETECTION_THRESHOLD,Detected in < 1% of stromal cells or < 2 donors
TTTY4B,ENSG00000235412,lncRNA,0,3670,0.0,0,16,False,BELOW_DETECTION_THRESHOLD,Detected in < 1% of stromal cells or < 2 donors
TTTY6B,ENSG00000131548,lncRNA,0,3670,0.0,0,16,False,BELOW_DETECTION_THRESHOLD,Detected in < 1% of stromal cells or < 2 donors
SNAP47-AS1,ENSG00000230005,lncRNA,0,3670,0.0,0,16,False,BELOW_DETECTION_THRESHOLD,Detected in < 1% of stromal cells or < 2 donors
CSMD2-AS1,ENSG00000231163,lncRNA,0,3670,0.0,0,16,False,BELOW_DETECTION_THRESHOLD,Detected in < 1% of stromal cells or < 2 donors
LINC01757,ENSG00000228105,lncRNA,0,3670,0.0,0,16,False,BELOW_DETECTION_THRESHOLD,Detected in < 1% of stromal cells or < 2 donors
KCND3-AS1,ENSG00000237556,lncRNA,0,3670,0.0,0,16,False,BELOW_DETECTION_THRESHOLD,Detected in < 1% of stromal cells or < 2 donors
KCND3-IT1,ENSG00000232558,lncRNA,0,3670,0.0,0,16,False,BELOW_DETECTION_THRESHOLD,Detected in < 1% of stromal cells or < 2 donors
FAM41AY1,ENSG00000224989,lncRNA,0,3670,0.0,0,16,False,BELOW_DETECTION_THRESHOLD,Detected in < 1% of stromal cells or < 2 donors
TTTY17A,ENSG00000228240,lncRNA,0,3670,0.0,0,16,False,BELOW_DETECTION_THRESHOLD,Detected in < 1% of stromal cells or < 2 donors
TTTY22,ENSG00000224075,lncRNA,0,3670,0.0,0,16,False,BELOW_DETECTION_THRESHOLD,Detected in < 1% of stromal cells or < 2 donors
TTTY4,ENSG00000226906,lncRNA,0,3670,0.0,0,16,False,BELOW_DETECTION_THRESHOLD,Detected in < 1% of stromal cells or < 2 donors
TTTY19,ENSG00000232419,lncRNA,0,3670,0.0,0,16,False,BELOW_DETECTION_THRESHOLD,Detected in < 1% of stromal cells or < 2 donors
TTTY8,ENSG00000183385,lncRNA,0,3670,0.0,0,16,False,BELOW_DETECTION_THRESHOLD,Detected in < 1% of stromal cells or < 2 donors
TTTY1,ENSG00000129845,lncRNA,0,3670,0.0,0,16,False,BELOW_DETECTION_THRESHOLD,Detected in < 1% of stromal cells or < 2 donors
FAM224B,ENSG00000230663,lncRNA,0,3670,0.0,0,16,False,BELOW_DETECTION_THRESHOLD,Detected in < 1% of stromal cells or < 2 donors
PRORY,ENSG00000183146,lncRNA,0,3670,0.0,0,16,False,BELOW_DETECTION_THRESHOLD,Detected in < 1% of stromal cells or < 2 donors
CHRM3-AS1,ENSG00000234601,lncRNA,0,3670,0.0,0,16,False,BELOW_DETECTION_THRESHOLD,Detected in < 1% of stromal cells or < 2 donors
LINC02774,ENSG00000226828,lncRNA,0,3670,0.0,0,16,False,BELOW_DETECTION_THRESHOLD,Detected in < 1% of stromal cells or < 2 donors
LINC01352,ENSG00000238078,lncRNA,0,3670,0.0,0,16,False,BELOW_DETECTION_THRESHOLD,Detected in < 1% of stromal cells or < 2 donors
LINC01770,ENSG00000225285,lncRNA,0,3670,0.0,0,16,False,BELOW_DETECTION_THRESHOLD,Detected in < 1% of stromal cells or < 2 donors
TTTY4C,ENSG00000228296,lncRNA,0,3670,0.0,0,16,False,BELOW_DETECTION_THRESHOLD,Detected in < 1% of stromal cells or < 2 donors
TTTY9B,ENSG00000131007,lncRNA,0,3670,0.0,0,16,False,BELOW_DETECTION_THRESHOLD,Detected in < 1% of stromal cells or < 2 donors
FAM41AY2,ENSG00000226362,lncRNA,0,3670,0.0,0,16,False,BELOW_DETECTION_THRESHOLD,Detected in < 1% of stromal cells or < 2 donors
FAM224A,ENSG00000233522,lncRNA,0,3670,0.0,0,16,False,BELOW_DETECTION_THRESHOLD,Detected in < 1% of stromal cells or < 2 donors
TTTY17B,ENSG00000227439,lncRNA,0,3670,0.0,0,16,False,BELOW_DETECTION_THRESHOLD,Detected in < 1% of stromal cells or < 2 donors
TTTY13,ENSG00000184991,lncRNA,0,3670,0.0,0,16,False,BELOW_DETECTION_THRESHOLD,Detected in < 1% of stromal cells or < 2 donors
TTTY5,ENSG00000215560,lncRNA,0,3670,0.0,0,16,False,BELOW_DETECTION_THRESHOLD,Detected in < 1% of stromal cells or < 2 donors
TTTY21B,ENSG00000237563,lncRNA,0,3670,0.0,0,16,False,BELOW_DETECTION_THRESHOLD,Detected in < 1% of stromal cells or < 2 donors
NLGN4Y-AS1,ENSG00000228787,lncRNA,0,3670,0.0,0,16,False,BELOW_DETECTION_THRESHOLD,Detected in < 1% of stromal cells or < 2 donors
TTTY3,ENSG00000231141,lncRNA,0,3670,0.0,0,16,False,BELOW_DETECTION_THRESHOLD,Detected in < 1% of stromal cells or < 2 donors
TTTY17C,ENSG00000223641,lncRNA,0,3670,0.0,0,16,False,BELOW_DETECTION_THRESHOLD,Detected in < 1% of stromal cells or < 2 donors
LINC00280,ENSG00000229643,lncRNA,0,3670,0.0,0,16,False,BELOW_DETECTION_THRESHOLD,Detected in < 1% of stromal cells or < 2 donors
LINC01702,ENSG00000235200,lncRNA,0,3670,0.0,0,16,False,BELOW_DETECTION_THRESHOLD,Detected in < 1% of stromal cells or < 2 donors
LINC01758,ENSG00000229639,lncRNA,0,3670,0.0,0,16,False,BELOW_DETECTION_THRESHOLD,Detected in < 1% of stromal cells or < 2 donors
LINC01350,ENSG00000228309,lncRNA,0,3670,0.0,0,16,False,BELOW_DETECTION_THRESHOLD,Detected in < 1% of stromal cells or < 2 donors
LINC01677,ENSG00000233047,lncRNA,0,3670,0.0,0,16,False,BELOW_DETECTION_THRESHOLD,Detected in < 1% of stromal cells or < 2 donors
FAM230I,ENSG00000178248,lncRNA,0,3670,0.0,0,16,False,BELOW_DETECTION_THRESHOLD,Detected in < 1% of stromal cells or < 2 donors
FAM230B,ENSG00000215498,lncRNA,0,3670,0.0,0,16,False,BELOW_DETECTION_THRESHOLD,Detected in < 1% of stromal cells or < 2 donors
PCAT14,ENSG00000280623,lncRNA,0,3670,0.0,0,16,False,BELOW_DETECTION_THRESHOLD,Detected in < 1% of stromal cells or < 2 donors
FAM230H,ENSG00000206142,lncRNA,0,3670,0.0,0,16,False,BELOW_DETECTION_THRESHOLD,Detected in < 1% of stromal cells or < 2 donors
FAM230A,ENSG00000277870,lncRNA,0,3670,0.0,0,16,False,BELOW_DETECTION_THRESHOLD,Detected in < 1% of stromal cells or < 2 donors
FAM230G,ENSG00000188280,lncRNA,0,3670,0.0,0,16,False,BELOW_DETECTION_THRESHOLD,Detected in < 1% of stromal cells or < 2 donors
LINC01665,ENSG00000235343,lncRNA,0,3670,0.0,0,16,False,BELOW_DETECTION_THRESHOLD,Detected in < 1% of stromal cells or < 2 donors
ANKRD62P1-PARP4P3,ENSG00000189295,lncRNA,0,3670,0.0,0,16,False,BELOW_DETECTION_THRESHOLD,Detected in < 1% of stromal cells or < 2 donors
ZFY-AS1,ENSG00000233070,lncRNA,0,3670,0.0,0,16,False,BELOW_DETECTION_THRESHOLD,Detected in < 1% of stromal cells or < 2 donors
ZBTB40-IT1,ENSG00000237200,lncRNA,0,3670,0.0,0,16,False,BELOW_DETECTION_THRESHOLD,Detected in < 1% of stromal cells or < 2 donors
LINC01745,ENSG00000225919,lncRNA,0,3670,0.0,0,16,False,BELOW_DETECTION_THRESHOLD,Detected in < 1% of stromal cells or < 2 donors
LINC01389,ENSG00000225762,lncRNA,0,3670,0.0,0,16,False,BELOW_DETECTION_THRESHOLD,Detected in < 1% of stromal cells or < 2 donors
LINC01774,ENSG00000236950,lncRNA,0,3670,0.0,0,16,False,BELOW_DETECTION_THRESHOLD,Detected in < 1% of stromal cells or < 2 donors
LINC00970,ENSG00000203601,lncRNA,0,3670,0.0,0,16,False,BELOW_DETECTION_THRESHOLD,Detected in < 1% of stromal cells or < 2 donors
RCC2-AS1,ENSG00000227751,lncRNA,0,3670,0.0,0,16,False,BELOW_DETECTION_THRESHOLD,Detected in < 1% of stromal cells or < 2 donors
LINC01743,ENSG00000242042,lncRNA,0,3670,0.0,0,16,False,BELOW_DETECTION_THRESHOLD,Detected in < 1% of stromal cells or < 2 donors
LINC01717,ENSG00000232812,lncRNA,0,3670,0.0,0,16,False,BELOW_DETECTION_THRESHOLD,Detected in < 1% of stromal cells or < 2 donors
LINC02789,ENSG00000231718,lncRNA,0,3670,0.0,0,16,False,BELOW_DETECTION_THRESHOLD,Detected in < 1% of stromal cells or < 2 donors
LINC00229,ENSG00000234300,lncRNA,0,3670,0.0,0,16,False,BELOW_DETECTION_THRESHOLD,Detected in < 1% of stromal cells or < 2 donors
LINC01643,ENSG00000236052,lncRNA,0,3670,0.0,0,16,False,BELOW_DETECTION_THRESHOLD,Detected in < 1% of stromal cells or < 2 donors
NCF4-AS1,ENSG00000183822,lncRNA,0,3670,0.0,0,16,False,BELOW_DETECTION_THRESHOLD,Detected in < 1% of stromal cells or < 2 donors
LINC02559,ENSG00000236464,lncRNA,0,3670,0.0,0,16,False,BELOW_DETECTION_THRESHOLD,Detected in < 1% of stromal cells or < 2 donors
HORMAD2-AS1,ENSG00000227117,lncRNA,0,3670,0.0,0,16,False,BELOW_DETECTION_THRESHOLD,Detected in < 1% of stromal cells or < 2 donors
LINC02557,ENSG00000225413,lncRNA,0,3670,0.0,0,16,False,BELOW_DETECTION_THRESHOLD,Detected in < 1% of stromal cells or < 2 donors
LINC02786,ENSG00000284623,lncRNA,0,3670,0.0,0,16,False,BELOW_DETECTION_THRESHOLD,Detected in < 1% of stromal cells or < 2 donors
LINC00272,ENSG00000203729,lncRNA,0,3670,0.0,0,16,False,BELOW_DETECTION_THRESHOLD,Detected in < 1% of stromal cells or < 2 donors
LINC01682,ENSG00000227043,lncRNA,0,3670,0.0,0,16,False,BELOW_DETECTION_THRESHOLD,Detected in < 1% of stromal cells or < 2 donors
LINC01691,ENSG00000224857,lncRNA,0,3670,0.0,0,16,False,BELOW_DETECTION_THRESHOLD,Detected in < 1% of stromal cells or < 2 donors
LINC00538,ENSG00000281664,lncRNA,0,3670,0.0,0,16,False,BELOW_DETECTION_THRESHOLD,Detected in < 1% of stromal cells or < 2 donors
LINC01741,ENSG00000236720,lncRNA,0,3670,0.0,0,16,False,BELOW_DETECTION_THRESHOLD,Detected in < 1% of stromal cells or < 2 donors
SMYD3-IT1,ENSG00000230184,lncRNA,0,3670,0.0,0,16,False,BELOW_DETECTION_THRESHOLD,Detected in < 1% of stromal cells or < 2 donors
KCNH1-IT1,ENSG00000234233,lncRNA,0,3670,0.0,0,16,False,BELOW_DETECTION_THRESHOLD,Detected in < 1% of stromal cells or < 2 donors
LINC01346,ENSG00000233304,lncRNA,0,3670,0.0,0,16,False,BELOW_DETECTION_THRESHOLD,Detected in < 1% of stromal cells or < 2 donors
LINC02769,ENSG00000259815,lncRNA,0,3670,0.0,0,16,False,BELOW_DETECTION_THRESHOLD,Detected in < 1% of stromal cells or < 2 donors
LINC01710,ENSG00000225561,lncRNA,0,3670,0.0,0,16,False,BELOW_DETECTION_THRESHOLD,Detected in < 1% of stromal cells or < 2 donors
LINC01735,ENSG00000261453,lncRNA,0,3670,0.0,0,16,False,BELOW_DETECTION_THRESHOLD,Detected in < 1% of stromal cells or < 2 donors
LINC01659,ENSG00000234928,lncRNA,0,3670,0.0,0,16,False,BELOW_DETECTION_THRESHOLD,Detected in < 1% of stromal cells or < 2 donors
LINC00207,ENSG00000187012,lncRNA,0,3670,0.0,0,16,False,BELOW_DETECTION_THRESHOLD,Detected in < 1% of stromal cells or < 2 donors
LINC01310,ENSG00000205632,lncRNA,0,3670,0.0,0,16,False,BELOW_DETECTION_THRESHOLD,Detected in < 1% of stromal cells or < 2 donors
LINC00898,ENSG00000205634,lncRNA,0,3670,0.0,0,16,False,BELOW_DETECTION_THRESHOLD,Detected in < 1% of stromal cells or < 2 donors
LINC01651,ENSG00000279920,lncRNA,0,3670,0.0,0,16,False,BELOW_DETECTION_THRESHOLD,Detected in < 1% of stromal cells or < 2 donors
LINC01639,ENSG00000236117,lncRNA,0,3670,0.0,0,16,False,BELOW_DETECTION_THRESHOLD,Detected in < 1% of stromal cells or < 2 donors
LYST-AS1,ENSG00000229463,lncRNA,0,3670,0.0,0,16,False,BELOW_DETECTION_THRESHOLD,Detected in < 1% of stromal cells or < 2 donors
LINC01699,ENSG00000179452,lncRNA,0,3670,0.0,0,16,False,BELOW_DETECTION_THRESHOLD,Detected in < 1% of stromal cells or < 2 donors
LINC01760,ENSG00000228504,lncRNA,0,3670,0.0,0,16,False,BELOW_DETECTION_THRESHOLD,Detected in < 1% of stromal cells or < 2 donors
LINC01653,ENSG00000232100,lncRNA,0,3670,0.0,0,16,False,BELOW_DETECTION_THRESHOLD,Detected in < 1% of stromal cells or < 2 donors
LINC00210,ENSG00000231814,lncRNA,0,3670,0.0,0,16,False,BELOW_DETECTION_THRESHOLD,Detected in < 1% of stromal cells or < 2 donors
LINC01035,ENSG00000226486,lncRNA,0,3670,0.0,0,16,False,BELOW_DETECTION_THRESHOLD,Detected in < 1% of stromal cells or < 2 donors
LINC01221,ENSG00000235492,lncRNA,0,3670,0.0,0,16,False,BELOW_DETECTION_THRESHOLD,Detected in < 1% of stromal cells or < 2 donors
LINC01222,ENSG00000233410,lncRNA,0,3670,0.0,0,16,False,BELOW_DETECTION_THRESHOLD,Detected in < 1% of stromal cells or < 2 donors
LINC02815,ENSG00000282111,lncRNA,0,3670,0.0,0,16,False,BELOW_DETECTION_THRESHOLD,Detected in < 1% of stromal cells or < 2 donors
LINC01675,ENSG00000234142,lncRNA,0,3670,0.0,0,16,False,BELOW_DETECTION_THRESHOLD,Detected in < 1% of stromal cells or < 2 donors
LINC01142,ENSG00000224286,lncRNA,0,3670,0.0,0,16,False,BELOW_DETECTION_THRESHOLD,Detected in < 1% of stromal cells or < 2 donors
FAM230F,ENSG00000276095,lncRNA,0,3670,0.0,0,16,False,BELOW_DETECTION_THRESHOLD,Detected in < 1% of stromal cells or < 2 donors
FAM230E,ENSG00000182824,lncRNA,0,3670,0.0,0,16,False,BELOW_DETECTION_THRESHOLD,Detected in < 1% of stromal cells or < 2 donors
SLC5A4-AS1,ENSG00000242082,lncRNA,0,3670,0.0,0,16,False,BELOW_DETECTION_THRESHOLD,Detected in < 1% of stromal cells or < 2 donors
LINC01656,ENSG00000232655,lncRNA,0,3670,0.0,0,16,False,BELOW_DETECTION_THRESHOLD,Detected in < 1% of stromal cells or < 2 donors
EFCAB6-AS1,ENSG00000223843,lncRNA,0,3670,0.0,0,16,False,BELOW_DETECTION_THRESHOLD,Detected in < 1% of stromal cells or < 2 donors
LINC00626,ENSG00000225826,lncRNA,0,3670,0.0,0,16,False,BELOW_DETECTION_THRESHOLD,Detected in < 1% of stromal cells or < 2 donors
TGFB2-OT1,ENSG00000281453,lncRNA,0,3670,0.0,0,16,False,BELOW_DETECTION_THRESHOLD,Detected in < 1% of stromal cells or < 2 donors
CHODL-AS1,ENSG00000231755,lncRNA,0,3670,0.0,0,16,False,BELOW_DETECTION_THRESHOLD,Detected in < 1% of stromal cells or < 2 donors
MIR548XHG,ENSG00000224141,lncRNA,0,3670,0.0,0,16,False,BELOW_DETECTION_THRESHOLD,Detected in < 1% of stromal cells or < 2 donors
C21orf91-OT1,ENSG00000240770,lncRNA,0,3670,0.0,0,16,False,BELOW_DETECTION_THRESHOLD,Detected in < 1% of stromal cells or < 2 donors
FAM230D,ENSG00000187979,lncRNA,0,3670,0.0,0,16,False,BELOW_DETECTION_THRESHOLD,Detected in < 1% of stromal cells or < 2 donors
LARGE-IT1,ENSG00000232081,lncRNA,0,3670,0.0,0,16,False,BELOW_DETECTION_THRESHOLD,Detected in < 1% of stromal cells or < 2 donors
MGAT3-AS1,ENSG00000227188,lncRNA,0,3670,0.0,0,16,False,BELOW_DETECTION_THRESHOLD,Detected in < 1% of stromal cells or < 2 donors
APOBEC3B-AS1,ENSG00000249310,lncRNA,0,3670,0.0,0,16,False,BELOW_DETECTION_THRESHOLD,Detected in < 1% of stromal cells or < 2 donors
LINC01641,ENSG00000234277,lncRNA,0,3670,0.0,0,16,False,BELOW_DETECTION_THRESHOLD,Detected in < 1% of stromal cells or < 2 donors
LINC02775,ENSG00000283518,lncRNA,0,3670,0.0,0,16,False,BELOW_DETECTION_THRESHOLD,Detected in < 1% of stromal cells or < 2 donors
LINC02770,ENSG00000228215,lncRNA,0,3670,0.0,0,16,False,BELOW_DETECTION_THRESHOLD,Detected in < 1% of stromal cells or < 2 donors
LINC02818,ENSG00000231966,lncRNA,0,3670,0.0,0,16,False,BELOW_DETECTION_THRESHOLD,Detected in < 1% of stromal cells or < 2 donors
SPATA17-AS1,ENSG00000234070,lncRNA,0,3670,0.0,0,16,False,BELOW_DETECTION_THRESHOLD,Detected in < 1% of stromal cells or < 2 donors
DNM3-IT1,ENSG00000233540,lncRNA,0,3670,0.0,0,16,False,BELOW_DETECTION_THRESHOLD,Detected in < 1% of stromal cells or < 2 donors
ERLNC1,ENSG00000230550,lncRNA,0,3670,0.0,0,16,False,BELOW_DETECTION_THRESHOLD,Detected in < 1% of stromal cells or < 2 donors
LINC01688,ENSG00000227181,lncRNA,0,3670,0.0,0,16,False,BELOW_DETECTION_THRESHOLD,Detected in < 1% of stromal cells or < 2 donors
LINC01696,ENSG00000227940,lncRNA,0,3670,0.0,0,16,False,BELOW_DETECTION_THRESHOLD,Detected in < 1% of stromal cells or < 2 donors
LINC01768,ENSG00000228420,lncRNA,0,3670,0.0,0,16,False,BELOW_DETECTION_THRESHOLD,Detected in < 1% of stromal cells or < 2 donors
LINC01761,ENSG00000233907,lncRNA,0,3670,0.0,0,16,False,BELOW_DETECTION_THRESHOLD,Detected in < 1% of stromal cells or < 2 donors
LINC01649,ENSG00000228127,lncRNA,0,3670,0.0,0,16,False,BELOW_DETECTION_THRESHOLD,Detected in < 1% of stromal cells or < 2 donors
LINC01680,ENSG00000233882,lncRNA,0,3670,0.0,0,16,False,BELOW_DETECTION_THRESHOLD,Detected in < 1% of stromal cells or < 2 donors
LINC01657,ENSG00000224718,lncRNA,0,3670,0.0,0,16,False,BELOW_DETECTION_THRESHOLD,Detected in < 1% of stromal cells or < 2 donors
TNR-IT1,ENSG00000235628,lncRNA,0,3670,0.0,0,16,False,BELOW_DETECTION_THRESHOLD,Detected in < 1% of stromal cells or < 2 donors
LAMC1-AS1,ENSG00000224468,lncRNA,0,3670,0.0,0,16,False,BELOW_DETECTION_THRESHOLD,Detected in < 1% of stromal cells or < 2 donors
LINC01720,ENSG00000231175,lncRNA,0,3670,0.0,0,16,False,BELOW_DETECTION_THRESHOLD,Detected in < 1% of stromal cells or < 2 donors
LINC01645,ENSG00000224968,lncRNA,0,3670,0.0,0,16,False,BELOW_DETECTION_THRESHOLD,Detected in < 1% of stromal cells or < 2 donors
LINC02819,ENSG00000224943,lncRNA,0,3670,0.0,0,16,False,BELOW_DETECTION_THRESHOLD,Detected in < 1% of stromal cells or < 2 donors
LINC01701,ENSG00000232212,lncRNA,0,3670,0.0,0,16,False,BELOW_DETECTION_THRESHOLD,Detected in < 1% of stromal cells or < 2 donors
LINC01307,ENSG00000231671,lncRNA,0,3670,0.0,0,16,False,BELOW_DETECTION_THRESHOLD,Detected in < 1% of stromal cells or < 2 donors
LINC02806,ENSG00000238107,lncRNA,0,3670,0.0,0,16,False,BELOW_DETECTION_THRESHOLD,Detected in < 1% of stromal cells or < 2 donors
LINC01661,ENSG00000237460,lncRNA,0,3670,0.0,0,16,False,BELOW_DETECTION_THRESHOLD,Detected in < 1% of stromal cells or < 2 donors
LINC00317,ENSG00000238265,lncRNA,0,3670,0.0,0,16,False,BELOW_DETECTION_THRESHOLD,Detected in < 1% of stromal cells or < 2 donors
LINC01687,ENSG00000233215,lncRNA,0,3670,0.0,0,16,False,BELOW_DETECTION_THRESHOLD,Detected in < 1% of stromal cells or < 2 donors
LINC00307,ENSG00000227342,lncRNA,0,3670,0.0,0,16,False,BELOW_DETECTION_THRESHOLD,Detected in < 1% of stromal cells or < 2 donors
LINC01425,ENSG00000233997,lncRNA,0,3670,0.0,0,16,False,BELOW_DETECTION_THRESHOLD,Detected in < 1% of stromal cells or < 2 donors
LINC01780,ENSG00000232650,lncRNA,0,3670,0.0,0,16,False,BELOW_DETECTION_THRESHOLD,Detected in < 1% of stromal cells or < 2 donors
LINC02788,ENSG00000285532,lncRNA,0,3670,0.0,0,16,False,BELOW_DETECTION_THRESHOLD,Detected in < 1% of stromal cells or < 2 donors
DPYD-AS2,ENSG00000235777,lncRNA,0,3670,0.0,0,16,False,BELOW_DETECTION_THRESHOLD,Detected in < 1% of stromal cells or < 2 donors
LINC01709,ENSG00000226715,lncRNA,0,3670,0.0,0,16,False,BELOW_DETECTION_THRESHOLD,Detected in < 1% of stromal cells or < 2 donors
LINC01632,ENSG00000277199,lncRNA,0,3670,0.0,0,16,False,BELOW_DETECTION_THRESHOLD,Detected in < 1% of stromal cells or < 2 donors
LINC01776,ENSG00000226053,lncRNA,0,3670,0.0,0,16,False,BELOW_DETECTION_THRESHOLD,Detected in < 1% of stromal cells or < 2 donors
LINC01650,ENSG00000230434,lncRNA,0,3670,0.0,0,16,False,BELOW_DETECTION_THRESHOLD,Detected in < 1% of stromal cells or < 2 donors
LINC01525,ENSG00000235202,lncRNA,0,3670,0.0,0,16,False,BELOW_DETECTION_THRESHOLD,Detected in < 1% of stromal cells or < 2 donors
LINC02573,ENSG00000233236,lncRNA,0,3670,0.0,0,16,False,BELOW_DETECTION_THRESHOLD,Detected in < 1% of stromal cells or < 2 donors
LINC01683,ENSG00000233480,lncRNA,0,3670,0.0,0,16,False,BELOW_DETECTION_THRESHOLD,Detected in < 1% of stromal cells or < 2 donors
LINC01669,ENSG00000280191,lncRNA,0,3670,0.0,0,16,False,BELOW_DETECTION_THRESHOLD,Detected in < 1% of stromal cells or < 2 donors
LINC01689,ENSG00000224832,lncRNA,0,3670,0.0,0,16,False,BELOW_DETECTION_THRESHOLD,Detected in < 1% of stromal cells or < 2 donors
LINC02799,ENSG00000235887,lncRNA,0,3670,0.0,0,16,False,BELOW_DETECTION_THRESHOLD,Detected in < 1% of stromal cells or < 2 donors
HAO2-IT1,ENSG00000230921,lncRNA,0,3670,0.0,0,16,False,BELOW_DETECTION_THRESHOLD,Detected in < 1% of stromal cells or < 2 donors
LINC01555,ENSG00000180869,lncRNA,0,3670,0.0,0,16,False,BELOW_DETECTION_THRESHOLD,Detected in < 1% of stromal cells or < 2 donors
LINC01712,ENSG00000231364,lncRNA,0,3670,0.0,0,16,False,BELOW_DETECTION_THRESHOLD,Detected in < 1% of stromal cells or < 2 donors
LINC01676,ENSG00000230768,lncRNA,0,3670,0.0,0,16,False,BELOW_DETECTION_THRESHOLD,Detected in < 1% of stromal cells or < 2 donors
LINC01753,ENSG00000230250,lncRNA,0,3670,0.0,0,16,False,BELOW_DETECTION_THRESHOLD,Detected in < 1% of stromal cells or < 2 donors
LINC02787,ENSG00000229201,lncRNA,0,3670,0.0,0,16,False,BELOW_DETECTION_THRESHOLD,Detected in < 1% of stromal cells or < 2 donors
LINC01708,ENSG00000224445,lncRNA,0,3670,0.0,0,16,False,BELOW_DETECTION_THRESHOLD,Detected in < 1% of stromal cells or < 2 donors
LINC01787,ENSG00000231987,lncRNA,0,3670,0.0,0,16,False,BELOW_DETECTION_THRESHOLD,Detected in < 1% of stromal cells or < 2 donors
LINC01739,ENSG00000229537,lncRNA,0,3670,0.0,0,16,False,BELOW_DETECTION_THRESHOLD,Detected in < 1% of stromal cells or < 2 donors
LINC01349,ENSG00000230402,lncRNA,0,3670,0.0,0,16,False,BELOW_DETECTION_THRESHOLD,Detected in < 1% of stromal cells or < 2 donors
DSCR10,ENSG00000233316,lncRNA,0,3670,0.0,0,16,False,BELOW_DETECTION_THRESHOLD,Detected in < 1% of stromal cells or < 2 donors
DSCR4-IT1,ENSG00000223608,lncRNA,0,3670,0.0,0,16,False,BELOW_DETECTION_THRESHOLD,Detected in < 1% of stromal cells or < 2 donors
LINC00308,ENSG00000184856,lncRNA,0,3670,0.0,0,16,False,BELOW_DETECTION_THRESHOLD,Detected in < 1% of stromal cells or < 2 donors
HUNK-AS1,ENSG00000237138,lncRNA,0,3670,0.0,0,16,False,BELOW_DETECTION_THRESHOLD,Detected in < 1% of stromal cells or < 2 donors
TTC3-AS1,ENSG00000228677,lncRNA,0,3670,0.0,0,16,False,BELOW_DETECTION_THRESHOLD,Detected in < 1% of stromal cells or < 2 donors
LINC01423,ENSG00000231231,lncRNA,0,3670,0.0,0,16,False,BELOW_DETECTION_THRESHOLD,Detected in < 1% of stromal cells or < 2 donors
LINC01690,ENSG00000228961,lncRNA,0,3670,0.0,0,16,False,BELOW_DETECTION_THRESHOLD,Detected in < 1% of stromal cells or < 2 donors
NEGR1-IT1,ENSG00000228853,lncRNA,0,3670,0.0,0,16,False,BELOW_DETECTION_THRESHOLD,Detected in < 1% of stromal cells or < 2 donors
LINC02797,ENSG00000285808,lncRNA,0,3670,0.0,0,16,False,BELOW_DETECTION_THRESHOLD,Detected in < 1% of stromal cells or < 2 donors
LINC02238,ENSG00000223479,lncRNA,0,3670,0.0,0,16,False,BELOW_DETECTION_THRESHOLD,Detected in < 1% of stromal cells or < 2 donors
LINC02796,ENSG00000227016,lncRNA,0,3670,0.0,0,16,False,BELOW_DETECTION_THRESHOLD,Detected in < 1% of stromal cells or < 2 donors
UMODL1-AS1,ENSG00000184385,lncRNA,0,3670,0.0,0,16,False,BELOW_DETECTION_THRESHOLD,Detected in < 1% of stromal cells or < 2 donors
LINC01670,ENSG00000279094,lncRNA,0,3670,0.0,0,16,False,BELOW_DETECTION_THRESHOLD,Detected in < 1% of stromal cells or < 2 donors
LINC01674,ENSG00000228159,lncRNA,0,3670,0.0,0,16,False,BELOW_DETECTION_THRESHOLD,Detected in < 1% of stromal cells or < 2 donors
SAMSN1-AS1,ENSG00000223662,lncRNA,0,3670,0.0,0,16,False,BELOW_DETECTION_THRESHOLD,Detected in < 1% of stromal cells or < 2 donors
CYYR1-AS1,ENSG00000197934,lncRNA,0,3670,0.0,0,16,False,BELOW_DETECTION_THRESHOLD,Detected in < 1% of stromal cells or < 2 donors
LINC01700,ENSG00000232837,lncRNA,0,3670,0.0,0,16,False,BELOW_DETECTION_THRESHOLD,Detected in < 1% of stromal cells or < 2 donors
KCNJ6-AS1,ENSG00000233213,lncRNA,0,3670,0.0,0,16,False,BELOW_DETECTION_THRESHOLD,Detected in < 1% of stromal cells or < 2 donors
LINC02790,ENSG00000237435,lncRNA,0,3670,0.0,0,16,False,BELOW_DETECTION_THRESHOLD,Detected in < 1% of stromal cells or < 2 donors
FOXD3-AS1,ENSG00000230798,lncRNA,0,3670,0.0,0,16,False,BELOW_DETECTION_THRESHOLD,Detected in < 1% of stromal cells or < 2 donors
LINC01361,ENSG00000236268,lncRNA,0,3670,0.0,0,16,False,BELOW_DETECTION_THRESHOLD,Detected in < 1% of stromal cells or < 2 donors
LINC02607,ENSG00000228971,lncRNA,0,3670,0.0,0,16,False,BELOW_DETECTION_THRESHOLD,Detected in < 1% of stromal cells or < 2 donors
DAB1-AS1,ENSG00000226759,lncRNA,0,3670,0.0,0,16,False,BELOW_DETECTION_THRESHOLD,Detected in < 1% of stromal cells or < 2 donors
LINC01777,ENSG00000235054,lncRNA,0,3670,0.0,0,16,False,BELOW_DETECTION_THRESHOLD,Detected in < 1% of stromal cells or < 2 donors
LINC01345,ENSG00000226374,lncRNA,0,3670,0.0,0,16,False,BELOW_DETECTION_THRESHOLD,Detected in < 1% of stromal cells or < 2 donors
LINC00945,ENSG00000232539,lncRNA,0,3670,0.0,0,16,False,BELOW_DETECTION_THRESHOLD,Detected in < 1% of stromal cells or < 2 donors
LINC01646,ENSG00000232596,lncRNA,0,3670,0.0,0,16,False,BELOW_DETECTION_THRESHOLD,Detected in < 1% of stromal cells or < 2 donors
LINC00322,ENSG00000237864,lncRNA,0,3670,0.0,0,16,False,BELOW_DETECTION_THRESHOLD,Detected in < 1% of stromal cells or < 2 donors
LINC01671,ENSG00000225431,lncRNA,0,3670,0.0,0,16,False,BELOW_DETECTION_THRESHOLD,Detected in < 1% of stromal cells or < 2 donors
LINC00112,ENSG00000232401,lncRNA,0,3670,0.0,0,16,False,BELOW_DETECTION_THRESHOLD,Detected in < 1% of stromal cells or < 2 donors
DSCAM-IT1,ENSG00000233756,lncRNA,0,3670,0.0,0,16,False,BELOW_DETECTION_THRESHOLD,Detected in < 1% of stromal cells or < 2 donors
DSCAM-AS1,ENSG00000235123,lncRNA,0,3670,0.0,0,16,False,BELOW_DETECTION_THRESHOLD,Detected in < 1% of stromal cells or < 2 donors
C1orf195,ENSG00000204464,lncRNA,0,3670,0.0,0,16,False,BELOW_DETECTION_THRESHOLD,Detected in < 1% of stromal cells or < 2 donors
KAZN-AS1,ENSG00000234593,lncRNA,0,3670,0.0,0,16,False,BELOW_DETECTION_THRESHOLD,Detected in < 1% of stromal cells or < 2 donors
LINC02780,ENSG00000284668,lncRNA,0,3670,0.0,0,16,False,BELOW_DETECTION_THRESHOLD,Detected in < 1% of stromal cells or < 2 donors
LINC01756,ENSG00000230523,lncRNA,0,3670,0.0,0,16,False,BELOW_DETECTION_THRESHOLD,Detected in < 1% of stromal cells or < 2 donors
LINC01755,ENSG00000233079,lncRNA,0,3670,0.0,0,16,False,BELOW_DETECTION_THRESHOLD,Detected in < 1% of stromal cells or < 2 donors
LINC01343,ENSG00000237290,lncRNA,0,3670,0.0,0,16,False,BELOW_DETECTION_THRESHOLD,Detected in < 1% of stromal cells or < 2 donors
LINC02778,ENSG00000238242,lncRNA,0,3670,0.0,0,16,False,BELOW_DETECTION_THRESHOLD,Detected in < 1% of stromal cells or < 2 donors
LINC00200,ENSG00000229205,lncRNA,0,3670,0.0,0,16,False,BELOW_DETECTION_THRESHOLD,Detected in < 1% of stromal cells or < 2 donors
ZSWIM8-AS1,ENSG00000272589,lncRNA,0,3670,0.0,0,16,False,BELOW_DETECTION_THRESHOLD,Detected in < 1% of stromal cells or < 2 donors
BMS1P4-AGAP5,ENSG00000242288,lncRNA,0,3670,0.0,0,16,False,BELOW_DETECTION_THRESHOLD,Detected in < 1% of stromal cells or < 2 donors
KCNMA1-AS2,ENSG00000225497,lncRNA,0,3670,0.0,0,16,False,BELOW_DETECTION_THRESHOLD,Detected in < 1% of stromal cells or < 2 donors
SLIT1-AS1,ENSG00000234855,lncRNA,0,3670,0.0,0,16,False,BELOW_DETECTION_THRESHOLD,Detected in < 1% of stromal cells or < 2 donors
LINC02643,ENSG00000230109,lncRNA,0,3670,0.0,0,16,False,BELOW_DETECTION_THRESHOLD,Detected in < 1% of stromal cells or < 2 donors
FTCD-AS1,ENSG00000237338,lncRNA,0,3670,0.0,0,16,False,BELOW_DETECTION_THRESHOLD,Detected in < 1% of stromal cells or < 2 donors
LINC00315,ENSG00000184274,lncRNA,0,3670,0.0,0,16,False,BELOW_DETECTION_THRESHOLD,Detected in < 1% of stromal cells or < 2 donors
TSPEAR-AS2,ENSG00000182912,lncRNA,0,3670,0.0,0,16,False,BELOW_DETECTION_THRESHOLD,Detected in < 1% of stromal cells or < 2 donors
LINC01648,ENSG00000233399,lncRNA,0,3670,0.0,0,16,False,BELOW_DETECTION_THRESHOLD,Detected in < 1% of stromal cells or < 2 donors
IGSF21-AS1,ENSG00000230035,lncRNA,0,3670,0.0,0,16,False,BELOW_DETECTION_THRESHOLD,Detected in < 1% of stromal cells or < 2 donors
ARHGEF19-AS1,ENSG00000234166,lncRNA,0,3670,0.0,0,16,False,BELOW_DETECTION_THRESHOLD,Detected in < 1% of stromal cells or < 2 donors
LINC01784,ENSG00000228338,lncRNA,0,3670,0.0,0,16,False,BELOW_DETECTION_THRESHOLD,Detected in < 1% of stromal cells or < 2 donors
LINC02766,ENSG00000229484,lncRNA,0,3670,0.0,0,16,False,BELOW_DETECTION_THRESHOLD,Detected in < 1% of stromal cells or < 2 donors
LINC02781,ENSG00000284674,lncRNA,0,3670,0.0,0,16,False,BELOW_DETECTION_THRESHOLD,Detected in < 1% of stromal cells or < 2 donors
LINC02782,ENSG00000231510,lncRNA,0,3670,0.0,0,16,False,BELOW_DETECTION_THRESHOLD,Detected in < 1% of stromal cells or < 2 donors
