"ID","Description","GeneRatio","BgRatio","RichFactor","FoldEnrichment","zScore","pvalue","p.adjust","qvalue","geneID","Count"
"GO:0030198","extracellular matrix organization","36/123","339/18986",0.106194690265487,16.3919706453702,23.0909640009329,6.88336686253126e-34,6.55905040964136e-31,4.59087141121523e-31,"COL1A1/COL1A2/SULF2/THSD4/ADAMTSL3/AEBP1/COL12A1/COL3A1/COL5A2/COL5A1/NTN4/COMP/ECM2/MMP28/SFRP2/P4HA3/CRISPLD2/COL8A1/COL11A1/ADAMTS5/FBLN5/MMP2/COL16A1/TNXB/LTBP4/ADAMTS2/FBLN1/ELN/CTSK/COL8A2/COL4A2/LOX/MMP14/SMOC2/POSTN/ADAMTS1",36
"GO:0043062","extracellular structure organization","36/123","340/18986",0.105882352941176,16.3437589670014,23.0531810084329,7.66360686200369e-34,6.55905040964136e-31,4.59087141121523e-31,"COL1A1/COL1A2/SULF2/THSD4/ADAMTSL3/AEBP1/COL12A1/COL3A1/COL5A2/COL5A1/NTN4/COMP/ECM2/MMP28/SFRP2/P4HA3/CRISPLD2/COL8A1/COL11A1/ADAMTS5/FBLN5/MMP2/COL16A1/TNXB/LTBP4/ADAMTS2/FBLN1/ELN/CTSK/COL8A2/COL4A2/LOX/MMP14/SMOC2/POSTN/ADAMTS1",36
"GO:0045229","external encapsulating structure organization","36/123","341/18986",0.105571847507331,16.2958300550747,23.0155585749266,8.52932432983272e-34,6.55905040964136e-31,4.59087141121523e-31,"COL1A1/COL1A2/SULF2/THSD4/ADAMTSL3/AEBP1/COL12A1/COL3A1/COL5A2/COL5A1/NTN4/COMP/ECM2/MMP28/SFRP2/P4HA3/CRISPLD2/COL8A1/COL11A1/ADAMTS5/FBLN5/MMP2/COL16A1/TNXB/LTBP4/ADAMTS2/FBLN1/ELN/CTSK/COL8A2/COL4A2/LOX/MMP14/SMOC2/POSTN/ADAMTS1",36
"GO:0001503","ossification","26/123","456/18986",0.0570175438596491,8.80109827414064,13.6161063453691,1.41391245020106e-17,8.15474005653464e-15,5.70774131212745e-15,"COL1A1/LEP/CLEC11A/COL1A2/CTHRC1/WNT11/FGF2/GPC3/VCAN/COL5A2/CLEC3B/COMP/CHRDL1/TNC/SFRP2/THBS3/COL11A1/TNFAIP6/MMP2/CRIM1/CTSK/IGFBP3/IGFBP5/LOX/BMP6/MMP14",26
"GO:0030199","collagen fibril organization","14/123","72/18986",0.194444444444444,30.0140018066847,19.9174925644069,2.3378525964099e-17,1.07868518798353e-14,7.55003343766901e-15,"COL1A1/COL1A2/AEBP1/COL12A1/COL3A1/COL5A2/COL5A1/COMP/SFRP2/P4HA3/COL11A1/TNXB/ADAMTS2/LOX",14
"GO:0031589","cell-substrate adhesion","22/123","361/18986",0.0609418282548476,9.40684188005315,13.022393471153,1.45735649855928e-15,5.60353573696044e-13,3.92207871717533e-13,"COL1A1/SNED1/COL3A1/NTN4/ECM2/FN1/TECTA/COL8A1/FBLN2/THBS3/EDIL3/FBLN5/COL16A1/SVEP1/TNXB/THBS1/ANGPT1/FBLN1/SPOCK1/MMP14/SERPINE1/POSTN",22
"GO:0035987","endodermal cell differentiation","11/123","52/18986",0.211538461538462,32.6525953721076,18.4561999059105,2.58176108722191e-14,8.50874689745848e-12,5.9555210643585e-12,"COL12A1/COL5A2/COL5A1/FN1/COL8A1/COL11A1/MMP2/LAMB3/INHBA/COL4A2/MMP14",11
"GO:0001706","endoderm formation","11/123","61/18986",0.180327868852459,27.8349993335999,16.9512229654164,1.70181087075689e-13,4.90759709854518e-11,3.43497088913299e-11,"COL12A1/COL5A2/COL5A1/FN1/COL8A1/COL11A1/MMP2/LAMB3/INHBA/COL4A2/MMP14",11
"GO:0007162","negative regulation of cell adhesion","18/123","314/18986",0.0573248407643312,8.84853192480969,11.3242724093942,1.92966630995902e-12,4.94637797452829e-10,3.46211475962238e-10,"COL1A1/SERPINE2/ADIPOQ/MUC1/TNC/FGL2/MMP2/THBS1/ANGPT1/FBLN1/CXCL12/SPOCK1/LGALS3/PLXNA4/BMP6/MMP14/SERPINE1/POSTN",18
"GO:0001704","formation of primary germ layer","13/123","132/18986",0.0984848484848485,15.2018970189702,13.2216010165647,3.12176467996799e-12,7.20191111668614e-10,5.04082844112725e-10,"WNT11/COL12A1/COL5A2/COL5A1/FN1/SFRP2/COL8A1/COL11A1/MMP2/LAMB3/INHBA/COL4A2/MMP14",13
"GO:0007369","gastrulation","15/123","202/18986",0.0742574257425743,11.4622071963294,12.0713942926669,3.84538433696892e-12,8.06481969580663e-10,5.64480341905294e-10,"WNT11/ADIPOQ/GPC3/COL12A1/COL5A2/COL5A1/FN1/SFRP2/COL8A1/COL11A1/MMP2/LAMB3/INHBA/COL4A2/MMP14",15
"GO:0032963","collagen metabolic process","12/123","111/18986",0.108108108108108,16.6873214678093,13.3850278643963,7.26815659301592e-12,1.39730310500731e-09,9.78013352077757e-10,"COL1A1/COL1A2/COL5A1/MMP28/TGFB3/MMP2/PCOLCE/TNXB/INHBA/ADAMTS2/CTSK/MMP14",12
"GO:0007492","endoderm development","11/123","87/18986",0.126436781609195,19.5164937856275,13.9782061656327,9.89872569256485e-12,1.75664309021132e-09,1.22952592812911e-09,"COL12A1/COL5A2/COL5A1/FN1/COL8A1/COL11A1/MMP2/LAMB3/INHBA/COL4A2/MMP14",11
"GO:0048251","elastic fiber assembly","6/123","11/18986",0.545454545454545,84.1951219512195,22.2872142011663,2.94132039728978e-11,4.84687582610536e-09,3.39247029281392e-09,"THSD4/COL3A1/FBLN5/TNXB/LTBP4/LOX",6
"GO:0061448","connective tissue development","16/123","290/18986",0.0551724137931034,8.51628819736473,10.4155101688152,6.34319758870687e-11,9.75583789143116e-09,6.82839656215883e-09,"COL1A1/LEP/BGN/SULF2/WNT11/FGF2/COL3A1/COL5A1/COMP/SFRP2/THBS3/COL11A1/CTSK/EFEMP1/LOX/BMP6",16
"GO:0051216","cartilage development","14/123","209/18986",0.0669856459330144,10.3397518185708,10.9634653929566,8.3340429670219e-11,1.18939049485222e-08,8.32489229166751e-09,"COL1A1/LEP/BGN/SULF2/WNT11/FGF2/COL3A1/COMP/SFRP2/THBS3/COL11A1/CTSK/EFEMP1/BMP6",14
"GO:0085029","extracellular matrix assembly","9/123","56/18986",0.160714285714286,24.8074912891986,14.4073734880781,8.7644726538742e-11,1.18939049485222e-08,8.32489229166751e-09,"COL1A2/THSD4/COL3A1/NTN4/FBLN5/TNXB/LTBP4/ELN/LOX",9
"GO:0048608","reproductive structure development","16/123","309/18986",0.0517799352750809,7.9926329360381,10.0073453142553,1.62342323854072e-10,2.08068745072969e-08,1.45633406311197e-08,"LEP/SERPINE2/TNC/SFRP2/TNFAIP6/MMP2/TNFSF10/INHBA/SDC1/SLIT2/BMP6/MMP14/KITLG/ADAMTS1/INSL3/ZP3",16
"GO:0061458","reproductive system development","16/123","313/18986",0.0511182108626198,7.89049066209512,9.9258507983367,1.96203984811097e-10,2.38232943662737e-08,1.66746212022284e-08,"LEP/SERPINE2/TNC/SFRP2/TNFAIP6/MMP2/TNFSF10/INHBA/SDC1/SLIT2/BMP6/MMP14/KITLG/ADAMTS1/INSL3/ZP3",16
"GO:0090287","regulation of cellular response to growth factor stimulus","17/123","381/18986",0.0446194225721785,6.8873524955722,9.37389671518259,4.17630542691908e-10,4.81736830995116e-08,3.37181711836519e-08,"SULF2/FGF2/GPC3/CHRDL1/SFRP2/MMRN2/SFRP4/TGFB3/TNFAIP6/TNXB/CD109/THBS1/LTBP4/CRIM1/SLIT2/LOX/SMOC2",17
"GO:0007160","cell-matrix adhesion","14/123","241/18986",0.0580912863070539,8.96683871403029,10.0508848654852,5.47165386454867e-10,6.01100260262561e-08,4.20727670587351e-08,"SNED1/COL3A1/ECM2/FN1/TECTA/THBS3/FBLN5/COL16A1/SVEP1/TNXB/THBS1/MMP14/SERPINE1/POSTN",14
"GO:0030323","respiratory tube development","13/123","202/18986",0.0643564356435644,9.93391290348547,10.3080337839375,6.69528079724981e-10,7.02091490875241e-08,4.91414389616326e-08,"WNT11/FGF2/GPC3/COL3A1/PCSK5/TNC/PDGFA/CRISPLD2/TGFB3/ADAMTS2/IGFBP5/LOX/MMP14",13
"GO:0022602","ovulation cycle process","8/123","50/18986",0.16,24.6972357723577,13.5484946230573,1.05409970800675e-09,1.05730783755286e-07,7.40040710335177e-08,"LEP/TGFB3/TNFAIP6/MMP2/INHBA/SLIT2/ADAMTS1/ZP3",8
"GO:0060348","bone development","13/123","217/18986",0.0599078341013825,9.2472368963321,9.86666182921472,1.61047485675347e-09,1.54806895605427e-07,1.08353878520167e-07,"COL1A1/LEP/BGN/SULF2/COL3A1/COMP/THBS3/SFRP4/TGFB3/LOX/BMP6/MMP14/TGM2",13
"GO:0010810","regulation of cell-substrate adhesion","13/123","223/18986",0.0582959641255605,8.99843231616173,9.70194124978415,2.24483751769037e-09,2.07153606132468e-07,1.44992873774191e-07,"COL1A1/ECM2/FN1/COL8A1/FBLN2/EDIL3/COL16A1/THBS1/FBLN1/SPOCK1/MMP14/SERPINE1/POSTN",13
"GO:0008406","gonad development","13/123","236/18986",0.0550847457627119,8.50275595976299,9.36545022486588,4.45820257487695e-09,3.95579743855428e-07,2.76877844123937e-07,"LEP/SFRP2/TNFAIP6/MMP2/TNFSF10/INHBA/SDC1/SLIT2/MMP14/KITLG/ADAMTS1/INSL3/ZP3",13
"GO:0045137","development of primary sexual characteristics","13/123","241/18986",0.0539419087136929,8.3263502344567,9.24285093923954,5.73904478625925e-09,4.76902638616592e-07,3.33798119060002e-07,"LEP/SFRP2/TNFAIP6/MMP2/TNFSF10/INHBA/SDC1/SLIT2/MMP14/KITLG/ADAMTS1/INSL3/ZP3",13
"GO:0141091","transforming growth factor beta receptor superfamily signaling pathway","16/123","397/18986",0.0403022670025189,6.22096618951076,8.48927484875565,6.09315966138985e-09,4.76902638616592e-07,3.33798119060002e-07,"COL1A2/GPC3/COL3A1/COMP/CHRDL1/SFRP2/SFRP4/TGFB3/TNFAIP6/CD109/THBS1/INHBA/LTBP4/CRIM1/LOX/BMP6",16
"GO:0010466","negative regulation of peptidase activity","12/123","198/18986",0.0606060606060606,9.3550135501355,9.54315443591091,6.20159478044984e-09,4.76902638616592e-07,3.33798119060002e-07,"TIMP4/SERPINE2/ITIH5/GPC3/COL6A3/CSTA/SERPINB6/CD109/THBS1/SPOCK1/SERPINE1/SERPINA3",12
"GO:0030324","lung development","12/123","198/18986",0.0606060606060606,9.3550135501355,9.54315443591091,6.20159478044984e-09,4.76902638616592e-07,3.33798119060002e-07,"WNT11/FGF2/GPC3/COL3A1/TNC/PDGFA/CRISPLD2/TGFB3/ADAMTS2/IGFBP5/LOX/MMP14",12
"GO:0007548","sex differentiation","14/123","292/18986",0.0479452054794521,7.40071277425103,8.90063762339763,6.53300209855309e-09,4.86181801334258e-07,3.40292876712409e-07,"LEP/SFRP2/TNFAIP6/MMP2/TNFSF10/INHBA/SDC1/SLIT2/BMP6/MMP14/KITLG/ADAMTS1/INSL3/ZP3",14
"GO:0051346","negative regulation of hydrolase activity","13/123","252/18986",0.0515873015873016,7.96289843850819,8.98519583429407,9.80109674758871e-09,7.06597818646473e-07,4.94568500355299e-07,"TIMP4/SERPINE2/ITIH5/GPC3/COL6A3/CSTA/SERPINB6/CD109/THBS1/ANGPTL4/SPOCK1/SERPINE1/SERPINA3",13
"GO:0001649","osteoblast differentiation","13/123","262/18986",0.049618320610687,7.65897101719109,8.76417272678603,1.55860815222549e-08,1.07992061880472e-06,7.55868057968396e-07,"COL1A1/CTHRC1/WNT11/FGF2/VCAN/TNC/SFRP2/TNFAIP6/CRIM1/IGFBP3/IGFBP5/LOX/BMP6",13
"GO:0007178","cell surface receptor protein serine/threonine kinase signaling pathway","16/123","425/18986",0.0376470588235294,5.81111429937829,8.10012887114143,1.59156051319291e-08,1.07992061880472e-06,7.55868057968396e-07,"COL1A2/GPC3/COL3A1/COMP/CHRDL1/SFRP2/SFRP4/TGFB3/TNFAIP6/CD109/THBS1/INHBA/LTBP4/CRIM1/LOX/BMP6",16
"GO:0009612","response to mechanical stimulus","12/123","222/18986",0.0540540540540541,8.34366073390464,8.88748445414311,2.23054831902047e-08,1.44234607531121e-06,1.00954024571779e-06,"COL1A1/SERPINE2/WNT11/FGF2/TNC/COL11A1/MMP2/THBS1/CXCL12/BMP6/MMP14/POSTN",12
"GO:0008585","female gonad development","9/123","103/18986",0.087378640776699,13.4875680795643,10.2615616529198,2.2507350980149e-08,1.44234607531121e-06,1.00954024571779e-06,"LEP/TNFAIP6/MMP2/INHBA/SLIT2/MMP14/KITLG/ADAMTS1/ZP3",9
"GO:0042698","ovulation cycle","8/123","73/18986",0.10958904109589,16.9159149125738,11.0018394142482,2.33124948344445e-08,1.45356555629901e-06,1.01739308893422e-06,"LEP/TGFB3/TNFAIP6/MMP2/INHBA/SLIT2/ADAMTS1/ZP3",8
"GO:0060541","respiratory system development","12/123","225/18986",0.0533333333333333,8.23241192411924,8.81249523059083,2.58865348444607e-08,1.57158515489923e-06,1.09999846125769e-06,"WNT11/FGF2/GPC3/COL3A1/TNC/PDGFA/CRISPLD2/TGFB3/ADAMTS2/IGFBP5/LOX/MMP14",12
"GO:0046545","development of primary female sexual characteristics","9/123","107/18986",0.0841121495327103,12.9833599270572,10.0376829394131,3.14655363965436e-08,1.86130749914939e-06,1.30278361220777e-06,"LEP/TNFAIP6/MMP2/INHBA/SLIT2/MMP14/KITLG/ADAMTS1/ZP3",9
"GO:0046660","female sex differentiation","9/123","122/18986",0.0737704918032787,11.3870451819272,9.29410375183551,9.86851660782196e-08,5.69166695356132e-06,3.98376433589444e-06,"LEP/TNFAIP6/MMP2/INHBA/SLIT2/MMP14/KITLG/ADAMTS1/ZP3",9
"GO:0016049","cell growth","16/123","490/18986",0.0326530612244898,5.04025219844035,7.31678141624519,1.13560292662353e-07,6.38984378468409e-06,4.47243874054041e-06,"SERPINE2/S100B/SEMA3G/TNC/FN1/SFRP2/INHBA/LTBP4/CXCL12/SPOCK1/IGFBP3/SLIT2/PLXNA4/IGFBP5/MMP14/POSTN",16
"GO:1901342","regulation of vasculature development","14/123","369/18986",0.037940379403794,5.85639059642629,7.60719269402808,1.219242296652e-07,6.69712375803848e-06,4.68751299013575e-06,"LEP/FGF2/THBS2/ISM1/ANXA3/SFRP2/THBS1/ANGPTL4/CXCL12/COL4A2/SMOC2/SERPINE1/TGM2/ADAMTS1",14
"GO:0014910","regulation of smooth muscle cell migration","8/123","93/18986",0.0860215053763441,13.2780837485794,9.58460186556613,1.58567529110997e-07,8.5073323176528e-06,5.95453095853781e-06,"ADIPOQ/PDGFA/IGFBP3/SLIT2/IGFBP5/SERPINE1/POSTN/ADAMTS1",8
"GO:0090092","regulation of transmembrane receptor protein serine/threonine kinase signaling pathway","13/123","326/18986",0.0398773006134969,6.15536934510449,7.58167631671197,2.00435315322256e-07,1.05091880101919e-05,7.35568836613257e-06,"GPC3/CHRDL1/SFRP2/SFRP4/TGFB3/TNFAIP6/CD109/THBS1/INHBA/LTBP4/CRIM1/LOX/BMP6",13
"GO:0010812","negative regulation of cell-substrate adhesion","7/123","66/18986",0.106060606060606,16.3712737127371,10.101217718098,2.2880839559376e-07,1.17302437474401e-05,8.21034102551644e-06,"COL1A1/THBS1/FBLN1/SPOCK1/MMP14/SERPINE1/POSTN",7
"GO:0014909","smooth muscle cell migration","8/123","100/18986",0.08,12.3486178861789,9.18809453096459,2.79011952038362e-07,1.36953313479255e-05,9.58576336902233e-06,"ADIPOQ/PDGFA/IGFBP3/SLIT2/IGFBP5/SERPINE1/POSTN/ADAMTS1",8
"GO:0060349","bone morphogenesis","8/123","100/18986",0.08,12.3486178861789,9.18809453096459,2.79011952038362e-07,1.36953313479255e-05,9.58576336902233e-06,"COL1A1/COL3A1/COMP/THBS3/SFRP4/TGFB3/BMP6/MMP14",8
"GO:0031214","biomineral tissue development","10/123","182/18986",0.0549450549450549,8.48119360314482,8.1890578791853,3.01131329958513e-07,1.41217297899782e-05,9.88421212229442e-06,"COL1A1/LEP/COL1A2/WNT11/GPC3/CLEC3B/COMP/LOX/BMP6/TSPEAR",10
"GO:0090288","negative regulation of cellular response to growth factor stimulus","9/123","139/18986",0.0647482014388489,9.99438497982102,8.59429449611374,3.02388020626824e-07,1.41217297899782e-05,9.88421212229442e-06,"SULF2/FGF2/CHRDL1/SFRP2/MMRN2/TNFAIP6/THBS1/CRIM1/SLIT2",9
"GO:2000146","negative regulation of cell motility","14/123","398/18986",0.0351758793969849,5.42966866854598,7.21188713057106,3.06062630905466e-07,1.41217297899782e-05,9.88421212229442e-06,"FGF2/ADIPOQ/COL3A1/MMP28/SFRP2/MMRN2/TNFAIP6/THBS1/FBLN1/CXCL12/IGFBP3/SLIT2/IGFBP5/SERPINE1",14
"GO:0052547","regulation of peptidase activity","13/123","346/18986",0.0375722543352601,5.79956764885568,7.2756146172318,3.95492562254742e-07,1.78902223749351e-05,1.25218904127714e-05,"TIMP4/SERPINE2/ITIH5/GPC3/COL6A3/CSTA/SERPINB6/CD109/THBS1/TNFSF10/SPOCK1/SERPINE1/SERPINA3",13
"GO:0006935","chemotaxis","15/123","472/18986",0.0317796610169492,4.90543613063249,6.93813719693768,4.11872767231795e-07,1.79639893844991e-05,1.25735221024441e-05,"FGF2/SEMA3G/MMP28/PDGFA/TNFAIP6/MMP2/THBS1/ANGPT1/CXCL12/LGALS3/SLIT2/PLXNA4/LOX/SMOC2/SERPINE1",15
"GO:0001558","regulation of cell growth","14/123","408/18986",0.0343137254901961,5.29658855412084,7.0844614842926,4.12696765226896e-07,1.79639893844991e-05,1.25735221024441e-05,"SERPINE2/SEMA3G/TNC/FN1/SFRP2/INHBA/LTBP4/CXCL12/SPOCK1/IGFBP3/SLIT2/PLXNA4/IGFBP5/MMP14",14
"GO:0042330","taxis","15/123","474/18986",0.0316455696202532,4.88473808788721,6.91634610229831,4.34533092569502e-07,1.85642193436637e-05,1.29936406238132e-05,"FGF2/SEMA3G/MMP28/PDGFA/TNFAIP6/MMP2/THBS1/ANGPT1/CXCL12/LGALS3/SLIT2/PLXNA4/LOX/SMOC2/SERPINE1",15
"GO:0040013","negative regulation of locomotion","14/123","416/18986",0.0336538461538462,5.1947310819262,6.9854970181138,5.20905019154933e-07,2.18495978034624e-05,1.52931731939458e-05,"FGF2/ADIPOQ/COL3A1/MMP28/SFRP2/MMRN2/TNFAIP6/THBS1/FBLN1/CXCL12/IGFBP3/SLIT2/IGFBP5/SERPINE1",14
"GO:0050673","epithelial cell proliferation","15/123","482/18986",0.0311203319502075,4.80366359680194,6.83038656870188,5.36877263085014e-07,2.21174258203059e-05,1.54806338641431e-05,"LEP/SULF2/FGF2/GPC3/SFRP2/COL8A1/MMRN2/CD109/THBS1/CXCL12/COL8A2/IGFBP3/IGFBP5/BMP6/MMP14",15
"GO:0045765","regulation of angiogenesis","13/123","360/18986",0.0361111111111111,5.57402890695574,7.07526694424497,6.19390515643948e-07,2.50690161331682e-05,1.75465383379098e-05,"LEP/FGF2/THBS2/ISM1/ANXA3/SFRP2/THBS1/ANGPTL4/COL4A2/SMOC2/SERPINE1/TGM2/ADAMTS1",13
"GO:0045861","negative regulation of proteolysis","12/123","303/18986",0.0396039603960396,6.11317717137567,7.24504892749685,6.51583897926469e-07,2.59173112502822e-05,1.81402849259384e-05,"TIMP4/SERPINE2/ITIH5/GPC3/COL6A3/CSTA/SERPINB6/CD109/THBS1/SPOCK1/SERPINE1/SERPINA3",12
"GO:0018149","peptide cross-linking","5/123","27/18986",0.185185185185185,28.584763625414,11.5823293374381,7.57360919841865e-07,2.94219126591719e-05,2.05932580563364e-05,"COL3A1/FN1/CSTA/THBS1/TGM2",5
"GO:0014812","muscle cell migration","8/123","114/18986",0.0701754385964912,10.8321209527885,8.5024316294641,7.65199288925146e-07,2.94219126591719e-05,2.05932580563364e-05,"ADIPOQ/PDGFA/IGFBP3/SLIT2/IGFBP5/SERPINE1/POSTN/ADAMTS1",8
"GO:0002009","morphogenesis of an epithelium","15/123","500/18986",0.03,4.63073170731707,6.64370224000931,8.50872661376572e-07,3.21797250786189e-05,2.25235317092608e-05,"CTHRC1/WNT11/FGF2/GPC3/COL5A1/NTN4/TNC/PDGFA/SFRP2/MMRN2/MMP2/SLIT2/IGFBP5/MMP14/TGM2",15
"GO:0071559","response to transforming growth factor beta","12/123","313/18986",0.0383386581469649,5.91786799657134,7.08425950686068,9.17674251397422e-07,3.4146362870546e-05,2.39000390771417e-05,"COL1A1/MXRA5/COL1A2/COL3A1/TGFB3/CD109/THBS1/LTBP4/CTSK/COL4A2/LOX/POSTN",12
"GO:0014823","response to activity","7/123","82/18986",0.0853658536585366,13.1768788419592,8.92315692891155,1.02536501246131e-06,3.75478902182259e-05,2.62808676543967e-05,"LEP/ADIPOQ/FN1/MMP2/COL4A2/BMP6/POSTN",7
"GO:0010171","body morphogenesis","6/123","52/18986",0.115384615384615,17.8105065666041,9.8019788287651,1.04344983435936e-06,3.76131057479225e-05,2.63265139129483e-05,"COL1A1/GPC3/CRISPLD2/CRISPLD1/TGFB3/MMP2",6
"GO:0042060","wound healing","14/123","444/18986",0.0315315315315315,4.86713542811104,6.65817264637829,1.12971368901723e-06,4.00961458548114e-05,2.80644663797963e-05,"SERPINE2/FGF2/COL3A1/COL5A1/COMP/PDGFA/FN1/SVEP1/CD109/THBS1/FBLN1/SMOC2/SERPINE1/INSL3",14
"GO:0001822","kidney development","12/123","322/18986",0.0372670807453416,5.75246174821997,6.94539063347927,1.23539759154186e-06,4.26692763728752e-05,2.98654757630053e-05,"SULF2/WNT11/FGF2/ADIPOQ/GPC3/PCSK5/PDGFA/SDC1/ANGPT1/SLIT2/BMP6/ADAMTS1",12
"GO:0030336","negative regulation of cell migration","13/123","383/18986",0.0339425587467363,5.23929610053281,6.76790290737748,1.23920308495129e-06,4.26692763728752e-05,2.98654757630053e-05,"FGF2/ADIPOQ/COL3A1/MMP28/SFRP2/MMRN2/TNFAIP6/THBS1/CXCL12/IGFBP3/SLIT2/IGFBP5/SERPINE1",13
"GO:0043588","skin development","12/123","324/18986",0.037037037037037,5.71695272508281,6.91524243542508,1.31800898638891e-06,4.47153931117533e-05,3.12976127727646e-05,"COL1A1/COL1A2/COL3A1/COL5A2/COL5A1/COMP/PDGFA/CSTA/CD109/INHBA/ADAMTS2/IGFBP5",12
"GO:0072001","renal system development","12/123","332/18986",0.036144578313253,5.57919482809286,6.79711552443416,1.69954947187608e-06,5.68240671249004e-05,3.97728282205631e-05,"SULF2/WNT11/FGF2/ADIPOQ/GPC3/PCSK5/PDGFA/SDC1/ANGPT1/SLIT2/BMP6/ADAMTS1",12
"GO:0022612","gland morphogenesis","8/123","127/18986",0.062992125984252,9.72332117021958,7.96483652810416,1.73760940612139e-06,5.72666414274578e-05,4.00825989321836e-05,"SULF2/NTN4/TNC/PDGFA/TGFB3/MMP2/IGFBP5/TGM2",8
"GO:0060325","face morphogenesis","5/123","32/18986",0.15625,24.1183943089431,10.5690193232257,1.84088034462143e-06,5.90686861994508e-05,4.13439028266181e-05,"COL1A1/CRISPLD2/CRISPLD1/TGFB3/MMP2",5
"GO:0030282","bone mineralization","8/123","128/18986",0.0625,9.64735772357723,7.92671180120404,1.84349605824034e-06,5.90686861994508e-05,4.13439028266181e-05,"LEP/COL1A2/WNT11/GPC3/CLEC3B/COMP/LOX/BMP6",8
"GO:0048660","regulation of smooth muscle cell proliferation","9/123","174/18986",0.0517241379310345,7.98402018502944,7.47334616251732,1.99341455011839e-06,6.2657449212201e-05,4.38557831275598e-05,"FGF2/ADIPOQ/TGFB3/MMP2/THBS1/ELN/IGFBP3/IGFBP5/ADAMTS1",9
"GO:0001541","ovarian follicle development","6/123","58/18986",0.103448275862069,15.9680403700589,9.21889891655315,2.00981848361633e-06,6.2657449212201e-05,4.38557831275598e-05,"TNFAIP6/MMP2/INHBA/MMP14/KITLG/ZP3",6
"GO:0048659","smooth muscle cell proliferation","9/123","178/18986",0.050561797752809,7.80460400109619,7.36536075414714,2.40503851580042e-06,7.39789847460209e-05,5.17800573086013e-05,"FGF2/ADIPOQ/TGFB3/MMP2/THBS1/ELN/IGFBP3/IGFBP5/ADAMTS1",9
"GO:0060350","endochondral bone morphogenesis","6/123","60/18986",0.1,15.4357723577236,9.0435450493605,2.45983158474432e-06,7.46688350790149e-05,5.22629037534319e-05,"COL1A1/COL3A1/COMP/THBS3/BMP6/MMP14",6
"GO:0048705","skeletal system morphogenesis","10/123","232/18986",0.0431034482758621,6.6533501541912,6.99609013433106,2.74771233870176e-06,8.23243164335708e-05,5.7621199283233e-05,"COL1A1/COL3A1/COMP/THBS3/SFRP4/COL11A1/TGFB3/MMP2/BMP6/MMP14",10
"GO:0030728","ovulation","4/123","16/18986",0.25,38.5894308943089,12.146315298117,2.87426881527499e-06,8.50120276517871e-05,5.95024070530611e-05,"LEP/MMP2/INHBA/ADAMTS1",4
"GO:0002685","regulation of leukocyte migration","10/123","236/18986",0.0423728813559322,6.54058150750999,6.91613063302094,3.20076500458521e-06,9.34704413364315e-05,6.54226984281641e-05,"MMP28/TNFAIP6/THBS1/CXCL12/LGALS3/SLIT2/MMP14/SERPINE1/KITLG/ZP3",10
"GO:0043086","negative regulation of catalytic activity","14/123","486/18986",0.0288065843621399,4.44651878617552,6.21534720711469,3.24605847702611e-06,9.36082113312403e-05,6.55191276810269e-05,"TIMP4/SERPINE2/ITIH5/ADIPOQ/GPC3/COL6A3/CSTA/SERPINB6/CD109/THBS1/ANGPTL4/SPOCK1/SERPINE1/SERPINA3",14
"GO:0071604","transforming growth factor beta production","5/123","36/18986",0.138888888888889,21.4385727190605,9.91173499190026,3.3756260654361e-06,9.61428312711245e-05,6.72931823830927e-05,"WNT11/COL3A1/FN1/THBS1/FBLN1",5
"GO:0060560","developmental growth involved in morphogenesis","10/123","238/18986",0.0420168067226891,6.48561863769898,6.87684272737541,3.45068932257138e-06,9.70821983801484e-05,6.79506729245763e-05,"S100B/WNT11/SEMA3G/TNC/FN1/SFRP2/CXCL12/SLIT2/PLXNA4/POSTN",10
"GO:0061041","regulation of wound healing","8/123","140/18986",0.0571428571428571,8.82044134727061,7.49960105905969,3.60901757732382e-06,0.000100313295793808,7.02122126013283e-05,"SERPINE2/FGF2/PDGFA/CD109/THBS1/SMOC2/SERPINE1/INSL3",8
"GO:0061138","morphogenesis of a branching epithelium","9/123","190/18986",0.0473684210526316,7.31168164313222,7.06060054077777,4.1082407678199e-06,0.000112663219592099,7.88562858368257e-05,"FGF2/GPC3/NTN4/TNC/PDGFA/SFRP2/SLIT2/MMP14/TGM2",9
"GO:0097529","myeloid leukocyte migration","10/123","243/18986",0.0411522633744856,6.35216969453645,6.78056577026343,4.15100722380944e-06,0.000112663219592099,7.88562858368257e-05,"MMP28/TNFAIP6/MMP2/THBS1/CXCL12/LGALS3/SLIT2/MMP14/SERPINE1/KITLG",10
"GO:0045785","positive regulation of cell adhesion","14/123","499/18986",0.0280561122244489,4.33067761539339,6.08838524185829,4.39903581310449e-06,0.000118006693265489,8.2596339501864e-05,"LEP/ECM2/FN1/SFRP2/COL8A1/FBLN2/EDIL3/COL16A1/ANGPT1/FBLN1/CXCL12/KITLG/TGM2/ZP3",14
"GO:1904018","positive regulation of vasculature development","9/123","192/18986",0.046875,7.23551829268293,7.01238956486069,4.47475981588657e-06,0.000118658286152303,8.30524084400484e-05,"FGF2/ANXA3/SFRP2/THBS1/ANGPTL4/CXCL12/SMOC2/SERPINE1/TGM2",9
"GO:0010755","regulation of plasminogen activation","4/123","18/18986",0.222222222222222,34.3017163504968,11.4141762280686,4.78431125324904e-06,0.00012542506887779,8.77886777809095e-05,"SERPINE2/CLEC3B/THBS1/SERPINE1",4
"GO:0071560","cellular response to transforming growth factor beta stimulus","11/123","306/18986",0.0359477124183007,5.54880705669802,6.47772142884466,4.94861661546189e-06,0.000128274814964838,8.97832984993321e-05,"COL1A1/COL1A2/COL3A1/TGFB3/CD109/THBS1/LTBP4/CTSK/COL4A2/LOX/POSTN",11
"GO:0060323","head morphogenesis","5/123","39/18986",0.128205128205128,19.7894517406713,9.48481049118577,5.07594934329855e-06,0.000130113501499886,9.10702490364909e-05,"COL1A1/CRISPLD2/CRISPLD1/TGFB3/MMP2",5
"GO:0033002","muscle cell proliferation","10/123","252/18986",0.0396825396825397,6.12530649116015,6.61389548340435,5.72584558517889e-06,0.000144717630060407,0.000101292106181491,"FGF2/ADIPOQ/TGFB3/MMP2/THBS1/ANGPT1/ELN/IGFBP3/IGFBP5/ADAMTS1",10
"GO:0014912","negative regulation of smooth muscle cell migration","5/123","40/18986",0.125,19.2947154471545,9.35296614218154,5.77114086066642e-06,0.000144717630060407,0.000101292106181491,"ADIPOQ/IGFBP3/SLIT2/IGFBP5/SERPINE1",5
"GO:0001935","endothelial cell proliferation","9/123","202/18986",0.0445544554455446,6.87732431779763,6.78131276647876,6.75901330458925e-06,0.000167667136491262,0.000117355137625806,"LEP/FGF2/COL8A1/MMRN2/THBS1/CXCL12/COL8A2/BMP6/MMP14",9
"GO:0043491","phosphatidylinositol 3-kinase/protein kinase B signal transduction","11/123","317/18986",0.0347003154574132,5.35626170141828,6.31590427806825,6.91852259288502e-06,0.000169798208742402,0.000118846737485841,"LEP/SERPINE2/FGF2/COL6A3/PDGFA/FN1/THBS1/ANGPT1/IGFBP5/LOX/COL6A2",11
"GO:0001763","morphogenesis of a branching structure","9/123","207/18986",0.0434782608695652,6.71120537292329,6.67158760837689,8.23444531027452e-06,0.00019996700348214,0.000139962760176854,"FGF2/GPC3/NTN4/TNC/PDGFA/SFRP2/SLIT2/MMP14/TGM2",9
"GO:0044703","multi-organism reproductive process","9/123","210/18986",0.0428571428571429,6.61533101045296,6.60748133714833,9.24568347634592e-06,0.000222185331040938,0.000155514018121871,"LEP/SERPINE2/PCSK5/CRHBP/TGFB3/MMP2/COL16A1/FBLN1/IGFBP5",9
"GO:0060326","cell chemotaxis","11/123","328/18986",0.0335365853658537,5.17663097362681,6.16145039559985,9.54112528829971e-06,0.000226921402475334,0.000158828933176905,"FGF2/MMP28/TNFAIP6/MMP2/THBS1/CXCL12/LGALS3/SLIT2/LOX/SMOC2/SERPINE1",11
"GO:0030574","collagen catabolic process","5/123","45/18986",0.111111111111111,17.1508581752484,8.75896684519217,1.04419602021121e-05,0.000244388699864276,0.000171054806009992,"MMP28/MMP2/ADAMTS2/CTSK/MMP14",5
"GO:0002062","chondrocyte differentiation","7/123","116/18986",0.0603448275862069,9.31469021586768,7.25339939547248,1.04874214506126e-05,0.000244388699864276,0.000171054806009992,"SULF2/COL3A1/COMP/SFRP2/COL11A1/EFEMP1/BMP6",7
"GO:0061045","negative regulation of wound healing","6/123","78/18986",0.0769230769230769,11.8736710444028,7.77057522311546,1.14769788488512e-05,0.000264734869418375,0.000185295685756297,"SERPINE2/FGF2/PDGFA/CD109/THBS1/SERPINE1",6
"GO:0050920","regulation of chemotaxis","9/123","216/18986",0.0416666666666667,6.43157181571816,6.4829510054817,1.15900397968166e-05,0.000264734869418375,0.000185295685756297,"FGF2/MMP28/TNFAIP6/THBS1/CXCL12/SLIT2/PLXNA4/SMOC2/SERPINE1",9
"GO:2001233","regulation of apoptotic signaling pathway","12/123","403/18986",0.0297766749379653,4.59625975912365,5.89248027152494,1.22528781709783e-05,0.000277131273925949,0.000193972292201039,"FGF2/MUC1/SFRP2/CTSC/MMP2/THBS1/TNFSF10/INHBA/CXCL12/CTSK/LGALS3/SERPINE1",12
"GO:0044706","multi-multicellular organism process","9/123","218/18986",0.0412844036697248,6.37256656970239,6.44248667390662,1.24765804488574e-05,0.000278603237155969,0.000195002562360439,"LEP/SERPINE2/PCSK5/CRHBP/TGFB3/MMP2/COL16A1/FBLN1/IGFBP5",9
"GO:0050900","leukocyte migration","12/123","404/18986",0.0297029702970297,4.58488287853176,5.88128059744142,1.25594870672825e-05,0.000278603237155969,0.000195002562360439,"LEP/MMP28/TNFAIP6/MMP2/THBS1/CXCL12/LGALS3/SLIT2/MMP14/SERPINE1/KITLG/ZP3",12
"GO:0030509","BMP signaling pathway","8/123","172/18986",0.0465116279069767,7.17942900359236,6.57392090674456,1.63879185932445e-05,0.000360065982805857,0.00025202072302794,"GPC3/COMP/CHRDL1/SFRP2/SFRP4/TNFAIP6/CRIM1/BMP6",8
"GO:0090596","sensory organ morphogenesis","10/123","285/18986",0.0350877192982456,5.41606047639424,6.06565215372697,1.67396365212513e-05,0.000364323975986101,0.000255001017116181,"CTHRC1/FGF2/COL5A2/COL5A1/TECTA/COL8A1/COL11A1/COL8A2/MFAP2/EFEMP1",10
"GO:0010811","positive regulation of cell-substrate adhesion","7/123","126/18986",0.0555555555555556,8.57542908762421,6.88928481532978,1.80035586782741e-05,0.000388170185708209,0.000271691677446851,"ECM2/FN1/COL8A1/FBLN2/EDIL3/COL16A1/FBLN1",7
"GO:0046661","male sex differentiation","8/123","175/18986",0.0457142857142857,7.05635307781649,6.49945203049122,1.85713233238203e-05,0.000396704101000494,0.000277664814607605,"SFRP2/TNFSF10/INHBA/SDC1/BMP6/MMP14/KITLG/INSL3",8
"GO:1900047","negative regulation of hemostasis","5/123","51/18986",0.0980392156862745,15.133110154631,8.16098634708776,1.94633716133621e-05,0.000411944938642444,0.000288332323079647,"SERPINE2/COMP/PDGFA/THBS1/SERPINE1",5
"GO:0071774","response to fibroblast growth factor","7/123","128/18986",0.0546875,8.44143800813008,6.82128996654617,1.99421773524254e-05,0.000418241846836776,0.000292739713479623,"COL1A1/SULF2/FGF2/TNC/THBS1/SMOC2/POSTN",7
"GO:0032964","collagen biosynthetic process","5/123","52/18986",0.0961538461538462,14.8420888055034,8.07113461333602,2.14229377600646e-05,0.000443578690271632,0.000310473711987171,"COL1A1/COL5A1/TGFB3/PCOLCE/INHBA",5
"GO:0070482","response to oxygen levels","11/123","358/18986",0.0307262569832402,4.7428350819821,5.77313302002058,2.153481287838e-05,0.000443578690271632,0.000310473711987171,"COL1A1/LEP/ADIPOQ/TGFB3/MMP2/THBS1/INHBA/ANGPTL4/CXCL12/MMP14/POSTN",11
"GO:0060324","face development","5/123","53/18986",0.0943396226415094,14.5620493940788,7.98373316190213,2.35325710300752e-05,0.000479148919867128,0.000335370357071692,"COL1A1/CRISPLD2/CRISPLD1/TGFB3/MMP2",5
"GO:1903034","regulation of response to wounding","8/123","181/18986",0.0441988950276243,6.82244082109329,6.35565296708248,2.36770597593639e-05,0.000479148919867128,0.000335370357071692,"SERPINE2/FGF2/PDGFA/CD109/THBS1/SMOC2/SERPINE1/INSL3",8
"GO:0031639","plasminogen activation","4/123","27/18986",0.148148148148148,22.8678109003312,9.18188718873434,2.62290522203311e-05,0.000519925736557916,0.000363911244897608,"SERPINE2/CLEC3B/THBS1/SERPINE1",4
"GO:0060343","trabecula formation","4/123","27/18986",0.148148148148148,22.8678109003312,9.18188718873434,2.62290522203311e-05,0.000519925736557916,0.000363911244897608,"COL1A1/THBS3/MMP2/ADAMTS1",4
"GO:0071772","response to BMP","8/123","184/18986",0.0434782608695652,6.71120537292329,6.28618472425063,2.664185135174e-05,0.000519925736557916,0.000363911244897608,"GPC3/COMP/CHRDL1/SFRP2/SFRP4/TNFAIP6/CRIM1/BMP6",8
"GO:0071773","cellular response to BMP stimulus","8/123","184/18986",0.0434782608695652,6.71120537292329,6.28618472425063,2.664185135174e-05,0.000519925736557916,0.000363911244897608,"GPC3/COMP/CHRDL1/SFRP2/SFRP4/TNFAIP6/CRIM1/BMP6",8
"GO:0048706","embryonic skeletal system development","7/123","134/18986",0.0522388059701493,8.06346317194515,6.62588422110118,2.68188828133472e-05,0.000519925736557916,0.000363911244897608,"COL1A1/SULF2/WNT11/PCSK5/COL11A1/TGFB3/MMP14",7
"GO:0050817","coagulation","9/123","241/18986",0.037344398340249,5.76439631616233,6.01071523425688,2.76165543639457e-05,0.000530276545680201,0.000371156079243232,"SERPINE2/COL3A1/COMP/PDGFA/SVEP1/THBS1/ANGPT1/FBLN1/SERPINE1",9
"GO:0071230","cellular response to amino acid stimulus","6/123","91/18986",0.0659340659340659,10.1774323237738,7.08632249109314,2.78125106316881e-05,0.000530276545680201,0.000371156079243232,"COL1A1/COL1A2/COL3A1/COL5A2/MMP2/COL16A1",6
"GO:0042476","odontogenesis","7/123","136/18986",0.0514705882352941,7.94488283118125,6.56343477960356,2.95041247414267e-05,0.000557918162118618,0.000390503255852878,"COL1A1/COL1A2/TNC/TGFB3/INHBA/TSPEAR/SERPINE1",7
"GO:2000647","negative regulation of stem cell proliferation","4/123","28/18986",0.142857142857143,22.0511033681765,9.00140068346091,3.04476877329391e-05,0.000571079801625126,0.000399715472677181,"WNT11/FGF2/CD109/FBLN1",4
"GO:0007565","female pregnancy","8/123","189/18986",0.0423280423280423,6.53366025723749,6.17378636520771,3.22731772201224e-05,0.000593917020218617,0.00041569991057667,"LEP/PCSK5/CRHBP/TGFB3/MMP2/COL16A1/FBLN1/IGFBP5",8
"GO:0045766","positive regulation of angiogenesis","8/123","189/18986",0.0423280423280423,6.53366025723749,6.17378636520771,3.22731772201224e-05,0.000593917020218617,0.00041569991057667,"FGF2/ANXA3/SFRP2/THBS1/ANGPTL4/SMOC2/SERPINE1/TGM2",8
"GO:0016485","protein processing","9/123","246/18986",0.0365853658536585,5.64723378941107,5.92420059654474,3.24376005841117e-05,0.000593917020218617,0.00041569991057667,"SERPINE2/AEBP1/PCSK5/CLEC3B/COMP/THBS1/ADAMTS2/MMP14/SERPINE1",9
"GO:1904705","regulation of vascular associated smooth muscle cell proliferation","6/123","94/18986",0.0638297872340425,9.85262065386611,6.94783165450487,3.34409010031435e-05,0.000607465815860253,0.00042518310931473,"FGF2/ADIPOQ/TGFB3/MMP2/IGFBP5/ADAMTS1",6
"GO:0031638","zymogen activation","5/123","58/18986",0.0862068965517241,13.3067003083824,7.57976484124385,3.66170758715261e-05,0.000659965578403208,0.0004619292301556,"SERPINE2/CLEC3B/THBS1/MMP14/SERPINE1",5
"GO:1990874","vascular associated smooth muscle cell proliferation","6/123","96/18986",0.0625,9.64735772357723,6.85891683247175,3.76762373643086e-05,0.000673791314724495,0.000471606267783349,"FGF2/ADIPOQ/TGFB3/MMP2/IGFBP5/ADAMTS1",6
"GO:0001666","response to hypoxia","10/123","317/18986",0.0315457413249211,4.86932881947116,5.6099270703122,4.14580063315646e-05,0.000735720158514765,0.000514952078644697,"LEP/ADIPOQ/TGFB3/MMP2/THBS1/INHBA/ANGPTL4/CXCL12/MMP14/POSTN",10
"GO:0060346","bone trabecula formation","3/123","11/18986",0.272727272727273,42.0975609756098,11.0096616619658,4.21509214649984e-05,0.000742306685646957,0.000519562181818462,"COL1A1/THBS3/MMP2",3
"GO:0048568","embryonic organ development","12/123","458/18986",0.0262008733624454,4.04430716796251,5.32548802318708,4.30294871213695e-05,0.000752038081734845,0.000526373470846737,"CTHRC1/WNT11/PCSK5/PDGFA/TECTA/COL11A1/TGFB3/MFAP2/PLXNA4/EFEMP1/MMP14/KITLG",12
"GO:0071295","cellular response to vitamin","4/123","31/18986",0.129032258064516,19.9171256228691,8.51190120958068,4.60930236700921e-05,0.000799523350427838,0.000559609800632539,"COL1A1/LEP/TNC/POSTN",4
"GO:0071229","cellular response to acid chemical","6/123","100/18986",0.06,9.26146341463414,6.68866531405635,4.74369877810389e-05,0.00081669500605117,0.000571628745138364,"COL1A1/COL1A2/COL3A1/COL5A2/MMP2/COL16A1",6
"GO:0071675","regulation of mononuclear cell migration","7/123","147/18986",0.0476190476190476,7.35036778939218,6.24138678558859,4.85341839846778e-05,0.000829395277427049,0.000580518036900551,"MMP28/THBS1/CXCL12/LGALS3/SLIT2/MMP14/SERPINE1",7
"GO:1903035","negative regulation of response to wounding","6/123","101/18986",0.0594059405940594,9.16976575706351,6.64759069188575,5.01683095889592e-05,0.000851016839865653,0.000595651601466435,"SERPINE2/FGF2/PDGFA/CD109/THBS1/SERPINE1",6
"GO:1905517","macrophage migration","5/123","62/18986",0.0806451612903226,12.4482035142932,7.29086724335922,5.06546922305539e-05,0.000852995437780203,0.000597036480074297,"MMP28/MMP2/THBS1/LGALS3/MMP14",5
"GO:0061037","negative regulation of cartilage development","4/123","32/18986",0.125,19.2947154471545,8.3637816056755,5.24147584308735e-05,0.000876238026811777,0.000613304648611441,"LEP/WNT11/CTSK/EFEMP1",4
"GO:0045906","negative regulation of vasoconstriction","3/123","12/18986",0.25,38.5894308943089,10.5179087698091,5.59353641089587e-05,0.000928366079132141,0.00064979059858495,"LEP/MMP2/SVEP1",3
"GO:0008584","male gonad development","7/123","151/18986",0.0463576158940397,7.15565605987186,6.13242833442879,5.75576309017736e-05,0.000948467532074226,0.00066386019400993,"SFRP2/TNFSF10/INHBA/SDC1/MMP14/KITLG/INSL3",7
"GO:0002063","chondrocyte development","4/123","33/18986",0.121212121212121,18.710027100271,8.22223127543845,5.93466697643346e-05,0.000954870866425532,0.000668342075193013,"SULF2/COMP/SFRP2/COL11A1",4
"GO:0071634","regulation of transforming growth factor beta production","4/123","33/18986",0.121212121212121,18.710027100271,8.22223127543845,5.93466697643346e-05,0.000954870866425532,0.000668342075193013,"WNT11/FN1/THBS1/FBLN1",4
"GO:0036293","response to decreased oxygen levels","10/123","331/18986",0.0302114803625378,4.66337533465969,5.42938028108539,5.956587771062e-05,0.000954870866425532,0.000668342075193013,"LEP/ADIPOQ/TGFB3/MMP2/THBS1/INHBA/ANGPTL4/CXCL12/MMP14/POSTN",10
"GO:0002687","positive regulation of leukocyte migration","7/123","152/18986",0.0460526315789474,7.10857937526744,6.10580888477275,6.00157241576516e-05,0.000954870866425532,0.000668342075193013,"THBS1/CXCL12/LGALS3/MMP14/SERPINE1/KITLG/ZP3",7
"GO:0046546","development of primary male sexual characteristics","7/123","152/18986",0.0460526315789474,7.10857937526744,6.10580888477275,6.00157241576516e-05,0.000954870866425532,0.000668342075193013,"SFRP2/TNFSF10/INHBA/SDC1/MMP14/KITLG/INSL3",7
"GO:0007435","salivary gland morphogenesis","4/123","34/18986",0.117647058823529,18.1597321855572,8.08676670277303,6.69238965811893e-05,0.00105748924255345,0.000740167681006087,"NTN4/PDGFA/TGFB3/TGM2",4
"GO:0032526","response to retinoic acid","6/123","107/18986",0.0560747663551402,8.65557328470481,6.41257692492421,6.93178178532988e-05,0.00108786534549361,0.000761428804775942,"COL1A1/LEP/WNT11/TNC/MMP2/BMP6",6
"GO:0045667","regulation of osteoblast differentiation","7/123","156/18986",0.0448717948717949,6.92630810923494,6.0016938770608,7.07233459990472e-05,0.00110242404878245,0.000771618867443374,"CTHRC1/FGF2/SFRP2/TNFAIP6/CRIM1/IGFBP5/BMP6",7
"GO:0070613","regulation of protein processing","5/123","67/18986",0.0746268656716418,11.5192331027788,6.96506006254439,7.3673881728554e-05,0.00114070902783741,0.000798415645154376,"SERPINE2/CLEC3B/THBS1/MMP14/SERPINE1",5
"GO:0048545","response to steroid hormone","10/123","340/18986",0.0294117647058824,4.53993304638929,5.31856095052394,7.44587667988365e-05,0.00114517583336611,0.000801542093118703,"COL1A1/ADIPOQ/ANXA3/TGFB3/THBS1/INHBA/SDC1/SLIT2/LOX/BMP6",10
"GO:0060485","mesenchyme development","10/123","341/18986",0.0293255131964809,4.52661945974298,5.30648656888429,7.6293688060998e-05,0.0011656260818326,0.000815855820742913,"COL1A1/WNT11/CRELD1/SEMA3G/FN1/SFRP2/ADAMTS5/TGFB3/TNXB/KITLG",10
"GO:0010951","negative regulation of endopeptidase activity","6/123","109/18986",0.055045871559633,8.49675542626986,6.33829688785247,7.6858098435859e-05,0.00116652390191794,0.000816484231306148,"SERPINE2/SERPINB6/THBS1/SPOCK1/SERPINE1/SERPINA3",6
"GO:0035567","non-canonical Wnt signaling pathway","5/123","69/18986",0.072463768115942,11.1853422882055,6.84426026506008,8.48536385350282e-05,0.0012794597653615,0.000895531348556817,"CTHRC1/WNT11/GPC3/SFRP2/SFRP4",5
"GO:0051896","regulation of phosphatidylinositol 3-kinase/protein kinase B signal transduction","9/123","280/18986",0.0321428571428571,4.96149825783972,5.39262839319317,8.81437335174106e-05,0.00132043891704329,0.000924213856566698,"LEP/SERPINE2/FGF2/PDGFA/FN1/THBS1/ANGPT1/IGFBP5/LOX",9
"GO:0061430","bone trabecula morphogenesis","3/123","14/18986",0.214285714285714,33.0766550522648,9.69502666204424,9.1674430780201e-05,0.0013644703987737,0.000955032779740769,"COL1A1/THBS3/MMP2",3
"GO:0007431","salivary gland development","4/123","37/18986",0.108108108108108,16.6873214678093,7.71274520657194,9.38883650268789e-05,0.00138846447510904,0.000971826936243133,"NTN4/PDGFA/TGFB3/TGM2",4
"GO:1900046","regulation of hemostasis","5/123","71/18986",0.0704225352112676,10.870262223749,6.72832817973336,9.72948943536238e-05,0.00142967720556567,0.00100067293287602,"SERPINE2/COMP/PDGFA/THBS1/SERPINE1",5
"GO:0048592","eye morphogenesis","7/123","167/18986",0.0419161676646707,6.4700842218003,5.73332355729026,0.000108449967212515,0.00157498013575532,0.00110237470775382,"FGF2/COL5A2/COL5A1/COL8A1/COL8A2/MFAP2/EFEMP1",7
"GO:0090263","positive regulation of canonical Wnt signaling pathway","6/123","116/18986",0.0517241379310345,7.98402018502944,6.0925766893137,0.00010854869596233,0.00157498013575532,0.00110237470775382,"COL1A1/SULF2/FGF2/GPC3/SFRP2/SFRP4",6
"GO:0061035","regulation of cartilage development","5/123","73/18986",0.0684931506849315,10.5724468203586,6.61693175023297,0.000111092113128362,0.00159186027942318,0.00111418961450741,"LEP/WNT11/CTSK/EFEMP1/BMP6",5
"GO:1903317","regulation of protein maturation","5/123","73/18986",0.0684931506849315,10.5724468203586,6.61693175023297,0.000111092113128362,0.00159186027942318,0.00111418961450741,"SERPINE2/CLEC3B/THBS1/MMP14/SERPINE1",5
"GO:1990138","neuron projection extension","7/123","169/18986",0.0414201183431953,6.39351517775533,5.68712192559943,0.00011680510658252,0.00166339124003626,0.00116425622805449,"S100B/SEMA3G/FN1/CXCL12/SLIT2/PLXNA4/POSTN",7
"GO:0007292","female gamete generation","7/123","170/18986",0.0411764705882353,6.355906264945,5.66430004340992,0.000121174711968158,0.00171503104607694,0.00120040044016245,"LEP/TNFAIP6/MMP2/INHBA/ADAMTS1/INSL3/ZP3",7
"GO:0001953","negative regulation of cell-matrix adhesion","4/123","40/18986",0.1,15.4357723577236,7.3801251781169,0.000127984641224832,0.00180036931283956,0.00126013119152049,"THBS1/MMP14/SERPINE1/POSTN",4
"GO:0032102","negative regulation of response to external stimulus","11/123","437/18986",0.0251716247139588,3.88543468958717,4.92769921371989,0.000129310326116448,0.0018079934687918,0.00126546756148409,"SERPINE2/FGF2/ADIPOQ/MMP28/PDGFA/FGL2/TNFAIP6/CD109/THBS1/SLIT2/SERPINE1",11
"GO:0044344","cellular response to fibroblast growth factor stimulus","6/123","120/18986",0.05,7.71788617886179,5.96122924497165,0.000130848128417242,0.00181847368830469,0.00127280297395085,"COL1A1/SULF2/FGF2/THBS1/SMOC2/POSTN",6
"GO:0071674","mononuclear cell migration","8/123","231/18986",0.0346320346320346,5.34572202864886,5.36613844651979,0.000131848472313517,0.00182140374627116,0.00127485380730498,"MMP28/MMP2/THBS1/CXCL12/LGALS3/SLIT2/MMP14/SERPINE1",8
"GO:0050818","regulation of coagulation","5/123","76/18986",0.0657894736842105,10.1551133932392,6.45769060341993,0.000134545323147772,0.00184759559822566,0.00129318625130754,"SERPINE2/PDGFA/THBS1/ANGPT1/SERPINE1",5
"GO:0051962","positive regulation of nervous system development","9/123","297/18986",0.0303030303030303,4.67750677506775,5.15811651717138,0.000137716475775267,0.00187995212789078,0.0013158335337232,"SERPINE2/FGF2/THBS2/VCAN/FN1/CXCL12/SLIT2/PLXNA4/TGM2",9
"GO:0040036","regulation of fibroblast growth factor receptor signaling pathway","4/123","41/18986",0.0975609756097561,15.0592901050962,7.27713597800829,0.000141113925143315,0.00190380014798613,0.00133252546118711,"SULF2/FGF2/THBS1/SMOC2",4
"GO:0044060","regulation of endocrine process","4/123","41/18986",0.0975609756097561,15.0592901050962,7.27713597800829,0.000141113925143315,0.00190380014798613,0.00133252546118711,"LEP/CRHBP/INHBA/BMP6",4
"GO:0007596","blood coagulation","8/123","234/18986",0.0341880341880342,5.27718713084567,5.31612099673453,0.000144080428906827,0.00193148661385437,0.00135190402922574,"SERPINE2/COL3A1/COMP/PDGFA/SVEP1/THBS1/FBLN1/SERPINE1",8
"GO:0048511","rhythmic process","9/123","299/18986",0.0301003344481605,4.64621910433151,5.13169737857213,0.000144840565321546,0.00193148661385437,0.00135190402922574,"LEP/ADIPOQ/TGFB3/TNFAIP6/MMP2/INHBA/SLIT2/ADAMTS1/ZP3",9
"GO:0048246","macrophage chemotaxis","4/123","42/18986",0.0952380952380952,14.7007355787844,7.17769766682147,0.000155190751220219,0.00205761530497153,0.00144018519281195,"MMP28/MMP2/THBS1/LGALS3",4
"GO:0030510","regulation of BMP signaling pathway","6/123","124/18986",0.0483870967741935,7.46892210857592,5.83581301583235,0.000156635396196954,0.00206490205157928,0.00144528540009701,"GPC3/CHRDL1/SFRP2/SFRP4/TNFAIP6/CRIM1",6
"GO:0048732","gland development","11/123","450/18986",0.0244444444444444,3.77318879855465,4.80762027358152,0.00016696275144985,0.00218854015678866,0.00153182332968941,"SERPINE2/SULF2/WNT11/FGF2/NTN4/TNC/PDGFA/TGFB3/MMP2/IGFBP5/TGM2",11
"GO:0002688","regulation of leukocyte chemotaxis","6/123","126/18986",0.0476190476190476,7.35036778939218,5.77518340904165,0.000170954457745909,0.00222097453680322,0.00155452510184388,"MMP28/TNFAIP6/THBS1/CXCL12/SLIT2/SERPINE1",6
"GO:0030595","leukocyte chemotaxis","8/123","240/18986",0.0333333333333333,5.14525745257453,5.21861547020622,0.000171362578045502,0.00222097453680322,0.00155452510184388,"MMP28/TNFAIP6/MMP2/THBS1/CXCL12/LGALS3/SLIT2/SERPINE1",8
"GO:0007599","hemostasis","8/123","241/18986",0.033195020746888,5.12390783658874,5.20268130801122,0.000176298063837144,0.00227217672219157,0.00159036301044504,"SERPINE2/COL3A1/COMP/PDGFA/SVEP1/THBS1/FBLN1/SERPINE1",8
"GO:0072089","stem cell proliferation","6/123","128/18986",0.046875,7.23551829268293,5.71586813188831,0.000186289269527661,0.00238760747111286,0.0016711563710844,"WNT11/FGF2/SFRP2/CD109/FBLN1/KITLG",6
"GO:0043200","response to amino acid","6/123","129/18986",0.0465116279069767,7.17942900359236,5.68668766317828,0.000194353417380952,0.00246358974669152,0.00172433859029717,"COL1A1/COL1A2/COL3A1/COL5A2/MMP2/COL16A1",6
"GO:0045471","response to ethanol","6/123","129/18986",0.0465116279069767,7.17942900359236,5.68668766317828,0.000194353417380952,0.00246358974669152,0.00172433859029717,"LEP/FGF2/ADIPOQ/TNC/CRHBP/CTSK",6
"GO:0010720","positive regulation of cell development","11/123","460/18986",0.0239130434782609,3.69116295510781,4.71824573494806,0.000201933198523983,0.00254568245352365,0.00178179767923951,"SERPINE2/FGF2/ADIPOQ/VCAN/FN1/CXCL12/SLIT2/PLXNA4/MMP14/KITLG/TGM2",11
"GO:0050769","positive regulation of neurogenesis","8/123","247/18986",0.0323886639676113,4.99944043974853,5.1088950203007,0.000208431226292045,0.0026133197774769,0.00182913902249427,"SERPINE2/FGF2/VCAN/FN1/CXCL12/SLIT2/PLXNA4/TGM2",8
"GO:0051960","regulation of nervous system development","11/123","463/18986",0.0237580993520518,3.66724613250452,4.69191785849244,0.00021356486710684,0.00266321161305665,0.00186405977890124,"SERPINE2/FGF2/THBS2/VCAN/SEMA3G/FN1/CTSC/CXCL12/SLIT2/PLXNA4/TGM2",11
"GO:0050919","negative chemotaxis","4/123","47/18986",0.0851063829787234,13.1368275384882,6.72710275972245,0.000241204896186634,0.00298850864115395,0.00209174469259697,"SEMA3G/PDGFA/SLIT2/PLXNA4",4
"GO:0008544","epidermis development","10/123","393/18986",0.0254452926208651,3.92767744471338,4.73584240045463,0.000242241489334975,0.00298850864115395,0.00209174469259697,"FGF2/PDGFA/TECTA/SFRP4/CSTA/SVEP1/LAMB3/CD109/INHBA/IGFBP5",10
"GO:0008625","extrinsic apoptotic signaling pathway via death domain receptors","5/123","87/18986",0.0574712643678161,8.8711335389216,5.94196334565634,0.000254271032271108,0.00312023016728429,0.0021839404451505,"SFRP2/THBS1/TNFSF10/LGALS3/SERPINE1",5
"GO:0051897","positive regulation of phosphatidylinositol 3-kinase/protein kinase B signal transduction","7/123","192/18986",0.0364583333333333,5.62762533875339,5.20417230972419,0.000256368811860491,0.003129327243186,0.00219030775490946,"LEP/FGF2/PDGFA/FN1/THBS1/ANGPT1/IGFBP5",7
"GO:0061383","trabecula morphogenesis","4/123","48/18986",0.0833333333333333,12.8631436314363,6.64516586115559,0.000261822686473968,0.00317907861944971,0.0022251301997289,"COL1A1/THBS3/MMP2/ADAMTS1",4
"GO:0035272","exocrine system development","4/123","49/18986",0.0816326530612245,12.6006304961009,6.56563171641666,0.000283676803862912,0.00340855409641531,0.00238574680441726,"NTN4/PDGFA/TGFB3/TGM2",4
"GO:1902041","regulation of extrinsic apoptotic signaling pathway via death domain receptors","4/123","49/18986",0.0816326530612245,12.6006304961009,6.56563171641666,0.000283676803862912,0.00340855409641531,0.00238574680441726,"SFRP2/THBS1/LGALS3/SERPINE1",4
"GO:0050954","sensory perception of mechanical stimulus","7/123","196/18986",0.0357142857142857,5.51277584204413,5.12815190828117,0.000290609067034545,0.00347375708626267,0.00243138428596123,"COL1A1/SERPINE2/TECTA/COL11A1/SERPINB6/CXCL12/TSPEAR",7
"GO:0030195","negative regulation of blood coagulation","4/123","50/18986",0.08,12.3486178861789,6.48838074985017,0.000306809902248901,0.00362475318717259,0.00253707087770527,"SERPINE2/PDGFA/THBS1/SERPINE1",4
"GO:0031670","cellular response to nutrient","4/123","50/18986",0.08,12.3486178861789,6.48838074985017,0.000306809902248901,0.00362475318717259,0.00253707087770527,"COL1A1/LEP/TNC/POSTN",4
"GO:0060562","epithelial tube morphogenesis","9/123","331/18986",0.027190332326284,4.19703780119372,4.73823520933277,0.00030795475712433,0.00362475318717259,0.00253707087770527,"CTHRC1/WNT11/FGF2/GPC3/TNC/SFRP2/MMRN2/SLIT2/MMP14",9
"GO:0051591","response to cAMP","5/123","91/18986",0.0549450549450549,8.48119360314482,5.77657765482576,0.000313501733192831,0.00364985386719605,0.00255463957852702,"COL1A1/ADIPOQ/CRHBP/SDC1/IGFBP5",5
"GO:0050678","regulation of epithelial cell proliferation","10/123","406/18986",0.0246305418719212,3.80191437382354,4.60837163897928,0.000313785549941121,0.00364985386719605,0.00255463957852702,"LEP/SULF2/FGF2/GPC3/SFRP2/MMRN2/CD109/THBS1/CXCL12/BMP6",10
"GO:0060070","canonical Wnt signaling pathway","9/123","332/18986",0.0271084337349398,4.18439612106964,4.726749815859,0.000314833515202434,0.00364985386719605,0.00255463957852702,"COL1A1/CTHRC1/SULF2/WNT11/FGF2/GPC3/SFRP2/SFRP4/SDC1",9
"GO:0048846","axon extension involved in axon guidance","3/123","21/18986",0.142857142857143,22.0511033681765,7.79400287618245,0.000324046556556344,0.00371928062674371,0.00260323340014366,"CXCL12/SLIT2/PLXNA4",3
"GO:1902284","neuron projection extension involved in neuron projection guidance","3/123","21/18986",0.142857142857143,22.0511033681765,7.79400287618245,0.000324046556556344,0.00371928062674371,0.00260323340014366,"CXCL12/SLIT2/PLXNA4",3
"GO:0001654","eye development","10/123","411/18986",0.024330900243309,3.75566237414199,4.56073648883562,0.000345645162654294,0.00394087446547901,0.00275833341548368,"FGF2/COL5A2/COL5A1/CHRDL1/COL8A1/INHBA/COL8A2/MFAP2/EFEMP1/BMP6",10
"GO:0050886","endocrine process","5/123","93/18986",0.0537634408602151,8.29880234286214,5.69764109646905,0.00034676962136638,0.00394087446547901,0.00275833341548368,"LEP/PCSK5/CRHBP/INHBA/BMP6",5
"GO:0001101","response to acid chemical","6/123","144/18986",0.0416666666666667,6.43157181571816,5.2831841238433,0.000351928435875453,0.0039798965762974,0.00278564613329693,"COL1A1/COL1A2/COL3A1/COL5A2/MMP2/COL16A1",6
"GO:0050922","negative regulation of chemotaxis","4/123","52/18986",0.0769230769230769,11.8736710444028,6.34029039790695,0.000357085091830503,0.00401851369196571,0.00281267538314758,"MMP28/TNFAIP6/THBS1/SLIT2",4
"GO:0071677","positive regulation of mononuclear cell migration","5/123","94/18986",0.0531914893617021,8.21051721155509,5.65905415882879,0.000364372358465439,0.00407012377762309,0.00284879879308914,"THBS1/CXCL12/LGALS3/MMP14/SERPINE1",5
"GO:0050921","positive regulation of chemotaxis","6/123","145/18986",0.0413793103448276,6.38721614802355,5.25834287489526,0.000365199662751617,0.00407012377762309,0.00284879879308914,"FGF2/THBS1/CXCL12/SLIT2/SMOC2/SERPINE1",6
"GO:0018108","peptidyl-tyrosine phosphorylation","7/123","204/18986",0.0343137254901961,5.29658855412084,4.98219139000936,0.000370114961937845,0.00410252515814196,0.00287147746793045,"ADIPOQ/PDGFA/SFRP2/ANGPT1/EFEMP1/BMP6/KITLG",7
"GO:0150063","visual system development","10/123","415/18986",0.0240963855421687,3.71946321872857,4.52316121003934,0.000373039948332889,0.00410252515814196,0.00287147746793045,"FGF2/COL5A2/COL5A1/CHRDL1/COL8A1/INHBA/COL8A2/MFAP2/EFEMP1/BMP6",10
"GO:0060445","branching involved in salivary gland morphogenesis","3/123","22/18986",0.136363636363636,21.0487804878049,7.59778153861327,0.0003734418219375,0.00410252515814196,0.00287147746793045,"NTN4/PDGFA/TGM2",3
"GO:1904707","positive regulation of vascular associated smooth muscle cell proliferation","4/123","53/18986",0.0754716981132075,11.6496395152631,6.26925014721081,0.000384313869038701,0.00420195306100608,0.00294106996809861,"FGF2/MMP2/IGFBP5/ADAMTS1",4
"GO:0018212","peptidyl-tyrosine modification","7/123","206/18986",0.0339805825242718,5.245165364275,4.94689739380176,0.000392488305768978,0.00427108736513695,0.00298945909160682,"ADIPOQ/PDGFA/SFRP2/ANGPT1/EFEMP1/BMP6/KITLG",7
"GO:0072091","regulation of stem cell proliferation","5/123","96/18986",0.0520833333333333,8.0394647696477,5.58356725181883,0.000401596801727659,0.0043496893032193,0.00304447488930185,"WNT11/FGF2/CD109/FBLN1/KITLG",5
"GO:0002548","monocyte chemotaxis","4/123","54/18986",0.0740740740740741,11.4339054501656,6.200090132647,0.0004129949627512,0.00443153199566055,0.00310175898585234,"CXCL12/LGALS3/SLIT2/SERPINE1",4
"GO:0050819","negative regulation of coagulation","4/123","54/18986",0.0740740740740741,11.4339054501656,6.200090132647,0.0004129949627512,0.00443153199566055,0.00310175898585234,"SERPINE2/PDGFA/THBS1/SERPINE1",4
"GO:0003007","heart morphogenesis","8/123","274/18986",0.0291970802919708,4.50679484897039,4.72147844191445,0.000418303464705469,0.00444712485288257,0.00311267288313456,"WNT11/COL5A1/SFRP2/COL11A1/ADAMTS5/ELN/SLIT2/ADAMTS1",8
"GO:0048762","mesenchymal cell differentiation","8/123","274/18986",0.0291970802919708,4.50679484897039,4.72147844191445,0.000418303464705469,0.00444712485288257,0.00311267288313456,"COL1A1/WNT11/SEMA3G/FN1/SFRP2/TGFB3/TNXB/KITLG",8
"GO:0048880","sensory system development","10/123","422/18986",0.023696682464455,3.65776596154587,4.45850907270294,0.000425341629264317,0.00449377700087703,0.00314532608735216,"FGF2/COL5A2/COL5A1/CHRDL1/COL8A1/INHBA/COL8A2/MFAP2/EFEMP1/BMP6",10
"GO:0002689","negative regulation of leukocyte chemotaxis","3/123","23/18986",0.130434782608696,20.1336161187699,7.4141253776347,0.000427432795304234,0.00449377700087703,0.00314532608735216,"MMP28/TNFAIP6/SLIT2",3
"GO:0097305","response to alcohol","8/123","275/18986",0.0290909090909091,4.49040650406504,4.708107070202,0.000428535301340679,0.00449377700087703,0.00314532608735216,"LEP/FGF2/ADIPOQ/TNC/CRHBP/INHBA/CTSK/SLIT2",8
"GO:0060828","regulation of canonical Wnt signaling pathway","8/123","276/18986",0.0289855072463768,4.4741369152822,4.69479951780604,0.000438969858825978,0.00458236861679425,0.00320733395303191,"COL1A1/CTHRC1/SULF2/WNT11/FGF2/GPC3/SFRP2/SFRP4",8
"GO:0022404","molting cycle process","5/123","99/18986",0.0505050505050505,7.79584462511292,5.47434321577269,0.000462729839316346,0.00478707506413816,0.00335061398872445,"PDGFA/CD109/INHBA/IGFBP5/TSPEAR",5
"GO:0022405","hair cycle process","5/123","99/18986",0.0505050505050505,7.79584462511292,5.47434321577269,0.000462729839316346,0.00478707506413816,0.00335061398872445,"PDGFA/CD109/INHBA/IGFBP5/TSPEAR",5
"GO:0030177","positive regulation of Wnt signaling pathway","6/123","152/18986",0.0394736842105263,6.09306803594352,5.09075812136019,0.000469429704584759,0.00483470682355821,0.00338395285165893,"COL1A1/SULF2/FGF2/GPC3/SFRP2/SFRP4",6
"GO:0001657","ureteric bud development","5/123","100/18986",0.05,7.71788617886179,5.43895070560223,0.000484587357818203,0.00491949097737328,0.0034432957631422,"WNT11/FGF2/GPC3/SDC1/SLIT2",5
"GO:0072073","kidney epithelium development","6/123","153/18986",0.0392156862745098,6.05324406185238,5.06767448275939,0.000486036669131409,0.00491949097737328,0.0034432957631422,"WNT11/FGF2/ADIPOQ/GPC3/SDC1/SLIT2",6
"GO:2001235","positive regulation of apoptotic signaling pathway","6/123","153/18986",0.0392156862745098,6.05324406185238,5.06767448275939,0.000486036669131409,0.00491949097737328,0.0034432957631422,"CTSC/MMP2/THBS1/TNFSF10/INHBA/CTSK",6
"GO:2001026","regulation of endothelial cell chemotaxis","3/123","24/18986",0.125,19.2947154471545,7.24171923094935,0.00048619156603429,0.00491949097737328,0.0034432957631422,"FGF2/THBS1/SMOC2",3
"GO:0048661","positive regulation of smooth muscle cell proliferation","5/123","101/18986",0.0495049504950495,7.64147146421959,5.404045256475,0.000507213349913476,0.00505344722656652,0.00353705566379351,"FGF2/MMP2/THBS1/IGFBP5/ADAMTS1",5
"GO:0072163","mesonephric epithelium development","5/123","101/18986",0.0495049504950495,7.64147146421959,5.404045256475,0.000507213349913476,0.00505344722656652,0.00353705566379351,"WNT11/FGF2/GPC3/SDC1/SLIT2",5
"GO:0072164","mesonephric tubule development","5/123","101/18986",0.0495049504950495,7.64147146421959,5.404045256475,0.000507213349913476,0.00505344722656652,0.00353705566379351,"WNT11/FGF2/GPC3/SDC1/SLIT2",5
"GO:0002686","negative regulation of leukocyte migration","4/123","57/18986",0.0701754385964912,10.8321209527885,6.00306822046338,0.000508192352216486,0.00505344722656652,0.00353705566379351,"MMP28/TNFAIP6/CXCL12/SLIT2",4
"GO:0031960","response to corticosteroid","6/123","156/18986",0.0384615384615385,5.93683552220138,4.99963467634781,0.000538618310452381,0.00533301477344911,0.00373273317476373,"ADIPOQ/ANXA3/INHBA/SDC1/SLIT2/BMP6",6
"GO:0060986","endocrine hormone secretion","4/123","58/18986",0.0689655172413793,10.6453602467059,5.94063076593454,0.000543123854167964,0.00535464415198929,0.00374787221004794,"LEP/CRHBP/INHBA/BMP6",4
"GO:0040037","negative regulation of fibroblast growth factor receptor signaling pathway","3/123","25/18986",0.12,18.5229268292683,7.07943350286162,0.000549886386762582,0.00539824635855863,0.00377839067096887,"SULF2/FGF2/THBS1",3
"GO:0048754","branching morphogenesis of an epithelial tube","6/123","158/18986",0.0379746835443038,5.86168570546465,4.9552526473548,0.00057606016459792,0.00563123220223475,0.00394146428409103,"FGF2/GPC3/TNC/SFRP2/SLIT2/MMP14",6
"GO:0001823","mesonephros development","5/123","105/18986",0.0476190476190476,7.35036778939218,5.26906439450375,0.000605751218392983,0.00589648970815448,0.00412712577843587,"WNT11/FGF2/GPC3/SDC1/SLIT2",5
"GO:0016525","negative regulation of angiogenesis","6/123","160/18986",0.0375,5.78841463414634,4.91162484618731,0.000615494424032538,0.00592240139897584,0.00414526212945905,"THBS2/ISM1/THBS1/COL4A2/SERPINE1/ADAMTS1",6
"GO:0072006","nephron development","6/123","160/18986",0.0375,5.78841463414634,4.91162484618731,0.000615494424032538,0.00592240139897584,0.00414526212945905,"SULF2/WNT11/FGF2/ADIPOQ/GPC3/ANGPT1",6
"GO:0046324","regulation of D-glucose import","4/123","60/18986",0.0666666666666667,10.2905149051491,5.82020746756358,0.00061805290012613,0.00592240139897584,0.00414526212945905,"LEP/ADIPOQ/GPC3/ITLN1",4
"GO:0033622","integrin activation","3/123","26/18986",0.115384615384615,17.8105065666041,6.92629176926611,0.000618681723950228,0.00592240139897584,0.00414526212945905,"FN1/COL16A1/CXCL12",3
"GO:0043434","response to peptide hormone","10/123","446/18986",0.0224215246636771,3.46093550621605,4.24683385508217,0.000653271831943798,0.00621181635685353,0.00434783213168769,"COL1A1/LEP/ADIPOQ/COL3A1/CRHBP/TNFSF10/INHBA/CXCL12/CTSK/IGFBP5",10
"GO:0050730","regulation of peptidyl-tyrosine phosphorylation","6/123","162/18986",0.037037037037037,5.71695272508281,4.86872839561012,0.000656993147408869,0.00621181635685353,0.00434783213168769,"ADIPOQ/PDGFA/SFRP2/ANGPT1/BMP6/KITLG",6
"GO:2000181","negative regulation of blood vessel morphogenesis","6/123","162/18986",0.037037037037037,5.71695272508281,4.86872839561012,0.000656993147408869,0.00621181635685353,0.00434783213168769,"THBS2/ISM1/THBS1/COL4A2/SERPINE1/ADAMTS1",6
"GO:0006929","substrate-dependent cell migration","3/123","27/18986",0.111111111111111,17.1508581752484,6.78144504003062,0.000692738307916467,0.00652305010760526,0.00456567374583828,"FN1/FBLN1/SLIT2",3
"GO:1901343","negative regulation of vasculature development","6/123","164/18986",0.0365853658536585,5.64723378941107,4.82654138900989,0.000700629594878646,0.00654393714730783,0.00458029319643657,"THBS2/ISM1/THBS1/COL4A2/SERPINE1/ADAMTS1",6
"GO:2001236","regulation of extrinsic apoptotic signaling pathway","6/123","164/18986",0.0365853658536585,5.64723378941107,4.82654138900989,0.000700629594878646,0.00654393714730783,0.00458029319643657,"SFRP2/THBS1/TNFSF10/INHBA/LGALS3/SERPINE1",6
"GO:0090100","positive regulation of transmembrane receptor protein serine/threonine kinase signaling pathway","5/123","109/18986",0.0458715596330275,7.08062952189155,5.14100207134084,0.000717997823358253,0.00667911684873988,0.00467490942712886,"GPC3/TGFB3/THBS1/INHBA/BMP6",5
"GO:0048675","axon extension","5/123","110/18986",0.0454545454545455,7.01626016260163,5.10999459326287,0.000748337440730412,0.00693339146893599,0.00485288367820948,"SEMA3G/FN1/CXCL12/SLIT2/PLXNA4",5
"GO:0048562","embryonic organ morphogenesis","8/123","300/18986",0.0266666666666667,4.11620596205962,4.39320109659541,0.000758440359445732,0.00699794593866685,0.00489806724153718,"CTHRC1/WNT11/TECTA/COL11A1/TGFB3/MFAP2/EFEMP1/MMP14",8
"GO:0001934","positive regulation of protein phosphorylation","10/123","455/18986",0.021978021978022,3.39247744125793,4.17115756785744,0.00076137166476176,0.00699794593866685,0.00489806724153718,"LEP/FGF2/ADIPOQ/ITLN1/PDGFA/SFRP2/THBS1/ANGPT1/BMP6/KITLG",10
"GO:2000351","regulation of endothelial cell apoptotic process","4/123","64/18986",0.0625,9.64735772357723,5.59554467137862,0.000789432143911389,0.00719164220546579,0.00503364092952092,"THBS1/ANGPTL4/ANGPT1/SERPINE1",4
"GO:0007584","response to nutrient","6/123","168/18986",0.0357142857142857,5.51277584204413,4.7442126227358,0.000794614590235612,0.00719164220546579,0.00503364092952092,"COL1A1/LEP/ADIPOQ/TNC/SFRP2/POSTN",6
"GO:0045926","negative regulation of growth","7/123","232/18986",0.0301724137931034,4.65734510793384,4.52600941558352,0.000794914938185425,0.00719164220546579,0.00503364092952092,"SERPINE2/GPC3/SEMA3G/SFRP2/INHBA/SLIT2/IGFBP5",7
"GO:0048588","developmental cell growth","7/123","232/18986",0.0301724137931034,4.65734510793384,4.52600941558352,0.000794914938185425,0.00719164220546579,0.00503364092952092,"S100B/SEMA3G/FN1/CXCL12/SLIT2/PLXNA4/POSTN",7
"GO:0022617","extracellular matrix disassembly","4/123","65/18986",0.0615384615384615,9.4989368355222,5.54244907086322,0.000837023458930535,0.00751366972666437,0.00525903741961679,"ADAMTS5/MMP2/CTSK/MMP14",4
"GO:1905330","regulation of morphogenesis of an epithelium","4/123","65/18986",0.0615384615384615,9.4989368355222,5.54244907086322,0.000837023458930535,0.00751366972666437,0.00525903741961679,"FGF2/NTN4/PDGFA/MMRN2",4
"GO:1990845","adaptive thermogenesis","6/123","170/18986",0.0352941176470588,5.44791965566715,4.70403144722286,0.000845115483332714,0.00755690472887044,0.00528929886345322,"LEP/S100B/LAMA4/ADIPOQ/ADAMTS5/MFAP2",6
"GO:0010594","regulation of endothelial cell migration","7/123","235/18986",0.0297872340425532,4.59788963847085,4.48148581376818,0.000857006949956602,0.00760653173341632,0.00532403425686612,"FGF2/ANXA3/MMRN2/THBS1/ANGPT1/SLIT2/SMOC2",7
"GO:0003401","axis elongation","3/123","29/18986",0.103448275862069,15.9680403700589,6.51375791379853,0.000857259753224206,0.00760653173341632,0.00532403425686612,"WNT11/TNC/SFRP2",3
"GO:0050767","regulation of neurogenesis","9/123","383/18986",0.0234986945169713,3.62720499267656,4.19425015062703,0.000878364709961263,0.00773579929176878,0.00541451240552702,"SERPINE2/FGF2/VCAN/SEMA3G/FN1/CXCL12/SLIT2/PLXNA4/TGM2",9
"GO:0097191","extrinsic apoptotic signaling pathway","7/123","236/18986",0.0296610169491525,4.57840705525699,4.46681104117599,0.000878534639984144,0.00773579929176878,0.00541451240552702,"SFRP2/THBS1/TNFSF10/INHBA/LGALS3/SERPINE1/KITLG",7
"GO:0090303","positive regulation of wound healing","4/123","66/18986",0.0606060606060606,9.3550135501355,5.49048910876164,0.000886603780014589,0.00777716699807474,0.00544346687429409,"THBS1/SMOC2/SERPINE1/INSL3",4
"GO:0003205","cardiac chamber development","6/123","172/18986",0.0348837209302326,5.38457175269427,4.66448079513528,0.000898058747500256,0.00784780882758746,0.00549291115895292,"WNT11/CRELD1/SFRP2/COL11A1/SLIT2/ADAMTS1",6
"GO:0006909","phagocytosis","7/123","239/18986",0.0292887029288703,4.52093751063034,4.4232740974805,0.000945691014808277,0.00818590151827667,0.00572955213151571,"LEP/ADIPOQ/ANXA3/THBS1/SPON2/MFGE8/TGM2",7
"GO:0010955","negative regulation of protein processing","3/123","30/18986",0.1,15.4357723577236,6.38968981987782,0.000948027837362884,0.00818590151827667,0.00572955213151571,"SERPINE2/THBS1/SERPINE1",3
"GO:1902230","negative regulation of intrinsic apoptotic signaling pathway in response to DNA damage","3/123","30/18986",0.1,15.4357723577236,6.38968981987782,0.000948027837362884,0.00818590151827667,0.00572955213151571,"MUC1/SFRP2/CXCL12",3
"GO:0060840","artery development","5/123","116/18986",0.0431034482758621,6.6533501541912,4.93175398315492,0.000950941312049479,0.00818590151827667,0.00572955213151571,"LEP/WNT11/COL3A1/COMP/LOX",5
"GO:0001667","ameboidal-type cell migration","7/123","241/18986",0.029045643153527,4.48341935701515,4.39464738176556,0.000992666033623671,0.0085133105560216,0.00595871530259719,"FGF2/GPC3/SEMA3G/FN1/THBS1/KITLG/INSL3",7
"GO:0050820","positive regulation of coagulation","3/123","31/18986",0.0967741935483871,14.9378442171518,6.27143654993228,0.00104466371025854,0.00878951517167988,0.00615203899954689,"THBS1/ANGPT1/SERPINE1",3
"GO:0090025","regulation of monocyte chemotaxis","3/123","31/18986",0.0967741935483871,14.9378442171518,6.27143654993228,0.00104466371025854,0.00878951517167988,0.00615203899954689,"CXCL12/SLIT2/SERPINE1",3
"GO:0098868","bone growth","3/123","31/18986",0.0967741935483871,14.9378442171518,6.27143654993228,0.00104466371025854,0.00878951517167988,0.00615203899954689,"LEP/COMP/THBS3",3
"GO:0030193","regulation of blood coagulation","4/123","69/18986",0.0579710144927536,8.94827383056439,5.341013901648,0.00104773154408841,0.00878951517167988,0.00615203899954689,"SERPINE2/PDGFA/THBS1/SERPINE1",4
"GO:0046888","negative regulation of hormone secretion","4/123","69/18986",0.0579710144927536,8.94827383056439,5.341013901648,0.00104773154408841,0.00878951517167988,0.00615203899954689,"LEP/ADIPOQ/CRHBP/INHBA",4
"GO:0071300","cellular response to retinoic acid","4/123","69/18986",0.0579710144927536,8.94827383056439,5.341013901648,0.00104773154408841,0.00878951517167988,0.00615203899954689,"COL1A1/LEP/WNT11/TNC",4
"GO:2001234","negative regulation of apoptotic signaling pathway","7/123","244/18986",0.0286885245901639,4.42829534852726,4.35228824164159,0.00106655592403026,0.00891501636499207,0.00623988095904813,"FGF2/MUC1/SFRP2/THBS1/CXCL12/LGALS3/SERPINE1",7
"GO:0001936","regulation of endothelial cell proliferation","6/123","179/18986",0.0335195530726257,5.17400190761684,4.53076847992214,0.00110374335609408,0.00905612832661595,0.00633864935232764,"LEP/FGF2/MMRN2/THBS1/CXCL12/BMP6",6
"GO:0048662","negative regulation of smooth muscle cell proliferation","4/123","70/18986",0.0571428571428571,8.82044134727061,5.29319757204612,0.00110572068282555,0.00905612832661595,0.00633864935232764,"ADIPOQ/TGFB3/IGFBP3/IGFBP5",4
"GO:0072577","endothelial cell apoptotic process","4/123","70/18986",0.0571428571428571,8.82044134727061,5.29319757204612,0.00110572068282555,0.00905612832661595,0.00633864935232764,"THBS1/ANGPTL4/ANGPT1/SERPINE1",4
"GO:0032355","response to estradiol","5/123","120/18986",0.0416666666666667,6.43157181571816,4.81979656873389,0.00110699097880611,0.00905612832661595,0.00633864935232764,"COL1A1/LEP/CRHBP/MMP2/POSTN",5
"GO:0042303","molting cycle","5/123","120/18986",0.0416666666666667,6.43157181571816,4.81979656873389,0.00110699097880611,0.00905612832661595,0.00633864935232764,"PDGFA/CD109/INHBA/IGFBP5/TSPEAR",5
"GO:0042633","hair cycle","5/123","120/18986",0.0416666666666667,6.43157181571816,4.81979656873389,0.00110699097880611,0.00905612832661595,0.00633864935232764,"PDGFA/CD109/INHBA/IGFBP5/TSPEAR",5
"GO:0042327","positive regulation of phosphorylation","10/123","479/18986",0.0208768267223382,3.22249944837653,3.97826656829635,0.00112373026463377,0.00916058558484134,0.00641176204555774,"LEP/FGF2/ADIPOQ/ITLN1/PDGFA/SFRP2/THBS1/ANGPT1/BMP6/KITLG",10
"GO:0001958","endochondral ossification","3/123","32/18986",0.09375,14.4710365853659,6.1585438881253,0.00114731015355106,0.00922245478830064,0.00645506611240535,"COL1A1/BMP6/MMP14",3
"GO:0035767","endothelial cell chemotaxis","3/123","32/18986",0.09375,14.4710365853659,6.1585438881253,0.00114731015355106,0.00922245478830064,0.00645506611240535,"FGF2/THBS1/SMOC2",3
"GO:0036075","replacement ossification","3/123","32/18986",0.09375,14.4710365853659,6.1585438881253,0.00114731015355106,0.00922245478830064,0.00645506611240535,"COL1A1/BMP6/MMP14",3
"GO:1903318","negative regulation of protein maturation","3/123","32/18986",0.09375,14.4710365853659,6.1585438881253,0.00114731015355106,0.00922245478830064,0.00645506611240535,"SERPINE2/THBS1/SERPINE1",3
"GO:0043627","response to estrogen","4/123","71/18986",0.0563380281690141,8.6962097789992,5.24632719570355,0.00116592520751044,0.00933954671432843,0.00653702217953588,"CRHBP/TGFB3/MMP2/MMP14",4
"GO:0052548","regulation of endopeptidase activity","7/123","248/18986",0.0282258064516129,4.35687123000262,4.29686173546306,0.00117173315264796,0.00935359302131086,0.00654685360102702,"SERPINE2/SERPINB6/THBS1/TNFSF10/SPOCK1/SERPINE1/SERPINA3",7
"GO:0007179","transforming growth factor beta receptor signaling pathway","7/123","250/18986",0.028,4.3220162601626,4.26958627193845,0.00122728816654344,0.00973847598675099,0.0068162444567682,"COL1A2/COL3A1/TGFB3/CD109/THBS1/LTBP4/LOX",7
"GO:0050918","positive chemotaxis","4/123","72/18986",0.0555555555555556,8.57542908762421,5.20037027398903,0.00122839033903101,0.00973847598675099,0.0068162444567682,"FGF2/ANGPT1/CXCL12/LGALS3",4
"GO:0060351","cartilage development involved in endochondral bone morphogenesis","3/123","33/18986",0.0909090909090909,14.0325203252033,6.05060599901814,0.00125610650192973,0.00992410171216397,0.00694616933655444,"COL1A1/COMP/THBS3",3
"GO:0001952","regulation of cell-matrix adhesion","5/123","125/18986",0.04,6.17430894308943,4.68681141156219,0.00132783851796572,0.0104550288769519,0.00731778080315938,"COL16A1/THBS1/MMP14/SERPINE1/POSTN",5
"GO:0030514","negative regulation of BMP signaling pathway","4/123","74/18986",0.0540540540540541,8.34366073390464,5.11107447520661,0.00136028305615102,0.0106019358464203,0.00742060529208985,"CHRDL1/SFRP2/TNFAIP6/CRIM1",4
"GO:0030858","positive regulation of epithelial cell differentiation","4/123","74/18986",0.0540540540540541,8.34366073390464,5.11107447520661,0.00136028305615102,0.0106019358464203,0.00742060529208985,"FGF2/SFRP4/BMP6/SERPINE1",4
"GO:0071260","cellular response to mechanical stimulus","4/123","74/18986",0.0540540540540541,8.34366073390464,5.11107447520661,0.00136028305615102,0.0106019358464203,0.00742060529208985,"COL1A1/WNT11/FGF2/BMP6",4
"GO:0030212","hyaluronan metabolic process","3/123","34/18986",0.0882352941176471,13.6197991391679,5.94725898812114,0.0013711886895441,0.0106509505278729,0.00745491210264274,"FGF2/ITIH5/TNFAIP6",3
"GO:0071496","cellular response to external stimulus","4/123","75/18986",0.0533333333333333,8.23241192411924,5.06767799961488,0.00142980079783338,0.0110689612100725,0.00774749001722502,"COL1A1/WNT11/FGF2/BMP6",4
"GO:0002698","negative regulation of immune effector process","5/123","128/18986",0.0390625,6.02959857723577,4.61044629723045,0.00147504944086131,0.0113810670905252,0.0079659420604867,"FGL2/TGFB3/SVEP1/ANGPT1/LGALS3",5
"GO:0045927","positive regulation of growth","7/123","259/18986",0.027027027027027,4.17183036695232,4.15028770313464,0.00150335870601976,0.011560828449292,0.00809176229836603,"LEP/FGF2/FN1/SFRP2/CXCL12/MMP14/ZP3",7
"GO:0003206","cardiac chamber morphogenesis","5/123","129/18986",0.0387596899224806,5.98285750299363,4.58552954863246,0.00152669040955003,0.0117012450991094,0.0081900440225555,"WNT11/SFRP2/COL11A1/SLIT2/ADAMTS1",5
"GO:0048771","tissue remodeling","6/123","191/18986",0.031413612565445,4.84893372493934,4.31706338989736,0.00153834839868924,0.0117515554827022,0.00822525773297069,"LEP/CTHRC1/MMP2/CTSK/IGFBP5/MMP14",6
"GO:0045669","positive regulation of osteoblast differentiation","4/123","77/18986",0.051948051948052,8.01858304297329,4.98325370751755,0.00157620383418222,0.0120009975097636,0.00839984951063234,"CTHRC1/FGF2/SFRP2/BMP6",4
"GO:2000352","negative regulation of endothelial cell apoptotic process","3/123","36/18986",0.0833333333333333,12.8631436314363,5.75306003319839,0.00162073759136326,0.0122994790239311,0.00860876546105,"ANGPTL4/ANGPT1/SERPINE1",3
"GO:0010827","regulation of D-glucose transmembrane transport","4/123","78/18986",0.0512820512820513,7.9157806962685,4.94217582153055,0.00165317875504196,0.0124636712022281,0.00872368837369922,"LEP/ADIPOQ/GPC3/ITLN1",4
"GO:0050772","positive regulation of axonogenesis","4/123","78/18986",0.0512820512820513,7.9157806962685,4.94217582153055,0.00165317875504196,0.0124636712022281,0.00872368837369922,"FN1/CXCL12/SLIT2/PLXNA4",4
"GO:0046323","D-glucose import","4/123","79/18986",0.0506329113924051,7.81558094061953,4.90182257272418,0.00173272884281195,0.0130208646266032,0.00911368436438722,"LEP/ADIPOQ/GPC3/ITLN1",4
"GO:0010595","positive regulation of endothelial cell migration","5/123","133/18986",0.037593984962406,5.80292193899383,4.4884210346852,0.0017466478386227,0.0130640169532092,0.00914388794115072,"FGF2/ANXA3/THBS1/ANGPT1/SMOC2",5
"GO:0002040","sprouting angiogenesis","6/123","196/18986",0.0306122448979592,4.72523643603783,4.2332211939897,0.00175364492840926,0.0130640169532092,0.00914388794115072,"FGF2/MMRN2/THBS1/ANGPT1/SLIT2/TGM2",6
"GO:0046326","positive regulation of D-glucose import","3/123","37/18986",0.0810810810810811,12.515491100857,5.6616452318969,0.00175545958192235,0.0130640169532092,0.00914388794115072,"ADIPOQ/GPC3/ITLN1",3
"GO:0051384","response to glucocorticoid","5/123","134/18986",0.0373134328358209,5.75961655138939,4.46476005305742,0.00180508753512127,0.0132617686812996,0.0092823001652242,"ADIPOQ/ANXA3/SDC1/SLIT2/BMP6",5
"GO:0014012","peripheral nervous system axon regeneration","2/123","10/18986",0.2,30.8715447154472,7.62970628613779,0.00181077465739462,0.0132617686812996,0.0092823001652242,"TNC/MMP2",2
"GO:0048149","behavioral response to ethanol","2/123","10/18986",0.2,30.8715447154472,7.62970628613779,0.00181077465739462,0.0132617686812996,0.0092823001652242,"FGF2/CRHBP",2
"GO:0071314","cellular response to cocaine","2/123","10/18986",0.2,30.8715447154472,7.62970628613779,0.00181077465739462,0.0132617686812996,0.0092823001652242,"CRHBP/TGM2",2
"GO:1900748","positive regulation of vascular endothelial growth factor signaling pathway","2/123","10/18986",0.2,30.8715447154472,7.62970628613779,0.00181077465739462,0.0132617686812996,0.0092823001652242,"TNXB/SMOC2",2
"GO:0046683","response to organophosphorus","5/123","135/18986",0.037037037037037,5.71695272508281,4.44133656430804,0.00186494833044328,0.0136153031592805,0.00952974929680208,"COL1A1/ADIPOQ/CRHBP/SDC1/IGFBP5",5
"GO:1902229","regulation of intrinsic apoptotic signaling pathway in response to DNA damage","3/123","38/18986",0.0789473684210526,12.186136071887,5.57368835764648,0.00189697805380368,0.0137388174917071,0.00961620059420012,"MUC1/SFRP2/CXCL12",3
"GO:1903036","positive regulation of response to wounding","4/123","81/18986",0.0493827160493827,7.62260363344374,4.82320149788221,0.00189973245767428,0.0137388174917071,0.00961620059420012,"THBS1/SMOC2/SERPINE1/INSL3",4
"GO:2000027","regulation of animal organ morphogenesis","4/123","81/18986",0.0493827160493827,7.62260363344374,4.82320149788221,0.00189973245767428,0.0137388174917071,0.00961620059420012,"FGF2/NTN4/PDGFA/SFRP2",4
"GO:0030111","regulation of Wnt signaling pathway","8/123","349/18986",0.0229226361031519,3.53828592727188,3.86471726168348,0.0019843048110562,0.0142504931798485,0.00997433738867409,"COL1A1/CTHRC1/SULF2/WNT11/FGF2/GPC3/SFRP2/SFRP4",8
"GO:0030516","regulation of axon extension","4/123","82/18986",0.0487804878048781,7.52964505254809,4.78489178139865,0.0019872746030561,0.0142504931798485,0.00997433738867409,"SEMA3G/FN1/CXCL12/PLXNA4",4
"GO:0048565","digestive tract development","5/123","137/18986",0.0364963503649635,5.63349356121298,4.39518504444907,0.0019890155196841,0.0142504931798485,0.00997433738867409,"WNT11/COL3A1/PCSK5/SFRP2/TGFB3",5
"GO:0003180","aortic valve morphogenesis","3/123","39/18986",0.0769230769230769,11.8736710444028,5.48896852463294,0.00204541261735495,0.0145640953957959,0.0101938367609568,"ADAMTS5/ELN/SLIT2",3
"GO:0050974","detection of mechanical stimulus involved in sensory perception","3/123","39/18986",0.0769230769230769,11.8736710444028,5.48896852463294,0.00204541261735495,0.0145640953957959,0.0101938367609568,"SERPINE2/COL11A1/CXCL12",3
"GO:0021953","central nervous system neuron differentiation","6/123","203/18986",0.0295566502463054,4.56229724858825,4.12048340363754,0.00209260556706062,0.0148542801329503,0.010396945554238,"LEP/SFRP2/INHBA/SPOCK1/SLIT2/PLXNA4",6
"GO:0031099","regeneration","6/123","204/18986",0.0294117647058824,4.53993304638929,4.10479703205817,0.00214480225206434,0.0151780944647621,0.0106235926853946,"SULF2/TNC/ANXA3/MMP2/CXCL12/POSTN",6
"GO:0003018","vascular process in circulatory system","7/123","276/18986",0.0253623188405797,3.91486980087192,3.93902994306409,0.00215517433957208,0.0152048538268893,0.010642322346382,"LEP/COMP/MMP2/SVEP1/ANGPT1/SLIT2/BMP6",7
"GO:0090101","negative regulation of transmembrane receptor protein serine/threonine kinase signaling pathway","6/123","205/18986",0.0292682926829268,4.51778703152885,4.08921167245308,0.00219797708951998,0.0153137697888433,0.0107185558168894,"CHRDL1/SFRP2/TGFB3/TNFAIP6/CD109/CRIM1",6
"GO:0060391","positive regulation of SMAD protein signal transduction","3/123","40/18986",0.075,11.5768292682927,5.40728421405225,0.00220087975055469,0.0153137697888433,0.0107185558168894,"TGFB3/INHBA/BMP6",3
"GO:0002604","regulation of dendritic cell antigen processing and presentation","2/123","11/18986",0.181818181818182,28.0650406504065,7.25047748223225,0.00220380215426787,0.0153137697888433,0.0107185558168894,"FGL2/THBS1",2
"GO:0038063","collagen-activated tyrosine kinase receptor signaling pathway","2/123","11/18986",0.181818181818182,28.0650406504065,7.25047748223225,0.00220380215426787,0.0153137697888433,0.0107185558168894,"COL1A1/COL4A2",2
"GO:0071635","negative regulation of transforming growth factor beta production","2/123","11/18986",0.181818181818182,28.0650406504065,7.25047748223225,0.00220380215426787,0.0153137697888433,0.0107185558168894,"FN1/FBLN1",2
"GO:0030168","platelet activation","5/123","141/18986",0.0354609929078014,5.47367814103673,4.30555057547365,0.00225511064786462,0.015623244037909,0.0109351659042969,"SERPINE2/COL3A1/COMP/PDGFA/SVEP1",5
"GO:0022408","negative regulation of cell-cell adhesion","6/123","207/18986",0.0289855072463768,4.4741369152822,4.05833922619695,0.00230730795443172,0.0159370043439341,0.0111547759284534,"SERPINE2/ADIPOQ/FGL2/CXCL12/LGALS3/BMP6",6
"GO:0048864","stem cell development","4/123","86/18986",0.0465116279069767,7.17942900359236,4.63787612334637,0.00236540527845955,0.0162895223206155,0.0114015135810116,"FGF2/SEMA3G/FN1/KITLG",4
"GO:0042310","vasoconstriction","4/123","88/18986",0.0454545454545455,7.01626016260163,4.56785696393564,0.00257185821161051,0.0176585621850757,0.0123597446635668,"LEP/COMP/MMP2/SVEP1",4
"GO:0050770","regulation of axonogenesis","5/123","146/18986",0.0342465753424658,5.28622341017931,4.19820128001969,0.0026231180966245,0.0177119455010941,0.0123971092093529,"SEMA3G/FN1/CXCL12/SLIT2/PLXNA4",5
"GO:0001547","antral ovarian follicle growth","2/123","12/18986",0.166666666666667,25.7262872628726,6.9186690902086,0.00263337551229965,0.0177119455010941,0.0123971092093529,"TNFAIP6/ZP3",2
"GO:0001553","luteinization","2/123","12/18986",0.166666666666667,25.7262872628726,6.9186690902086,0.00263337551229965,0.0177119455010941,0.0123971092093529,"MMP2/INHBA",2
"GO:0014842","regulation of skeletal muscle satellite cell proliferation","2/123","12/18986",0.166666666666667,25.7262872628726,6.9186690902086,0.00263337551229965,0.0177119455010941,0.0123971092093529,"FGF2/ANGPT1",2
"GO:0032276","regulation of gonadotropin secretion","2/123","12/18986",0.166666666666667,25.7262872628726,6.9186690902086,0.00263337551229965,0.0177119455010941,0.0123971092093529,"LEP/INHBA",2
"GO:0033629","negative regulation of cell adhesion mediated by integrin","2/123","12/18986",0.166666666666667,25.7262872628726,6.9186690902086,0.00263337551229965,0.0177119455010941,0.0123971092093529,"MUC1/SERPINE1",2
"GO:0043589","skin morphogenesis","2/123","12/18986",0.166666666666667,25.7262872628726,6.9186690902086,0.00263337551229965,0.0177119455010941,0.0123971092093529,"COL1A1/COL1A2",2
"GO:0033627","cell adhesion mediated by integrin","4/123","89/18986",0.0449438202247191,6.93742577875217,4.53366305173441,0.00267958279989998,0.0179293202376702,0.0125492561515689,"MUC1/SFRP2/COL16A1/SERPINE1",4
"GO:0043542","endothelial cell migration","7/123","287/18986",0.024390243902439,3.76482252627404,3.81111006027454,0.00268123774685575,0.0179293202376702,0.0125492561515689,"FGF2/ANXA3/MMRN2/THBS1/ANGPT1/SLIT2/SMOC2",7
"GO:0055123","digestive system development","5/123","148/18986",0.0337837837837838,5.2147879586904,4.15663285581672,0.0027818655551585,0.0185484503923429,0.0129826034731157,"WNT11/COL3A1/PCSK5/SFRP2/TGFB3",5
"GO:0008543","fibroblast growth factor receptor signaling pathway","4/123","90/18986",0.0444444444444444,6.86034327009937,4.49999306282831,0.00279036318486453,0.0185514924134942,0.0129847326727808,"SULF2/FGF2/THBS1/SMOC2",4
"GO:0090090","negative regulation of canonical Wnt signaling pathway","5/123","149/18986",0.0335570469798658,5.17978938178644,4.13612959472496,0.00286379663299098,0.0189849966445695,0.0132881549758263,"CTHRC1/WNT11/GPC3/SFRP2/SFRP4",5
"GO:0010828","positive regulation of D-glucose transmembrane transport","3/123","44/18986",0.0681818181818182,10.5243902439024,5.10743769796213,0.00289529630272614,0.0190841387725406,0.0133575474537802,"ADIPOQ/GPC3/ITLN1",3
"GO:0060563","neuroepithelial cell differentiation","3/123","44/18986",0.0681818181818182,10.5243902439024,5.10743769796213,0.00289529630272614,0.0190841387725406,0.0133575474537802,"WNT11/FGF2/SERPINE1",3
"GO:1903510","mucopolysaccharide metabolic process","4/123","91/18986",0.043956043956044,6.78495488251586,4.46683281855837,0.00290424187229772,0.0190885641008286,0.0133606448706094,"FGF2/ITIH5/TNFAIP6/ANGPT1",4
"GO:0014074","response to purine-containing compound","5/123","150/18986",0.0333333333333333,5.14525745257453,4.11580955913359,0.00294746048203569,0.0193175890115237,0.0135209461107738,"COL1A1/ADIPOQ/CRHBP/SDC1/IGFBP5",5
"GO:0034284","response to monosaccharide","6/123","218/18986",0.0275229357798165,4.24837771313493,3.89527609517294,0.00298362259492188,0.0194991992251693,0.0136480604163118,"COL1A1/LEP/ADIPOQ/COL6A3/THBS1/COL6A2",6
"GO:0120161","regulation of cold-induced thermogenesis","5/123","151/18986",0.033112582781457,5.11118289990847,4.09566978047546,0.00303287801133794,0.0197651117857532,0.0138341804025941,"LEP/LAMA4/ADIPOQ/ADAMTS5/MFAP2",5
"GO:0050866","negative regulation of cell activation","6/123","219/18986",0.0273972602739726,4.22897872814345,3.88098789798554,0.00305173335719034,0.019804492623943,0.0138617442041971,"SERPINE2/PDGFA/FN1/FGL2/INHBA/LGALS3",6
"GO:0003176","aortic valve development","3/123","45/18986",0.0666666666666667,10.2905149051491,5.03845127893413,0.00308756680651849,0.019804492623943,0.0138617442041971,"ADAMTS5/ELN/SLIT2",3
"GO:0010463","mesenchymal cell proliferation","3/123","45/18986",0.0666666666666667,10.2905149051491,5.03845127893413,0.00308756680651849,0.019804492623943,0.0138617442041971,"WNT11/GPC3/PDGFA",3
"GO:0043277","apoptotic cell clearance","3/123","45/18986",0.0666666666666667,10.2905149051491,5.03845127893413,0.00308756680651849,0.019804492623943,0.0138617442041971,"THBS1/MFGE8/TGM2",3
"GO:0032905","transforming growth factor beta1 production","2/123","13/18986",0.153846153846154,23.7473420888055,6.62501408200282,0.00309901249988878,0.019804492623943,0.0138617442041971,"COL3A1/THBS1",2
"GO:0043568","positive regulation of insulin-like growth factor receptor signaling pathway","2/123","13/18986",0.153846153846154,23.7473420888055,6.62501408200282,0.00309901249988878,0.019804492623943,0.0138617442041971,"IGFBP3/IGFBP5",2
"GO:0051918","negative regulation of fibrinolysis","2/123","13/18986",0.153846153846154,23.7473420888055,6.62501408200282,0.00309901249988878,0.019804492623943,0.0138617442041971,"THBS1/SERPINE1",2
"GO:0033273","response to vitamin","4/123","93/18986",0.043010752688172,6.63904187428971,4.40198750677003,0.00314146299962275,0.0200203180666566,0.01401280675028,"COL1A1/LEP/TNC/POSTN",4
"GO:0070372","regulation of ERK1 and ERK2 cascade","7/123","296/18986",0.0236486486486486,3.65035157108328,3.71105307969152,0.0031808713948084,0.0202156206827079,0.0141495047691346,"FGF2/ADIPOQ/PDGFA/FN1/INHBA/ANGPT1/FBLN1",7
"GO:0071356","cellular response to tumor necrosis factor","6/123","221/18986",0.0271493212669683,4.19070742743627,3.85266555282419,0.00319143750258499,0.0202270503254494,0.0141575047107154,"COL1A1/ADIPOQ/CRHBP/THBS1/CTSK/POSTN",6
"GO:0106106","cold-induced thermogenesis","5/123","153/18986",0.0326797385620915,5.04437005154365,4.05591945652649,0.00320905774755728,0.0202830033523689,0.0141966678723947,"LEP/LAMA4/ADIPOQ/ADAMTS5/MFAP2",5
"GO:0060071","Wnt signaling pathway, planar cell polarity pathway","3/123","46/18986",0.0652173913043478,10.0668080593849,4.9715959388455,0.00328750534495965,0.0206655989940651,0.0144644577632815,"CTHRC1/WNT11/GPC3",3
"GO:1905521","regulation of macrophage migration","3/123","46/18986",0.0652173913043478,10.0668080593849,4.9715959388455,0.00328750534495965,0.0206655989940651,0.0144644577632815,"MMP28/THBS1/MMP14",3
"GO:1903532","positive regulation of secretion by cell","7/123","298/18986",0.023489932885906,3.6258525672505,3.6893472305764,0.00330098291871956,0.0206939336779511,0.0144842900380887,"LEP/TGFB3/INHBA/SDC1/CXCL12/BMP6/ZP3",7
"GO:0051051","negative regulation of transport","9/123","467/18986",0.019271948608137,2.97477411604951,3.48914947243884,0.00338916946782109,0.0211884062203244,0.0148303858471826,"LEP/SERPINE2/ADIPOQ/CRHBP/SFRP4/THBS1/INHBA/ANGPT1/LGALS3",9
"GO:0050878","regulation of body fluid levels","8/123","381/18986",0.020997375328084,3.24110705673986,3.56831123893907,0.003398227265505,0.0211884062203244,0.0148303858471826,"SERPINE2/COL3A1/COMP/PDGFA/SVEP1/THBS1/FBLN1/SERPINE1",8
"GO:1901654","response to ketone","6/123","224/18986",0.0267857142857143,4.1345818815331,3.81080333311284,0.00340988277817967,0.0212037724238828,0.0148411411029298,"TNC/TGFB3/THBS1/INHBA/SLIT2/POSTN",6
"GO:0001942","hair follicle development","4/123","96/18986",0.0416666666666667,6.43157181571816,4.30821767116591,0.00352158074136449,0.0216647647208744,0.015163803108079,"PDGFA/CD109/INHBA/IGFBP5",4
"GO:0002042","cell migration involved in sprouting angiogenesis","4/123","96/18986",0.0416666666666667,6.43157181571816,4.30821767116591,0.00352158074136449,0.0216647647208744,0.015163803108079,"FGF2/MMRN2/THBS1/SLIT2",4
"GO:0007044","cell-substrate junction assembly","4/123","96/18986",0.0416666666666667,6.43157181571816,4.30821767116591,0.00352158074136449,0.0216647647208744,0.015163803108079,"FN1/COL16A1/THBS1/MMP14",4
"GO:0045666","positive regulation of neuron differentiation","4/123","96/18986",0.0416666666666667,6.43157181571816,4.30821767116591,0.00352158074136449,0.0216647647208744,0.015163803108079,"S100B/FGF2/CXCL12/BMP6",4
"GO:0002291","T cell activation via T cell receptor contact with antigen bound to MHC molecule on antigen presenting cell","2/123","14/18986",0.142857142857143,22.0511033681765,6.36260258706466,0.00360023551140687,0.022031149402694,0.0154202464735394,"FGL2/LGALS3",2
"GO:1900025","negative regulation of substrate adhesion-dependent cell spreading","2/123","14/18986",0.142857142857143,22.0511033681765,6.36260258706466,0.00360023551140687,0.022031149402694,0.0154202464735394,"FBLN1/POSTN",2
"GO:0120163","negative regulation of cold-induced thermogenesis","3/123","48/18986",0.0625,9.64735772357723,4.84383634887832,0.00371076664573915,0.0225877009280217,0.0158097931802912,"LAMA4/ADIPOQ/ADAMTS5",3
"GO:1903587","regulation of blood vessel endothelial cell proliferation involved in sprouting angiogenesis","3/123","48/18986",0.0625,9.64735772357723,4.84383634887832,0.00371076664573915,0.0225877009280217,0.0158097931802912,"FGF2/MMRN2/THBS1",3
"GO:0001818","negative regulation of cytokine production","8/123","388/18986",0.0206185567010309,3.18263347581929,3.50764818206761,0.00379221636042286,0.023022745114462,0.0161142933431819,"WNT11/ADIPOQ/FN1/TGFB3/THBS1/INHBA/ANGPT1/FBLN1",8
"GO:0010563","negative regulation of phosphorus metabolic process","7/123","306/18986",0.0228758169934641,3.53105903608056,3.6043505805655,0.0038164509403406,0.0230485662810622,0.0161323663336525,"ADIPOQ/PDGFA/SFRP2/INHBA/FBLN1/IGFBP3/SLIT2",7
"GO:0045936","negative regulation of phosphate metabolic process","7/123","306/18986",0.0228758169934641,3.53105903608056,3.6043505805655,0.0038164509403406,0.0230485662810622,0.0161323663336525,"ADIPOQ/PDGFA/SFRP2/INHBA/FBLN1/IGFBP3/SLIT2",7
"GO:0016055","Wnt signaling pathway","9/123","476/18986",0.0189075630252101,2.91852838696454,3.42311090926509,0.00384036429416824,0.023132429312392,0.0161910645245405,"COL1A1/CTHRC1/SULF2/WNT11/FGF2/GPC3/SFRP2/SFRP4/SDC1",9
"GO:0030100","regulation of endocytosis","7/123","307/18986",0.0228013029315961,3.51955721511613,3.59392554565745,0.00388495618888016,0.0233400883535066,0.0163364111670564,"ADIPOQ/GPC3/SFRP4/ANGPT1/LGALS3/SERPINE1/TGM2",7
"GO:0061387","regulation of extent of cell growth","4/123","99/18986",0.0404040404040404,6.23667570009034,4.21836602709481,0.00393183027582555,0.0234531438475877,0.0164155420172927,"SEMA3G/FN1/CXCL12/PLXNA4",4
"GO:0033628","regulation of cell adhesion mediated by integrin","3/123","49/18986",0.0612244897959184,9.45047287207566,4.78273079435355,0.00393427250499195,0.0234531438475877,0.0164155420172927,"MUC1/SFRP2/SERPINE1",3
"GO:1905314","semi-lunar valve development","3/123","49/18986",0.0612244897959184,9.45047287207566,4.78273079435355,0.00393427250499195,0.0234531438475877,0.0164155420172927,"ADAMTS5/ELN/SLIT2",3
"GO:0010596","negative regulation of endothelial cell migration","4/123","100/18986",0.04,6.17430894308943,4.18923609714811,0.00407546539740919,0.0242209911568068,0.0169529808293029,"FGF2/MMRN2/THBS1/SLIT2",4
"GO:0035791","platelet-derived growth factor receptor-beta signaling pathway","2/123","15/18986",0.133333333333333,20.5810298102981,6.12616260788388,0.0041365715282973,0.0242209911568068,0.0169529808293029,"PDGFA/LOX",2
"GO:0035860","glial cell-derived neurotrophic factor receptor signaling pathway","2/123","15/18986",0.133333333333333,20.5810298102981,6.12616260788388,0.0041365715282973,0.0242209911568068,0.0169529808293029,"SULF2/MMP14",2
"GO:0038065","collagen-activated signaling pathway","2/123","15/18986",0.133333333333333,20.5810298102981,6.12616260788388,0.0041365715282973,0.0242209911568068,0.0169529808293029,"COL1A1/COL4A2",2
"GO:0060026","convergent extension","2/123","15/18986",0.133333333333333,20.5810298102981,6.12616260788388,0.0041365715282973,0.0242209911568068,0.0169529808293029,"WNT11/SFRP2",2
"GO:0072176","nephric duct development","2/123","15/18986",0.133333333333333,20.5810298102981,6.12616260788388,0.0041365715282973,0.0242209911568068,0.0169529808293029,"WNT11/GPC3",2
"GO:2001028","positive regulation of endothelial cell chemotaxis","2/123","15/18986",0.133333333333333,20.5810298102981,6.12616260788388,0.0041365715282973,0.0242209911568068,0.0169529808293029,"FGF2/SMOC2",2
"GO:0043114","regulation of vascular permeability","3/123","50/18986",0.06,9.26146341463414,4.72335228154838,0.00416581267112449,0.0243304552716055,0.0170295979680345,"ANGPT1/SLIT2/BMP6",3
"GO:0034446","substrate adhesion-dependent cell spreading","4/123","101/18986",0.0396039603960396,6.11317717137567,4.16049982106426,0.00422260981173891,0.0245999011002062,0.0172181909920454,"NTN4/FN1/FBLN1/POSTN",4
"GO:2001237","negative regulation of extrinsic apoptotic signaling pathway","4/123","102/18986",0.0392156862745098,6.05324406185238,4.13214771720952,0.00437330306251589,0.025413627620212,0.0177877420068921,"SFRP2/THBS1/LGALS3/SERPINE1",4
"GO:0014911","positive regulation of smooth muscle cell migration","3/123","51/18986",0.0588235294117647,9.07986609277858,4.66561684922954,0.00440547190518647,0.0255362404152392,0.01787356229187,"IGFBP5/POSTN/ADAMTS1",3
"GO:0150115","cell-substrate junction organization","4/123","103/18986",0.0388349514563107,5.99447470202857,4.10417062411744,0.004527584386016,0.0261782886680173,0.0183229506612546,"FN1/COL16A1/THBS1/MMP14",4
"GO:0071622","regulation of granulocyte chemotaxis","3/123","52/18986",0.0576923076923077,8.90525328330206,4.60944618247787,0.00465333232233071,0.0266838394340584,0.018676800443431,"TNFAIP6/THBS1/SLIT2",3
"GO:0140353","lipid export from cell","3/123","52/18986",0.0576923076923077,8.90525328330206,4.60944618247787,0.00465333232233071,0.0266838394340584,0.018676800443431,"LEP/INHBA/BMP6",3
"GO:0002468","dendritic cell antigen processing and presentation","2/123","16/18986",0.125,19.2947154471545,5.91159208382995,0.00470755208047758,0.0266838394340584,0.018676800443431,"FGL2/THBS1",2
"GO:0014857","regulation of skeletal muscle cell proliferation","2/123","16/18986",0.125,19.2947154471545,5.91159208382995,0.00470755208047758,0.0266838394340584,0.018676800443431,"FGF2/ANGPT1",2
"GO:0051895","negative regulation of focal adhesion assembly","2/123","16/18986",0.125,19.2947154471545,5.91159208382995,0.00470755208047758,0.0266838394340584,0.018676800443431,"THBS1/MMP14",2
"GO:0061043","regulation of vascular wound healing","2/123","16/18986",0.125,19.2947154471545,5.91159208382995,0.00470755208047758,0.0266838394340584,0.018676800443431,"SMOC2/SERPINE1",2
"GO:0061101","neuroendocrine cell differentiation","2/123","16/18986",0.125,19.2947154471545,5.91159208382995,0.00470755208047758,0.0266838394340584,0.018676800443431,"WNT11/FGF2",2
"GO:0150118","negative regulation of cell-substrate junction organization","2/123","16/18986",0.125,19.2947154471545,5.91159208382995,0.00470755208047758,0.0266838394340584,0.018676800443431,"THBS1/MMP14",2
"GO:0070371","ERK1 and ERK2 cascade","7/123","319/18986",0.0219435736677116,3.38716007849734,3.4720989609175,0.00478201280079949,0.0270394694398148,0.0189257162962498,"FGF2/ADIPOQ/PDGFA/FN1/INHBA/ANGPT1/FBLN1",7
"GO:0023061","signal release","9/123","493/18986",0.0182555780933063,2.81788947706921,3.3024764140481,0.00482042489995205,0.0271900250469178,0.019031094573482,"LEP/ADIPOQ/PCSK5/CRHBP/INHBA/LTBP4/CXCL12/BMP6/TGM2",9
"GO:0007605","sensory perception of sound","5/123","169/18986",0.029585798816568,4.56679655553952,3.76096223457805,0.00489405919731451,0.0275380355322063,0.0192746773008484,"COL1A1/TECTA/COL11A1/SERPINB6/TSPEAR",5
"GO:0048009","insulin-like growth factor receptor signaling pathway","3/123","53/18986",0.0566037735849057,8.73722963644731,4.5547671325195,0.00490947342952824,0.0275575552358191,0.0192883397128859,"CRIM1/IGFBP3/IGFBP5",3
"GO:0051047","positive regulation of secretion","7/123","322/18986",0.0217391304347826,3.35560268646165,3.44254866246471,0.00502889159294894,0.0281376913930295,0.0196943939939804,"LEP/TGFB3/INHBA/SDC1/CXCL12/BMP6/ZP3",7
"GO:0009743","response to carbohydrate","6/123","243/18986",0.0246913580246914,3.81130181672187,3.56158678746726,0.00506161331950898,0.0281376913930295,0.0196943939939804,"COL1A1/LEP/ADIPOQ/COL6A3/THBS1/COL6A2",6
"GO:0034612","response to tumor necrosis factor","6/123","243/18986",0.0246913580246914,3.81130181672187,3.56158678746726,0.00506161331950898,0.0281376913930295,0.0196943939939804,"COL1A1/ADIPOQ/CRHBP/THBS1/CTSK/POSTN",6
"GO:0045860","positive regulation of protein kinase activity","6/123","243/18986",0.0246913580246914,3.81130181672187,3.56158678746726,0.00506161331950898,0.0281376913930295,0.0196943939939804,"LEP/FGF2/ADIPOQ/PDGFA/THBS1/ANGPT1",6
"GO:0048639","positive regulation of developmental growth","5/123","171/18986",0.0292397660818713,4.51338373032853,3.72669631377081,0.0051416182430501,0.0283523842749088,0.0198446638275774,"LEP/FGF2/FN1/CXCL12/ZP3",5
"GO:0010543","regulation of platelet activation","3/123","54/18986",0.0555555555555556,8.57542908762421,4.50151128559444,0.00517397216286805,0.0283523842749088,0.0198446638275774,"SERPINE2/PDGFA/SVEP1",3
"GO:0048146","positive regulation of fibroblast proliferation","3/123","54/18986",0.0555555555555556,8.57542908762421,4.50151128559444,0.00517397216286805,0.0283523842749088,0.0198446638275774,"PDGFA/FN1/FBLN1",3
"GO:0048286","lung alveolus development","3/123","54/18986",0.0555555555555556,8.57542908762421,4.50151128559444,0.00517397216286805,0.0283523842749088,0.0198446638275774,"PDGFA/TGFB3/IGFBP5",3
"GO:0050873","brown fat cell differentiation","3/123","54/18986",0.0555555555555556,8.57542908762421,4.50151128559444,0.00517397216286805,0.0283523842749088,0.0198446638275774,"LEP/ADIPOQ/LAMB3",3
"GO:1904752","regulation of vascular associated smooth muscle cell migration","3/123","54/18986",0.0555555555555556,8.57542908762421,4.50151128559444,0.00517397216286805,0.0283523842749088,0.0198446638275774,"ADIPOQ/IGFBP5/ADAMTS1",3
"GO:0002697","regulation of immune effector process","8/123","410/18986",0.0195121951219512,3.01185802101923,3.32556644960128,0.00526441979108193,0.0287035816650003,0.0200904771629186,"LEP/FGL2/TGFB3/SVEP1/ANGPT1/LGALS3/SPON2/ZP3",8
"GO:0030856","regulation of epithelial cell differentiation","5/123","172/18986",0.0290697674418605,4.48714312724523,3.70976073933064,0.00526867092255759,0.0287035816650003,0.0200904771629186,"FGF2/SFRP4/CD109/BMP6/SERPINE1",5
"GO:0048638","regulation of developmental growth","7/123","325/18986",0.0215384615384615,3.32462789243277,3.41334465628759,0.00528526141909977,0.0287035816650003,0.0200904771629186,"LEP/FGF2/SEMA3G/FN1/CXCL12/PLXNA4/ZP3",7
"GO:0014841","skeletal muscle satellite cell proliferation","2/123","17/18986",0.117647058823529,18.1597321855572,5.71564467292769,0.00531271320804298,0.0287035816650003,0.0200904771629186,"FGF2/ANGPT1",2
"GO:0043117","positive regulation of vascular permeability","2/123","17/18986",0.117647058823529,18.1597321855572,5.71564467292769,0.00531271320804298,0.0287035816650003,0.0200904771629186,"ANGPT1/BMP6",2
"GO:0048841","regulation of axon extension involved in axon guidance","2/123","17/18986",0.117647058823529,18.1597321855572,5.71564467292769,0.00531271320804298,0.0287035816650003,0.0200904771629186,"CXCL12/PLXNA4",2
"GO:0030308","negative regulation of cell growth","5/123","173/18986",0.0289017341040462,4.46120588373514,3.69295428197746,0.00539793282799159,0.0290958669022818,0.020365049085438,"SERPINE2/SEMA3G/SFRP2/INHBA/SLIT2",5
"GO:0002043","blood vessel endothelial cell proliferation involved in sprouting angiogenesis","3/123","55/18986",0.0545454545454545,8.41951219512195,4.44961457504864,0.00544690292444572,0.0292232675504565,0.0204542205290079,"FGF2/MMRN2/THBS1",3
"GO:0071320","cellular response to cAMP","3/123","55/18986",0.0545454545454545,8.41951219512195,4.44961457504864,0.00544690292444572,0.0292232675504565,0.0204542205290079,"ADIPOQ/CRHBP/IGFBP5",3
"GO:0002573","myeloid leukocyte differentiation","6/123","247/18986",0.0242914979757085,3.7495803298114,3.51232065247944,0.00547331677364,0.0292968487164443,0.0205057221413207,"ADIPOQ/GPC3/TNFAIP6/CD109/INHBA/KITLG",6
"GO:0048144","fibroblast proliferation","4/123","109/18986",0.036697247706422,5.66450361751324,3.94370725482922,0.00553077897574689,0.0295358960579816,0.0206730383742586,"COL3A1/PDGFA/FN1/FBLN1",4
"GO:0050680","negative regulation of epithelial cell proliferation","5/123","175/18986",0.0285714285714286,4.41022067363531,3.65972151836187,0.00566316535469218,0.0301730311161082,0.0211189878548628,"GPC3/SFRP2/MMRN2/CD109/THBS1",5
"GO:0048260","positive regulation of receptor-mediated endocytosis","3/123","56/18986",0.0535714285714286,8.2691637630662,4.39901693161655,0.00572833761884441,0.0303799422682162,0.0212638110279669,"SFRP4/ANGPT1/SERPINE1",3
"GO:1904738","vascular associated smooth muscle cell migration","3/123","56/18986",0.0535714285714286,8.2691637630662,4.39901693161655,0.00572833761884441,0.0303799422682162,0.0212638110279669,"ADIPOQ/IGFBP5/ADAMTS1",3
"GO:0007229","integrin-mediated signaling pathway","4/123","111/18986",0.036036036036036,5.56244048926976,3.89285023602272,0.0058956082185946,0.0311239546002237,0.0217845670416093,"COL3A1/FN1/COL16A1/ADAMTS1",4
"GO:0030203","glycosaminoglycan metabolic process","4/123","111/18986",0.036036036036036,5.56244048926976,3.89285023602272,0.0058956082185946,0.0311239546002237,0.0217845670416093,"FGF2/ITIH5/TNFAIP6/ANGPT1",4
"GO:0010544","negative regulation of platelet activation","2/123","18/18986",0.111111111111111,17.1508581752484,5.53571291961586,0.00595159542326913,0.0311345366019997,0.021791973694462,"SERPINE2/PDGFA",2
"GO:0032274","gonadotropin secretion","2/123","18/18986",0.111111111111111,17.1508581752484,5.53571291961586,0.00595159542326913,0.0311345366019997,0.021791973694462,"LEP/INHBA",2
"GO:0051917","regulation of fibrinolysis","2/123","18/18986",0.111111111111111,17.1508581752484,5.53571291961586,0.00595159542326913,0.0311345366019997,0.021791973694462,"THBS1/SERPINE1",2
"GO:0070206","protein trimerization","2/123","18/18986",0.111111111111111,17.1508581752484,5.53571291961586,0.00595159542326913,0.0311345366019997,0.021791973694462,"COL1A2/ITLN1",2
"GO:0001755","neural crest cell migration","3/123","57/18986",0.0526315789473684,8.12409071459136,4.34966196752621,0.00601834568921263,0.0312709988851656,0.02188748764166,"SEMA3G/FN1/KITLG",3
"GO:0002762","negative regulation of myeloid leukocyte differentiation","3/123","57/18986",0.0526315789473684,8.12409071459136,4.34966196752621,0.00601834568921263,0.0312709988851656,0.02188748764166,"ADIPOQ/TNFAIP6/INHBA",3
"GO:0050982","detection of mechanical stimulus","3/123","57/18986",0.0526315789473684,8.12409071459136,4.34966196752621,0.00601834568921263,0.0312709988851656,0.02188748764166,"SERPINE2/COL11A1/CXCL12",3
"GO:2001243","negative regulation of intrinsic apoptotic signaling pathway","4/123","112/18986",0.0357142857142857,5.51277584204413,3.8678824951697,0.0060838944659727,0.0315405495123573,0.0220761540172729,"FGF2/MUC1/SFRP2/CXCL12",4
"GO:2001238","positive regulation of extrinsic apoptotic signaling pathway","3/123","58/18986",0.0517241379310345,7.98402018502944,4.30149669062524,0.00631699415294233,0.0326755728942555,0.0228705901123756,"THBS1/TNFSF10/INHBA",3
"GO:0017015","regulation of transforming growth factor beta receptor signaling pathway","5/123","180/18986",0.0277777777777778,4.2877145438121,3.57877680240547,0.00636632005870594,0.0328570478197642,0.0229976097257857,"TGFB3/CD109/THBS1/LTBP4/LOX",5
"GO:0042326","negative regulation of phosphorylation","6/123","256/18986",0.0234375,3.61775914634146,3.40512652505276,0.00648875024519425,0.033414166999248,0.0233875537503007,"ADIPOQ/SFRP2/INHBA/FBLN1/IGFBP3/SLIT2",6
"GO:0030178","negative regulation of Wnt signaling pathway","5/123","181/18986",0.0276243093922652,4.26402551318331,3.56294105426409,0.00651398058296847,0.0334406345699052,0.0234060791778955,"CTHRC1/WNT11/GPC3/SFRP2/SFRP4",5
"GO:0031669","cellular response to nutrient levels","6/123","257/18986",0.0233463035019455,3.60368226250356,3.39351462656238,0.0066094809063938,0.0334406345699052,0.0234060791778955,"COL1A1/LEP/TNC/INHBA/CTSK/POSTN",6
"GO:0003417","growth plate cartilage development","2/123","19/18986",0.105263157894737,16.2481814291827,5.36967502985787,0.00662374367291128,0.0334406345699052,0.0234060791778955,"COMP/THBS3",2
"GO:0032026","response to magnesium ion","2/123","19/18986",0.105263157894737,16.2481814291827,5.36967502985787,0.00662374367291128,0.0334406345699052,0.0234060791778955,"THBS1/BMP6",2
"GO:0071636","positive regulation of transforming growth factor beta production","2/123","19/18986",0.105263157894737,16.2481814291827,5.36967502985787,0.00662374367291128,0.0334406345699052,0.0234060791778955,"WNT11/THBS1",2
"GO:0097094","craniofacial suture morphogenesis","2/123","19/18986",0.105263157894737,16.2481814291827,5.36967502985787,0.00662374367291128,0.0334406345699052,0.0234060791778955,"TGFB3/MMP14",2
"GO:1904037","positive regulation of epithelial cell apoptotic process","2/123","19/18986",0.105263157894737,16.2481814291827,5.36967502985787,0.00662374367291128,0.0334406345699052,0.0234060791778955,"WNT11/SFRP4",2
"GO:0048008","platelet-derived growth factor receptor signaling pathway","3/123","59/18986",0.0508474576271186,7.84869780901199,4.25447124521114,0.00662434763695132,0.0334406345699052,0.0234060791778955,"ADIPOQ/PDGFA/LOX",3
"GO:0090497","mesenchymal cell migration","3/123","59/18986",0.0508474576271186,7.84869780901199,4.25447124521114,0.00662434763695132,0.0334406345699052,0.0234060791778955,"SEMA3G/FN1/KITLG",3
"GO:0043534","blood vessel endothelial cell migration","5/123","182/18986",0.0274725274725275,4.24059680157241,3.54721935815481,0.00666403057005201,0.0335675076967467,0.02349488139384,"FGF2/MMRN2/THBS1/ANGPT1/SLIT2",5
"GO:0033674","positive regulation of kinase activity","6/123","258/18986",0.0232558139534884,3.58971450179618,3.38196037981185,0.00673183784882015,0.0338351850048542,0.0236822365785807,"LEP/FGF2/ADIPOQ/PDGFA/THBS1/ANGPT1",6
"GO:1903844","regulation of cellular response to transforming growth factor beta stimulus","5/123","183/18986",0.0273224043715847,4.21742414145453,3.5316101967846,0.00681648970457545,0.0341861777140338,0.0239279066517591,"TGFB3/CD109/THBS1/LTBP4/LOX",5
"GO:0071214","cellular response to abiotic stimulus","7/123","342/18986",0.0204678362573099,3.15936861122997,3.2540390781193,0.00692815380754821,0.0345078892840679,0.0241530819983849,"COL1A1/WNT11/FGF2/SFRP2/MMP2/SERPINB6/BMP6",7
"GO:0104004","cellular response to environmental stimulus","7/123","342/18986",0.0204678362573099,3.15936861122997,3.2540390781193,0.00692815380754821,0.0345078892840679,0.0241530819983849,"COL1A1/WNT11/FGF2/SFRP2/MMP2/SERPINB6/BMP6",7
"GO:0010718","positive regulation of epithelial to mesenchymal transition","3/123","60/18986",0.05,7.71788617886179,4.20853867666512,0.0069404684125737,0.0345078892840679,0.0241530819983849,"COL1A1/TGFB3/TNXB",3
"GO:0045604","regulation of epidermal cell differentiation","3/123","60/18986",0.05,7.71788617886179,4.20853867666512,0.0069404684125737,0.0345078892840679,0.0241530819983849,"FGF2/SFRP4/CD109",3
"GO:1902106","negative regulation of leukocyte differentiation","4/123","117/18986",0.0341880341880342,5.27718713084567,3.74739276671839,0.00708546630558964,0.0351530554128931,0.0246046526604969,"ADIPOQ/FGL2/TNFAIP6/INHBA",4
"GO:0001659","temperature homeostasis","5/123","185/18986",0.027027027027027,4.17183036695232,3.50072355111348,0.00712871377199651,0.0352917224720943,0.0247017097949913,"LEP/LAMA4/ADIPOQ/ADAMTS5/MFAP2",5
"GO:0050731","positive regulation of peptidyl-tyrosine phosphorylation","4/123","118/18986",0.0338983050847458,5.23246520600799,3.72412234949444,0.00729805229832988,0.035820609624876,0.0250718933974676,"ADIPOQ/ANGPT1/BMP6/KITLG",4
"GO:1904659","D-glucose transmembrane transport","4/123","118/18986",0.0338983050847458,5.23246520600799,3.72412234949444,0.00729805229832988,0.035820609624876,0.0250718933974676,"LEP/ADIPOQ/GPC3/ITLN1",4
"GO:0002577","regulation of antigen processing and presentation","2/123","20/18986",0.1,15.4357723577236,5.2157843117212,0.00732870730079821,0.035820609624876,0.0250718933974676,"FGL2/THBS1",2
"GO:0003184","pulmonary valve morphogenesis","2/123","20/18986",0.1,15.4357723577236,5.2157843117212,0.00732870730079821,0.035820609624876,0.0250718933974676,"ADAMTS5/SLIT2",2
"GO:0043116","negative regulation of vascular permeability","2/123","20/18986",0.1,15.4357723577236,5.2157843117212,0.00732870730079821,0.035820609624876,0.0250718933974676,"ANGPT1/SLIT2",2
"GO:0055093","response to hyperoxia","2/123","20/18986",0.1,15.4357723577236,5.2157843117212,0.00732870730079821,0.035820609624876,0.0250718933974676,"COL1A1/MMP2",2
"GO:0003179","heart valve morphogenesis","3/123","62/18986",0.0483870967741935,7.46892210857592,4.11977759151238,0.00759924935270613,0.0368327113191771,0.0257802930046393,"ADAMTS5/ELN/SLIT2",3
"GO:0007566","embryo implantation","3/123","62/18986",0.0483870967741935,7.46892210857592,4.11977759151238,0.00759924935270613,0.0368327113191771,0.0257802930046393,"PCSK5/MMP2/FBLN1",3
"GO:0022029","telencephalon cell migration","3/123","62/18986",0.0483870967741935,7.46892210857592,4.11977759151238,0.00759924935270613,0.0368327113191771,0.0257802930046393,"COL3A1/CXCL12/SLIT2",3
"GO:0032640","tumor necrosis factor production","5/123","188/18986",0.0265957446808511,4.10525860577755,3.45520126567093,0.00761560611150736,0.0368327113191771,0.0257802930046393,"LEP/ADIPOQ/THBS1/ANGPT1/SPON2",5
"GO:0032680","regulation of tumor necrosis factor production","5/123","188/18986",0.0265957446808511,4.10525860577755,3.45520126567093,0.00761560611150736,0.0368327113191771,0.0257802930046393,"LEP/ADIPOQ/THBS1/ANGPT1/SPON2",5
"GO:0048736","appendage development","5/123","189/18986",0.0264550264550265,4.08353766077343,3.44023700077879,0.00778292910587377,0.0374067030151058,0.0261820465973912,"GPC3/COL3A1/PCSK5/COMP/SFRP2",5
"GO:0060173","limb development","5/123","189/18986",0.0264550264550265,4.08353766077343,3.44023700077879,0.00778292910587377,0.0374067030151058,0.0261820465973912,"GPC3/COL3A1/PCSK5/COMP/SFRP2",5
"GO:2001242","regulation of intrinsic apoptotic signaling pathway","5/123","189/18986",0.0264550264550265,4.08353766077343,3.44023700077879,0.00778292910587377,0.0374067030151058,0.0261820465973912,"FGF2/MUC1/SFRP2/MMP2/CXCL12",5
"GO:0008347","glial cell migration","3/123","63/18986",0.0476190476190476,7.35036778939218,4.07686783729756,0.00794202259056862,0.0378679201813429,0.0265048659951087,"VCAN/COL3A1/MMP14",3
"GO:0051893","regulation of focal adhesion assembly","3/123","63/18986",0.0476190476190476,7.35036778939218,4.07686783729756,0.00794202259056862,0.0378679201813429,0.0265048659951087,"COL16A1/THBS1/MMP14",3
"GO:0090109","regulation of cell-substrate junction assembly","3/123","63/18986",0.0476190476190476,7.35036778939218,4.07686783729756,0.00794202259056862,0.0378679201813429,0.0265048659951087,"COL16A1/THBS1/MMP14",3
"GO:0008217","regulation of blood pressure","5/123","190/18986",0.0263157894736842,4.06204535729568,3.4253754115011,0.00795279679724624,0.0378679201813429,0.0265048659951087,"LEP/COL1A2/ADIPOQ/PCSK5/POSTN",5
"GO:0008645","hexose transmembrane transport","4/123","121/18986",0.0330578512396694,5.10273466371027,3.6558652948691,0.00796096284696632,0.0378679201813429,0.0265048659951087,"LEP/ADIPOQ/GPC3/ITLN1",4
"GO:1903376","regulation of oxidative stress-induced neuron intrinsic apoptotic signaling pathway","2/123","21/18986",0.0952380952380952,14.7007355787844,5.07258791329141,0.00806604001071839,0.0382887948656941,0.0267994485086463,"FGF2/MMP2",2
"GO:0006022","aminoglycan metabolic process","4/123","122/18986",0.0327868852459016,5.06090896974543,3.63361366303123,0.00819042687940394,0.0387994143958622,0.0271568460672336,"FGF2/ITIH5/TNFAIP6/ANGPT1",4
"GO:1903670","regulation of sprouting angiogenesis","3/123","64/18986",0.046875,7.23551829268293,4.03488814401355,0.00829378933384685,0.0391588116438263,0.0274083987231673,"FGF2/THBS1/TGM2",3
"GO:0001837","epithelial to mesenchymal transition","5/123","192/18986",0.0260416666666667,4.01973238482385,3.3959550545877,0.00830024226000479,0.0391588116438263,0.0274083987231673,"COL1A1/WNT11/SFRP2/TGFB3/TNXB",5
"GO:0043405","regulation of MAP kinase activity","4/123","123/18986",0.032520325203252,5.01976336836539,3.61160408550259,0.00842419169627146,0.0395816909232144,0.0277043843114598,"FGF2/ADIPOQ/PDGFA/THBS1",4
"GO:0072009","nephron epithelium development","4/123","123/18986",0.032520325203252,5.01976336836539,3.61160408550259,0.00842419169627146,0.0395816909232144,0.0277043843114598,"WNT11/FGF2/ADIPOQ/GPC3",4
"GO:0071706","tumor necrosis factor superfamily cytokine production","5/123","193/18986",0.0259067357512953,3.99890475588694,3.38139374268577,0.00847785779467652,0.0396722473272185,0.0277677673898447,"LEP/ADIPOQ/THBS1/ANGPT1/SPON2",5
"GO:1903555","regulation of tumor necrosis factor superfamily cytokine production","5/123","193/18986",0.0259067357512953,3.99890475588694,3.38139374268577,0.00847785779467652,0.0396722473272185,0.0277677673898447,"LEP/ADIPOQ/THBS1/ANGPT1/SPON2",5
"GO:0021885","forebrain cell migration","3/123","65/18986",0.0461538461538462,7.12420262664165,3.99380320323589,0.00865460058585893,0.0400478973582049,0.0280306958444488,"COL3A1/CXCL12/SLIT2",3
"GO:0032757","positive regulation of interleukin-8 production","3/123","65/18986",0.0461538461538462,7.12420262664165,3.99380320323589,0.00865460058585893,0.0400478973582049,0.0280306958444488,"LEP/ADIPOQ/SERPINE1",3
"GO:0051057","positive regulation of small GTPase mediated signal transduction","3/123","65/18986",0.0461538461538462,7.12420262664165,3.99380320323589,0.00865460058585893,0.0400478973582049,0.0280306958444488,"COL3A1/KITLG/TGM2",3
"GO:0045664","regulation of neuron differentiation","5/123","194/18986",0.0257731958762887,3.97829184477412,3.36693001678956,0.00865809354924487,0.0400478973582049,0.0280306958444488,"S100B/FGF2/SFRP2/CXCL12/BMP6",5
"GO:0015749","monosaccharide transmembrane transport","4/123","124/18986",0.032258064516129,4.97928140571728,3.58983178826012,0.00866228902546347,0.0400478973582049,0.0280306958444488,"LEP/ADIPOQ/GPC3/ITLN1",4
"GO:1903707","negative regulation of hemopoiesis","4/123","124/18986",0.032258064516129,4.97928140571728,3.58983178826012,0.00866228902546347,0.0400478973582049,0.0280306958444488,"ADIPOQ/FGL2/TNFAIP6/INHBA",4
"GO:0090026","positive regulation of monocyte chemotaxis","2/123","22/18986",0.0909090909090909,14.0325203252033,4.93886610153977,0.00883529982959649,0.0407660734137582,0.0285333682917916,"CXCL12/SERPINE1",2
"GO:0001655","urogenital system development","3/123","66/18986",0.0454545454545455,7.01626016260163,3.9535795723162,0.00902450519566105,0.0414731742756774,0.0290282888868611,"WNT11/TNC/MMP2",3
"GO:0045682","regulation of epidermis development","3/123","66/18986",0.0454545454545455,7.01626016260163,3.9535795723162,0.00902450519566105,0.0414731742756774,0.0290282888868611,"FGF2/SFRP4/CD109",3
"GO:0030099","myeloid cell differentiation","8/123","451/18986",0.0177383592017738,2.73805274638112,3.01652828641163,0.00913283300929166,0.0418875661082224,0.0293183338626209,"ADIPOQ/GPC3/TNFAIP6/CD109/INHBA/MFAP2/LOX/KITLG",8
"GO:0010717","regulation of epithelial to mesenchymal transition","4/123","126/18986",0.0317460317460317,4.90024519292812,3.5469805964654,0.00915160615188289,0.0418903876833211,0.0293203087656398,"COL1A1/SFRP2/TGFB3/TNXB",4
"GO:0031100","animal organ regeneration","3/123","67/18986",0.0447761194029851,6.91153986166727,3.91418554911205,0.00940354989029838,0.0428734972271114,0.030008415917865,"SULF2/ANXA3/CXCL12",3
"GO:0035904","aorta development","3/123","67/18986",0.0447761194029851,6.91153986166727,3.91418554911205,0.00940354989029838,0.0428734972271114,0.030008415917865,"LEP/COL3A1/LOX",3
"GO:0036303","lymph vessel morphogenesis","2/123","23/18986",0.0869565217391304,13.4224107458466,4.81358621342009,0.00963604907095765,0.0436055691950896,0.030520814521145,"FGF2/SVEP1",2
"GO:0036480","neuron intrinsic apoptotic signaling pathway in response to oxidative stress","2/123","23/18986",0.0869565217391304,13.4224107458466,4.81358621342009,0.00963604907095765,0.0436055691950896,0.030520814521145,"FGF2/MMP2",2
"GO:0060008","Sertoli cell differentiation","2/123","23/18986",0.0869565217391304,13.4224107458466,4.81358621342009,0.00963604907095765,0.0436055691950896,0.030520814521145,"INHBA/SDC1",2
"GO:0003231","cardiac ventricle development","4/123","128/18986",0.03125,4.82367886178862,3.50502446257259,0.00965862412600381,0.0436055691950896,0.030520814521145,"WNT11/SFRP2/COL11A1/SLIT2",4
"GO:0048259","regulation of receptor-mediated endocytosis","4/123","128/18986",0.03125,4.82367886178862,3.50502446257259,0.00965862412600381,0.0436055691950896,0.030520814521145,"ADIPOQ/SFRP4/ANGPT1/SERPINE1",4
"GO:0019229","regulation of vasoconstriction","3/123","68/18986",0.0441176470588235,6.80989956958393,3.87559105686024,0.00979177930669349,0.0438633686612464,0.0307012559151105,"LEP/MMP2/SVEP1",3
"GO:0045668","negative regulation of osteoblast differentiation","3/123","68/18986",0.0441176470588235,6.80989956958393,3.87559105686024,0.00979177930669349,0.0438633686612464,0.0307012559151105,"TNFAIP6/CRIM1/IGFBP5",3
"GO:0060675","ureteric bud morphogenesis","3/123","68/18986",0.0441176470588235,6.80989956958393,3.87559105686024,0.00979177930669349,0.0438633686612464,0.0307012559151105,"WNT11/FGF2/GPC3",3
"GO:0150116","regulation of cell-substrate junction organization","3/123","68/18986",0.0441176470588235,6.80989956958393,3.87559105686024,0.00979177930669349,0.0438633686612464,0.0307012559151105,"COL16A1/THBS1/MMP14",3
"GO:0071621","granulocyte chemotaxis","4/123","129/18986",0.0310077519379845,4.78628600239491,3.48437143408664,0.00991884600493034,0.0443464684755316,0.0310393916188558,"TNFAIP6/THBS1/LGALS3/SLIT2",4
"GO:0021537","telencephalon development","6/123","281/18986",0.0213523131672598,3.29589445360646,3.13096848819299,0.0100230266598416,0.0447255754434325,0.0313047396848153,"COL3A1/ANXA3/INHBA/CXCL12/SLIT2/PLXNA4",6
"GO:0002761","regulation of myeloid leukocyte differentiation","4/123","130/18986",0.0307692307692308,4.7494684177611,3.46392966674459,0.0101835823733813,0.0451504401806621,0.0316021149531794,"ADIPOQ/TNFAIP6/INHBA/KITLG",4
"GO:0060113","inner ear receptor cell differentiation","3/123","69/18986",0.0434782608695652,6.71120537292329,3.83776753823591,0.0101892360231755,0.0451504401806621,0.0316021149531794,"CTHRC1/FGF2/TECTA",3
"GO:0072171","mesonephric tubule morphogenesis","3/123","69/18986",0.0434782608695652,6.71120537292329,3.83776753823591,0.0101892360231755,0.0451504401806621,0.0316021149531794,"WNT11/FGF2/GPC3",3
"GO:0048839","inner ear development","5/123","202/18986",0.0247524752475248,3.8207357321098,3.25459174902003,0.0101965233351214,0.0451504401806621,0.0316021149531794,"CTHRC1/FGF2/TECTA/COL11A1/TGFB3",5
"GO:0003177","pulmonary valve development","2/123","24/18986",0.0833333333333333,12.8631436314363,4.69586726415299,0.010467854298678,0.0457373861118373,0.0320129355944418,"ADAMTS5/SLIT2",2
"GO:0010640","regulation of platelet-derived growth factor receptor signaling pathway","2/123","24/18986",0.0833333333333333,12.8631436314363,4.69586726415299,0.010467854298678,0.0457373861118373,0.0320129355944418,"ADIPOQ/LOX",2
"GO:0032891","negative regulation of organic acid transport","2/123","24/18986",0.0833333333333333,12.8631436314363,4.69586726415299,0.010467854298678,0.0457373861118373,0.0320129355944418,"LEP/THBS1",2
"GO:0042659","regulation of cell fate specification","2/123","24/18986",0.0833333333333333,12.8631436314363,4.69586726415299,0.010467854298678,0.0457373861118373,0.0320129355944418,"FGF2/SFRP2",2
"GO:0051560","mitochondrial calcium ion homeostasis","2/123","24/18986",0.0833333333333333,12.8631436314363,4.69586726415299,0.010467854298678,0.0457373861118373,0.0320129355944418,"ANXA6/TGM2",2
"GO:0061484","hematopoietic stem cell homeostasis","2/123","24/18986",0.0833333333333333,12.8631436314363,4.69586726415299,0.010467854298678,0.0457373861118373,0.0320129355944418,"CRISPLD1/EMCN",2
"GO:0090280","positive regulation of calcium ion import","2/123","24/18986",0.0833333333333333,12.8631436314363,4.69586726415299,0.010467854298678,0.0457373861118373,0.0320129355944418,"CXCL12/LGALS3",2
"GO:0002065","columnar/cuboidal epithelial cell differentiation","4/123","132/18986",0.0303030303030303,4.67750677506775,3.42366426476068,0.010726713811535,0.0466915637041722,0.0326807924268018,"WNT11/FGF2/BMP6/SERPINE1",4
"GO:0098773","skin epidermis development","4/123","132/18986",0.0303030303030303,4.67750677506775,3.42366426476068,0.010726713811535,0.0466915637041722,0.0326807924268018,"PDGFA/CD109/INHBA/IGFBP5",4
"GO:0009749","response to glucose","5/123","206/18986",0.0242718446601942,3.74654668876786,3.20055486435473,0.0110319829587698,0.0479299146626776,0.0335475505178963,"COL1A1/ADIPOQ/COL6A3/THBS1/COL6A2",5
"GO:0010623","programmed cell death involved in cell development","2/123","25/18986",0.08,12.3486178861789,4.58495241447881,0.0113302862910184,0.0487667359577976,0.0341332662419919,"FGF2/KITLG",2
"GO:0010954","positive regulation of protein processing","2/123","25/18986",0.08,12.3486178861789,4.58495241447881,0.0113302862910184,0.0487667359577976,0.0341332662419919,"CLEC3B/MMP14",2
"GO:0014856","skeletal muscle cell proliferation","2/123","25/18986",0.08,12.3486178861789,4.58495241447881,0.0113302862910184,0.0487667359577976,0.0341332662419919,"FGF2/ANGPT1",2
"GO:0043567","regulation of insulin-like growth factor receptor signaling pathway","2/123","25/18986",0.08,12.3486178861789,4.58495241447881,0.0113302862910184,0.0487667359577976,0.0341332662419919,"IGFBP3/IGFBP5",2
"GO:0061042","vascular wound healing","2/123","25/18986",0.08,12.3486178861789,4.58495241447881,0.0113302862910184,0.0487667359577976,0.0341332662419919,"SMOC2/SERPINE1",2
"GO:0032835","glomerulus development","3/123","72/18986",0.0416666666666667,6.43157181571816,3.72865804494724,0.0114373655297183,0.0491359446500188,0.034391686215011,"SULF2/ADIPOQ/ANGPT1",3
