"ID","Description","GeneRatio","BgRatio","RichFactor","FoldEnrichment","zScore","pvalue","p.adjust","qvalue","geneID","Count"
"GO:0006091","generation of precursor metabolites and energy","98/1388","490/18986",0.2,2.735734870317,10.932283794215,2.35548485153858e-20,1.02855624885368e-16,8.19261911849429e-17,"GPD1/SORBS1/ACACB/LEP/GYG2/AIFM2/PPP1R1A/ACO1/LYRM7/ADIPOQ/ALDOC/EPM2A/CYC1/EPM2AIP1/SDHB/MDH1/HK2/NDUFB6/UQCR10/CAT/TEFM/PIK3CA/TKT/CS/CHCHD10/SUCLG2/COX6A1/PDHA1/CEBPA/BNIP3/OAS1/NDUFB4/ACOX1/GFPT1/DLD/LEPR/OXCT1/ENO2/SDHC/IDH3A/STBD1/PHKB/COX7A1/AK4/TMEM135/ACO2/DNAJC30/NDUFS1/ETFB/UCP2/COX5B/SIRT3/UQCRQ/COX7C/SDHA/ADHFE1/ZBTB20/PFKFB3/IDH3B/UQCR11/UQCRC2/LIPA/PDHB/NDUFB5/NDUFC2/TALDO1/GHITM/NDUFB2/IDH1/PFKFB1/NDUFB1/CISD1/NDUFA2/DNAJC15/ALDH1L1/HMGCL/GBE1/ETFDH/SUCLA2/SUCLG1/NDUFB8/COX7B/SDHD/ETFA/PYGL/NR4A3/NDUFS4/UGP2/NDUFB10/ADGRF5/MDH2/COX6B1/ACAT1/NDUFA1/NDUFA9/RHOA/NDUFA12/UQCRH",98
"GO:0045333","cellular respiration","65/1388","249/18986",0.261044176706827,3.57073828455031,11.4676884998815,4.69853676079036e-20,1.02855624885368e-16,8.19261911849429e-17,"GPD1/AIFM2/ACO1/LYRM7/CYC1/SDHB/MDH1/NDUFB6/UQCR10/CAT/TEFM/PIK3CA/CS/CHCHD10/SUCLG2/COX6A1/PDHA1/BNIP3/OAS1/NDUFB4/DLD/SDHC/IDH3A/COX7A1/AK4/TMEM135/ACO2/DNAJC30/NDUFS1/ETFB/COX5B/SIRT3/UQCRQ/COX7C/SDHA/IDH3B/UQCR11/UQCRC2/PDHB/NDUFB5/NDUFC2/GHITM/NDUFB2/IDH1/NDUFB1/CISD1/NDUFA2/DNAJC15/ETFDH/SUCLA2/SUCLG1/NDUFB8/COX7B/SDHD/ETFA/NR4A3/NDUFS4/NDUFB10/MDH2/COX6B1/NDUFA1/NDUFA9/RHOA/NDUFA12/UQCRH",65
"GO:0015980","energy derivation by oxidation of organic compounds","80/1388","356/18986",0.224719101123595,3.07385940485056,11.0934405203924,5.39735656211483e-20,1.02855624885368e-16,8.19261911849429e-17,"GPD1/SORBS1/LEP/GYG2/AIFM2/PPP1R1A/ACO1/LYRM7/EPM2A/CYC1/EPM2AIP1/SDHB/MDH1/NDUFB6/UQCR10/CAT/TEFM/PIK3CA/CS/CHCHD10/SUCLG2/COX6A1/PDHA1/BNIP3/OAS1/NDUFB4/GFPT1/DLD/LEPR/SDHC/IDH3A/STBD1/PHKB/COX7A1/AK4/TMEM135/ACO2/DNAJC30/NDUFS1/ETFB/COX5B/SIRT3/UQCRQ/COX7C/SDHA/ADHFE1/IDH3B/UQCR11/UQCRC2/PDHB/NDUFB5/NDUFC2/GHITM/NDUFB2/IDH1/NDUFB1/CISD1/NDUFA2/DNAJC15/GBE1/ETFDH/SUCLA2/SUCLG1/NDUFB8/COX7B/SDHD/ETFA/PYGL/NR4A3/NDUFS4/UGP2/NDUFB10/ADGRF5/MDH2/COX6B1/NDUFA1/NDUFA9/RHOA/NDUFA12/UQCRH",80
"GO:0009060","aerobic respiration","55/1388","200/18986",0.275,3.76163544668588,11.0263700716134,2.79946844779553e-18,4.00114027901177e-15,3.18697381714829e-15,"ACO1/CYC1/SDHB/MDH1/NDUFB6/UQCR10/CAT/TEFM/CS/CHCHD10/SUCLG2/COX6A1/PDHA1/BNIP3/NDUFB4/DLD/SDHC/IDH3A/COX7A1/AK4/TMEM135/ACO2/DNAJC30/NDUFS1/COX5B/SIRT3/UQCRQ/COX7C/SDHA/IDH3B/UQCR11/UQCRC2/PDHB/NDUFB5/NDUFC2/GHITM/NDUFB2/IDH1/NDUFB1/NDUFA2/DNAJC15/SUCLA2/SUCLG1/NDUFB8/COX7B/SDHD/NDUFS4/NDUFB10/MDH2/COX6B1/NDUFA1/NDUFA9/RHOA/NDUFA12/UQCRH",55
"GO:0022904","respiratory electron transport chain","40/1388","125/18986",0.32,4.37717579250721,10.638850195683,3.86425881085257e-16,4.41839352432883e-13,3.51932286647331e-13,"GPD1/AIFM2/CYC1/SDHB/MDH1/NDUFB6/UQCR10/COX6A1/NDUFB4/DLD/SDHC/COX7A1/NDUFS1/ETFB/COX5B/UQCRQ/COX7C/SDHA/UQCR11/UQCRC2/NDUFB5/NDUFC2/GHITM/NDUFB2/NDUFB1/NDUFA2/DNAJC15/ETFDH/NDUFB8/COX7B/SDHD/ETFA/NDUFS4/NDUFB10/MDH2/COX6B1/NDUFA1/NDUFA9/NDUFA12/UQCRH",40
"GO:0022900","electron transport chain","40/1388","135/18986",0.296296296296296,4.05294054861778,9.9973848771613,7.33536760333066e-15,6.98938276470689e-12,5.56715793894885e-12,"GPD1/AIFM2/CYC1/SDHB/MDH1/NDUFB6/UQCR10/COX6A1/NDUFB4/DLD/SDHC/COX7A1/NDUFS1/ETFB/COX5B/UQCRQ/COX7C/SDHA/UQCR11/UQCRC2/NDUFB5/NDUFC2/GHITM/NDUFB2/NDUFB1/NDUFA2/DNAJC15/ETFDH/NDUFB8/COX7B/SDHD/ETFA/NDUFS4/NDUFB10/MDH2/COX6B1/NDUFA1/NDUFA9/NDUFA12/UQCRH",40
"GO:0043434","response to peptide hormone","80/1388","446/18986",0.179372197309417,2.45357387472377,8.72404807812157,4.61004747082633e-14,3.76509162724487e-11,2.99895719681123e-11,"PCK1/COL1A1/SORBS1/GNAI1/CAV2/LEP/ACVR1C/GHR/SIK2/PPARG/HADH/ADIPOQ/AGTR1/CFLAR/CYC1/COL3A1/EPM2AIP1/CAV1/TRPV1/GCLC/LPIN1/PDE3B/CAT/TRIM16/PIK3CA/ECHDC3/DDR2/KANK1/TGFBR3/AHCYL1/STAT5A/GRB14/CRHBP/PCK2/EGR1/PIK3C2A/RPS6KB1/ASS1/STAT1/GPLD1/UCP2/EIF4EBP2/TRIM44/YWHAG/EDNRB/KLF15/PTPRJ/TNFSF10/RAB31/INHBA/PIK3R3/MYO1C/PFKFB1/PTPN11/CXCL12/DENND4C/BLVRB/CTSK/RHOQ/PRKD1/ZDHHC7/SOCS7/SORT1/BCAR3/IGFBP5/NR4A1/CEACAM1/TWIST2/GAB1/VAMP2/NR4A3/CDO1/SOCS3/CYP1B1/PDK4/PIK3R1/RAF1/TBC1D4/JAK3/SGCB",80
"GO:0042773","ATP synthesis coupled electron transport","33/1388","101/18986",0.326732673267327,4.46926983764659,9.81767496443449,7.49877154902451e-14,4.76338632730813e-11,3.79411528901521e-11,"CYC1/SDHB/NDUFB6/UQCR10/COX6A1/NDUFB4/DLD/SDHC/COX7A1/NDUFS1/COX5B/UQCRQ/COX7C/SDHA/UQCR11/UQCRC2/NDUFB5/NDUFC2/GHITM/NDUFB2/NDUFB1/NDUFA2/DNAJC15/NDUFB8/COX7B/SDHD/NDUFS4/NDUFB10/COX6B1/NDUFA1/NDUFA9/NDUFA12/UQCRH",33
"GO:0042775","mitochondrial ATP synthesis coupled electron transport","33/1388","101/18986",0.326732673267327,4.46926983764659,9.81767496443449,7.49877154902451e-14,4.76338632730813e-11,3.79411528901521e-11,"CYC1/SDHB/NDUFB6/UQCR10/COX6A1/NDUFB4/DLD/SDHC/COX7A1/NDUFS1/COX5B/UQCRQ/COX7C/SDHA/UQCR11/UQCRC2/NDUFB5/NDUFC2/GHITM/NDUFB2/NDUFB1/NDUFA2/DNAJC15/NDUFB8/COX7B/SDHD/NDUFS4/NDUFB10/COX6B1/NDUFA1/NDUFA9/NDUFA12/UQCRH",33
"GO:0019646","aerobic electron transport chain","31/1388","93/18986",0.333333333333333,4.559558117195,9.66396786616649,2.30922341150204e-13,1.32018302435572e-10,1.05154741875346e-10,"CYC1/SDHB/NDUFB6/UQCR10/COX6A1/NDUFB4/DLD/SDHC/COX7A1/NDUFS1/COX5B/UQCRQ/COX7C/SDHA/UQCR11/UQCRC2/NDUFB5/NDUFC2/NDUFB2/NDUFB1/NDUFA2/DNAJC15/NDUFB8/COX7B/SDHD/NDUFS4/NDUFB10/COX6B1/NDUFA1/NDUFA9/UQCRH",31
"GO:0006631","fatty acid metabolic process","73/1388","405/18986",0.180246913580247,2.46553883374248,8.37256789256062,4.74588175980811e-13,2.45090824377087e-10,1.95218859036351e-10,"SCD/CES1/AKR1C1/AKR1C2/PRKAR2B/PCK1/CD36/DBI/MGLL/ACACB/LEP/LPL/ALDH3A2/PPARG/HADH/ADIPOQ/FMO2/FABP5/NR1H3/ACOT1/ACOT2/CAV1/LPIN1/MGST3/ACAA2/AKR1C3/ECHDC3/PTGIS/ACSL5/ADIPOR2/ACOX1/ERLIN2/PCCA/GPX4/CPT1B/ACSS2/PCK2/ECHDC2/ACSL1/EHHADH/CES2/FADS2/CYP4B1/ECHS1/ETFB/ACBD5/TWIST1/PLIN5/ABHD2/GCDH/ECHDC1/SCD5/TNXB/LIPA/ACSM5/HACD2/PEX5/CPT1C/PTGR1/SCP2/PDK3/ETFDH/SLC27A3/CEACAM1/ABCD3/QKI/ABHD5/ETFA/CYP1B1/PDK4/PLA2G4A/ACAT1/ECH1",73
"GO:0030198","extracellular matrix organization","65/1388","339/18986",0.191740412979351,2.62275466918297,8.46674750035144,5.14446369166528e-13,2.45090824377087e-10,1.95218859036351e-10,"COL1A1/CAV2/FAP/COL1A2/SULF2/THSD4/ADAMTSL3/PPARG/CLASP2/AEBP1/COL12A1/CFLAR/COL3A1/COL5A2/CAV1/COL5A1/NTN4/DDR2/TGFBR3/COMP/ECM2/MIR21/MMP28/PRICKLE1/SFRP2/P4HA3/CRISPLD2/COL8A1/NOTCH1/PHLDB2/COL11A1/FKBP10/ADAMTS5/FBLN5/PDPN/MMP2/FSCN1/CRTAP/COL16A1/ANTXR1/RAMP2/TNXB/DDR1/LTBP4/ATXN1L/ADAMTS2/FBLN1/ELN/CREB3L1/CTSK/COL8A2/APBB2/COL4A2/RUNX1/P3H4/LOX/MYH11/MMP14/SMOC2/CYP1B1/POSTN/DNAJB6/BCL3/ADAMTS1/PTX3",65
"GO:0043062","extracellular structure organization","65/1388","340/18986",0.191176470588235,2.61504068486184,8.43914527177239,5.91910785417764e-13,2.60304150787181e-10,2.07336522892085e-10,"COL1A1/CAV2/FAP/COL1A2/SULF2/THSD4/ADAMTSL3/PPARG/CLASP2/AEBP1/COL12A1/CFLAR/COL3A1/COL5A2/CAV1/COL5A1/NTN4/DDR2/TGFBR3/COMP/ECM2/MIR21/MMP28/PRICKLE1/SFRP2/P4HA3/CRISPLD2/COL8A1/NOTCH1/PHLDB2/COL11A1/FKBP10/ADAMTS5/FBLN5/PDPN/MMP2/FSCN1/CRTAP/COL16A1/ANTXR1/RAMP2/TNXB/DDR1/LTBP4/ATXN1L/ADAMTS2/FBLN1/ELN/CREB3L1/CTSK/COL8A2/APBB2/COL4A2/RUNX1/P3H4/LOX/MYH11/MMP14/SMOC2/CYP1B1/POSTN/DNAJB6/BCL3/ADAMTS1/PTX3",65
"GO:0045229","external encapsulating structure organization","65/1388","341/18986",0.190615835777126,2.60737194385052,8.41164152635169,6.80567067163865e-13,2.77914423069701e-10,2.21363393424878e-10,"COL1A1/CAV2/FAP/COL1A2/SULF2/THSD4/ADAMTSL3/PPARG/CLASP2/AEBP1/COL12A1/CFLAR/COL3A1/COL5A2/CAV1/COL5A1/NTN4/DDR2/TGFBR3/COMP/ECM2/MIR21/MMP28/PRICKLE1/SFRP2/P4HA3/CRISPLD2/COL8A1/NOTCH1/PHLDB2/COL11A1/FKBP10/ADAMTS5/FBLN5/PDPN/MMP2/FSCN1/CRTAP/COL16A1/ANTXR1/RAMP2/TNXB/DDR1/LTBP4/ATXN1L/ADAMTS2/FBLN1/ELN/CREB3L1/CTSK/COL8A2/APBB2/COL4A2/RUNX1/P3H4/LOX/MYH11/MMP14/SMOC2/CYP1B1/POSTN/DNAJB6/BCL3/ADAMTS1/PTX3",65
"GO:0006119","oxidative phosphorylation","39/1388","149/18986",0.261744966442953,3.5803241591397,8.88034648624092,1.29110339329278e-12,4.92082539963656e-10,3.9195180907962e-10,"CYC1/SDHB/NDUFB6/UQCR10/TEFM/CHCHD10/COX6A1/NDUFB4/DLD/SDHC/COX7A1/AK4/TMEM135/DNAJC30/NDUFS1/COX5B/UQCRQ/COX7C/SDHA/UQCR11/UQCRC2/NDUFB5/NDUFC2/GHITM/NDUFB2/NDUFB1/NDUFA2/DNAJC15/NDUFB8/COX7B/SDHD/NDUFS4/NDUFB10/COX6B1/NDUFA1/NDUFA9/RHOA/NDUFA12/UQCRH",39
"GO:0032868","response to insulin","56/1388","276/18986",0.202898550724638,2.77538320177087,8.34407368817589,1.99727928221325e-12,7.13652853525823e-10,5.68436195714114e-10,"PCK1/COL1A1/SORBS1/CAV2/LEP/ACVR1C/GHR/SIK2/PPARG/HADH/ADIPOQ/CFLAR/EPM2AIP1/GCLC/LPIN1/PDE3B/CAT/PIK3CA/ECHDC3/KANK1/GRB14/PCK2/EGR1/PIK3C2A/RPS6KB1/STAT1/GPLD1/UCP2/EIF4EBP2/YWHAG/KLF15/PTPRJ/TNFSF10/RAB31/PIK3R3/MYO1C/PFKFB1/PTPN11/DENND4C/BLVRB/CTSK/RHOQ/ZDHHC7/SOCS7/SORT1/BCAR3/CEACAM1/TWIST2/GAB1/VAMP2/SOCS3/PDK4/PIK3R1/RAF1/TBC1D4/SGCB",56
"GO:0016054","organic acid catabolic process","51/1388","249/18986",0.204819277108434,2.80165619249332,8.03692547139623,1.34465371983963e-11,4.27076962017953e-09,3.40173800703289e-09,"PCK1/ACACB/LEP/QDPR/SHMT1/HADH/ADIPOQ/FAH/LPIN1/ACAA2/ALDH4A1/GLUD1/ACOX1/DCXR/PCCA/DLD/CPT1B/HIBADH/CYP26B1/MIR21/PCK2/MCCC1/ECHDC2/TST/EHHADH/HIBCH/ECHS1/ALDH6A1/ETFB/CSAD/TWIST1/PLIN5/ABHD2/GCDH/ADHFE1/ECHDC1/CRYM/GPT2/MCCC2/PEX5/SCP2/GCSH/ALDH1L1/HMGCL/ETFDH/ABCD3/GLS/ETFA/CDO1/ACAT1/ECH1",51
"GO:0046395","carboxylic acid catabolic process","51/1388","249/18986",0.204819277108434,2.80165619249332,8.03692547139623,1.34465371983963e-11,4.27076962017953e-09,3.40173800703289e-09,"PCK1/ACACB/LEP/QDPR/SHMT1/HADH/ADIPOQ/FAH/LPIN1/ACAA2/ALDH4A1/GLUD1/ACOX1/DCXR/PCCA/DLD/CPT1B/HIBADH/CYP26B1/MIR21/PCK2/MCCC1/ECHDC2/TST/EHHADH/HIBCH/ECHS1/ALDH6A1/ETFB/CSAD/TWIST1/PLIN5/ABHD2/GCDH/ADHFE1/ECHDC1/CRYM/GPT2/MCCC2/PEX5/SCP2/GCSH/ALDH1L1/HMGCL/ETFDH/ABCD3/GLS/ETFA/CDO1/ACAT1/ECH1",51
"GO:0006099","tricarboxylic acid cycle","17/1388","34/18986",0.5,6.83933717579251,9.57070356240596,3.12231928102658e-11,9.39489438401523e-09,7.48318737380663e-09,"ACO1/SDHB/MDH1/CS/SUCLG2/PDHA1/SDHC/IDH3A/ACO2/SDHA/IDH3B/PDHB/IDH1/SUCLA2/SUCLG1/SDHD/MDH2",17
"GO:0042060","wound healing","73/1388","444/18986",0.164414414414414,2.24897123348132,7.47883599424366,4.5049377491122e-11,1.28773645558372e-08,1.02570319487681e-08,"CD36/SERPINE2/FAP/FGF2/PPARG/CLASP2/SAA1/CFLAR/COL3A1/CAV1/COL5A1/PIK3CA/DDR2/STXBP1/KANK1/COMP/ADIPOR2/EPHB2/MYLK/PDGFA/FN1/TPM1/PRKG1/ITPK1/PHLDB2/FKBP10/PDPN/C1GALT1C1/PRDX2/SCARB1/EPB41L4B/SMPD1/ADRA2A/TNFRSF12A/AHNAK/SVEP1/RASA3/CD109/THBS1/PTPRJ/DDR1/KDR/TYRO3/PLPP3/JMJD1C/MCAM/ANO6/FBLN1/CD151/DST/ARHGEF19/RAB27A/CHMP4B/CEACAM1/MYOF/SLC12A2/GGCX/VCL/PLSCR1/PTEN/SMOC2/PLA2G4A/FERMT2/SERPINE1/CDKN1A/RAF1/SELP/SYTL4/PLAUR/RHOA/INSL3/ENPP4/AK3",73
"GO:0044282","small molecule catabolic process","64/1388","375/18986",0.170666666666667,2.33449375600384,7.33019794512006,1.47238422480318e-10,4.00839076819036e-08,3.19274895062584e-08,"PCK1/ACACB/LEP/QDPR/SHMT1/HADH/ALDH2/ADIPOQ/FAH/HK2/LPIN1/ACAA2/ALDH4A1/AKR1C3/PNKD/NQO2/GLUD1/ACOX1/DCXR/PCCA/DLD/CPT1B/HIBADH/CYP26B1/OXCT1/ACSS2/MIR21/PCK2/MCCC1/ENO2/ECHDC2/TST/EHHADH/HIBCH/ECHS1/ALDH6A1/ETFB/SULT1A1/SCARB1/CSAD/TWIST1/PLIN5/ABHD2/GCDH/ADHFE1/ECHDC1/CRYM/GPT2/MCCC2/PEX5/SCP2/GCSH/ALDH1L1/HMGCL/ETFDH/SULT1A2/ABCD3/GLS/ETFA/CBR3/CDO1/ACAT1/ENPP4/ECH1",64
"GO:0032869","cellular response to insulin stimulus","44/1388","213/18986",0.206572769953052,2.82564165009268,7.52500640494062,2.54152551081041e-10,6.60450061150141e-08,5.26059299510327e-08,"PCK1/SORBS1/CAV2/LEP/GHR/SIK2/PPARG/ADIPOQ/CFLAR/GCLC/LPIN1/PDE3B/PIK3CA/ECHDC3/KANK1/GRB14/PCK2/PIK3C2A/RPS6KB1/STAT1/GPLD1/UCP2/EIF4EBP2/YWHAG/PTPRJ/RAB31/PIK3R3/MYO1C/PTPN11/DENND4C/BLVRB/RHOQ/ZDHHC7/SOCS7/BCAR3/CEACAM1/GAB1/VAMP2/SOCS3/PDK4/PIK3R1/RAF1/TBC1D4/SGCB",44
"GO:0071375","cellular response to peptide hormone stimulus","57/1388","321/18986",0.177570093457944,2.42892348299173,7.25129994336061,3.19366281459639e-10,7.93833491784677e-08,6.32301388372723e-08,"PCK1/SORBS1/CAV2/LEP/GHR/SIK2/PPARG/ADIPOQ/AGTR1/CFLAR/CAV1/GCLC/LPIN1/PDE3B/PIK3CA/ECHDC3/DDR2/KANK1/AHCYL1/STAT5A/GRB14/CRHBP/PCK2/PIK3C2A/RPS6KB1/ASS1/STAT1/GPLD1/UCP2/EIF4EBP2/YWHAG/PTPRJ/RAB31/INHBA/PIK3R3/MYO1C/PTPN11/DENND4C/BLVRB/RHOQ/PRKD1/ZDHHC7/SOCS7/BCAR3/NR4A1/CEACAM1/GAB1/VAMP2/NR4A3/SOCS3/CYP1B1/PDK4/PIK3R1/RAF1/TBC1D4/JAK3/SGCB",57
"GO:0016042","lipid catabolic process","60/1388","351/18986",0.170940170940171,2.33823493189487,7.10705373170874,5.19708225724548e-10,1.23798830269468e-07,9.86077975651051e-08,"CES1/CIDEC/PCK1/PLIN1/MGLL/PNPLA2/ACACB/LEP/LPL/HADH/ADIPOQ/HINT2/LPIN1/PDE3B/ACAA2/AKR1C3/FMC1/APOB/ACOX1/PCCA/HSD11B1/PRDX6/PLA1A/CPT1B/CYP26B1/OXCT1/PCK2/ECHDC2/PLA2G2A/EHHADH/ECHS1/GPLD1/ETFB/GPIHBP1/CIDEA/SCARB1/TWIST1/SMPD1/PLIN5/ABHD2/GCDH/ADRA2A/ECHDC1/LIPA/LIPE/IDH1/PEX5/PLPP3/SCP2/PLA2G12A/ETFDH/ABCD3/ABHD5/ETFA/CYP1B1/ENPP2/PLA2G4A/ACAT1/SGPP2/ECH1",60
"GO:0150115","cell-substrate junction organization","28/1388","103/18986",0.271844660194175,3.7184745810134,7.76920837053879,7.30825870979939e-10,1.64679631428067e-07,1.31170025787875e-07,"SORBS1/LIMCH1/CLASP2/ITGB1BP1/BCL2/CDH11/THY1/FN1/PRICKLE1/TNS1/PHLDB2/COL16A1/WDPCP/THBS1/PTPRJ/THSD1/KDR/DST/LIMS1/VCL/MMP14/PTEN/WHAMM/FERMT2/PIK3R1/ARHGEF7/RHOA/APOD",28
"GO:0006066","alcohol metabolic process","61/1388","363/18986",0.168044077134986,2.29862020784211,7.01582947527187,7.48936578123094e-10,1.64679631428067e-07,1.31170025787875e-07,"CES1/RBP4/AKR1C1/AKR1C2/DGAT2/PCK1/RETSAT/PNPLA2/GNAI1/LEP/ADH1C/RDH5/ADH1B/ALDH3A2/OSBPL1A/QDPR/ALDH2/DHDDS/DHRS9/VLDLR/ACAA2/CAT/DKK3/AKR1C3/CEBPA/APOB/GPR146/ERLIN2/LEPR/ACSS2/PCK2/IDH3A/PRKG1/ITPK1/ACO2/SULT1A1/SCARB1/SMPD1/DHCR24/IDH3B/EDNRB/LIPA/LIPE/IDH1/PLPP3/SC5D/SCP2/LIMA1/IMPA2/DHFR/SULT1A2/QKI/DPM3/BMP6/CYP1B1/PLA2G4A/MOXD1/FDFT1/SGPP2/SLC5A3/DAB2",61
"GO:0044242","cellular lipid catabolic process","46/1388","238/18986",0.19327731092437,2.6437773956845,7.16675217979819,9.99664604647041e-10,2.11669723880264e-07,1.68598404666788e-07,"PCK1/MGLL/PNPLA2/ACACB/LEP/LPL/HADH/ADIPOQ/LPIN1/ACAA2/AKR1C3/APOB/ACOX1/PCCA/PRDX6/CPT1B/CYP26B1/PCK2/ECHDC2/EHHADH/ECHS1/GPLD1/ETFB/GPIHBP1/SCARB1/TWIST1/SMPD1/PLIN5/ABHD2/GCDH/ECHDC1/LIPE/IDH1/PEX5/PLPP3/SCP2/ETFDH/ABCD3/ABHD5/ETFA/CYP1B1/ENPP2/PLA2G4A/ACAT1/SGPP2/ECH1",46
"GO:0001666","response to hypoxia","55/1388","317/18986",0.173501577287066,2.37327157519614,6.92458756049398,1.56949103432179e-09,3.20456437257775e-07,2.55248805055492e-07,"PCK1/LEP/CRYAB/PPARG/ADIPOQ/CFLAR/FZD4/CAV1/HK2/BCL2/LIMD1/HIF3A/ACAA2/CAT/DDR2/PML/PTGIS/HILPDA/TGFBR3/BNIP3/ANG/MIR21/EGR1/SOX4/HIPK2/AK4/NOTCH1/UCP2/TGFB3/MMP2/TWIST1/THBS1/RTN4/INHBA/EPAS1/ANGPTL4/KCNK2/CXCL12/PDK3/STUB1/SDHD/BECN1/DNMT3A/MMP14/CD24/TMBIM6/ITPR2/SLC11A2/FOSL2/FAM162A/POSTN/KCNMA1/P4HB/MPL/TFAM",55
"GO:0007044","cell-substrate junction assembly","26/1388","96/18986",0.270833333333333,3.70464097022094,7.46101025925758,3.20735947192965e-09,6.32292210380062e-07,5.03631109820968e-07,"SORBS1/LIMCH1/CLASP2/ITGB1BP1/BCL2/CDH11/THY1/FN1/TNS1/PHLDB2/COL16A1/WDPCP/THBS1/PTPRJ/THSD1/KDR/DST/LIMS1/VCL/MMP14/PTEN/WHAMM/FERMT2/ARHGEF7/RHOA/APOD",26
"GO:0031589","cell-substrate adhesion","59/1388","361/18986",0.163434903047091,2.23557281646403,6.65644246122753,4.18298365697578e-09,7.97137252231018e-07,6.34932887722008e-07,"CD36/COL1A1/SORBS1/LIMCH1/ITGA7/CLASP2/SNED1/ITGBL1/JAM3/COL3A1/ITGB1BP1/FZD4/BCL2/NTN4/CDH11/KANK1/ECM2/THY1/FN1/TECTA/COL8A1/FBLN2/THBS3/NOTCH1/EDIL3/PHLDB2/FBLN5/PDPN/COL16A1/ANTXR1/WDPCP/SVEP1/TNXB/THBS1/PTPRJ/DDR1/THSD1/KDR/ANGPT1/TYRO3/BCL2L11/FBLN1/SPOCK1/BCL6/LIMS1/VCL/MMP14/PTEN/WHAMM/FERMT2/SERPINE1/POSTN/PIK3R1/ARHGEF7/P4HB/RHOA/APOD/EMP2/DAB2",59
"GO:0009062","fatty acid catabolic process","27/1388","106/18986",0.254716981132075,3.48419063672449,7.20286434035275,6.91187541479414e-09,1.24826318292015e-06,9.94262086171909e-07,"PCK1/ACACB/LEP/HADH/ADIPOQ/LPIN1/ACAA2/ACOX1/PCCA/CPT1B/PCK2/ECHDC2/EHHADH/ECHS1/ETFB/TWIST1/PLIN5/ABHD2/GCDH/ECHDC1/PEX5/SCP2/ETFDH/ABCD3/ETFA/ACAT1/ECH1",27
"GO:0085029","extracellular matrix assembly","19/1388","56/18986",0.339285714285714,4.6409787978592,7.66311306880801,7.16362139925535e-09,1.24826318292015e-06,9.94262086171909e-07,"COL1A2/THSD4/PPARG/CLASP2/COL3A1/NTN4/TGFBR3/PRICKLE1/NOTCH1/PHLDB2/FKBP10/FBLN5/ANTXR1/RAMP2/TNXB/LTBP4/ELN/LOX/MYH11",19
"GO:0046486","glycerolipid metabolic process","61/1388","385/18986",0.158441558441558,2.1672704816797,6.49833503563362,7.69159251692488e-09,1.24826318292015e-06,9.94262086171909e-07,"GPAM/THRSP/DGAT2/CIDEC/PCK1/GPD1/DBI/MGLL/PNPLA2/LPL/CRLS1/FABP5/NR1H3/CAV1/LPIN1/CAT/PIK3CA/PIGP/OSBPL10/APOB/PRDX6/PLA1A/PDGFA/PCK2/UVRAG/ACSL1/PLA2G2A/PIK3C2A/SACM1L/PISD/CDS2/DDHD1/SYNJ2/GPLD1/GPIHBP1/SCARB1/PLIN5/ABHD2/TNXB/PIK3R3/BPNT1/GPAT3/DNAJC19/LIPA/LIPE/PIGF/CHPT1/MTMR10/PTPN11/PTDSS2/AGK/IMPA2/MTMR12/DPM3/ABHD5/BECN1/PLSCR1/PTEN/ENPP2/PLA2G4A/PIK3R1",61
"GO:0036293","response to decreased oxygen levels","55/1388","331/18986",0.166163141993958,2.27289150857153,6.56109213809804,7.71894487711997e-09,1.24826318292015e-06,9.94262086171909e-07,"PCK1/LEP/CRYAB/PPARG/ADIPOQ/CFLAR/FZD4/CAV1/HK2/BCL2/LIMD1/HIF3A/ACAA2/CAT/DDR2/PML/PTGIS/HILPDA/TGFBR3/BNIP3/ANG/MIR21/EGR1/SOX4/HIPK2/AK4/NOTCH1/UCP2/TGFB3/MMP2/TWIST1/THBS1/RTN4/INHBA/EPAS1/ANGPTL4/KCNK2/CXCL12/PDK3/STUB1/SDHD/BECN1/DNMT3A/MMP14/CD24/TMBIM6/ITPR2/SLC11A2/FOSL2/FAM162A/POSTN/KCNMA1/P4HB/MPL/TFAM",55
"GO:0006635","fatty acid beta-oxidation","22/1388","74/18986",0.297297297297297,4.06663291533609,7.42296307500921,7.83603907182793e-09,1.24826318292015e-06,9.94262086171909e-07,"ACACB/LEP/HADH/ADIPOQ/ACAA2/ACOX1/CPT1B/ECHDC2/EHHADH/ECHS1/ETFB/TWIST1/PLIN5/GCDH/ECHDC1/PEX5/SCP2/ETFDH/ABCD3/ETFA/ACAT1/ECH1",22
"GO:0070482","response to oxygen levels","58/1388","358/18986",0.162011173184358,2.21609807930707,6.5237209860357,7.86032439830774e-09,1.24826318292015e-06,9.94262086171909e-07,"PCK1/COL1A1/LEP/CRYAB/PPARG/ADIPOQ/CFLAR/FZD4/CAV1/HK2/BCL2/LIMD1/HIF3A/ACAA2/CAT/DDR2/PML/PTGIS/HILPDA/TGFBR3/BNIP3/ANG/MIR21/EGR1/SOX4/HIPK2/AK4/NOTCH1/FAS/UCP2/TGFB3/MMP2/TWIST1/THBS1/RTN4/INHBA/EPAS1/ANGPTL4/KCNK2/CXCL12/PDK3/STUB1/SDHD/BECN1/DNMT3A/MMP14/CD24/TMBIM6/ITPR2/SLC11A2/FOSL2/FAM162A/POSTN/CDKN1A/KCNMA1/P4HB/MPL/TFAM",58
"GO:0072329","monocarboxylic acid catabolic process","30/1388","131/18986",0.229007633587786,3.13252084387443,6.87834636573534,1.50171077078891e-08,2.32034607475682e-06,1.8481936826267e-06,"PCK1/ACACB/LEP/HADH/ADIPOQ/FAH/LPIN1/ACAA2/ACOX1/DCXR/PCCA/CPT1B/CYP26B1/PCK2/ECHDC2/EHHADH/ECHS1/ETFB/TWIST1/PLIN5/ABHD2/GCDH/ECHDC1/PEX5/SCP2/ETFDH/ABCD3/ETFA/ACAT1/ECH1",30
"GO:0019915","lipid storage","25/1388","97/18986",0.257731958762887,3.52543153391366,7.00301989184699,1.92035319275487e-08,2.88912084288936e-06,2.3012321085478e-06,"CES1/DGAT2/CIDEC/CD36/PNPLA2/ACACB/LEP/LPL/ACVR1C/NEGR1/PPARG/NR1H3/CAV1/HILPDA/APOB/OSBPL11/PISD/CDS2/CIDEA/SCARB1/PLIN5/LIPA/PLIN2/ABHD5/MSR1",25
"GO:0072350","tricarboxylic acid metabolic process","10/1388","16/18986",0.625,8.54917146974063,8.48386976182994,2.25055350367188e-08,3.29908061038259e-06,2.62777178323469e-06,"PCK1/ACACB/ACO1/CS/GLUD1/IDH3A/ACO2/ASS1/IDH3B/IDH1",10
"GO:0048041","focal adhesion assembly","23/1388","85/18986",0.270588235294118,3.7012883539583,7.00981239700845,2.61663822471884e-08,3.7398301826794e-06,2.97883604214044e-06,"SORBS1/LIMCH1/CLASP2/ITGB1BP1/BCL2/CDH11/THY1/PHLDB2/COL16A1/WDPCP/THBS1/PTPRJ/THSD1/KDR/LIMS1/VCL/MMP14/PTEN/WHAMM/FERMT2/ARHGEF7/RHOA/APOD",23
"GO:0019216","regulation of lipid metabolic process","55/1388","344/18986",0.159883720930233,2.18699735272435,6.23951879075171,3.04853216391458e-08,4.22163329105828e-06,3.36260011546691e-06,"CES1/THRSP/CIDEC/PCK1/SORBS1/PNPLA2/ACACB/GNAI1/LEP/PPARG/ADIPOQ/FMO2/FABP5/NR1H3/CAV1/PDE3B/DKK3/AKR1C3/NR3C1/FMC1/APOB/GPR146/ERLIN2/PDGFA/CHP1/EGR1/ORMDL3/PRKG1/GPLD1/PDE8B/SIRT3/CIDEA/SCARB1/TWIST1/PLIN5/ADRA2A/ZBTB20/DNAJC19/IDH1/SAMD8/SCP2/NR1D2/DNAJC15/PDK3/STUB1/CEACAM1/QKI/ABHD5/BMP6/ADGRF5/PDK4/SERPINA3/PPP2R5A/APOD/DAB2",55
"GO:0001503","ossification","67/1388","456/18986",0.146929824561404,2.00980522271096,6.12986205440664,3.10142729096462e-08,4.22163329105828e-06,3.36260011546691e-06,"COL1A1/LEP/CLEC11A/COL1A2/CTHRC1/WNT11/BMPR1A/FGF2/PPARG/GPC3/VCAN/COL5A2/BCL2/LIMD1/CAT/CDH11/DDR2/VDR/RUNX2/CLEC3B/CEBPA/COMP/CHRDL1/TNC/MIR21/PRICKLE1/SFRP2/MN1/EGFR/RPL38/THBS3/NOTCH1/COL11A1/GPLD1/TNFAIP6/MMP2/TWIST1/WWTR1/BMPR2/TAPT1/RRBP1/ANO6/CBFB/MRC2/CRIM1/BCAP29/PTPN11/CREB3L1/CTSK/PRKD1/TPM4/IGFBP3/HOXA2/PAM16/SORT1/IGFBP5/TWIST2/RUNX1/LOX/BMP6/MMP14/PTEN/PDLIM7/RRAS2/FOSL2/FERMT2/RHOA",67
"GO:0007160","cell-matrix adhesion","43/1388","241/18986",0.178423236514523,2.44059334903799,6.32085141460779,4.10588517430074e-08,5.45891756778542e-06,4.34811732289473e-06,"CD36/SORBS1/LIMCH1/ITGA7/CLASP2/SNED1/ITGBL1/JAM3/COL3A1/ITGB1BP1/BCL2/CDH11/ECM2/THY1/FN1/TECTA/THBS3/PHLDB2/FBLN5/COL16A1/WDPCP/SVEP1/TNXB/THBS1/PTPRJ/DDR1/THSD1/KDR/BCL2L11/BCL6/LIMS1/VCL/MMP14/PTEN/WHAMM/FERMT2/SERPINE1/POSTN/PIK3R1/ARHGEF7/RHOA/APOD/EMP2",43
"GO:0072593","reactive oxygen species metabolic process","43/1388","242/18986",0.177685950413223,2.43050825255436,6.28977760542678,4.64698813726916e-08,6.03791617744722e-06,4.80929920617856e-06,"AKR1C1/NQO1/CD36/LEP/CRYAB/PRDX3/AGTR1/CFLAR/HK2/BCL2/MAOB/CAT/AKR1C3/BNIP3/ACOX1/DCXR/GPX3/MIR21/EGFR/GADD45A/FBLN5/UCP2/SIRT3/PRDX2/PRDX1/PLIN5/THBS1/LIPA/SOD1/SH3PXD2A/PDK3/RAB27A/DHFR/TXN/BECN1/NDUFS4/SESN1/CYP1B1/PDK4/CDKN1A/RHOA/SLC5A3/HP",43
"GO:0061448","connective tissue development","48/1388","290/18986",0.16551724137931,2.26405644440028,6.09199437232985,7.7728866107837e-08,9.87502061196676e-06,7.86561578438603e-06,"DGAT2/COL1A1/LEP/BGN/LPL/GHR/NFIA/EBF2/SULF2/WNT11/BMPR1A/FGF2/PPARG/CFLAR/COL3A1/MKKS/COL5A1/PIK3CA/RUNX2/COMP/ACTA2/PGRMC2/MIR21/SFRP2/SOX5/EGR1/THBS3/NOTCH1/COL11A1/GPLD1/TRPS1/BMPR2/EVC/TAPT1/LIPA/CHI3L1/MAF/PTPN11/CTSK/EFEMP1/RUNX1/LOX/ASNSD1/TRIP11/BMP6/FOSL2/ACAT1/CRIP1",48
"GO:0010810","regulation of cell-substrate adhesion","40/1388","223/18986",0.179372197309417,2.45357387472377,6.13206540039119,1.04213999223717e-07,1.29519876861302e-05,1.03164704952357e-05,"CD36/COL1A1/LIMCH1/CLASP2/ITGB1BP1/FZD4/BCL2/KANK1/ECM2/THY1/FN1/COL8A1/FBLN2/NOTCH1/EDIL3/PHLDB2/PDPN/COL16A1/WDPCP/THBS1/PTPRJ/DDR1/KDR/FBLN1/SPOCK1/BCL6/LIMS1/VCL/MMP14/PTEN/FERMT2/SERPINE1/POSTN/PIK3R1/ARHGEF7/P4HB/RHOA/APOD/EMP2/DAB2",40
"GO:0007005","mitochondrion organization","65/1388","452/18986",0.143805309734513,1.96706600188723,5.84398551355001,1.12653685920107e-07,1.3703002604367e-05,1.09146661879145e-05,"CAV2/AIFM2/NDUFAF4/PPARG/LYRM7/PRDX3/EPM2A/BOK/HK2/NDUFB6/GCLC/BCL2/ACAA2/IFI27/CHCHD10/COX14/CEBPA/FMC1/BNIP3/NDUFB4/OMA1/COX7A1/DNAJA3/PISD/TMEM135/ATPAF1/DDHD1/NDUFS1/PDE2A/UCP2/BCL2L2/TIMM22/TNFSF10/TOMM7/EPAS1/LIPA/NDUFB5/NDUFC2/COA5/KDR/GHITM/NDUFB2/PEX5/BCL2L11/NDUFB1/VPS13A/AGK/NDUFA2/HIGD1A/HMGCL/TOMM70/NDUFB8/NDUFS4/NDUFB10/FAM162A/NDUFA1/APOOL/TMEM126A/VPS35/NDUFA9/PLAUR/MCL1/TFAM/TOMM20/NDUFA12",65
"GO:0034440","lipid oxidation","26/1388","114/18986",0.228070175438596,3.11969765913342,6.37508176161991,1.47376068591158e-07,1.75531038361594e-05,1.39813349281875e-05,"ACACB/LEP/HADH/ADIPOQ/FMO2/ACAA2/ADIPOR2/ACOX1/CPT1B/ECHDC2/EHHADH/ECHS1/ETFB/TWIST1/PLIN5/GCDH/ECHDC1/PEX5/SCP2/ETFDH/ABCD3/ETFA/PDK4/ACAT1/APOD/ECH1",26
"GO:0019395","fatty acid oxidation","25/1388","107/18986",0.233644859813084,3.19595195130491,6.39725416898344,1.54863802755607e-07,1.80684971500777e-05,1.43918541508219e-05,"ACACB/LEP/HADH/ADIPOQ/FMO2/ACAA2/ADIPOR2/ACOX1/CPT1B/ECHDC2/EHHADH/ECHS1/ETFB/TWIST1/PLIN5/GCDH/ECHDC1/PEX5/SCP2/ETFDH/ABCD3/ETFA/PDK4/ACAT1/ECH1",25
"GO:0043648","dicarboxylic acid metabolic process","24/1388","100/18986",0.24,3.2828818443804,6.42808807472666,1.59389155303252e-07,1.82245560173739e-05,1.45161575966709e-05,"PCK1/ASPA/SHMT1/MTHFD1/MDH1/GCLC/ALDH4A1/SUCLG2/GLUD1/ME1/DLD/PCK2/ASS1/SDHA/ADHFE1/NIT2/GPT2/IDH1/ALDH1L1/DHFR/SUCLA2/GLS/MDH2/MTHFD1L",24
"GO:0006641","triglyceride metabolic process","25/1388","108/18986",0.231481481481481,3.16635980360764,6.34063644769278,1.87682513256987e-07,2.10388417311803e-05,1.675778229824e-05,"GPAM/THRSP/DGAT2/CIDEC/PCK1/MGLL/PNPLA2/LPL/NR1H3/CAV1/LPIN1/CAT/APOB/PCK2/ACSL1/GPLD1/GPIHBP1/SCARB1/PLIN5/TNXB/GPAT3/LIPA/LIPE/PTPN11/ABHD5",25
"GO:0006163","purine nucleotide metabolic process","63/1388","440/18986",0.143181818181818,1.95853746397695,5.7131901579986,2.06529151018201e-07,2.25034258305566e-05,1.79243475402056e-05,"NQO1/GPD1/ACACB/ATP1A2/MTHFD1/FMO2/ALDOC/NPR1/SDHB/MDH1/HK2/NDUFB6/TKT/PTGIS/ME1/TJP2/NDUFB4/DCXR/GART/PCK2/ENO2/SDHC/PDE4D/AK4/LDHB/DNAJC30/NDUFS1/PDE8B/PDE2A/UCP2/SULT1A1/SDHA/ZBTB20/PFKFB3/ABHD14B/NMNAT2/BPNT1/LIPA/GPD1L/NDUFB5/NDUFC2/TALDO1/NDUFB2/IDH1/PFKFB1/NDUFB1/NDUFA2/RHOQ/ALDH1L1/NDUFB8/SULT1A2/SDHD/HINT1/NADK/NDUFS4/NDUFB10/MDH2/ADCY4/NDUFA1/NDUFA9/GTPBP1/NDUFA12/AK3",63
"GO:0010883","regulation of lipid storage","17/1388","55/18986",0.309090909090909,4.22795389048991,6.73271555280032,2.08620179992916e-07,2.25034258305566e-05,1.79243475402056e-05,"CES1/CD36/PNPLA2/ACACB/LEP/LPL/PPARG/NR1H3/HILPDA/APOB/OSBPL11/CIDEA/SCARB1/PLIN5/PLIN2/ABHD5/MSR1",17
"GO:0042776","proton motive force-driven mitochondrial ATP synthesis","19/1388","68/18986",0.279411764705882,3.82198253941346,6.54695785453287,2.42561660733083e-07,2.56800928594636e-05,2.04546148992459e-05,"SDHB/NDUFB6/NDUFB4/SDHC/DNAJC30/NDUFS1/SDHA/NDUFB5/NDUFC2/NDUFB2/NDUFB1/NDUFA2/NDUFB8/SDHD/NDUFS4/NDUFB10/NDUFA1/NDUFA9/NDUFA12",19
"GO:0048545","response to steroid hormone","52/1388","340/18986",0.152941176470588,2.09203254788947,5.70624715496339,3.06234704222154e-07,3.18317055279646e-05,2.53544752242112e-05,"PCK1/COL1A1/GHR/ATP1A2/LMO3/ADIPOQ/ZNF366/NR1H3/CFLAR/CAV1/BCL2/MAOB/PIK3CA/AKR1C3/NR3C1/JUN/ANXA3/PGRMC2/PCK2/TXNIP/EGFR/AR/RPS6KB1/STK39/PMEPA1/ASS1/UCP2/TGFB3/UBR5/URI1/ABHD2/THBS1/INHBA/SDC1/IDH1/BCL2L11/PFKFB1/RPL27/SLIT2/ZDHHC7/LBH/FBXO32/LOX/BMP6/NR4A3/CDO1/CYP1B1/ZNF764/FOSL2/CDKN1A/RHOA/DAB2",52
"GO:0007162","negative regulation of cell adhesion","49/1388","314/18986",0.156050955414013,2.13457020136199,5.69336667225391,3.62437304491146e-07,3.70009655317122e-05,2.94718755494116e-05,"COL1A1/TNFRSF21/SERPINE2/CLASP2/ADIPOQ/JAM3/ITGB1BP1/FZD4/PDE3B/MUC1/KANK1/TNC/STAT5A/EPHB2/MIR21/FGL2/PRKG1/NOTCH1/PHLDB2/ASS1/PRDX2/MMP2/THBS1/ANGPT1/CBFB/FBLN1/PTPN11/CXCL12/SPOCK1/CD164/LGALS3/WNK1/BCL6/PLXNA4/CEACAM1/METTL3/NDFIP1/RUNX1/BMP6/MMP14/PTEN/CYP1B1/DUSP1/SERPINE1/POSTN/PIK3R1/RHOA/JAK3/APOD",49
"GO:1905954","positive regulation of lipid localization","25/1388","113/18986",0.221238938053097,3.02625538751881,6.06710221140715,4.71374867478246e-07,4.72780722346163e-05,3.7657759496046e-05,"CES1/CD36/DBI/ACACB/LPL/PPARG/ADIPOQ/NR1H3/ABCA8/CAV1/NMB/HILPDA/ACSL5/APOB/OSBPL11/ACSL1/CIDEA/SCARB1/PLIN5/SCP2/PLIN2/BMP6/MSR1/PLA2G4A/DAB2",25
"GO:0051235","maintenance of location","52/1388","345/18986",0.150724637681159,2.06171323560122,5.58921161438691,4.86306280177235e-07,4.79347069616078e-05,3.81807798193597e-05,"CES1/DGAT2/CIDEC/CD36/PNPLA2/ACACB/LEP/LPL/ACVR1C/ASPH/ATP1A2/NEGR1/FGF2/PPARG/NR1H3/CAV1/HK2/GSN/CHCHD10/PML/HILPDA/APOB/KDELR3/THY1/UVRAG/OSBPL11/PDE4D/PISD/CDS2/CIDEA/SCARB1/PLIN5/TAF3/DMD/CALM1/LIPA/GHITM/VPS13A/CACNA1C/PRKD1/SUN2/PLIN2/ANXA6/GET4/TXN/ABHD5/GPSM2/ITPR2/SRI/COPS9/MSR1/YWHAE",52
"GO:0006644","phospholipid metabolic process","55/1388","374/18986",0.147058823529412,2.01156975758603,5.5488564957644,5.14632455014842e-07,4.98670126325398e-05,3.97198929597539e-05,"GPAM/DBI/LPL/CRLS1/FABP5/NR1H3/DHDDS/ABCA8/LPIN1/PIK3CA/PIGP/OSBPL10/GGPS1/PRDX6/PLA1A/GPX4/PDGFA/UVRAG/CHP1/PLA2G2A/PIK3C2A/ORMDL3/SACM1L/PISD/CDS2/DDHD1/SYNJ2/GPLD1/SCARB1/SMPD1/PIK3R3/BPNT1/GPAT3/DNAJC19/PIGF/IDH1/SAMD8/PLPP3/CHPT1/MTMR10/PTDSS2/SCP2/PLA2G12A/IMPA2/MTMR12/DPM3/ABHD5/BECN1/PLSCR1/PTEN/ENPP2/ADGRF5/PLA2G4A/FDFT1/PIK3R1",55
"GO:0006979","response to oxidative stress","58/1388","405/18986",0.14320987654321,1.95892126516526,5.47828089666781,6.20594457718983e-07,5.91323085796571e-05,4.70998530542512e-05,"MGST1/NQO1/CD36/COL1A1/VKORC1L1/CRYAB/AIFM2/ADIPOQ/PRDX3/GCLC/BCL2/C19orf12/MSRB2/CAT/DDR2/OXR1/PML/BNIP3/NET1/GPX3/PRDX6/GPX4/MIR21/STAU2/TXNIP/EGFR/NCOA7/TPM1/FADS2/STAT1/FBLN5/UCP2/PRDX2/MMP2/TRIM32/PRDX1/PYCR1/EPAS1/SDC1/SOD1/IDH1/PEX5/STK24/PRKD1/ETFDH/DHFR/MET/ZNF277/TXN/BECN1/MMP14/SESN1/SLC11A2/CYP1B1/PSIP1/HP/APOD/NDUFA12",58
"GO:0030199","collagen fibril organization","19/1388","72/18986",0.263888888888889,3.60965017611271,6.23053337870878,6.43038120201946e-07,6.02663759540086e-05,4.80031563070512e-05,"COL1A1/COL1A2/AEBP1/COL12A1/COL3A1/COL5A2/COL5A1/DDR2/COMP/SFRP2/P4HA3/COL11A1/FKBP10/CRTAP/TNXB/ADAMTS2/P3H4/LOX/CYP1B1",19
"GO:0010812","negative regulation of cell-substrate adhesion","18/1388","66/18986",0.272727272727273,3.73054755043228,6.24064563691686,7.43198234720815e-07,6.85300694822403e-05,5.45853236570839e-05,"COL1A1/CLASP2/ITGB1BP1/FZD4/KANK1/NOTCH1/PHLDB2/THBS1/FBLN1/SPOCK1/BCL6/MMP14/PTEN/SERPINE1/POSTN/PIK3R1/RHOA/APOD",18
"GO:0061041","regulation of wound healing","28/1388","140/18986",0.2,2.735734870317,5.78903519543717,8.91046998964413e-07,8.0858979255231e-05,6.44055023812874e-05,"CD36/SERPINE2/FAP/FGF2/CLASP2/CAV1/DDR2/KANK1/EPHB2/MYLK/PDGFA/PRKG1/PHLDB2/PRDX2/ADRA2A/TNFRSF12A/CD109/THBS1/ANO6/CEACAM1/SLC12A2/PTEN/SMOC2/FERMT2/SERPINE1/PLAUR/INSL3/ENPP4",28
"GO:1901654","response to ketone","38/1388","224/18986",0.169642857142857,2.3204893989296,5.58325854728963,9.21225018172689e-07,8.22913035764572e-05,6.55463721811686e-05,"AKR1C2/NQO1/PCK1/GNAI1/GHR/GNG2/NR1H3/CFLAR/CAV1/MAOB/PIK3CA/AKR1C3/XRN1/NR3C1/TGFBR3/TNC/PCK2/TXNIP/EGFR/AR/RPS6KB1/STK39/ASS1/UCP2/TGFB3/PSPH/ABHD2/THBS1/INHBA/LIPA/RPL27/PRKD1/SLIT2/FBXO32/CYP1B1/PTGDR/POSTN/CDKN1A",38
"GO:0033002","muscle cell proliferation","41/1388","252/18986",0.162698412698413,2.22549860482137,5.50004459376856,1.07371984173888e-06,9.27280132089643e-05,7.38593824773722e-05,"RBP4/CAV2/RBPMS2/BMPR1A/FGF2/PPARG/ADIPOQ/CFLAR/NPR1/PIK3CA/DDR2/VGLL4/NDRG2/TGFBR3/ANG/JUN/MIR21/EGFR/TPM1/PRKG1/RPS6KB1/NOTCH1/STAT1/TGFB3/MMP2/TCF7L2/BMPR2/THBS1/KCNK2/ANGPT1/ELN/IGFBP3/ZNF143/IGFBP5/RUNX1/NR4A3/PTEN/PIK3R1/CDKN1A/ADAMTS1/APOD",41
"GO:0001706","endoderm formation","17/1388","61/18986",0.278688524590164,3.81208957339254,6.17795158704878,1.07774865113537e-06,9.27280132089643e-05,7.38593824773722e-05,"ITGA7/COL12A1/COL5A2/COL5A1/CDC73/FN1/COL8A1/COL11A1/MMP2/LAMB3/INHBA/SMAD2/DUSP4/COL4A2/BRD3/MMP14/DUSP1",17
"GO:0048660","regulation of smooth muscle cell proliferation","32/1388","174/18986",0.183908045977011,2.51561827155586,5.64047071191271,1.08671976298769e-06,9.27280132089643e-05,7.38593824773722e-05,"RBPMS2/BMPR1A/FGF2/PPARG/ADIPOQ/NPR1/PIK3CA/DDR2/NDRG2/ANG/JUN/MIR21/EGFR/TPM1/PRKG1/RPS6KB1/STAT1/TGFB3/MMP2/TCF7L2/BMPR2/THBS1/ELN/IGFBP3/ZNF143/IGFBP5/NR4A3/PTEN/PIK3R1/CDKN1A/ADAMTS1/APOD",32
"GO:0050673","epithelial cell proliferation","65/1388","482/18986",0.134854771784232,1.84463450799383,5.27506611387453,1.16169114242834e-06,9.76674744303356e-05,7.77937443056502e-05,"CDKN2B/CAV2/LEP/FAP/SULF2/BMPR1A/FGF2/PPARG/GPC3/AGTR1/CFLAR/ITGB1BP1/CAV1/CDC73/SCG2/VDR/CDKN1C/RUNX2/TGFBR3/FMC1/STAT5A/ANG/MIR21/GPBAR1/SFRP2/EGFR/AR/COL8A1/MMRN2/NOTCH1/ATOH8/STAT1/BCL2L2/CCND1/SCARB1/TWIST1/TCF7L2/MTSS1/FLT1/BMPR2/EDNRB/CD109/THBS1/RTN4/LIPA/KDR/CXCL12/COL8A2/PRKD1/IGFBP3/IGFBP5/NR4A1/CEACAM1/TNMD/SIDT2/BMP6/NR4A3/MMP14/NFKBIZ/STK3/SGPP2/CDKN1A/RAF1/WDR77/DAB2",65
"GO:0150116","regulation of cell-substrate junction organization","18/1388","68/18986",0.264705882352941,3.62082556365486,6.08027663874101,1.20102797537436e-06,9.95112599306554e-05,7.92623496791684e-05,"LIMCH1/CLASP2/ITGB1BP1/THY1/PHLDB2/COL16A1/WDPCP/THBS1/PTPRJ/KDR/LIMS1/VCL/MMP14/PTEN/FERMT2/PIK3R1/RHOA/APOD",18
"GO:0009063","amino acid catabolic process","24/1388","111/18986",0.216216216216216,2.95755121115352,5.80897515147572,1.23410372294774e-06,0.00010079101405846,8.02816948191265e-05,"QDPR/SHMT1/FAH/ALDH4A1/GLUD1/DLD/HIBADH/MIR21/MCCC1/HIBCH/ECHS1/ALDH6A1/ETFB/CSAD/ADHFE1/CRYM/GPT2/MCCC2/GCSH/HMGCL/GLS/ETFA/CDO1/ACAT1",24
"GO:0072522","purine-containing compound biosynthetic process","42/1388","263/18986",0.159695817490494,2.18442708276263,5.4320888139733,1.31790255732987e-06,0.000106118998876829,8.45255220609194e-05,"ACACB/SHMT1/MTHFD1/NPR1/SDHB/NDUFB6/PTGIS/PDHA1/ACSL5/NDUFB4/DLD/GART/ACSS2/ACSL1/SDHC/AK4/DNAJC30/NDUFS1/GCDH/SDHA/NMNAT2/LIPA/PDHB/NDUFB5/NDUFC2/HACD2/NDUFB2/NDUFB1/NDUFA2/PDK3/NDUFB8/SDHD/NADK/NDUFS4/NDUFB10/PDK4/ADCY4/ACAT1/NDUFA1/NDUFA9/NDUFA12/AK3",42
"GO:0010884","positive regulation of lipid storage","11/1388","27/18986",0.407407407407407,5.57279325434945,6.67765707298424,1.33706374053732e-06,0.000106166575064609,8.45634172743339e-05,"CD36/ACACB/LPL/HILPDA/APOB/OSBPL11/CIDEA/SCARB1/PLIN5/PLIN2/MSR1",11
"GO:0006639","acylglycerol metabolic process","27/1388","135/18986",0.2,2.735734870317,5.68396575921703,1.38826826159294e-06,0.000108722323993519,8.65991131889124e-05,"GPAM/THRSP/DGAT2/CIDEC/PCK1/MGLL/PNPLA2/LPL/NR1H3/CAV1/LPIN1/CAT/APOB/PCK2/ACSL1/GPLD1/GPIHBP1/SCARB1/PLIN5/ABHD2/TNXB/GPAT3/LIPA/LIPE/PTPN11/ABHD5/PLA2G4A",27
"GO:0042180","cellular ketone metabolic process","39/1388","237/18986",0.164556962025316,2.25092109583045,5.44231170637088,1.46085099259731e-06,0.000112860609792957,8.98953256611089e-05,"CES1/AKR1C1/AKR1C2/NQO1/GPD1/ACACB/VKORC1L1/AIFM2/PPARG/ADIPOQ/FMO2/FABP5/NR1H3/DHRS9/CAV1/DKK3/AKR1C3/PNKD/NQO2/ERLIN2/OXCT1/MIR21/EGR1/PRKG1/TWIST1/PLIN5/EDNRB/INHBA/CRYZL1/SCP2/PDK3/CEACAM1/GGCX/COQ8A/BMP6/CBR3/PDK4/NDUFA9/DAB2",39
"GO:0006638","neutral lipid metabolic process","27/1388","136/18986",0.198529411764706,2.71561917274114,5.6390123409521,1.61325073496087e-06,0.000122972726023617,9.79497919921507e-05,"GPAM/THRSP/DGAT2/CIDEC/PCK1/MGLL/PNPLA2/LPL/NR1H3/CAV1/LPIN1/CAT/APOB/PCK2/ACSL1/GPLD1/GPIHBP1/SCARB1/PLIN5/ABHD2/TNXB/GPAT3/LIPA/LIPE/PTPN11/ABHD5/PLA2G4A",27
"GO:0051051","negative regulation of transport","63/1388","467/18986",0.134903640256959,1.84530296391832,5.19434083691185,1.67222952623099e-06,0.000125791265808718,0.000100194805131236,"CD36/PTGER3/LEP/ACVR1C/SERPINE2/ATP1A2/CRYAB/GABRE/HADH/ADIPOQ/FABP5/NR1H3/NEDD4L/CAV1/BCL2/MAOB/NMB/PNKD/ATP9A/KCNAB1/MDFIC/EPHB2/CRHBP/SESTD1/CHP1/PRKG1/GEM/KCNE3/STK39/NOTCH1/SFRP4/BIN1/PDE8B/UCP2/DLG4/ADRA2A/CD200/CALM1/THBS1/INHBA/ANGPT1/PTPN11/FCGR2B/PRKD1/LGALS3/WNK1/VSNL1/CEACAM1/NDFIP1/FRMD4A/TXN/PLSCR1/PTEN/RABGEF1/TMBIM6/SRI/ATXN2/VPS35/TBC1D4/SYTL4/YWHAE/APOD/KCNB1",63
"GO:0051893","regulation of focal adhesion assembly","17/1388","63/18986",0.26984126984127,3.69107085677691,6.00853769628753,1.76800714844702e-06,0.000129585857277841,0.000103217259435652,"LIMCH1/CLASP2/ITGB1BP1/THY1/PHLDB2/COL16A1/WDPCP/THBS1/PTPRJ/KDR/LIMS1/VCL/MMP14/PTEN/FERMT2/RHOA/APOD",17
"GO:0090109","regulation of cell-substrate junction assembly","17/1388","63/18986",0.26984126984127,3.69107085677691,6.00853769628753,1.76800714844702e-06,0.000129585857277841,0.000103217259435652,"LIMCH1/CLASP2/ITGB1BP1/THY1/PHLDB2/COL16A1/WDPCP/THBS1/PTPRJ/KDR/LIMS1/VCL/MMP14/PTEN/FERMT2/RHOA/APOD",17
"GO:2000377","regulation of reactive oxygen species metabolic process","29/1388","153/18986",0.189542483660131,2.59268990977755,5.55501924662264,1.81683093089954e-06,0.000129924578673801,0.000103487056579704,"AKR1C1/CD36/LEP/CRYAB/AGTR1/CFLAR/HK2/BCL2/AKR1C3/BNIP3/DCXR/MIR21/EGFR/GADD45A/FBLN5/SIRT3/PRDX2/PLIN5/THBS1/SOD1/PDK3/RAB27A/DHFR/BECN1/CYP1B1/CDKN1A/RHOA/SLC5A3/HP",29
"GO:0048659","smooth muscle cell proliferation","32/1388","178/18986",0.179775280898876,2.45908752388045,5.49273205872135,1.81808051318944e-06,0.000129924578673801,0.000103487056579704,"RBPMS2/BMPR1A/FGF2/PPARG/ADIPOQ/NPR1/PIK3CA/DDR2/NDRG2/ANG/JUN/MIR21/EGFR/TPM1/PRKG1/RPS6KB1/STAT1/TGFB3/MMP2/TCF7L2/BMPR2/THBS1/ELN/IGFBP3/ZNF143/IGFBP5/NR4A3/PTEN/PIK3R1/CDKN1A/ADAMTS1/APOD",32
"GO:1990845","adaptive thermogenesis","31/1388","170/18986",0.182352941176471,2.49434649940668,5.49642740290584,1.91944590011187e-06,0.000135474965567155,0.00010790803071974,"SCD/FABP4/CD36/LEP/S100B/EBF2/G0S2/LAMA4/HADH/ADIPOQ/FABP5/NR1H3/CAV1/TRPV1/LPIN1/NOVA1/ADRB1/ADIPOR2/OMA1/LEPR/ACSL1/TFE3/NOTCH1/ADAMTS5/UCP2/CIDEA/EPAS1/LIPA/LNPEP/MFAP2/QKI",31
"GO:0015986","proton motive force-driven ATP synthesis","19/1388","77/18986",0.246753246753247,3.37525730753396,5.86529853097678,1.95067123289471e-06,0.000135967510789269,0.000108300351062736,"SDHB/NDUFB6/NDUFB4/SDHC/DNAJC30/NDUFS1/SDHA/NDUFB5/NDUFC2/NDUFB2/NDUFB1/NDUFA2/NDUFB8/SDHD/NDUFS4/NDUFB10/NDUFA1/NDUFA9/NDUFA12",19
"GO:0009612","response to mechanical stimulus","37/1388","222/18986",0.166666666666667,2.2797790585975,5.38663007577093,1.97399044875098e-06,0.000135967510789269,0.000108300351062736,"COL1A1/SERPINE2/ATP1A2/WNT11/FGF2/PIEZO2/TTN/GCLC/MKKS/GSN/PIK3CA/DDR2/BNIP3/TNC/TXNIP/EGFR/GADD45A/RPS6KB1/COL11A1/STAT1/FAS/PDE2A/MMP2/PSPH/DMD/THBS1/CHI3L1/KCNK2/MAP3K2/CXCL12/SCN9A/SHANK3/BMP6/MMP14/MBD2/POSTN/RAF1",37
"GO:0046890","regulation of lipid biosynthetic process","34/1388","196/18986",0.173469387755102,2.37283126507087,5.42563012817404,2.02856694293512e-06,0.000137295278413621,0.000109357939739709,"CES1/THRSP/PCK1/SORBS1/GNAI1/LEP/FABP5/NR1H3/DKK3/AKR1C3/NR3C1/APOB/GPR146/ERLIN2/PDGFA/CHP1/EGR1/ORMDL3/PRKG1/GPLD1/PDE8B/SIRT3/SCARB1/PLIN5/ZBTB20/IDH1/SAMD8/SCP2/CEACAM1/QKI/BMP6/ADGRF5/PDK4/DAB2",34
"GO:0009117","nucleotide metabolic process","66/1388","500/18986",0.132,1.80558501440922,5.12676350070754,2.04129765001885e-06,0.000137295278413621,0.000109357939739709,"NQO1/GPD1/ACACB/ATP1A2/SHMT1/MTHFD1/FMO2/ALDOC/NPR1/SDHB/MDH1/HK2/NDUFB6/TKT/PTGIS/ME1/TJP2/NDUFB4/DCXR/GART/PCK2/ENO2/SDHC/PDE4D/TK2/AK4/LDHB/DNAJC30/NDUFS1/PDE8B/PDE2A/UCP2/SULT1A1/SDHA/ZBTB20/PFKFB3/ABHD14B/NMNAT2/BPNT1/LIPA/GPD1L/NDUFB5/NDUFC2/TALDO1/NDUFB2/IDH1/PFKFB1/NDUFB1/NDUFA2/RHOQ/ALDH1L1/NDUFB8/SULT1A2/SDHD/HINT1/NADK/NDUFS4/NDUFB10/RNASEH2B/MDH2/ADCY4/NDUFA1/NDUFA9/GTPBP1/NDUFA12/AK3",66
"GO:0006120","mitochondrial electron transport, NADH to ubiquinone","15/1388","51/18986",0.294117647058824,4.02313951517206,6.07126235648531,2.18330375914869e-06,0.000145138925477361,0.00011560553319556,"NDUFB6/NDUFB4/DLD/NDUFS1/NDUFB5/NDUFC2/NDUFB2/NDUFB1/NDUFA2/DNAJC15/NDUFB8/NDUFS4/NDUFB10/NDUFA1/NDUFA9",15
"GO:0031960","response to corticosteroid","29/1388","156/18986",0.185897435897436,2.54283048843568,5.43405123454915,2.73162904302966e-06,0.000178065742281238,0.000141832282501613,"PCK1/GHR/ADIPOQ/CFLAR/BCL2/MAOB/PIK3CA/AKR1C3/NR3C1/ANXA3/PCK2/EGFR/RPS6KB1/STK39/ASS1/UCP2/INHBA/SDC1/BCL2L11/PFKFB1/RPL27/SLIT2/FBXO32/BMP6/CDO1/CYP1B1/ZNF764/FOSL2/CDKN1A",29
"GO:2000811","negative regulation of anoikis","9/1388","19/18986",0.473684210526316,6.47937206127711,6.71083632214642,2.74091049864421e-06,0.000178065742281238,0.000141832282501613,"CAV1/BCL2/PIK3CA/NOTCH1/NTRK2/PIK3R3/TLE1/PDK4/MCL1",9
"GO:0048251","elastic fiber assembly","7/1388","11/18986",0.636363636363636,8.70461095100864,7.17834853443794,2.79259072066204e-06,0.000179384732022752,0.000142882879451023,"THSD4/COL3A1/FBLN5/TNXB/LTBP4/LOX/MYH11",7
"GO:0030258","lipid modification","33/1388","191/18986",0.172774869109948,2.3633311706927,5.318207278744,3.12256131725548e-06,0.000198352033897217,0.000157990646297628,"ACACB/LEP/HADH/ADIPOQ/FMO2/ACAA2/ADIPOR2/ACOX1/CPT1B/ECHDC2/EHHADH/SACM1L/ECHS1/ETFB/TWIST1/PLIN5/GCDH/ECHDC1/PEX5/PLPP3/MTMR10/AGK/SCP2/ETFDH/ABCD3/MTMR12/ETFA/PTEN/PDK4/ACAT1/SGPP2/APOD/ECH1",33
"GO:0010889","regulation of sequestering of triglyceride","8/1388","15/18986",0.533333333333333,7.29529298751201,6.84990962971464,3.23183295494646e-06,0.000203037241795922,0.000161722491186795,"PNPLA2/LPL/PPARG/OSBPL11/CIDEA/PLIN5/PLIN2/ABHD5",8
"GO:1901605","alpha-amino acid metabolic process","35/1388","209/18986",0.167464114832536,2.2906870923707,5.26925703358921,3.31171609952025e-06,0.000205794358053883,0.000163918579479686,"ASPA/QDPR/SHMT1/MTHFD1/FAH/GCLC/ALDH4A1/GLUD1/GFPT1/NAT8L/HIBADH/MIR21/MCCC1/HIBCH/GLYAT/ALDH6A1/ASS1/UCP2/CSAD/PSPH/GCDH/ADHFE1/CRYM/PYCR1/NIT2/GPT2/MCCC2/GCSH/HMGCL/ASNSD1/GLS/RIMKLB/CDO1/ACAT1/P4HB",35
"GO:0001952","regulation of cell-matrix adhesion","25/1388","125/18986",0.2,2.735734870317,5.46794848692686,3.37311522107079e-06,0.000207355910955503,0.000165162381962108,"CD36/LIMCH1/CLASP2/ITGB1BP1/BCL2/THY1/PHLDB2/COL16A1/WDPCP/THBS1/PTPRJ/DDR1/KDR/BCL6/LIMS1/VCL/MMP14/PTEN/FERMT2/SERPINE1/POSTN/PIK3R1/RHOA/APOD/EMP2",25
"GO:0007492","endoderm development","20/1388","87/18986",0.229885057471264,3.14452283944483,5.63040022447645,3.45831170078482e-06,0.000210331574397732,0.000167532546669598,"ITGA7/BMPR1A/COL12A1/COL5A2/COL5A1/CDC73/FN1/COL8A1/NOTCH1/COL11A1/MMP2/LAMB3/INHBA/SMAD2/DUSP4/COL4A2/BRD3/MMP14/DUSP1/PELO",20
"GO:0051897","positive regulation of phosphatidylinositol 3-kinase/protein kinase B signal transduction","33/1388","192/18986",0.171875,2.35102215417867,5.28411001320769,3.51081477327477e-06,0.000211277137461177,0.000168285703148882,"AKR1C2/LEP/TMEM100/FGF2/ITGB1BP1/CAT/PIK3CA/RAMP3/AKR1C3/DDR2/MIR21/PDGFA/FN1/EGFR/TCF7L2/FLT1/NTRK2/THBS1/PTPRJ/DDR1/RTN4/CHI3L1/KDR/ANGPT1/TYRO3/PRKD1/IGFBP5/TXN/BAG4/BECN1/STK3/FERMT2/SELP",33
"GO:0034308","primary alcohol metabolic process","22/1388","103/18986",0.213592233009709,2.92165859936767,5.49196456711381,4.1897582639831e-06,0.000246691731707289,0.000196494007966219,"RBP4/AKR1C1/AKR1C2/DGAT2/RETSAT/PNPLA2/ADH1C/RDH5/ADH1B/ALDH3A2/ALDH2/DHRS9/DKK3/AKR1C3/ACSS2/SULT1A1/EDNRB/LIPE/SULT1A2/BMP6/CYP1B1/DAB2",22
"GO:0070542","response to fatty acid","16/1388","60/18986",0.266666666666667,3.647646493756,5.76865522539398,4.1992182539382e-06,0.000246691731707289,0.000196494007966219,"SCD/AKR1C1/AKR1C2/DGAT2/CD36/LPL/ADIPOQ/CAT/PIK3CA/AKR1C3/ACSL1/ASS1/UCP2/KCNK2/PDK3/PDK4",16
"GO:0120161","regulation of cold-induced thermogenesis","28/1388","151/18986",0.185430463576159,2.53644292612172,5.32341679888451,4.2434820457615e-06,0.000246691731707289,0.000196494007966219,"SCD/FABP4/CD36/LEP/EBF2/G0S2/LAMA4/HADH/ADIPOQ/FABP5/NR1H3/CAV1/LPIN1/NOVA1/ADRB1/ADIPOR2/OMA1/LEPR/ACSL1/TFE3/NOTCH1/ADAMTS5/UCP2/CIDEA/EPAS1/LNPEP/MFAP2/QKI",28
"GO:0001659","temperature homeostasis","32/1388","185/18986",0.172972972972973,2.36604096892281,5.24357508301976,4.27190509690774e-06,0.000246691731707289,0.000196494007966219,"SCD/FABP4/CD36/PTGER3/LEP/EBF2/G0S2/LAMA4/HADH/ADIPOQ/FABP5/NR1H3/CAV1/TRPV1/LPIN1/NOVA1/ADRB1/ADIPOR2/OMA1/LEPR/ACSL1/EGR1/TFE3/NOTCH1/ADAMTS5/UCP2/CIDEA/EDNRB/EPAS1/LNPEP/MFAP2/QKI",32
"GO:0106106","cold-induced thermogenesis","28/1388","153/18986",0.183006535947712,2.50328680944039,5.24319712730626,5.52287888352414e-06,0.000315742985771075,0.000251494463685531,"SCD/FABP4/CD36/LEP/EBF2/G0S2/LAMA4/HADH/ADIPOQ/FABP5/NR1H3/CAV1/LPIN1/NOVA1/ADRB1/ADIPOR2/OMA1/LEPR/ACSL1/TFE3/NOTCH1/ADAMTS5/UCP2/CIDEA/EPAS1/LNPEP/MFAP2/QKI",28
"GO:0003012","muscle system process","61/1388","465/18986",0.131182795698925,1.7944067428961,4.87085901713451,6.02987181360932e-06,0.000337597683532463,0.000268902088684981,"PTGER3/ACACB/LEP/ASPH/ATP1A2/SULF2/CRYAB/PPARG/CFLAR/PDLIM5/TTN/NEDD4L/CAV1/TRPV1/MKKS/KCNIP2/GSN/PIK3CA/COMP/ACTA2/MYLK/MIR21/PDE4D/PIK3C2A/ORMDL3/TPM1/PRKG1/KCNE3/RPS6KB1/NOTCH1/BIN1/CALD1/ADRA2A/NFATC3/DMD/CALM1/EDNRB/KLF15/CKMT2/GPD1L/SOD1/SCN9A/CACNA1C/TPM2/PRKD1/TPM4/ANXA6/APBB2/SGCD/TOMM70/IGFBP5/NR4A1/MYOF/FBXO32/SCN4B/BECN1/NR4A3/MYH11/SRI/KCNMA1/RHOA",61
"GO:1905952","regulation of lipid localization","32/1388","188/18986",0.170212765957447,2.32828499601447,5.14023229769943,6.05659324095291e-06,0.000337597683532463,0.000268902088684981,"CES1/CD36/DBI/PNPLA2/ACACB/LEP/LPL/PPARG/ADIPOQ/AGTR1/NR1H3/ABCA8/CAV1/NMB/HILPDA/ACSL5/APOB/OSBPL11/ACSL1/CIDEA/SCARB1/LAMTOR1/PLIN5/THBS1/PTPN11/SCP2/PLIN2/ABHD5/BMP6/MSR1/PLA2G4A/DAB2",32
"GO:0043200","response to amino acid","25/1388","129/18986",0.193798449612403,2.65090588209012,5.28383499184762,6.08230914882695e-06,0.000337597683532463,0.000268902088684981,"NQO1/PCK1/COL1A1/COL1A2/CRLS1/COL3A1/COL5A2/GCLC/PIK3CA/EGFR/RPS6KB1/ASS1/BCL2L2/MMP2/COL16A1/LAMTOR1/NTRK2/TOMM70/RRAGD/DNMT3A/CDO1/TMBIM6/SESN1/RRAGC/KCNB1",25
"GO:0043491","phosphatidylinositol 3-kinase/protein kinase B signal transduction","46/1388","317/18986",0.145110410094637,1.9849180447095,4.96635287854651,6.19001721994325e-06,0.000338078617954565,0.000269285160835449,"AKR1C2/LEP/TMEM100/SERPINE2/FGF2/ITGB1BP1/PDE3B/CAT/PIK3CA/RAMP3/AKR1C3/DDR2/PREX2/MIR21/COL6A3/PDGFA/FN1/PTPN13/PIK3C2A/EGFR/TWIST1/TCF7L2/FLT1/NTRK2/THBS1/PTPRJ/DDR1/RTN4/PIK3R3/CHI3L1/KDR/ANGPT1/TYRO3/PRKD1/IGFBP5/CEACAM1/LOX/TXN/BAG4/BECN1/PTEN/STK3/COL6A2/FERMT2/PIK3R1/SELP",46
"GO:0006006","glucose metabolic process","33/1388","197/18986",0.16751269035533,2.29135154112845,5.11674933928382,6.20924521343875e-06,0.000338078617954565,0.000269285160835449,"RBP4/PCK1/GPD1/SORBS1/ACACB/LEP/NPY1R/ADIPOQ/ARPP19/FABP5/ALDOC/EPM2AIP1/HK2/PIK3CA/NR3C1/PDHA1/OAS1/DCXR/OMA1/LEPR/PCK2/ENO2/GPLD1/TCF7L2/PPP4R3B/LIPA/PDHB/PFKFB1/PDK3/IGFBP3/PDK4/MDH2/APOD",33
"GO:0033629","negative regulation of cell adhesion mediated by integrin","7/1388","12/18986",0.583333333333333,7.97922670509126,6.79183079350638,6.27728979477978e-06,0.000338559110912792,0.000269667881352704,"JAM3/PDE3B/MUC1/PTPN11/WNK1/CYP1B1/SERPINE1",7
"GO:0010257","NADH dehydrogenase complex assembly","16/1388","62/18986",0.258064516129032,3.52998047782839,5.60370058556239,6.6741413612715e-06,0.000353296908911011,0.000281406779033728,"NDUFAF4/NDUFB6/NDUFB4/NDUFS1/NDUFB5/NDUFC2/NDUFB2/NDUFB1/NDUFA2/NDUFB8/NDUFS4/NDUFB10/NDUFA1/TMEM126A/NDUFA9/NDUFA12",16
"GO:0032981","mitochondrial respiratory chain complex I assembly","16/1388","62/18986",0.258064516129032,3.52998047782839,5.60370058556239,6.6741413612715e-06,0.000353296908911011,0.000281406779033728,"NDUFAF4/NDUFB6/NDUFB4/NDUFS1/NDUFB5/NDUFC2/NDUFB2/NDUFB1/NDUFA2/NDUFB8/NDUFS4/NDUFB10/NDUFA1/TMEM126A/NDUFA9/NDUFA12",16
"GO:0097250","mitochondrial respirasome assembly","23/1388","114/18986",0.201754385964912,2.75973254461803,5.29247121738565,7.04801882277498e-06,0.00036966535421839,0.000294444514025346,"NDUFAF4/LYRM7/NDUFB6/COX14/FMC1/NDUFB4/COX7A1/ATPAF1/NDUFS1/NDUFB5/NDUFC2/COA5/NDUFB2/NDUFB1/NDUFA2/HIGD1A/NDUFB8/NDUFS4/NDUFB10/NDUFA1/TMEM126A/NDUFA9/NDUFA12",23
"GO:1903034","regulation of response to wounding","31/1388","181/18986",0.171270718232044,2.34275638065821,5.09762894902607,7.38841139873154e-06,0.000383995890604984,0.000305859021157059,"CD36/SERPINE2/FAP/FGF2/CLASP2/CAV1/DDR2/KANK1/EPHB2/MYLK/MIR21/PDGFA/PRKG1/PTPRS/PHLDB2/PRDX2/ADRA2A/TNFRSF12A/CD109/THBS1/ANO6/STK24/CEACAM1/SLC12A2/PTEN/SMOC2/FERMT2/SERPINE1/PLAUR/INSL3/ENPP4",31
"GO:0006637","acyl-CoA metabolic process","21/1388","99/18986",0.212121212121212,2.90153698366955,5.32732584113682,7.71422887044514e-06,0.000393770057610133,0.000313644305390467,"GPAM/DGAT2/ACACB/ACOT1/ACOT2/SUCLG2/PDHA1/ACSL5/DLD/ACSS2/ACSL1/GLYAT/GCDH/PDHB/ACSM5/HACD2/PDK3/SUCLA2/SUCLG1/PDK4/ACAT1",21
"GO:0035383","thioester metabolic process","21/1388","99/18986",0.212121212121212,2.90153698366955,5.32732584113682,7.71422887044514e-06,0.000393770057610133,0.000313644305390467,"GPAM/DGAT2/ACACB/ACOT1/ACOT2/SUCLG2/PDHA1/ACSL5/DLD/ACSS2/ACSL1/GLYAT/GCDH/PDHB/ACSM5/HACD2/PDK3/SUCLA2/SUCLG1/PDK4/ACAT1",21
"GO:1901293","nucleoside phosphate biosynthetic process","46/1388","321/18986",0.143302180685358,1.96018386346701,4.87260604059539,8.65190564522145e-06,0.000437725173218858,0.000348655275465561,"ACACB/SHMT1/MTHFD1/NPR1/SDHB/NDUFB6/PTGIS/PDHA1/ME1/ACSL5/NDUFB4/GFPT1/DLD/GART/ACSS2/ACSL1/SDHC/TK2/AK4/DNAJC30/NDUFS1/GCDH/SDHA/NMNAT2/LIPA/PDHB/NDUFB5/NDUFC2/HACD2/NDUFB2/NDUFB1/NDUFA2/PDK3/NDUFB8/SDHD/NADK/NDUFS4/UGP2/NDUFB10/PDK4/ADCY4/ACAT1/NDUFA1/NDUFA9/NDUFA12/AK3",46
"GO:0042593","glucose homeostasis","40/1388","265/18986",0.150943396226415,2.0647055625034,4.901808216683,9.52217947850878e-06,0.00047381104889969,0.000377398266948999,"RBP4/PCK1/COL1A1/LEP/PPARG/ADIPOQ/FABP5/HK2/GCLC/PIK3CA/CEBPA/ADIPOR2/OAS1/LEPR/PCK2/SOX4/GPLD1/PDE8B/UCP2/TCF7L2/ADRA2A/ZBTB20/KLF15/PTPRJ/SMAD2/PTPN11/VSNL1/IGFBP5/SMARCB1/SIDT2/PYGL/NADK/SRI/ADGRF5/PDK4/FOSL2/PIK3R1/RAF1/SGCB/KCNB1",40
"GO:0050878","regulation of body fluid levels","52/1388","381/18986",0.136482939632546,1.86690568578063,4.8005155315737,9.53092017202454e-06,0.00047381104889969,0.000377398266948999,"CD36/SERPINE2/FAP/NEGR1/NR1H3/SAA1/COL3A1/NPR1/CAV1/HK2/PIK3CA/VDR/STXBP1/COMP/STAT5A/EPHB2/PDGFA/PRICKLE1/EGFR/PRKG1/STK39/ITPK1/PDPN/C1GALT1C1/PRDX2/CCND1/ADRA2A/SVEP1/EDNRB/RASA3/THBS1/PTPRJ/DDR1/TYRO3/JMJD1C/ANO6/FBLN1/WNK1/RAB27A/CEACAM1/GGCX/VCL/PLSCR1/CDO1/FOSL2/PLA2G4A/SERPINE1/SELP/PLAUR/ENPP4/EMP2/AK3",52
"GO:0033500","carbohydrate homeostasis","40/1388","266/18986",0.150375939849624,2.05694351151654,4.87537527183381,1.04332375870332e-05,0.000514196717974731,0.00040956611435123,"RBP4/PCK1/COL1A1/LEP/PPARG/ADIPOQ/FABP5/HK2/GCLC/PIK3CA/CEBPA/ADIPOR2/OAS1/LEPR/PCK2/SOX4/GPLD1/PDE8B/UCP2/TCF7L2/ADRA2A/ZBTB20/KLF15/PTPRJ/SMAD2/PTPN11/VSNL1/IGFBP5/SMARCB1/SIDT2/PYGL/NADK/SRI/ADGRF5/PDK4/FOSL2/PIK3R1/RAF1/SGCB/KCNB1",40
"GO:0007369","gastrulation","33/1388","202/18986",0.163366336633663,2.23463491882329,4.95437160442199,1.0708075409511e-05,0.000523231342873284,0.000416762341174489,"WNT11/ITGA7/BMPR1A/CLASP2/ADIPOQ/GPC3/COL12A1/COL5A2/MKKS/COL5A1/CDC73/DLD/FN1/PRICKLE1/SFRP2/COL8A1/PHLDB2/ATOH8/COL11A1/MMP2/BMPR2/LAMB3/LMBRD1/INHBA/SMAD2/PLPP3/DUSP4/WNK1/COL4A2/BRD3/NR4A3/MMP14/DUSP1",33
"GO:0009083","branched-chain amino acid catabolic process","9/1388","22/18986",0.409090909090909,5.59582132564842,6.05728321745363,1.20677567919168e-05,0.000584672589655835,0.000465701301354435,"DLD/HIBADH/MCCC1/HIBCH/ECHS1/ALDH6A1/MCCC2/HMGCL/ACAT1",9
"GO:0051384","response to glucocorticoid","25/1388","134/18986",0.186567164179104,2.55199148350467,5.06327358681356,1.21972848606286e-05,0.000585982164270705,0.000466744399001145,"PCK1/GHR/ADIPOQ/CFLAR/BCL2/MAOB/PIK3CA/NR3C1/ANXA3/PCK2/EGFR/RPS6KB1/ASS1/UCP2/SDC1/BCL2L11/PFKFB1/SLIT2/FBXO32/BMP6/CDO1/CYP1B1/ZNF764/FOSL2/CDKN1A",25
"GO:0045017","glycerolipid biosynthetic process","37/1388","240/18986",0.154166666666667,2.10879562920269,4.85479836422518,1.25422391656575e-05,0.000597533177583868,0.000475944970444162,"GPAM/THRSP/DGAT2/PCK1/PNPLA2/CRLS1/FABP5/NR1H3/LPIN1/PIK3CA/PIGP/PDGFA/PCK2/UVRAG/ACSL1/PIK3C2A/SACM1L/PISD/CDS2/SYNJ2/GPLD1/SCARB1/PLIN5/PIK3R3/BPNT1/GPAT3/PIGF/CHPT1/PTDSS2/IMPA2/DPM3/ABHD5/BECN1/PLSCR1/PTEN/PLA2G4A/PIK3R1",37
"GO:1903829","positive regulation of protein localization","63/1388","497/18986",0.126760563380282,1.73391646710233,4.65625216967038,1.28644970049847e-05,0.000607820903946262,0.000484139313123654,"RBP4/SORBS1/GNAI1/LEP/ASPH/CAMK1/PPARG/SPTBN1/TTN/ITGB1BP1/NNAT/PIK3CA/RAMP3/PML/GLUD1/SH3GLB1/ANG/EPHB2/PCK2/CHP1/SOX4/EGFR/ORMDL3/TSG101/GPLD1/TGFB3/SIRT3/UBR5/TNFAIP6/EPB41L2/TCF7L2/GLIS2/LAMTOR1/WWTR1/MAP1A/TOMM7/RTN4/ZDHHC2/GPD1L/TARDBP/MYO1C/PPM1A/BCAP31/PRKD1/LGALS3/VSNL1/TOMM70/ABLIM3/FRMD4A/VAMP2/USP36/BMP6/NADK/GPSM2/SRI/FERMT2/CD81/PIK3R1/VPS35/SYTL4/YWHAE/SLC5A3/KCNB1",63
"GO:0042445","hormone metabolic process","37/1388","241/18986",0.153526970954357,2.1000454398699,4.82663881474795,1.37949647517164e-05,0.000638660210943809,0.000508703326651431,"RBP4/AKR1C1/AKR1C2/DGAT2/RETSAT/PNPLA2/LEP/ADH1C/RDH5/ADH1B/GHR/DHRS9/MME/CYP21A2/DKK3/AKR1C3/PCSK5/NR3C1/ENPEP/CYP26B1/EGR1/PDE8B/SULT1A1/TCF7L2/CRYM/EDNRB/INHBA/LIPE/SCG5/PTPN11/SCP2/CTSK/STUB1/BMP6/CYP1B1/P4HB/DAB2",37
"GO:0050817","coagulation","37/1388","241/18986",0.153526970954357,2.1000454398699,4.82663881474795,1.37949647517164e-05,0.000638660210943809,0.000508703326651431,"CD36/SERPINE2/FAP/SAA1/COL3A1/CAV1/PIK3CA/STXBP1/COMP/EPHB2/PDGFA/PRKG1/ITPK1/PDPN/C1GALT1C1/PRDX2/ADRA2A/SVEP1/RASA3/THBS1/PTPRJ/ANGPT1/TYRO3/JMJD1C/ANO6/FBLN1/RAB27A/CEACAM1/GGCX/VCL/PLSCR1/PLA2G4A/SERPINE1/SELP/PLAUR/ENPP4/AK3",37
"GO:0140053","mitochondrial gene expression","29/1388","169/18986",0.171597633136095,2.34722814317139,4.9405771277797,1.38523467127921e-05,0.000638660210943809,0.000508703326651431,"MRPL19/TFB2M/MRPL53/KANSL1/MRPS17/MRPS30/TEFM/CHCHD10/MRPL27/MRPL20/LRPPRC/MRPL10/MRPS33/MTERF3/MRPL13/PTCD3/MRPS14/MRPL41/YARS2/MRPL46/MRPS31/MRPL22/MRPS28/MRPS10/MRPL16/MRPL35/MRPS15/MRPL15/TFAM",29
"GO:0071453","cellular response to oxygen levels","30/1388","178/18986",0.168539325842697,2.30539455363792,4.91415518034047,1.42645557064365e-05,0.000652403719789579,0.000519650256724583,"PCK1/PPARG/CFLAR/CAV1/BCL2/HIF3A/ACAA2/DDR2/PTGIS/HILPDA/BNIP3/MIR21/HIPK2/AK4/NOTCH1/FAS/TWIST1/RTN4/INHBA/EPAS1/KCNK2/PDK3/STUB1/SDHD/BECN1/DNMT3A/TMBIM6/FAM162A/P4HB/MPL",30
"GO:0033108","mitochondrial respiratory chain complex assembly","21/1388","103/18986",0.203883495145631,2.78885593576005,5.11242393320965,1.47135650391464e-05,0.000660142144500094,0.000525814038851331,"NDUFAF4/LYRM7/NDUFB6/COX14/NDUFB4/OMA1/NDUFS1/NDUFB5/NDUFC2/COA5/NDUFB2/NDUFB1/NDUFA2/NDUFB8/NDUFS4/NDUFB10/NDUFA1/TMEM126A/NDUFA9/TFAM/NDUFA12",21
"GO:0035987","endodermal cell differentiation","14/1388","52/18986",0.269230769230769,3.68272001773443,5.44031707779065,1.47382933625264e-05,0.000660142144500094,0.000525814038851331,"ITGA7/COL12A1/COL5A2/COL5A1/CDC73/FN1/COL8A1/COL11A1/MMP2/LAMB3/INHBA/COL4A2/BRD3/MMP14",14
"GO:0006520","amino acid metabolic process","42/1388","289/18986",0.145328719723183,1.9879042310262,4.75276323526436,1.48769522730876e-05,0.000660142144500094,0.000525814038851331,"ASPA/QDPR/SHMT1/MTHFD1/FAH/GCLC/ALDH4A1/GLUD1/GFPT1/NAT8L/PCCA/DLD/HIBADH/MIR21/MCCC1/HIBCH/GLYAT/ECHS1/ALDH6A1/ASS1/ETFB/UCP2/CSAD/PSPH/GCDH/ADHFE1/CRYM/PYCR1/NIT2/GPT2/MCCC2/GCSH/YARS2/HMGCL/ASNSD1/GLS/RIMKLB/ETFA/CDO1/PEPD/ACAT1/P4HB",42
"GO:0032963","collagen metabolic process","22/1388","111/18986",0.198198198198198,2.71108861022406,5.07760469413598,1.48956334861837e-05,0.000660142144500094,0.000525814038851331,"COL1A1/FAP/COL1A2/COL5A1/DDR2/MIR21/MMP28/NOTCH1/TGFB3/MMP2/PCOLCE/TNXB/INHBA/MRC2/ADAMTS2/CREB3L1/CTSK/RUNX1/P3H4/MMP14/FOSL2/PEPD",22
"GO:0006790","sulfur compound metabolic process","47/1388","338/18986",0.13905325443787,1.90206418498371,4.69946086336815,1.54869089235477e-05,0.000681066602430169,0.000542480712577062,"GPAM/DGAT2/SLC19A3/ACACB/GHR/MTHFD1/ACOT1/ACOT2/GCLC/SUCLG2/PDHA1/ACSL5/GAL3ST4/GLCE/AHCYL1/STAT5A/DLD/ACSS2/MIR21/MCCC1/TST/ACSL1/GLYAT/SULT1A1/CSAD/TCF7L2/GCDH/CHPF/EDNRB/ABHD14B/BPNT1/PDHB/MCCC2/SOD1/ANGPT1/ACSM5/HACD2/IDH1/PDK3/CHST6/GSTK1/SUCLA2/SUCLG1/SULT1A2/CDO1/PDK4/ACAT1",47
"GO:0015909","long-chain fatty acid transport","16/1388","66/18986",0.242424242424242,3.31604226705091,5.29329696767161,1.58102328023966e-05,0.000686580765134079,0.000546872833556434,"FABP4/CD36/PPARG/FABP5/NMB/ACSL5/CPT1B/ACSL1/PLA2G2A/RPS6KB1/UCP2/THBS1/PLIN2/PLA2G12A/ABCD3/PLA2G4A",16
"GO:0006869","lipid transport","59/1388","459/18986",0.128540305010893,1.75826097329742,4.61839286046122,1.58524857438689e-05,0.000686580765134079,0.000546872833556434,"CES1/RBP4/AKR1C1/CIDEC/FABP4/CD36/DBI/APOL6/LEP/OSBPL1A/PPARG/ABCA9/ADIPOQ/FABP5/AGTR1/NR1H3/ABCA8/FZD4/CAV1/VLDLR/NMB/OSBPL10/ATP10A/ABCA6/ACSL5/APOB/ATP9A/CPT1B/ESYT1/OSBPL11/ACSL1/PLA2G2A/RPS6KB1/RBP7/UCP2/VMP1/CIDEA/SCARB1/LAMTOR1/PDZD8/THBS1/INHBA/LIPA/APOL3/ANO6/PTPN11/VPS13A/SCP2/PLIN2/PLA2G12A/SLC27A3/CEACAM1/ABCD3/BMP6/PLSCR1/MSR1/PLA2G4A/APOD/DAB2",59
"GO:0006839","mitochondrial transport","31/1388","188/18986",0.164893617021277,2.25552608988902,4.85866796449269,1.62055476294413e-05,0.000696594855620419,0.00055484922077533,"BOK/MDH1/HK2/GCLC/BCL2/SMDT1/ACAA2/CHCHD10/BNIP3/CPT1B/TST/UCP2/BCL2L2/MPC1/TIMM22/SLC25A28/TOMM7/DNAJC19/PMPCB/GHITM/BCL2L11/AGK/DNAJC15/PAM16/TOMM70/SLC25A16/MDH2/GRPEL2/VPS35/TIMM23/TOMM20",31
"GO:0009081","branched-chain amino acid metabolic process","10/1388","28/18986",0.357142857142857,4.88524083985179,5.77788745974654,1.63423539276051e-05,0.000697233114956109,0.000555357604798271,"PCCA/DLD/HIBADH/MCCC1/HIBCH/ECHS1/ALDH6A1/MCCC2/HMGCL/ACAT1",10
"GO:0007596","blood coagulation","36/1388","234/18986",0.153846153846154,2.10441143870539,4.77401088354438,1.71214878182288e-05,0.000723918400600426,0.000576612872227326,"CD36/SERPINE2/FAP/SAA1/COL3A1/CAV1/PIK3CA/STXBP1/COMP/EPHB2/PDGFA/PRKG1/ITPK1/PDPN/C1GALT1C1/PRDX2/ADRA2A/SVEP1/RASA3/THBS1/PTPRJ/TYRO3/JMJD1C/ANO6/FBLN1/RAB27A/CEACAM1/GGCX/VCL/PLSCR1/PLA2G4A/SERPINE1/SELP/PLAUR/ENPP4/AK3",36
"GO:0048732","gland development","58/1388","450/18986",0.128888888888889,1.76302913864874,4.60052872561827,1.72210779222771e-05,0.000723918400600426,0.000576612872227326,"CDKN2B/PCK1/SERPINE2/SULF2/WNT11/BMPR1A/FGF2/CFLAR/CAV1/HK2/BCL2/DKK3/NTN4/PIK3CA/VDR/PML/NR3C1/CEBPA/TGFBR3/TNC/STAT5A/PDGFA/PCK2/EGFR/AR/HIPK2/NOTCH1/ACO2/ASS1/CEBPG/UCP2/TGFB3/PRDX2/CCND1/MMP2/GUCD1/DDR1/RTN4/LIPA/SMAD2/COA5/SOD1/BCL2L11/LBH/IGFBP5/CEACAM1/SMARCB1/MET/SEC63/CDO1/CYP1B1/ACAT1/TGM2/RAF1/ARHGAP5/PHF2/WDR77/CRIP1",58
"GO:0031032","actomyosin structure organization","34/1388","216/18986",0.157407407407407,2.1531246664532,4.78673492911479,1.78274244960312e-05,0.000743937122947519,0.000592558112714797,"SORBS1/LIMCH1/CLASP2/CFLAR/TTN/ITGB1BP1/MKKS/EPB41L3/MIR21/CFL2/TPM1/PHLDB2/TGFB3/SYNPO/EPB41L2/EPB41L4B/WDR1/CGNL1/LDB3/EPB41L4A/FHOD3/CNN3/PDCD6IP/PGM5/ELN/PRKD1/MET/BAG4/MYH11/ARHGEF15/RHPN1/FERMT2/PIK3R1/RHOA",34
"GO:0030730","sequestering of triglyceride","8/1388","18/18986",0.444444444444444,6.07941082292667,6.05490312658384,1.80099594893348e-05,0.000746108249279183,0.000594287450426107,"PNPLA2/LPL/PPARG/OSBPL11/CIDEA/PLIN5/PLIN2/ABHD5",8
"GO:0046460","neutral lipid biosynthetic process","14/1388","53/18986",0.264150943396226,3.61323473438095,5.35026159088417,1.86920907919892e-05,0.000763304878984301,0.000607984847865753,"GPAM/THRSP/DGAT2/PCK1/PNPLA2/NR1H3/LPIN1/PCK2/ACSL1/GPLD1/SCARB1/PLIN5/GPAT3/PLA2G4A",14
"GO:0046463","acylglycerol biosynthetic process","14/1388","53/18986",0.264150943396226,3.61323473438095,5.35026159088417,1.86920907919892e-05,0.000763304878984301,0.000607984847865753,"GPAM/THRSP/DGAT2/PCK1/PNPLA2/NR1H3/LPIN1/PCK2/ACSL1/GPLD1/SCARB1/PLIN5/GPAT3/PLA2G4A",14
"GO:0036294","cellular response to decreased oxygen levels","28/1388","163/18986",0.171779141104294,2.34971093156062,4.86024904417699,1.89729629277268e-05,0.0007692796387079,0.000612743841921209,"PCK1/PPARG/CFLAR/BCL2/HIF3A/ACAA2/DDR2/PTGIS/HILPDA/BNIP3/MIR21/HIPK2/AK4/NOTCH1/TWIST1/RTN4/INHBA/EPAS1/KCNK2/PDK3/STUB1/SDHD/BECN1/DNMT3A/TMBIM6/FAM162A/P4HB/MPL",28
"GO:0170033","L-amino acid metabolic process","30/1388","181/18986",0.165745856353591,2.26718359418536,4.8107250626385,1.99125441193046e-05,0.000801690244577918,0.000638559420756944,"ASPA/QDPR/SHMT1/MTHFD1/FAH/GCLC/ALDH4A1/GLUD1/GFPT1/NAT8L/MIR21/MCCC1/GLYAT/ASS1/UCP2/CSAD/PSPH/GCDH/ADHFE1/PYCR1/NIT2/GPT2/MCCC2/GCSH/HMGCL/ASNSD1/GLS/RIMKLB/CDO1/P4HB",30
"GO:0051017","actin filament bundle assembly","28/1388","164/18986",0.170731707317073,2.33538342588037,4.82351238845366,2.1311184709408e-05,0.000852000300585214,0.000678632205026861,"SORBS1/LIMCH1/CLASP2/ITGB1BP1/MKKS/DPYSL3/EPS8/AIF1L/MIR21/TPM1/PHLDB2/TGFB3/CALD1/SYNPO/FSCN1/MTSS1/CGNL1/ELN/LIMA1/MET/ADD2/SHANK3/BAG4/ARHGEF15/RHPN1/FERMT2/PIK3R1/RHOA",28
"GO:0034284","response to monosaccharide","34/1388","218/18986",0.155963302752294,2.13337122914629,4.72671928020755,2.17160542784907e-05,0.000862157516042579,0.000686722593631219,"GPAM/PCK1/COL1A1/LEP/LPL/ACVR1C/ADIPOQ/GCLC/CAT/PIK3CA/COL6A3/PCK2/TXNIP/EGR1/SOX4/RPS6KB1/GPLD1/PDE8B/UCP2/TCF7L2/ADRA2A/ZBTB20/THBS1/SMAD2/VSNL1/SMARCB1/SIDT2/VAMP2/NADK/COL6A2/SRI/RAF1/SGCB/KCNB1",34
"GO:1901606","alpha-amino acid catabolic process","20/1388","98/18986",0.204081632653061,2.79156619420102,4.99368664620224,2.29894824851295e-05,0.000904691184523333,0.000720601357769153,"QDPR/SHMT1/FAH/ALDH4A1/GLUD1/HIBADH/MIR21/MCCC1/HIBCH/ALDH6A1/CSAD/ADHFE1/CRYM/GPT2/MCCC2/GCSH/HMGCL/GLS/CDO1/ACAT1",20
"GO:0071456","cellular response to hypoxia","27/1388","156/18986",0.173076923076923,2.36746286854356,4.81638348782155,2.31038854189971e-05,0.000904691184523333,0.000720601357769153,"PCK1/PPARG/CFLAR/BCL2/HIF3A/ACAA2/DDR2/PTGIS/HILPDA/BNIP3/MIR21/HIPK2/AK4/NOTCH1/TWIST1/RTN4/INHBA/EPAS1/KCNK2/PDK3/STUB1/SDHD/DNMT3A/TMBIM6/FAM162A/P4HB/MPL",27
"GO:0170039","proteinogenic amino acid metabolic process","29/1388","174/18986",0.166666666666667,2.2797790585975,4.76277993820185,2.44454251384573e-05,0.000950710853854152,0.000757256778725143,"ASPA/QDPR/SHMT1/MTHFD1/FAH/GCLC/ALDH4A1/GLUD1/GFPT1/NAT8L/MIR21/MCCC1/GLYAT/ASS1/UCP2/CSAD/PSPH/GCDH/ADHFE1/PYCR1/NIT2/GPT2/MCCC2/GCSH/HMGCL/ASNSD1/GLS/RIMKLB/CDO1",29
"GO:0003018","vascular process in circulatory system","40/1388","276/18986",0.144927536231884,1.98241657269348,4.6172320808618,2.5113828430549e-05,0.000965009115359784,0.000768645578385135,"SLC16A7/CD36/LEP/ATP1A2/FABP5/AGTR1/ITGB1BP1/NPR1/CAV1/GCLC/MKKS/ADRB1/TJP2/COMP/ACTA2/LEPR/MIR21/PIK3C2A/EGFR/PRKG1/PDE2A/MMP2/ADRA2A/RAMP2/SVEP1/BMPR2/EDNRB/PTPRJ/SOD1/ANGPT1/SLIT2/CEACAM1/SLC12A2/C2CD4B/AKAP12/BMP6/FERMT2/KCNMA1/RHOA/SLC5A3",40
"GO:0007178","cell surface receptor protein serine/threonine kinase signaling pathway","55/1388","425/18986",0.129411764705882,1.77018138667571,4.50977812178788,2.5150666116601e-05,0.000965009115359784,0.000768645578385135,"CDKN2B/CAV2/TMEM100/ACVR1C/COL1A2/RBPMS2/NFIA/BMPR1A/PPARG/SPTBN1/GPC3/COL3A1/CAV1/DKK3/RGMB/NREP/CDKN1C/PML/RUNX2/TGFBR3/COMP/GLCE/CHRDL1/JUN/MIR21/SFRP2/EGR1/HIPK2/NOTCH1/PMEPA1/SFRP4/ATOH8/TGFB3/CIDEA/TNFAIP6/SNX25/WWTR1/BMPR2/USP9Y/CD109/THBS1/INHBA/SMAD2/KDR/LTBP4/CRIM1/PPM1A/STUB1/LOX/BMP6/BECN1/PBLD/FERMT2/PELO/DAB2",55
"GO:0051223","regulation of protein transport","57/1388","446/18986",0.12780269058296,1.74817138574069,4.49036905063869,2.59460009636812e-05,0.000987292948464434,0.000786395016719689,"RBP4/CD36/LEP/ACVR1C/ASPH/CAMK1/PPARG/HADH/ADIPOQ/NR1H3/SAA1/EPM2A/TTN/NNAT/IFI27/GLUD1/ANG/MDFIC/PCK2/CHP1/SOX4/EGFR/TSG101/GPLD1/PDE8B/UCP2/TGFB3/SIRT3/UBR5/TCF7L2/ADRA2A/CD200/ZDHHC2/TARDBP/ANGPT1/UHMK1/PPM1A/PTPN11/BCAP31/PRKD1/VSNL1/NDFIP1/SLC12A2/FRMD4A/TXN/SIDT2/VAMP2/BMP6/NADK/SRI/CD81/PIK3R1/VPS35/SYTL4/YWHAE/APOD/KCNB1",57
"GO:0032970","regulation of actin filament-based process","52/1388","395/18986",0.131645569620253,1.80073687666436,4.51653499108268,2.60768296690798e-05,0.000987292948464434,0.000786395016719689,"LIMCH1/ATP1A2/CLASP2/SPTBN1/JAM3/ITGB1BP1/CAV1/MKKS/GSN/SPTAN1/PIK3CA/EPS8/KANK1/ACTA2/MIR21/CFL2/PDGFA/STAU2/PDE4D/TPM1/PHLDB2/BIN1/PDPN/CDC42EP4/TGFB3/DSTN/SYNPO/FSCN1/MTSS1/WDR1/CGNL1/WASF3/ELN/CXCL12/FRMD6/CACNA1C/LIMA1/RHOQ/PRKD1/SLIT2/ARHGEF19/MET/ADD2/SHANK3/BAG4/ARHGEF15/WHAMM/RHPN1/SRI/FERMT2/PIK3R1/RHOA",52
"GO:0010885","regulation of cholesterol storage","8/1388","19/18986",0.421052631578947,5.75944183224632,5.82910500761602,2.91147223916554e-05,0.00109505834153351,0.000872231918741699,"CES1/CD36/LPL/PPARG/NR1H3/APOB/SCARB1/MSR1",8
"GO:1905475","regulation of protein localization to membrane","31/1388","194/18986",0.15979381443299,2.18576755102647,4.6621076971875,3.05083171372239e-05,0.00113997417695104,0.000908008117892196,"SORBS1/SPTBN1/GPC3/EPM2A/ITGB1BP1/MRAP/GSN/PIK3CA/RAMP3/VTI1B/EPHB2/CHP1/EGFR/LRRC15/AR/TNFAIP6/ZDHHC2/MYO1C/CRIPT/RHOQ/LGALS3/WNK1/ZDHHC7/STX7/MMP14/CD81/PPP2R5A/PIK3R1/SLC5A3/KCNB1/DAB2",31
"GO:0006754","ATP biosynthetic process","20/1388","100/18986",0.2,2.735734870317,4.8874437580891,3.12956120848766e-05,0.00116179879408597,0.000925391783179606,"SDHB/NDUFB6/NDUFB4/SDHC/DNAJC30/NDUFS1/SDHA/LIPA/NDUFB5/NDUFC2/NDUFB2/NDUFB1/NDUFA2/NDUFB8/SDHD/NDUFS4/NDUFB10/NDUFA1/NDUFA9/NDUFA12",20
"GO:0007599","hemostasis","36/1388","241/18986",0.149377593360996,2.04328745500855,4.57760338143797,3.27420279332051e-05,0.00119905885161667,0.000955070029753132,"CD36/SERPINE2/FAP/SAA1/COL3A1/CAV1/PIK3CA/STXBP1/COMP/EPHB2/PDGFA/PRKG1/ITPK1/PDPN/C1GALT1C1/PRDX2/ADRA2A/SVEP1/RASA3/THBS1/PTPRJ/TYRO3/JMJD1C/ANO6/FBLN1/RAB27A/CEACAM1/GGCX/VCL/PLSCR1/PLA2G4A/SERPINE1/SELP/PLAUR/ENPP4/AK3",36
"GO:0006936","muscle contraction","48/1388","358/18986",0.134078212290503,1.83401220356447,4.47403298104345,3.2923663129994e-05,0.00119905885161667,0.000955070029753132,"PTGER3/ASPH/ATP1A2/SULF2/CRYAB/TTN/NEDD4L/CAV1/TRPV1/MKKS/KCNIP2/GSN/PIK3CA/COMP/ACTA2/MYLK/MIR21/PDE4D/PIK3C2A/ORMDL3/TPM1/PRKG1/KCNE3/RPS6KB1/BIN1/CALD1/ADRA2A/DMD/CALM1/EDNRB/CKMT2/GPD1L/SOD1/SCN9A/CACNA1C/TPM2/PRKD1/TPM4/ANXA6/APBB2/SGCD/NR4A1/MYOF/SCN4B/MYH11/SRI/KCNMA1/RHOA",48
"GO:0009150","purine ribonucleotide metabolic process","47/1388","348/18986",0.135057471264368,1.84740716817384,4.48074757834942,3.29285009102357e-05,0.00119905885161667,0.000955070029753132,"GPD1/ATP1A2/MTHFD1/ALDOC/NPR1/SDHB/HK2/NDUFB6/TJP2/NDUFB4/GART/ENO2/SDHC/PDE4D/AK4/DNAJC30/NDUFS1/PDE8B/PDE2A/UCP2/SULT1A1/SDHA/ZBTB20/PFKFB3/ABHD14B/BPNT1/LIPA/NDUFB5/NDUFC2/NDUFB2/PFKFB1/NDUFB1/NDUFA2/RHOQ/NDUFB8/SULT1A2/SDHD/HINT1/NADK/NDUFS4/NDUFB10/ADCY4/NDUFA1/NDUFA9/GTPBP1/NDUFA12/AK3",47
"GO:0007584","response to nutrient","28/1388","168/18986",0.166666666666667,2.2797790585975,4.6791965191308,3.35117311165553e-05,0.00120494696096444,0.000959760005363907,"CDKN2B/NQO1/COL1A1/ACACB/LEP/LPL/PPARG/ADIPOQ/GCLC/CAT/AKR1C3/VDR/TNC/CYP26B1/ACSL1/SFRP2/MN1/EGFR/RPS6KB1/ASS1/STAT1/LIPA/BECN1/DNMT3A/NFKBIZ/CYP1B1/POSTN/TFAM",28
"GO:0061572","actin filament bundle organization","28/1388","168/18986",0.166666666666667,2.2797790585975,4.6791965191308,3.35117311165553e-05,0.00120494696096444,0.000959760005363907,"SORBS1/LIMCH1/CLASP2/ITGB1BP1/MKKS/DPYSL3/EPS8/AIF1L/MIR21/TPM1/PHLDB2/TGFB3/CALD1/SYNPO/FSCN1/MTSS1/CGNL1/ELN/LIMA1/MET/ADD2/SHANK3/BAG4/ARHGEF15/RHPN1/FERMT2/PIK3R1/RHOA",28
"GO:0048511","rhythmic process","42/1388","299/18986",0.140468227424749,1.92141913968753,4.51015437852217,3.38746195299573e-05,0.00121038249907979,0.000964089500569707,"LEP/PPARG/ADIPOQ/NR1H3/FZD4/FXR1/ADRB1/PML/TEF/GFPT1/HLF/EGR1/EGFR/PER3/MYCBP2/PRKG1/NOTCH1/ASS1/TGFB3/TNFAIP6/MMP2/FBXL17/TWIST1/MAPK10/NTRK2/INHBA/NPAS2/TARDBP/TYRO3/CA12/SCN9A/NR1D2/SLIT2/METTL3/PTEN/CYP1B1/KDM5A/NFYA/NDUFA9/ADAMTS1/PTX3/ZP3",42
"GO:0051896","regulation of phosphatidylinositol 3-kinase/protein kinase B signal transduction","40/1388","280/18986",0.142857142857143,1.95409633594072,4.51699027769338,3.5076335592683e-05,0.00124553671169794,0.000992090407152315,"AKR1C2/LEP/TMEM100/SERPINE2/FGF2/ITGB1BP1/PDE3B/CAT/PIK3CA/RAMP3/AKR1C3/DDR2/MIR21/PDGFA/FN1/PTPN13/EGFR/TWIST1/TCF7L2/FLT1/NTRK2/THBS1/PTPRJ/DDR1/RTN4/CHI3L1/KDR/ANGPT1/TYRO3/PRKD1/IGFBP5/CEACAM1/LOX/TXN/BAG4/BECN1/PTEN/STK3/FERMT2/SELP",40
"GO:0001649","osteoblast differentiation","38/1388","262/18986",0.145038167938931,1.98392986778714,4.50384930117103,3.89555004479525e-05,0.00136465710214633,0.00108697175071302,"COL1A1/CTHRC1/WNT11/BMPR1A/FGF2/PPARG/VCAN/LIMD1/CAT/DDR2/RUNX2/CEBPA/TNC/MIR21/SFRP2/NOTCH1/TNFAIP6/TWIST1/WWTR1/BMPR2/RRBP1/CBFB/MRC2/CRIM1/BCAP29/CREB3L1/PRKD1/TPM4/IGFBP3/HOXA2/IGFBP5/TWIST2/LOX/BMP6/PTEN/RRAS2/FOSL2/FERMT2",38
"GO:0008654","phospholipid biosynthetic process","36/1388","243/18986",0.148148148148148,2.02647027430889,4.522705804339,3.9147063976211e-05,0.00136465710214633,0.00108697175071302,"GPAM/CRLS1/FABP5/DHDDS/ABCA8/LPIN1/PIK3CA/PIGP/GGPS1/PDGFA/UVRAG/CHP1/PIK3C2A/ORMDL3/SACM1L/PISD/CDS2/SYNJ2/PIK3R3/BPNT1/GPAT3/PIGF/IDH1/SAMD8/CHPT1/PTDSS2/SCP2/IMPA2/DPM3/ABHD5/BECN1/PLSCR1/PTEN/ADGRF5/PLA2G4A/PIK3R1",36
"GO:0009743","response to carbohydrate","36/1388","243/18986",0.148148148148148,2.02647027430889,4.522705804339,3.9147063976211e-05,0.00136465710214633,0.00108697175071302,"GPAM/NQO1/PCK1/COL1A1/LEP/LPL/ACVR1C/ADIPOQ/GCLC/CAT/PIK3CA/ME1/COL6A3/PCK2/TXNIP/EGR1/SOX4/RPS6KB1/GPLD1/PDE8B/UCP2/TCF7L2/ADRA2A/ZBTB20/THBS1/SMAD2/VSNL1/SMARCB1/SIDT2/VAMP2/NADK/COL6A2/SRI/RAF1/SGCB/KCNB1",36
"GO:0010878","cholesterol storage","9/1388","25/18986",0.36,4.92432276657061,5.51407263020865,4.05461568588203e-05,0.00138189804254395,0.00110070444234557,"CES1/CD36/LPL/PPARG/NR1H3/APOB/SCARB1/LIPA/MSR1",9
"GO:2000209","regulation of anoikis","9/1388","25/18986",0.36,4.92432276657061,5.51407263020865,4.05461568588203e-05,0.00138189804254395,0.00110070444234557,"CAV1/BCL2/PIK3CA/NOTCH1/NTRK2/PIK3R3/TLE1/PDK4/MCL1",9
"GO:0009749","response to glucose","32/1388","206/18986",0.155339805825243,2.12484261772194,4.55875188344032,4.05756809895545e-05,0.00138189804254395,0.00110070444234557,"GPAM/PCK1/COL1A1/LPL/ACVR1C/ADIPOQ/GCLC/PIK3CA/COL6A3/PCK2/TXNIP/EGR1/SOX4/RPS6KB1/GPLD1/PDE8B/UCP2/TCF7L2/ADRA2A/ZBTB20/THBS1/SMAD2/VSNL1/SMARCB1/SIDT2/VAMP2/NADK/COL6A2/SRI/RAF1/SGCB/KCNB1",32
"GO:0062197","cellular response to chemical stress","44/1388","321/18986",0.137071651090343,1.87495847809888,4.44011624009262,4.06085134069238e-05,0.00138189804254395,0.00110070444234557,"MGST1/NQO1/PCK1/CD36/VKORC1L1/AIFM2/PRDX3/CAV1/CAT/PIK3CA/DDR2/OXR1/PML/BNIP3/NET1/LRRC8C/MYLK/MIR21/NFAT5/STAU2/NCOA7/TPM1/STK39/FADS2/FAS/FBLN5/PRDX2/MMP2/PRDX1/SERPINB6/PYCR1/SOD1/PEX5/STK24/VPS13A/PRKD1/WNK1/DHFR/MET/ZNF277/TXN/BECN1/SLC11A2/CYP1B1",44
"GO:0001101","response to acid chemical","25/1388","144/18986",0.173611111111111,2.37476985270573,4.65067641683369,4.3365049864947e-05,0.00146697035549054,0.00116846593407512,"NQO1/PCK1/COL1A1/COL1A2/CRLS1/COL3A1/COL5A2/GCLC/PIK3CA/EGFR/RPS6KB1/ASS1/BCL2L2/MMP2/COL16A1/LAMTOR1/NTRK2/TOMM70/RRAGD/DNMT3A/CDO1/TMBIM6/SESN1/RRAGC/KCNB1",25
"GO:2001233","regulation of apoptotic signaling pathway","52/1388","403/18986",0.129032258064516,1.7649902389142,4.35932130944902,4.48073545845129e-05,0.00150684497740977,0.00120022672404089,"PPP2R1B/DAPK2/FGF2/G0S2/PPARG/CFLAR/BOK/CAV1/GCLC/BCL2/ACAA2/SCG2/PML/MUC1/ACSL5/MIR21/SFRP2/CTSC/AR/RPS6KB1/FAS/RRN3/BCL2L2/PRDX2/URI1/MMP2/TRIM32/TCF7L2/TNFRSF12A/PYCR1/THBS1/TNFSF10/INHBA/SOD1/GHITM/BCL2L11/TAF9B/CXCL12/BCAP31/FCGR2B/CREB3L1/CTSK/LGALS3/BCLAF1/BECN1/STK3/TMBIM6/SERPINE1/RAF1/PLAUR/MCL1/P4HB",52
"GO:0030150","protein import into mitochondrial matrix","8/1388","20/18986",0.4,5.47146974063401,5.61882877655037,4.54179940305506e-05,0.00150962018530615,0.00120243722262033,"TOMM7/DNAJC19/DNAJC15/PAM16/TOMM70/GRPEL2/TIMM23/TOMM20",8
"GO:0043116","negative regulation of vascular permeability","8/1388","20/18986",0.4,5.47146974063401,5.61882877655037,4.54179940305506e-05,0.00150962018530615,0.00120243722262033,"PDE2A/RAMP2/PTPRJ/ANGPT1/SLIT2/CEACAM1/AKAP12/FERMT2",8
"GO:0055088","lipid homeostasis","29/1388","180/18986",0.161111111111111,2.20378642331092,4.55728149177233,4.65622024530448e-05,0.00153870584638183,0.00122560442842636,"GPAM/CES1/AKR1C1/DGAT2/FABP4/PNPLA2/LPL/NEGR1/PPARG/NR1H3/TLCD2/HSDL2/CAV1/CEBPA/APOB/ACOX1/ORMDL3/GPIHBP1/SCARB1/LAMTOR1/ZBTB20/RTN4/ANGPTL4/LIPA/LIMA1/NR1D2/ABHD5/MED13/CD24",29
"GO:0071559","response to transforming growth factor beta","43/1388","313/18986",0.137380191693291,1.87917890453085,4.40464342491954,4.68626725525255e-05,0.00153973505162522,0.00122642420727299,"CDKN2B/COL1A1/CAV2/MXRA5/COL1A2/BMPR1A/PPARG/CFLAR/COL3A1/CAV1/DKK3/NREP/DDR2/CDKN1C/PML/NR3C1/TGFBR3/JUN/ACTA2/MIR21/SOX5/HIPK2/PMEPA1/PDE2A/TGFB3/CIDEA/SNX25/USP9Y/CD109/THBS1/SMAD2/LTBP4/PPM1A/CTSK/STUB1/COL4A2/LIMS1/LOX/NFKBIZ/PBLD/FERMT2/POSTN/DAB2",43
"GO:0008202","steroid metabolic process","45/1388","334/18986",0.134730538922156,1.84293516712972,4.36488775432903,5.09359480233296e-05,0.00166400465628215,0.00132540698435443,"CES1/AKR1C1/AKR1C2/GNAI1/LEP/RDH5/OSBPL1A/HINT2/DHRS9/CYP21A2/VLDLR/ACAA2/CAT/DKK3/AKR1C3/NR3C1/CEBPA/APOB/GPR146/ERLIN2/HSD11B1/LEPR/EGR1/PRKG1/PDE8B/SULT1A1/SCARB1/SMPD1/DHCR24/EDNRB/INHBA/LIPA/LIPE/SC5D/SCP2/LIMA1/STUB1/SULT1A2/ABCD3/QKI/BMP6/CYP1B1/LGMN/FDFT1/DAB2",45
"GO:0120254","olefinic compound metabolic process","27/1388","163/18986",0.165644171779141,2.26579268400488,4.55806316649414,5.13112058348439e-05,0.0016667395668057,0.00132758538541588,"RBP4/AKR1C1/AKR1C2/DGAT2/RETSAT/MGLL/PNPLA2/ADH1C/RDH5/ADH1B/DHRS9/MGST3/DKK3/AKR1C3/PTGIS/GPX4/EGR1/PRKG1/FADS2/EDNRB/INHBA/LIPE/SCP2/BMP6/CYP1B1/PLA2G4A/DAB2",27
"GO:0035265","organ growth","29/1388","181/18986",0.160220994475138,2.19161080771252,4.52382117625094,5.16466767404034e-05,0.00166815847980162,0.00132871557287532,"RBP4/ACACB/LEP/BASP1/BMPR1A/FGF2/PDLIM5/BCL2/DDR2/VGLL4/BNC2/TGFBR3/COMP/LEPR/PRKG1/AR/THBS3/NOTCH1/EVC/KCNK2/SMAD2/SOD1/BCL2L11/PTPN11/TOMM70/RUNX1/PTEN/STK3/FOSL2",29
"GO:0019432","triglyceride biosynthetic process","12/1388","44/18986",0.272727272727273,3.73054755043228,5.0925059262505,5.19915690765146e-05,0.00166986404724963,0.00133007408530457,"GPAM/THRSP/DGAT2/PCK1/NR1H3/LPIN1/PCK2/ACSL1/GPLD1/SCARB1/PLIN5/GPAT3",12
"GO:0072659","protein localization to plasma membrane","41/1388","295/18986",0.138983050847458,1.90110389293215,4.38064421489757,5.34255569572128e-05,0.00170633468784573,0.00135912354834991,"SORBS1/CLASP2/SPTBN1/ADIPOQ/EPM2A/ITGB1BP1/MRAP/RAMP3/TSPAN14/STXBP1/EPB41L3/VTI1B/EPHB2/EGFR/EXOC5/LRRC15/AR/RAMP2/RAB34/RAB31/ZDHHC2/RAPGEF6/EHD2/DENND4C/SCP2/RHOQ/LGALS3/WNK1/ZDHHC7/STX7/BAG4/VAMP2/MMP14/KIF13A/CD81/PPP2R5A/PIK3R1/VPS35/KCNB1/EMP2/DAB2",41
"GO:0051216","cartilage development","32/1388","209/18986",0.15311004784689,2.09434248445321,4.46767606761222,5.41012117551339e-05,0.00171831459780056,0.0013686657429983,"COL1A1/LEP/BGN/GHR/NFIA/SULF2/WNT11/BMPR1A/FGF2/COL3A1/MKKS/RUNX2/COMP/MIR21/SFRP2/SOX5/THBS3/COL11A1/GPLD1/TRPS1/BMPR2/EVC/TAPT1/CHI3L1/MAF/PTPN11/CTSK/EFEMP1/RUNX1/TRIP11/BMP6/FOSL2",32
"GO:0000302","response to reactive oxygen species","31/1388","200/18986",0.155,2.12019452449568,4.47259590113787,5.5470120642152e-05,0.00175205900392919,0.00139554371560308,"NQO1/CD36/COL1A1/CRYAB/PRDX3/BCL2/CAT/DDR2/BNIP3/NET1/MIR21/TXNIP/TPM1/STAT1/FBLN5/UCP2/PRDX2/MMP2/PRDX1/SDC1/SOD1/PEX5/DHFR/MET/ZNF277/TXN/BECN1/SESN1/CYP1B1/HP/APOD",31
"GO:0019693","ribose phosphate metabolic process","49/1388","376/18986",0.13031914893617,1.78259320007358,4.30452449004682,5.71526397646734e-05,0.00179319283441649,0.00142830748583371,"GPD1/ATP1A2/MTHFD1/ALDOC/NPR1/SDHB/HK2/NDUFB6/TJP2/NDUFB4/GART/ENO2/SDHC/PDE4D/AK4/DNAJC30/NDUFS1/PDE8B/PDE2A/UCP2/SULT1A1/SDHA/ZBTB20/PFKFB3/ABHD14B/BPNT1/LIPA/NDUFB5/NDUFC2/NDUFB2/PFKFB1/NDUFB1/NDUFA2/RHOQ/NDUFB8/SULT1A2/SDHD/HINT1/PYGL/NADK/NDUFS4/NDUFB10/RNASEH2B/ADCY4/NDUFA1/NDUFA9/GTPBP1/NDUFA12/AK3",49
"GO:0019318","hexose metabolic process","35/1388","238/18986",0.147058823529412,2.01156975758603,4.41037197873057,5.81201412730766e-05,0.00179319283441649,0.00142830748583371,"RBP4/PCK1/GPD1/SORBS1/ACACB/LEP/NPY1R/ADIPOQ/ARPP19/FABP5/ALDOC/EPM2AIP1/HK2/PIK3CA/NR3C1/PDHA1/OAS1/DCXR/OMA1/LEPR/PCK2/ENO2/GPLD1/TCF7L2/PPP4R3B/PFKFB3/LIPA/PDHB/PFKFB1/PDK3/IGFBP3/MAN2A2/PDK4/MDH2/APOD",35
"GO:0010563","negative regulation of phosphorus metabolic process","42/1388","306/18986",0.137254901960784,1.8774651070803,4.34580774838302,5.83407149206694e-05,0.00179319283441649,0.00142830748583371,"KLHL31/CDKN2B/ADIPOQ/PRDX3/EPM2A/ITGB1BP1/CAV1/CDKN1C/EPHB2/PDGFA/THY1/PTPN13/CHP1/SFRP2/PDE4D/GADD45A/PRKG1/TSG101/DNAJA3/URI1/SMPD1/WWTR1/YWHAG/DMD/CALM1/PTPRJ/INHBA/TARDBP/PLPP3/PFKFB1/FBLN1/IGFBP3/SLIT2/HIPK3/GPRC5A/CEACAM1/BAG4/PTEN/DUSP1/PPP2R5A/AIDA/CDKN1A",42
"GO:0045936","negative regulation of phosphate metabolic process","42/1388","306/18986",0.137254901960784,1.8774651070803,4.34580774838302,5.83407149206694e-05,0.00179319283441649,0.00142830748583371,"KLHL31/CDKN2B/ADIPOQ/PRDX3/EPM2A/ITGB1BP1/CAV1/CDKN1C/EPHB2/PDGFA/THY1/PTPN13/CHP1/SFRP2/PDE4D/GADD45A/PRKG1/TSG101/DNAJA3/URI1/SMPD1/WWTR1/YWHAG/DMD/CALM1/PTPRJ/INHBA/TARDBP/PLPP3/PFKFB1/FBLN1/IGFBP3/SLIT2/HIPK3/GPRC5A/CEACAM1/BAG4/PTEN/DUSP1/PPP2R5A/AIDA/CDKN1A",42
"GO:0071560","cellular response to transforming growth factor beta stimulus","42/1388","306/18986",0.137254901960784,1.8774651070803,4.34580774838302,5.83407149206694e-05,0.00179319283441649,0.00142830748583371,"CDKN2B/COL1A1/CAV2/COL1A2/BMPR1A/PPARG/CFLAR/COL3A1/CAV1/DKK3/NREP/DDR2/CDKN1C/PML/NR3C1/TGFBR3/JUN/ACTA2/MIR21/SOX5/HIPK2/PMEPA1/PDE2A/TGFB3/CIDEA/SNX25/USP9Y/CD109/THBS1/SMAD2/LTBP4/PPM1A/CTSK/STUB1/COL4A2/LIMS1/LOX/NFKBIZ/PBLD/FERMT2/POSTN/DAB2",42
"GO:0042698","ovulation cycle","16/1388","73/18986",0.219178082191781,2.9980656113063,4.80351710051311,5.99078348131469e-05,0.00183151385896664,0.00145883081002912,"LEP/FZD4/EGR1/EGFR/NOTCH1/TGFB3/TNFAIP6/MMP2/INHBA/TYRO3/CA12/SLIT2/CYP1B1/ADAMTS1/PTX3/ZP3",16
"GO:0035767","endothelial cell chemotaxis","10/1388","32/18986",0.3125,4.27458573487032,5.20654101216534,6.13354892090746e-05,0.00186518612663978,0.00148565132317165,"FGF2/NOTCH1/THBS1/KDR/PRKD1/NR4A1/GAB1/MET/SMOC2/LGMN",10
"GO:0009152","purine ribonucleotide biosynthetic process","26/1388","156/18986",0.166666666666667,2.2797790585975,4.50754961445776,6.30391708019775e-05,0.00190685153161325,0.00151883850119384,"MTHFD1/NPR1/SDHB/NDUFB6/NDUFB4/GART/SDHC/AK4/DNAJC30/NDUFS1/SDHA/LIPA/NDUFB5/NDUFC2/NDUFB2/NDUFB1/NDUFA2/NDUFB8/SDHD/NDUFS4/NDUFB10/ADCY4/NDUFA1/NDUFA9/NDUFA12/AK3",26
"GO:0008286","insulin receptor signaling pathway","23/1388","130/18986",0.176923076923077,2.42007315451119,4.56274277399221,6.38713165233951e-05,0.00192185429770658,0.00153078845030586,"SORBS1/CAV2/LEP/SIK2/PIK3CA/KANK1/GRB14/PIK3C2A/RPS6KB1/GPLD1/EIF4EBP2/PTPRJ/PIK3R3/PTPN11/BLVRB/RHOQ/SOCS7/BCAR3/GAB1/SOCS3/PDK4/PIK3R1/RAF1",23
"GO:0009746","response to hexose","32/1388","211/18986",0.151658767772512,2.07449089692285,4.40780499210234,6.52596204352439e-05,0.00195334685878686,0.00155587279141838,"GPAM/PCK1/COL1A1/LPL/ACVR1C/ADIPOQ/GCLC/PIK3CA/COL6A3/PCK2/TXNIP/EGR1/SOX4/RPS6KB1/GPLD1/PDE8B/UCP2/TCF7L2/ADRA2A/ZBTB20/THBS1/SMAD2/VSNL1/SMARCB1/SIDT2/VAMP2/NADK/COL6A2/SRI/RAF1/SGCB/KCNB1",32
"GO:0060395","SMAD protein signal transduction","19/1388","97/18986",0.195876288659794,2.67932796577438,4.65677528427306,6.600002053229e-05,0.0019625580859035,0.00156320968480314,"BMPR1A/PPARG/SPTBN1/PML/RUNX2/TGFBR3/GLCE/JUN/HIPK2/PMEPA1/ATOH8/TGFB3/WWTR1/BMPR2/INHBA/SMAD2/BMP6/BECN1/DAB2",19
"GO:0009259","ribonucleotide metabolic process","48/1388","368/18986",0.130434782608696,1.78417491542413,4.2661755190204,6.62539287352416e-05,0.0019625580859035,0.00156320968480314,"GPD1/ATP1A2/MTHFD1/ALDOC/NPR1/SDHB/HK2/NDUFB6/TJP2/NDUFB4/GART/ENO2/SDHC/PDE4D/AK4/DNAJC30/NDUFS1/PDE8B/PDE2A/UCP2/SULT1A1/SDHA/ZBTB20/PFKFB3/ABHD14B/BPNT1/LIPA/NDUFB5/NDUFC2/NDUFB2/PFKFB1/NDUFB1/NDUFA2/RHOQ/NDUFB8/SULT1A2/SDHD/HINT1/NADK/NDUFS4/NDUFB10/RNASEH2B/ADCY4/NDUFA1/NDUFA9/GTPBP1/NDUFA12/AK3",48
"GO:0010171","body morphogenesis","13/1388","52/18986",0.25,3.41966858789625,4.90687222457246,6.91828028384892e-05,0.0020366850803278,0.00162225305091888,"COL1A1/ASPH/CLASP2/GPC3/PRICKLE1/CRISPLD2/PHLDB2/CRISPLD1/TGFB3/MMP2/ANKRD11/IFT122/PTPN11",13
"GO:0051895","negative regulation of focal adhesion assembly","7/1388","16/18986",0.4375,5.98442002881844,5.60156442760005,6.98251313178675e-05,0.0020366850803278,0.00162225305091888,"CLASP2/ITGB1BP1/PHLDB2/THBS1/MMP14/PTEN/APOD",7
"GO:0150118","negative regulation of cell-substrate junction organization","7/1388","16/18986",0.4375,5.98442002881844,5.60156442760005,6.98251313178675e-05,0.0020366850803278,0.00162225305091888,"CLASP2/ITGB1BP1/PHLDB2/THBS1/MMP14/PTEN/APOD",7
"GO:0051048","negative regulation of secretion","28/1388","175/18986",0.16,2.1885878962536,4.43621680989006,7.07735443264855e-05,0.00204865801488047,0.00163178968954511,"PTGER3/LEP/ACVR1C/HADH/ADIPOQ/NR1H3/MAOB/NMB/PNKD/ATP9A/CRHBP/PRKG1/STK39/NOTCH1/PDE8B/UCP2/ADRA2A/CD200/INHBA/PTPN11/FCGR2B/WNK1/VSNL1/CEACAM1/FRMD4A/RABGEF1/SYTL4/KCNB1",28
"GO:0071806","protein transmembrane transport","16/1388","74/18986",0.216216216216216,2.95755121115352,4.73836639695743,7.13106428128762e-05,0.00204865801488047,0.00163178968954511,"AZGP1/EDNRB/TIMM22/TOMM7/DNAJC19/PEX5/DNAJC15/PAM16/TOMM70/SEC63/TRIP11/GRPEL2/TIMM23/MCL1/TOMM20/SEC62",16
"GO:1903053","regulation of extracellular matrix organization","16/1388","74/18986",0.216216216216216,2.95755121115352,4.73836639695743,7.13106428128762e-05,0.00204865801488047,0.00163178968954511,"FAP/PPARG/CLASP2/AEBP1/CFLAR/DDR2/TGFBR3/MIR21/NOTCH1/PHLDB2/PDPN/FSCN1/ANTXR1/TNXB/DDR1/RUNX1",16
"GO:0014812","muscle cell migration","21/1388","114/18986",0.184210526315789,2.51975580160777,4.57073085456281,7.1675766245001e-05,0.00204885177811335,0.00163194402513618,"BMPR1A/ADIPOQ/ITGB1BP1/BCL2/DDR2/NET1/MIR21/PDGFA/TPM1/PRKG1/RPS6KB1/ABHD2/DDR1/IGFBP3/SLIT2/IGFBP5/NR4A3/CYP1B1/SERPINE1/POSTN/ADAMTS1",21
"GO:0032543","mitochondrial translation","23/1388","131/18986",0.175572519083969,2.40159931363706,4.52079311340148,7.22039968603766e-05,0.0020536828360735,0.00163579204198999,"MRPL19/MRPL53/MRPS17/MRPS30/MRPL27/MRPL20/LRPPRC/MRPL10/MRPS33/MRPL13/PTCD3/MRPS14/MRPL41/YARS2/MRPL46/MRPS31/MRPL22/MRPS28/MRPS10/MRPL16/MRPL35/MRPS15/MRPL15",23
"GO:0048608","reproductive structure development","42/1388","309/18986",0.135922330097087,1.8592372905067,4.27668412343372,7.3077345145874e-05,0.00206823357524238,0.00164738194424727,"RBP4/LEP/BASP1/SERPINE2/BOK/FZD4/BCL2/MKKS/AKR1C3/TNC/ANG/CSDE1/SFRP2/LFNG/AR/NOTCH1/BCL2L2/TNFAIP6/MMP2/RHOBTB3/DHCR24/TNFSF10/INHBA/DNAJC19/SDC1/KDR/SOD1/IDH1/TYRO3/BCL2L11/PTPN11/SLIT2/BMP6/MMP14/CYP1B1/KITLG/ADAMTS1/PTX3/WDR77/INSL3/ZP3/CRIP1",42
"GO:0030048","actin filament-based movement","24/1388","140/18986",0.171428571428571,2.34491560312886,4.48557201595174,7.52956134197079e-05,0.00212051734936192,0.0016890268273459,"LIMCH1/ATP1A2/NEDD4L/CAV1/GSN/PIK3CA/SYNE2/ACTA2/PDE4D/TPM1/KCNE3/BIN1/PDPN/GPD1L/MYO1C/FRMD6/SCN9A/CACNA1C/SUN2/SGCD/SCN4B/QKI/SRI/EMP2",24
"GO:0070252","actin-mediated cell contraction","21/1388","115/18986",0.182608695652174,2.49784488159379,4.52466759948375,8.1744416692521e-05,0.0022908472070154,0.00182469735093832,"LIMCH1/ATP1A2/NEDD4L/CAV1/GSN/PIK3CA/ACTA2/PDE4D/TPM1/KCNE3/BIN1/PDPN/GPD1L/FRMD6/SCN9A/CACNA1C/SGCD/SCN4B/QKI/SRI/EMP2",21
"GO:0005996","monosaccharide metabolic process","37/1388","262/18986",0.141221374045802,1.9317211870559,4.26486882306512,8.66289566549213e-05,0.00241589143998139,0.00192429713216529,"RBP4/PCK1/GPD1/SORBS1/ACACB/LEP/ATP1A2/NPY1R/ADIPOQ/ARPP19/FABP5/ALDOC/EPM2AIP1/HK2/GCLC/PIK3CA/NR3C1/PDHA1/OAS1/DCXR/OMA1/LEPR/PCK2/ENO2/GPLD1/TCF7L2/PPP4R3B/PFKFB3/LIPA/PDHB/PFKFB1/PDK3/IGFBP3/MAN2A2/PDK4/MDH2/APOD",37
"GO:0009142","nucleoside triphosphate biosynthetic process","22/1388","124/18986",0.17741935483871,2.42686157850702,4.4767948497484,8.74966754695391e-05,0.00242824511485124,0.00193413703669508,"SDHB/NDUFB6/NDUFB4/SDHC/AK4/DNAJC30/NDUFS1/SDHA/LIPA/NDUFB5/NDUFC2/NDUFB2/NDUFB1/NDUFA2/NDUFB8/SDHD/NDUFS4/NDUFB10/NDUFA1/NDUFA9/NDUFA12/AK3",22
"GO:1990778","protein localization to cell periphery","47/1388","362/18986",0.129834254143646,1.77596048211187,4.18625602014739,8.79254918524434e-05,0.00242835766628222,0.00193422668575474,"SORBS1/GNAI1/CLASP2/SPTBN1/ADIPOQ/EPM2A/ITGB1BP1/CAV1/MRAP/RAMP3/TSPAN14/STXBP1/EPB41L3/VTI1B/EPHB2/EGFR/EXOC5/LRRC15/AR/EPB41L2/DLG4/RAMP2/RAB34/BBIP1/RAB31/ZDHHC2/RAPGEF6/EHD2/DENND4C/SCP2/RHOQ/LGALS3/WNK1/ZDHHC7/STX7/BAG4/VAMP2/MMP14/GPSM2/KIF13A/CD81/PPP2R5A/PIK3R1/VPS35/KCNB1/EMP2/DAB2",47
"GO:0031400","negative regulation of protein modification process","45/1388","342/18986",0.131578947368421,1.79982557257698,4.19186385093006,8.99197397241505e-05,0.00247149592309119,0.00196858701440625,"KLHL31/DBI/ADIPOQ/HINT2/ITGB1BP1/CAV1/GCLC/TPPP/CDKN1C/OXR1/EPHB2/THY1/PTPN13/CHP1/SFRP2/PDE4D/SOX4/GADD45A/NCOA7/TSG101/DNAJA3/CRTAP/TRIM44/SMPD1/WWTR1/YWHAG/DMD/CALM1/KLF15/PTPRJ/TARDBP/PLPP3/FBLN1/CEP63/WNK1/IGFBP3/SLIT2/HIPK3/GPRC5A/CEACAM1/PTEN/COPS9/DUSP1/AIDA/CDKN1A",45
"GO:0001953","negative regulation of cell-matrix adhesion","11/1388","40/18986",0.275,3.76163544668588,4.91027657425382,9.78861026178348e-05,0.00265484164975088,0.00211462489101246,"CLASP2/ITGB1BP1/PHLDB2/THBS1/BCL6/MMP14/PTEN/SERPINE1/POSTN/PIK3R1/APOD",11
"GO:0006730","one-carbon metabolic process","11/1388","40/18986",0.275,3.76163544668588,4.91027657425382,9.78861026178348e-05,0.00265484164975088,0.00211462489101246,"SHMT1/MTHFD1/CA3/AHCYL1/CA13/CA12/ALDH1L1/DHFR/CA4/MTHFD1L/CA1",11
"GO:0061458","reproductive system development","42/1388","313/18986",0.134185303514377,1.83547706954176,4.18569936342123,9.79834857613146e-05,0.00265484164975088,0.00211462489101246,"RBP4/LEP/BASP1/SERPINE2/BOK/FZD4/BCL2/MKKS/AKR1C3/TNC/ANG/CSDE1/SFRP2/LFNG/AR/NOTCH1/BCL2L2/TNFAIP6/MMP2/RHOBTB3/DHCR24/TNFSF10/INHBA/DNAJC19/SDC1/KDR/SOD1/IDH1/TYRO3/BCL2L11/PTPN11/SLIT2/BMP6/MMP14/CYP1B1/KITLG/ADAMTS1/PTX3/WDR77/INSL3/ZP3/CRIP1",42
"GO:0014909","smooth muscle cell migration","19/1388","100/18986",0.19,2.59894812680115,4.50228267892972,0.000101421589716064,0.00273503409625819,0.00217849948913451,"BMPR1A/ADIPOQ/BCL2/DDR2/MIR21/PDGFA/TPM1/PRKG1/RPS6KB1/ABHD2/DDR1/IGFBP3/SLIT2/IGFBP5/NR4A3/CYP1B1/SERPINE1/POSTN/ADAMTS1",19
"GO:0006650","glycerophospholipid metabolic process","40/1388","294/18986",0.136054421768707,1.86104412946735,4.1786843466681,0.000105082572678629,0.00282045571832734,0.0022465392113059,"GPAM/DBI/CRLS1/FABP5/NR1H3/LPIN1/PIK3CA/PIGP/OSBPL10/PRDX6/PLA1A/PDGFA/UVRAG/PLA2G2A/PIK3C2A/SACM1L/PISD/CDS2/DDHD1/SYNJ2/GPLD1/SCARB1/PIK3R3/BPNT1/GPAT3/DNAJC19/PIGF/CHPT1/MTMR10/PTDSS2/IMPA2/MTMR12/DPM3/ABHD5/BECN1/PLSCR1/PTEN/ENPP2/PLA2G4A/PIK3R1",40
"GO:2001212","regulation of vasculogenesis","7/1388","17/18986",0.411764705882353,5.63239532124089,5.36631588825061,0.000111218848782254,0.00296948411899165,0.00236524277524243,"TMEM100/HEY1/RAMP2/RTN4/KDR/CEACAM1/EMP2",7
"GO:0006939","smooth muscle contraction","20/1388","109/18986",0.18348623853211,2.50984850487798,4.43964772638437,0.000111708427904479,0.00296948411899165,0.00236524277524243,"PTGER3/ATP1A2/SULF2/CAV1/TRPV1/MKKS/COMP/ACTA2/MYLK/MIR21/PIK3C2A/ORMDL3/PRKG1/ADRA2A/EDNRB/SOD1/APBB2/MYH11/KCNMA1/RHOA",20
"GO:0019433","triglyceride catabolic process","9/1388","28/18986",0.321428571428571,4.39671675586661,5.05138496093368,0.000112193207924121,0.00296948411899165,0.00236524277524243,"MGLL/PNPLA2/LPL/APOB/GPLD1/GPIHBP1/PLIN5/LIPE/ABHD5",9
"GO:0141091","transforming growth factor beta receptor superfamily signaling pathway","50/1388","397/18986",0.125944584382872,1.72275495611902,4.08720758101706,0.00011495664628881,0.00302860436328629,0.0024123330188959,"CDKN2B/CAV2/TMEM100/ACVR1C/COL1A2/RBPMS2/NFIA/BMPR1A/PPARG/GPC3/COL3A1/CAV1/DKK3/RGMB/NREP/CDKN1C/PML/RUNX2/TGFBR3/COMP/CHRDL1/JUN/MIR21/SFRP2/EGR1/HIPK2/NOTCH1/PMEPA1/SFRP4/TGFB3/CIDEA/TNFAIP6/SNX25/BMPR2/USP9Y/CD109/THBS1/INHBA/SMAD2/KDR/LTBP4/CRIM1/PPM1A/STUB1/LOX/BMP6/PBLD/FERMT2/PELO/DAB2",50
"GO:0120162","positive regulation of cold-induced thermogenesis","19/1388","101/18986",0.188118811881188,2.57321596712985,4.4520385374857,0.000116492463129293,0.00305389609189916,0.00243247829530685,"SCD/FABP4/CD36/LEP/EBF2/G0S2/HADH/ADIPOQ/FABP5/CAV1/LPIN1/ADRB1/ADIPOR2/OMA1/LEPR/ACSL1/UCP2/EPAS1/MFAP2",19
"GO:0042326","negative regulation of phosphorylation","36/1388","256/18986",0.140625,1.92356358069164,4.17817157294525,0.000116984999847108,0.00305389609189916,0.00243247829530685,"KLHL31/CDKN2B/ADIPOQ/PRDX3/ITGB1BP1/CAV1/CDKN1C/EPHB2/THY1/PTPN13/CHP1/SFRP2/PDE4D/GADD45A/TSG101/DNAJA3/SMPD1/WWTR1/YWHAG/DMD/CALM1/PTPRJ/INHBA/TARDBP/PLPP3/FBLN1/IGFBP3/SLIT2/HIPK3/GPRC5A/CEACAM1/PTEN/DUSP1/PPP2R5A/AIDA/CDKN1A",36
"GO:0007586","digestion","24/1388","144/18986",0.166666666666667,2.2797790585975,4.32933430629353,0.00011876937540989,0.00308638417826518,0.00245835558862767,"RBP4/AKR1C1/AKR1C2/CD36/PTGER3/LEP/PIR/NEGR1/ACO1/NR1H3/VDR/TJP2/STK39/PGA4/PGA3/PGA5/SCARB1/ADRA2A/LIPA/LIMA1/WNK1/HEPH/PBLD/SERPINA3",24
"GO:0014910","regulation of smooth muscle cell migration","18/1388","93/18986",0.193548387096774,2.64748535837129,4.47281517511117,0.000119526702760123,0.00309200977230598,0.00246283646649341,"BMPR1A/ADIPOQ/BCL2/DDR2/MIR21/PDGFA/TPM1/PRKG1/RPS6KB1/ABHD2/IGFBP3/SLIT2/IGFBP5/NR4A3/CYP1B1/SERPINE1/POSTN/ADAMTS1",18
"GO:0097009","energy homeostasis","17/1388","85/18986",0.2,2.735734870317,4.50421214530428,0.000120171512792451,0.00309468711096595,0.00246496901062182,"CD36/ACACB/LEP/ACVR1C/FMO2/TRPV1/PIK3CA/ADRB1/CEBPA/OMA1/LEPR/STK39/TWIST1/LIPA/NR1D2/NR4A3/TMEM18",17
"GO:0022612","gland morphogenesis","22/1388","127/18986",0.173228346456693,2.36953413964465,4.34894354633719,0.000126025534418447,0.00323088780390251,0.0025734550950871,"SULF2/CFLAR/CAV1/BCL2/NTN4/VDR/PML/NR3C1/TNC/PDGFA/EGFR/AR/NOTCH1/TGFB3/MMP2/DDR1/RTN4/LIPA/IGFBP5/CEACAM1/TGM2/CRIP1",22
"GO:0031669","cellular response to nutrient levels","36/1388","257/18986",0.140077821011673,1.91607889749829,4.15250843150944,0.000126683768771726,0.00323326386637481,0.00257534766779364,"CDKN2B/PCK1/COL1A1/LEP/LPL/CAV1/BCL2/SMDT1/AKR1C3/VDR/EIF2AK2/SH3GLB1/TNC/MN1/RPS6KB1/FAS/UCP2/TRIM32/LAMTOR1/YWHAG/BMPR2/INHBA/STK24/CTSK/PRKD1/DNAJC15/PLIN2/RRAGD/BECN1/SESN1/PDK4/LAMP2/POSTN/CDKN1A/RRAGC/KCNB1",36
"GO:1904951","positive regulation of establishment of protein localization","43/1388","327/18986",0.131498470948012,1.79872476182922,4.09161931051279,0.00012938499490523,0.00328752895943645,0.00261857070390655,"RBP4/LEP/ASPH/CAMK1/PPARG/TTN/ITGB1BP1/NNAT/GLUD1/SH3GLB1/ANG/PCK2/CHP1/SOX4/EGFR/TSG101/GPLD1/TGFB3/SIRT3/UBR5/TCF7L2/TOMM7/ZDHHC2/TARDBP/MYO1C/PPM1A/BCAP31/PRKD1/VSNL1/TOMM70/ABLIM3/FRMD4A/VAMP2/USP36/BMP6/NADK/SRI/CD81/PIK3R1/VPS35/SYTL4/YWHAE/KCNB1",43
"GO:0030509","BMP signaling pathway","27/1388","172/18986",0.156976744186047,2.147233764493,4.24467018760708,0.000131389016917071,0.00332367703413669,0.00264736323792849,"TMEM100/RBPMS2/NFIA/BMPR1A/PPARG/GPC3/CAV1/RGMB/RUNX2/TGFBR3/COMP/CHRDL1/MIR21/SFRP2/EGR1/HIPK2/NOTCH1/SFRP4/TNFAIP6/BMPR2/USP9Y/SMAD2/KDR/CRIM1/PPM1A/BMP6/PELO",27
"GO:1903531","negative regulation of secretion by cell","25/1388","154/18986",0.162337662337662,2.22056401811445,4.27111315824328,0.000133508209378854,0.00336240719391589,0.00267821244504021,"LEP/ACVR1C/HADH/ADIPOQ/NR1H3/MAOB/NMB/PNKD/ATP9A/CRHBP/PRKG1/NOTCH1/PDE8B/UCP2/ADRA2A/CD200/INHBA/PTPN11/FCGR2B/VSNL1/CEACAM1/FRMD4A/RABGEF1/SYTL4/KCNB1",25
"GO:1901888","regulation of cell junction assembly","37/1388","268/18986",0.138059701492537,1.88847369779345,4.11387061126468,0.00013896895288163,0.00348458554221174,0.00277552950215111,"LIMCH1/NEGR1/THBS2/CLASP2/PDLIM5/ITGB1BP1/CAV1/VLDLR/LRRN3/EPHB2/THY1/STAU2/PTPN13/GPBAR1/PRICKLE1/MYCBP2/PTPRS/PHLDB2/COL16A1/SYNDIG1/WDPCP/NTRK2/THBS1/PTPRJ/RTN4/KDR/MYO1C/CRIPT/LIMS1/VCL/MMP14/PTEN/ARHGEF15/FERMT2/VPS35/RHOA/APOD",37
"GO:0043276","anoikis","10/1388","35/18986",0.285714285714286,3.90819267188143,4.83625853586262,0.00014262830678073,0.00356072502124643,0.00283617584524678,"DAPK2/CAV1/BCL2/PIK3CA/NOTCH1/NTRK2/PIK3R3/TLE1/PDK4/MCL1",10
"GO:0009206","purine ribonucleoside triphosphate biosynthetic process","20/1388","111/18986",0.18018018018018,2.4646260092946,4.34623423679624,0.0001447864472306,0.00359888747311886,0.00286657286370515,"SDHB/NDUFB6/NDUFB4/SDHC/DNAJC30/NDUFS1/SDHA/LIPA/NDUFB5/NDUFC2/NDUFB2/NDUFB1/NDUFA2/NDUFB8/SDHD/NDUFS4/NDUFB10/NDUFA1/NDUFA9/NDUFA12",20
"GO:0170040","proteinogenic amino acid catabolic process","15/1388","71/18986",0.211267605633803,2.88986077850388,4.48047636363098,0.000156670989253093,0.00386072433431005,0.00307513021555753,"QDPR/SHMT1/FAH/ALDH4A1/GLUD1/MIR21/MCCC1/CSAD/ADHFE1/GPT2/MCCC2/GCSH/HMGCL/GLS/CDO1",15
"GO:1900046","regulation of hemostasis","15/1388","71/18986",0.211267605633803,2.88986077850388,4.48047636363098,0.000156670989253093,0.00386072433431005,0.00307513021555753,"CD36/SERPINE2/FAP/CAV1/COMP/EPHB2/PDGFA/PRKG1/PRDX2/THBS1/ANO6/CEACAM1/SERPINE1/PLAUR/ENPP4",15
"GO:0030323","respiratory tube development","30/1388","202/18986",0.148514851485149,2.03148628983936,4.13917207979286,0.000159489702767868,0.00391331601169055,0.00311702034865053,"RBP4/WNT11/BMPR1A/FGF2/GPC3/COL3A1/MME/PCSK5/CEBPA/TNC/HSD11B1/PDGFA/EGFR/CRISPLD2/HIPK2/NOTCH1/PDPN/TGFB3/BMPR2/EPAS1/LIPA/CHI3L1/SMAD2/KDR/ATXN1L/ADAMTS2/IGFBP5/LOX/MMP14/FOSL2",30
"GO:0046323","D-glucose import","16/1388","79/18986",0.20253164556962,2.77036442563747,4.42826176147628,0.000161688229207635,0.00395030601017116,0.00314648348876397,"SORBS1/ACACB/LEP/ADIPOQ/ARPP19/GPC3/HK2/ITLN1/RPS6KB1/KLF15/PTPN11/RHOQ/ZDHHC7/SORT1/PIK3R1/SGCB",16
"GO:0009145","purine nucleoside triphosphate biosynthetic process","20/1388","112/18986",0.178571428571429,2.4426204199259,4.30028746613402,0.000164352283996144,0.00399170536523659,0.00317945875367344,"SDHB/NDUFB6/NDUFB4/SDHC/DNAJC30/NDUFS1/SDHA/LIPA/NDUFB5/NDUFC2/NDUFB2/NDUFB1/NDUFA2/NDUFB8/SDHD/NDUFS4/NDUFB10/NDUFA1/NDUFA9/NDUFA12",20
"GO:0001889","liver development","24/1388","147/18986",0.163265306122449,2.23325295536082,4.21551157670176,0.000164779161482567,0.00399170536523659,0.00317945875367344,"CDKN2B/PCK1/SULF2/CFLAR/PIK3CA/CEBPA/TGFBR3/PCK2/EGFR/NOTCH1/ACO2/ASS1/CEBPG/UCP2/CCND1/GUCD1/RTN4/LIPA/CEACAM1/SMARCB1/MET/SEC63/ACAT1/PHF2",24
"GO:1990542","mitochondrial transmembrane transport","19/1388","104/18986",0.182692307692308,2.49898858346265,4.30486340149288,0.000174190940417959,0.00420189707328891,0.00334687989450629,"MDH1/SMDT1/CPT1B/TST/UCP2/MPC1/SLC25A28/TOMM7/DNAJC19/PMPCB/GHITM/DNAJC15/PAM16/TOMM70/SLC25A16/MDH2/GRPEL2/TIMM23/TOMM20",19
"GO:0071214","cellular response to abiotic stimulus","44/1388","342/18986",0.128654970760234,1.75982944874193,3.98224526479101,0.000179090835950853,0.0042839427160294,0.00341223059380485,"PCK1/COL1A1/ATP1A2/CRYAB/WNT11/FGF2/PIEZO2/MME/TRPV1/GCLC/PIK3CA/LIG4/BNIP3/NET1/LRRC8C/MYLK/MIR21/NFAT5/CHP1/SFRP2/EGR1/EGFR/POLK/GADD45A/STK39/FAS/GPLD1/PDE2A/MMP2/SMPD1/SERPINB6/GTF2H5/MAP3K2/VPS13A/WNK1/METTL3/BMP6/GRK4/PTEN/COPS9/PIK3R1/CDKN1A/SDE2/CRIP1",44
"GO:0104004","cellular response to environmental stimulus","44/1388","342/18986",0.128654970760234,1.75982944874193,3.98224526479101,0.000179090835950853,0.0042839427160294,0.00341223059380485,"PCK1/COL1A1/ATP1A2/CRYAB/WNT11/FGF2/PIEZO2/MME/TRPV1/GCLC/PIK3CA/LIG4/BNIP3/NET1/LRRC8C/MYLK/MIR21/NFAT5/CHP1/SFRP2/EGR1/EGFR/POLK/GADD45A/STK39/FAS/GPLD1/PDE2A/MMP2/SMPD1/SERPINB6/GTF2H5/MAP3K2/VPS13A/WNK1/METTL3/BMP6/GRK4/PTEN/COPS9/PIK3R1/CDKN1A/SDE2/CRIP1",44
"GO:0003158","endothelium development","24/1388","148/18986",0.162162162162162,2.21816340836514,4.17818233326929,0.000183298345398477,0.00434820182839457,0.00346341403011055,"TMEM100/FZD4/TJP2/MIR21/GJA4/HEY1/PDE4D/PTPRS/NOTCH1/ATOH8/PDE2A/PDPN/BMPR2/STARD13/EDNRB/LIPA/KDR/CEACAM1/MET/TNMD/VCL/BMP6/ROBO4/RHOA",24
"GO:0046165","alcohol biosynthetic process","24/1388","148/18986",0.162162162162162,2.21816340836514,4.17818233326929,0.000183298345398477,0.00434820182839457,0.00346341403011055,"CES1/PCK1/GNAI1/LEP/QDPR/DHDDS/ACAA2/DKK3/APOB/GPR146/ERLIN2/PCK2/PRKG1/DHCR24/LIPA/SC5D/SCP2/IMPA2/DHFR/QKI/BMP6/MOXD1/FDFT1/DAB2",24
"GO:0032835","glomerulus development","15/1388","72/18986",0.208333333333333,2.84972382324688,4.41621107979291,0.000184705606381603,0.00436347913918853,0.00347558265857683,"BASP1/SULF2/ADIPOQ/CFLAR/BCL2/ENPEP/ACTA2/EGR1/NOTCH1/MTSS1/WWTR1/EDNRB/KLF15/ANGPT1/CD24",15
"GO:1903828","negative regulation of protein localization","32/1388","223/18986",0.143497757847534,1.96285909977902,4.06192975388247,0.000187870038097426,0.00441651482912923,0.0035178264549521,"CD36/ACVR1C/HADH/ADIPOQ/NR1H3/ITGB1BP1/NEDD4L/MRAP/OTUD7B/MDFIC/CHP1/LRRC15/PDE8B/UCP2/ADRA2A/CD200/MAP1A/ANGPT1/PTPN11/RHOQ/WNK1/VSNL1/NDFIP1/FRMD4A/TXN/BAG4/PPP2R5A/VPS35/SYTL4/APOD/KCNB1/DAB2",32
"GO:0007548","sex differentiation","39/1388","292/18986",0.133561643835616,1.82694623188978,3.9993181700451,0.000188495647771127,0.00441651482912923,0.0035178264549521,"RBP4/LEP/BASP1/BMPR1A/BOK/FZD4/BCL2/MKKS/AKR1C3/ANG/CSDE1/SFRP2/LFNG/AR/NOTCH1/BCL2L2/TNFAIP6/MMP2/RHOBTB3/DHCR24/TNFSF10/INHBA/DNAJC19/SDC1/KDR/SOD1/IDH1/TYRO3/BCL2L11/PTPN11/SLIT2/BMP6/MMP14/CYP1B1/KITLG/ADAMTS1/PTX3/INSL3/ZP3",39
"GO:0031330","negative regulation of cellular catabolic process","21/1388","122/18986",0.172131147540984,2.35452591297775,4.215205151892,0.000194864406063591,0.00454710126312468,0.00362184069014433,"ACACB/TIMP4/LEP/BCL2/PIK3CA/LEPR/MIR21/GPLD1/FEZ2/ZKSCAN3/PLIN5/WNK1/RRAGD/MET/TAB3/USP36/BECN1/NRBP2/MCL1/RRAGC/HP",21
"GO:1902600","proton transmembrane transport","29/1388","195/18986",0.148717948717949,2.03426439074854,4.07701499630971,0.000198709310318251,0.0045583045300464,0.00363076427588646,"CYB5A/ATP1A2/CYC1/NDUFB6/UQCR10/NDUFB4/CHP1/COX7A1/NDUFS1/UCP2/COX5B/NDUFB5/NDUFC2/GHITM/NDUFB2/NDUFB1/ATP6V0E2/NDUFA2/NDUFB8/COX7B/NDUFS4/NDUFB10/SLC11A2/ATP6V1H/COX6B1/NDUFA1/NDUFA9/NDUFA12/UQCRH",29
"GO:0035384","thioester biosynthetic process","12/1388","50/18986",0.24,3.2828818443804,4.5393397708131,0.00019880214133449,0.0045583045300464,0.00363076427588646,"ACACB/PDHA1/ACSL5/DLD/ACSS2/ACSL1/GCDH/PDHB/HACD2/PDK3/PDK4/ACAT1",12
"GO:0043114","regulation of vascular permeability","12/1388","50/18986",0.24,3.2828818443804,4.5393397708131,0.00019880214133449,0.0045583045300464,0.00363076427588646,"NPR1/TJP2/PDE2A/RAMP2/PTPRJ/ANGPT1/SLIT2/CEACAM1/C2CD4B/AKAP12/BMP6/FERMT2",12
"GO:0071616","acyl-CoA biosynthetic process","12/1388","50/18986",0.24,3.2828818443804,4.5393397708131,0.00019880214133449,0.0045583045300464,0.00363076427588646,"ACACB/PDHA1/ACSL5/DLD/ACSS2/ACSL1/GCDH/PDHB/HACD2/PDK3/PDK4/ACAT1",12
"GO:0050678","regulation of epithelial cell proliferation","50/1388","406/18986",0.123152709359606,1.68456580684545,3.91582921286383,0.000199331140897604,0.0045583045300464,0.00363076427588646,"CDKN2B/CAV2/LEP/SULF2/BMPR1A/FGF2/PPARG/GPC3/AGTR1/CFLAR/CAV1/CDC73/SCG2/VDR/CDKN1C/RUNX2/TGFBR3/FMC1/STAT5A/ANG/MIR21/GPBAR1/SFRP2/EGFR/AR/MMRN2/NOTCH1/ATOH8/STAT1/CCND1/TWIST1/TCF7L2/MTSS1/FLT1/EDNRB/CD109/THBS1/RTN4/KDR/CXCL12/PRKD1/NR4A1/CEACAM1/TNMD/BMP6/NR4A3/STK3/SGPP2/WDR77/DAB2",50
"GO:0110053","regulation of actin filament organization","37/1388","273/18986",0.135531135531136,1.85388626743094,3.99096593567473,0.000202731419481847,0.00460174118874272,0.00366536228653251,"LIMCH1/CLASP2/SPTBN1/ITGB1BP1/MKKS/GSN/SPTAN1/PIK3CA/EPS8/KANK1/MIR21/CFL2/TPM1/PHLDB2/BIN1/CDC42EP4/TGFB3/DSTN/SYNPO/MTSS1/WDR1/CGNL1/WASF3/ELN/CXCL12/LIMA1/SLIT2/MET/ADD2/SHANK3/BAG4/ARHGEF15/WHAMM/RHPN1/FERMT2/PIK3R1/RHOA",37
"GO:0035357","peroxisome proliferator activated receptor signaling pathway","8/1388","24/18986",0.333333333333333,4.559558117195,4.90036032425412,0.000203645359585781,0.00460174118874272,0.00366536228653251,"LEP/LMO3/PPARG/FABP5/PTGIS/TWIST1/PLIN5/PDK3",8
"GO:2001026","regulation of endothelial cell chemotaxis","8/1388","24/18986",0.333333333333333,4.559558117195,4.90036032425412,0.000203645359585781,0.00460174118874272,0.00366536228653251,"FGF2/NOTCH1/THBS1/KDR/PRKD1/MET/SMOC2/LGMN",8
"GO:0060541","respiratory system development","32/1388","225/18986",0.142222222222222,1.94541146333654,4.00638340571103,0.000221692372053297,0.00498982398042796,0.00397447659139065,"RBP4/BASP1/WNT11/BMPR1A/FGF2/GPC3/COL3A1/MME/CEBPA/TNC/HSD11B1/PDGFA/EGFR/CRISPLD2/HIPK2/NOTCH1/ASS1/PDPN/TGFB3/WDPCP/BMPR2/EPAS1/LIPA/CHI3L1/SMAD2/KDR/ATXN1L/ADAMTS2/IGFBP5/LOX/MMP14/FOSL2",32
"GO:1902652","secondary alcohol metabolic process","25/1388","159/18986",0.157232704402516,2.15073496094104,4.09215132959194,0.000223379292430223,0.00500716856959385,0.00398829184096609,"CES1/GNAI1/LEP/OSBPL1A/VLDLR/ACAA2/CAT/CEBPA/APOB/GPR146/ERLIN2/LEPR/IDH3A/ACO2/SCARB1/SMPD1/DHCR24/IDH3B/LIPA/LIPE/IDH1/SC5D/LIMA1/QKI/FDFT1",25
"GO:0001704","formation of primary germ layer","22/1388","132/18986",0.166666666666667,2.2797790585975,4.14370272293558,0.000224214649959074,0.00500716856959385,0.00398829184096609,"WNT11/ITGA7/BMPR1A/COL12A1/COL5A2/COL5A1/CDC73/FN1/SFRP2/COL8A1/ATOH8/COL11A1/MMP2/BMPR2/LAMB3/INHBA/SMAD2/DUSP4/COL4A2/BRD3/MMP14/DUSP1",22
"GO:0061008","hepaticobiliary system development","24/1388","150/18986",0.16,2.1885878962536,4.10441219348023,0.000225947568146987,0.00502623442449931,0.00400347810691732,"CDKN2B/PCK1/SULF2/CFLAR/PIK3CA/CEBPA/TGFBR3/PCK2/EGFR/NOTCH1/ACO2/ASS1/CEBPG/UCP2/CCND1/GUCD1/RTN4/LIPA/CEACAM1/SMARCB1/MET/SEC63/ACAT1/PHF2",24
"GO:0046390","ribose phosphate biosynthetic process","27/1388","178/18986",0.151685393258427,2.07485509827413,4.04628986276915,0.000234267045322834,0.005191103481049,0.00413479901291954,"MTHFD1/NPR1/SDHB/NDUFB6/NDUFB4/GART/SDHC/AK4/DNAJC30/NDUFS1/SDHA/LIPA/NDUFB5/NDUFC2/NDUFB2/NDUFB1/NDUFA2/NDUFB8/SDHD/PYGL/NDUFS4/NDUFB10/ADCY4/NDUFA1/NDUFA9/NDUFA12/AK3",27
"GO:0072594","establishment of protein localization to organelle","55/1388","462/18986",0.119047619047619,1.62841361328393,3.84032131958497,0.000236241008123945,0.00519918787822699,0.00414123836778766,"CD36/LEP/PEX19/EPM2A/HK2/PML/SH3GLB1/MDFIC/PRICKLE1/CHP1/TXNIP/TSG101/NOTCH1/KPNA5/MAN1A1/UBR5/NFATC3/TIMM22/IPO9/TOMM7/SRPRA/DNAJC19/PMPCB/TARDBP/ANGPT1/IFT122/PEX5/VPS13A/BCAP31/AGK/PRKD1/DNAJC15/PAM16/SORT1/TOMM70/CHMP4B/GET4/ABLIM3/BAG4/SEC63/USP36/BECN1/STK3/NUP88/LAMP2/GRPEL2/PIK3R1/TMEM126A/CDKN1A/BCL3/TIMM23/KPNA4/TOMM20/APOD/SEC62",55
"GO:0071425","hematopoietic stem cell proliferation","10/1388","37/18986",0.27027027027027,3.6969390139419,4.61155313587761,0.000236603717225984,0.00519918787822699,0.00414123836778766,"EIF2AK2/CEBPA/ANG/SFRP2/N4BP2L2/PDCD2/ATXN1L/ETV6/RUNX1/KITLG",10
"GO:0006164","purine nucleotide biosynthetic process","29/1388","197/18986",0.147208121827411,2.01361196038561,4.01625596393457,0.000237360160261893,0.00519918787822699,0.00414123836778766,"MTHFD1/NPR1/SDHB/NDUFB6/PTGIS/NDUFB4/GART/SDHC/AK4/DNAJC30/NDUFS1/SDHA/NMNAT2/LIPA/NDUFB5/NDUFC2/NDUFB2/NDUFB1/NDUFA2/NDUFB8/SDHD/NADK/NDUFS4/NDUFB10/ADCY4/NDUFA1/NDUFA9/NDUFA12/AK3",29
"GO:0170036","import into the mitochondrion","12/1388","51/18986",0.235294117647059,3.21851161213765,4.45535707849403,0.000242873053908335,0.0052996383557021,0.00422124881963623,"SMDT1/TST/UCP2/SLC25A28/TOMM7/DNAJC19/DNAJC15/PAM16/TOMM70/GRPEL2/TIMM23/TOMM20",12
"GO:0097191","extrinsic apoptotic signaling pathway","33/1388","236/18986",0.139830508474576,1.91269598984028,3.96232308693163,0.000245413760245006,0.00532454048021989,0.00424108376999922,"PPP2R1B/G0S2/CFLAR/BOK/CAV1/GCLC/BCL2/IFI27/SCG2/PML/ACSL5/SFRP2/AR/RPS6KB1/FAS/MKNK2/BCL2L2/PRDX2/TCF7L2/TNFRSF12A/THBS1/TNFSF10/INHBA/BCL2L11/LGALS3/SORT1/NFKBIZ/STK3/SERPINE1/KITLG/PIK3R1/RAF1/MCL1",33
"GO:0046503","glycerolipid catabolic process","14/1388","66/18986",0.212121212121212,2.90153698366955,4.34594829842636,0.000245876978621314,0.00532454048021989,0.00424108376999922,"MGLL/PNPLA2/LPL/APOB/PRDX6/GPLD1/GPIHBP1/SCARB1/PLIN5/ABHD2/LIPE/ABHD5/ENPP2/PLA2G4A",14
"GO:0033157","regulation of intracellular protein transport","24/1388","151/18986",0.158940397350993,2.17409393667576,4.06796196572357,0.000250389978202187,0.00540180945427133,0.00430262977438991,"CD36/LEP/ASPH/CAMK1/ADIPOQ/EPM2A/IFI27/MDFIC/CHP1/UBR5/ZDHHC2/TARDBP/ANGPT1/UHMK1/PPM1A/PTPN11/BCAP31/PRKD1/TXN/VAMP2/CD81/PIK3R1/YWHAE/APOD",24
"GO:0032231","regulation of actin filament bundle assembly","19/1388","107/18986",0.177570093457944,2.42892348299173,4.1627444094554,0.000255575713363659,0.00549295621541367,0.00437522966367704,"LIMCH1/CLASP2/ITGB1BP1/MKKS/MIR21/TPM1/PHLDB2/TGFB3/SYNPO/MTSS1/CGNL1/MET/SHANK3/BAG4/ARHGEF15/RHPN1/FERMT2/PIK3R1/RHOA",19
"GO:0097193","intrinsic apoptotic signaling pathway","42/1388","327/18986",0.128440366972477,1.75689395341459,3.87733304863242,0.00025754687782478,0.00551458988960401,0.00439246123977922,"DAPK2/FGF2/BOK/CAV1/BCL2/IFI27/PML/MUC1/BNIP3/MIR21/SFRP2/HIPK2/RRN3/BCL2L2/URI1/MMP2/TRIM32/NBN/PYCR1/FNIP2/SOD1/BCL2L11/TAF9B/CASP6/STK24/CXCL12/BCAP31/FCGR2B/CREB3L1/BCLAF1/HINT1/BECN1/CD24/TMBIM6/CYP1B1/PIK3R1/CDKN1A/BCL3/PLAUR/MCL1/P4HB/CRIP1",42
"GO:0030324","lung development","29/1388","198/18986",0.146464646464646,2.00344220300993,3.98614469417195,0.000259083874576277,0.00552680041400214,0.00440218712261184,"RBP4/WNT11/BMPR1A/FGF2/GPC3/COL3A1/MME/CEBPA/TNC/HSD11B1/PDGFA/EGFR/CRISPLD2/HIPK2/NOTCH1/PDPN/TGFB3/BMPR2/EPAS1/LIPA/CHI3L1/SMAD2/KDR/ATXN1L/ADAMTS2/IGFBP5/LOX/MMP14/FOSL2",29
"GO:1901342","regulation of vasculature development","46/1388","369/18986",0.124661246612466,1.70520059667455,3.8418409548639,0.000267683892053176,0.00567074619012596,0.00451684229278972,"CD36/LEP/FGF2/THBS2/PPARG/ERAP1/NPR1/HK2/ISM1/PDE3B/PML/PTGIS/ANXA3/MIR21/SFRP2/GADD45A/HIPK2/ETS1/STAT1/TWIST1/FLT1/RAMP2/THBS1/RTN4/ANGPTL4/CHI3L1/KDR/HSPB6/CXCL12/CREB3L1/PRKD1/WNK1/COL4A2/CEACAM1/RUNX1/SLC12A2/GAB1/QKI/TNMD/SMOC2/HTATIP2/CYP1B1/SERPINE1/TGM2/ADAMTS1/EMP2",46
"GO:0009201","ribonucleoside triphosphate biosynthetic process","20/1388","116/18986",0.172413793103448,2.35839212958362,4.12132229313957,0.000267833612577863,0.00567074619012596,0.00451684229278972,"SDHB/NDUFB6/NDUFB4/SDHC/DNAJC30/NDUFS1/SDHA/LIPA/NDUFB5/NDUFC2/NDUFB2/NDUFB1/NDUFA2/NDUFB8/SDHD/NDUFS4/NDUFB10/NDUFA1/NDUFA9/NDUFA12",20
"GO:0051222","positive regulation of protein transport","35/1388","257/18986",0.136186770428016,1.86285448367889,3.91124664963589,0.000270886592839671,0.00567074619012596,0.00451684229278972,"RBP4/LEP/ASPH/CAMK1/PPARG/TTN/NNAT/GLUD1/ANG/PCK2/CHP1/SOX4/EGFR/TSG101/GPLD1/TGFB3/SIRT3/UBR5/TCF7L2/ZDHHC2/TARDBP/PPM1A/BCAP31/PRKD1/VSNL1/FRMD4A/VAMP2/BMP6/NADK/SRI/CD81/PIK3R1/VPS35/SYTL4/YWHAE",35
"GO:0006122","mitochondrial electron transport, ubiquinol to cytochrome c","6/1388","14/18986",0.428571428571429,5.86228900782215,5.1111262206777,0.000271735510421441,0.00567074619012596,0.00451684229278972,"CYC1/UQCR10/UQCRQ/UQCR11/UQCRC2/UQCRH",6
"GO:0042542","response to hydrogen peroxide","18/1388","99/18986",0.181818181818182,2.48703170028818,4.16605223646365,0.000271783182804708,0.00567074619012596,0.00451684229278972,"NQO1/COL1A1/CRYAB/PRDX3/BCL2/CAT/BNIP3/NET1/TXNIP/STAT1/MMP2/SDC1/SOD1/ZNF277/TXN/BECN1/CYP1B1/HP",18
"GO:0098869","cellular oxidant detoxification","18/1388","99/18986",0.181818181818182,2.48703170028818,4.16605223646365,0.000271783182804708,0.00567074619012596,0.00451684229278972,"MGST1/NQO1/CD36/PRDX3/MGST3/CAT/GPX3/PRDX6/GPX4/FBLN5/PRDX2/PRDX1/SOD1/GSTK1/DHFR/TXN/SESN1/HP",18
"GO:0045446","endothelial cell differentiation","21/1388","125/18986",0.168,2.29801729106628,4.0890413645919,0.000275585275400199,0.00572916734350159,0.00456337569906702,"TMEM100/FZD4/TJP2/MIR21/HEY1/PDE4D/PTPRS/NOTCH1/ATOH8/PDE2A/PDPN/BMPR2/EDNRB/LIPA/KDR/CEACAM1/MET/TNMD/VCL/BMP6/ROBO4",21
"GO:0034762","regulation of transmembrane transport","57/1388","487/18986",0.117043121149897,1.60099473930256,3.77337008463441,0.00028501475849842,0.00588397628949603,0.00468668356211113,"SORBS1/LEP/FHL1/ASPH/ATP1A2/ADIPOQ/ARPP19/GPC3/FABP5/NEDD4L/CAV1/HK2/BCL2/KCNIP2/PML/ITLN1/PRRT1/ACSL5/AHCYL1/KCNAB1/EPHB2/CRHBP/MIR21/THY1/SESTD1/CHP1/ACSL1/SLC31A2/PDE4D/GEM/KCNE3/RPS6KB1/STK39/BIN1/UCP2/VMP1/ADRA2A/AHNAK/DMD/CALM1/KLF15/THBS1/ANO6/PTPN11/CACNA1C/RHOQ/PRKD1/WNK1/SCN4B/FGF14/HEPH/VAMP2/NR4A3/TMBIM6/SRI/PIK3R1/YWHAE",57
"GO:0051591","response to cAMP","17/1388","91/18986",0.186813186813187,2.5553567469994,4.17681887344319,0.000285090332725276,0.00588397628949603,0.00468668356211113,"PCK1/COL1A1/GPD1/ADIPOQ/CRHBP/PDE4D/ASS1/STAT1/PDE2A/GUCD1/SDC1/PFKFB1/IGFBP5/NDUFS4/CDO1/ITPR2/CYP1B1",17
"GO:1903532","positive regulation of secretion by cell","39/1388","298/18986",0.130872483221477,1.79016207956985,3.86110204900076,0.000287267030638795,0.00590757415166183,0.00470547964613187,"RBP4/LEP/PPARG/CLASP2/TTN/NNAT/NMB/STXBP1/GLUD1/ANG/PCK2/SOX4/EGFR/TSG101/GPLD1/TGFB3/SIRT3/TCF7L2/RAB15/INHBA/TARDBP/SDC1/PDCD6IP/PTPN11/CXCL12/PRKD1/VSNL1/RAB27A/SLC12A2/FRMD4A/BMP6/NADK/SRI/PLA2G4A/VPS35/SYTL4/KCNB1/DAB2/ZP3",39
"GO:0009260","ribonucleotide biosynthetic process","26/1388","171/18986",0.152046783625731,2.07979843942228,3.98342841004512,0.000291651390839435,0.00596685157895171,0.00475269508861753,"MTHFD1/NPR1/SDHB/NDUFB6/NDUFB4/GART/SDHC/AK4/DNAJC30/NDUFS1/SDHA/LIPA/NDUFB5/NDUFC2/NDUFB2/NDUFB1/NDUFA2/NDUFB8/SDHD/NDUFS4/NDUFB10/ADCY4/NDUFA1/NDUFA9/NDUFA12/AK3",26
"GO:0045765","regulation of angiogenesis","45/1388","360/18986",0.125,1.70983429394813,3.81871111775588,0.000292236914834088,0.00596685157895171,0.00475269508861753,"CD36/LEP/FGF2/THBS2/PPARG/ERAP1/NPR1/HK2/ISM1/PDE3B/PML/PTGIS/ANXA3/MIR21/SFRP2/GADD45A/HIPK2/ETS1/STAT1/TWIST1/FLT1/RAMP2/THBS1/RTN4/ANGPTL4/CHI3L1/KDR/HSPB6/CREB3L1/PRKD1/WNK1/COL4A2/CEACAM1/RUNX1/SLC12A2/GAB1/QKI/TNMD/SMOC2/HTATIP2/CYP1B1/SERPINE1/TGM2/ADAMTS1/EMP2",45
"GO:0170035","L-amino acid catabolic process","15/1388","75/18986",0.2,2.735734870317,4.22985178514252,0.000296375896137092,0.00602982561642618,0.00480285494170841,"QDPR/SHMT1/FAH/ALDH4A1/GLUD1/MIR21/MCCC1/CSAD/ADHFE1/GPT2/MCCC2/GCSH/HMGCL/GLS/CDO1",15
"GO:0008207","C21-steroid hormone metabolic process","10/1388","38/18986",0.263157894736842,3.59965114515395,4.504987186127,0.000300264784831217,0.00608585547995861,0.00484748364642865,"AKR1C1/AKR1C2/DHRS9/DKK3/AKR1C3/EGR1/EDNRB/SCP2/BMP6/DAB2",10
"GO:1903076","regulation of protein localization to plasma membrane","20/1388","117/18986",0.170940170940171,2.33823493189487,4.07773714990999,0.000301258894669982,0.00608585547995861,0.00484748364642865,"SORBS1/SPTBN1/EPM2A/MRAP/RAMP3/VTI1B/EPHB2/EGFR/LRRC15/AR/ZDHHC2/RHOQ/LGALS3/WNK1/ZDHHC7/STX7/MMP14/PPP2R5A/PIK3R1/DAB2",20
"GO:0045785","positive regulation of cell adhesion","58/1388","499/18986",0.11623246492986,1.58990603685758,3.75031951605569,0.000303047039355431,0.00610042226758803,0.0048590863315478,"GPAM/PCK1/CD36/LEP/SART1/SAA1/ITGB1BP1/CAV1/PIK3CA/ECM2/MIR21/NFAT5/THY1/FN1/SFRP2/SOX4/TFE3/KIF26B/TPM1/COL8A1/DNAJA3/FBLN2/PHF10/EDIL3/ETS1/PDPN/COL16A1/EPB41L4B/YWHAG/PTPRJ/KDR/ANGPT1/PLPP3/CBFB/FBLN1/PTPN11/CXCL12/BCL6/RUNX1/SMARCB1/LIMS1/BAG4/NR4A3/NFKBIZ/CD24/FERMT2/KITLG/CD81/TGM2/ARHGEF7/SELP/DOCK8/PLAUR/P4HB/RHOA/EMP2/DAB2/ZP3",58
"GO:1904375","regulation of protein localization to cell periphery","24/1388","153/18986",0.156862745098039,2.14567440809177,3.99590865004076,0.00030636883744174,0.00612523714954579,0.00487885179178169,"SORBS1/GNAI1/SPTBN1/EPM2A/MRAP/RAMP3/VTI1B/EPHB2/EGFR/LRRC15/AR/EPB41L2/ZDHHC2/RHOQ/LGALS3/WNK1/ZDHHC7/STX7/MMP14/GPSM2/PPP2R5A/PIK3R1/VPS35/DAB2",24
"GO:0071548","response to dexamethasone","11/1388","45/18986",0.244444444444444,3.34367595260967,4.42049339419067,0.000306422568614675,0.00612523714954579,0.00487885179178169,"PCK1/CFLAR/PIK3CA/NR3C1/PCK2/EGFR/RPS6KB1/ASS1/UCP2/FBXO32/CYP1B1",11
"GO:0006721","terpenoid metabolic process","18/1388","100/18986",0.18,2.4621613832853,4.11712159977033,0.00030917963006807,0.00615495755230072,0.00490252457973963,"RBP4/AKR1C1/DGAT2/RETSAT/PNPLA2/ADH1C/RDH5/ADH1B/ALDH3A2/DHRS9/AKR1C3/GGPS1/CYP26B1/EGFR/LIPA/LIPE/CYP1B1/FDFT1",18
"GO:0046683","response to organophosphorus","22/1388","135/18986",0.162962962962963,2.22911730173978,4.02495840616155,0.000311139187093739,0.00615495755230072,0.00490252457973963,"AKR1C1/PCK1/COL1A1/GPD1/ASPH/CRLS1/ADIPOQ/TRPV1/TRIM16/CRHBP/PDE4D/ASS1/STAT1/PDE2A/GUCD1/SDC1/PFKFB1/IGFBP5/NDUFS4/CDO1/ITPR2/CYP1B1",22
"GO:0097237","cellular response to toxic substance","22/1388","135/18986",0.162962962962963,2.22911730173978,4.02495840616155,0.000311139187093739,0.00615495755230072,0.00490252457973963,"MGST1/NQO1/CD36/AIFM2/PRDX3/MGST3/CAT/GPX3/PRDX6/GPX4/PTPN13/FBLN5/PRDX2/PRDX1/SOD1/GSTK1/DHFR/TXN/SESN1/LANCL1/CYP1B1/HP",22
"GO:0019362","pyridine nucleotide metabolic process","26/1388","172/18986",0.151162790697674,2.06770658803029,3.95042620221934,0.000320191265647527,0.0062904930093021,0.00501048079287829,"NQO1/GPD1/ACACB/FMO2/ALDOC/MDH1/HK2/TKT/PTGIS/ME1/DCXR/PCK2/ENO2/LDHB/UCP2/ZBTB20/PFKFB3/NMNAT2/LIPA/GPD1L/TALDO1/IDH1/PFKFB1/ALDH1L1/NADK/MDH2",26
"GO:0046496","nicotinamide nucleotide metabolic process","26/1388","172/18986",0.151162790697674,2.06770658803029,3.95042620221934,0.000320191265647527,0.0062904930093021,0.00501048079287829,"NQO1/GPD1/ACACB/FMO2/ALDOC/MDH1/HK2/TKT/PTGIS/ME1/DCXR/PCK2/ENO2/LDHB/UCP2/ZBTB20/PFKFB3/NMNAT2/LIPA/GPD1L/TALDO1/IDH1/PFKFB1/ALDH1L1/NADK/MDH2",26
"GO:0010718","positive regulation of epithelial to mesenchymal transition","13/1388","60/18986",0.216666666666667,2.96371277617675,4.2785099877117,0.000325559158724732,0.00637404695352498,0.00507703287903097,"COL1A1/MIR21/NOTCH1/PDPN/TGFB3/TWIST1/TCF7L2/WWTR1/TNXB/SMAD2/FERMT2/EMP2/DAB2",13
"GO:0090100","positive regulation of transmembrane receptor protein serine/threonine kinase signaling pathway","19/1388","109/18986",0.174311926605505,2.38435607963409,4.07064238670126,0.00032673402813975,0.00637521651493158,0.00507796445386226,"CDKN2B/BMPR1A/GPC3/CDKN1C/TGFBR3/GLCE/MIR21/HIPK2/NOTCH1/ATOH8/TGFB3/BMPR2/THBS1/INHBA/SMAD2/KDR/BMP6/PELO/DAB2",19
"GO:0016049","cell growth","57/1388","490/18986",0.116326530612245,1.59119273069458,3.72354489130574,0.000333319903637594,0.00648159826223173,0.00516269925934921,"FHL1/SERPINE2/S100B/CRYAB/CLASP2/AGTR1/EPM2A/MEG3/PDLIM5/NPR1/NEDD4L/BCL2/CDC73/SEMA3G/VGLL4/PML/TNC/NET1/AUTS2/FN1/PRICKLE1/SFRP2/EGFR/PRKG1/TSG101/PTPRS/URI1/TRIM32/LAMTOR1/BMPR2/PTPRJ/DDR1/RTN4/INHBA/NRN1/ALCAM/TAF9B/CHPT1/LTBP4/CXCL12/SPOCK1/BCL6/IGFBP3/SLIT2/PLXNA4/TOMM70/IGFBP5/CEACAM1/DACT3/VCL/MMP14/POSTN/JADE1/CDKN1A/TEAD1/CDKN2AIP/DAB2",57
"GO:0032956","regulation of actin cytoskeleton organization","44/1388","352/18986",0.125,1.70983429394813,3.77523195771578,0.000339336607672763,0.00657622842733962,0.0052380737369933,"LIMCH1/CLASP2/SPTBN1/JAM3/ITGB1BP1/MKKS/GSN/SPTAN1/PIK3CA/EPS8/KANK1/MIR21/CFL2/PDGFA/STAU2/TPM1/PHLDB2/BIN1/CDC42EP4/TGFB3/DSTN/SYNPO/FSCN1/MTSS1/WDR1/CGNL1/WASF3/ELN/CXCL12/LIMA1/RHOQ/PRKD1/SLIT2/ARHGEF19/MET/ADD2/SHANK3/BAG4/ARHGEF15/WHAMM/RHPN1/FERMT2/PIK3R1/RHOA",44
"GO:0006081","cellular aldehyde metabolic process","15/1388","76/18986",0.197368421052632,2.69973835886546,4.16976408449257,0.000344676765614516,0.00663473760612185,0.00528467725694984,"AKR1C1/PCK1/ALDH3A2/ALDH2/DKK3/TKT/AKR1C3/PNKD/EDNRB/TALDO1/IDH1/BMP6/CYP1B1/ALDH9A1/DAB2",15
"GO:0050818","regulation of coagulation","15/1388","76/18986",0.197368421052632,2.69973835886546,4.16976408449257,0.000344676765614516,0.00663473760612185,0.00528467725694984,"CD36/SERPINE2/FAP/CAV1/EPHB2/PDGFA/PRKG1/PRDX2/THBS1/ANGPT1/ANO6/CEACAM1/SERPINE1/PLAUR/ENPP4",15
"GO:1904950","negative regulation of establishment of protein localization","22/1388","136/18986",0.161764705882353,2.21272673334463,3.98607169014469,0.000346054237979751,0.00663889959238334,0.00528799234722855,"CD36/ACVR1C/HADH/ADIPOQ/NR1H3/ITGB1BP1/MDFIC/CHP1/PDE8B/UCP2/ADRA2A/CD200/ANGPT1/PTPN11/VSNL1/NDFIP1/FRMD4A/TXN/BAG4/SYTL4/APOD/KCNB1",22
"GO:0060325","face morphogenesis","9/1388","32/18986",0.28125,3.84712716138329,4.52688844721271,0.000349090509525377,0.00667475064533974,0.00531654829856286,"COL1A1/ASPH/PRICKLE1/CRISPLD2/CRISPLD1/TGFB3/MMP2/ANKRD11/PTPN11",9
"GO:1904018","positive regulation of vasculature development","28/1388","192/18986",0.145833333333333,1.99480667627281,3.89088210214786,0.000352489405091992,0.00671727309636974,0.0053504181278174,"FGF2/ERAP1/HK2/PTGIS/ANXA3/MIR21/SFRP2/HIPK2/ETS1/TWIST1/FLT1/RAMP2/THBS1/RTN4/ANGPTL4/CHI3L1/KDR/HSPB6/CXCL12/PRKD1/WNK1/RUNX1/GAB1/SMOC2/CYP1B1/SERPINE1/TGM2/EMP2",28
"GO:0072001","renal system development","42/1388","332/18986",0.126506024096386,1.73043470712822,3.77079422759686,0.000355976177171006,0.00676118207603535,0.00538539234985757,"RBP4/BASP1/NFIA/SULF2/WNT11/FGF2/ADIPOQ/GPC3/AGTR1/CFLAR/MME/BCL2/CAT/PCSK5/ENPEP/ACTA2/CYP26B1/PDGFA/PRICKLE1/EGR1/SOX4/KIF26B/NOTCH1/ASS1/STAT1/GLIS2/MTSS1/HOXB7/WWTR1/WDPCP/EDNRB/KLF15/SMAD2/SDC1/ANGPT1/BCL2L11/SLIT2/BMP6/CD24/ACAT1/ADAMTS1/RHOA",42
"GO:0051047","positive regulation of secretion","41/1388","322/18986",0.127329192546584,1.74169456029499,3.76980636968453,0.000363546136091674,0.00686073682392687,0.0054646893384104,"RBP4/LEP/NEGR1/PPARG/CLASP2/TTN/NNAT/NPR1/NMB/STXBP1/GLUD1/ANG/PCK2/SOX4/EGFR/TSG101/GPLD1/TGFB3/SIRT3/TCF7L2/RAB15/INHBA/TARDBP/SDC1/PDCD6IP/PTPN11/CXCL12/PRKD1/VSNL1/RAB27A/SLC12A2/FRMD4A/BMP6/NADK/SRI/PLA2G4A/VPS35/SYTL4/KCNB1/DAB2/ZP3",41
"GO:0006085","acetyl-CoA biosynthetic process","7/1388","20/18986",0.35,4.78753602305475,4.75940074136423,0.00036481791052541,0.00686073682392687,0.0054646893384104,"PDHA1/DLD/ACSS2/PDHB/PDK3/PDK4/ACAT1",7
"GO:0055093","response to hyperoxia","7/1388","20/18986",0.35,4.78753602305475,4.75940074136423,0.00036481791052541,0.00686073682392687,0.0054646893384104,"COL1A1/CAV1/CAT/BNIP3/FAS/MMP2/CDKN1A",7
"GO:1901655","cellular response to ketone","19/1388","110/18986",0.172727272727273,2.36268011527378,4.02535005691659,0.000368373569700278,0.00690489081303768,0.00549985871448975,"AKR1C2/PCK1/GNAI1/GNG2/CFLAR/AKR1C3/XRN1/NR3C1/TNC/PCK2/EGFR/AR/RPS6KB1/ASS1/PRKD1/FBXO32/CYP1B1/PTGDR/POSTN",19
"GO:0006739","NADP metabolic process","11/1388","46/18986",0.239130434782609,3.27098734494424,4.33083880774412,0.00037642680650171,0.00700919300914282,0.0055829371233628,"NQO1/ACACB/FMO2/MDH1/TKT/ME1/DCXR/TALDO1/IDH1/ALDH1L1/NADK",11
"GO:0046461","neutral lipid catabolic process","10/1388","39/18986",0.256410256410256,3.50735239784231,4.4019573415651,0.000377616135528422,0.00700919300914282,0.0055829371233628,"MGLL/PNPLA2/LPL/APOB/GPLD1/GPIHBP1/PLIN5/ABHD2/LIPE/ABHD5",10
"GO:0046464","acylglycerol catabolic process","10/1388","39/18986",0.256410256410256,3.50735239784231,4.4019573415651,0.000377616135528422,0.00700919300914282,0.0055829371233628,"MGLL/PNPLA2/LPL/APOB/GPLD1/GPIHBP1/PLIN5/ABHD2/LIPE/ABHD5",10
"GO:0009205","purine ribonucleoside triphosphate metabolic process","34/1388","252/18986",0.134920634920635,1.84553542838845,3.7947677324574,0.000391452145647964,0.00724249811219873,0.00576876846218051,"GPD1/ATP1A2/ALDOC/SDHB/HK2/NDUFB6/NDUFB4/ENO2/SDHC/AK4/DNAJC30/NDUFS1/UCP2/SDHA/ZBTB20/PFKFB3/LIPA/NDUFB5/NDUFC2/NDUFB2/PFKFB1/NDUFB1/NDUFA2/RHOQ/NDUFB8/SDHD/NADK/NDUFS4/NDUFB10/NDUFA1/NDUFA9/GTPBP1/NDUFA12/AK3",34
"GO:0030193","regulation of blood coagulation","14/1388","69/18986",0.202898550724638,2.77538320177087,4.14914771875926,0.000399685496343852,0.00734727325594149,0.00585222358159927,"CD36/SERPINE2/FAP/CAV1/EPHB2/PDGFA/PRKG1/PRDX2/THBS1/ANO6/CEACAM1/SERPINE1/PLAUR/ENPP4",14
"GO:0046888","negative regulation of hormone secretion","14/1388","69/18986",0.202898550724638,2.77538320177087,4.14914771875926,0.000399685496343852,0.00734727325594149,0.00585222358159927,"LEP/ACVR1C/HADH/ADIPOQ/NMB/CRHBP/PDE8B/UCP2/ADRA2A/INHBA/PTPN11/VSNL1/SYTL4/KCNB1",14
"GO:0071772","response to BMP","27/1388","184/18986",0.146739130434783,2.00719677985215,3.85557888365186,0.000403130063317441,0.00736324144404412,0.00586494250516647,"TMEM100/RBPMS2/NFIA/BMPR1A/PPARG/GPC3/CAV1/RGMB/RUNX2/TGFBR3/COMP/CHRDL1/MIR21/SFRP2/EGR1/HIPK2/NOTCH1/SFRP4/TNFAIP6/BMPR2/USP9Y/SMAD2/KDR/CRIM1/PPM1A/BMP6/PELO",27
"GO:0071773","cellular response to BMP stimulus","27/1388","184/18986",0.146739130434783,2.00719677985215,3.85557888365186,0.000403130063317441,0.00736324144404412,0.00586494250516647,"TMEM100/RBPMS2/NFIA/BMPR1A/PPARG/GPC3/CAV1/RGMB/RUNX2/TGFBR3/COMP/CHRDL1/MIR21/SFRP2/EGR1/HIPK2/NOTCH1/SFRP4/TNFAIP6/BMPR2/USP9Y/SMAD2/KDR/CRIM1/PPM1A/BMP6/PELO",27
"GO:0030099","myeloid cell differentiation","53/1388","451/18986",0.117516629711752,1.60747170872285,3.66679313488275,0.000416176457522442,0.0075447353750997,0.00600950539622019,"CDKN2B/MTURN/PIR/PPARG/ADIPOQ/PRDX3/GPC3/CFLAR/TF/CDC73/PML/NR3C1/CEBPA/TGFBR3/STAT5A/TFE3/HIPK2/ETS1/STAT1/PDE2A/CEBPG/UCP2/TNFAIP6/PDE1B/HOXB7/WDR1/CD109/PTPRJ/INHBA/EPAS1/LIPA/CBFB/MAF/PTPN11/VPS13A/SH3PXD2A/BLVRB/TPM4/BCL6/MFAP2/CEACAM1/NDFIP1/RUNX1/QKI/LOX/SLC11A2/ADGRF5/FOSL2/KITLG/CD81/PIK3R1/ZBTB46/MPL",53
"GO:0009165","nucleotide biosynthetic process","32/1388","233/18986",0.137339055793991,1.87861621996017,3.78974664577158,0.000417826011433059,0.0075447353750997,0.00600950539622019,"SHMT1/MTHFD1/NPR1/SDHB/NDUFB6/PTGIS/ME1/NDUFB4/GART/SDHC/TK2/AK4/DNAJC30/NDUFS1/SDHA/NMNAT2/LIPA/NDUFB5/NDUFC2/NDUFB2/NDUFB1/NDUFA2/NDUFB8/SDHD/NADK/NDUFS4/NDUFB10/ADCY4/NDUFA1/NDUFA9/NDUFA12/AK3",32
"GO:0050680","negative regulation of epithelial cell proliferation","26/1388","175/18986",0.148571428571429,2.03226018937834,3.85274830640161,0.000421137510186491,0.0075447353750997,0.00600950539622019,"CDKN2B/CAV2/PPARG/GPC3/CAV1/CDC73/SCG2/VDR/CDKN1C/TGFBR3/MIR21/SFRP2/AR/MMRN2/NOTCH1/ATOH8/STAT1/MTSS1/FLT1/CD109/THBS1/CEACAM1/TNMD/STK3/WDR77/DAB2",26
"GO:1904705","regulation of vascular associated smooth muscle cell proliferation","17/1388","94/18986",0.180851063829787,2.47380280826538,4.02283958700174,0.000424338490663848,0.0075447353750997,0.00600950539622019,"BMPR1A/FGF2/PPARG/ADIPOQ/DDR2/NDRG2/JUN/MIR21/TPM1/PRKG1/TGFB3/MMP2/IGFBP5/NR4A3/PTEN/CDKN1A/ADAMTS1",17
"GO:0006720","isoprenoid metabolic process","20/1388","120/18986",0.166666666666667,2.2797790585975,3.94960882400516,0.000424349983300323,0.0075447353750997,0.00600950539622019,"RBP4/AKR1C1/DGAT2/RETSAT/PNPLA2/ADH1C/RDH5/ADH1B/ALDH3A2/DHDDS/DHRS9/AKR1C3/GGPS1/CYP26B1/EGFR/LIPA/LIPE/DPM3/CYP1B1/FDFT1",20
"GO:0032355","response to estradiol","20/1388","120/18986",0.166666666666667,2.2797790585975,3.94960882400516,0.000424349983300323,0.0075447353750997,0.00600950539622019,"NQO1/COL1A1/LEP/GHR/CRYAB/CFLAR/CAT/RAMP3/STXBP1/GPX4/CRHBP/TXNIP/EGFR/ASS1/BCL2L2/MMP2/DNMT3A/MBD2/CYP1B1/POSTN",20
"GO:0010763","positive regulation of fibroblast migration","6/1388","15/18986",0.4,5.47146974063401,4.86540716946863,0.000424943989991622,0.0075447353750997,0.00600950539622019,"DDR2/ACTA2/THBS1/AKAP12/BAG4/ARHGEF7",6
"GO:0035358","regulation of peroxisome proliferator activated receptor signaling pathway","6/1388","15/18986",0.4,5.47146974063401,4.86540716946863,0.000424943989991622,0.0075447353750997,0.00600950539622019,"LEP/LMO3/FABP5/PTGIS/TWIST1/PLIN5",6
"GO:2001028","positive regulation of endothelial cell chemotaxis","6/1388","15/18986",0.4,5.47146974063401,4.86540716946863,0.000424943989991622,0.0075447353750997,0.00600950539622019,"FGF2/KDR/PRKD1/MET/SMOC2/LGMN",6
"GO:0048638","regulation of developmental growth","41/1388","325/18986",0.126153846153846,1.72561737973842,3.70552952003826,0.00044044282462928,0.00779570163593062,0.00620940413669957,"GPAM/RBP4/ACACB/LEP/BASP1/GHR/BMPR1A/FGF2/NPY1R/CLASP2/NEDD4L/BCL2/MKKS/PIK3CA/SEMA3G/VGLL4/ADRB1/TGFBR3/STAT5A/FN1/MYCBP2/PTPRS/AR/RPS6KB1/NOTCH1/BMPR2/RTN4/KCNK2/SOD1/PEX5/BCL2L11/CXCL12/PLXNA4/TOMM70/RUNX1/PTEN/STK3/LGMN/FOSL2/CDKN1A/ZP3",41
"GO:0010743","regulation of macrophage derived foam cell differentiation","9/1388","33/18986",0.272727272727273,3.73054755043228,4.40895950117358,0.00044914777610616,0.00790581108553998,0.00629710811817865,"CD36/LPL/PPARG/ADIPOQ/AGTR1/NR1H3/APOB/PLA2G2A/MSR1",9
"GO:0008585","female gonad development","18/1388","103/18986",0.174757281553398,2.39044794493719,3.97380203149716,0.000449429526465016,0.00790581108553998,0.00629710811817865,"LEP/FZD4/BCL2/ANG/LFNG/NOTCH1/TNFAIP6/MMP2/INHBA/KDR/SOD1/IDH1/SLIT2/MMP14/KITLG/ADAMTS1/PTX3/ZP3",18
"GO:0090278","negative regulation of peptide hormone secretion","11/1388","47/18986",0.234042553191489,3.2013918695199,4.24361662550515,0.000459373368423071,0.00803130748402048,0.00639706805664962,"LEP/ACVR1C/HADH/CRHBP/PDE8B/UCP2/ADRA2A/PTPN11/VSNL1/SYTL4/KCNB1",11
"GO:2000378","negative regulation of reactive oxygen species metabolic process","11/1388","47/18986",0.234042553191489,3.2013918695199,4.24361662550515,0.000459373368423071,0.00803130748402048,0.00639706805664962,"CRYAB/CFLAR/HK2/BCL2/BNIP3/MIR21/SIRT3/PLIN5/BECN1/RHOA/HP",11
"GO:0022600","digestive system process","19/1388","112/18986",0.169642857142857,2.3204893989296,3.93622877712454,0.000465664664140003,0.00805744971716173,0.00641789077385851,"RBP4/AKR1C1/CD36/PTGER3/LEP/NEGR1/ACO1/NR1H3/VDR/TJP2/STK39/SCARB1/ADRA2A/LIPA/LIMA1/WNK1/HEPH/PBLD/SERPINA3",19
"GO:0030038","contractile actin filament bundle assembly","19/1388","112/18986",0.169642857142857,2.3204893989296,3.93622877712454,0.000465664664140003,0.00805744971716173,0.00641789077385851,"SORBS1/LIMCH1/CLASP2/ITGB1BP1/MKKS/MIR21/TPM1/PHLDB2/TGFB3/SYNPO/CGNL1/ELN/MET/BAG4/ARHGEF15/RHPN1/FERMT2/PIK3R1/RHOA",19
"GO:0043149","stress fiber assembly","19/1388","112/18986",0.169642857142857,2.3204893989296,3.93622877712454,0.000465664664140003,0.00805744971716173,0.00641789077385851,"SORBS1/LIMCH1/CLASP2/ITGB1BP1/MKKS/MIR21/TPM1/PHLDB2/TGFB3/SYNPO/CGNL1/ELN/MET/BAG4/ARHGEF15/RHPN1/FERMT2/PIK3R1/RHOA",19
"GO:0048662","negative regulation of smooth muscle cell proliferation","14/1388","70/18986",0.2,2.735734870317,4.08588494236779,0.000466506184428989,0.00805744971716173,0.00641789077385851,"PPARG/ADIPOQ/NPR1/NDRG2/ANG/TPM1/PRKG1/TGFB3/BMPR2/IGFBP3/IGFBP5/PTEN/CDKN1A/APOD",14
"GO:0014912","negative regulation of smooth muscle cell migration","10/1388","40/18986",0.25,3.41966858789625,4.30224850961519,0.000470859479831949,0.00810814351264835,0.00645826921291379,"BMPR1A/ADIPOQ/MIR21/TPM1/PRKG1/ABHD2/IGFBP3/SLIT2/IGFBP5/SERPINE1",10
"GO:0051224","negative regulation of protein transport","20/1388","121/18986",0.165289256198347,2.26093790935289,3.90774628813623,0.000474116086844172,0.00813970471017457,0.00648340822408057,"CD36/ACVR1C/HADH/ADIPOQ/NR1H3/MDFIC/CHP1/PDE8B/UCP2/ADRA2A/CD200/ANGPT1/PTPN11/VSNL1/NDFIP1/FRMD4A/TXN/SYTL4/APOD/KCNB1",20
"GO:0097305","response to alcohol","36/1388","275/18986",0.130909090909091,1.79066282420749,3.70917687966433,0.000479941990747552,0.00821505497336454,0.00654342594381945,"CES1/AKR1C2/NQO1/PCK1/GNAI1/LEP/GHR/FGF2/ADIPOQ/GNG2/MAOB/CAT/AKR1C3/XRN1/EPS8/TGFBR3/TNC/CRHBP/RPS6KB1/STK39/GPLD1/ADRA2A/INHBA/LIPA/SMAD2/SOD1/RPL27/CTSK/PRKD1/SLIT2/DNMT3A/CDO1/ITPR2/CYP1B1/PTGDR/CDKN1A",36
"GO:0051492","regulation of stress fiber assembly","17/1388","95/18986",0.178947368421053,2.44776277870469,3.97283119810251,0.000482239625938244,0.00822974310892221,0.00655512528455253,"LIMCH1/CLASP2/ITGB1BP1/MKKS/MIR21/TPM1/PHLDB2/TGFB3/SYNPO/CGNL1/MET/BAG4/ARHGEF15/RHPN1/FERMT2/PIK3R1/RHOA",17
"GO:0007015","actin filament organization","54/1388","465/18986",0.116129032258065,1.58849121502278,3.60829986254666,0.00049189847264285,0.00836959395267612,0.00666651877397547,"SORBS1/LIMCH1/CLASP2/SPTBN1/TTN/ITGB1BP1/TF/BCL2/MKKS/MSRB2/GSN/SPTAN1/PIK3CA/PPP1R9A/DPYSL3/EPS8/KANK1/ANG/AIF1L/MIR21/CFL2/TPM1/PHLDB2/BIN1/CDC42EP4/TGFB3/CALD1/DSTN/SYNPO/FSCN1/MTSS1/WDR1/CGNL1/WASF3/CNN3/MYO1C/ELN/CXCL12/TPM2/LIMA1/RHOQ/TPM4/SLIT2/MET/ADD2/SHANK3/BAG4/ARHGEF15/WHAMM/RHPN1/FERMT2/PIK3R1/RHOA/EMP2",54
"GO:0051402","neuron apoptotic process","39/1388","307/18986",0.127035830618893,1.73768175801894,3.65956780141831,0.000522780532446095,0.00883698138782244,0.00703880052727689,"NQO1/TNFRSF21/FGF2/CFLAR/BOK/GCLC/BCL2/PIK3CA/OXR1/LIG4/NR3C1/STXBP1/BNIP3/COL6A3/EGR1/HIPK2/FAS/UCP2/TGFB3/CCND1/MMP2/PYCR1/NTRK2/KDR/SOD1/ANGPT1/TYRO3/BCL2L11/CASP6/FCGR2B/GBE1/NRBP2/TMBIM6/COL6A2/LGMN/FAM162A/MCL1/RHOA/KCNB1",39
"GO:0001933","negative regulation of protein phosphorylation","32/1388","236/18986",0.135593220338983,1.85473550529966,3.71069695010023,0.000524005018448803,0.00883698138782244,0.00703880052727689,"KLHL31/ADIPOQ/ITGB1BP1/CAV1/CDKN1C/EPHB2/THY1/PTPN13/CHP1/SFRP2/PDE4D/GADD45A/TSG101/DNAJA3/SMPD1/WWTR1/YWHAG/DMD/CALM1/PTPRJ/TARDBP/PLPP3/FBLN1/IGFBP3/SLIT2/HIPK3/GPRC5A/CEACAM1/PTEN/DUSP1/AIDA/CDKN1A",32
"GO:0008406","gonad development","32/1388","236/18986",0.135593220338983,1.85473550529966,3.71069695010023,0.000524005018448803,0.00883698138782244,0.00703880052727689,"LEP/BASP1/BOK/FZD4/BCL2/MKKS/AKR1C3/ANG/CSDE1/SFRP2/LFNG/AR/NOTCH1/BCL2L2/TNFAIP6/MMP2/RHOBTB3/TNFSF10/INHBA/SDC1/KDR/SOD1/IDH1/BCL2L11/SLIT2/MMP14/CYP1B1/KITLG/ADAMTS1/PTX3/INSL3/ZP3",32
"GO:0046660","female sex differentiation","20/1388","122/18986",0.163934426229508,2.24240563140738,3.86629341533612,0.000528871318369776,0.00889281566800003,0.00708327344664908,"RBP4/LEP/FZD4/BCL2/ANG/LFNG/NOTCH1/TNFAIP6/MMP2/INHBA/KDR/SOD1/IDH1/TYRO3/SLIT2/MMP14/KITLG/ADAMTS1/PTX3/ZP3",20
"GO:1990874","vascular associated smooth muscle cell proliferation","17/1388","96/18986",0.177083333333333,2.42226524975985,3.92345443875196,0.000546814377930319,0.00916755952676725,0.00730211143363654,"BMPR1A/FGF2/PPARG/ADIPOQ/DDR2/NDRG2/JUN/MIR21/TPM1/PRKG1/TGFB3/MMP2/IGFBP5/NR4A3/PTEN/CDKN1A/ADAMTS1",17
"GO:0072524","pyridine-containing compound metabolic process","26/1388","178/18986",0.146067415730337,1.99800861315287,3.75700142357871,0.00054906126281022,0.00917831356574861,0.00731067720196064,"NQO1/GPD1/ACACB/FMO2/ALDOC/MDH1/HK2/TKT/PTGIS/ME1/DCXR/PCK2/ENO2/LDHB/UCP2/ZBTB20/PFKFB3/NMNAT2/LIPA/GPD1L/TALDO1/IDH1/PFKFB1/ALDH1L1/NADK/MDH2",26
"GO:0002792","negative regulation of peptide secretion","11/1388","48/18986",0.229166666666667,3.13469620557157,4.15870407384224,0.000557077167764283,0.00925816909333838,0.00737428343864225,"LEP/ACVR1C/HADH/CRHBP/PDE8B/UCP2/ADRA2A/PTPN11/VSNL1/SYTL4/KCNB1",11
"GO:0006953","acute-phase response","11/1388","48/18986",0.229166666666667,3.13469620557157,4.15870407384224,0.000557077167764283,0.00925816909333838,0.00737428343864225,"PTGER3/SAA2/SAA1/TRPV1/FN1/SAA4/ASS1/EDNRB/PLSCR1/SERPINA3/HP",11
"GO:0042310","vasoconstriction","16/1388","88/18986",0.181818181818182,2.48703170028818,3.92664842070932,0.000582672819772076,0.00965547974097669,0.00769074788202594,"LEP/ATP1A2/AGTR1/CAV1/MKKS/COMP/ACTA2/MIR21/PIK3C2A/EGFR/MMP2/ADRA2A/SVEP1/BMPR2/EDNRB/RHOA",16
"GO:0010821","regulation of mitochondrion organization","19/1388","114/18986",0.166666666666667,2.2797790585975,3.84899049173998,0.000584465599763472,0.00965613721493114,0.00769127157080768,"PPARG/BOK/GCLC/ACAA2/CHCHD10/BNIP3/OMA1/PISD/TMEM135/DDHD1/PDE2A/BCL2L2/TNFSF10/KDR/GHITM/BCL2L11/FAM162A/VPS35/PLAUR",19
"GO:0045834","positive regulation of lipid metabolic process","21/1388","132/18986",0.159090909090909,2.17615273775216,3.80817866120792,0.000586090539370492,0.00965613721493114,0.00769127157080768,"CES1/PCK1/SORBS1/PNPLA2/GNAI1/PPARG/ADIPOQ/NR1H3/CHP1/GPLD1/SIRT3/SCARB1/TWIST1/PLIN5/ZBTB20/SCP2/QKI/ABHD5/BMP6/ADGRF5/DAB2",21
"GO:0009199","ribonucleoside triphosphate metabolic process","34/1388","258/18986",0.131782945736434,1.80261599982128,3.64535931927699,0.000602233064969651,0.00989358170238936,0.00788039999715279,"GPD1/ATP1A2/ALDOC/SDHB/HK2/NDUFB6/NDUFB4/ENO2/SDHC/AK4/DNAJC30/NDUFS1/UCP2/SDHA/ZBTB20/PFKFB3/LIPA/NDUFB5/NDUFC2/NDUFB2/PFKFB1/NDUFB1/NDUFA2/RHOQ/NDUFB8/SDHD/NADK/NDUFS4/NDUFB10/NDUFA1/NDUFA9/GTPBP1/NDUFA12/AK3",34
"GO:0046034","ATP metabolic process","31/1388","228/18986",0.135964912280702,1.85981975832954,3.66817423147549,0.000606159274195621,0.00992954891282626,0.00790904846982433,"GPD1/ATP1A2/ALDOC/SDHB/HK2/NDUFB6/NDUFB4/ENO2/SDHC/AK4/DNAJC30/NDUFS1/UCP2/SDHA/ZBTB20/PFKFB3/LIPA/NDUFB5/NDUFC2/NDUFB2/PFKFB1/NDUFB1/NDUFA2/NDUFB8/SDHD/NADK/NDUFS4/NDUFB10/NDUFA1/NDUFA9/NDUFA12",31
"GO:0045766","positive regulation of angiogenesis","27/1388","189/18986",0.142857142857143,1.95409633594072,3.70209225044195,0.000617882137634271,0.0100926633738718,0.00803897181174694,"FGF2/ERAP1/HK2/PTGIS/ANXA3/MIR21/SFRP2/HIPK2/ETS1/TWIST1/FLT1/RAMP2/THBS1/RTN4/ANGPTL4/CHI3L1/KDR/HSPB6/PRKD1/WNK1/RUNX1/GAB1/SMOC2/CYP1B1/SERPINE1/TGM2/EMP2",27
"GO:0060485","mesenchyme development","42/1388","341/18986",0.12316715542522,1.68476340987264,3.58347945305842,0.000620613399245655,0.0101083954515311,0.0080515026694758,"COL1A1/TMEM100/BASP1/WNT11/BMPR1A/CRELD1/CLASP2/BCL2/SEMA3G/BNC2/TGFBR3/ACTA2/MIR21/FN1/PRICKLE1/HEY1/SFRP2/SOX4/NOTCH1/PHLDB2/STAT1/ADAMTS5/PDPN/TGFB3/FBXL17/TWIST1/TCF7L2/WWTR1/BMPR2/TNXB/EDNRB/RTN4/TAPT1/SMAD2/QKI/DACT3/PTEN/FERMT2/KITLG/USF3/EMP2/DAB2",42
"GO:0019674","NAD metabolic process","13/1388","64/18986",0.203125,2.77848072766571,4.00243242630026,0.00063003500022997,0.0102326991372578,0.00815051259268795,"NQO1/GPD1/MDH1/HK2/PTGIS/ME1/PCK2/ENO2/LDHB/NMNAT2/GPD1L/NADK/MDH2",13
"GO:0008630","intrinsic apoptotic signaling pathway in response to DNA damage","18/1388","106/18986",0.169811320754717,2.32279375781632,3.83541578772689,0.000641582831146229,0.0103613814849237,0.00825301019190778,"BOK/BCL2/PML/MUC1/SFRP2/HIPK2/BCL2L2/URI1/TRIM32/FNIP2/BCL2L11/TAF9B/CXCL12/PIK3R1/CDKN1A/BCL3/MCL1/CRIP1",18
"GO:0110020","regulation of actomyosin structure organization","18/1388","106/18986",0.169811320754717,2.32279375781632,3.83541578772689,0.000641582831146229,0.0103613814849237,0.00825301019190778,"LIMCH1/CLASP2/ITGB1BP1/MKKS/MIR21/TPM1/PHLDB2/TGFB3/SYNPO/CGNL1/PRKD1/MET/BAG4/ARHGEF15/RHPN1/FERMT2/PIK3R1/RHOA",18
"GO:0009144","purine nucleoside triphosphate metabolic process","34/1388","259/18986",0.131274131274131,1.79565609248606,3.62084176879231,0.000645739632141288,0.0103991365547936,0.00828308272392354,"GPD1/ATP1A2/ALDOC/SDHB/HK2/NDUFB6/NDUFB4/ENO2/SDHC/AK4/DNAJC30/NDUFS1/UCP2/SDHA/ZBTB20/PFKFB3/LIPA/NDUFB5/NDUFC2/NDUFB2/PFKFB1/NDUFB1/NDUFA2/RHOQ/NDUFB8/SDHD/NADK/NDUFS4/NDUFB10/NDUFA1/NDUFA9/GTPBP1/NDUFA12/AK3",34
"GO:0042373","vitamin K metabolic process","5/1388","11/18986",0.454545454545455,6.21757925072046,4.86119320052362,0.000659272611051233,0.0105001697434675,0.00836355731479344,"NQO1/VKORC1L1/AIFM2/GGCX/CBR3",5
"GO:0000303","response to superoxide","8/1388","28/18986",0.285714285714286,3.90819267188143,4.32488246212081,0.000661637391316973,0.0105001697434675,0.00836355731479344,"NQO1/CD36/FBLN5/UCP2/PRDX2/PRDX1/SOD1/DHFR",8
"GO:0044342","type B pancreatic cell proliferation","8/1388","28/18986",0.285714285714286,3.90819267188143,4.32488246212081,0.000661637391316973,0.0105001697434675,0.00836355731479344,"FMC1/IGFBP3/IGFBP5/NR4A1/SIDT2/NR4A3/SGPP2/RAF1",8
"GO:0050995","negative regulation of lipid catabolic process","8/1388","28/18986",0.285714285714286,3.90819267188143,4.32488246212081,0.000661637391316973,0.0105001697434675,0.00836355731479344,"CIDEC/ACACB/PDE3B/FMC1/GPLD1/CIDEA/PLIN5/ADRA2A",8
"GO:0071549","cellular response to dexamethasone stimulus","8/1388","28/18986",0.285714285714286,3.90819267188143,4.32488246212081,0.000661637391316973,0.0105001697434675,0.00836355731479344,"PCK1/CFLAR/NR3C1/PCK2/EGFR/RPS6KB1/ASS1/FBXO32",8
"GO:0016101","diterpenoid metabolic process","16/1388","89/18986",0.179775280898876,2.45908752388045,3.87479109419921,0.00066303328273426,0.0105001697434675,0.00836355731479344,"RBP4/AKR1C1/DGAT2/RETSAT/PNPLA2/ADH1C/RDH5/ADH1B/ALDH3A2/DHRS9/AKR1C3/CYP26B1/EGFR/LIPA/LIPE/CYP1B1",16
"GO:0008217","regulation of blood pressure","27/1388","190/18986",0.142105263157895,1.94381161838313,3.67195862202922,0.000671205982045845,0.0106002336998787,0.00844325989627894,"LEP/COL1A2/ATP1A2/NPY1R/PPARG/ADIPOQ/AGTR1/ERAP1/NPR1/TRPV1/MKKS/PCSK5/ADRB1/ENPEP/ACTA2/TPM1/AR/STK39/RAMP2/BMPR2/EDNRB/SOD1/LNPEP/WNK1/POSTN/RHOA/EMP2",27
"GO:1903036","positive regulation of response to wounding","15/1388","81/18986",0.185185185185185,2.53308784288611,3.88319844862568,0.000700579225361825,0.0110336403068693,0.00878847536295565,"CD36/DDR2/KANK1/MYLK/MIR21/PRDX2/ADRA2A/THBS1/ANO6/STK24/SMOC2/FERMT2/SERPINE1/INSL3/ENPP4",15
"GO:0044319","wound healing, spreading of cells","10/1388","42/18986",0.238095238095238,3.25682722656786,4.11202259459509,0.000714965977214173,0.0111985218951601,0.00891980625069506,"CLASP2/COL5A1/PHLDB2/PDPN/DDR1/CD151/CEACAM1/PTEN/FERMT2/RHOA",10
"GO:0090505","epiboly involved in wound healing","10/1388","42/18986",0.238095238095238,3.25682722656786,4.11202259459509,0.000714965977214173,0.0111985218951601,0.00891980625069506,"CLASP2/COL5A1/PHLDB2/PDPN/DDR1/CD151/CEACAM1/PTEN/FERMT2/RHOA",10
"GO:0043271","negative regulation of monoatomic ion transport","21/1388","134/18986",0.156716417910448,2.14367284614392,3.73115998082665,0.000717722584989917,0.0112104868973009,0.00892933657102524,"SERPINE2/ATP1A2/GABRE/NEDD4L/CAV1/BCL2/MAOB/KCNAB1/EPHB2/SESTD1/GEM/KCNE3/STK39/BIN1/UCP2/ADRA2A/CALM1/WNK1/TMBIM6/SRI/YWHAE",21
"GO:0046545","development of primary female sexual characteristics","18/1388","107/18986",0.168224299065421,2.30108540493953,3.79032611620073,0.000719651686428097,0.0112104868973009,0.00892933657102524,"LEP/FZD4/BCL2/ANG/LFNG/NOTCH1/TNFAIP6/MMP2/INHBA/KDR/SOD1/IDH1/SLIT2/MMP14/KITLG/ADAMTS1/PTX3/ZP3",18
"GO:1990748","cellular detoxification","20/1388","125/18986",0.16,2.1885878962536,3.74431458400816,0.000727276805784892,0.0112984823333484,0.00899942637821924,"MGST1/NQO1/CD36/AIFM2/PRDX3/MGST3/CAT/GPX3/PRDX6/GPX4/FBLN5/PRDX2/PRDX1/SOD1/GSTK1/DHFR/TXN/SESN1/LANCL1/HP",20
"GO:0001558","regulation of cell growth","48/1388","408/18986",0.117647058823529,1.60925580606883,3.49380495156835,0.000742746476438344,0.0115075382270949,0.00916594282433968,"FHL1/SERPINE2/CRYAB/CLASP2/AGTR1/EPM2A/MEG3/NPR1/NEDD4L/BCL2/CDC73/SEMA3G/VGLL4/PML/TNC/NET1/FN1/SFRP2/EGFR/TSG101/PTPRS/URI1/TRIM32/LAMTOR1/BMPR2/PTPRJ/DDR1/RTN4/INHBA/TAF9B/CHPT1/LTBP4/CXCL12/SPOCK1/BCL6/IGFBP3/SLIT2/PLXNA4/TOMM70/IGFBP5/CEACAM1/DACT3/MMP14/JADE1/CDKN1A/TEAD1/CDKN2AIP/DAB2",48
"GO:0034599","cellular response to oxidative stress","33/1388","251/18986",0.131474103585657,1.79839144861476,3.57597328633991,0.000749077355624123,0.0115430599517604,0.00919423646029212,"MGST1/NQO1/CD36/VKORC1L1/AIFM2/PRDX3/CAT/DDR2/OXR1/PML/BNIP3/NET1/MIR21/STAU2/NCOA7/TPM1/FADS2/FBLN5/PRDX2/MMP2/PRDX1/PYCR1/SOD1/PEX5/STK24/PRKD1/DHFR/MET/ZNF277/TXN/BECN1/SLC11A2/CYP1B1",33
"GO:0045444","fat cell differentiation","33/1388","251/18986",0.131474103585657,1.79839144861476,3.57597328633991,0.000749077355624123,0.0115430599517604,0.00919423646029212,"FABP4/LEP/LPL/EBF2/LMO3/NEGR1/ADIRF/PPARG/ADIPOQ/ERAP1/MKKS/ADRB1/CEBPA/BNIP3/LRRC8C/MIR21/OSBPL11/PEX11A/SFRP2/TFE3/ALDH6A1/CCND1/TRIM32/TCF7L2/WWTR1/LAMB3/SORT1/NR4A1/NR4A3/STK3/ADGRF5/FOSL2/FERMT2",33
"GO:0045137","development of primary sexual characteristics","32/1388","241/18986",0.132780082987552,1.81625551556316,3.58146164819807,0.00075442610638913,0.0115942313178136,0.0092349952921318,"LEP/BASP1/BOK/FZD4/BCL2/MKKS/AKR1C3/ANG/CSDE1/SFRP2/LFNG/AR/NOTCH1/BCL2L2/TNFAIP6/MMP2/RHOBTB3/TNFSF10/INHBA/SDC1/KDR/SOD1/IDH1/BCL2L11/SLIT2/MMP14/CYP1B1/KITLG/ADAMTS1/PTX3/INSL3/ZP3",32
"GO:0010038","response to metal ion","42/1388","345/18986",0.121739130434783,1.66522992106252,3.50199157019539,0.000786144767136978,0.0120493019670834,0.00959746652359128,"NQO1/FABP4/ASPH/ATP1A2/ACO1/TTN/TF/CAV1/GCLC/BCL2/KCNIP2/MAOB/CAT/AKR1C3/LIG4/CEBPA/BNIP3/AHCYL1/CRHBP/TXNIP/EGFR/STK39/ASS1/GPLD1/UCP2/SMPD1/DLG4/CALM1/THBS1/SDC1/IMPA2/SLC12A2/CPNE2/BMP6/BECN1/DNMT3A/PLSCR1/SLC11A2/LGMN/KCNMA1/KCNB1/CRIP1",42
"GO:0001935","endothelial cell proliferation","28/1388","202/18986",0.138613861386139,1.89605387051673,3.59570573004011,0.000802864897397788,0.0122599272982927,0.00976523305237641,"CAV2/LEP/FGF2/PPARG/AGTR1/ITGB1BP1/CAV1/SCG2/STAT5A/ANG/MIR21/COL8A1/MMRN2/ATOH8/STAT1/SCARB1/FLT1/BMPR2/THBS1/LIPA/KDR/CXCL12/COL8A2/PRKD1/NR4A1/TNMD/BMP6/MMP14",28
"GO:0022602","ovulation cycle process","11/1388","50/18986",0.22,3.0093083573487,3.99535935720563,0.000804849200519898,0.0122599272982927,0.00976523305237641,"LEP/FZD4/NOTCH1/TGFB3/TNFAIP6/MMP2/INHBA/SLIT2/ADAMTS1/PTX3/ZP3",11
"GO:0010717","regulation of epithelial to mesenchymal transition","20/1388","126/18986",0.158730158730159,2.17121815104524,3.70442323686692,0.000806320214125948,0.0122599272982927,0.00976523305237641,"COL1A1/CLASP2/MIR21/SFRP2/NOTCH1/PHLDB2/PDPN/TGFB3/TWIST1/TCF7L2/WWTR1/TNXB/SMAD2/QKI/DACT3/PTEN/FERMT2/USF3/EMP2/DAB2",20
"GO:0045926","negative regulation of growth","31/1388","232/18986",0.133620689655172,1.82775390042731,3.56259660394798,0.000813860033314634,0.0123122060646534,0.00980687394671303,"RBP4/FHL1/SERPINE2/CRYAB/GPC3/MEG3/NPR1/BCL2/SEMA3G/VGLL4/ADRB1/PML/SFRP2/PTPRS/BMPR2/PTPRJ/RTN4/INHBA/KCNK2/BCL6/SLIT2/TOMM70/IGFBP5/DACT3/PTEN/STK3/LGMN/JADE1/CDKN1A/CDKN2AIP/DAB2",31
"GO:0007009","plasma membrane organization","25/1388","173/18986",0.144508670520231,1.97668704502674,3.62424733406178,0.000814759570167111,0.0123122060646534,0.00980687394671303,"CAV2/SPTBN1/TLCD2/CAV1/COL5A1/GSN/ATP10A/EPB41L3/SH3GLB1/AR/BIN1/VMP1/SMPD1/MTSS1/AHNAK/SOD1/ANO6/EHD2/CHMP4B/MYOF/PLSCR1/PTEN/WHAMM/SYTL4/EMP2",25
"GO:0035296","regulation of tube diameter","23/1388","154/18986",0.149350649350649,2.04291889666529,3.64948053229439,0.000818372976135785,0.0123122060646534,0.00980687394671303,"LEP/ATP1A2/AGTR1/ITGB1BP1/NPR1/CAV1/GCLC/MKKS/ADRB1/COMP/ACTA2/MIR21/PIK3C2A/EGFR/PRKG1/MMP2/ADRA2A/SVEP1/BMPR2/EDNRB/SOD1/KCNMA1/RHOA",23
"GO:0097746","blood vessel diameter maintenance","23/1388","154/18986",0.149350649350649,2.04291889666529,3.64948053229439,0.000818372976135785,0.0123122060646534,0.00980687394671303,"LEP/ATP1A2/AGTR1/ITGB1BP1/NPR1/CAV1/GCLC/MKKS/ADRB1/COMP/ACTA2/MIR21/PIK3C2A/EGFR/PRKG1/MMP2/ADRA2A/SVEP1/BMPR2/EDNRB/SOD1/KCNMA1/RHOA",23
"GO:0009895","negative regulation of catabolic process","44/1388","367/18986",0.119891008174387,1.63995005850066,3.47671680171691,0.00082190837350658,0.0123329400822497,0.00982338893159129,"NQO1/CIDEC/ACACB/TIMP4/LEP/SERPINE2/BCL2/PDE3B/PIK3CA/FXR1/PML/LRPPRC/FMC1/LEPR/CSDE1/MIR21/EGFR/MYCBP2/HIPK2/GPLD1/CIDEA/FEZ2/ZKSCAN3/PLIN5/ADRA2A/MAP1A/PAIP1/TARDBP/PFKFB1/WNK1/ZDHHC7/RRAGD/WAC/MET/QKI/PSMF1/TAB3/USP36/BECN1/NRBP2/VPS35/MCL1/RRAGC/HP",44
"GO:0009064","glutamine family amino acid metabolic process","14/1388","74/18986",0.189189189189189,2.58785730975933,3.84350083760684,0.000837069562356823,0.0124948477493315,0.00995235104234057,"FAH/GCLC/ALDH4A1/GLUD1/GFPT1/MIR21/ASS1/UCP2/ADHFE1/PYCR1/NIT2/ASNSD1/GLS/RIMKLB",14
"GO:2000379","positive regulation of reactive oxygen species metabolic process","14/1388","74/18986",0.189189189189189,2.58785730975933,3.84350083760684,0.000837069562356823,0.0124948477493315,0.00995235104234057,"AKR1C1/CD36/LEP/AGTR1/AKR1C3/DCXR/EGFR/GADD45A/THBS1/SOD1/RAB27A/CYP1B1/CDKN1A/SLC5A3",14
"GO:0001541","ovarian follicle development","12/1388","58/18986",0.206896551724138,2.83007055550035,3.92010630068362,0.000848372808216578,0.0125775203140424,0.0100182010952648,"BCL2/ANG/LFNG/TNFAIP6/MMP2/INHBA/KDR/SOD1/MMP14/KITLG/PTX3/ZP3",12
"GO:0071230","cellular response to amino acid stimulus","16/1388","91/18986",0.175824175824176,2.40504164423473,3.77315652433759,0.00085241530491795,0.0125775203140424,0.0100182010952648,"COL1A1/COL1A2/COL3A1/COL5A2/GCLC/EGFR/ASS1/BCL2L2/MMP2/COL16A1/LAMTOR1/NTRK2/RRAGD/DNMT3A/SESN1/RRAGC",16
"GO:0097581","lamellipodium organization","16/1388","91/18986",0.175824175824176,2.40504164423473,3.77315652433759,0.00085241530491795,0.0125775203140424,0.0100182010952648,"ARHGEF6/ABLIM1/PIK3CA/KANK1/AUTS2/PDPN/FSCN1/WASF3/ABLIM2/SLIT2/ABLIM3/VCL/WHAMM/ENPP2/PIK3R1/ARHGEF7",16
"GO:0000305","response to oxygen radical","8/1388","29/18986",0.275862068965517,3.7734274073338,4.19758378952554,0.000855713114709122,0.0125775203140424,0.0100182010952648,"NQO1/CD36/FBLN5/UCP2/PRDX2/PRDX1/SOD1/DHFR",8
"GO:0006518","peptide metabolic process","13/1388","66/18986",0.196969696969697,2.69428434197887,3.87227396380373,0.000855808186489854,0.0125775203140424,0.0100182010952648,"LVRN/AEBP1/MME/ERAP1/GCLC/PCSK5/ENPEP/CPD/DNPEP/DMD/LNPEP/LANCL1/CPM",13
"GO:0090303","positive regulation of wound healing","13/1388","66/18986",0.196969696969697,2.69428434197887,3.87227396380373,0.000855808186489854,0.0125775203140424,0.0100182010952648,"CD36/DDR2/KANK1/MYLK/PRDX2/ADRA2A/THBS1/ANO6/SMOC2/FERMT2/SERPINE1/INSL3/ENPP4",13
"GO:1902903","regulation of supramolecular fiber organization","47/1388","400/18986",0.1175,1.60724423631124,3.44721846785491,0.000861265899297011,0.0126252747340539,0.0100562382735732,"LIMCH1/CRYAB/CLASP2/SPTBN1/AEBP1/ITGB1BP1/MKKS/GSN/SPTAN1/PIK3CA/EPS8/KANK1/HAUS7/MIR21/CFL2/SLAIN2/TPM1/PHLDB2/BIN1/CLIP1/CDC42EP4/TGFB3/DSTN/SYNPO/MTSS1/WDR1/CGNL1/PFDN1/MAP1A/WASF3/TNXB/ELN/CXCL12/LIMA1/PRKD1/SLIT2/MET/ADD2/SHANK3/BAG4/ARHGEF15/WHAMM/RHPN1/FERMT2/PIK3R1/ARHGEF7/RHOA",47
"GO:0090504","epiboly","10/1388","43/18986",0.232558139534884,3.18108705850814,4.02115881791523,0.000871386719682255,0.0127409664358656,0.0101483886104333,"CLASP2/COL5A1/PHLDB2/PDPN/DDR1/CD151/CEACAM1/PTEN/FERMT2/RHOA",10
"GO:0071229","cellular response to acid chemical","17/1388","100/18986",0.17,2.32537463976945,3.73196052061094,0.000884817999972226,0.0129043482291868,0.0102785248868954,"COL1A1/COL1A2/COL3A1/COL5A2/GCLC/PIK3CA/EGFR/ASS1/BCL2L2/MMP2/COL16A1/LAMTOR1/NTRK2/RRAGD/DNMT3A/SESN1/RRAGC",17
"GO:0035150","regulation of tube size","23/1388","155/18986",0.148387096774194,2.02973877475132,3.61513567511815,0.000895961897187298,0.0130250584829162,0.0103746725826198,"LEP/ATP1A2/AGTR1/ITGB1BP1/NPR1/CAV1/GCLC/MKKS/ADRB1/COMP/ACTA2/MIR21/PIK3C2A/EGFR/PRKG1/MMP2/ADRA2A/SVEP1/BMPR2/EDNRB/SOD1/KCNMA1/RHOA",23
"GO:0048144","fibroblast proliferation","18/1388","109/18986",0.165137614678899,2.25886365439019,3.70163704701815,0.000900478280722271,0.0130250584829162,0.0103746725826198,"GNG2/COL3A1/CAV1/CDC73/DDR2/PML/LIG4/CKS1B/PDGFA/FN1/EGFR/RRN3/TRIM32/PRDX1/FBLN1/RNASEH2B/FOSL2/CDKN1A",18
"GO:0046822","regulation of nucleocytoplasmic transport","19/1388","118/18986",0.161016949152542,2.20249841254335,3.67985713957992,0.000902208004064162,0.0130250584829162,0.0103746725826198,"CD36/LEP/CAMK1/EPM2A/IFI27/MDFIC/CHP1/UBR5/TARDBP/ANGPT1/UHMK1/PPM1A/PTPN11/PRKD1/WNK1/TXN/PIK3R1/YWHAE/APOD",19
"GO:1904659","D-glucose transmembrane transport","19/1388","118/18986",0.161016949152542,2.20249841254335,3.67985713957992,0.000902208004064162,0.0130250584829162,0.0103746725826198,"SORBS1/ACACB/LEP/ADIPOQ/ARPP19/GPC3/FABP5/HK2/ITLN1/RPS6KB1/KLF15/PTPN11/RHOQ/ZDHHC7/SORT1/NR4A3/PIK3R1/SLC5A3/SGCB",19
"GO:0042448","progesterone metabolic process","6/1388","17/18986",0.352941176470588,4.82776741820648,4.43420901896323,0.000925358826876033,0.0132921517920861,0.0105874167814486,"AKR1C1/AKR1C2/DHRS9/AKR1C3/EGR1/SCP2",6
"GO:1902033","regulation of hematopoietic stem cell proliferation","6/1388","17/18986",0.352941176470588,4.82776741820648,4.43420901896323,0.000925358826876033,0.0132921517920861,0.0105874167814486,"EIF2AK2/CEBPA/N4BP2L2/PDCD2/ATXN1L/KITLG",6
"GO:0019430","removal of superoxide radicals","7/1388","23/18986",0.304347826086957,4.16307480265631,4.26273402136959,0.000950130293717721,0.0136137716520908,0.0108435922717923,"NQO1/CD36/FBLN5/PRDX2/PRDX1/SOD1/DHFR",7
"GO:0045667","regulation of osteoblast differentiation","23/1388","156/18986",0.147435897435897,2.01672762875933,3.58104799436637,0.000979830583854691,0.0140042286197432,0.0111545976467247,"CTHRC1/BMPR1A/FGF2/PPARG/LIMD1/DDR2/RUNX2/CEBPA/MIR21/SFRP2/NOTCH1/TNFAIP6/TWIST1/WWTR1/BMPR2/CRIM1/PRKD1/HOXA2/IGFBP5/TWIST2/BMP6/PTEN/FERMT2",23
"GO:0031100","animal organ regeneration","13/1388","67/18986",0.194029850746269,2.65407114284485,3.8089991418269,0.000991972307884712,0.0140499411559657,0.0111910084311256,"SULF2/LPIN1/TGFBR3/ANXA3/EGFR/NOTCH1/UCP2/CCND1/GUCD1/PFKFB1/CXCL12/NR4A3/CDKN1A",13
"GO:0050994","regulation of lipid catabolic process","13/1388","67/18986",0.194029850746269,2.65407114284485,3.8089991418269,0.000991972307884712,0.0140499411559657,0.0111910084311256,"CIDEC/PNPLA2/ACACB/PDE3B/FMC1/GPLD1/CIDEA/SCARB1/TWIST1/PLIN5/ADRA2A/IDH1/ABHD5",13
"GO:0034446","substrate adhesion-dependent cell spreading","17/1388","101/18986",0.168316831683168,2.30235112848461,3.68551904792158,0.000992859231591772,0.0140499411559657,0.0111910084311256,"ITGB1BP1/FZD4/NTN4/KANK1/FN1/PDPN/ANTXR1/TYRO3/FBLN1/LIMS1/FERMT2/POSTN/PIK3R1/ARHGEF7/P4HB/RHOA/DAB2",17
"GO:0048661","positive regulation of smooth muscle cell proliferation","17/1388","101/18986",0.168316831683168,2.30235112848461,3.68551904792158,0.000992859231591772,0.0140499411559657,0.0111910084311256,"RBPMS2/BMPR1A/FGF2/PIK3CA/DDR2/JUN/MIR21/EGFR/RPS6KB1/STAT1/MMP2/THBS1/ZNF143/IGFBP5/NR4A3/PIK3R1/ADAMTS1",17
"GO:0009306","protein secretion","44/1388","371/18986",0.118598382749326,1.62226865625267,3.39939583299636,0.00102598508847105,0.0144828561747876,0.011535832339768,"RBP4/LEP/ACVR1C/PPARG/HADH/COPG2/NR1H3/SAA1/TTN/NNAT/SNCG/SCG2/PCSK5/GLUD1/COMP/ANG/PCK2/SOX4/EGFR/GPLD1/PDE8B/UCP2/TGFB3/SIRT3/TCF7L2/ADRA2A/CD200/EDNRB/SMAD2/TARDBP/PTPN11/VPS13A/VSNL1/RAB27A/SLC12A2/FRMD4A/SIDT2/BMP6/NADK/SRI/VPS35/RAF1/SYTL4/KCNB1",44
"GO:0010828","positive regulation of D-glucose transmembrane transport","10/1388","44/18986",0.227272727272727,3.10878962536023,3.93291948446839,0.00105482217260826,0.0148167527292419,0.011801786418475,"SORBS1/ADIPOQ/ARPP19/GPC3/ITLN1/KLF15/PTPN11/RHOQ/NR4A3/PIK3R1",10
"GO:0050892","intestinal absorption","10/1388","44/18986",0.227272727272727,3.10878962536023,3.93291948446839,0.00105482217260826,0.0148167527292419,0.011801786418475,"AKR1C1/CD36/LEP/ACO1/VDR/TJP2/SCARB1/ADRA2A/LIMA1/HEPH",10
"GO:0019336","phenol-containing compound catabolic process","5/1388","12/18986",0.416666666666667,5.69944764649376,4.57326500293273,0.00106232559448854,0.0148855770188505,0.0118566060932855,"MAOA/FAH/MAOB/PDE1B/MOXD1",5
"GO:0120255","olefinic compound biosynthetic process","8/1388","30/18986",0.266666666666667,3.647646493756,4.07582616848814,0.00109291693174924,0.0152767875276539,0.0121682116760963,"DKK3/AKR1C3/EGR1/PRKG1/INHBA/SCP2/BMP6/DAB2",8
"GO:0007006","mitochondrial membrane organization","19/1388","120/18986",0.158333333333333,2.16579010566763,3.597820152901,0.00111016978568034,0.0154217168403989,0.0122836502493147,"BOK/HK2/GCLC/BCL2/ACAA2/CHCHD10/BNIP3/OMA1/BCL2L2/TIMM22/TOMM7/GHITM/PEX5/BCL2L11/AGK/TOMM70/APOOL/TMEM126A/TOMM20",19
"GO:0015908","fatty acid transport","19/1388","120/18986",0.158333333333333,2.16579010566763,3.597820152901,0.00111016978568034,0.0154217168403989,0.0122836502493147,"FABP4/CD36/LEP/PPARG/FABP5/NMB/ACSL5/CPT1B/ACSL1/PLA2G2A/RPS6KB1/RBP7/UCP2/THBS1/PLIN2/PLA2G12A/SLC27A3/ABCD3/PLA2G4A",19
"GO:0046326","positive regulation of D-glucose import","9/1388","37/18986",0.243243243243243,3.32724511254771,3.97940570448377,0.0011113778796999,0.0154217168403989,0.0122836502493147,"SORBS1/ADIPOQ/ARPP19/GPC3/ITLN1/KLF15/PTPN11/RHOQ/PIK3R1",9
"GO:0032964","collagen biosynthetic process","11/1388","52/18986",0.211538461538462,2.89356572821991,3.83998251813606,0.00113764965614775,0.0157100074497505,0.012513278445195,"COL1A1/COL5A1/DDR2/NOTCH1/TGFB3/PCOLCE/INHBA/CREB3L1/RUNX1/P3H4/FOSL2",11
"GO:0042572","retinol metabolic process","11/1388","52/18986",0.211538461538462,2.89356572821991,3.83998251813606,0.00113764965614775,0.0157100074497505,0.012513278445195,"RBP4/DGAT2/RETSAT/PNPLA2/ADH1C/RDH5/ADH1B/DHRS9/AKR1C3/LIPE/CYP1B1",11
"GO:0046324","regulation of D-glucose import","12/1388","60/18986",0.2,2.735734870317,3.78179490848428,0.0011626884958779,0.0160170846528529,0.0127578704709393,"SORBS1/LEP/ADIPOQ/ARPP19/GPC3/HK2/ITLN1/RPS6KB1/KLF15/PTPN11/RHOQ/PIK3R1",12
"GO:0046474","glycerophospholipid biosynthetic process","27/1388","197/18986",0.137055837563452,1.87474217001419,3.46600927625995,0.00117050994713734,0.0160860705956351,0.0128128189051522,"GPAM/CRLS1/FABP5/LPIN1/PIK3CA/PIGP/PDGFA/UVRAG/PIK3C2A/SACM1L/PISD/CDS2/SYNJ2/PIK3R3/BPNT1/GPAT3/PIGF/CHPT1/PTDSS2/IMPA2/DPM3/ABHD5/BECN1/PLSCR1/PTEN/PLA2G4A/PIK3R1",27
"GO:0031329","regulation of cellular catabolic process","53/1388","472/18986",0.11228813559322,1.53595284032628,3.31143186510421,0.00119591172259412,0.0163791089389487,0.0130462287489559,"GPD1/PNPLA2/ACACB/TIMP4/LEP/DAPK2/EPM2A/BOK/HK2/BCL2/PIK3CA/BNIP3/SH3GLB1/LEPR/MIR21/CALCOCO2/UVRAG/PIK3C2A/ORMDL3/GPLD1/SCARB1/TRIM32/TWIST1/FEZ2/ZKSCAN3/PLIN5/ADRA2A/ZBTB20/TOMM7/SH3D19/KDR/IDH1/PFKFB1/ATP6V0E2/CISD1/PRKD1/WNK1/STUB1/CHMP4B/RRAGD/WAC/MET/ABHD5/TAB3/USP36/BECN1/NRBP2/SESN1/ATP6V1H/VPS35/MCL1/RRAGC/HP",53
"GO:0022411","cellular component disassembly","51/1388","450/18986",0.113333333333333,1.5502497598463,3.31761881455857,0.00119756297647027,0.0163791089389487,0.0130462287489559,"PNPLA2/ACVR1C/FAP/ASPH/CLASP2/SPTBN1/BOK/LPIN1/GSN/SPTAN1/PIK3CA/DDR2/EPS8/BNIP3/CFL2/CALCOCO2/UVRAG/PRICKLE1/TSG101/ADAMTS5/PDPN/TGFB3/VMP1/CIDEA/DSTN/MMP2/FSCN1/SNAPIN/WDR1/MAP1A/CALM1/DDR1/BLCAP/OGFOD1/PEX5/CTSK/LIMA1/PLIN2/WNK1/CHMP4B/SMARCB1/ADD2/BECN1/MMP14/ATAD2B/KLHDC10/RRP7A/LAMP2/PIK3R1/GSPT1/PELO",51
"GO:0035592","establishment of protein localization to extracellular region","44/1388","374/18986",0.117647058823529,1.60925580606883,3.34200682823365,0.0012071435754819,0.0164707394296659,0.0131192139367785,"RBP4/LEP/ACVR1C/PPARG/HADH/COPG2/NR1H3/SAA1/TTN/NNAT/SNCG/SCG2/PCSK5/GLUD1/COMP/ANG/PCK2/SOX4/EGFR/GPLD1/PDE8B/UCP2/TGFB3/SIRT3/TCF7L2/ADRA2A/CD200/EDNRB/SMAD2/TARDBP/PTPN11/VPS13A/VSNL1/RAB27A/SLC12A2/FRMD4A/SIDT2/BMP6/NADK/SRI/VPS35/RAF1/SYTL4/KCNB1",44
"GO:0008645","hexose transmembrane transport","19/1388","121/18986",0.15702479338843,2.14789101388525,3.5574050200434,0.00122865037664002,0.0167242719125024,0.0133211567151497,"SORBS1/ACACB/LEP/ADIPOQ/ARPP19/GPC3/FABP5/HK2/ITLN1/RPS6KB1/KLF15/PTPN11/RHOQ/ZDHHC7/SORT1/NR4A3/PIK3R1/SLC5A3/SGCB",19
"GO:0034766","negative regulation of monoatomic ion transmembrane transport","17/1388","103/18986",0.16504854368932,2.25764528132957,3.594261397593,0.00124287467739778,0.0168777067237128,0.0134433700573141,"ATP1A2/NEDD4L/CAV1/BCL2/KCNAB1/EPHB2/SESTD1/GEM/KCNE3/STK39/BIN1/UCP2/ADRA2A/CALM1/TMBIM6/SRI/YWHAE",17
"GO:1900407","regulation of cellular response to oxidative stress","7/1388","24/18986",0.291666666666667,3.98961335254563,4.11573071019825,0.00125750644306616,0.0169956603664521,0.0135373220671997,"CD36/AIFM2/OXR1/NCOA7/FADS2/FBLN5/DHFR",7
"GO:1901661","quinone metabolic process","7/1388","24/18986",0.291666666666667,3.98961335254563,4.11573071019825,0.00125750644306616,0.0169956603664521,0.0135373220671997,"NQO1/GPD1/AIFM2/NQO2/CRYZL1/COQ8A/NDUFA9",7
"GO:0003176","aortic valve development","10/1388","45/18986",0.222222222222222,3.03970541146334,3.84716337914753,0.00126865063089214,0.017105838813232,0.0136250810060561,"CDH11/HEY1/NOTCH1/ADAMTS5/TWIST1/BMPR2/SMAD2/ELN/SLIT2/RHOA",10
"GO:0016125","sterol metabolic process","23/1388","159/18986",0.144654088050314,1.97867616406576,3.48028964267023,0.00127333169641988,0.0171285583727822,0.0136431775076468,"CES1/GNAI1/LEP/OSBPL1A/CYP21A2/VLDLR/ACAA2/CAT/CEBPA/APOB/GPR146/ERLIN2/LEPR/SCARB1/SMPD1/DHCR24/LIPA/LIPE/SC5D/LIMA1/QKI/CYP1B1/FDFT1",23
"GO:0010715","regulation of extracellular matrix disassembly","6/1388","18/18986",0.333333333333333,4.559558117195,4.2431652655027,0.00130277144205699,0.0174424925860418,0.0138932312543783,"FAP/CLASP2/DDR2/PDPN/FSCN1/DDR1",6
"GO:0010755","regulation of plasminogen activation","6/1388","18/18986",0.333333333333333,4.559558117195,4.2431652655027,0.00130277144205699,0.0174424925860418,0.0138932312543783,"SERPINE2/CLEC3B/THBS1/RUNX1/SERPINE1/PLAUR",6
"GO:0001822","kidney development","39/1388","322/18986",0.12111801242236,1.65673385003669,3.33797709136644,0.00130583011009394,0.0174425951855305,0.0138933129765529,"BASP1/SULF2/WNT11/FGF2/ADIPOQ/GPC3/AGTR1/CFLAR/MME/BCL2/CAT/PCSK5/ENPEP/ACTA2/CYP26B1/PDGFA/EGR1/SOX4/KIF26B/NOTCH1/ASS1/STAT1/GLIS2/MTSS1/HOXB7/WWTR1/WDPCP/EDNRB/KLF15/SMAD2/SDC1/ANGPT1/BCL2L11/SLIT2/BMP6/CD24/ACAT1/ADAMTS1/RHOA",39
"GO:0050810","regulation of steroid biosynthetic process","15/1388","86/18986",0.174418604651163,2.38581529388111,3.6173626538448,0.00132962805209251,0.0177190759296338,0.0141135344211807,"CES1/GNAI1/LEP/DKK3/AKR1C3/NR3C1/APOB/GPR146/ERLIN2/EGR1/PRKG1/PDE8B/QKI/BMP6/DAB2",15
"GO:0015718","monocarboxylic acid transport","25/1388","179/18986",0.139664804469274,1.91042937871299,3.4370147338656,0.00133687386727697,0.0177637007062941,0.0141490787872602,"CES1/SLC16A7/AKR1C1/FABP4/CD36/ACACB/LEP/PPARG/FABP5/NMB/ACSL5/CPT1B/ACSL1/PLA2G2A/RPS6KB1/RBP7/UCP2/MPC1/THBS1/PLIN2/PLA2G12A/SLC27A3/CEACAM1/ABCD3/PLA2G4A",25
"GO:0060324","face development","11/1388","53/18986",0.207547169811321,2.83897014844217,3.76505455960254,0.0013422981817595,0.0177637007062941,0.0141490787872602,"COL1A1/ASPH/MKKS/PRICKLE1/CRISPLD2/CRISPLD1/TGFB3/MMP2/ANKRD11/PTPN11/RAF1",11
"GO:1903170","negative regulation of calcium ion transmembrane transport","11/1388","53/18986",0.207547169811321,2.83897014844217,3.76505455960254,0.0013422981817595,0.0177637007062941,0.0141490787872602,"ATP1A2/BCL2/SESTD1/GEM/BIN1/UCP2/ADRA2A/CALM1/TMBIM6/SRI/YWHAE",11
"GO:2001242","regulation of intrinsic apoptotic signaling pathway","26/1388","189/18986",0.137566137566138,1.88172239757254,3.42126631465989,0.00135380600210149,0.0178746164295941,0.01423742497895,"DAPK2/FGF2/BOK/CAV1/BCL2/MUC1/MIR21/SFRP2/RRN3/URI1/MMP2/TRIM32/PYCR1/SOD1/BCL2L11/TAF9B/CXCL12/BCAP31/FCGR2B/CREB3L1/BCLAF1/BECN1/TMBIM6/PLAUR/MCL1/P4HB",26
"GO:0010742","macrophage derived foam cell differentiation","9/1388","38/18986",0.236842105263158,3.23968603063856,3.88119647814393,0.00136310263327984,0.0179146155274962,0.0142692849160765,"CD36/LPL/PPARG/ADIPOQ/AGTR1/NR1H3/APOB/PLA2G2A/MSR1",9
"GO:0071398","cellular response to fatty acid","9/1388","38/18986",0.236842105263158,3.23968603063856,3.88119647814393,0.00136310263327984,0.0179146155274962,0.0142692849160765,"AKR1C1/AKR1C2/DGAT2/LPL/AKR1C3/ASS1/KCNK2/PDK3/PDK4",9
"GO:0098868","bone growth","8/1388","31/18986",0.258064516129032,3.52998047782839,3.95917318764281,0.00137978911320588,0.0179931098138036,0.0143318069017638,"LEP/DDR2/BNC2/COMP/LEPR/THBS3/EVC/FOSL2",8
"GO:0150117","positive regulation of cell-substrate junction organization","8/1388","31/18986",0.258064516129032,3.52998047782839,3.95917318764281,0.00137978911320588,0.0179931098138036,0.0143318069017638,"ITGB1BP1/THY1/COL16A1/PTPRJ/KDR/LIMS1/FERMT2/PIK3R1",8
"GO:1903055","positive regulation of extracellular matrix organization","8/1388","31/18986",0.258064516129032,3.52998047782839,3.95917318764281,0.00137978911320588,0.0179931098138036,0.0143318069017638,"CLASP2/CFLAR/DDR2/PHLDB2/PDPN/FSCN1/TNXB/RUNX1",8
"GO:0042063","gliogenesis","42/1388","355/18986",0.11830985915493,1.61832203596217,3.30277656993146,0.0013816643708693,0.0179931098138036,0.0143318069017638,"CDKN2B/ASPA/TNFRSF21/SERPINE2/NFIA/FGF2/APCDD1/VCAN/EPM2A/BOK/COL3A1/TPPP/NR3C1/BNIP3/SYNE2/LEPR/SOX4/EGFR/NOTCH1/BIN1/WDR1/CNTN1/NTRK2/PFKFB3/WASF3/KLF15/PTPRJ/RTN4/SOD1/PLPP3/PTPN11/VPS13A/SUN2/ORC3/SOCS7/METTL3/QKI/MMP14/PTEN/RRAS2/RAF1/RHOA",42
"GO:0010827","regulation of D-glucose transmembrane transport","14/1388","78/18986",0.179487179487179,2.45514667848962,3.6165931381736,0.00142984769469448,0.0184942064944985,0.0147309386216917,"SORBS1/LEP/ADIPOQ/ARPP19/GPC3/FABP5/HK2/ITLN1/RPS6KB1/KLF15/PTPN11/RHOQ/NR4A3/PIK3R1",14
"GO:0035924","cellular response to vascular endothelial growth factor stimulus","14/1388","78/18986",0.179487179487179,2.45514667848962,3.6165931381736,0.00142984769469448,0.0184942064944985,0.0147309386216917,"ITGB1BP1/PIK3CA/MIR21/GAS1/NOTCH1/FLT1/RAMP2/TNXB/KDR/MYO1C/PRKD1/NR4A1/GAB1/SMOC2",14
"GO:0061045","negative regulation of wound healing","14/1388","78/18986",0.179487179487179,2.45514667848962,3.6165931381736,0.00142984769469448,0.0184942064944985,0.0147309386216917,"SERPINE2/FAP/FGF2/CLASP2/PDGFA/PRKG1/PHLDB2/CD109/THBS1/CEACAM1/SLC12A2/PTEN/SERPINE1/PLAUR",14
"GO:0015850","organic hydroxy compound transport","36/1388","292/18986",0.123287671232877,1.6864119063598,3.31965913063852,0.00143821397025633,0.0185604272414345,0.0147836845320872,"CES1/SLC16A7/RBP4/AKR1C1/CD36/SLC19A3/ACACB/AQP7/OSBPL1A/PPARG/ADIPOQ/AGTR1/NR1H3/ABCA8/CAV1/SNCG/MAOB/NMB/APOB/SCARB1/LAMTOR1/ADRA2A/LIPA/PTPN11/CXCL12/SCP2/CEACAM1/ABCD3/SDHD/BMP6/MSR1/TGM2/KPNA4/SLC5A3/KCNB1/DAB2",36
"GO:0046883","regulation of hormone secretion","33/1388","261/18986",0.126436781609195,1.72948756169466,3.33269529870029,0.00146240918578921,0.0188301651242273,0.0149985351771553,"RBP4/LEP/ACVR1C/PPARG/HADH/ADIPOQ/AGTR1/NNAT/NMB/GLUD1/CRHBP/PCK2/SOX4/EGFR/GPLD1/PDE8B/UCP2/SIRT3/TCF7L2/ADRA2A/INHBA/TARDBP/SCG5/PTPN11/PRKD1/VSNL1/SIDT2/BMP6/NADK/SRI/SYTL4/KCNB1/DAB2",33
"GO:0044091","membrane biogenesis","13/1388","70/18986",0.185714285714286,2.54032523672293,3.62589459871017,0.00151341904857268,0.0194389611164409,0.0154834511640672,"CAV2/PEX19/SPTBN1/TLCD2/CAV1/RFTN1/EPHB2/PEX11A/BROX/CHMP4B/PTEN/REEP3/EMP2",13
"GO:0021762","substantia nigra development","10/1388","46/18986",0.217391304347826,2.97362485904022,3.76375991283639,0.00151649058211171,0.0194389611164409,0.0154834511640672,"BASP1/FGF2/MAOB/NDRG2/GLUD1/CALM1/COX6B1/YWHAE/RHOA/ZNF148",10
"GO:0050708","regulation of protein secretion","34/1388","272/18986",0.125,1.70983429394813,3.31151322635315,0.00152070613180062,0.0194493891622017,0.0154917572734475,"RBP4/LEP/ACVR1C/PPARG/HADH/NR1H3/SAA1/TTN/NNAT/GLUD1/ANG/PCK2/SOX4/EGFR/GPLD1/PDE8B/UCP2/TGFB3/SIRT3/TCF7L2/ADRA2A/CD200/TARDBP/PTPN11/VSNL1/SLC12A2/FRMD4A/SIDT2/BMP6/NADK/SRI/VPS35/SYTL4/KCNB1",34
"GO:0003179","heart valve morphogenesis","12/1388","62/18986",0.193548387096774,2.64748535837129,3.64904581213803,0.00156786086180996,0.0199981788499392,0.0159288772552474,"BMPR1A/CDH11/HEY1/SOX4/NOTCH1/ADAMTS5/TWIST1/BMPR2/SMAD2/ELN/SLIT2/RHOA",12
"GO:0001836","release of cytochrome c from mitochondria","11/1388","54/18986",0.203703703703704,2.78639662717472,3.69185724189568,0.00157619384606523,0.0199981788499392,0.0159288772552474,"BOK/BCL2/IFI27/BNIP3/BCL2L2/TNFSF10/GHITM/BCL2L11/FAM162A/PLAUR/MCL1",11
"GO:0050873","brown fat cell differentiation","11/1388","54/18986",0.203703703703704,2.78639662717472,3.69185724189568,0.00157619384606523,0.0199981788499392,0.0159288772552474,"FABP4/LEP/EBF2/ADIPOQ/ADRB1/CEBPA/BNIP3/PEX11A/TFE3/ALDH6A1/LAMB3",11
"GO:0006694","steroid biosynthetic process","26/1388","191/18986",0.136125654450262,1.86201849812152,3.36264082394048,0.00157760690245279,0.0199981788499392,0.0159288772552474,"CES1/GNAI1/LEP/OSBPL1A/HINT2/CYP21A2/ACAA2/DKK3/AKR1C3/NR3C1/APOB/GPR146/ERLIN2/EGR1/PRKG1/PDE8B/DHCR24/INHBA/LIPA/SC5D/SCP2/ABCD3/QKI/BMP6/FDFT1/DAB2",26
"GO:0010595","positive regulation of endothelial cell migration","20/1388","133/18986",0.150375939849624,2.05694351151654,3.43522937525917,0.00159580538677001,0.0201841137083277,0.0160769774177155,"FGF2/ITGB1BP1/TGFBR3/STAT5A/ANXA3/MIR21/PIK3C2A/ETS1/ATOH8/GPLD1/SCARB1/THBS1/KDR/ANGPT1/PLPP3/PRKD1/GAB1/MET/SMOC2/LGMN",20
"GO:0003183","mitral valve morphogenesis","5/1388","13/18986",0.384615384615385,5.26102859676347,4.31605031381077,0.00162283774519312,0.0203936895629125,0.0162439080211667,"BMPR1A/SOX4/NOTCH1/TWIST1/BMPR2",5
"GO:0006086","acetyl-CoA biosynthetic process from pyruvate","5/1388","13/18986",0.384615384615385,5.26102859676347,4.31605031381077,0.00162283774519312,0.0203936895629125,0.0162439080211667,"PDHA1/DLD/PDHB/PDK3/PDK4",5
"GO:0014829","vascular associated smooth muscle contraction","7/1388","25/18986",0.28,3.8300288184438,3.97647833236705,0.00163749308875721,0.0203936895629125,0.0162439080211667,"MKKS/COMP/ACTA2/MIR21/PIK3C2A/EDNRB/RHOA",7
"GO:0071450","cellular response to oxygen radical","7/1388","25/18986",0.28,3.8300288184438,3.97647833236705,0.00163749308875721,0.0203936895629125,0.0162439080211667,"NQO1/CD36/FBLN5/PRDX2/PRDX1/SOD1/DHFR",7
"GO:0071451","cellular response to superoxide","7/1388","25/18986",0.28,3.8300288184438,3.97647833236705,0.00163749308875721,0.0203936895629125,0.0162439080211667,"NQO1/CD36/FBLN5/PRDX2/PRDX1/SOD1/DHFR",7
"GO:2000272","negative regulation of signaling receptor activity","7/1388","25/18986",0.28,3.8300288184438,3.97647833236705,0.00163749308875721,0.0203936895629125,0.0162439080211667,"PPARG/RAMP3/EPHB2/CRHBP/TSG101/PTPRJ/GPRC5A",7
"GO:0090092","regulation of transmembrane receptor protein serine/threonine kinase signaling pathway","39/1388","326/18986",0.119631901840491,1.63640582733686,3.25503381879791,0.00163994473634114,0.0203936895629125,0.0162439080211667,"CDKN2B/CAV2/RBPMS2/BMPR1A/PPARG/GPC3/CAV1/DKK3/NREP/CDKN1C/TGFBR3/GLCE/CHRDL1/MIR21/SFRP2/HIPK2/NOTCH1/PMEPA1/SFRP4/ATOH8/TGFB3/CIDEA/TNFAIP6/SNX25/BMPR2/CD109/THBS1/INHBA/SMAD2/KDR/LTBP4/CRIM1/PPM1A/STUB1/LOX/BMP6/PBLD/PELO/DAB2",39
"GO:0015749","monosaccharide transmembrane transport","19/1388","124/18986",0.153225806451613,2.09592590871061,3.43848032473834,0.00165074677697781,0.0203936895629125,0.0162439080211667,"SORBS1/ACACB/LEP/ADIPOQ/ARPP19/GPC3/FABP5/HK2/ITLN1/RPS6KB1/KLF15/PTPN11/RHOQ/ZDHHC7/SORT1/NR4A3/PIK3R1/SLC5A3/SGCB",19
"GO:0003180","aortic valve morphogenesis","9/1388","39/18986",0.230769230769231,3.15661715805808,3.78619963433479,0.00165874858260527,0.0203936895629125,0.0162439080211667,"CDH11/HEY1/NOTCH1/ADAMTS5/TWIST1/SMAD2/ELN/SLIT2/RHOA",9
"GO:0032350","regulation of hormone metabolic process","9/1388","39/18986",0.230769230769231,3.15661715805808,3.78619963433479,0.00165874858260527,0.0203936895629125,0.0162439080211667,"DKK3/AKR1C3/NR3C1/EGR1/PDE8B/TCF7L2/STUB1/BMP6/DAB2",9
"GO:0044743","protein transmembrane import into intracellular organelle","9/1388","39/18986",0.230769230769231,3.15661715805808,3.78619963433479,0.00165874858260527,0.0203936895629125,0.0162439080211667,"TOMM7/DNAJC19/PEX5/DNAJC15/PAM16/TOMM70/GRPEL2/TIMM23/TOMM20",9
"GO:0060323","head morphogenesis","9/1388","39/18986",0.230769230769231,3.15661715805808,3.78619963433479,0.00165874858260527,0.0203936895629125,0.0162439080211667,"COL1A1/ASPH/PRICKLE1/CRISPLD2/CRISPLD1/TGFB3/MMP2/ANKRD11/PTPN11",9
"GO:0090077","foam cell differentiation","9/1388","39/18986",0.230769230769231,3.15661715805808,3.78619963433479,0.00165874858260527,0.0203936895629125,0.0162439080211667,"CD36/LPL/PPARG/ADIPOQ/AGTR1/NR1H3/APOB/PLA2G2A/MSR1",9
"GO:0051170","import into nucleus","24/1388","172/18986",0.13953488372093,1.90865223510489,3.36193823144385,0.00167181923646343,0.0205102802035653,0.0163367743775487,"CD36/LEP/EPM2A/PML/MDFIC/PRICKLE1/CHP1/TXNIP/NOTCH1/KPNA5/UBR5/NFATC3/IPO9/TARDBP/ANGPT1/PRKD1/STK3/HTATIP2/NUP88/PIK3R1/CDKN1A/BCL3/KPNA4/APOD",24
"GO:0042632","cholesterol homeostasis","17/1388","106/18986",0.160377358490566,2.19374966015986,3.46125483743513,0.00171666670256977,0.0209180941244412,0.0166616048502311,"CES1/AKR1C1/DGAT2/FABP4/LPL/NEGR1/NR1H3/HSDL2/CAV1/APOB/ACOX1/GPIHBP1/SCARB1/LAMTOR1/LIMA1/MED13/CD24",17
"GO:1904063","negative regulation of cation transmembrane transport","16/1388","97/18986",0.164948453608247,2.25627618170474,3.4836529804861,0.00171753018092247,0.0209180941244412,0.0166616048502311,"ATP1A2/NEDD4L/CAV1/BCL2/KCNAB1/SESTD1/GEM/KCNE3/STK39/BIN1/UCP2/ADRA2A/CALM1/TMBIM6/SRI/YWHAE",16
"GO:0009141","nucleoside triphosphate metabolic process","34/1388","274/18986",0.124087591240876,1.69735375165653,3.26540231125021,0.00172121377030494,0.0209180941244412,0.0166616048502311,"GPD1/ATP1A2/ALDOC/SDHB/HK2/NDUFB6/NDUFB4/ENO2/SDHC/AK4/DNAJC30/NDUFS1/UCP2/SDHA/ZBTB20/PFKFB3/LIPA/NDUFB5/NDUFC2/NDUFB2/PFKFB1/NDUFB1/NDUFA2/RHOQ/NDUFB8/SDHD/NADK/NDUFS4/NDUFB10/NDUFA1/NDUFA9/GTPBP1/NDUFA12/AK3",34
"GO:0048762","mesenchymal cell differentiation","34/1388","274/18986",0.124087591240876,1.69735375165653,3.26540231125021,0.00172121377030494,0.0209180941244412,0.0166616048502311,"COL1A1/TMEM100/WNT11/BMPR1A/CLASP2/BCL2/SEMA3G/TGFBR3/MIR21/FN1/HEY1/SFRP2/NOTCH1/PHLDB2/STAT1/PDPN/TGFB3/FBXL17/TWIST1/TCF7L2/WWTR1/TNXB/EDNRB/RTN4/TAPT1/SMAD2/QKI/DACT3/PTEN/FERMT2/KITLG/USF3/EMP2/DAB2",34
"GO:0006734","NADH metabolic process","8/1388","32/18986",0.25,3.41966858789625,3.84723588226007,0.00172335531443271,0.0209180941244412,0.0166616048502311,"NQO1/GPD1/MDH1/HK2/ME1/PCK2/ENO2/MDH2",8
"GO:0010744","positive regulation of macrophage derived foam cell differentiation","6/1388","19/18986",0.315789473684211,4.31958137418474,4.06564237855522,0.00178726844312074,0.0216021431063874,0.0172064610769785,"CD36/LPL/AGTR1/APOB/PLA2G2A/MSR1",6
"GO:0055064","chloride ion homeostasis","6/1388","19/18986",0.315789473684211,4.31958137418474,4.06564237855522,0.00178726844312074,0.0216021431063874,0.0172064610769785,"KCNE3/STK39/SLC12A8/CA12/WNK1/SLC12A2",6
"GO:0043523","regulation of neuron apoptotic process","32/1388","254/18986",0.125984251968504,1.7232975561052,3.25919359791409,0.001812674803609,0.0218629996882545,0.017414237620281,"NQO1/FGF2/CFLAR/BOK/GCLC/BCL2/PIK3CA/OXR1/LIG4/NR3C1/STXBP1/EGR1/HIPK2/UCP2/TGFB3/CCND1/MMP2/PYCR1/NTRK2/KDR/SOD1/ANGPT1/TYRO3/BCL2L11/CASP6/FCGR2B/GBE1/NRBP2/LGMN/MCL1/RHOA/KCNB1",32
"GO:0071692","protein localization to extracellular region","44/1388","382/18986",0.115183246073298,1.57555411379513,3.1914133363892,0.00183435417353062,0.0219891938399337,0.0175147533306119,"RBP4/LEP/ACVR1C/PPARG/HADH/COPG2/NR1H3/SAA1/TTN/NNAT/SNCG/SCG2/PCSK5/GLUD1/COMP/ANG/PCK2/SOX4/EGFR/GPLD1/PDE8B/UCP2/TGFB3/SIRT3/TCF7L2/ADRA2A/CD200/EDNRB/SMAD2/TARDBP/PTPN11/VPS13A/VSNL1/RAB27A/SLC12A2/FRMD4A/SIDT2/BMP6/NADK/SRI/VPS35/RAF1/SYTL4/KCNB1",44
"GO:0034198","cellular response to amino acid starvation","11/1388","55/18986",0.2,2.735734870317,3.62031477319135,0.00184236904833448,0.0219891938399337,0.0175147533306119,"EIF2AK2/SH3GLB1/FAS/UCP2/TRIM32/PRKD1/RRAGD/BECN1/SESN1/CDKN1A/RRAGC",11
"GO:0034381","plasma lipoprotein particle clearance","11/1388","55/18986",0.2,2.735734870317,3.62031477319135,0.00184236904833448,0.0219891938399337,0.0175147533306119,"DGAT2/CD36/ADIPOQ/VLDLR/APOB/GPLD1/GPIHBP1/SCARB1/CNPY2/LIPA/MSR1",11
"GO:0042743","hydrogen peroxide metabolic process","11/1388","55/18986",0.2,2.735734870317,3.62031477319135,0.00184236904833448,0.0219891938399337,0.0175147533306119,"PRDX3/MAOB/CAT/ACOX1/GPX3/EGFR/PRDX2/PRDX1/SOD1/TXN/HP",11
"GO:0071385","cellular response to glucocorticoid stimulus","11/1388","55/18986",0.2,2.735734870317,3.62031477319135,0.00184236904833448,0.0219891938399337,0.0175147533306119,"PCK1/CFLAR/NR3C1/PCK2/EGFR/RPS6KB1/ASS1/BCL2L11/FBXO32/CYP1B1/ZNF764",11
"GO:0002062","chondrocyte differentiation","18/1388","116/18986",0.155172413793103,2.12255291662526,3.40579296637609,0.00186963328170218,0.0222218159490465,0.0177000406535586,"SULF2/BMPR1A/COL3A1/RUNX2/COMP/SFRP2/SOX5/COL11A1/GPLD1/TRPS1/BMPR2/MAF/PTPN11/EFEMP1/RUNX1/TRIP11/BMP6/FOSL2",18
"GO:0060840","artery development","18/1388","116/18986",0.155172413793103,2.12255291662526,3.40579296637609,0.00186963328170218,0.0222218159490465,0.0177000406535586,"LEP/WNT11/BMPR1A/COL3A1/COMP/APOB/MYLK/PRICKLE1/HEY1/SOX4/NOTCH1/FKBP10/PDE2A/NFATC3/BMPR2/RTN4/LOX/ADGRF5",18
"GO:0006094","gluconeogenesis","15/1388","89/18986",0.168539325842697,2.30539455363792,3.46664001169735,0.0018966726116224,0.0224964259764424,0.0179187720416652,"RBP4/PCK1/GPD1/LEP/ADIPOQ/ARPP19/ALDOC/NR3C1/LEPR/PCK2/ENO2/TCF7L2/PPP4R3B/PFKFB1/MDH2",15
"GO:0055092","sterol homeostasis","17/1388","107/18986",0.158878504672897,2.17324732688734,3.41790782294605,0.00190499176117431,0.0225483186307112,0.0179601053913916,"CES1/AKR1C1/DGAT2/FABP4/LPL/NEGR1/NR1H3/HSDL2/CAV1/APOB/ACOX1/GPIHBP1/SCARB1/LAMTOR1/LIMA1/MED13/CD24",17
"GO:0030336","negative regulation of cell migration","44/1388","383/18986",0.114882506527415,1.57144039548235,3.17283296240985,0.00192992566182962,0.0227556325691948,0.0181252343415919,"ACVR1C/LIMCH1/BMPR1A/FGF2/PPARG/CLASP2/ADIPOQ/COL3A1/ITGB1BP1/BCL2/CDH11/DPYSL3/KANK1/TGFBR3/MIR21/MMP28/THY1/SFRP2/GADD45A/TPM1/PRKG1/MMRN2/NOTCH1/PHLDB2/TNFAIP6/ABHD2/CD200/STARD13/THBS1/PTPRJ/STK24/CXCL12/IGFBP3/SLIT2/IGFBP5/SRGAP1/VCL/PTEN/RABGEF1/CYP1B1/DUSP1/SERPINE1/RHOA/APOD",44
"GO:2001236","regulation of extrinsic apoptotic signaling pathway","23/1388","164/18986",0.140243902439024,1.91835067125887,3.31715652142499,0.00193046734232281,0.0227556325691948,0.0181252343415919,"PPP2R1B/G0S2/CFLAR/CAV1/GCLC/BCL2/SCG2/PML/ACSL5/SFRP2/AR/RPS6KB1/PRDX2/TCF7L2/TNFRSF12A/THBS1/TNFSF10/INHBA/LGALS3/STK3/SERPINE1/RAF1/MCL1",23
"GO:0030032","lamellipodium assembly","13/1388","72/18986",0.180555555555556,2.46976064681396,3.50904993033498,0.00197383286326567,0.0232189351425717,0.0184942624355367,"ARHGEF6/ABLIM1/PIK3CA/AUTS2/FSCN1/WASF3/ABLIM2/SLIT2/ABLIM3/VCL/WHAMM/PIK3R1/ARHGEF7",13
"GO:0043542","endothelial cell migration","35/1388","287/18986",0.121951219512195,1.66813101848598,3.20303562735419,0.00199989034837493,0.0234727322219975,0.0186964159694284,"FAP/FGF2/PPARG/ITGB1BP1/PIK3CA/SCG2/TGFBR3/STAT5A/ANXA3/MIR21/PIK3C2A/GADD45A/MMRN2/NOTCH1/ETS1/ATOH8/GPLD1/SCARB1/STARD13/THBS1/PIK3R3/KDR/ANGPT1/PLPP3/PRKD1/SLIT2/NR4A1/CEACAM1/GAB1/MET/SMOC2/CYP1B1/LGMN/RHOA/EMP2",35
"GO:0060391","positive regulation of SMAD protein signal transduction","9/1388","40/18986",0.225,3.07770172910663,3.69422044497656,0.00200361961244268,0.0234727322219975,0.0186964159694284,"BMPR1A/TGFBR3/GLCE/ATOH8/TGFB3/BMPR2/INHBA/BMP6/DAB2",9
"GO:0033622","integrin activation","7/1388","26/18986",0.269230769230769,3.68272001773443,3.84424656045157,0.00210105994144154,0.0244638690126707,0.0194858726694739,"JAM3/ITGB1BP1/FN1/COL16A1/CXCL12/FERMT2/SELP",7
"GO:0046716","muscle cell cellular homeostasis","7/1388","26/18986",0.269230769230769,3.68272001773443,3.84424656045157,0.00210105994144154,0.0244638690126707,0.0194858726694739,"CAV1/CFL2/TRIM32/DMD/SOD1/LOX/LAMP2",7
"GO:0051894","positive regulation of focal adhesion assembly","7/1388","26/18986",0.269230769230769,3.68272001773443,3.84424656045157,0.00210105994144154,0.0244638690126707,0.0194858726694739,"ITGB1BP1/THY1/COL16A1/PTPRJ/KDR/LIMS1/FERMT2",7
"GO:0008637","apoptotic mitochondrial changes","17/1388","108/18986",0.157407407407407,2.1531246664532,3.37503690599816,0.00211034806932713,0.0245220729925675,0.0195322330935155,"AIFM2/BOK/HK2/GCLC/BCL2/ACAA2/IFI27/CHCHD10/BNIP3/BCL2L2/TNFSF10/GHITM/BCL2L11/FAM162A/VPS35/PLAUR/MCL1",17
"GO:0061383","trabecula morphogenesis","10/1388","48/18986",0.208333333333333,2.84972382324688,3.60353570645907,0.00212986129753069,0.0246486174857955,0.0196330278566328,"RBP4/COL1A1/BMPR1A/TGFBR3/HEY1/THBS3/NOTCH1/MMP2/ADAMTS1/RHOA",10
"GO:0120163","negative regulation of cold-induced thermogenesis","10/1388","48/18986",0.208333333333333,2.84972382324688,3.60353570645907,0.00212986129753069,0.0246486174857955,0.0196330278566328,"LAMA4/ADIPOQ/NR1H3/NOVA1/TFE3/NOTCH1/ADAMTS5/CIDEA/LNPEP/QKI",10
"GO:0010761","fibroblast migration","11/1388","56/18986",0.196428571428571,2.68688246191848,3.5503560325787,0.00214403084061509,0.0247125490237832,0.0196839503745775,"FGF2/ITGB1BP1/DDR2/PML/ACTA2/TNS1/WDPCP/THBS1/AKAP12/BAG4/ARHGEF7",11
"GO:1902895","positive regulation of miRNA transcription","11/1388","56/18986",0.196428571428571,2.68688246191848,3.5503560325787,0.00214403084061509,0.0247125490237832,0.0196839503745775,"BMPR1A/FGF2/PPARG/NR3C1/JUN/EGR1/EGFR/AR/ETS1/ATOH8/TEAD1",11
"GO:0061035","regulation of cartilage development","13/1388","73/18986",0.178082191780822,2.43592830918637,3.45209193795099,0.00224403153402921,0.0258131353723239,0.020560585441513,"LEP/WNT11/RUNX2/MIR21/SOX5/TRPS1/BMPR2/TAPT1/MAF/PTPN11/CTSK/EFEMP1/BMP6",13
"GO:0033673","negative regulation of kinase activity","23/1388","166/18986",0.13855421686747,1.89523801256901,3.25350235940198,0.00226446796268073,0.0259959103265979,0.0207061686885581,"ADIPOQ/PRDX3/ITGB1BP1/CAV1/CDKN1C/EPHB2/THY1/CHP1/GADD45A/TSG101/DNAJA3/SMPD1/WWTR1/YWHAG/PTPRJ/HIPK3/GPRC5A/CEACAM1/PTEN/DUSP1/PPP2R5A/AIDA/CDKN1A",23
"GO:0045833","negative regulation of lipid metabolic process","18/1388","118/18986",0.152542372881356,2.08657744346212,3.32511853764001,0.00227080797285538,0.0260164512641568,0.0207225298820217,"CIDEC/ACACB/FMO2/PDE3B/DKK3/AKR1C3/FMC1/ERLIN2/PDGFA/ORMDL3/GPLD1/PDE8B/CIDEA/PLIN5/ADRA2A/CEACAM1/PPP2R5A/APOD",18
"GO:0034219","carbohydrate transmembrane transport","20/1388","137/18986",0.145985401459854,1.99688676665475,3.28874601151154,0.00228971938718987,0.026180651473129,0.020853318039965,"SORBS1/ACACB/LEP/AQP7/ADIPOQ/ARPP19/GPC3/FABP5/HK2/ITLN1/RPS6KB1/KLF15/PTPN11/RHOQ/ZDHHC7/SORT1/NR4A3/PIK3R1/SLC5A3/SGCB",20
"GO:0001676","long-chain fatty acid metabolic process","17/1388","109/18986",0.155963302752294,2.13337122914629,3.33263170733504,0.00233391096504759,0.0266326726290959,0.0212133603000228,"MGLL/ACOT1/ACOT2/MGST3/AKR1C3/PTGIS/ACSL5/GPX4/ACSL1/FADS2/PTGR1/SCP2/SLC27A3/ABCD3/QKI/CYP1B1/PLA2G4A",17
"GO:2000146","negative regulation of cell motility","45/1388","398/18986",0.113065326633166,1.54658378347067,3.09492638703566,0.00235909734439032,0.0266793102304985,0.0212505079140028,"ACVR1C/LIMCH1/BMPR1A/FGF2/PPARG/CLASP2/ADIPOQ/COL3A1/ITGB1BP1/BCL2/CDH11/DPYSL3/KANK1/TGFBR3/MIR21/MMP28/THY1/SFRP2/GADD45A/TPM1/PRKG1/MMRN2/NOTCH1/PHLDB2/TNFAIP6/ABHD2/CD200/STARD13/THBS1/PTPRJ/FBLN1/STK24/CXCL12/IGFBP3/SLIT2/IGFBP5/SRGAP1/VCL/PTEN/RABGEF1/CYP1B1/DUSP1/SERPINE1/RHOA/APOD",45
"GO:0046887","positive regulation of hormone secretion","21/1388","147/18986",0.142857142857143,1.95409633594072,3.26129698855664,0.00236460303817651,0.0266793102304985,0.0212505079140028,"RBP4/LEP/PPARG/NNAT/NMB/GLUD1/PCK2/SOX4/EGFR/GPLD1/SIRT3/TCF7L2/INHBA/TARDBP/PTPN11/PRKD1/VSNL1/BMP6/NADK/SRI/DAB2",21
"GO:0071675","regulation of mononuclear cell migration","21/1388","147/18986",0.142857142857143,1.95409633594072,3.26129698855664,0.00236460303817651,0.0266793102304985,0.0212505079140028,"JAM3/MMP28/STK39/MED23/CD200/THBS1/PTPRJ/RTN4/ANO6/CXCL12/LGALS3/WNK1/SLIT2/MMP14/LGMN/DUSP1/SERPINE1/CD81/DOCK8/RHOA/APOD",21
"GO:0003174","mitral valve development","5/1388","14/18986",0.357142857142857,4.88524083985179,4.08407568909789,0.00237345009784406,0.0266793102304985,0.0212505079140028,"BMPR1A/SOX4/NOTCH1/TWIST1/BMPR2",5
"GO:0008212","mineralocorticoid metabolic process","5/1388","14/18986",0.357142857142857,4.88524083985179,4.08407568909789,0.00237345009784406,0.0266793102304985,0.0212505079140028,"CYP21A2/DKK3/EDNRB/BMP6/DAB2",5
"GO:0060837","blood vessel endothelial cell differentiation","5/1388","14/18986",0.357142857142857,4.88524083985179,4.08407568909789,0.00237345009784406,0.0266793102304985,0.0212505079140028,"TMEM100/HEY1/NOTCH1/LIPA/KDR",5
"GO:0097006","regulation of plasma lipoprotein particle levels","15/1388","91/18986",0.164835164835165,2.25472654147006,3.36949417523198,0.00237673553916984,0.0266793102304985,0.0212505079140028,"DGAT2/CD36/LPL/ADIPOQ/AGTR1/VLDLR/PCSK5/APOB/PLA2G2A/GPLD1/GPIHBP1/SCARB1/CNPY2/LIPA/MSR1",15
"GO:0040014","regulation of multicellular organism growth","12/1388","65/18986",0.184615384615385,2.52529372644646,3.45944552751407,0.00238765455218198,0.0266793102304985,0.0212505079140028,"GPAM/GHR/NPY1R/BCL2/MKKS/PIK3CA/ADRB1/STAT5A/SOD1/PEX5/LGMN/FOSL2",12
"GO:0071384","cellular response to corticosteroid stimulus","12/1388","65/18986",0.184615384615385,2.52529372644646,3.45944552751407,0.00238765455218198,0.0266793102304985,0.0212505079140028,"PCK1/CFLAR/AKR1C3/NR3C1/PCK2/EGFR/RPS6KB1/ASS1/BCL2L11/FBXO32/CYP1B1/ZNF764",12
"GO:0016055","Wnt signaling pathway","52/1388","476/18986",0.109243697478992,1.49430896277819,3.06737680530323,0.00238877687836525,0.0266793102304985,0.0212505079140028,"COL1A1/CTHRC1/SULF2/WNT11/FGF2/APCDD1/GPC3/EPM2A/FZD4/CAV1/LIMD1/CDC73/DKK3/VGLL4/NDRG2/KANK1/MDFIC/PRICKLE1/SFRP2/STRN/EGR1/SOX4/EGFR/NOTCH1/SFRP4/RBMS3/UBR5/CCND1/TCF7L2/DAAM1/WWTR1/BBIP1/EDNRB/KLF15/SDC1/TLE1/PLPP3/PPM1A/WNK1/ARHGEF19/DACT3/PTEN/MBD2/CD24/STK3/CTNND1/FERMT2/GPRC5B/JADE1/VPS35/RHOA/DAB2",52
"GO:0060348","bone development","28/1388","217/18986",0.129032258064516,1.7649902389142,3.18297751402875,0.0023905462170493,0.0266793102304985,0.0212505079140028,"COL1A1/LEP/BGN/GHR/SULF2/COL3A1/DDR2/RUNX2/BNC2/COMP/LEPR/CYP26B1/THBS3/SFRP4/TGFB3/TWIST1/BMPR2/EVC/TAPT1/LIPA/KDR/LOX/TRIP11/BMP6/MMP14/FOSL2/TGM2/RHOA",28
"GO:1902001","fatty acid transmembrane transport","6/1388","20/18986",0.3,4.1036023054755,3.89997270617809,0.0023968900999473,0.0266793102304985,0.0212505079140028,"CD36/ACSL5/CPT1B/ACSL1/THBS1/ABCD3",6
"GO:0072089","stem cell proliferation","19/1388","128/18986",0.1484375,2.0304282240634,3.28505989310187,0.00239932366783845,0.0266793102304985,0.0212505079140028,"WNT11/FGF2/LIG4/RUNX2/EIF2AK2/CEBPA/ANG/SFRP2/NOTCH1/N4BP2L2/CD109/PDCD2/KDR/ATXN1L/FBLN1/ETV6/RUNX1/FERMT2/KITLG",19
"GO:0010762","regulation of fibroblast migration","9/1388","41/18986",0.219512195121951,3.00263583327476,3.60508063811843,0.00240333125217889,0.0266793102304985,0.0212505079140028,"FGF2/ITGB1BP1/DDR2/ACTA2/WDPCP/THBS1/AKAP12/BAG4/ARHGEF7",9
"GO:0006606","protein import into nucleus","23/1388","167/18986",0.137724550898204,1.88388928195482,3.22200499406775,0.002449070854267,0.0271343761121016,0.0216129753479376,"CD36/LEP/EPM2A/PML/MDFIC/PRICKLE1/CHP1/TXNIP/NOTCH1/KPNA5/UBR5/NFATC3/IPO9/TARDBP/ANGPT1/PRKD1/STK3/NUP88/PIK3R1/CDKN1A/BCL3/KPNA4/APOD",23
"GO:0006584","catecholamine metabolic process","11/1388","57/18986",0.192982456140351,2.6397441731129,3.48191420351676,0.00248455759666655,0.0274212659848314,0.0218414878341383,"MAOA/ALDH2/NPR1/MAOB/PNKD/SULT1A1/PDE1B/EPAS1/SULT1A2/MOXD1/VPS35",11
"GO:0009712","catechol-containing compound metabolic process","11/1388","57/18986",0.192982456140351,2.6397441731129,3.48191420351676,0.00248455759666655,0.0274212659848314,0.0218414878341383,"MAOA/ALDH2/NPR1/MAOB/PNKD/SULT1A1/PDE1B/EPAS1/SULT1A2/MOXD1/VPS35",11
"GO:0035850","epithelial cell differentiation involved in kidney development","10/1388","49/18986",0.204081632653061,2.79156619420102,3.52649836243237,0.00250379525907725,0.0275273028772013,0.0219259479570207,"BASP1/ADIPOQ/ACTA2/NOTCH1/STAT1/MTSS1/WWTR1/EDNRB/KLF15/CD24",10
"GO:1905314","semi-lunar valve development","10/1388","49/18986",0.204081632653061,2.79156619420102,3.52649836243237,0.00250379525907725,0.0275273028772013,0.0219259479570207,"CDH11/HEY1/NOTCH1/ADAMTS5/TWIST1/BMPR2/SMAD2/ELN/SLIT2/RHOA",10
"GO:0016053","organic acid biosynthetic process","39/1388","334/18986",0.116766467065868,1.59721047817909,3.09247591583724,0.00253699883781124,0.0278388145024316,0.0221740720726769,"SCD/CES1/MGLL/ACACB/LPL/OSBPL1A/SHMT1/MTHFD1/FABP5/NR1H3/DHRS9/MGST3/AKR1C3/PTGIS/GLUD1/ERLIN2/GPX4/ACSS2/FADS2/ASS1/CSAD/PSPH/ABHD2/PYCR1/SCD5/ACSM5/HACD2/SCP2/SUCLA2/CEACAM1/ABCD3/QKI/ASNSD1/GLS/UGP2/CDO1/PDK4/PLA2G4A/MTHFD1L",39
"GO:0071260","cellular response to mechanical stimulus","13/1388","74/18986",0.175675675675676,2.40301035906223,3.39606805793154,0.00254387588864791,0.0278608016386975,0.0221915851871161,"COL1A1/ATP1A2/WNT11/FGF2/PIEZO2/GCLC/BNIP3/EGFR/GADD45A/FAS/PDE2A/MAP3K2/BMP6",13
"GO:0009636","response to toxic substance","33/1388","270/18986",0.122222222222222,1.67183797630483,3.12254201050065,0.00254923417731722,0.0278661028522419,0.0221958076905993,"MGST1/CES1/NQO1/CD36/AIFM2/PRDX3/BCL2/MGST3/MAOB/CAT/GPX3/PRDX6/GPX4/PTPN13/SNN/RPS6KB1/GLYAT/ASS1/FBLN5/PRDX2/PRDX1/SDC1/SOD1/SCN9A/GSTK1/DHFR/TXN/DNMT3A/SESN1/LANCL1/CYP1B1/CDKN1A/HP",33
"GO:0008203","cholesterol metabolic process","21/1388","148/18986",0.141891891891892,1.9408929823195,3.22717166615631,0.00257050379419415,0.0279915622693485,0.0222957381727998,"CES1/GNAI1/LEP/OSBPL1A/VLDLR/ACAA2/CAT/CEBPA/APOB/GPR146/ERLIN2/LEPR/SCARB1/SMPD1/DHCR24/LIPA/LIPE/SC5D/LIMA1/QKI/FDFT1",21
"GO:0034614","cellular response to reactive oxygen species","21/1388","148/18986",0.141891891891892,1.9408929823195,3.22717166615631,0.00257050379419415,0.0279915622693485,0.0222957381727998,"NQO1/CD36/PRDX3/CAT/DDR2/BNIP3/NET1/MIR21/TPM1/FBLN5/PRDX2/MMP2/PRDX1/SOD1/PEX5/DHFR/MET/ZNF277/TXN/BECN1/CYP1B1",21
"GO:0019218","regulation of steroid metabolic process","17/1388","110/18986",0.154545454545455,2.11397694524496,3.29068217088106,0.0025769059015497,0.0280079297322427,0.0223087751252832,"CES1/GNAI1/LEP/DKK3/AKR1C3/NR3C1/APOB/GPR146/ERLIN2/EGR1/PRKG1/PDE8B/SCP2/STUB1/QKI/BMP6/DAB2",17
"GO:1901889","negative regulation of cell junction assembly","8/1388","34/18986",0.235294117647059,3.21851161213765,3.6361519039433,0.00261094419975789,0.0283240379317189,0.0225605604876713,"CLASP2/ITGB1BP1/PTPN13/PHLDB2/THBS1/MMP14/PTEN/APOD",8
"GO:0043244","regulation of protein-containing complex disassembly","19/1388","129/18986",0.147286821705426,2.01468847038849,3.24757849846365,0.00262559328724061,0.0284290091347625,0.0226441717715369,"ASPH/CLASP2/SPTBN1/GSN/SPTAN1/PIK3CA/EPS8/BNIP3/CFL2/CALCOCO2/UVRAG/DSTN/WDR1/MAP1A/OGFOD1/LIMA1/WNK1/ADD2/GSPT1",19
"GO:0019319","hexose biosynthetic process","15/1388","92/18986",0.16304347826087,2.23021864428017,3.32187005618904,0.00265210357590629,0.0284758229897729,0.0226814597744046,"RBP4/PCK1/GPD1/LEP/ADIPOQ/ARPP19/ALDOC/NR3C1/LEPR/PCK2/ENO2/TCF7L2/PPP4R3B/PFKFB1/MDH2",15
"GO:0006515","protein quality control for misfolded or incompletely synthesized proteins","7/1388","27/18986",0.259259259259259,3.54632298004056,3.71839939223081,0.00265980225232443,0.0284758229897729,0.0226814597744046,"OMA1/UBR5/FBXL17/UBE2W/ZYG11B/STUB1/TMEM126A",7
"GO:0031639","plasminogen activation","7/1388","27/18986",0.259259259259259,3.54632298004056,3.71839939223081,0.00265980225232443,0.0284758229897729,0.0226814597744046,"SERPINE2/CLEC3B/DHCR24/THBS1/RUNX1/SERPINE1/PLAUR",7
"GO:0036296","response to increased oxygen levels","7/1388","27/18986",0.259259259259259,3.54632298004056,3.71839939223081,0.00265980225232443,0.0284758229897729,0.0226814597744046,"COL1A1/CAV1/CAT/BNIP3/FAS/MMP2/CDKN1A",7
"GO:0036344","platelet morphogenesis","7/1388","27/18986",0.259259259259259,3.54632298004056,3.71839939223081,0.00265980225232443,0.0284758229897729,0.0226814597744046,"C1GALT1C1/WDR1/PTPRJ/PTPN11/TPM4/MFAP2/MPL",7
"GO:0060343","trabecula formation","7/1388","27/18986",0.259259259259259,3.54632298004056,3.71839939223081,0.00265980225232443,0.0284758229897729,0.0226814597744046,"RBP4/COL1A1/TGFBR3/HEY1/THBS3/MMP2/ADAMTS1",7
"GO:0006605","protein targeting","39/1388","335/18986",0.116417910447761,1.59244268570691,3.07245875538534,0.00267450033316241,0.0285796605695131,0.0227641681087272,"PEX19/ITGB1BP1/PML/SH3GLB1/CHP1/MAN1A1/YWHAG/TIMM22/TOMM7/SRPRA/ZDHHC2/DNAJC19/PMPCB/MYO1C/PEX5/VPS13A/BCAP31/AGK/DNAJC15/ZDHHC7/PAM16/SORT1/TOMM70/CHMP4B/GET4/ABLIM3/BAG4/SEC63/USP36/BECN1/RABGEF1/LAMP2/GRPEL2/YWHAE/TIMM23/TOMM20/HOMER3/SEC62/KCNB1",39
"GO:0007266","Rho protein signal transduction","20/1388","139/18986",0.143884892086331,1.96815458296187,3.21735784761882,0.00272261106966791,0.0290394915770362,0.0231304310435651,"COL1A2/AGTR1/COL3A1/EPS8/KANK1/NET1/MIR21/ARHGAP29/PDPN/CDC42EP4/ADRA2A/STARD13/MCF2L/BCL6/MET/ARHGEF7/RAF1/DOCK8/ARHGAP5/RHOA",20
"GO:0007264","small GTPase-mediated signal transduction","53/1388","491/18986",0.107942973523422,1.47651678336865,3.00441662750547,0.00281191854439889,0.029936197985714,0.0238446723964904,"COL1A2/FGF2/FAM13A/AGTR1/COL3A1/EPS8/KANK1/NET1/EPHB2/PREX2/AUTS2/ITSN1/MIR21/CHP1/ARHGAP29/DNAJA3/MRAS/NOTCH1/RABL3/PDPN/CDC42EP4/ADRA2A/CGNL1/ARHGEF40/DHCR24/STARD13/RASA3/RAB15/RTN4/LIPA/RIT1/RAPGEF6/DENND4C/RHOQ/MCF2L/BCL6/SLIT2/ARHGEF19/BCAR3/MET/RABGEF1/ARHGEF15/RRAS2/KITLG/TGM2/ARHGEF7/CDKN1A/RAF1/DOCK8/ARHGAP5/RHOA/RRAGC/ABR",53
"GO:0007517","muscle organ development","42/1388","369/18986",0.113821138211382,1.55692228392025,3.03404002936282,0.00286124720138693,0.030166196349845,0.0240278698635518,"CAV2/FHL1/BASP1/CRYAB/NEGR1/ITGA7/BMPR1A/CFLAR/COL3A1/TTN/CAV1/BCL2/FXR1/TGFBR3/HLF/CYP26B1/MYLK/CFL2/COL6A3/EGR1/TPM1/RPS6KB1/NOTCH1/ASS1/COL11A1/TWIST1/EVC/DMD/VRK3/ELN/CD164/NR1D2/SGCD/NR4A1/FOXN2/LOX/ASNSD1/SRI/FLNB/SFMBT1/RHOA/SGCB",42
"GO:0046676","negative regulation of insulin secretion","9/1388","42/18986",0.214285714285714,2.93114450391107,3.51861664022321,0.00286379450898746,0.030166196349845,0.0240278698635518,"ACVR1C/HADH/PDE8B/UCP2/ADRA2A/PTPN11/VSNL1/SYTL4/KCNB1",9
"GO:0031638","zymogen activation","11/1388","58/18986",0.189655172413793,2.59423134254199,3.41492644196851,0.00286749446204845,0.030166196349845,0.0240278698635518,"SERPINE2/ASPH/CLEC3B/OMA1/DHCR24/THBS1/RUNX1/MMP14/LGMN/SERPINE1/PLAUR",11
"GO:0061005","cell differentiation involved in kidney development","11/1388","58/18986",0.189655172413793,2.59423134254199,3.41492644196851,0.00286749446204845,0.030166196349845,0.0240278698635518,"BASP1/ADIPOQ/ACTA2/NOTCH1/STAT1/GLIS2/MTSS1/WWTR1/EDNRB/KLF15/CD24",11
"GO:1990928","response to amino acid starvation","11/1388","58/18986",0.189655172413793,2.59423134254199,3.41492644196851,0.00286749446204845,0.030166196349845,0.0240278698635518,"EIF2AK2/SH3GLB1/FAS/UCP2/TRIM32/PRKD1/RRAGD/BECN1/SESN1/CDKN1A/RRAGC",11
"GO:0032386","regulation of intracellular transport","33/1388","272/18986",0.121323529411765,1.65954505000848,3.07690425089328,0.00286813309792387,0.030166196349845,0.0240278698635518,"CD36/LEP/ASPH/CRYAB/CAMK1/ADIPOQ/EPM2A/IFI27/ATP9A/MDFIC/CHP1/GAS1/UBR5/SNAPIN/ZDHHC2/TARDBP/ANGPT1/UHMK1/PPM1A/PTPN11/BCAP31/EHD2/SCP2/PRKD1/WNK1/TXN/VAMP2/CD81/PIK3R1/VPS35/YWHAE/APOD/DAB2",33
"GO:0003170","heart valve development","13/1388","75/18986",0.173333333333333,2.3709702209414,3.34094851442786,0.00287573500274016,0.030166196349845,0.0240278698635518,"BMPR1A/CDH11/HEY1/SOX4/NOTCH1/ADAMTS5/PDE2A/TWIST1/BMPR2/SMAD2/ELN/SLIT2/RHOA",13
"GO:0071496","cellular response to external stimulus","13/1388","75/18986",0.173333333333333,2.3709702209414,3.34094851442786,0.00287573500274016,0.030166196349845,0.0240278698635518,"COL1A1/ATP1A2/WNT11/FGF2/PIEZO2/GCLC/BNIP3/EGFR/GADD45A/FAS/PDE2A/MAP3K2/BMP6",13
"GO:0006692","prostanoid metabolic process","10/1388","50/18986",0.2,2.735734870317,3.45137894359817,0.0029285317737166,0.0306077077702702,0.0243795409469797,"AKR1C1/AKR1C2/FABP5/MGST3/AKR1C3/PTGIS/ACOX1/CES2/PTGR1/PLA2G4A",10
"GO:0042181","ketone biosynthetic process","10/1388","50/18986",0.2,2.735734870317,3.45137894359817,0.0029285317737166,0.0306077077702702,0.0243795409469797,"DKK3/AKR1C3/EGR1/PRKG1/INHBA/SCP2/COQ8A/BMP6/NDUFA9/DAB2",10
"GO:0001523","retinoid metabolic process","14/1388","84/18986",0.166666666666667,2.2797790585975,3.30133153310197,0.00294524651305765,0.0306702628691268,0.0244293671085944,"RBP4/AKR1C1/DGAT2/RETSAT/PNPLA2/ADH1C/RDH5/ADH1B/DHRS9/AKR1C3/CYP26B1/LIPA/LIPE/CYP1B1",14
"GO:0070227","lymphocyte apoptotic process","14/1388","84/18986",0.166666666666667,2.2797790585975,3.30133153310197,0.00294524651305765,0.0306702628691268,0.0244293671085944,"GPAM/TNFRSF21/BCL2/ORMDL3/DNAJA3/FAS/LIPA/BCL2L11/LGALS3/BCL6/NFKBIZ/BCL3/DOCK8/JAK3",14
"GO:0062012","regulation of small molecule metabolic process","40/1388","348/18986",0.114942528735632,1.57226141972242,3.02588775137432,0.00298723499346982,0.0310509499230308,0.0247325905870822,"CES1/GPD1/SORBS1/ACACB/GNAI1/LEP/PPARG/ADIPOQ/FMO2/ARPP19/FABP5/NR1H3/EPM2AIP1/CAV1/DKK3/AKR1C3/NR3C1/ME1/APOB/GPR146/ERLIN2/LEPR/MIR21/EGR1/PRKG1/DNAJC30/GPLD1/TWIST1/TCF7L2/PLIN5/ZBTB20/PPP4R3B/PFKFB1/PDK3/IGFBP3/CEACAM1/QKI/BMP6/PDK4/DAB2",40
"GO:0090287","regulation of cellular response to growth factor stimulus","43/1388","381/18986",0.112860892388451,1.54378739401091,3.01123856221185,0.00300749116969376,0.0312047677262055,0.0248551089886239,"CDKN2B/CAV2/RBPMS2/SULF2/FGF2/PPARG/GPC3/CFLAR/FZD4/CAV1/DKK3/NREP/CDKN1C/RUNX2/TGFBR3/CHRDL1/MIR21/SFRP2/HIPK2/MMRN2/NOTCH1/PMEPA1/SFRP4/TGFB3/CIDEA/TNFAIP6/SNX25/DMD/TNXB/CD109/THBS1/SMAD2/KDR/LTBP4/CRIM1/PPM1A/CREB3L1/SLIT2/STUB1/LOX/PBLD/SMOC2/PELO",43
"GO:0050714","positive regulation of protein secretion","21/1388","150/18986",0.14,1.9150144092219,3.1597127231886,0.00302782190351862,0.0313588004029274,0.0249777985404682,"RBP4/PPARG/TTN/NNAT/GLUD1/ANG/PCK2/SOX4/EGFR/GPLD1/TGFB3/SIRT3/TCF7L2/TARDBP/VSNL1/FRMD4A/BMP6/NADK/SRI/VPS35/SYTL4",21
"GO:0072006","nephron development","22/1388","160/18986",0.1375,1.88081772334294,3.14221129902354,0.00306583270036784,0.0316950552405117,0.0252456310303442,"BASP1/SULF2/WNT11/FGF2/ADIPOQ/GPC3/CFLAR/BCL2/ENPEP/ACTA2/EGR1/KIF26B/NOTCH1/STAT1/MTSS1/HOXB7/WWTR1/EDNRB/KLF15/ANGPT1/CD24/ACAT1",22
"GO:0010566","regulation of ketone biosynthetic process","6/1388","21/18986",0.285714285714286,3.90819267188143,3.74476679066799,0.00315049038211107,0.0323945207095845,0.0258027667417881,"DKK3/AKR1C3/EGR1/PRKG1/BMP6/DAB2",6
"GO:0055081","monoatomic anion homeostasis","6/1388","21/18986",0.285714285714286,3.90819267188143,3.74476679066799,0.00315049038211107,0.0323945207095845,0.0258027667417881,"KCNE3/STK39/SLC12A8/CA12/WNK1/SLC12A2",6
"GO:0140354","lipid import into cell","6/1388","21/18986",0.285714285714286,3.90819267188143,3.74476679066799,0.00315049038211107,0.0323945207095845,0.0258027667417881,"CD36/ACSL5/ACSL1/RPS6KB1/THBS1/LIPA",6
"GO:0006084","acetyl-CoA metabolic process","8/1388","35/18986",0.228571428571429,3.12655413750515,3.53641135916545,0.00317119177617932,0.0324905078573785,0.0258792220783848,"ACACB/PDHA1/DLD/ACSS2/PDHB/PDK3/PDK4/ACAT1",8
"GO:0006884","cell volume homeostasis","8/1388","35/18986",0.228571428571429,3.12655413750515,3.53641135916545,0.00317119177617932,0.0324905078573785,0.0258792220783848,"STK39/SLC12A8/ANO6/WNK1/SLC12A2/SHANK3/GPRC5B/KCNMA1",8
"GO:0030168","platelet activation","20/1388","141/18986",0.141843971631206,1.94023749667873,3.14714990282956,0.00322216354667974,0.0329536833566513,0.0262481489557228,"SERPINE2/SAA1/COL3A1/PIK3CA/STXBP1/COMP/PDGFA/PRKG1/PDPN/C1GALT1C1/ADRA2A/SVEP1/RASA3/PTPRJ/TYRO3/CEACAM1/VCL/PLSCR1/PLA2G4A/SELP",20
"GO:1902893","regulation of miRNA transcription","13/1388","76/18986",0.171052631578947,2.33977324435007,3.28670487814601,0.0032420802027322,0.0330981652125357,0.0263632311222171,"BMPR1A/FGF2/PPARG/NR3C1/JUN/EGR1/EGFR/AR/ETS1/ATOH8/TWIST1/NFATC3/TEAD1",13
"GO:0043603","amide metabolic process","51/1388","472/18986",0.108050847457627,1.47799235578567,2.95331790248798,0.00327185039479378,0.0333425467148593,0.026557884994611,"GPAM/DGAT2/ACACB/SHMT1/ABCA8/MME/ACOT1/ACOT2/RTN1/GCLC/SUCLG2/PCSK5/PDHA1/ACSL5/ENPEP/CEBPA/DLD/ACSS2/MCCC1/ACSL1/ORMDL3/GLYAT/BIN1/ASS1/SIRT3/SMPD1/GCDH/NTRK2/RTN4/RTN3/PDHB/MCCC2/SOD1/ACSM5/HACD2/IDH1/SCG5/SAMD8/PLPP3/ST6GALNAC5/AGK/PDK3/GSTK1/DHFR/SUCLA2/SUCLG1/SLC25A16/BECN1/PDK4/ACAT1/P4HB",51
"GO:0071677","positive regulation of mononuclear cell migration","15/1388","94/18986",0.159574468085106,2.18276718376357,3.22843912521158,0.00328209360682381,0.0333874184167468,0.0265936260406814,"JAM3/STK39/MED23/THBS1/PTPRJ/RTN4/ANO6/CXCL12/LGALS3/WNK1/MMP14/LGMN/SERPINE1/DOCK8/RHOA",15
"GO:0086003","cardiac muscle cell contraction","14/1388","85/18986",0.164705882352941,2.25295812849636,3.2514120194522,0.00329418700709881,0.0334509185072538,0.0266442049036355,"ATP1A2/NEDD4L/CAV1/GSN/PIK3CA/PDE4D/KCNE3/BIN1/GPD1L/SCN9A/CACNA1C/SGCD/SCN4B/SRI",14
"GO:0042308","negative regulation of protein import into nucleus","5/1388","15/18986",0.333333333333333,4.559558117195,3.87315593934562,0.00334770315177028,0.0338141677008316,0.0269335388405397,"CD36/MDFIC/CHP1/ANGPT1/APOD",5
"GO:0072537","fibroblast activation","5/1388","15/18986",0.333333333333333,4.559558117195,3.87315593934562,0.00334770315177028,0.0338141677008316,0.0269335388405397,"LEP/GCLC/DDR2/ACTA2/AKAP12",5
"GO:0090030","regulation of steroid hormone biosynthetic process","5/1388","15/18986",0.333333333333333,4.559558117195,3.87315593934562,0.00334770315177028,0.0338141677008316,0.0269335388405397,"DKK3/NR3C1/PDE8B/BMP6/DAB2",5
"GO:0008643","carbohydrate transport","20/1388","142/18986",0.140845070422535,1.92657385233592,3.11247621913369,0.00349931619703862,0.0352832287450966,0.0281036700424934,"SORBS1/ACACB/LEP/AQP7/ADIPOQ/ARPP19/GPC3/FABP5/HK2/ITLN1/RPS6KB1/KLF15/PTPN11/RHOQ/ZDHHC7/SORT1/NR4A3/PIK3R1/SLC5A3/SGCB",20
"GO:0001837","epithelial to mesenchymal transition","25/1388","192/18986",0.130208333333333,1.7810773895293,3.05494535551195,0.00351475582659649,0.0353765124307256,0.0281779720271617,"COL1A1/TMEM100/WNT11/CLASP2/TGFBR3/MIR21/HEY1/SFRP2/NOTCH1/PHLDB2/PDPN/TGFB3/TWIST1/TCF7L2/WWTR1/TNXB/RTN4/SMAD2/QKI/DACT3/PTEN/FERMT2/USF3/EMP2/DAB2",25
"GO:0002687","positive regulation of leukocyte migration","21/1388","152/18986",0.138157894736842,1.88981685120582,3.09328199812043,0.0035514958748819,0.0356391919623116,0.0283872005797962,"DAPK2/JAM3/THY1/STK39/MED23/THBS1/PTPRJ/RTN4/ANO6/CXCL12/LGALS3/WNK1/MMP14/LGMN/SERPINE1/KITLG/PIK3R1/SELP/DOCK8/RHOA/ZP3",21
"GO:0043534","blood vessel endothelial cell migration","24/1388","182/18986",0.131868131868132,1.80378123317605,3.05996748582869,0.0035533215704946,0.0356391919623116,0.0283872005797962,"FGF2/PPARG/ITGB1BP1/TGFBR3/STAT5A/PIK3C2A/GADD45A/MMRN2/NOTCH1/ETS1/GPLD1/SCARB1/STARD13/THBS1/PIK3R3/KDR/ANGPT1/PRKD1/SLIT2/NR4A1/GAB1/CYP1B1/RHOA/EMP2",24
"GO:2001234","negative regulation of apoptotic signaling pathway","30/1388","244/18986",0.122950819672131,1.68180422355553,3.01033626655397,0.00356295295122424,0.0356732084450945,0.0284142952659159,"FGF2/CFLAR/BOK/GCLC/BCL2/ACAA2/SCG2/MUC1/MIR21/SFRP2/AR/RPS6KB1/RRN3/BCL2L2/PRDX2/URI1/TRIM32/TCF7L2/PYCR1/THBS1/GHITM/TAF9B/CXCL12/CREB3L1/LGALS3/TMBIM6/SERPINE1/RAF1/PLAUR/MCL1",30
"GO:0046879","hormone secretion","37/1388","319/18986",0.115987460815047,1.58655470535626,2.96711909141277,0.00360048699359793,0.035985986262936,0.0286634279247417,"RBP4/LEP/ACVR1C/PPARG/HADH/ADIPOQ/AGTR1/FZD4/NNAT/NMB/GLUD1/CRHBP/PCK2/SOX4/EGFR/GPLD1/PDE8B/UCP2/SIRT3/TCF7L2/ADRA2A/INHBA/SMAD2/TARDBP/SCG5/LTBP4/PTPN11/PRKD1/VSNL1/SIDT2/BMP6/NADK/SRI/RAF1/SYTL4/KCNB1/DAB2",37
"GO:0009914","hormone transport","38/1388","330/18986",0.115151515151515,1.57512007684918,2.95988344163629,0.00362515423453433,0.03611997130492,0.0287701492069054,"RBP4/LEP/ACVR1C/PPARG/HADH/ADIPOQ/AGTR1/FZD4/NNAT/NMB/GLUD1/CRHBP/PCK2/SOX4/EGFR/GPLD1/PDE8B/UCP2/SIRT3/TCF7L2/ADRA2A/CRYM/INHBA/SMAD2/TARDBP/SCG5/LTBP4/PTPN11/PRKD1/VSNL1/SIDT2/BMP6/NADK/SRI/RAF1/SYTL4/KCNB1/DAB2",38
"GO:0007589","body fluid secretion","15/1388","95/18986",0.157894736842105,2.15979068709237,3.18260193777863,0.00364035499829967,0.03611997130492,0.0287701492069054,"NEGR1/NR1H3/NPR1/CAV1/HK2/VDR/STAT5A/PRICKLE1/EGFR/STK39/CCND1/DDR1/WNK1/CDO1/FOSL2",15
"GO:0045669","positive regulation of osteoblast differentiation","13/1388","77/18986",0.168831168831169,2.30938657883903,3.23330998834763,0.00364548249832759,0.03611997130492,0.0287701492069054,"CTHRC1/BMPR1A/FGF2/DDR2/RUNX2/CEBPA/MIR21/SFRP2/WWTR1/BMPR2/PRKD1/BMP6/FERMT2",13
"GO:0061614","miRNA transcription","13/1388","77/18986",0.168831168831169,2.30938657883903,3.23330998834763,0.00364548249832759,0.03611997130492,0.0287701492069054,"BMPR1A/FGF2/PPARG/NR3C1/JUN/EGR1/EGFR/AR/ETS1/ATOH8/TWIST1/NFATC3/TEAD1",13
"GO:1900076","regulation of cellular response to insulin stimulus","13/1388","77/18986",0.168831168831169,2.30938657883903,3.23330998834763,0.00364548249832759,0.03611997130492,0.0287701492069054,"SORBS1/LEP/PPARG/ECHDC3/KANK1/GRB14/RPS6KB1/GPLD1/PTPRJ/MYO1C/PTPN11/BLVRB/SOCS3",13
"GO:0043086","negative regulation of catalytic activity","52/1388","486/18986",0.106995884773663,1.46356186477864,2.9074238506067,0.00366741829016201,0.0362357711266962,0.0288623856630894,"TIMP4/SERPINE2/ITIH5/ADIPOQ/PRDX3/GPC3/EPM2A/ITGB1BP1/CAV1/CDKN1C/RARRES1/EPHB2/COL6A3/THY1/CHP1/GADD45A/TSG101/DNAJA3/NOTCH1/BIN1/CSTA/URI1/SMPD1/PLIN5/WWTR1/YWHAG/SERPINB6/EDNRB/CD109/THBS1/PTPRJ/ANGPTL4/SPOCK1/WNK1/SORT1/HIPK3/GPRC5A/CEACAM1/BAG4/PTEN/TMBIM6/DUSP1/SERPINE1/SERPINA3/PPP2R5A/AIDA/DNAJB6/CDKN1A/RAF1/PLAUR/PTX3/HP",52
"GO:0001570","vasculogenesis","14/1388","86/18986",0.162790697674419,2.2267609409557,3.20218663526265,0.00367618458168337,0.0362357711266962,0.0288623856630894,"TMEM100/FZD4/CAV1/TGFBR3/HEY1/NOTCH1/RAMP2/NTRK2/PTPRJ/RTN4/KDR/CEACAM1/QKI/EMP2",14
"GO:0048678","response to axon injury","14/1388","86/18986",0.162790697674419,2.2267609409557,3.20218663526265,0.00367618458168337,0.0362357711266962,0.0288623856630894,"FGF2/BCL2/NREP/DPYSL3/BNIP3/TNC/PTPRS/MMP2/KCNK2/SOD1/STK24/DHFR/APOD/KCNB1",14
"GO:0033559","unsaturated fatty acid metabolic process","17/1388","114/18986",0.149122807017544,2.03980231558724,3.12725012891714,0.0037694606036912,0.0369574076654606,0.029437180994961,"SCD/AKR1C1/AKR1C2/MGLL/FABP5/MGST3/AKR1C3/PTGIS/ACOX1/GPX4/CES2/FADS2/SCD5/PTGR1/SCP2/CYP1B1/PLA2G4A",17
"GO:0060350","endochondral bone morphogenesis","11/1388","60/18986",0.183333333333333,2.50775696445725,3.28507982925686,0.00377557718327075,0.0369574076654606,0.029437180994961,"COL1A1/GHR/COL3A1/RUNX2/COMP/THBS3/BMPR2/TRIP11/BMP6/MMP14/FOSL2",11
"GO:1901616","organic hydroxy compound catabolic process","11/1388","60/18986",0.183333333333333,2.50775696445725,3.28507982925686,0.00377557718327075,0.0369574076654606,0.029437180994961,"MAOA/ALDH2/FAH/MAOB/AKR1C3/ACSS2/SULT1A1/SCARB1/PDE1B/SULT1A2/MOXD1",11
"GO:0010959","regulation of metal ion transport","45/1388","408/18986",0.110294117647059,1.50867731818952,2.91703306778221,0.00377639471217506,0.0369574076654606,0.029437180994961,"FHL1/SERPINE2/ASPH/ATP1A2/TF/NEDD4L/CAV1/BCL2/KCNIP2/PML/AHCYL1/KCNAB1/MYLK/MIR21/THY1/SESTD1/CHP1/SLC31A2/PDE4D/GEM/KCNE3/STK39/BIN1/UCP2/VMP1/ADRA2A/AHNAK/DMD/CNTN1/CALM1/GPD1L/ANO6/CXCL12/CACNA1C/PRKD1/LGALS3/WNK1/SCN4B/FGF14/HEPH/VAMP2/TMBIM6/SRI/YWHAE/HOMER3",45
"GO:0006575","cellular modified amino acid metabolic process","24/1388","183/18986",0.131147540983607,1.7939245051259,3.03081589316438,0.00381391316199209,0.0369574076654606,0.029437180994961,"SHMT1/MTHFD1/GCLC/ALDH4A1/OSBPL10/PLA1A/CPT1B/ASS1/CRYM/PCYOX1/CKMT2/SOD1/IDH1/CPT1C/PTDSS2/CTSK/ALDH1L1/GSTK1/DHFR/SLC25A16/PLSCR1/ALDH9A1/MTHFD1L/P4HB",24
"GO:0046394","carboxylic acid biosynthetic process","38/1388","331/18986",0.114803625377644,1.57036140592215,2.93991570457558,0.0038151147476264,0.0369574076654606,0.029437180994961,"SCD/CES1/MGLL/ACACB/LPL/OSBPL1A/SHMT1/MTHFD1/FABP5/NR1H3/DHRS9/MGST3/AKR1C3/PTGIS/GLUD1/ERLIN2/GPX4/ACSS2/FADS2/ASS1/PSPH/ABHD2/PYCR1/SCD5/ACSM5/HACD2/SCP2/SUCLA2/CEACAM1/ABCD3/QKI/ASNSD1/GLS/UGP2/CDO1/PDK4/PLA2G4A/MTHFD1L",38
"GO:0032232","negative regulation of actin filament bundle assembly","8/1388","36/18986",0.222222222222222,3.03970541146334,3.44019031168566,0.00382050514785503,0.0369574076654606,0.029437180994961,"CLASP2/MIR21/PHLDB2/CGNL1/MET/SHANK3/RHPN1/PIK3R1",8
"GO:0046825","regulation of protein export from nucleus","8/1388","36/18986",0.222222222222222,3.03970541146334,3.44019031168566,0.00382050514785503,0.0369574076654606,0.029437180994961,"CAMK1/IFI27/UHMK1/PPM1A/PTPN11/PRKD1/TXN/YWHAE",8
"GO:0060317","cardiac epithelial to mesenchymal transition","8/1388","36/18986",0.222222222222222,3.03970541146334,3.44019031168566,0.00382050514785503,0.0369574076654606,0.029437180994961,"TMEM100/TGFBR3/MIR21/HEY1/NOTCH1/TWIST1/RTN4/EMP2",8
"GO:0071604","transforming growth factor beta production","8/1388","36/18986",0.222222222222222,3.03970541146334,3.44019031168566,0.00382050514785503,0.0369574076654606,0.029437180994961,"WNT11/BMPR1A/COL3A1/FN1/CD200/THBS1/FBLN1/CD24",8
"GO:1902882","regulation of response to oxidative stress","8/1388","36/18986",0.222222222222222,3.03970541146334,3.44019031168566,0.00382050514785503,0.0369574076654606,0.029437180994961,"CD36/AIFM2/OXR1/NCOA7/FADS2/FBLN5/DHFR/SESN1",8
"GO:0010565","regulation of cellular ketone metabolic process","21/1388","153/18986",0.137254901960784,1.8774651070803,3.06044229209164,0.00384044825393084,0.0370081494424263,0.0294775976520509,"CES1/ACACB/PPARG/ADIPOQ/FMO2/FABP5/NR1H3/CAV1/DKK3/AKR1C3/ERLIN2/MIR21/EGR1/PRKG1/TWIST1/PLIN5/PDK3/CEACAM1/BMP6/PDK4/DAB2",21
"GO:2001235","positive regulation of apoptotic signaling pathway","21/1388","153/18986",0.137254901960784,1.8774651070803,3.06044229209164,0.00384044825393084,0.0370081494424263,0.0294775976520509,"PPP2R1B/G0S2/PPARG/BOK/CAV1/PML/CTSC/FAS/MMP2/TNFRSF12A/THBS1/TNFSF10/INHBA/SOD1/BCL2L11/BCAP31/CTSK/BCLAF1/BECN1/STK3/MCL1",21
"GO:0030308","negative regulation of cell growth","23/1388","173/18986",0.132947976878613,1.8185520814246,3.03744706556705,0.00384517067846794,0.0370081494424263,0.0294775976520509,"FHL1/SERPINE2/CRYAB/MEG3/NPR1/BCL2/SEMA3G/VGLL4/PML/SFRP2/PTPRS/BMPR2/PTPRJ/RTN4/INHBA/BCL6/SLIT2/TOMM70/DACT3/JADE1/CDKN1A/CDKN2AIP/DAB2",23
"GO:0010594","regulation of endothelial cell migration","29/1388","235/18986",0.123404255319149,1.68800662211049,2.98045596513201,0.00390359231920851,0.0375072895612017,0.0298751709383388,"FGF2/PPARG/ITGB1BP1/TGFBR3/STAT5A/ANXA3/MIR21/PIK3C2A/GADD45A/MMRN2/NOTCH1/ETS1/ATOH8/GPLD1/SCARB1/STARD13/THBS1/KDR/ANGPT1/PLPP3/PRKD1/SLIT2/CEACAM1/GAB1/MET/SMOC2/LGMN/RHOA/EMP2",29
"GO:0002027","regulation of heart rate","16/1388","105/18986",0.152380952380952,2.08436942500343,3.12916017413316,0.00391702109211836,0.0375102338084433,0.0298775160795275,"CAV1/TRPV1/ADRB1/PDE4D/TPM1/KCNE3/BIN1/DMD/CALM1/EDNRB/EPAS1/GPD1L/CACNA1C/SCN4B/SRI/YWHAE",16
"GO:1905477","positive regulation of protein localization to membrane","16/1388","105/18986",0.152380952380952,2.08436942500343,3.12916017413316,0.00391702109211836,0.0375102338084433,0.0298775160795275,"SORBS1/SPTBN1/ITGB1BP1/PIK3CA/RAMP3/EPHB2/CHP1/EGFR/TNFAIP6/ZDHHC2/MYO1C/LGALS3/CD81/PIK3R1/SLC5A3/KCNB1",16
"GO:0031099","regeneration","26/1388","204/18986",0.127450980392157,1.74336045657456,2.99786448784611,0.00395563378535338,0.0378166527606443,0.030121583797639,"SULF2/CFLAR/BCL2/LPIN1/NREP/TGFBR3/TNC/ANXA3/THY1/EGFR/PTPRS/NOTCH1/UCP2/CCND1/MMP2/GUCD1/PFKFB1/STK24/CXCL12/DHFR/RUNX1/NR4A3/POSTN/CD81/CDKN1A/APOD",26
"GO:0034504","protein localization to nucleus","37/1388","321/18986",0.115264797507788,1.57666962931042,2.92640193833293,0.0039939349427553,0.0381046324217888,0.0303509643181754,"CD36/COL1A1/LEP/EPM2A/CHCHD10/PML/OTUD7B/MDFIC/PRICKLE1/CHP1/TXNIP/ORMDL3/NOTCH1/KPNA5/UBR5/TCF7L2/GLIS2/TAF3/WWTR1/NFATC3/IPO9/TARDBP/ANGPT1/PRKD1/SUN2/TXN/STK3/NUP88/RRP7A/FERMT2/PIK3R1/DNAJB6/CDKN1A/BCL3/YWHAE/KPNA4/APOD",37
"GO:0031647","regulation of protein stability","43/1388","387/18986",0.111111111111111,1.51985270573167,2.90174584430271,0.00399908683803976,0.0381046324217888,0.0303509643181754,"ASPH/CRYAB/PEX19/TF/NEDD4L/BCL2/GSN/CDC73/PML/STXBP1/SH3GLB1/AAK1/CHP1/SOX4/PER3/DNAJA3/RABL3/GPIHBP1/URI1/CRTAP/TRIM44/USP9Y/TOMM7/RTN4/TARDBP/ZSWIM7/PLPP3/TAF9B/CEP63/STUB1/ATF7IP/GET4/DPM3/BAG4/USP36/PTEN/STK3/CTNND1/LAMP2/CD81/PIK3R1/VPS35/CDKN2AIP",43
"GO:0032409","regulation of transporter activity","28/1388","225/18986",0.124444444444444,1.70223503041947,2.97587122844104,0.00401796314906796,0.0382081346175572,0.030433405513667,"FHL1/ASPH/ATP1A2/ADIPOQ/NR1H3/NEDD4L/CAV1/BCL2/PRRT1/AHCYL1/KCNAB1/EPHB2/CRHBP/CHP1/GEM/KCNE3/STK39/VMP1/ADRA2A/AHNAK/DMD/CALM1/NDFIP1/SCN4B/FGF14/VAMP2/SRI/YWHAE",28
"GO:0010507","negative regulation of autophagy","15/1388","96/18986",0.15625,2.13729286743516,3.13733092308404,0.00402999915591866,0.0382081346175572,0.030433405513667,"LEP/BCL2/PIK3CA/LEPR/FEZ2/ZKSCAN3/WNK1/RRAGD/MET/TAB3/USP36/BECN1/NRBP2/MCL1/RRAGC",15
"GO:0046364","monosaccharide biosynthetic process","15/1388","96/18986",0.15625,2.13729286743516,3.13733092308404,0.00402999915591866,0.0382081346175572,0.030433405513667,"RBP4/PCK1/GPD1/LEP/ADIPOQ/ARPP19/ALDOC/NR3C1/LEPR/PCK2/ENO2/TCF7L2/PPP4R3B/PFKFB1/MDH2",15
"GO:0006390","mitochondrial transcription","6/1388","22/18986",0.272727272727273,3.73054755043228,3.59885615208485,0.00406751394191528,0.0383096823820917,0.0305142899726446,"TFB2M/KANSL1/TEFM/CHCHD10/MTERF3/TFAM",6
"GO:0035795","negative regulation of mitochondrial membrane permeability","6/1388","22/18986",0.272727272727273,3.73054755043228,3.59885615208485,0.00406751394191528,0.0383096823820917,0.0305142899726446,"BOK/HK2/GCLC/ACAA2/BNIP3/BCL2L2",6
"GO:0036092","phosphatidylinositol-3-phosphate biosynthetic process","6/1388","22/18986",0.272727272727273,3.73054755043228,3.59885615208485,0.00406751394191528,0.0383096823820917,0.0305142899726446,"PIK3CA/UVRAG/PIK3C2A/SYNJ2/PIK3R3/BECN1",6
"GO:0090208","positive regulation of triglyceride metabolic process","6/1388","22/18986",0.272727272727273,3.73054755043228,3.59885615208485,0.00406751394191528,0.0383096823820917,0.0305142899726446,"PNPLA2/NR1H3/GPLD1/SCARB1/PLIN5/ABHD5",6
"GO:0002685","regulation of leukocyte migration","29/1388","236/18986",0.122881355932203,1.68085405167782,2.95581853960603,0.00414845319290668,0.038442851659593,0.0306203614850261,"DAPK2/JAM3/MMP28/THY1/STK39/MED23/TNFAIP6/CD200/THBS1/PTPRJ/RTN4/ANO6/CXCL12/LGALS3/WNK1/SLIT2/MMP14/RABGEF1/LGMN/DUSP1/SERPINE1/KITLG/CD81/PIK3R1/SELP/DOCK8/RHOA/APOD/ZP3",29
"GO:0009080","pyruvate family amino acid catabolic process","4/1388","10/18986",0.4,5.47146974063401,3.97206491412368,0.00417579340224021,0.038442851659593,0.0306203614850261,"MCCC1/GPT2/MCCC2/HMGCL",4
"GO:0010923","negative regulation of phosphatase activity","4/1388","10/18986",0.4,5.47146974063401,3.97206491412368,0.00417579340224021,0.038442851659593,0.0306203614850261,"EPM2A/CHP1/URI1/BAG4",4
"GO:0015911","long-chain fatty acid import across plasma membrane","4/1388","10/18986",0.4,5.47146974063401,3.97206491412368,0.00417579340224021,0.038442851659593,0.0306203614850261,"CD36/ACSL5/ACSL1/THBS1",4
"GO:0019614","catechol-containing compound catabolic process","4/1388","10/18986",0.4,5.47146974063401,3.97206491412368,0.00417579340224021,0.038442851659593,0.0306203614850261,"MAOA/MAOB/PDE1B/MOXD1",4
"GO:0030002","intracellular monoatomic anion homeostasis","4/1388","10/18986",0.4,5.47146974063401,3.97206491412368,0.00417579340224021,0.038442851659593,0.0306203614850261,"KCNE3/STK39/WNK1/SLC12A2",4
"GO:0030644","intracellular chloride ion homeostasis","4/1388","10/18986",0.4,5.47146974063401,3.97206491412368,0.00417579340224021,0.038442851659593,0.0306203614850261,"KCNE3/STK39/WNK1/SLC12A2",4
"GO:0030853","negative regulation of granulocyte differentiation","4/1388","10/18986",0.4,5.47146974063401,3.97206491412368,0.00417579340224021,0.038442851659593,0.0306203614850261,"ADIPOQ/CEACAM1/RUNX1/ZBTB46",4
"GO:0042420","dopamine catabolic process","4/1388","10/18986",0.4,5.47146974063401,3.97206491412368,0.00417579340224021,0.038442851659593,0.0306203614850261,"MAOA/MAOB/PDE1B/MOXD1",4
"GO:0042424","catecholamine catabolic process","4/1388","10/18986",0.4,5.47146974063401,3.97206491412368,0.00417579340224021,0.038442851659593,0.0306203614850261,"MAOA/MAOB/PDE1B/MOXD1",4
"GO:0097113","AMPA glutamate receptor clustering","4/1388","10/18986",0.4,5.47146974063401,3.97206491412368,0.00417579340224021,0.038442851659593,0.0306203614850261,"CHRDL1/DLG4/ZDHHC2/SHANK3",4
"GO:0097688","glutamate receptor clustering","4/1388","10/18986",0.4,5.47146974063401,3.97206491412368,0.00417579340224021,0.038442851659593,0.0306203614850261,"CHRDL1/DLG4/ZDHHC2/SHANK3",4
"GO:1903044","protein localization to membrane raft","4/1388","10/18986",0.4,5.47146974063401,3.97206491412368,0.00417579340224021,0.038442851659593,0.0306203614850261,"CAV1/RFTN1/ZDHHC2/CD24",4
"GO:2000756","regulation of peptidyl-lysine acetylation","4/1388","10/18986",0.4,5.47146974063401,3.97206491412368,0.00417579340224021,0.038442851659593,0.0306203614850261,"HINT2/PML/SOX4/KLF15",4
"GO:0055001","muscle cell development","26/1388","205/18986",0.126829268292683,1.73485625922542,2.9709021562937,0.00422394321962281,0.0388236067308418,0.0309236391404438,"CAV2/BMPR1A/CFLAR/PDLIM5/TTN/BCL2/COMP/CFL2/PRICKLE1/TPM1/PRKG1/NOTCH1/BIN1/WDR1/RAMP2/LDB3/DMD/FHOD3/SDC1/PGM5/PRKD1/SGCD/TOMM70/LOX/MYH11/SGCB",26
"GO:0072655","establishment of protein localization to mitochondrion","18/1388","125/18986",0.144,1.96972910662824,3.05486102284068,0.00428524348945656,0.0393238154562169,0.0313220635894045,"HK2/SH3GLB1/TIMM22/TOMM7/DNAJC19/PMPCB/BCAP31/AGK/DNAJC15/PAM16/TOMM70/ABLIM3/BAG4/USP36/GRPEL2/TMEM126A/TIMM23/TOMM20",18
"GO:0006626","protein targeting to mitochondrion","16/1388","106/18986",0.150943396226415,2.0647055625034,3.08709388714337,0.00430819520581587,0.0393485708464775,0.0313417816635264,"SH3GLB1/TIMM22/TOMM7/DNAJC19/PMPCB/BCAP31/AGK/DNAJC15/PAM16/TOMM70/ABLIM3/BAG4/USP36/GRPEL2/TIMM23/TOMM20",16
"GO:0042306","regulation of protein import into nucleus","11/1388","61/18986",0.180327868852459,2.46664619454812,3.22211257812689,0.00430858935628737,0.0393485708464775,0.0313417816635264,"CD36/LEP/EPM2A/MDFIC/CHP1/UBR5/TARDBP/ANGPT1/PRKD1/PIK3R1/APOD",11
"GO:0060612","adipose tissue development","11/1388","61/18986",0.180327868852459,2.46664619454812,3.22211257812689,0.00430858935628737,0.0393485708464775,0.0313417816635264,"DGAT2/LEP/LPL/EBF2/PPARG/PIK3CA/PGRMC2/LIPA/ASNSD1/FOSL2/ACAT1",11
"GO:0006469","negative regulation of protein kinase activity","21/1388","155/18986",0.135483870967742,1.85323975085991,2.99549510846328,0.0044772945967347,0.0408240721045172,0.0325170426013168,"ADIPOQ/ITGB1BP1/CAV1/CDKN1C/EPHB2/THY1/CHP1/GADD45A/TSG101/DNAJA3/SMPD1/WWTR1/YWHAG/PTPRJ/HIPK3/GPRC5A/CEACAM1/PTEN/DUSP1/AIDA/CDKN1A",21
"GO:0022604","regulation of cell morphogenesis","30/1388","248/18986",0.120967741935484,1.65467834898206,2.91447663999507,0.00451888825006447,0.0411377135758258,0.0327668631742858,"PALMD/ITGA7/FZD4/NEDD4L/LIMD1/EPS8/ATP10A/EPB41L3/KANK1/EPHB2/MIR21/FN1/STAU2/TPM1/PDPN/CDC42EP4/DLG4/WDR1/PDZD8/WDPCP/WASF3/SH3D19/KDR/RHOQ/PLXNA4/CAPRIN1/ENPP2/FERMT2/ARHGEF7/MPL",30
"GO:0032370","positive regulation of lipid transport","14/1388","88/18986",0.159090909090909,2.17615273775216,3.10574299748448,0.00454844332937863,0.0413409388140821,0.0329287354077349,"CES1/DBI/PPARG/ADIPOQ/NR1H3/ABCA8/CAV1/NMB/ACSL5/ACSL1/SCP2/BMP6/PLA2G4A/DAB2",14
"GO:0030834","regulation of actin filament depolymerization","10/1388","53/18986",0.188679245283019,2.58088195312925,3.236652215842,0.0045559023996843,0.0413430063793573,0.0329303822573672,"SPTBN1/GSN/SPTAN1/PIK3CA/EPS8/CFL2/DSTN/WDR1/LIMA1/ADD2",10
"GO:0003188","heart valve formation","5/1388","16/18986",0.3125,4.27458573487032,3.68002753811345,0.00457937944566772,0.0413591031451538,0.0329432035951752,"CDH11/HEY1/NOTCH1/TWIST1/RHOA",5
"GO:0010649","regulation of cell communication by electrical coupling","5/1388","16/18986",0.3125,4.27458573487032,3.68002753811345,0.00457937944566772,0.0413591031451538,0.0329432035951752,"ASPH/CAV1/PDE4D/CALM1/SRI",5
"GO:0032354","response to follicle-stimulating hormone","5/1388","16/18986",0.3125,4.27458573487032,3.68002753811345,0.00457937944566772,0.0413591031451538,0.0329432035951752,"GCLC/TGFBR3/NOTCH1/INHBA/CYP1B1",5
"GO:0006090","pyruvate metabolic process","18/1388","126/18986",0.142857142857143,1.95409633594072,3.01769284732666,0.00466684872522206,0.0420038645643755,0.0334567666342282,"PCK1/GPD1/ALDOC/HK2/PDHA1/ME1/DLD/PCK2/ENO2/LDHB/UCP2/ZBTB20/PFKFB3/LIPA/PDHB/PFKFB1/PDK3/PDK4",18
"GO:0010811","positive regulation of cell-substrate adhesion","18/1388","126/18986",0.142857142857143,1.95409633594072,3.01769284732666,0.00466684872522206,0.0420038645643755,0.0334567666342282,"CD36/ITGB1BP1/ECM2/THY1/FN1/COL8A1/FBLN2/EDIL3/COL16A1/PTPRJ/KDR/FBLN1/LIMS1/FERMT2/ARHGEF7/P4HB/EMP2/DAB2",18
"GO:0043277","apoptotic cell clearance","9/1388","45/18986",0.2,2.735734870317,3.2738333641044,0.00467281054100802,0.0420038645643755,0.0334567666342282,"CD36/NR1H3/SCARB1/THBS1/TYRO3/MARCO/MFGE8/BECN1/TGM2",9
"GO:0038127","ERBB signaling pathway","19/1388","136/18986",0.139705882352941,1.91099126970673,2.99430729966024,0.00476317383281897,0.0427489243363046,0.0340502189552588,"PIK3CA/MIR21/PRICKLE1/PIK3C2A/EGFR/TSG101/ADRA2A/PTPRJ/RTN4/PTPN11/STUB1/EFEMP1/BCAR3/GPRC5A/CEACAM1/GAB1/LGMN/RAF1/PLAUR",19
"GO:0023061","signal release","52/1388","493/18986",0.105476673427992,1.44278106750998,2.79754573299728,0.00488059553830703,0.0437341139380898,0.0348349386218713,"RBP4/LEP/ACVR1C/PPARG/HADH/ADIPOQ/AGTR1/FZD4/NNAT/SNCG/MAOB/NMB/PCSK5/PNKD/STXBP1/GLUD1/CRHBP/PCK2/SOX4/EGFR/GPLD1/PDE8B/UCP2/SIRT3/TCF7L2/SNAPIN/ADRA2A/EDNRB/INHBA/SMAD2/TARDBP/SCG5/LTBP4/PTPN11/CXCL12/PRKD1/VSNL1/NR4A1/MYOF/SIDT2/VAMP2/BMP6/NADK/SRI/PLA2G4A/TGM2/VPS35/RAF1/SYTL4/KPNA4/KCNB1/DAB2",52
"GO:1905517","macrophage migration","11/1388","62/18986",0.17741935483871,2.42686157850702,3.16038211878195,0.00489972687470408,0.0438368365300207,0.0349167588501274,"SAA1/MMP28/MMP2/CD200/EDNRB/THBS1/PTPRJ/RTN4/LGALS3/MMP14/CD81",11
"GO:0071346","cellular response to type II interferon","15/1388","98/18986",0.153061224489796,2.09367464565077,3.0484324223989,0.00491144167071208,0.0438729875491577,0.0349455537294415,"PPARG/NR1H3/GSN/STXBP1/GBP4/DNAJA3/RPS6KB1/ASS1/STAT1/CDC42EP4/CALM1/GBP3/MYO1C/FLNB/RAF1",15
"GO:0022898","regulation of transmembrane transporter activity","25/1388","197/18986",0.126903553299492,1.73587237964277,2.91576258858532,0.00492138672136125,0.04389324163186,0.0349616864383098,"FHL1/ASPH/ATP1A2/NEDD4L/CAV1/BCL2/PRRT1/AHCYL1/KCNAB1/EPHB2/CRHBP/CHP1/GEM/KCNE3/STK39/VMP1/ADRA2A/AHNAK/DMD/CALM1/SCN4B/FGF14/VAMP2/SRI/YWHAE",25
"GO:1902905","positive regulation of supramolecular fiber organization","23/1388","177/18986",0.129943502824859,1.77745485924551,2.91841695261098,0.00510496432896396,0.0454596278328457,0.0362093387229023,"LIMCH1/ITGB1BP1/GSN/CFL2/SLAIN2/TPM1/BIN1/CLIP1/CDC42EP4/TGFB3/DSTN/SYNPO/MTSS1/WDR1/WASF3/TNXB/PRKD1/MET/BAG4/ARHGEF15/WHAMM/FERMT2/RHOA",23
"GO:0048592","eye morphogenesis","22/1388","167/18986",0.131736526946108,1.80198105230461,2.92342831667603,0.00516570553517612,0.0458759687980705,0.0365409611261801,"RBP4/FGF2/COL5A2/BCL2/COL5A1/TDRD7/EPHB2/THY1/STAU2/SOX4/COL8A1/HIPK2/NOTCH1/TWIST1/NTRK2/KDR/IFT122/COL8A2/MFAP2/EFEMP1/BCAR3/TENM3",22
"GO:0010888","negative regulation of lipid storage","6/1388","23/18986",0.260869565217391,3.56834983084826,3.46124985521733,0.00516776699422029,0.0458759687980705,0.0365409611261801,"CES1/PNPLA2/LEP/PPARG/NR1H3/ABHD5",6
"GO:0034763","negative regulation of transmembrane transport","20/1388","147/18986",0.136054421768707,1.86104412946735,2.94322545917494,0.00520010328862702,0.0460914581412104,0.0367126019201967,"LEP/ATP1A2/FABP5/NEDD4L/CAV1/BCL2/KCNAB1/EPHB2/SESTD1/GEM/KCNE3/STK39/BIN1/UCP2/ADRA2A/CALM1/THBS1/TMBIM6/SRI/YWHAE",20
"GO:0048146","positive regulation of fibroblast proliferation","10/1388","54/18986",0.185185185185185,2.53308784288611,3.16835655034392,0.00523310888914317,0.0463122035901416,0.0368884292886318,"DDR2/PML/LIG4/PDGFA/FN1/EGFR/FBLN1/RNASEH2B/FOSL2/CDKN1A",10
"GO:0032412","regulation of monoatomic ion transmembrane transporter activity","24/1388","188/18986",0.127659574468085,1.74621374701085,2.88771763204552,0.00536940367540749,0.0474449471596671,0.0377906781091886,"FHL1/ASPH/ATP1A2/NEDD4L/CAV1/PRRT1/AHCYL1/KCNAB1/EPHB2/CRHBP/CHP1/GEM/KCNE3/STK39/VMP1/ADRA2A/AHNAK/DMD/CALM1/SCN4B/FGF14/VAMP2/SRI/YWHAE",24
"GO:0040013","negative regulation of locomotion","45/1388","416/18986",0.108173076923077,1.47966429283973,2.7780910829569,0.00538631216186516,0.0475209052922579,0.0378511800068692,"ACVR1C/LIMCH1/BMPR1A/FGF2/PPARG/CLASP2/ADIPOQ/COL3A1/ITGB1BP1/BCL2/CDH11/DPYSL3/KANK1/TGFBR3/MIR21/MMP28/THY1/SFRP2/GADD45A/TPM1/PRKG1/MMRN2/NOTCH1/PHLDB2/TNFAIP6/ABHD2/CD200/STARD13/THBS1/PTPRJ/FBLN1/STK24/CXCL12/IGFBP3/SLIT2/IGFBP5/SRGAP1/VCL/PTEN/RABGEF1/CYP1B1/DUSP1/SERPINE1/RHOA/APOD",45
"GO:0071711","basement membrane organization","8/1388","38/18986",0.210526315789474,2.87972091612316,3.25740577016085,0.00542245005923503,0.0477660200133231,0.0380464179000093,"CAV2/CLASP2/COL3A1/CAV1/NTN4/PRICKLE1/PHLDB2/RAMP2",8
"GO:0002701","negative regulation of production of molecular mediator of immune response","9/1388","46/18986",0.195652173913043,2.6762623731362,3.19668101792867,0.00544056404452334,0.0477683785079836,0.0380482964796658,"TGFB3/TWIST1/ANGPT1/FCGR2B/BCL6/NDFIP1/RABGEF1/TMBIM6/JAK3",9
"GO:0042398","cellular modified amino acid biosynthetic process","9/1388","46/18986",0.195652173913043,2.6762623731362,3.19668101792867,0.00544056404452334,0.0477683785079836,0.0380482964796658,"SHMT1/MTHFD1/GCLC/CKMT2/PTDSS2/DHFR/PLSCR1/ALDH9A1/MTHFD1L",9
"GO:0042594","response to starvation","28/1388","230/18986",0.121739130434783,1.66522992106252,2.85058475377109,0.00544778429022307,0.0477683785079836,0.0380482964796658,"PCK1/CAV1/BCL2/SMDT1/AKR1C3/EIF2AK2/SH3GLB1/PCK2/FAS/UCP2/TRIM32/YWHAG/BMPR2/PFKFB1/TBC1D5/STK24/CTSK/PRKD1/DNAJC15/PLIN2/RRAGD/BECN1/SESN1/PDK4/LAMP2/ACAT1/CDKN1A/RRAGC",28
"GO:0071709","membrane assembly","11/1388","63/18986",0.174603174603175,2.38833996614976,3.09984146306147,0.0055532587981578,0.0486186532144995,0.0387255542207313,"CAV2/SPTBN1/TLCD2/CAV1/RFTN1/EPHB2/BROX/CHMP4B/PTEN/REEP3/EMP2",11
"GO:0035264","multicellular organism growth","21/1388","158/18986",0.132911392405063,1.81805165432459,2.89985012823942,0.00559487959305523,0.0489081446995363,0.038956138933779,"GPAM/GHR/NPY1R/COL3A1/BCL2/MKKS/PIK3CA/ADRB1/COMP/STAT5A/GPX4/PRICKLE1/AR/WWTR1/COA5/SOD1/PEX5/PTPN11/VPS13A/LGMN/FOSL2",21
"GO:0032535","regulation of cellular component size","40/1388","361/18986",0.110803324099723,1.51564258743324,2.7779384331476,0.0056201109499968,0.0490537012231018,0.0390720770906969,"CLASP2/SPTBN1/MKKS/GSN/SPTAN1/PIK3CA/SEMA3G/EPS8/KANK1/CFL2/FN1/PEX11A/PTPRS/STK39/BIN1/CDC42EP4/DSTN/SLC12A8/SNAPIN/WDR1/BMPR2/RTN4/KXD1/ANO6/ELN/CXCL12/LIMA1/PRKD1/WNK1/SLIT2/PLXNA4/SLC12A2/ADD2/SHANK3/BAG4/PTEN/GPRC5B/ARHGAP5/KCNMA1/RHOA",40
"GO:0009410","response to xenobiotic stimulus","48/1388","451/18986",0.106430155210643,1.45582343431503,2.75142070925249,0.0056355658356029,0.0491136126252161,0.039119797504522,"AKR1C1/NQO1/COL1A1/ACACB/C1orf115/HADH/ALDH2/ADIPOQ/FMO2/GCLC/BCL2/MAOB/CAT/CYP26B1/CRHBP/PRICKLE1/ACSL1/SFRP2/TXNIP/EGFR/CES2/RPS6KB1/GLYAT/ASS1/STAT1/GPLD1/PDE2A/SULT1A1/CCND1/MMP2/AOX1/SMPD1/THBS1/NPAS2/LIPA/SOD1/PLIN2/BCAR3/SULT1A2/ABCD3/LOX/BECN1/CBR3/DNMT3A/NFKBIZ/CYP1B1/FOSL2/CDKN1A",48
"GO:0048872","homeostasis of number of cells","38/1388","339/18986",0.112094395280236,1.5333027296762,2.78251521265993,0.0056638623665446,0.0492850854635243,0.0392563784309412,"GPAM/MTHFD1/CFLAR/JAM3/BCL2/TGFBR3/PLA2G2A/SOX4/HIPK2/DNAJA3/NOTCH1/ETS1/CRISPLD1/STAT1/FAS/CEBPG/RRN3/PRDX2/PRDX1/GLIS2/BBIP1/INHBA/EPAS1/LIPA/SOD1/BCL2L11/PTPN11/VPS13A/BCL6/EMCN/NFKBIZ/MYCT1/SLC11A2/ADGRF5/FOSL2/KITLG/MPL/JAK3",38
