ID,Gene,Gene.symbol,Gene.title,logFC,AveExpr,t,P.Value,adj.P.Val,B,DEG_Status
ILMN_1796801,ABCA8,ABCA8,ATP binding cassette subfamily A member 8,-0.615421,4.588348127235789,-2.0328357,0.0496,0.40316,-4.1328,Downregulated
ILMN_2094875,ABCB1,ABCB1,ATP binding cassette subfamily B member 1,1.6428376,4.198334270371354,4.3033808,0.000126,0.02544,1.0976,Upregulated
ILMN_1767349,ABCB4,ABCB4,ATP binding cassette subfamily B member 4,0.6907177,3.6803948318522672,2.5041815,0.017,0.26775,-3.2369,Upregulated
ILMN_1794782,ABCG1,ABCG1,ATP binding cassette subfamily G member 1,0.6066486,6.35237116442872,2.5115175,0.0167,0.26461,-3.22192,Upregulated
ILMN_1737475,ABHD11,ABHD11,abhydrolase domain containing 11,-0.6921866,4.502527372897296,-2.3686472,0.0234,0.30218,-3.50826,Downregulated
ILMN_1785424,ABLIM1,ABLIM1,actin binding LIM protein 1,0.8690407,8.359623894293708,2.7191251,0.0101,0.20742,-2.78596,Upregulated
ILMN_1808395,ACAP1,ACAP1,"ArfGAP with coiled-coil, ankyrin repeat and PH domains 1",1.1114689,6.457518751355766,4.1194601,0.000217,0.03054,0.61154,Upregulated
ILMN_1764321,ACOT4,ACOT4,acyl-CoA thioesterase 4,1.0404399,4.296189617850278,3.8600636,0.00046,0.04477,-0.06275,Upregulated
ILMN_2360705,ACSL3,ACSL3,acyl-CoA synthetase long-chain family member 3,-0.749191,9.063187173501337,-2.6827721,0.011,0.21722,-2.86391,Downregulated
ILMN_2232177,ACTN1,ACTN1,actinin alpha 1,-0.8139246,9.818697949180743,-3.4246626,0.00157,0.08406,-1.15634,Downregulated
ILMN_1725534,ACTN4,ACTN4,actinin alpha 4,0.6428687,8.670763756685535,2.7722645,0.00881,0.19842,-2.67082,Upregulated
ILMN_2152711,ACVR2A,ACVR2A,activin A receptor type 2A,-0.5943735,6.269048726642329,-3.3036846,0.00219,0.09703,-1.44978,Downregulated
ILMN_3250257,ACVRL1,ACVRL1,activin A receptor like type 1,-0.6049014,7.67886700050276,-2.5886374,0.0139,0.24349,-3.06263,Downregulated
ILMN_2148360,ADAM10,ADAM10,ADAM metallopeptidase domain 10,-1.136341,5.749512503890294,-2.6933662,0.0107,0.21401,-2.84127,Downregulated
ILMN_1713751,ADAM19,ADAM19,ADAM metallopeptidase domain 19,1.2130888,9.424605486347234,4.2847578,0.000133,0.02544,1.04813,Upregulated
ILMN_1654287,ADCY9,ADCY9,adenylate cyclase 9,-0.5945409,5.109109796742041,-2.3738842,0.0231,0.30069,-3.49797,Downregulated
ILMN_1780601,ADGRE1,ADGRE1,adhesion G protein-coupled receptor E1,-0.8897966,4.660341486096405,-2.9187915,0.00607,0.16682,-2.34632,Downregulated
ILMN_2352097,ADGRG1,ADGRG1,adhesion G protein-coupled receptor G1,1.1042363,5.2163420927280555,2.6537912,0.0118,0.22426,-2.92558,Upregulated
ILMN_1666902,ADGRG5,ADGRG5,adhesion G protein-coupled receptor G5,0.6524671,4.497188322623732,2.4796708,0.018,0.27139,-3.28675,Upregulated
ILMN_1807372,ADORA2A,ADORA2A,adenosine A2a receptor,0.6002564,6.031366793627948,2.332792,0.0255,0.3113,-3.57827,Upregulated
ILMN_2078592,ADTRP,ADTRP,androgen dependent TFPI regulating protein,1.2592631,3.7620871940942284,3.37293,0.00181,0.09082,-1.28244,Upregulated
ILMN_2095653,AFMID,AFMID,arylformamidase,-1.4384111,5.9583723060620235,-3.3975551,0.00169,0.08764,-1.22253,Downregulated
ILMN_3181215,AGFG1,AGFG1,ArfGAP with FG repeats 1,-0.6583146,5.489674631735478,-2.3755021,0.0231,0.29992,-3.49479,Downregulated
ILMN_1681301,AIM2,AIM2,absent in melanoma 2,0.5997715,6.102948678627756,2.2975352,0.0276,0.32149,-3.64636,Upregulated
ILMN_2343332,AK6,AK6,adenylate kinase 6,-0.6500441,7.162804476682324,-2.5241036,0.0162,0.26018,-3.19614,Downregulated
ILMN_1675398,ALDH1B1,ALDH1B1,aldehyde dehydrogenase 1 family member B1,-0.647135,3.6956966074756603,-2.571038,0.0145,0.24597,-3.09926,Downregulated
ILMN_2406557,ALDH4A1,ALDH4A1,aldehyde dehydrogenase 4 family member A1,-0.615848,4.298041799390255,-3.0049749,0.00485,0.14971,-2.15089,Downregulated
ILMN_1693789,ALPP,ALPP,"alkaline phosphatase, placental",0.6099019,11.655541438778165,3.8112452,0.000529,0.04808,-0.18795,Upregulated
ILMN_1736412,AMHR2,AMHR2,anti-Mullerian hormone receptor type 2,-0.9611793,3.521990311585812,-2.7951129,0.00832,0.19347,-2.62088,Downregulated
ILMN_1707727,ANGPTL4,ANGPTL4,angiopoietin like 4,1.4017457,5.787945259640117,2.8493498,0.00725,0.18065,-2.50136,Upregulated
ILMN_2059844,ANKRD44,ANKRD44,ankyrin repeat domain 44,0.8342876,6.776757534041871,3.9913805,0.000315,0.03613,0.27679,Upregulated
ILMN_3244029,ANKRD52,ANKRD52,ankyrin repeat domain 52,0.614955,3.9502579914577662,2.4515796,0.0193,0.27883,-3.34346,Upregulated
ILMN_1769259,ANO9,ANO9,anoctamin 9,0.907577,4.43665499890884,2.8954899,0.00644,0.17178,-2.39859,Upregulated
ILMN_2098616,ANXA2R,ANXA2R,annexin A2 receptor,0.6851821,7.351462950160236,3.0522924,0.00429,0.13942,-2.04222,Upregulated
ILMN_1754179,AP1G2,AP1G2,adaptor related protein complex 1 gamma 2 subunit,0.591159,8.049322640807627,3.6442664,0.000851,0.06062,-0.61152,Upregulated
ILMN_1676946,AP3M2,AP3M2,adaptor related protein complex 3 mu 2 subunit,0.6580401,7.295519147275476,2.9764576,0.00523,0.15407,-2.21591,Upregulated
ILMN_1717594,AP5B1,AP5B1,adaptor related protein complex 5 beta 1 subunit,0.6839816,3.5550893854541314,2.6765699,0.0112,0.21811,-2.87715,Upregulated
ILMN_3307651,APOBEC3D,APOBEC3D,apolipoprotein B mRNA editing enzyme catalytic subunit 3D,0.7400273,5.702863373046954,3.1039231,0.00374,0.13078,-1.92258,Upregulated
ILMN_1664828,APOBEC3H,APOBEC3H,apolipoprotein B mRNA editing enzyme catalytic subunit 3H,1.2131043,5.7116918017575555,2.8689156,0.0069,0.1762,-2.4579,Upregulated
ILMN_1789007,APOC1,APOC1,apolipoprotein C1,0.9221816,8.687704331169659,2.7483916,0.00936,0.202,-2.72272,Upregulated
ILMN_1802923,APOC2,APOC2,apolipoprotein C2,0.860213,5.336512314673805,2.4417864,0.0197,0.282,-3.36313,Upregulated
ILMN_1740938,APOE,APOE,apolipoprotein E,0.9902534,8.990489851396921,2.4698534,0.0185,0.27415,-3.30662,Upregulated
ILMN_2078724,APOPT1,APOPT1,"apoptogenic 1, mitochondrial",0.9383017,11.015847984441379,4.9025926,2.09e-05,0.013,2.7129,Upregulated
ILMN_1757036,AQP12A,AQP12A,aquaporin 12A,-0.7021957,5.075071973131103,-2.6526198,0.0119,0.22426,-2.92807,Downregulated
ILMN_2188119,ARL16,ARL16,ADP ribosylation factor like GTPase 16,0.7726982,11.711907169456767,3.5916127,0.000987,0.06544,-0.74349,Upregulated
ILMN_2141030,ARL17B,ARL17B,ADP ribosylation factor like GTPase 17B,-0.8817635,3.282843588407692,-2.4177426,0.0209,0.28893,-3.41118,Downregulated
ILMN_2180677,ARMCX1,ARMCX1,"armadillo repeat containing, X-linked 1",-0.9201318,4.734373679448457,-2.7988462,0.00824,0.19259,-2.6127,Downregulated
ILMN_2186678,ARMT1,ARMT1,acidic residue methyltransferase 1,-0.6796934,6.272810319917976,-2.5495939,0.0153,0.25143,-3.14367,Downregulated
ILMN_2189406,ARPIN,ARPIN,actin-related protein 2/3 complex inhibitor,-0.7626035,6.825458436101443,-2.6789738,0.0111,0.21811,-2.87202,Downregulated
ILMN_2184064,ARRDC4,ARRDC4,arrestin domain containing 4,-0.9024464,6.500929763345895,-2.1380342,0.0395,0.36799,-3.94485,Downregulated
ILMN_1680419,ASB7,ASB7,ankyrin repeat and SOCS box containing 7,-0.688083,4.7679660897025,-3.0289992,0.00456,0.14384,-2.09583,Downregulated
ILMN_1786041,ASB9,ASB9,ankyrin repeat and SOCS box containing 9,-0.7594257,3.680858073138221,-2.1732247,0.0365,0.35694,-3.88037,Downregulated
ILMN_1769013,ASGR1,ASGR1,asialoglycoprotein receptor 1,-0.60924,10.94024121286416,-2.4626354,0.0188,0.27505,-3.32119,Downregulated
ILMN_1810199,ASRGL1,ASRGL1,asparaginase like 1,-0.6056653,4.489592574578522,-2.3598872,0.0239,0.30363,-3.52543,Downregulated
ILMN_1698650,ATAD5,ATAD5,"ATPase family, AAA domain containing 5",0.6321711,3.8936383254870224,3.278178,0.00234,0.10116,-1.51098,Upregulated
ILMN_1706967,ATF7,ATF7,activating transcription factor 7,0.7279018,3.787431138885195,2.5957099,0.0136,0.24144,-3.04786,Upregulated
ILMN_1756006,ATG2A,ATG2A,autophagy related 2A,0.7278562,7.503169834594129,3.6961594,0.000735,0.05659,-0.48069,Upregulated
ILMN_2310909,ATP2A3,ATP2A3,ATPase sarcoplasmic/endoplasmic reticulum Ca2+ transporting 3,1.0139341,5.730365733863957,4.1517716,0.000197,0.02997,0.6965,Upregulated
ILMN_1696568,ATP2C1,ATP2C1,ATPase secretory pathway Ca2+ transporting 1,-0.5888225,6.989799218769045,-2.3623234,0.0238,0.30338,-3.52066,Downregulated
ILMN_1724480,AXIN2,AXIN2,axin 2,0.9397986,5.053164388064944,3.4583062,0.00143,0.07972,-1.07386,Upregulated
ILMN_2327994,AZIN1,AZIN1,antizyme inhibitor 1,-1.0386392,6.850311472545999,-2.2399502,0.0315,0.33773,-3.75595,Downregulated
ILMN_2326712,BACE2,BACE2,beta-site APP-cleaving enzyme 2,1.1047931,3.883761652964417,2.8735924,0.00681,0.17504,-2.44748,Upregulated
ILMN_2058468,BACH2,BACH2,BTB domain and CNC homolog 2,1.566805,3.777827536277709,3.5939589,0.00098,0.06523,-0.73763,Upregulated
ILMN_1661646,BANK1,BANK1,B-cell scaffold protein with ankyrin repeats 1,0.9126269,4.127085577703355,2.0687582,0.0459,0.39263,-4.06944,Upregulated
ILMN_1741985,BBS10,BBS10,Bardet-Biedl syndrome 10,-0.5953911,4.778290225282875,-2.3429962,0.0249,0.30843,-3.55842,Downregulated
ILMN_1745415,BBX,BBX,"BBX, HMG-box containing",0.6328414,9.034899937409191,3.6891768,0.000749,0.05659,-0.49834,Upregulated
ILMN_1808059,BCAS4,BCAS4,breast carcinoma amplified sequence 4,0.6653747,6.100162473018767,2.6577466,0.0117,0.2237,-2.91719,Upregulated
ILMN_1685641,BCHE,BCHE,butyrylcholinesterase,-0.835103,5.002065308587288,-2.0570255,0.0471,0.39685,-4.09023,Downregulated
ILMN_1735979,BCKDHA,BCKDHA,"branched chain keto acid dehydrogenase E1, alpha polypeptide",-0.67696,8.520451804545095,-2.596079,0.0136,0.24144,-3.04709,Downregulated
ILMN_1752899,BCL11A,BCL11A,B-cell CLL/lymphoma 11A,0.8936665,7.988923844650215,2.7914198,0.0084,0.1941,-2.62897,Upregulated
ILMN_1665761,BCL11B,BCL11B,B-cell CLL/lymphoma 11B,0.7606032,8.1017643496144,2.4852833,0.0178,0.27108,-3.27536,Upregulated
ILMN_1801119,BCL2,BCL2,"BCL2, apoptosis regulator",0.8011551,8.59254831443985,3.5046089,0.00126,0.07353,-0.95973,Upregulated
ILMN_3237448,BEND5,BEND5,BEN domain containing 5,0.6243157,3.737297798936981,2.1142678,0.0416,0.37328,-3.98795,Upregulated
ILMN_2181892,BEX2,BEX2,brain expressed X-linked 2,0.911926,6.324131079852776,3.2251084,0.00271,0.10757,-1.63757,Upregulated
ILMN_1763386,BID,BID,BH3 interacting domain death agonist,-0.6102151,8.80434214767151,-2.0334077,0.0495,0.40316,-4.1318,Downregulated
ILMN_2405684,BIRC3,BIRC3,baculoviral IAP repeat containing 3,0.6658141,10.328895140777005,4.2225406,0.00016,0.02723,0.88324,Upregulated
ILMN_1668277,BLK,BLK,"BLK proto-oncogene, Src family tyrosine kinase",2.5670518,3.82193439364385,4.060919,0.000257,0.03286,0.45813,Upregulated
ILMN_1797793,BLVRB,BLVRB,biliverdin reductase B,-0.7528207,9.619994696459258,-3.530692,0.00117,0.07041,-0.89515,Downregulated
ILMN_2106656,BLZF1,BLZF1,basic leucine zipper nuclear factor 1,0.8543899,9.313050981460258,4.7727307,3.1e-05,0.01413,2.35977,Upregulated
ILMN_1811148,BMP2K,BMP2K,BMP2 inducible kinase,-0.5853791,6.807687471462318,-2.4521703,0.0193,0.27883,-3.34227,Downregulated
ILMN_1741566,BMP7,BMP7,bone morphogenetic protein 7,-0.8373055,3.154353904619099,-2.6212889,0.0128,0.23574,-2.99423,Downregulated
ILMN_3238183,BMS1P5,BMS1P5,"BMS1, ribosome biogenesis factor pseudogene 5",0.7597191,11.924360960900461,4.3958882,9.58e-05,0.02321,1.34416,Upregulated
ILMN_1800619,BRI3BP,BRI3BP,BRI3 binding protein,-0.6678072,6.395497660560912,-3.0546507,0.00426,0.13928,-2.03678,Downregulated
ILMN_1676842,BTAF1,BTAF1,B-TFIID TATA-box binding protein associated factor 1,-0.5995504,8.394476711383522,-2.0772327,0.0451,0.38919,-4.05437,Downregulated
ILMN_1778536,BTLA,BTLA,B and T lymphocyte associated,0.619587,4.023321245350031,2.4440339,0.0196,0.28148,-3.35862,Upregulated
ILMN_1676528,BTN3A2,BTN3A2,butyrophilin subfamily 3 member A2,0.6547302,7.4208186677665235,2.9377012,0.00578,0.16118,-2.30372,Upregulated
ILMN_1793846,BZW1,BZW1,basic leucine zipper and W2 domains 1,-0.8056306,4.414926277261483,-2.4429807,0.0197,0.28191,-3.36073,Downregulated
ILMN_1775423,C10orf88,C10orf88,chromosome 10 open reading frame 88,-0.8096566,4.500670216347385,-2.7168697,0.0101,0.20745,-2.79081,Downregulated
ILMN_2243516,C11orf63,C11orf63,chromosome 11 open reading frame 63,0.8418346,8.590974279682326,4.6146558,4.98e-05,0.01768,1.93185,Upregulated
ILMN_1801572,C19orf44,C19orf44,chromosome 19 open reading frame 44,-0.5851163,3.847479747873247,-2.8281043,0.00765,0.18376,-2.54834,Downregulated
ILMN_1762330,C1D,C1D,C1D nuclear receptor corepressor,-0.702482,3.412306275277353,-2.1513154,0.0383,0.36386,-3.92061,Downregulated
ILMN_1737918,C1QA,C1QA,complement C1q A chain,0.6564472,7.709694606754784,2.4722997,0.0184,0.27341,-3.30167,Upregulated
ILMN_1796409,C1QB,C1QB,complement C1q B chain,0.9225589,10.733546437496239,3.2099684,0.00282,0.11089,-1.67349,Upregulated
ILMN_2069821,C4orf32,C4orf32,chromosome 4 open reading frame 32,-0.9886628,4.684073899176402,-3.2583804,0.00247,0.10394,-1.55833,Downregulated
ILMN_1691340,CACYBP,CACYBP,calcyclin binding protein,1.1987373,4.504345295261133,5.5117171,3.27e-06,0.00709,4.37924,Upregulated
ILMN_1680132,CADM1,CADM1,cell adhesion molecule 1,0.5850112,5.9390712216945785,2.0491367,0.0479,0.39917,-4.10416,Upregulated
ILMN_1794863,CAMK2N1,CAMK2N1,calcium/calmodulin dependent protein kinase II inhibitor 1,1.4779823,6.020877358751794,4.5476261,6.09e-05,0.02002,1.75117,Upregulated
ILMN_1687971,CAPN3,CAPN3,calpain 3,0.5882971,6.520782182577797,3.0644971,0.00415,0.13689,-2.01404,Upregulated
ILMN_1754145,CAPRIN1,CAPRIN1,cell cycle associated protein 1,-0.8645096,7.534555911577813,-2.6652188,0.0115,0.2225,-2.90132,Downregulated
ILMN_1726591,CARD16,CARD16,caspase recruitment domain family member 16,-0.7436193,6.383454462934761,-2.8309181,0.0076,0.18331,-2.54213,Downregulated
ILMN_1779854,CARD6,CARD6,caspase recruitment domain family member 6,-0.8862324,4.48702779852437,-3.4951237,0.00129,0.07482,-0.98317,Downregulated
ILMN_1694877,CASP6,CASP6,caspase 6,-0.6765801,5.352375634322257,-2.6781386,0.0111,0.21811,-2.8738,Downregulated
ILMN_1657361,CBX7,CBX7,chromobox 7,0.7748352,7.454317564033891,5.4049684,4.53e-06,0.00868,4.08672,Upregulated
ILMN_2122511,CCBE1,CCBE1,collagen and calcium binding EGF domains 1,0.6050057,10.704307157801802,2.9269492,0.00594,0.16381,-2.32796,Upregulated
ILMN_1682567,CCDC106,CCDC106,coiled-coil domain containing 106,-0.9072749,8.104626952143962,-2.7096963,0.0103,0.20942,-2.80624,Downregulated
ILMN_3246065,CCDC151,CCDC151,coiled-coil domain containing 151,-0.6505616,5.63176474498625,-2.247082,0.031,0.33516,-3.74249,Downregulated
ILMN_1772588,CCDC170,CCDC170,coiled-coil domain containing 170,-0.9338978,4.659867698715539,-4.2661589,0.000141,0.02544,0.99877,Downregulated
ILMN_1772208,CCDC88B,CCDC88B,coiled-coil domain containing 88B,0.6761751,6.1414095420703285,2.6529477,0.0119,0.22426,-2.92737,Upregulated
ILMN_1773352,CCL5,CCL5,C-C motif chemokine ligand 5,0.6887753,10.606248104270293,2.1369539,0.0396,0.36842,-3.94682,Upregulated
ILMN_3241750,CCNI2,CCNI2,cyclin I family member 2,0.5877223,3.8488076450867563,2.1831397,0.0357,0.35422,-3.86206,Upregulated
ILMN_1669062,CCR2,CCR2,C-C motif chemokine receptor 2,-0.7576044,8.851335969109861,-3.1221182,0.00356,0.12814,-1.88016,Downregulated
ILMN_1690907,CCR6,CCR6,C-C motif chemokine receptor 6,0.9510591,6.462025739858688,2.960139,0.00545,0.15699,-2.25297,Upregulated
ILMN_1715131,CCR7,CCR7,C-C motif chemokine receptor 7,1.9205027,8.02735468845996,4.0230879,0.000287,0.035,0.35935,Upregulated
ILMN_1681160,CCT6P1,CCT6P1,chaperonin containing TCP1 subunit 6 pseudogene 1,-0.8530716,4.22544539986278,-2.2562674,0.0303,0.33329,-3.7251,Downregulated
ILMN_1782704,CD19,CD19,CD19 molecule,2.4147015,4.410774717746308,3.550135,0.00111,0.06808,-0.84687,Upregulated
ILMN_1695025,CD2,CD2,CD2 molecule,0.7252426,9.336050922300114,2.728287,0.00984,0.20516,-2.76621,Upregulated
ILMN_2060413,CD24,CD24,CD24 molecule,2.3842099,6.805574974320222,4.1073,0.000225,0.03088,0.57962,Upregulated
ILMN_1702534,CD244,CD244,CD244 molecule,-0.9381022,4.763640765738273,-2.9527827,0.00556,0.15802,-2.26963,Downregulated
ILMN_2377669,CD247,CD247,CD247 molecule,0.6107296,9.491331639680475,2.1333567,0.0399,0.36894,-3.95336,Upregulated
ILMN_1688959,CD27,CD27,CD27 molecule,1.4003223,4.445623582449748,3.4082888,0.00164,0.08643,-1.19635,Upregulated
ILMN_2070940,CD302,CD302,CD302 molecule,-0.9324356,6.260717428136359,-2.7567487,0.00916,0.2005,-2.70458,Downregulated
ILMN_2341229,CD34,CD34,CD34 molecule,-1.0600757,6.081552058951479,-2.5705447,0.0145,0.24597,-3.10029,Downregulated
ILMN_1784863,CD36,CD36,CD36 molecule,-0.6576226,10.577905907220003,-2.2060617,0.0339,0.34818,-3.81949,Downregulated
ILMN_2375825,CD37,CD37,CD37 molecule,0.6421024,8.868661083774786,2.6906242,0.0108,0.21524,-2.84713,Upregulated
ILMN_2325837,CD3D,CD3D,CD3d molecule,0.8249215,8.74937962973564,2.4732884,0.0183,0.27341,-3.29967,Upregulated
ILMN_1739794,CD3E,CD3E,CD3e molecule,1.4608811,5.3753212701376345,3.1802351,0.00305,0.11744,-1.74377,Upregulated
ILMN_1717197,CD3G,CD3G,CD3g molecule,0.9818543,5.489622948385913,2.4794046,0.0181,0.27139,-3.28729,Upregulated
ILMN_1659077,CD40LG,CD40LG,CD40 ligand,1.2672281,3.268170167354831,4.6614219,4.33e-05,0.01596,2.0582,Upregulated
ILMN_1753112,CD5,CD5,CD5 molecule,1.2931515,5.435165254215201,3.1729836,0.00311,0.11855,-1.76086,Upregulated
ILMN_1746565,CD6,CD6,CD6 molecule,1.0557052,8.329397636832717,3.1784157,0.00307,0.11778,-1.74806,Upregulated
ILMN_2188333,CD69,CD69,CD69 molecule,1.0634132,8.26263167064592,3.3739361,0.00181,0.09081,-1.27999,Upregulated
ILMN_1792538,CD7,CD7,CD7 molecule,0.5993014,8.015644653979498,2.635486,0.0124,0.23024,-2.96431,Upregulated
ILMN_1760247,CD70,CD70,CD70 molecule,0.8074503,4.96835417736748,3.3089021,0.00216,0.09692,-1.43723,Upregulated
ILMN_1659227,CD79A,CD79A,CD79a molecule,2.4979313,4.054599384469487,4.453532,8.07e-05,0.02148,1.49843,Upregulated
ILMN_1710017,CD79B,CD79B,CD79b molecule,1.1980026,4.629095827028138,2.9807378,0.00517,0.15354,-2.20618,Upregulated
ILMN_1711573,CD96,CD96,CD96 molecule,0.9485683,7.200053085608031,2.9003848,0.00636,0.17171,-2.38763,Upregulated
ILMN_1663390,CDC20,CDC20,cell division cycle 20,-1.5792149,7.052729426998227,-3.0532206,0.00428,0.13933,-2.04008,Downregulated
ILMN_2338323,CDC25B,CDC25B,cell division cycle 25B,0.6335771,8.621463639199892,3.1887488,0.00298,0.11572,-1.72368,Upregulated
ILMN_1737651,CDC40,CDC40,cell division cycle 40,-0.6468578,8.284123825229342,-2.4298536,0.0203,0.28481,-3.38701,Downregulated
ILMN_1652777,CDC42EP2,CDC42EP2,CDC42 effector protein 2,-0.5918978,5.9367921643171435,-2.4677045,0.0186,0.27467,-3.31096,Downregulated
ILMN_1736327,CDC42EP3,CDC42EP3,CDC42 effector protein 3,-1.0366573,4.8066372150856855,-2.8127354,0.00796,0.18893,-2.5822,Downregulated
ILMN_2130078,CDKN2AIPNL,CDKN2AIPNL,CDKN2A interacting protein N-terminal like,0.590906,12.875507116412379,3.38044,0.00177,0.08971,-1.26419,Upregulated
ILMN_1716815,CEACAM1,CEACAM1,carcinoembryonic antigen related cell adhesion molecule 1,1.9050663,5.08356429134466,4.4882334,7.28e-05,0.0212,1.59151,Upregulated
ILMN_2368718,CENPM,CENPM,centromere protein M,0.688174,5.513967622010581,2.1840797,0.0357,0.35421,-3.86032,Upregulated
ILMN_2288483,CEP19,CEP19,centrosomal protein 19,0.8690681,11.5434816877182,3.9646006,0.00034,0.03679,0.20724,Upregulated
ILMN_2362681,CES2,CES2,carboxylesterase 2,0.7406002,6.963457490531373,4.4588036,7.94e-05,0.02144,1.51256,Upregulated
ILMN_2406043,CHMP3,CHMP3,charged multivesicular body protein 3,-0.6819333,8.338564360997342,-4.1559408,0.000195,0.02986,0.70747,Downregulated
ILMN_2094166,CHMP5,CHMP5,charged multivesicular body protein 5,-0.744732,8.504127053915791,-3.0870783,0.00391,0.13394,-1.96173,Downregulated
ILMN_2110751,CHRNA5,CHRNA5,cholinergic receptor nicotinic alpha 5 subunit,0.7851983,10.389059183201562,3.5137518,0.00123,0.07234,-0.93712,Upregulated
ILMN_1734707,CHST13,CHST13,carbohydrate sulfotransferase 13,-1.0721976,8.029442635202974,-2.4605838,0.0189,0.27534,-3.32533,Downregulated
ILMN_1738207,CISH,CISH,cytokine inducible SH2 containing protein,1.0185868,5.383095792987223,3.3574042,0.00189,0.09178,-1.3201,Upregulated
ILMN_1754103,CLDN11,CLDN11,claudin 11,-0.6581248,5.50432163188531,-2.0848714,0.0443,0.38522,-4.04074,Downregulated
ILMN_2292178,CLEC12A,CLEC12A,C-type lectin domain family 12 member A,-0.7555409,9.074952930818371,-3.2073829,0.00284,0.11143,-1.67961,Downregulated
ILMN_3250023,CLEC2D,CLEC2D,C-type lectin domain family 2 member D,0.709219,3.6608063240164923,2.316032,0.0265,0.31607,-3.61073,Upregulated
ILMN_1723115,CLEC4F,CLEC4F,C-type lectin domain family 4 member F,1.1013954,4.698872393737623,2.575474,0.0143,0.24507,-3.09004,Upregulated
ILMN_1796423,CLIC3,CLIC3,chloride intracellular channel 3,0.8351893,7.200693598751459,2.7196359,0.0101,0.20738,-2.78486,Upregulated
ILMN_1710124,CMTM8,CMTM8,CKLF like MARVEL transmembrane domain containing 8,0.9155619,5.68787042660092,3.5305794,0.00117,0.07041,-0.89543,Upregulated
ILMN_1662328,CNNM3,CNNM3,cyclin and CBS domain divalent metal cation transport mediator 3,0.6062979,7.470570616657924,2.7681934,0.0089,0.19842,-2.67969,Upregulated
ILMN_2402392,COL8A1,COL8A1,collagen type VIII alpha 1 chain,0.7492698,6.354088597178649,2.0407766,0.0488,0.40217,-4.11887,Upregulated
ILMN_1685122,COL9A2,COL9A2,collagen type IX alpha 2 chain,0.9039562,3.82386478565458,2.255427,0.0304,0.33341,-3.7267,Upregulated
ILMN_2210713,COMMD8,COMMD8,COMM domain containing 8,-0.9964833,4.65259441577469,-3.1460348,0.00334,0.12418,-1.82419,Downregulated
ILMN_1655827,COPS2,COPS2,COP9 signalosome subunit 2,-0.608354,6.564908074153105,-2.338411,0.0251,0.30938,-3.56735,Downregulated
ILMN_1677038,CPED1,CPED1,cadherin like and PC-esterase domain containing 1,-0.8317622,7.707573589953781,-3.3843854,0.00175,0.08971,-1.25459,Downregulated
ILMN_2169761,CPNE8,CPNE8,copine 8,-0.6827808,7.867505470749787,-2.8544957,0.00715,0.17949,-2.48994,Downregulated
ILMN_2058795,CPQ,CPQ,carboxypeptidase Q,-0.7584202,8.919440382574775,-2.3041765,0.0272,0.31931,-3.63359,Downregulated
ILMN_1791754,CPT1B,CPT1B,carnitine palmitoyltransferase 1B,0.727921,5.144999185848755,2.259169,0.0301,0.33231,-3.7196,Upregulated
ILMN_1723092,CRB3,CRB3,"crumbs 3, cell polarity complex component",0.8881229,5.054042417965275,3.1100608,0.00368,0.12961,-1.90828,Upregulated
ILMN_2334242,CREB1,CREB1,cAMP responsive element binding protein 1,0.881967,11.00504844287104,3.7261475,0.000675,0.05503,-0.40475,Upregulated
ILMN_1776788,CREBRF,CREBRF,CREB3 regulatory factor,0.6059428,7.863449625815764,2.1516488,0.0383,0.36386,-3.92,Upregulated
ILMN_1694432,CRIP2,CRIP2,cysteine rich protein 2,0.886442,7.575208329491801,2.0924014,0.0436,0.38186,-4.02727,Upregulated
ILMN_2119692,CSAD,CSAD,cysteine sulfinic acid decarboxylase,0.6218677,6.664917758198137,2.6339835,0.0124,0.2303,-2.96748,Upregulated
ILMN_1698666,CST6,CST6,cystatin E/M,-0.6441871,6.967897694089809,-2.1524129,0.0382,0.36377,-3.9186,Downregulated
ILMN_1679826,CST7,CST7,cystatin F,1.012271,7.783018256091199,3.8313715,0.0005,0.0465,-0.13641,Upregulated
ILMN_1763487,CTLA4,CTLA4,cytotoxic T-lymphocyte associated protein 4,0.8892268,7.752590525041235,3.0938444,0.00384,0.13262,-1.94602,Upregulated
ILMN_1682375,CTU1,CTU1,cytosolic thiouridylase subunit 1,-0.8151261,5.481831767385132,-3.7717895,0.000593,0.05111,-0.2887,Downregulated
ILMN_1806010,CUL9,CUL9,cullin 9,0.76009,5.972302626571894,4.3493835,0.00011,0.02472,1.22005,Upregulated
ILMN_1791980,CUTA,CUTA,cutA divalent cation tolerance homolog,-0.7703904,3.6955446338936673,-2.9250025,0.00597,0.1644,-2.33234,Downregulated
ILMN_1748323,CXCL14,CXCL14,C-X-C motif chemokine ligand 14,0.6376862,3.6937124763240963,2.9911884,0.00503,0.1522,-2.18237,Upregulated
ILMN_2161577,CXCL6,CXCL6,C-X-C motif chemokine ligand 6,-0.8702222,4.224385731771953,-2.1357197,0.0397,0.36894,-3.94906,Downregulated
ILMN_1662524,CXCR1,CXCR1,C-X-C motif chemokine receptor 1,0.8441125,3.6843376862814146,2.2535618,0.0305,0.33342,-3.73023,Upregulated
ILMN_1691507,CXCR2P1,CXCR2P1,C-X-C motif chemokine receptor 2 pseudogene 1,-0.8953744,4.583925379444734,-2.2355351,0.0318,0.3392,-3.76427,Downregulated
ILMN_2320888,CXCR4,CXCR4,C-X-C motif chemokine receptor 4,0.9716889,9.958665164042058,4.0932261,0.000234,0.03136,0.54271,Upregulated
ILMN_2337928,CXCR5,CXCR5,C-X-C motif chemokine receptor 5,2.3534967,4.425365920890478,4.2667641,0.000141,0.02544,1.00037,Upregulated
ILMN_1703279,CXorf57,CXorf57,chromosome X open reading frame 57,1.0105257,3.6813690947283786,2.937968,0.00577,0.16118,-2.30312,Upregulated
ILMN_1661359,CXorf65,CXorf65,chromosome X open reading frame 65,0.9316263,3.8185953833816,3.7366717,0.000655,0.05433,-0.37804,Upregulated
ILMN_2354478,CYFIP2,CYFIP2,cytoplasmic FMR1 interacting protein 2,1.2120472,6.692029947571054,4.9767272,1.67e-05,0.013,2.915,Upregulated
ILMN_1736190,CYP4F3,CYP4F3,cytochrome P450 family 4 subfamily F member 3,1.1113872,4.652469964520926,2.269389,0.0294,0.33001,-3.70018,Upregulated
ILMN_2204983,DCTN6,DCTN6,dynactin subunit 6,-0.6541012,5.017742334294521,-2.1293686,0.0402,0.36918,-3.9606,Downregulated
ILMN_2215382,DDX51,DDX51,DEAD-box helicase 51,0.6236593,11.491234484710358,3.1987123,0.0029,0.11313,-1.70014,Upregulated
ILMN_1791593,DENND5B,DENND5B,DENN domain containing 5B,0.7885261,4.159659059132102,2.0476932,0.0481,0.39985,-4.1067,Upregulated
ILMN_2172755,DEPTOR,DEPTOR,DEP domain containing MTOR-interacting protein,-0.868906,4.444980057084186,-2.6057464,0.0133,0.23854,-3.02686,Downregulated
ILMN_2319910,DGKA,DGKA,diacylglycerol kinase alpha,0.8777044,7.2365904817583395,4.259914,0.000143,0.02544,0.98221,Upregulated
ILMN_1782881,DLEU7,DLEU7,"deleted in lymphocytic leukemia, 7",-0.8050551,4.2033980850352295,-3.427748,0.00156,0.08374,-1.14879,Downregulated
ILMN_1714352,DMWD,DMWD,"dystrophia myotonica, WD repeat containing",0.9346888,4.788411181907724,2.8049498,0.00811,0.19068,-2.59931,Upregulated
ILMN_1705663,DMXL2,DMXL2,Dmx like 2,-0.6581391,7.453333301261309,-2.4990268,0.0172,0.26806,-3.24741,Downregulated
ILMN_1771824,DNAJC30,DNAJC30,DnaJ heat shock protein family (Hsp40) member C30,0.7129735,5.644259684174436,4.0617253,0.000257,0.03286,0.46024,Upregulated
ILMN_1745501,DNALI1,DNALI1,dynein axonemal light intermediate chain 1,-0.6524637,4.378157591053065,-2.2603889,0.03,0.33196,-3.71729,Downregulated
ILMN_2049184,DNASE1L3,DNASE1L3,deoxyribonuclease 1 like 3,0.8081637,3.879261398219989,2.1178785,0.0413,0.3732,-3.98142,Upregulated
ILMN_1775573,DPY19L4,DPY19L4,dpy-19 like 4 (C. elegans),-0.6196856,4.23507479088666,-2.5583723,0.0149,0.24807,-3.12552,Downregulated
ILMN_1738251,DRD3,DRD3,dopamine receptor D3,0.8208262,4.69428086365,2.52048,0.0164,0.26202,-3.20357,Upregulated
ILMN_2112915,DRD4,DRD4,dopamine receptor D4,0.7837562,3.8360348814869996,3.1367926,0.00343,0.12557,-1.84585,Upregulated
ILMN_2352023,DSTYK,DSTYK,dual serine/threonine and tyrosine protein kinase,-0.7086894,7.0091564700834645,-2.5702042,0.0145,0.24597,-3.10099,Downregulated
ILMN_1722492,DUSP19,DUSP19,dual specificity phosphatase 19,0.8002934,11.522572943995106,3.6075634,0.000944,0.0639,-0.7036,Upregulated
ILMN_1656501,DUSP5,DUSP5,dual specificity phosphatase 5,0.6031256,8.701981854688482,4.2049676,0.000169,0.02786,0.83678,Upregulated
ILMN_1802653,EBI3,EBI3,Epstein-Barr virus induced 3,0.8034234,4.343024724488076,3.2631721,0.00244,0.10282,-1.54688,Upregulated
ILMN_2167011,ECHDC1,ECHDC1,ethylmalonyl-CoA decarboxylase 1,-0.6363127,7.642701982648974,-3.0499147,0.00431,0.13984,-2.0477,Downregulated
ILMN_2329735,ECM1,ECM1,extracellular matrix protein 1,1.0340512,7.51191162074395,2.8626685,0.00701,0.17828,-2.47179,Upregulated
ILMN_1717173,ECT2,ECT2,epithelial cell transforming 2,-0.8349372,6.290637185618897,-2.9850633,0.00511,0.15339,-2.19633,Downregulated
ILMN_1695606,EFNB3,EFNB3,ephrin B3,-1.0337362,3.770200702992111,-2.7545978,0.00921,0.20052,-2.70925,Downregulated
ILMN_2051900,EID2B,EID2B,EP300 interacting inhibitor of differentiation 2B,0.7561274,11.56339830239328,3.3233316,0.00207,0.09556,-1.40247,Upregulated
ILMN_2330410,EIF3C,EIF3C,eukaryotic translation initiation factor 3 subunit C,-0.9659561,4.482537387880109,-3.9803449,0.000325,0.03632,0.24811,Downregulated
ILMN_3247320,ENHO,ENHO,energy homeostasis associated,0.6325125,6.493556766135253,2.9040648,0.0063,0.17057,-2.37938,Upregulated
ILMN_1765796,ENO2,ENO2,enolase 2,1.2831912,4.704446350027259,3.5542451,0.0011,0.06807,-0.83665,Upregulated
ILMN_1664265,EPHA1,EPHA1,EPH receptor A1,0.6238573,4.0929756999737545,2.2097017,0.0337,0.34711,-3.8127,Upregulated
ILMN_1651699,EPS8,EPS8,epidermal growth factor receptor pathway substrate 8,-0.7779412,6.220567757700513,-2.1150055,0.0415,0.37328,-3.98661,Downregulated
ILMN_2123312,ERAP2,ERAP2,endoplasmic reticulum aminopeptidase 2,0.7284333,12.604866171419282,3.8350965,0.000494,0.04644,-0.12685,Upregulated
ILMN_2122103,ETS1,ETS1,"ETS proto-oncogene 1, transcription factor",0.7148353,8.93148205553432,2.5774674,0.0143,0.24507,-3.0859,Upregulated
ILMN_2042651,EVI2B,EVI2B,ecotropic viral integration site 2B,-0.6833508,5.658846377016127,-2.0932677,0.0435,0.38157,-4.02572,Downregulated
ILMN_2117569,EXO5,EXO5,exonuclease 5,0.7618846,10.544861065752507,4.4232112,8.83e-05,0.02228,1.41723,Upregulated
ILMN_2102951,FAHD2A,FAHD2A,fumarylacetoacetate hydrolase domain containing 2A,-0.7720628,5.779404498167778,-2.5474008,0.0153,0.25163,-3.1482,Downregulated
ILMN_1745112,FAM102A,FAM102A,family with sequence similarity 102 member A,0.7904191,5.000590707714258,2.1303149,0.0402,0.36894,-3.95889,Upregulated
ILMN_1745533,FAM117A,FAM117A,family with sequence similarity 117 member A,0.7227085,3.95432370000738,2.6152544,0.013,0.23697,-3.00691,Upregulated
ILMN_1809147,FAM118A,FAM118A,family with sequence similarity 118 member A,1.046075,5.559695996840335,2.3097455,0.0268,0.31848,-3.62286,Upregulated
ILMN_1664063,FAM129C,FAM129C,family with sequence similarity 129 member C,1.2146082,4.137430360844906,2.7169607,0.0101,0.20745,-2.79062,Upregulated
ILMN_2283597,FAM134B,FAM134B,family with sequence similarity 134 member B,0.8197153,5.007780867754053,2.9983117,0.00494,0.15088,-2.16611,Upregulated
ILMN_2225608,FAM135A,FAM135A,family with sequence similarity 135 member A,-0.6413556,5.2536694771596055,-2.5320203,0.0159,0.257,-3.17989,Downregulated
ILMN_2185675,FAM159A,FAM159A,family with sequence similarity 159 member A,0.9920252,3.2949794024947456,3.3795075,0.00178,0.08971,-1.26646,Upregulated
ILMN_1803647,FAM162A,FAM162A,family with sequence similarity 162 member A,-0.6146903,6.955915289881673,-2.1311739,0.0401,0.36894,-3.95733,Downregulated
ILMN_3237177,FAM175A,FAM175A,family with sequence similarity 175 member A,0.7634783,11.143595803665933,3.8358385,0.000493,0.04644,-0.12495,Upregulated
ILMN_1672124,FAM198B,FAM198B,family with sequence similarity 198 member B,-0.5967936,9.386566209712955,-2.8562833,0.00712,0.17912,-2.48598,Downregulated
ILMN_1764364,FAM19A3,FAM19A3,"family with sequence similarity 19 member A3, C-C motif chemokine like",-0.6316741,4.890523656129734,-2.1937795,0.0349,0.35104,-3.84234,Downregulated
ILMN_2101719,FAM204A,FAM204A,family with sequence similarity 204 member A,-0.6364785,4.968830683149639,-3.0088046,0.0048,0.14929,-2.14213,Downregulated
ILMN_1727249,FAM21C,FAM21C,family with sequence similarity 21 member C,-0.7576121,5.181500123632278,-2.2059726,0.034,0.34818,-3.81966,Downregulated
ILMN_2116811,FAM220A,FAM220A,family with sequence similarity 220 member A,-0.5856471,3.546357337585188,-2.4889277,0.0176,0.27036,-3.26796,Downregulated
ILMN_3248941,FAM229B,FAM229B,family with sequence similarity 229 member B,0.6178275,5.823208250172829,3.5713815,0.00104,0.06672,-0.79398,Upregulated
ILMN_1713266,FAM46C,FAM46C,family with sequence similarity 46 member C,0.9257692,8.724033806808874,2.7283323,0.00984,0.20516,-2.76611,Upregulated
ILMN_1689552,FAM63A,FAM63A,family with sequence similarity 63 member A,0.7746591,9.91597422526513,3.2191406,0.00275,0.10886,-1.65174,Upregulated
ILMN_1719870,FAM72D,FAM72D,family with sequence similarity 72 member D,-0.8140314,4.147251730587766,-2.1288407,0.0403,0.36922,-3.96156,Downregulated
ILMN_1784871,FASN,FASN,fatty acid synthase,-0.8545733,9.45900262404274,-4.1127776,0.000221,0.03069,0.59399,Downregulated
ILMN_1697561,FBXL16,FBXL16,F-box and leucine rich repeat protein 16,0.6271481,3.9727258592036905,2.0385429,0.049,0.40236,-4.12279,Upregulated
ILMN_1715823,FBXO16,FBXO16,F-box protein 16,-0.6267489,3.726187514243646,-2.7764429,0.00872,0.19819,-2.6617,Downregulated
ILMN_2168992,FBXO30,FBXO30,F-box protein 30,-0.65066,5.475970150436438,-2.3627749,0.0237,0.30338,-3.51978,Downregulated
ILMN_1671427,FBXW4,FBXW4,F-box and WD repeat domain containing 4,0.608091,7.569338423695642,3.0728534,0.00406,0.13625,-1.99471,Upregulated
ILMN_1775542,FCMR,FCMR,Fc fragment of IgM receptor,0.9805599,8.341964553963518,3.1297752,0.00349,0.12726,-1.86227,Upregulated
ILMN_1791329,FCRL2,FCRL2,Fc receptor like 2,1.2366907,4.711861290660294,3.2407151,0.00259,0.10547,-1.60045,Upregulated
ILMN_1691071,FCRLA,FCRLA,Fc receptor like A,1.9599437,4.926358053692131,3.2525749,0.00251,0.10416,-1.57218,Upregulated
ILMN_3243529,FDXACB1,FDXACB1,ferredoxin-fold anticodon binding domain containing 1,-1.007238,4.498008051985879,-2.4331248,0.0201,0.28345,-3.38047,Downregulated
ILMN_3211677,FGD5P1,FGD5P1,"FYVE, RhoGEF and PH domain containing 5 pseudogene 1",0.8344161,5.477412955941735,4.1478702,0.000199,0.02997,0.68623,Upregulated
ILMN_2150294,FKBP14,FKBP14,FK506 binding protein 14,0.8014246,11.339382457480113,4.0786072,0.000244,0.03228,0.50441,Upregulated
ILMN_3239766,FKBP1AP1,FKBP1AP1,FK506 binding protein 1A pseudogene 1,0.8790667,6.163552425942456,3.4765017,0.00136,0.07748,-1.02909,Upregulated
ILMN_2091412,FLT3LG,FLT3LG,fms related tyrosine kinase 3 ligand,1.4377149,6.020111546877898,4.8640669,2.35e-05,0.01324,2.60801,Upregulated
ILMN_2078547,FMC1,FMC1,formation of mitochondrial complex V assembly factor 1 homolog,0.8612337,10.574108459127313,4.3003661,0.000127,0.02544,1.08959,Upregulated
ILMN_1880280,FOXP1-IT1,FOXP1-IT1,FOXP1 intronic transcript 1,0.6031114,6.25192653415146,2.1043052,0.0425,0.37871,-4.0059,Upregulated
ILMN_2312228,FUT6,FUT6,fucosyltransferase 6,1.0794086,6.248538845373433,3.6905485,0.000747,0.05659,-0.49487,Upregulated
ILMN_1691846,G0S2,G0S2,G0/G1 switch 2,1.4301537,3.893874178874816,3.0589914,0.00421,0.13794,-2.02676,Upregulated
ILMN_1671039,GALNT3,GALNT3,polypeptide N-acetylgalactosaminyltransferase 3,0.6254216,7.416270324776774,4.2963517,0.000129,0.02544,1.07892,Upregulated
ILMN_2062701,GAS1,GAS1,growth arrest specific 1,-0.9787505,6.335980045571448,-2.3176143,0.0264,0.31573,-3.60767,Downregulated
ILMN_1766359,GATAD2B,GATAD2B,GATA zinc finger domain containing 2B,0.6117645,6.7368950032978825,2.6640292,0.0115,0.2227,-2.90385,Upregulated
ILMN_1771385,GBP4,GBP4,guanylate binding protein 4,0.8588478,8.496478347500787,2.3140729,0.0266,0.31653,-3.61451,Upregulated
ILMN_2225974,GCLM,GCLM,glutamate-cysteine ligase modifier subunit,0.683179,7.138275035208046,3.8569129,0.000464,0.04483,-0.07085,Upregulated
ILMN_2106265,GDPD1,GDPD1,glycerophosphodiester phosphodiesterase domain containing 1,0.7501171,7.590260660727871,4.3872739,9.83e-05,0.02321,1.32115,Upregulated
ILMN_1690420,GFI1,GFI1,growth factor independent 1 transcriptional repressor,0.8559569,5.882236669422765,2.5712416,0.0145,0.24597,-3.09884,Upregulated
ILMN_3241953,GGACT,GGACT,gamma-glutamylamine cyclotransferase,-0.7999674,6.174080379932739,-2.7669259,0.00893,0.19842,-2.68245,Downregulated
ILMN_1757186,GIMAP1,GIMAP1,"GTPase, IMAP family member 1",-0.7332324,7.648128958195649,-2.2956967,0.0277,0.32211,-3.64989,Downregulated
ILMN_2129545,GNB4,GNB4,G protein subunit beta 4,0.7778706,7.059623487628715,2.724382,0.00993,0.20627,-2.77463,Upregulated
ILMN_1728107,GNG7,GNG7,G protein subunit gamma 7,0.8576385,6.80764537414764,2.6372269,0.0123,0.22957,-2.96063,Upregulated
ILMN_3251251,GNL3L,GNL3L,G protein nucleolar 3 like,-0.8962748,5.536600212106876,-4.4753598,7.56e-05,0.02134,1.55696,Downregulated
ILMN_1790692,GNLY,GNLY,granulysin,1.3296731,7.320125087170239,3.0957593,0.00382,0.1324,-1.94157,Upregulated
ILMN_1712469,GOLGA8A,GOLGA8A,golgin A8 family member A,1.2316309,4.225237177076277,3.6841918,0.00076,0.0569,-0.51093,Upregulated
ILMN_2103547,GOLGA8B,GOLGA8B,golgin A8 family member B,0.9479218,9.17776160128226,3.410175,0.00163,0.08643,-1.19174,Upregulated
ILMN_3241725,GOLGA8IP,GOLGA8IP,"golgin A8 family member I, pseudogene",0.9926909,5.445279353975713,3.3231404,0.00207,0.09556,-1.40293,Upregulated
ILMN_2316386,GPBAR1,GPBAR1,G protein-coupled bile acid receptor 1,-0.6400374,8.774588021814013,-3.5557814,0.00109,0.06807,-0.83283,Downregulated
ILMN_2107004,GPR1,GPR1,G protein-coupled receptor 1,0.7746652,9.341861562644171,3.7920613,0.000559,0.04969,-0.23699,Upregulated
ILMN_1671142,GPR68,GPR68,G protein-coupled receptor 68,0.7899384,3.716690921535121,2.517012,0.0165,0.26333,-3.21068,Upregulated
ILMN_1705210,GRASP,GRASP,general receptor for phosphoinositides 1 associated scaffold protein,0.9127145,5.922566219238716,3.9741581,0.000331,0.03646,0.23204,Upregulated
ILMN_2115974,GSDMA,GSDMA,gasdermin A,-1.461834,5.174733022163606,-3.0108336,0.00478,0.14888,-2.13748,Downregulated
ILMN_1666206,GSDMB,GSDMB,gasdermin B,0.672633,7.002858274014493,2.9527333,0.00556,0.15802,-2.26974,Upregulated
ILMN_1736184,GSTM3,GSTM3,glutathione S-transferase mu 3,-0.9018597,4.863868168274864,-3.2059566,0.00285,0.11163,-1.68299,Downregulated
ILMN_2246548,GSTTP2,GSTTP2,glutathione S-transferase theta pseudogene 2,0.639683,7.673743474984266,3.1262709,0.00352,0.12767,-1.87046,Upregulated
ILMN_2381296,GSTZ1,GSTZ1,glutathione S-transferase zeta 1,-0.7787629,6.135076775724831,-3.3582385,0.00188,0.09178,-1.31808,Downregulated
ILMN_1691485,GTF2H2,GTF2H2,general transcription factor IIH subunit 2,-0.7746966,3.3330326229017437,-2.155791,0.038,0.36195,-3.91241,Downregulated
ILMN_2211728,GUCA1B,GUCA1B,guanylate cyclase activator 1B,0.8005284,3.76707060585673,3.3635694,0.00186,0.09174,-1.30516,Upregulated
ILMN_1779324,GZMA,GZMA,granzyme A,0.6929447,9.815410706280055,2.0565237,0.0471,0.39685,-4.09112,Upregulated
ILMN_1690561,GZMM,GZMM,granzyme M,1.1529824,4.771326706806413,3.3201106,0.00209,0.09589,-1.41023,Upregulated
ILMN_2107991,HABP4,HABP4,hyaluronan binding protein 4,0.7087192,6.008089283630685,3.9935273,0.000313,0.03613,0.28238,Upregulated
ILMN_1729188,HAMP,HAMP,hepcidin antimicrobial peptide,1.0308139,7.429097086338006,3.1129914,0.00365,0.12948,-1.90145,Upregulated
ILMN_1654319,HAPLN3,HAPLN3,hyaluronan and proteoglycan link protein 3,0.9817703,3.426816881100091,2.8785924,0.00673,0.17422,-2.43634,Upregulated
ILMN_2318568,HCFC1R1,HCFC1R1,host cell factor C1 regulator 1,-0.88319,7.974940930696536,-3.0166947,0.00471,0.14757,-2.12406,Downregulated
ILMN_1764396,HDAC4,HDAC4,histone deacetylase 4,-0.9072486,5.865183478631354,-2.626752,0.0126,0.23369,-2.98273,Downregulated
ILMN_1666082,HEATR3,HEATR3,HEAT repeat containing 3,1.0989421,4.857535926585908,5.0877045,1.19e-05,0.013,3.21808,Upregulated
ILMN_1731014,HEMK1,HEMK1,HemK methyltransferase family member 1,0.6327371,5.037406527567593,3.756208,0.000619,0.0523,-0.32838,Upregulated
ILMN_1659075,HLA-DOA,HLA-DOA,"major histocompatibility complex, class II, DO alpha",0.6231657,9.51421930305437,3.2704839,0.00239,0.1017,-1.5294,Upregulated
ILMN_1700428,HLA-DOB,HLA-DOB,"major histocompatibility complex, class II, DO beta",1.2754595,5.712345526286803,4.2620875,0.000142,0.02544,0.98797,Upregulated
ILMN_1663447,HNRNPA1,HNRNPA1,heterogeneous nuclear ribonucleoprotein A1,-0.7053642,6.277552641312022,-2.3049241,0.0271,0.31931,-3.63215,Downregulated
ILMN_2101928,HNRNPH1,HNRNPH1,heterogeneous nuclear ribonucleoprotein H1 (H),-0.618694,5.988784155688888,-2.6641989,0.0115,0.2227,-2.90349,Downregulated
ILMN_2370135,HNRNPU,HNRNPU,heterogeneous nuclear ribonucleoprotein U,0.9455128,10.024117711571748,4.7128694,3.71e-05,0.01512,2.19745,Upregulated
ILMN_2316236,HOPX,HOPX,HOP homeobox,1.0382517,7.240228015203183,2.8544413,0.00716,0.17949,-2.49007,Upregulated
ILMN_1671661,HSD17B7,HSD17B7,hydroxysteroid 17-beta dehydrogenase 7,0.6841464,11.301622040372905,4.3071033,0.000125,0.02544,1.1075,Upregulated
ILMN_1653042,HSD3B7,HSD3B7,"hydroxy-delta-5-steroid dehydrogenase, 3 beta- and steroid delta-isomerase 7",0.7061244,6.023471583830224,2.5298413,0.016,0.25813,-3.18436,Upregulated
ILMN_1788017,HSH2D,HSH2D,hematopoietic SH2 domain containing,1.681092,4.081642983035321,5.1709322,9.25e-06,0.01299,3.44572,Upregulated
ILMN_3247059,HYALP1,HYALP1,hyaluronoglucosaminidase pseudogene 1,-0.6378382,4.5037641724297695,-2.4371565,0.02,0.28222,-3.3724,Downregulated
ILMN_2091707,HYKK,HYKK,hydroxylysine kinase,0.964915,7.253431366704957,5.0709143,1.25e-05,0.013,3.17219,Upregulated
ILMN_2073543,HYPK,HYPK,huntingtin interacting protein K,0.8377946,11.341475398340611,5.1625335,9.49e-06,0.01299,3.42274,Upregulated
ILMN_1669927,ICOS,ICOS,inducible T-cell costimulator,0.8008226,6.457557261854564,2.6522208,0.0119,0.22426,-2.92891,Upregulated
ILMN_1769883,IDE,IDE,insulin degrading enzyme,-0.8877874,6.214446580491786,-3.8779786,0.000437,0.04341,-0.01666,Downregulated
ILMN_1682762,IDH3G,IDH3G,isocitrate dehydrogenase 3 (NAD(+)) gamma,0.6640883,4.381926126439738,2.3501424,0.0245,0.30568,-3.54449,Upregulated
ILMN_3239965,IDO1,IDO1,"indoleamine 2,3-dioxygenase 1",0.8755114,5.5982411557956615,2.5681496,0.0146,0.24639,-3.10526,Upregulated
ILMN_1801246,IFITM1,IFITM1,interferon induced transmembrane protein 1,0.7484119,9.442015681082133,3.3690201,0.00183,0.09131,-1.29193,Upregulated
ILMN_2393765,IGLL1,IGLL1,immunoglobulin lambda like polypeptide 1,1.9048043,7.17001628758548,3.1190217,0.00359,0.1287,-1.88739,Upregulated
ILMN_1730432,IGSF8,IGSF8,immunoglobulin superfamily member 8,0.605856,3.947513190015276,2.3059737,0.0271,0.31931,-3.63013,Upregulated
ILMN_1701402,IKBIP,IKBIP,IKBKB interacting protein,-0.7748817,5.693576442632887,-2.9901123,0.00504,0.1522,-2.18482,Downregulated
ILMN_2407851,IL17RD,IL17RD,interleukin 17 receptor D,0.6422776,10.968423808915261,3.9119485,0.000396,0.04162,0.07094,Upregulated
ILMN_1781700,IL18R1,IL18R1,interleukin 18 receptor 1,0.7646323,6.472568134148967,3.6672063,0.000798,0.0582,-0.55378,Upregulated
ILMN_1683774,IL2RA,IL2RA,interleukin 2 receptor subunit alpha,1.0812025,4.301028482143377,3.7759138,0.000586,0.05101,-0.27819,Upregulated
ILMN_1794386,IL2RG,IL2RG,interleukin 2 receptor subunit gamma,1.1284664,4.795337525018803,3.2462726,0.00256,0.10442,-1.58721,Upregulated
ILMN_2368530,IL32,IL32,interleukin 32,0.8215289,8.596612939363865,2.1605258,0.0376,0.36033,-3.90373,Upregulated
ILMN_1659960,IL4I1,IL4I1,interleukin 4 induced 1,0.6601435,7.096090978552135,2.9706021,0.00531,0.15535,-2.22922,Upregulated
ILMN_1691341,IL7R,IL7R,interleukin 7 receptor,1.0594357,10.235826742410035,3.634255,0.000875,0.06167,-0.63668,Upregulated
ILMN_1745172,ILF2,ILF2,interleukin enhancer binding factor 2,-0.6107878,10.402647032674013,-2.1413858,0.0392,0.36768,-3.93874,Downregulated
ILMN_1669584,ILF3,ILF3,interleukin enhancer binding factor 3,-0.6328211,8.424126315873494,-2.4918885,0.0175,0.26989,-3.26194,Downregulated
ILMN_2381603,ING3,ING3,inhibitor of growth family member 3,-0.6014396,6.100480393794789,-2.3898202,0.0223,0.29431,-3.46656,Downregulated
ILMN_1789106,IPP,IPP,intracisternal A particle-promoted polypeptide,0.8932479,6.9176055696166285,4.9044209,2.08e-05,0.013,2.71788,Upregulated
ILMN_1659913,ISG20,ISG20,interferon stimulated exonuclease gene 20,0.9770992,9.841795101273712,3.8854487,0.000428,0.04325,0.00258,Upregulated
ILMN_1900734,ITCH-IT1,ITCH-IT1,ITCH intronic transcript 1,0.9725381,7.9528364166286085,3.5274054,0.00118,0.07051,-0.9033,Upregulated
ILMN_1777519,ITGB7,ITGB7,integrin subunit beta 7,0.7424589,8.160336108103053,3.7400962,0.000649,0.05433,-0.36934,Upregulated
ILMN_1699160,ITK,ITK,IL2 inducible T-cell kinase,1.0086935,8.408135037603177,3.0774762,0.00401,0.13625,-1.984,Upregulated
ILMN_2165993,ITLN1,ITLN1,intelectin 1,-1.2037175,10.31918357475802,-2.5894873,0.0139,0.24349,-3.06085,Downregulated
ILMN_2118129,ITLN2,ITLN2,intelectin 2,-0.9578152,4.036396324856074,-2.2561385,0.0303,0.33329,-3.72535,Downregulated
ILMN_1680453,ITM2C,ITM2C,integral membrane protein 2C,0.8604678,7.693771954132704,2.9813388,0.00516,0.15354,-2.20481,Upregulated
ILMN_2134381,ITPK1-AS1,ITPK1-AS1,ITPK1 antisense RNA 1,0.7512629,12.342357472113001,3.9651125,0.00034,0.03679,0.20856,Upregulated
ILMN_1795285,JADE2,JADE2,jade family PHD finger 2,0.7480559,7.295398017577384,3.8827505,0.000431,0.04325,-0.00437,Upregulated
ILMN_1673769,KCNG1,KCNG1,potassium voltage-gated channel modifier subfamily G member 1,0.9275464,4.260351775139673,2.7452834,0.00943,0.20239,-2.72945,Upregulated
ILMN_1704063,KCNH3,KCNH3,potassium voltage-gated channel subfamily H member 3,-0.7366472,3.6785260562817204,-3.3039644,0.00219,0.09703,-1.4491,Downregulated
ILMN_2074773,KCNK6,KCNK6,potassium two pore domain channel subfamily K member 6,0.8184015,6.164200055501373,4.4955338,7.12e-05,0.0212,1.61111,Upregulated
ILMN_2297765,KCNMA1,KCNMA1,potassium calcium-activated channel subfamily M alpha 1,0.8245117,6.0306931764599705,2.8482075,0.00727,0.18085,-2.50389,Upregulated
ILMN_2409520,KCNQ1,KCNQ1,potassium voltage-gated channel subfamily Q member 1,-0.7834598,5.069284717700153,-3.0685765,0.00411,0.13647,-2.00461,Downregulated
ILMN_2229649,KCTD12,KCTD12,potassium channel tetramerization domain containing 12,-0.9342924,6.78555314399188,-2.8872781,0.00658,0.17318,-2.41695,Downregulated
ILMN_1786843,KCTD13,KCTD13,potassium channel tetramerization domain containing 13,0.8149784,6.7021831560546525,2.6498156,0.012,0.22498,-2.93401,Upregulated
ILMN_1800220,KCTD3,KCTD3,potassium channel tetramerization domain containing 3,-0.6055847,6.206177431326871,-2.9553903,0.00552,0.15741,-2.26373,Downregulated
ILMN_1769207,KCTD7,KCTD7,potassium channel tetramerization domain containing 7,0.6806039,6.202252546653195,3.0665499,0.00413,0.13647,-2.00929,Upregulated
ILMN_1661519,KIAA0408,KIAA0408,KIAA0408,0.8252844,7.225746043498809,3.9868138,0.000319,0.03618,0.26492,Upregulated
ILMN_2163819,KIF21B,KIF21B,kinesin family member 21B,0.6549954,5.262133119727732,3.0767343,0.00402,0.13625,-1.98572,Upregulated
ILMN_1803018,KIFC2,KIFC2,kinesin family member C2,0.6127068,6.9043475578250115,2.8840876,0.00663,0.1739,-2.42408,Upregulated
ILMN_1739756,KIR2DL4,KIR2DL4,"killer cell immunoglobulin like receptor, two Ig domains and long cytoplasmic tail 4",1.0364847,6.385959425110675,2.8614526,0.00703,0.17828,-2.4745,Upregulated
ILMN_1790160,KIT,KIT,KIT proto-oncogene receptor tyrosine kinase,0.8273549,4.428199764378076,2.1264136,0.0405,0.36998,-3.96597,Upregulated
ILMN_2411897,KLF10,KLF10,Kruppel like factor 10,-0.7672734,6.809380904050338,-2.9418567,0.00572,0.16063,-2.29434,Downregulated
ILMN_1714444,KLF12,KLF12,Kruppel like factor 12,0.8266149,5.628398724022214,2.4836424,0.0179,0.27119,-3.27869,Upregulated
ILMN_2048507,KLF3,KLF3,Kruppel like factor 3,-0.6980865,4.56092782692722,-2.5693166,0.0145,0.24628,-3.10284,Downregulated
ILMN_3251605,KLHL28,KLHL28,kelch like family member 28,0.9113173,9.093826489153496,3.9541702,0.000351,0.03734,0.18018,Upregulated
ILMN_1770641,KLHL3,KLHL3,kelch like family member 3,0.7600691,4.791266212228381,2.3232729,0.026,0.31558,-3.59673,Upregulated
ILMN_2079655,KLRB1,KLRB1,killer cell lectin like receptor B1,1.1772008,9.947455318958433,4.2709765,0.000139,0.02544,1.01155,Upregulated
ILMN_1752647,KLRC1,KLRC1,killer cell lectin like receptor C1,0.5863891,4.250034071177321,2.2068309,0.0339,0.34804,-3.81806,Upregulated
ILMN_1799134,KLRD1,KLRD1,killer cell lectin like receptor D1,0.9859813,6.050504409455666,2.7197443,0.0101,0.20738,-2.78462,Upregulated
ILMN_1685521,KLRF1,KLRF1,killer cell lectin like receptor F1,0.791881,4.850743726247722,2.4627405,0.0188,0.27505,-3.32098,Upregulated
ILMN_1652008,KNSTRN,KNSTRN,kinetochore localized astrin/SPAG5 binding protein,-0.6052119,5.407997197473922,-2.8759167,0.00677,0.17447,-2.4423,Downregulated
ILMN_2091375,KRCC1,KRCC1,lysine rich coiled-coil 1,-0.8146797,5.658978196334499,-2.561347,0.0148,0.24781,-3.11936,Downregulated
ILMN_2219002,KRT6A,KRT6A,keratin 6A,1.4231297,4.548095509449685,2.7631598,0.00902,0.19859,-2.69064,Upregulated
ILMN_1782389,LAD1,LAD1,ladinin 1,1.1356184,3.8005260788935953,2.9405372,0.00574,0.16069,-2.29732,Upregulated
ILMN_1658709,LAMB1,LAMB1,laminin subunit beta 1,-0.6053662,6.098956634864427,-2.0981536,0.0431,0.38046,-4.01696,Downregulated
ILMN_2170814,LAMP3,LAMP3,lysosomal associated membrane protein 3,1.3936076,5.264314884109945,3.6889961,0.00075,0.05659,-0.4988,Upregulated
ILMN_1769782,LAX1,LAX1,lymphocyte transmembrane adaptor 1,1.1585243,4.951449660364218,3.4040179,0.00166,0.0868,-1.20677,Upregulated
ILMN_2315979,LBH,LBH,limb bud and heart development,0.773813,8.009919090198059,3.8976896,0.000413,0.04209,0.03413,Upregulated
ILMN_1699991,LCK,LCK,"LCK proto-oncogene, Src family tyrosine kinase",0.9848066,5.025102437162805,3.5757777,0.00103,0.06672,-0.78302,Upregulated
ILMN_1692223,LCN2,LCN2,lipocalin 2,1.6304588,4.189965099884511,2.1267648,0.0405,0.36998,-3.96533,Upregulated
ILMN_1758812,LDHAL6A,LDHAL6A,lactate dehydrogenase A like 6A,-0.6028883,3.769647774181135,-2.160108,0.0376,0.36049,-3.9045,Downregulated
ILMN_1679185,LEF1,LEF1,lymphoid enhancer binding factor 1,1.3133521,7.121354102648961,3.5222627,0.0012,0.0713,-0.91604,Upregulated
ILMN_2234956,LEPR,LEPR,leptin receptor,-0.755095,5.025957222776371,-2.8866254,0.00659,0.17318,-2.41841,Downregulated
ILMN_2268156,LFNG,LFNG,LFNG O-fucosylpeptide 3-beta-N-acetylglucosaminyltransferase,-0.6049704,4.98446236326525,-2.7644272,0.00899,0.19842,-2.68789,Downregulated
ILMN_1706779,LIG1,LIG1,DNA ligase 1,0.6790962,5.905569010834583,3.2561193,0.00249,0.10416,-1.56373,Upregulated
ILMN_1734748,LILRA1,LILRA1,leukocyte immunoglobulin like receptor A1,-0.8455277,3.2542417332418476,-2.7223599,0.00999,0.20664,-2.77899,Downregulated
ILMN_1661631,LILRA3,LILRA3,leukocyte immunoglobulin like receptor A3,-0.9405502,10.687497736352988,-2.6810976,0.0111,0.21745,-2.86749,Downregulated
ILMN_1691849,LIN7C,LIN7C,"lin-7 homolog C, crumbs cell polarity complex component",-0.7782394,5.011876317308137,-2.3665471,0.0235,0.30258,-3.51238,Downregulated
ILMN_3249175,LINC00426,LINC00426,long intergenic non-protein coding RNA 426,0.7500807,5.071129194774626,2.7438672,0.00946,0.20239,-2.73252,Upregulated
ILMN_3236036,LINC00926,LINC00926,long intergenic non-protein coding RNA 926,1.8724089,3.855680575795962,3.6547101,0.000826,0.0593,-0.58525,Upregulated
ILMN_1788887,LINC01089,LINC01089,long intergenic non-protein coding RNA 1089,0.7497904,4.690109977776589,2.5841018,0.014,0.24384,-3.07209,Upregulated
ILMN_1785703,LMOD3,LMOD3,leiomodin 3,0.905401,9.917127669835123,4.1154805,0.000219,0.03067,0.60109,Upregulated
ILMN_3235637,LOC100128288,LOC100128288,uncharacterized LOC100128288,0.8591386,11.143747039574398,4.2325928,0.000155,0.02708,0.90983,Upregulated
ILMN_3238491,LOC100129055,LOC100129055,cyclin Y like 1 pseudogene,0.5885758,7.009724797202755,3.0062748,0.00483,0.14969,-2.14791,Upregulated
ILMN_3246910,LOC100190986,LOC100190986,uncharacterized LOC100190986,0.6086006,8.224826802657086,2.8420157,0.00739,0.1814,-2.5176,Upregulated
ILMN_3245600,LOC107133515,LOC107133515,SMURF2P1-LRRC37BP1 readthrough transcribed pseudogene,0.6497152,11.538634301201505,4.0488481,0.000266,0.03381,0.42658,Upregulated
ILMN_3237627,LOC154761,LOC154761,"family with sequence similarity 115, member C pseudogene",0.5920561,4.880923258485599,2.0422771,0.0486,0.40212,-4.11623,Upregulated
ILMN_1813246,LOC728554,LOC728554,THO complex 3 pseudogene,-0.6684714,5.50781500508667,-2.8793366,0.00671,0.17412,-2.43468,Downregulated
ILMN_2153373,LRBA,LRBA,LPS responsive beige-like anchor protein,0.6068698,7.086052499271766,2.7655326,0.00896,0.19842,-2.68548,Upregulated
ILMN_2128795,LRIG1,LRIG1,leucine rich repeats and immunoglobulin like domains 1,1.0274404,5.984206110958133,3.4368338,0.00152,0.08338,-1.12654,Upregulated
ILMN_2127605,LRP3,LRP3,LDL receptor related protein 3,-1.1084379,7.51291825555883,-4.0214218,0.000289,0.035,0.35501,Downregulated
ILMN_2131756,LRRC40,LRRC40,leucine rich repeat containing 40,-0.6689756,3.5616242756407708,-2.5120313,0.0167,0.26461,-3.22087,Downregulated
ILMN_2214997,LRRFIP1,LRRFIP1,LRR binding FLII interacting protein 1,0.8053704,10.845991441288744,4.1380519,0.000205,0.03015,0.6604,Upregulated
ILMN_1795464,LTA,LTA,lymphotoxin alpha,0.6419332,5.6737848910355435,2.5674123,0.0146,0.24639,-3.10679,Upregulated
ILMN_2376204,LTB,LTB,lymphotoxin beta,1.6747234,7.554021231550369,5.5055962,3.33e-06,0.00709,4.36247,Upregulated
ILMN_1731928,LY9,LY9,lymphocyte antigen 9,1.544488,3.9910022651887074,5.6723545,2e-06,0.00709,4.8192,Upregulated
ILMN_1766718,LYSMD3,LYSMD3,LysM domain containing 3,-0.6376103,4.572659734527803,-2.5353087,0.0158,0.25611,-3.17312,Downregulated
ILMN_2162972,LYZ,LYZ,lysozyme,-0.8347543,10.437866676980537,-2.1572823,0.0378,0.36148,-3.90968,Downregulated
ILMN_2322375,MAFF,MAFF,MAF bZIP transcription factor F,0.7984592,7.290542830519009,2.8419487,0.00739,0.1814,-2.51775,Upregulated
ILMN_2205032,MAGEE1,MAGEE1,MAGE family member E1,0.8955008,4.983710057545863,3.3048447,0.00218,0.09703,-1.44699,Upregulated
ILMN_1721349,MAGT1,MAGT1,magnesium transporter 1,0.752312,10.73946352143514,4.8204842,2.68e-05,0.01352,2.48948,Upregulated
ILMN_2320330,MAL,MAL,"mal, T-cell differentiation protein",1.7877865,4.609801764437224,3.130871,0.00348,0.12726,-1.8597,Upregulated
ILMN_2379326,MAP3K7,MAP3K7,mitogen-activated protein kinase kinase kinase 7,-0.7427397,5.8029420187937335,-2.5326075,0.0159,0.25685,-3.17868,Downregulated
ILMN_2365111,MAP4K1,MAP4K1,mitogen-activated protein kinase kinase kinase kinase 1,0.7989287,6.529550756857195,2.981157,0.00516,0.15354,-2.20522,Upregulated
ILMN_2408908,MAP4K5,MAP4K5,mitogen-activated protein kinase kinase kinase kinase 5,-0.5906723,5.141175635247599,-2.4345677,0.0201,0.28299,-3.37759,Downregulated
ILMN_2216815,MAP7,MAP7,microtubule associated protein 7,-0.7417795,5.297531104629928,-2.274622,0.0291,0.3283,-3.69021,Downregulated
ILMN_1757106,MARCH6,MARCH6,membrane associated ring-CH-type finger 6,0.6089163,8.338388946392415,3.3569068,0.00189,0.09178,-1.32131,Upregulated
ILMN_1673960,MAT2B,MAT2B,methionine adenosyltransferase 2B,-0.780061,4.386941674264555,-2.7505493,0.00931,0.20152,-2.71804,Downregulated
ILMN_2055310,MBD4,MBD4,"methyl-CpG binding domain 4, DNA glycosylase",0.6258095,10.237051308088164,4.2644645,0.000141,0.02544,0.99427,Upregulated
ILMN_2193752,MBLAC2,MBLAC2,metallo-beta-lactamase domain containing 2,-0.5903811,3.721244473356172,-2.2694282,0.0294,0.33001,-3.70011,Downregulated
ILMN_2347424,MBOAT2,MBOAT2,membrane bound O-acyltransferase domain containing 2,0.8753606,6.14131638773326,4.1250264,0.000213,0.03054,0.62616,Upregulated
ILMN_2398939,MBP,MBP,myelin basic protein,1.143061,7.185259167746238,2.562303,0.0148,0.24781,-3.11738,Upregulated
ILMN_2101651,MBTD1,MBTD1,mbt domain containing 1,0.9949108,7.791715029014586,4.6952713,3.91e-05,0.01535,2.14979,Upregulated
ILMN_2383150,MCHR2,MCHR2,melanin concentrating hormone receptor 2,0.7291722,5.923251373347709,3.6788393,0.000772,0.05755,-0.52444,Upregulated
ILMN_1681503,MCM2,MCM2,minichromosome maintenance complex component 2,0.6277346,5.13377091931382,2.1228316,0.0408,0.3718,-3.97246,Upregulated
ILMN_1660462,MCOLN2,MCOLN2,mucolipin 2,0.881971,8.108642863953246,3.5884282,0.000996,0.06549,-0.75144,Upregulated
ILMN_1751816,MCTS1,MCTS1,"MCTS1, re-initiation and release factor",-0.6138814,7.357471744668796,-2.8612911,0.00703,0.17828,-2.47485,Downregulated
ILMN_2229170,MED7,MED7,mediator complex subunit 7,-0.938215,3.7195500679644073,-2.4446716,0.0196,0.28141,-3.35734,Downregulated
ILMN_2115752,MEFV,MEFV,Mediterranean fever,-1.5601181,4.705541896780357,-4.9158306,2.01e-05,0.013,2.74896,Downregulated
ILMN_1810254,MEI1,MEI1,meiotic double-stranded break formation protein 1,0.6418559,3.7404509925876277,2.7811188,0.00862,0.19707,-2.6515,Upregulated
ILMN_2049364,METTL21A,METTL21A,methyltransferase like 21A,0.7329535,11.978031364935234,3.8524633,0.00047,0.04484,-0.08228,Upregulated
ILMN_1661998,METTL6,METTL6,methyltransferase like 6,-0.62614,3.5098052760699794,-2.2891205,0.0281,0.32378,-3.6625,Downregulated
ILMN_1756152,MFSD11,MFSD11,major facilitator superfamily domain containing 11,0.6051061,9.420001616525143,4.3838288,9.93e-05,0.02321,1.31195,Upregulated
ILMN_2231189,MFSD14A,MFSD14A,major facilitator superfamily domain containing 14A,-0.9023004,6.207294243928944,-3.1376934,0.00342,0.12551,-1.84374,Downregulated
ILMN_3235410,MFSD14C,MFSD14C,major facilitator superfamily domain containing 14C,0.805738,11.537769621160038,4.8187963,2.69e-05,0.01352,2.48489,Upregulated
ILMN_3236160,MGARP,MGARP,mitochondria localized glutamic acid rich protein,-0.9538593,4.909685585516547,-2.2632971,0.0298,0.33149,-3.71176,Downregulated
ILMN_1781952,MGST1,MGST1,microsomal glutathione S-transferase 1,-0.6030548,6.688262434079084,-2.7767404,0.00871,0.19819,-2.66105,Downregulated
ILMN_1864900,MIAT,MIAT,myocardial infarction associated transcript (non-protein coding),1.4754557,6.263925592880719,3.4745707,0.00137,0.07748,-1.03385,Upregulated
ILMN_1807972,MICAL1,MICAL1,"microtubule associated monooxygenase, calponin and LIM domain containing 1",0.6073438,7.953682851378925,3.7818643,0.000576,0.05038,-0.26301,Upregulated
ILMN_1815130,MICALL1,MICALL1,MICAL like 1,0.5861939,5.490406514273738,2.3043881,0.0272,0.31931,-3.63318,Upregulated
ILMN_1915188,MID2,MID2,midline 2,0.7401338,5.022260711329908,2.9819099,0.00515,0.15354,-2.20351,Upregulated
ILMN_2123559,MIGA1,MIGA1,mitoguardin 1,0.7889797,9.843563569499706,3.8492741,0.000475,0.04503,-0.09047,Upregulated
ILMN_1792207,MLX,MLX,"MLX, MAX dimerization protein",-0.6807176,4.610245665211929,-2.5016306,0.0171,0.26806,-3.2421,Downregulated
ILMN_1722073,MLXIPL,MLXIPL,MLX interacting protein like,0.6848233,6.316605755249069,2.5654368,0.0147,0.24664,-3.11089,Upregulated
ILMN_2274923,MOCS2,MOCS2,molybdenum cofactor synthesis 2,-0.9332681,5.6883896988463,-3.4008259,0.00168,0.08733,-1.21455,Downregulated
ILMN_1783702,MORC3,MORC3,MORC family CW-type zinc finger 3,-0.6867329,5.622644569498326,-2.2020186,0.0343,0.34929,-3.82702,Downregulated
ILMN_1705183,MPO,MPO,myeloperoxidase,-0.7192976,5.086361173132529,-2.7703488,0.00885,0.19842,-2.67499,Downregulated
ILMN_1752932,MPZL2,MPZL2,myelin protein zero like 2,-0.7379674,7.56546087678767,-2.6244469,0.0127,0.23437,-2.98758,Downregulated
ILMN_1760802,MRE11A,MRE11A,"MRE11 homolog A, double strand break repair nuclease",-0.6518515,3.5710133387443417,-2.1146835,0.0416,0.37328,-3.98719,Downregulated
ILMN_2311041,MRPL52,MRPL52,mitochondrial ribosomal protein L52,-0.665993,6.224571370836811,-2.5850809,0.014,0.24349,-3.07004,Downregulated
ILMN_2203807,MRPL57,MRPL57,mitochondrial ribosomal protein L57,0.6843771,8.747979494433643,4.8118527,2.75e-05,0.01352,2.46602,Upregulated
ILMN_1807095,MRPS36,MRPS36,mitochondrial ribosomal protein S36,-0.6021456,5.2353120542206595,-2.6067136,0.0133,0.23854,-3.02483,Downregulated
ILMN_1778677,MRS2,MRS2,"MRS2, magnesium transporter",-0.7254276,5.043316520756439,-2.3272317,0.0258,0.31431,-3.58906,Downregulated
ILMN_1743301,MSR1,MSR1,macrophage scavenger receptor 1,-0.7122038,6.218611235445239,-2.0805258,0.0448,0.38747,-4.0485,Downregulated
ILMN_2355665,MTFP1,MTFP1,mitochondrial fission process 1,-0.7132487,7.66211106400821,-2.4919927,0.0175,0.26989,-3.26173,Downregulated
ILMN_1769299,MTMR11,MTMR11,myotubularin related protein 11,-0.7008597,9.491315585385381,-2.8425201,0.00738,0.1814,-2.51648,Downregulated
ILMN_1659240,MTMR14,MTMR14,myotubularin related protein 14,-0.6090721,10.738276959305715,-2.6591716,0.0117,0.22369,-2.91417,Downregulated
ILMN_2110908,MYC,MYC,v-myc avian myelocytomatosis viral oncogene homolog,-0.6317038,8.88008130618246,-2.4045355,0.0215,0.29271,-3.43743,Downregulated
ILMN_1659620,MYCBP,MYCBP,MYC binding protein,-0.623597,4.378780866057085,-2.4477094,0.0195,0.28003,-3.35124,Downregulated
ILMN_2096970,MYO3B,MYO3B,myosin IIIB,1.0711094,7.89542555799276,4.7822509,3.01e-05,0.01406,2.38561,Upregulated
ILMN_2370976,MYOF,MYOF,myoferlin,-0.8723882,8.025500930204046,-2.6442616,0.0121,0.22652,-2.94577,Downregulated
ILMN_1770963,NAALADL1,NAALADL1,N-acetylated alpha-linked acidic dipeptidase-like 1,0.7044669,5.712900905718889,2.7107547,0.0103,0.20929,-2.80397,Upregulated
ILMN_1809522,NACC2,NACC2,NACC family member 2,-0.727452,6.948620325439904,-2.3912784,0.0222,0.29412,-3.46368,Downregulated
ILMN_2064132,NANP,NANP,N-acetylneuraminic acid phosphatase,-0.9434499,3.8383817841410197,-2.4264253,0.0205,0.28605,-3.39386,Downregulated
ILMN_1710752,NAPRT,NAPRT,nicotinate phosphoribosyltransferase,-0.6110529,9.628089332972438,-3.0294645,0.00455,0.14384,-2.09476,Downregulated
ILMN_1743055,NAT1,NAT1,N-acetyltransferase 1,-0.6945626,3.4797394793477245,-2.7442059,0.00945,0.20239,-2.73179,Downregulated
ILMN_1765001,NAT6,NAT6,N-acetyltransferase 6,0.9859558,4.370058931791168,3.2378482,0.00261,0.10547,-1.60728,Upregulated
ILMN_1736623,NCKIPSD,NCKIPSD,NCK interacting protein with SH3 domain,-0.7262792,7.096541265205689,-2.466473,0.0186,0.27467,-3.31345,Downregulated
ILMN_1694274,NDUFC2,NDUFC2,NADH:ubiquinone oxidoreductase subunit C2,-0.8130077,3.8772525255411074,-2.80637,0.00809,0.19035,-2.59619,Downregulated
ILMN_2387731,NDUFV3,NDUFV3,NADH:ubiquinone oxidoreductase subunit V3,-1.2722472,5.74020703316467,-2.8128987,0.00795,0.18893,-2.58184,Downregulated
ILMN_1765244,NEUROG3,NEUROG3,neurogenin 3,0.6378191,3.903375914841778,2.4452869,0.0196,0.28121,-3.3561,Upregulated
ILMN_1711786,NFE2,NFE2,"nuclear factor, erythroid 2",-0.8920974,6.954709985071584,-2.8870233,0.00658,0.17318,-2.41752,Downregulated
ILMN_1799062,NFKB2,NFKB2,nuclear factor kappa B subunit 2,1.0004177,5.9256205260539945,3.1684122,0.00315,0.1193,-1.77163,Upregulated
ILMN_1715864,NHS,NHS,NHS actin remodeling regulator,-0.9040254,4.1394955134431966,-3.113116,0.00365,0.12948,-1.90116,Downregulated
ILMN_1684210,NIPAL3,NIPAL3,NIPA like domain containing 3,0.6672232,7.128341621378752,3.5283273,0.00118,0.07051,-0.90101,Upregulated
ILMN_1682993,NKG7,NKG7,natural killer cell granule protein 7,0.9329637,8.727275721676051,2.7373783,0.00962,0.20479,-2.74656,Upregulated
ILMN_3234784,NLRC3,NLRC3,NLR family CARD domain containing 3,0.7958531,4.993769305440393,2.9280142,0.00592,0.16381,-2.32556,Upregulated
ILMN_2191568,NPRL2,NPRL2,"NPR2-like, GATOR1 complex subunit",-0.8634458,8.205416525154995,-2.6339497,0.0124,0.2303,-2.96755,Downregulated
ILMN_2369580,NPRL3,NPRL3,"NPR3 like, GATOR1 complex subunit",-0.9469902,8.774366937757703,-3.0810674,0.00397,0.13546,-1.97568,Downregulated
ILMN_1720282,NQO1,NQO1,NAD(P)H quinone dehydrogenase 1,-0.8599096,8.713702078449803,-2.4994634,0.0172,0.26806,-3.24652,Downregulated
ILMN_2276820,NSL1,NSL1,"NSL1, MIS12 kinetochore complex component",-0.8408831,3.7425536725298683,-3.15118,0.0033,0.12273,-1.81212,Downregulated
ILMN_2172202,NUDT15,NUDT15,nudix hydrolase 15,-0.6529648,6.141145847199695,-2.4381587,0.0199,0.28222,-3.3704,Downregulated
ILMN_1815723,NUP35,NUP35,nucleoporin 35,-0.6204345,5.858782542275098,-3.3412825,0.00197,0.09365,-1.35913,Downregulated
ILMN_1700306,OCIAD2,OCIAD2,OCIA domain containing 2,0.7733936,8.443308324744816,3.3952244,0.0017,0.08797,-1.22821,Upregulated
ILMN_2387105,OGN,OGN,osteoglycin,-0.736326,6.781411606775031,-2.2211388,0.0328,0.34462,-3.79131,Downregulated
ILMN_1742025,OLFM1,OLFM1,olfactomedin 1,-1.0711685,6.429828289169913,-2.886888,0.00659,0.17318,-2.41782,Downregulated
ILMN_1670844,OPN3,OPN3,opsin 3,-0.6412107,4.933891752731924,-2.0382954,0.049,0.40236,-4.12323,Downregulated
ILMN_2085933,OR1J1,OR1J1,olfactory receptor family 1 subfamily J member 1,0.60912,4.2552979083063,2.4925855,0.0175,0.26989,-3.26052,Upregulated
ILMN_2045975,ORMDL1,ORMDL1,ORMDL sphingolipid biosynthesis regulator 1,-0.6989107,3.5905612375528624,-2.3203439,0.0262,0.31573,-3.60239,Downregulated
ILMN_1669497,OSBPL10,OSBPL10,oxysterol binding protein like 10,1.1695709,3.5054604302517665,2.1768332,0.0362,0.35536,-3.87371,Upregulated
ILMN_1720865,OSBPL7,OSBPL7,oxysterol binding protein like 7,0.765681,7.3238126101216805,2.752723,0.00925,0.20109,-2.71332,Upregulated
ILMN_2321578,P2RY10,P2RY10,purinergic receptor P2Y10,1.0843554,6.369179046189509,3.5626988,0.00107,0.06748,-0.81561,Upregulated
ILMN_2372915,P2RY2,P2RY2,purinergic receptor P2Y2,-0.6012707,6.109313182202468,-2.2139902,0.0333,0.34614,-3.80469,Downregulated
ILMN_1768284,P2RY8,P2RY8,purinergic receptor P2Y8,0.7827745,8.915332685220145,3.6377385,0.000867,0.06129,-0.62793,Upregulated
ILMN_2054145,PAK1IP1,PAK1IP1,PAK1 interacting protein 1,-0.7476487,6.489298446112979,-2.5097575,0.0168,0.26527,-3.22552,Downregulated
ILMN_2363058,PAOX,PAOX,polyamine oxidase (exo-N4-amino),-0.6299543,7.102683172807068,-2.2112458,0.0336,0.34641,-3.80982,Downregulated
ILMN_1776778,PARP15,PARP15,poly(ADP-ribose) polymerase family member 15,0.6492055,3.8672805928876546,2.073011,0.0455,0.39149,-4.06188,Upregulated
ILMN_1667022,PASK,PASK,PAS domain containing serine/threonine kinase,0.6537959,6.464981268628693,2.6900662,0.0108,0.21532,-2.84833,Upregulated
ILMN_3235416,PATE1,PATE1,prostate and testis expressed 1,0.6957863,3.832069140023368,3.2820086,0.00232,0.10081,-1.50181,Upregulated
ILMN_3306672,PATL2,PATL2,PAT1 homolog 2,0.9635488,5.5093569269278655,3.363639,0.00186,0.09174,-1.30499,Upregulated
ILMN_1700762,PBX4,PBX4,PBX homeobox 4,1.2854579,4.940033267235796,4.7130082,3.71e-05,0.01512,2.19782,Upregulated
ILMN_1814315,PBXIP1,PBXIP1,PBX homeobox interacting protein 1,0.9010984,5.030733536935555,3.6759348,0.000778,0.05757,-0.53177,Upregulated
ILMN_3247853,PCED1B-AS1,PCED1B-AS1,PCED1B antisense RNA 1,0.9263992,3.6999581472281884,3.6645104,0.000804,0.05834,-0.56057,Upregulated
ILMN_2401701,PCGF6,PCGF6,polycomb group ring finger 6,-0.9356134,4.95853258432143,-2.7327647,0.00973,0.20516,-2.75654,Downregulated
ILMN_2113535,PCYOX1,PCYOX1,prenylcysteine oxidase 1,0.7114606,8.260478873789365,4.074239,0.000247,0.03247,0.49297,Upregulated
ILMN_1806725,PDCD1,PDCD1,programmed cell death 1,1.0514206,3.571369960247996,2.3351516,0.0253,0.3108,-3.57368,Upregulated
ILMN_1782922,PDE4B,PDE4B,phosphodiesterase 4B,0.9960551,6.222906111747118,3.313132,0.00213,0.09678,-1.42705,Upregulated
ILMN_1810836,PDE5A,PDE5A,phosphodiesterase 5A,-0.8689813,3.109093184858968,-2.6225449,0.0128,0.23524,-2.99158,Downregulated
ILMN_2164978,PDP2,PDP2,pyruvate dehyrogenase phosphatase catalytic subunit 2,0.8496852,3.995006764261818,3.721008,0.000685,0.0556,-0.41778,Upregulated
ILMN_2185665,PGAP1,PGAP1,post-GPI attachment to proteins 1,0.7681875,4.3268308592101405,2.9790857,0.00519,0.15376,-2.20994,Upregulated
ILMN_1794707,PGGHG,PGGHG,protein-glucosylgalactosylhydroxylysine glucosidase,1.0543831,6.723578393891477,3.6766132,0.000777,0.05757,-0.53006,Upregulated
ILMN_3251365,PGGT1B,PGGT1B,protein geranylgeranyltransferase type I subunit beta,-0.6374418,4.0355519103792545,-2.6352519,0.0124,0.23024,-2.9648,Downregulated
ILMN_1673543,PGM2,PGM2,phosphoglucomutase 2,-0.8605607,7.753911997799847,-2.3806806,0.0228,0.29778,-3.48459,Downregulated
ILMN_2190779,PHAX,PHAX,phosphorylated adaptor for RNA export,0.8421238,7.496185805808746,4.1796705,0.000182,0.02933,0.77001,Upregulated
ILMN_1704537,PHGDH,PHGDH,phosphoglycerate dehydrogenase,-0.6750836,9.133645523952172,-2.1847699,0.0356,0.35395,-3.85904,Downregulated
ILMN_1659106,PHLDA3,PHLDA3,pleckstrin homology like domain family A member 3,0.889794,3.592940779872883,2.239015,0.0315,0.33773,-3.75772,Upregulated
ILMN_1693192,PI3,PI3,peptidase inhibitor 3,1.7059701,6.0175075960513,2.850673,0.00722,0.18065,-2.49842,Upregulated
ILMN_2147471,PI4K2B,PI4K2B,phosphatidylinositol 4-kinase type 2 beta,-0.723281,3.320613493922768,-2.2651271,0.0297,0.33128,-3.70829,Downregulated
ILMN_1691112,PIGN,PIGN,phosphatidylinositol glycan anchor biosynthesis class N,-0.5886236,8.33738634514047,-2.4903798,0.0176,0.27008,-3.26501,Downregulated
ILMN_1763347,PIK3CB,PIK3CB,"phosphatidylinositol-4,5-bisphosphate 3-kinase catalytic subunit beta",-0.6292708,6.500526330744621,-2.3898582,0.0223,0.29431,-3.46649,Downregulated
ILMN_1719986,PIK3IP1,PIK3IP1,phosphoinositide-3-kinase interacting protein 1,0.9959731,9.33928598031317,3.7700764,0.000595,0.05111,-0.29307,Upregulated
ILMN_1748283,PIM2,PIM2,"Pim-2 proto-oncogene, serine/threonine kinase",1.0564294,7.43892354003662,4.9449915,1.84e-05,0.013,2.82844,Upregulated
ILMN_1807300,PKD2,PKD2,"polycystin 2, transient receptor potential cation channel",-0.6234334,5.596588065912314,-2.6484339,0.012,0.22511,-2.93693,Downregulated
ILMN_1740586,PLA2G2A,PLA2G2A,phospholipase A2 group IIA,1.0261034,5.5835208515620485,2.0426729,0.0486,0.40212,-4.11554,Upregulated
ILMN_1803561,PLA2G4A,PLA2G4A,phospholipase A2 group IVA,-1.1390237,4.492956770166923,-3.3114824,0.00214,0.09678,-1.43102,Downregulated
ILMN_1723969,PLCB1,PLCB1,phospholipase C beta 1,-0.7098882,3.6736243580310495,-2.3977314,0.0219,0.29412,-3.45092,Downregulated
ILMN_1769394,PLCD1,PLCD1,phospholipase C delta 1,0.708845,5.891889802584596,3.1084989,0.00369,0.12967,-1.91192,Upregulated
ILMN_1740160,PLCG1,PLCG1,phospholipase C gamma 1,0.8695114,6.968265514106175,3.3324845,0.00202,0.09421,-1.38038,Upregulated
ILMN_2061565,PLCH2,PLCH2,phospholipase C eta 2,1.2007319,5.80877592112624,4.0324364,0.000279,0.03472,0.38373,Upregulated
ILMN_2297710,PLEKHB2,PLEKHB2,pleckstrin homology domain containing B2,0.6342617,8.686665028301256,2.265187,0.0297,0.33128,-3.70817,Upregulated
ILMN_2106449,PLEKHF2,PLEKHF2,pleckstrin homology and FYVE domain containing 2,-0.7315602,6.192494288154589,-2.2978267,0.0276,0.32149,-3.6458,Downregulated
ILMN_2194561,PLEKHG1,PLEKHG1,pleckstrin homology and RhoGEF domain containing G1,0.925789,3.3484349866543806,3.3469286,0.00194,0.09288,-1.34547,Upregulated
ILMN_2094416,PLGLB1,PLGLB1,plasminogen-like B1,0.7403327,4.513127388620014,2.3219549,0.0261,0.31573,-3.59928,Upregulated
ILMN_2209993,PLIN5,PLIN5,perilipin 5,0.7794897,8.501074659826648,3.4348339,0.00153,0.0836,-1.13144,Upregulated
ILMN_2343278,PLPP1,PLPP1,phospholipid phosphatase 1,0.7154274,5.459624193798474,2.3195762,0.0262,0.31573,-3.60388,Upregulated
ILMN_1719972,PLXNA3,PLXNA3,plexin A3,1.0165542,5.847657435214649,3.6995629,0.000728,0.05659,-0.47208,Upregulated
ILMN_1734276,PMEPA1,PMEPA1,"prostate transmembrane protein, androgen induced 1",0.7212298,6.051184955884948,2.4268992,0.0204,0.28605,-3.39292,Upregulated
ILMN_1728019,PML,PML,promyelocytic leukemia,0.5883593,4.3319606619846835,2.7328785,0.00973,0.20516,-2.75629,Upregulated
ILMN_1662587,PNPLA7,PNPLA7,patatin like phospholipase domain containing 7,0.8297511,6.743936002391828,3.1571131,0.00325,0.12223,-1.79819,Upregulated
ILMN_1778957,PNRC2,PNRC2,proline rich nuclear receptor coactivator 2,-0.8154798,4.44431888103675,-2.2111032,0.0336,0.34641,-3.81008,Downregulated
ILMN_2276758,POFUT1,POFUT1,protein O-fucosyltransferase 1,0.6445179,12.225928224596027,4.2357625,0.000154,0.02707,0.91822,Upregulated
ILMN_2136576,POLH,POLH,DNA polymerase eta,0.6823927,3.780248472147228,3.4950782,0.00129,0.07482,-0.98328,Upregulated
ILMN_1767459,POLR3B,POLR3B,RNA polymerase III subunit B,-0.7065076,6.920290124494764,-3.11364,0.00364,0.12948,-1.89994,Downregulated
ILMN_1811049,POU2AF1,POU2AF1,POU class 2 associating factor 1,1.651775,3.6626698623793827,4.0192406,0.00029,0.035,0.34932,Upregulated
ILMN_2277252,PPFIBP1,PPFIBP1,PPFIA binding protein 1,-0.9381164,3.611593381791519,-2.414898,0.021,0.28952,-3.41684,Downregulated
ILMN_1710362,PPIAL4G,PPIAL4G,peptidylprolyl isomerase A like 4G,0.6786773,6.681564428534025,4.161743,0.000191,0.02986,0.72276,Upregulated
ILMN_2190851,PPID,PPID,peptidylprolyl isomerase D,-1.1889092,5.311230421522001,-2.4995073,0.0172,0.26806,-3.24643,Downregulated
ILMN_2070043,PPM1K,PPM1K,"protein phosphatase, Mg2+/Mn2+ dependent 1K",0.8197711,8.265564474288174,4.3902384,9.74e-05,0.02321,1.32907,Upregulated
ILMN_1664855,PPP1R14C,PPP1R14C,protein phosphatase 1 regulatory inhibitor subunit 14C,1.0839999,4.426955527859551,2.7554319,0.00919,0.20052,-2.70744,Upregulated
ILMN_2106931,PPP1R15B,PPP1R15B,protein phosphatase 1 regulatory subunit 15B,-0.912018,4.495411850369705,-2.9608643,0.00544,0.15699,-2.25132,Downregulated
ILMN_1727098,PPP1R16B,PPP1R16B,protein phosphatase 1 regulatory subunit 16B,1.2218057,7.479284178476972,4.3131472,0.000123,0.02544,1.12357,Upregulated
ILMN_2044226,PPP3CA,PPP3CA,protein phosphatase 3 catalytic subunit alpha,-0.7454666,5.509053357950973,-2.1351321,0.0397,0.36894,-3.95013,Downregulated
ILMN_1740633,PRF1,PRF1,perforin 1,0.8908467,7.643015869727327,2.6871244,0.0109,0.21619,-2.85462,Upregulated
ILMN_1694100,PRIM2,PRIM2,primase (DNA) subunit 2,-1.2707223,4.319965207842625,-2.8905205,0.00652,0.17318,-2.4097,Downregulated
ILMN_1780898,PRKCH,PRKCH,protein kinase C eta,0.6439679,8.9309849910702,3.0679453,0.00411,0.13647,-2.00607,Upregulated
ILMN_1733421,PRKCQ,PRKCQ,protein kinase C theta,1.0240066,7.030842295064706,3.1707969,0.00313,0.11877,-1.76601,Upregulated
ILMN_1893633,PRKCQ-AS1,PRKCQ-AS1,PRKCQ antisense RNA 1,1.1287941,5.3863941638305635,2.8725942,0.00683,0.17525,-2.44971,Upregulated
ILMN_1671928,PROS1,PROS1,protein S (alpha),-0.705061,7.047475838961011,-2.846389,0.0073,0.18117,-2.50792,Downregulated
ILMN_1781791,PRRG1,PRRG1,proline rich and Gla domain 1,-0.6722357,3.9424616226700904,-2.2175809,0.0331,0.34599,-3.79797,Downregulated
ILMN_2219437,PRRG4,PRRG4,proline rich and Gla domain 4,0.8983428,7.96231855824635,4.3136422,0.000122,0.02544,1.12489,Upregulated
ILMN_2058512,PSMA2,PSMA2,proteasome subunit alpha 2,-0.7568709,6.766880494783163,-2.4893735,0.0176,0.27036,-3.26706,Downregulated
ILMN_2315964,PSRC1,PSRC1,proline and serine rich coiled-coil 1,-0.7047299,3.5898194673019748,-2.9553804,0.00552,0.15741,-2.26375,Downregulated
ILMN_2062714,PTGDR,PTGDR,prostaglandin D2 receptor,0.775731,3.813812929789852,2.5851349,0.014,0.24349,-3.06993,Upregulated
ILMN_2345015,PTGES2,PTGES2,prostaglandin E synthase 2,-0.6309504,8.931707816189435,-4.9186009,1.99e-05,0.013,2.75651,Downregulated
ILMN_2105253,PTGR2,PTGR2,prostaglandin reductase 2,0.714217,9.07870346152497,3.6290741,0.000888,0.06171,-0.64968,Upregulated
ILMN_2353202,PTK7,PTK7,protein tyrosine kinase 7 (inactive),-0.8006708,3.750025247060986,-2.4819568,0.0179,0.27139,-3.28211,Downregulated
ILMN_2374683,PTPN13,PTPN13,"protein tyrosine phosphatase, non-receptor type 13",-0.7826156,3.377018250208976,-2.4413979,0.0198,0.282,-3.3639,Downregulated
ILMN_1672417,PTPRCAP,PTPRCAP,"protein tyrosine phosphatase, receptor type C associated protein",1.5798708,7.060673197459454,4.1787081,0.000182,0.02933,0.76747,Upregulated
ILMN_1688279,PVRIG,PVRIG,poliovirus receptor related immunoglobulin domain containing,1.6944124,6.730736617392556,4.6791325,4.1e-05,0.01542,2.1061,Upregulated
ILMN_3241626,QRFPR,QRFPR,pyroglutamylated RFamide peptide receptor,0.7583976,11.094235952541185,3.8542925,0.000468,0.04483,-0.07758,Upregulated
ILMN_1681467,RAB11FIP4,RAB11FIP4,RAB11 family interacting protein 4,0.7892452,3.8143535535119972,3.2548069,0.0025,0.10416,-1.56686,Upregulated
ILMN_2214355,RAB30,RAB30,"RAB30, member RAS oncogene family",1.0627556,3.6248381130240204,3.5489499,0.00111,0.06809,-0.84981,Upregulated
ILMN_2255579,RAB37,RAB37,"RAB37, member RAS oncogene family",0.9774152,5.724005651266712,3.2388744,0.00261,0.10547,-1.60483,Upregulated
ILMN_1677824,RAB4A,RAB4A,"RAB4A, member RAS oncogene family",-0.6023932,6.173275701649644,-3.184105,0.00302,0.11646,-1.73464,Downregulated
ILMN_1690259,RAE1,RAE1,ribonucleic acid export 1,-0.848031,5.012845188308176,-3.5979039,0.00097,0.06494,-0.72776,Downregulated
ILMN_1704261,RANGRF,RANGRF,RAN guanine nucleotide release factor,-0.9145119,5.122485227033822,-2.0875893,0.0441,0.384,-4.03588,Downregulated
ILMN_2229839,RAP2B,RAP2B,"RAP2B, member of RAS oncogene family",-0.6996314,4.402458829367426,-2.4744398,0.0183,0.27287,-3.29734,Downregulated
ILMN_1678799,RAPGEF1,RAPGEF1,Rap guanine nucleotide exchange factor 1,0.919773,4.924900440330287,2.2081745,0.0338,0.34793,-3.81555,Upregulated
ILMN_1768958,RASGRP1,RASGRP1,RAS guanyl releasing protein 1,0.7258621,6.664375587075986,2.1134865,0.0417,0.37328,-3.98936,Upregulated
ILMN_2352245,RASSF6,RASSF6,Ras association domain family member 6,0.8791807,7.816145293948914,4.9038116,2.08e-05,0.013,2.71622,Upregulated
ILMN_2062524,RBBP4,RBBP4,"RB binding protein 4, chromatin remodeling factor",-0.6310146,6.61510330196714,-2.8576444,0.0071,0.17896,-2.48296,Downregulated
ILMN_1692705,RECQL,RECQL,RecQ like helicase,-0.588956,5.220434317133034,-2.0601052,0.0468,0.39663,-4.08478,Downregulated
ILMN_1745262,REM2,REM2,RRAD and GEM like GTPase 2,0.7515578,3.473290024498578,2.7410855,0.00953,0.20335,-2.73854,Upregulated
ILMN_1766425,REPS2,REPS2,RALBP1 associated Eps domain containing 2,-0.6421242,4.876476097292758,-3.7329029,0.000662,0.05445,-0.38761,Downregulated
ILMN_1656011,RGS1,RGS1,regulator of G-protein signaling 1,0.7236106,10.469937623131273,2.9463662,0.00565,0.1597,-2.28415,Upregulated
ILMN_1763704,RGS11,RGS11,regulator of G-protein signaling 11,-0.6423379,3.9615602904624363,-2.4790242,0.0181,0.27139,-3.28806,Downregulated
ILMN_1651554,RGS5,RGS5,regulator of G-protein signaling 5,-0.7816656,3.431728158376026,-3.3379594,0.00199,0.09392,-1.36716,Downregulated
ILMN_2053536,RHBDL2,RHBDL2,rhomboid like 2,0.8347357,6.069477774919849,4.4681986,7.73e-05,0.02144,1.53775,Upregulated
ILMN_1684553,RHOH,RHOH,ras homolog family member H,1.0821184,4.3139394374301165,4.0249358,0.000286,0.035,0.36417,Upregulated
ILMN_1790962,RINL,RINL,Ras and Rab interactor like,0.8854584,5.708561738755795,3.2382084,0.00261,0.10547,-1.60642,Upregulated
ILMN_3243593,RNA18S5,RNA18S5,"RNA, 18S ribosomal 5",0.6650078,11.172666533895375,2.0974394,0.0431,0.38052,-4.01824,Upregulated
ILMN_1706266,RNF157,RNF157,ring finger protein 157,0.654938,4.476044392102568,3.0009811,0.0049,0.15012,-2.16001,Upregulated
ILMN_1741281,RNF175,RNF175,ring finger protein 175,-0.6577987,4.756570344887763,-2.1991361,0.0345,0.34996,-3.83239,Downregulated
ILMN_1717809,RNF24,RNF24,ring finger protein 24,0.5947417,7.286401124872739,2.6098343,0.0132,0.23832,-3.01829,Upregulated
ILMN_3299905,RNFT2,RNFT2,"ring finger protein, transmembrane 2",0.6831472,4.1697525296349465,2.2798863,0.0287,0.32739,-3.68016,Upregulated
ILMN_1731561,ROBO3,ROBO3,roundabout guidance receptor 3,0.6456576,5.973117837859652,2.5345368,0.0158,0.25611,-3.17471,Upregulated
ILMN_1739583,ROCK1,ROCK1,Rho associated coiled-coil containing protein kinase 1,-0.6276664,6.249415428152734,-2.3533418,0.0243,0.30546,-3.53824,Downregulated
ILMN_1867517,RORA,RORA,RAR related orphan receptor A,0.9058218,3.7950885499804694,2.9901939,0.00504,0.1522,-2.18464,Upregulated
ILMN_1699476,RPE,RPE,ribulose-5-phosphate-3-epimerase,-0.5982915,7.662924010686097,-3.1100621,0.00368,0.12961,-1.90828,Downregulated
ILMN_1797764,RPL22L1,RPL22L1,ribosomal protein L22 like 1,-1.0330148,3.653838163168161,-2.576134,0.0143,0.24507,-3.08867,Downregulated
ILMN_1770822,RPS6KA3,RPS6KA3,ribosomal protein S6 kinase A3,-0.8055466,4.459004266900725,-2.7104341,0.0103,0.20929,-2.80466,Downregulated
ILMN_2364357,RPS6KB2,RPS6KB2,ribosomal protein S6 kinase B2,-0.8590195,10.501603824054351,-3.4705064,0.00138,0.07775,-1.04385,Downregulated
ILMN_1763637,RUBCN,RUBCN,RUN and cysteine rich domain containing beclin 1 interacting protein,0.5933688,6.059033748845037,3.3815594,0.00177,0.08971,-1.26147,Upregulated
ILMN_2411781,RYR1,RYR1,ryanodine receptor 1,0.5937663,6.799451621124575,2.1930595,0.0349,0.3512,-3.84368,Upregulated
ILMN_1795139,S100Z,S100Z,S100 calcium binding protein Z,-0.7235572,4.992834462361216,-2.9045399,0.00629,0.17057,-2.37832,Downregulated
ILMN_3235853,S1PR1,S1PR1,sphingosine-1-phosphate receptor 1,1.1596226,6.020662746711321,3.5625715,0.00107,0.06748,-0.81593,Upregulated
ILMN_1784737,S1PR4,S1PR4,sphingosine-1-phosphate receptor 4,0.669141,7.685462837490538,3.5444986,0.00113,0.0685,-0.86088,Upregulated
ILMN_2258816,SAMD3,SAMD3,sterile alpha motif domain containing 3,0.8389962,6.531497620100637,2.3379123,0.0252,0.30942,-3.56832,Upregulated
ILMN_1799467,SAMD9L,SAMD9L,sterile alpha motif domain containing 9 like,0.7677947,7.973724882261198,2.6778427,0.0112,0.21811,-2.87443,Upregulated
ILMN_1700896,SAP30,SAP30,Sin3A associated protein 30,-0.7706001,7.52504850173559,-2.3425271,0.0249,0.30843,-3.55934,Downregulated
ILMN_1746265,SARM1,SARM1,sterile alpha and TIR motif containing 1,0.6315188,5.372986736448071,3.8729658,0.000443,0.04358,-0.02957,Upregulated
ILMN_2185984,SASH1,SASH1,SAM and SH3 domain containing 1,-0.6180523,8.913157162320744,-3.2769487,0.00235,0.10116,-1.51393,Downregulated
ILMN_1808245,SBSPON,SBSPON,somatomedin B and thrombospondin type 1 domain containing,-1.0219018,4.359939317760504,-2.7492533,0.00934,0.20193,-2.72085,Downregulated
ILMN_3244216,SCARNA3,SCARNA3,small Cajal body-specific RNA 3,0.9211741,5.66434480325935,2.7968868,0.00828,0.19326,-2.617,Upregulated
ILMN_1694776,SCP2,SCP2,sterol carrier protein 2,-0.8356657,4.560429005127209,-2.3078984,0.027,0.31924,-3.62642,Downregulated
ILMN_1775036,SEC22A,SEC22A,"SEC22 homolog A, vesicle trafficking protein",-0.6040593,7.835821491705777,-2.1621505,0.0374,0.35988,-3.90075,Downregulated
ILMN_1724422,SELL,SELL,selectin L,0.8417,8.384134700210069,3.2763101,0.00236,0.10116,-1.51546,Upregulated
ILMN_1651429,SELM,SELM,selenoprotein M,0.7780996,6.057449657424243,2.6320222,0.0125,0.23095,-2.97162,Upregulated
ILMN_2154322,SEMA3E,SEMA3E,semaphorin 3E,1.0456073,10.077312373422748,4.0307737,0.000281,0.03472,0.3794,Upregulated
ILMN_1805007,SEMA4F,SEMA4F,ssemaphorin 4F,0.9250611,4.488159579582881,3.4482286,0.00147,0.08126,-1.0986,Upregulated
ILMN_1785071,SEPP1,SEPP1,"selenoprotein P, plasma, 1",-0.6691455,8.624556405885073,-2.4074231,0.0214,0.29168,-3.4317,Downregulated
ILMN_1671854,SEPT1,SEPT1,septin 1,1.396305,4.988486942195956,4.3052157,0.000125,0.02544,1.10248,Upregulated
ILMN_2111932,SERINC2,SERINC2,serine incorporator 2,1.0726264,3.6709175313850686,2.9406282,0.00573,0.16069,-2.29711,Upregulated
ILMN_1793628,SERPINA10,SERPINA10,serpin family A member 10,1.1658519,4.884725421287965,3.7379255,0.000653,0.05433,-0.37485,Upregulated
ILMN_1712400,SERPINB6,SERPINB6,serpin family B member 6,-0.6471137,11.304518729129914,-2.8565147,0.00712,0.17912,-2.48546,Downregulated
ILMN_1720513,SETBP1,SETBP1,SET binding protein 1,0.74926,5.597727997147328,3.3375212,0.00199,0.09392,-1.36822,Upregulated
ILMN_1810172,SFRP4,SFRP4,secreted frizzled related protein 4,1.4577884,5.984197417982834,2.2120603,0.0335,0.34641,-3.8083,Upregulated
ILMN_2109343,SGTB,SGTB,small glutamine rich tetratricopeptide repeat containing beta,-0.8935344,3.3690126215469434,-2.86989,0.00688,0.176,-2.45573,Downregulated
ILMN_1701237,SH2D1B,SH2D1B,SH2 domain containing 1B,0.753503,4.57675005567036,2.7543141,0.00922,0.20052,-2.70987,Upregulated
ILMN_1733874,SH2D2A,SH2D2A,SH2 domain containing 2A,0.9671644,4.616654270317954,3.1867376,0.003,0.11589,-1.72843,Upregulated
ILMN_1656826,SH3RF1,SH3RF1,SH3 domain containing ring finger 1,-0.9231036,3.971143779881144,-3.6993964,0.000728,0.05659,-0.4725,Downregulated
ILMN_1811933,SHMT1,SHMT1,serine hydroxymethyltransferase 1,-0.8492313,7.5922887085886845,-3.6603987,0.000813,0.05879,-0.57093,Downregulated
ILMN_2206188,SHROOM4,SHROOM4,shroom family member 4,0.8943345,10.244015276914082,4.0392436,0.000274,0.03454,0.4015,Upregulated
ILMN_1795118,SIDT1,SIDT1,SID1 transmembrane family member 1,1.0153823,5.342946597157277,2.9714834,0.00529,0.15535,-2.22722,Upregulated
ILMN_3235647,SIK1,SIK1,salt inducible kinase 1,0.9264421,4.0691067885020304,2.2743222,0.0291,0.3283,-3.69078,Upregulated
ILMN_1751400,SKAP1,SKAP1,src kinase associated phosphoprotein 1,0.6989849,7.3805590633190485,2.2973079,0.0276,0.32149,-3.6468,Upregulated
ILMN_1673357,SLA2,SLA2,Src like adaptor 2,1.1994358,5.484658188881524,3.0151121,0.00472,0.1477,-2.12769,Upregulated
ILMN_1760109,SLAMF6,SLAMF6,SLAM family member 6,1.0127201,5.207596690440817,3.6889195,0.00075,0.05659,-0.49899,Upregulated
ILMN_2197659,SLC14A1,SLC14A1,solute carrier family 14 member 1 (Kidd blood group),0.8295919,4.089668382378522,3.3308733,0.00203,0.09425,-1.38427,Upregulated
ILMN_1755649,SLC16A5,SLC16A5,solute carrier family 16 member 5,-0.6036832,8.024150412675601,-3.1867033,0.003,0.11589,-1.72851,Downregulated
ILMN_1847494,SLC16A7,SLC16A7,solute carrier family 16 member 7,-0.7990267,5.375989244377469,-2.7224258,0.00998,0.20664,-2.77885,Downregulated
ILMN_1705116,SLC22A23,SLC22A23,solute carrier family 22 member 23,0.7810548,4.409316087703178,2.316364,0.0264,0.31603,-3.61009,Upregulated
ILMN_2370738,SLC24A4,SLC24A4,solute carrier family 24 member 4,-0.9322608,4.452974286936698,-3.0014228,0.0049,0.15012,-2.15901,Downregulated
ILMN_1752639,SLC25A24,SLC25A24,solute carrier family 25 member 24,-0.7680149,6.467243968881978,-2.0863264,0.0442,0.3847,-4.03814,Downregulated
ILMN_1781231,SLC25A38,SLC25A38,solute carrier family 25 member 38,0.6435389,4.997476767096076,2.4991257,0.0172,0.26806,-3.24721,Upregulated
ILMN_1785252,SLC26A6,SLC26A6,solute carrier family 26 member 6,-0.6805447,8.804389792045361,-2.9965843,0.00496,0.15132,-2.17006,Downregulated
ILMN_1659027,SLC2A1,SLC2A1,solute carrier family 2 member 1,0.6203767,6.928230771887235,2.2370723,0.0317,0.33861,-3.76138,Upregulated
ILMN_1671337,SLC2A5,SLC2A5,solute carrier family 2 member 5,1.2663455,6.2039534904502736,2.9656326,0.00537,0.15678,-2.24051,Upregulated
ILMN_2082324,SLC36A4,SLC36A4,solute carrier family 36 member 4,-0.6550174,6.403197284491931,-2.20375,0.0341,0.34891,-3.8238,Downregulated
ILMN_1769911,SLC38A1,SLC38A1,solute carrier family 38 member 1,0.9752135,7.6182276992187195,3.1050219,0.00373,0.13063,-1.92002,Upregulated
ILMN_1707585,SLC46A2,SLC46A2,solute carrier family 46 member 2,-0.620242,6.932226727247443,-2.7165932,0.0101,0.20745,-2.79141,Downregulated
ILMN_1723287,SLC6A16,SLC6A16,solute carrier family 6 member 16,0.9101184,4.526849754961565,3.5586912,0.00108,0.06789,-0.82559,Upregulated
ILMN_2215862,SLFN13,SLFN13,schlafen family member 13,0.6994413,4.455783061263388,2.5766412,0.0143,0.24507,-3.08762,Upregulated
ILMN_2407605,SLX1B,SLX1B,"SLX1 homolog B, structure-specific endonuclease subunit",-1.2048913,3.9403371923943245,-2.6942899,0.0107,0.21385,-2.83929,Downregulated
ILMN_1804415,SMAGP,SMAGP,small cell adhesion glycoprotein,0.9054182,5.167629219929771,2.7171803,0.0101,0.20745,-2.79014,Upregulated
ILMN_1677484,SNAPC4,SNAPC4,small nuclear RNA activating complex polypeptide 4,-0.7023713,8.37470813533898,-2.7825293,0.00859,0.19661,-2.64842,Downregulated
ILMN_2409078,SNHG10,SNHG10,small nucleolar RNA host gene 10,-1.1598928,3.3643437082312135,-2.830042,0.00761,0.18331,-2.54407,Downregulated
ILMN_3233205,SNHG7,SNHG7,small nucleolar RNA host gene 7,0.7532581,4.56455248124957,2.5007173,0.0172,0.26806,-3.24397,Upregulated
ILMN_3235397,SNORD110,SNORD110,"small nucleolar RNA, C/D box 110",0.8147997,3.857387147841274,2.1861759,0.0355,0.35337,-3.85644,Upregulated
ILMN_1892403,SNORD13,SNORD13,"small nucleolar RNA, C/D box 13",1.1890215,6.430565026533988,2.8775843,0.00674,0.17443,-2.43859,Upregulated
ILMN_1682402,SNORD46,SNORD46,"small nucleolar RNA, C/D box 46",0.6210737,3.5585017013168776,2.2529182,0.0305,0.33342,-3.73145,Upregulated
ILMN_3248703,SNORD99,SNORD99,"small nucleolar RNA, C/D box 99",0.5894867,4.915216670735394,2.0929554,0.0436,0.38163,-4.02628,Upregulated
ILMN_3238712,SNRNP25,SNRNP25,small nuclear ribonucleoprotein U11/U12 subunit 25,-0.7746032,5.398103733383253,-4.4748766,7.57e-05,0.02134,1.55566,Downregulated
ILMN_2378670,SNX15,SNX15,sorting nexin 15,-0.9563162,4.36031247656376,-2.526099,0.0161,0.25959,-3.19205,Downregulated
ILMN_1775357,SNX29,SNX29,sorting nexin 29,0.6375602,3.887917871267652,3.2473749,0.00255,0.10433,-1.58458,Upregulated
ILMN_1774733,SOCS1,SOCS1,suppressor of cytokine signaling 1,1.6847793,5.5187979218878045,5.7640076,1.51e-06,0.00709,5.06996,Upregulated
ILMN_2131861,SOCS2,SOCS2,suppressor of cytokine signaling 2,0.7647035,7.394526206958649,2.7560433,0.00918,0.20052,-2.70611,Upregulated
ILMN_2285375,SORD,SORD,sorbitol dehydrogenase,-0.8203702,4.386140331227513,-2.0996645,0.0429,0.38009,-4.01424,Downregulated
ILMN_1778599,SP140,SP140,SP140 nuclear body protein,1.1323126,6.806141939966445,6.2861541,3.07e-07,0.00294,6.49124,Upregulated
ILMN_1718832,SPHAR,SPHAR,S-phase response (cyclin related),-0.8955182,4.1239653188013445,-3.3546677,0.0019,0.09187,-1.32673,Downregulated
ILMN_2143314,SPIB,SPIB,Spi-B transcription factor,1.0725419,3.6724872994383757,3.1282098,0.00351,0.12726,-1.86593,Upregulated
ILMN_1801040,SPN,SPN,sialophorin,0.6433483,8.988045905327372,3.7697694,0.000596,0.05111,-0.29385,Upregulated
ILMN_1668984,SPNS3,SPNS3,sphingolipid transporter 3 (putative),0.6820309,3.8521360609202633,2.3496067,0.0245,0.30568,-3.54553,Upregulated
ILMN_1656287,SPOCK2,SPOCK2,"sparc/osteonectin, cwcv and kazal-like domains proteoglycan (testican) 2",0.7654976,10.901300688744954,3.2116119,0.00281,0.11063,-1.66959,Upregulated
ILMN_2095506,SPOPL,SPOPL,speckle type BTB/POZ protein like,-0.9028393,5.52754621663472,-2.6086021,0.0132,0.23854,-3.02087,Downregulated
ILMN_2374449,SPP1,SPP1,secreted phosphoprotein 1,0.8497021,10.964519472798017,2.2507995,0.0307,0.33386,-3.73546,Upregulated
ILMN_2095133,SPTAN1,SPTAN1,"spectrin alpha, non-erythrocytic 1",0.648299,8.178994509854277,3.0382615,0.00445,0.14273,-2.07454,Upregulated
ILMN_2359096,SS18,SS18,"SS18, nBAF chromatin remodeling complex subunit",-1.1583939,5.293144506757301,-3.3569599,0.00189,0.09178,-1.32118,Downregulated
ILMN_1806906,SSR3,SSR3,signal sequence receptor subunit 3,-0.6281555,5.556684883683289,-3.1145286,0.00364,0.12948,-1.89787,Downregulated
ILMN_2152257,SSTR2,SSTR2,somatostatin receptor 2,0.7569322,8.649148343710678,4.8203525,2.68e-05,0.01352,2.48912,Upregulated
ILMN_1714165,ST3GAL2,ST3GAL2,"ST3 beta-galactoside alpha-2,3-sialyltransferase 2",-0.6041437,6.608493906380025,-2.3370426,0.0252,0.30984,-3.57001,Downregulated
ILMN_3247998,STAP1,STAP1,signal transducing adaptor family member 1,1.5769188,3.5088739028485234,3.3517833,0.00192,0.092,-1.33372,Upregulated
ILMN_1785202,STAT4,STAT4,signal transducer and activator of transcription 4,1.1491866,8.432318596103135,4.3456869,0.000111,0.02472,1.2102,Upregulated
ILMN_1742324,SUCO,SUCO,SUN domain containing ossification factor,-1.0358304,3.4961414657966854,-2.7264115,0.00988,0.20568,-2.77025,Downregulated
ILMN_1798528,SULT1A2,SULT1A2,sulfotransferase family 1A member 2,-0.668172,4.551706635680801,-2.5242094,0.0162,0.26018,-3.19593,Downregulated
ILMN_1754579,SYNE2,SYNE2,spectrin repeat containing nuclear envelope protein 2,1.013381,3.731288040084572,3.3097805,0.00215,0.09692,-1.43511,Upregulated
ILMN_1712075,SYNM,SYNM,synemin,0.9277546,4.809684539087888,2.2184879,0.033,0.34592,-3.79628,Upregulated
ILMN_1750785,SYTL1,SYTL1,synaptotagmin like 1,1.1576974,4.790973361113497,3.698045,0.000731,0.05659,-0.47592,Upregulated
ILMN_2336609,SYTL2,SYTL2,synaptotagmin like 2,0.8382816,6.802043055165223,2.597243,0.0136,0.24142,-3.04466,Upregulated
ILMN_1720623,SYTL3,SYTL3,synaptotagmin like 3,1.0334123,6.8514200712559585,4.5171922,6.67e-05,0.02097,1.6693,Upregulated
ILMN_1684802,TAF5,TAF5,TATA-box binding protein associated factor 5,-0.6419,5.4031328215543075,-2.1473434,0.0387,0.36513,-3.92787,Downregulated
ILMN_2070477,TAF8,TAF8,TATA-box binding protein associated factor 8,-1.0106452,4.561155203054522,-2.3534141,0.0243,0.30546,-3.5381,Downregulated
ILMN_1758087,TAOK1,TAOK1,TAO kinase 1,0.6113578,7.328095405880801,2.2118128,0.0335,0.34641,-3.80876,Upregulated
ILMN_1729767,TARBP2,TARBP2,"TARBP2, RISC loading complex RNA binding subunit",-0.7729455,6.0748520393471725,-2.5613249,0.0148,0.24781,-3.11941,Downregulated
ILMN_2179397,TATDN1,TATDN1,TatD DNase domain containing 1,-0.6643224,6.316109798230565,-2.6078804,0.0132,0.23854,-3.02238,Downregulated
ILMN_1710434,TBC1D10C,TBC1D10C,TBC1 domain family member 10C,1.0926858,8.080247169015768,5.0816994,1.21e-05,0.013,3.20167,Upregulated
ILMN_1780197,TBC1D24,TBC1D24,TBC1 domain family member 24,0.8863937,5.735055228590297,3.6208721,0.000909,0.06199,-0.67026,Upregulated
ILMN_2228196,TBC1D32,TBC1D32,TBC1 domain family member 32,0.682022,8.989811038688387,3.9063701,0.000403,0.04194,0.05653,Upregulated
ILMN_2076415,TBCCD1,TBCCD1,TBCC domain containing 1,-0.8004266,3.887366143792852,-2.0726335,0.0455,0.39149,-4.06256,Downregulated
ILMN_1734596,TC2N,TC2N,"tandem C2 domains, nuclear",0.9283443,3.931665447505672,2.2897545,0.0281,0.32377,-3.66129,Upregulated
ILMN_1788841,TCL1A,TCL1A,T-cell leukemia/lymphoma 1A,1.7375915,3.856950494824899,4.2780463,0.000136,0.02544,1.03031,Upregulated
ILMN_2382309,TCL1B,TCL1B,T-cell leukemia/lymphoma 1B,0.5927119,3.5077176346578556,2.4807564,0.018,0.27139,-3.28455,Upregulated
ILMN_2285713,TDP1,TDP1,tyrosyl-DNA phosphodiesterase 1,0.7955933,10.345613302565155,3.5160554,0.00122,0.0721,-0.93142,Upregulated
ILMN_2175094,TDRD1,TDRD1,tudor domain containing 1,0.8057093,8.187043274570016,4.3973969,9.54e-05,0.02321,1.3482,Upregulated
ILMN_1705301,TEAD4,TEAD4,TEA domain transcription factor 4,-0.9475076,3.8477361236743057,-2.0378762,0.0491,0.40236,-4.12396,Downregulated
ILMN_1767651,TECPR1,TECPR1,tectonin beta-propeller repeat containing 1,0.6800942,7.369698009959691,3.2927575,0.00225,0.09903,-1.47603,Upregulated
ILMN_1654370,TESK2,TESK2,testis-specific kinase 2,0.5974991,6.270026950740848,3.2399108,0.0026,0.10547,-1.60237,Upregulated
ILMN_1786847,TGM3,TGM3,transglutaminase 3,0.6649874,4.889347313305106,2.3504226,0.0244,0.30568,-3.54394,Upregulated
ILMN_1651506,TGS1,TGS1,trimethylguanosine synthase 1,-1.1618276,5.853232024456315,-3.7689188,0.000597,0.05111,-0.29602,Downregulated
ILMN_2301955,THAP1,THAP1,THAP domain containing 1,-0.8820226,4.774374005994824,-2.8962901,0.00643,0.17178,-2.3968,Downregulated
ILMN_2125017,TIGIT,TIGIT,T-cell immunoreceptor with Ig and ITIM domains,0.676386,5.050223948500935,2.2928426,0.0279,0.32298,-3.65537,Upregulated
ILMN_1750678,TIMD4,TIMD4,T-cell immunoglobulin and mucin domain containing 4,1.5307269,5.531484786873575,3.0055029,0.00484,0.14971,-2.14968,Upregulated
ILMN_1706959,TIMM22,TIMM22,translocase of inner mitochondrial membrane 22 homolog (yeast),-0.6339102,8.510655668458892,-2.5006604,0.0172,0.26806,-3.24408,Downregulated
ILMN_1722239,TIMM8A,TIMM8A,translocase of inner mitochondrial membrane 8 homolog A (yeast),-0.6021543,5.47621752866876,-3.1426323,0.00337,0.12483,-1.83217,Downregulated
ILMN_1719905,TLR10,TLR10,toll like receptor 10,0.8873901,5.470374345251975,2.2884173,0.0282,0.32378,-3.66385,Upregulated
ILMN_1705047,TLR8,TLR8,toll like receptor 8,-0.5993322,8.449212835745405,-3.0296065,0.00455,0.14384,-2.09444,Downregulated
ILMN_2211534,TMC8,TMC8,transmembrane channel like 8,0.6122131,4.892773066152105,2.3146071,0.0265,0.31653,-3.61348,Upregulated
ILMN_1693045,TMED1,TMED1,transmembrane p24 trafficking protein 1,-0.9243526,8.503340571276679,-3.7001271,0.000727,0.05659,-0.47066,Downregulated
ILMN_1736585,TMED10,TMED10,transmembrane p24 trafficking protein 10,-0.7831738,8.93659131419042,-2.5526569,0.0151,0.25043,-3.13735,Downregulated
ILMN_3249244,TMEM106A,TMEM106A,transmembrane protein 106A,0.6611674,10.047896189920987,3.7902782,0.000562,0.04969,-0.24154,Upregulated
ILMN_1810374,TMEM156,TMEM156,transmembrane protein 156,0.7162687,3.0344310861198283,2.1630134,0.0374,0.35988,-3.89916,Upregulated
ILMN_2042941,TMEM159,TMEM159,transmembrane protein 159,-0.9433633,4.982388488242275,-2.8324441,0.00757,0.18331,-2.53876,Downregulated
ILMN_1758679,TMEM168,TMEM168,transmembrane protein 168,-0.8446538,5.714811278379005,-3.0351619,0.00448,0.14305,-2.08167,Downregulated
ILMN_2210386,TMEM17,TMEM17,transmembrane protein 17,0.7866947,11.974591576095861,4.1201979,0.000216,0.03054,0.61348,Upregulated
ILMN_1725387,TMEM200A,TMEM200A,transmembrane protein 200A,0.68117,4.197666061621707,2.8632262,0.007,0.17828,-2.47055,Upregulated
ILMN_1751559,TMEM204,TMEM204,transmembrane protein 204,0.9621029,3.500737658394306,2.7900053,0.00843,0.19456,-2.63207,Upregulated
ILMN_1748827,TMEM238,TMEM238,transmembrane protein 238,0.9325977,6.792093882730717,2.5408546,0.0156,0.25427,-3.1617,Upregulated
ILMN_1703288,TMEM259,TMEM259,transmembrane protein 259,0.6201977,8.253235092369465,3.6241559,0.000901,0.06171,-0.66202,Upregulated
ILMN_1719649,TMEM63A,TMEM63A,transmembrane protein 63A,0.7118651,4.707844503957325,3.2521217,0.00252,0.10416,-1.57327,Upregulated
ILMN_1785732,TNFAIP6,TNFAIP6,TNF alpha induced protein 6,0.800449,6.190991568110184,2.1402852,0.0393,0.36779,-3.94075,Upregulated
ILMN_2331010,TNFRSF10B,TNFRSF10B,TNF receptor superfamily member 10b,-1.0509037,4.516392851674346,-3.6316146,0.000882,0.06168,-0.64331,Downregulated
ILMN_1759075,TNFRSF13B,TNFRSF13B,TNF receptor superfamily member 13B,1.5469261,2.837499482741035,3.9555726,0.000349,0.03734,0.18382,Upregulated
ILMN_2112256,TNFRSF4,TNFRSF4,TNF receptor superfamily member 4,1.2390461,6.312514547607023,3.9817695,0.000324,0.03632,0.25181,Upregulated
ILMN_2106380,TNFSF15,TNFSF15,tumor necrosis factor superfamily member 15,0.9743104,7.980117793994652,4.8148933,2.73e-05,0.01352,2.47428,Upregulated
ILMN_2089875,TNFSF4,TNFSF4,tumor necrosis factor superfamily member 4,0.7496608,5.964011159044533,3.1220573,0.00356,0.12814,-1.8803,Upregulated
ILMN_1761778,TNFSF8,TNFSF8,tumor necrosis factor superfamily member 8,-0.6394039,6.852401324955424,-2.3040273,0.0272,0.31931,-3.63388,Downregulated
ILMN_1707591,TNIP3,TNIP3,TNFAIP3 interacting protein 3,0.6020999,4.168005620395849,2.1501937,0.0384,0.36386,-3.92266,Upregulated
ILMN_1873075,TNRC6C,TNRC6C,trinucleotide repeat containing 6C,0.685771,3.6751986301259514,3.5636595,0.00107,0.06748,-0.81322,Upregulated
ILMN_1655068,TOM1L2,TOM1L2,target of myb1 like 2 membrane trafficking protein,-0.7700318,5.716278383200962,-2.1798911,0.036,0.35436,-3.86806,Downregulated
ILMN_3298423,TOX2,TOX2,TOX high mobility group box family member 2,0.7593809,4.873850570371462,3.5889591,0.000994,0.06549,-0.75012,Upregulated
ILMN_1699570,TPD52L2,TPD52L2,tumor protein D52 like 2,-0.6262153,11.782677374655663,-2.4223905,0.0207,0.28775,-3.40191,Downregulated
ILMN_3235176,TRABD2A,TRABD2A,TraB domain containing 2A,1.177912,4.1555940904135555,3.7006499,0.000725,0.05659,-0.46933,Upregulated
ILMN_2338116,TRAF5,TRAF5,TNF receptor associated factor 5,0.7666963,4.721711020069178,2.4909974,0.0176,0.26989,-3.26375,Upregulated
ILMN_1750321,TRANK1,TRANK1,tetratricopeptide repeat and ankyrin repeat containing 1,0.6558837,6.6381191944530675,3.8312826,0.0005,0.0465,-0.13663,Upregulated
ILMN_2338921,TRAPPC11,TRAPPC11,trafficking protein particle complex 11,-0.5906025,9.386191352150114,-2.8211619,0.00779,0.1862,-2.56365,Downregulated
ILMN_2211122,TRAPPC2B,TRAPPC2B,trafficking protein particle complex 2B,-0.6088429,6.240691228946138,-2.4600556,0.0189,0.27545,-3.32639,Downregulated
ILMN_1711368,TRAPPC9,TRAPPC9,trafficking protein particle complex 9,0.5908152,5.601088202760967,2.1396865,0.0393,0.3679,-3.94184,Upregulated
ILMN_1684943,TRAT1,TRAT1,T cell receptor associated transmembrane adaptor 1,0.8571882,5.842739981960739,2.275817,0.029,0.3283,-3.68793,Upregulated
ILMN_1738220,TREML3P,TREML3P,"triggering receptor expressed on myeloid cells like 3, pseudogene",-0.6469289,4.893176956347887,-2.1148237,0.0415,0.37328,-3.98694,Downregulated
ILMN_1714700,TRIB2,TRIB2,tribbles pseudokinase 2,0.6744752,5.680971637570873,2.7763059,0.00872,0.19819,-2.662,Upregulated
ILMN_2262275,TRIM13,TRIM13,tripartite motif containing 13,0.7883053,9.334219339614078,3.9632086,0.000342,0.03679,0.20362,Upregulated
ILMN_2161746,TRIP10,TRIP10,thyroid hormone receptor interactor 10,0.6724334,4.99514105321791,2.1353989,0.0397,0.36894,-3.94965,Upregulated
ILMN_1805481,TRMT11,TRMT11,tRNA methyltransferase 11 homolog,-0.5950672,6.079729669053685,-2.0564861,0.0472,0.39685,-4.09118,Downregulated
ILMN_2376403,TSC22D3,TSC22D3,TSC22 domain family member 3,0.6993823,10.823902358238247,3.6466105,0.000845,0.06045,-0.60563,Upregulated
ILMN_3225244,TSEN15,TSEN15,tRNA splicing endonuclease subunit 15,-0.7531439,5.321893996099571,-2.4851392,0.0178,0.27108,-3.27565,Downregulated
ILMN_1657509,TSEN54,TSEN54,tRNA splicing endonuclease subunit 54,0.6647955,5.363918145666172,2.6974438,0.0106,0.21274,-2.83253,Upregulated
ILMN_1768913,TSN,TSN,translin,-0.7902274,3.7406949817327884,-2.1587483,0.0377,0.36085,-3.90699,Downregulated
ILMN_1683263,TSPAN8,TSPAN8,tetraspanin 8,-1.0779356,4.126927810116271,-2.0332447,0.0496,0.40316,-4.13209,Downregulated
ILMN_2347298,TSPYL2,TSPYL2,TSPY like 2,0.8968103,6.0714940629974645,3.3121467,0.00214,0.09678,-1.42942,Upregulated
ILMN_2092232,TSR1,TSR1,"TSR1, ribosome maturation factor",0.6024324,3.7371771874656528,2.6775987,0.0112,0.21811,-2.87495,Upregulated
ILMN_1691572,TST,TST,thiosulfate sulfurtransferase,-0.7510141,9.906684349496635,-2.9769759,0.00522,0.15407,-2.21474,Downregulated
ILMN_1757730,TTC27,TTC27,tetratricopeptide repeat domain 27,-1.0705832,7.908940429707022,-2.9922337,0.00502,0.1522,-2.17998,Downregulated
ILMN_1807088,TTC33,TTC33,tetratricopeptide repeat domain 33,-0.6759128,3.65213542402157,-2.1396921,0.0393,0.3679,-3.94183,Downregulated
ILMN_1678140,TTC4,TTC4,tetratricopeptide repeat domain 4,-0.6811016,9.596932962923919,-2.5290893,0.016,0.25838,-3.18591,Downregulated
ILMN_1810228,TTF2,TTF2,transcription termination factor 2,-0.7226155,8.15707367554196,-2.4251293,0.0205,0.28653,-3.39645,Downregulated
ILMN_1788166,TTK,TTK,TTK protein kinase,-0.7068085,4.506936683031588,-2.0884111,0.044,0.38349,-4.03442,Downregulated
ILMN_2362368,U2AF1,U2AF1,U2 small nuclear RNA auxiliary factor 1,-0.6962211,6.233662426918207,-2.1074374,0.0422,0.37666,-4.00026,Downregulated
ILMN_1719998,UAP1L1,UAP1L1,UDP-N-acetylglucosamine pyrophosphorylase 1 like 1,0.9763208,4.934734991597292,2.4954464,0.0174,0.26964,-3.2547,Upregulated
ILMN_1713993,UBAC2,UBAC2,UBA domain containing 2,-0.707682,9.019113176737678,-3.3992637,0.00168,0.08747,-1.21836,Downregulated
ILMN_2171640,UBR3,UBR3,ubiquitin protein ligase E3 component n-recognin 3 (putative),-0.7585224,6.837904992584095,-2.9604965,0.00545,0.15699,-2.25216,Downregulated
ILMN_3238676,ULBP2,ULBP2,UL16 binding protein 2,0.6458861,3.242306832100157,2.1889655,0.0353,0.35272,-3.85127,Upregulated
ILMN_1664537,USP11,USP11,ubiquitin specific peptidase 11,0.6108861,6.545481386092523,2.8816626,0.00667,0.17399,-2.42949,Upregulated
ILMN_1738572,USP48,USP48,ubiquitin specific peptidase 48,-0.7858001,6.448135919794088,-2.910181,0.0062,0.16942,-2.36566,Downregulated
ILMN_1737611,VAMP1,VAMP1,vesicle associated membrane protein 1,0.6195826,7.571039497654453,2.957661,0.00549,0.15718,-2.25858,Upregulated
ILMN_1713491,VAMP2,VAMP2,vesicle associated membrane protein 2,0.633214,7.63187287620865,2.8440167,0.00735,0.1814,-2.51317,Upregulated
ILMN_1782352,VENTX,VENTX,VENT homeobox,-0.8849881,8.927921698103427,-2.7326766,0.00973,0.20516,-2.75673,Downregulated
ILMN_2199389,VIPR1,VIPR1,vasoactive intestinal peptide receptor 1,-0.6300533,7.402778065764791,-2.4377562,0.0199,0.28222,-3.3712,Downregulated
ILMN_1674574,VNN1,VNN1,vanin 1,-0.6810668,4.906727342896961,-3.1285987,0.0035,0.12726,-1.86502,Downregulated
ILMN_1804935,VNN3,VNN3,vanin 3,1.1062647,4.068748071905208,2.8181335,0.00785,0.18706,-2.57032,Upregulated
ILMN_1700147,VPREB3,VPREB3,pre-B lymphocyte 3,2.4094957,4.186756391042183,3.6730032,0.000785,0.05783,-0.53916,Upregulated
ILMN_2414826,VPS13A,VPS13A,vacuolar protein sorting 13 homolog A,0.7178551,5.477197375708411,3.2789135,0.00234,0.10116,-1.50922,Upregulated
ILMN_1716342,VPS50,VPS50,"VPS50, EARP/GARPII complex subunit",-0.6235405,6.8225624755192475,-2.3587106,0.024,0.30405,-3.52774,Downregulated
ILMN_1778488,WDR41,WDR41,WD repeat domain 41,-0.6017858,7.92492460604098,-2.4207131,0.0207,0.28847,-3.40526,Downregulated
ILMN_1662065,WDR92,WDR92,WD repeat domain 92,-0.7448493,5.422523354984388,-3.5513414,0.0011,0.06807,-0.84387,Downregulated
ILMN_1759023,WFS1,WFS1,wolframin ER transmembrane glycoprotein,-0.9115439,5.378790023338494,-2.7622812,0.00904,0.1988,-2.69255,Downregulated
ILMN_1717434,WHRN,WHRN,whirlin,0.5861268,3.6846013568027085,2.6056036,0.0133,0.23854,-3.02716,Upregulated
ILMN_2399769,WLS,WLS,wntless Wnt ligand secretion mediator,-0.605173,5.843202150616756,-2.7794857,0.00865,0.19746,-2.65506,Downregulated
ILMN_2370573,XAF1,XAF1,XIAP associated factor 1,0.6699501,7.537873050411181,2.5657675,0.0147,0.24664,-3.1102,Upregulated
ILMN_2204909,XRCC2,XRCC2,X-ray repair cross complementing 2,0.8310318,10.634940168296568,4.441825,8.36e-05,0.02176,1.46706,Upregulated
ILMN_1830462,XYLT1,XYLT1,xylosyltransferase 1,1.0334599,6.804869517739163,2.0564741,0.0472,0.39685,-4.09121,Upregulated
ILMN_1791147,YPEL3,YPEL3,yippee like 3,0.7126995,8.782385224926054,3.2999753,0.00221,0.09756,-1.45869,Upregulated
ILMN_1736008,YRDC,YRDC,yrdC N6-threonylcarbamoyltransferase domain containing,0.6034826,11.14976610618051,3.6666892,0.000799,0.0582,-0.55508,Upregulated
ILMN_1698803,ZAK,ZAK,sterile alpha motif and leucine zipper containing kinase AZK,-0.7126827,5.983097685473214,-2.7369032,0.00963,0.2048,-2.74759,Downregulated
ILMN_1719756,ZAP70,ZAP70,zeta chain of T cell receptor associated protein kinase 70,1.5542841,4.669424754894353,3.7007472,0.000725,0.05659,-0.46909,Upregulated
ILMN_1765994,ZBP1,ZBP1,Z-DNA binding protein 1,1.3498096,6.594420071793763,4.2215845,0.000161,0.02723,0.88071,Upregulated
ILMN_2305407,ZBTB16,ZBTB16,zinc finger and BTB domain containing 16,1.0363758,3.938578925262543,2.5471239,0.0153,0.25163,-3.14877,Upregulated
ILMN_3275580,ZCCHC18,ZCCHC18,zinc finger CCHC-type containing 18,0.7353605,5.077730975362376,3.8279686,0.000505,0.04655,-0.14513,Upregulated
ILMN_2094313,ZDHHC1,ZDHHC1,zinc finger DHHC-type containing 1,-0.7222314,6.377212739513852,-3.1520981,0.00329,0.12268,-1.80997,Downregulated
ILMN_1820767,ZEB2,ZEB2,zinc finger E-box binding homeobox 2,-0.5876009,5.760082878776323,-3.045016,0.00437,0.14048,-2.05899,Downregulated
ILMN_1814077,ZFPM2,ZFPM2,"zinc finger protein, FOG family member 2",-0.7465551,3.7926526336523176,-2.573625,0.0144,0.24583,-3.09389,Downregulated
ILMN_2322972,ZFYVE27,ZFYVE27,zinc finger FYVE-type containing 27,0.7092163,4.817282181569333,3.5083918,0.00125,0.07298,-0.95038,Upregulated
ILMN_1792951,ZHX2,ZHX2,zinc fingers and homeoboxes 2,0.6020725,6.056809436454075,3.2668553,0.00242,0.10225,-1.53808,Upregulated
ILMN_2361104,ZMAT3,ZMAT3,zinc finger matrin-type 3,0.7787099,12.275056218140584,3.7346099,0.000659,0.05442,-0.38327,Upregulated
ILMN_1763208,ZNF10,ZNF10,zinc finger protein 10,0.7494399,5.206858571250227,4.4399982,8.4e-05,0.02176,1.46217,Upregulated
ILMN_1726368,ZNF135,ZNF135,zinc finger protein 135,0.6214921,3.5695451791916524,2.138463,0.0394,0.36799,-3.94407,Upregulated
ILMN_1692145,ZNF14,ZNF14,zinc finger protein 14,0.6562629,12.15977414089483,3.7107653,0.000705,0.05619,-0.44373,Upregulated
ILMN_1719202,ZNF174,ZNF174,zinc finger protein 174,-0.7319526,5.2569426288724515,-4.0694025,0.000251,0.03271,0.48032,Downregulated
ILMN_2367530,ZNF280D,ZNF280D,zinc finger protein 280D,-0.7033614,5.697987577098999,-3.6106327,0.000935,0.06357,-0.69591,Downregulated
ILMN_3251742,ZNF322,ZNF322,zinc finger protein 322,-0.640968,7.2118158004858115,-3.152048,0.00329,0.12268,-1.81009,Downregulated
ILMN_1814619,ZNF33A,ZNF33A,zinc finger protein 33A,0.8268551,3.351440608458977,3.2842287,0.00231,0.10043,-1.49649,Upregulated
ILMN_1755850,ZNF350,ZNF350,zinc finger protein 350,-0.6680661,6.282852896655926,-2.1096096,0.042,0.37593,-3.99635,Downregulated
ILMN_2115949,ZNF394,ZNF394,zinc finger protein 394,0.8168036,11.388944512755616,4.1607898,0.000192,0.02986,0.72024,Upregulated
ILMN_1779015,ZNF467,ZNF467,zinc finger protein 467,-0.7305066,9.298681378230311,-2.8304289,0.00761,0.18331,-2.54321,Downregulated
ILMN_2279834,ZNF483,ZNF483,zinc finger protein 483,0.9797176,10.162894385989107,4.5437879,6.16e-05,0.02002,1.74083,Upregulated
ILMN_1787265,ZNF503,ZNF503,zinc finger protein 503,0.6422846,8.73254274565408,2.9579482,0.00548,0.15718,-2.25793,Upregulated
ILMN_2215211,ZNF514,ZNF514,zinc finger protein 514,0.8286218,5.393066985077698,2.8321252,0.00757,0.18331,-2.53947,Upregulated
ILMN_1748432,ZNF525,ZNF525,zinc finger protein 525,0.6636458,4.782206645444181,2.7719892,0.00882,0.19842,-2.67142,Upregulated
ILMN_2227495,ZNF549,ZNF549,zinc finger protein 549,0.698949,12.499547627351367,3.9109079,0.000397,0.04162,0.06825,Upregulated
ILMN_2212823,ZNF577,ZNF577,zinc finger protein 577,0.7754099,9.096972631918803,4.1439123,0.000202,0.02997,0.67582,Upregulated
ILMN_2290732,ZNF626,ZNF626,zinc finger protein 626,0.9846886,5.451273820057959,4.7208814,3.62e-05,0.01512,2.21915,Upregulated
ILMN_1670640,ZNF664,ZNF664,zinc finger protein 664,-0.6469486,4.428921311152538,-3.3129666,0.00213,0.09678,-1.42744,Downregulated
ILMN_2313889,ZNF682,ZNF682,zinc finger protein 682,0.741105,11.298693482480198,3.7114418,0.000704,0.05619,-0.44202,Upregulated
ILMN_2176882,ZNF69,ZNF69,zinc finger protein 69,0.8256861,11.35538068594651,4.1744124,0.000184,0.02946,0.75614,Upregulated
ILMN_1663281,ZNF702P,ZNF702P,"zinc finger protein 702, pseudogene",-0.7951725,3.942160788284395,-2.3781108,0.0229,0.29902,-3.48966,Downregulated
ILMN_1685365,ZNF773,ZNF773,zinc finger protein 773,0.689876,7.395064838600877,3.7266758,0.000674,0.05503,-0.40341,Upregulated
ILMN_1676459,ZNF785,ZNF785,zinc finger protein 785,0.6099417,4.418131294087073,2.8608307,0.00704,0.17828,-2.47588,Upregulated
ILMN_1727574,ZNF827,ZNF827,zinc finger protein 827,0.7152323,5.331154837981551,2.4818045,0.018,0.27139,-3.28242,Upregulated
ILMN_1658016,ZNF831,ZNF831,zinc finger protein 831,1.0951911,3.6575741276247364,2.8209823,0.00779,0.1862,-2.56405,Upregulated
ILMN_3245380,ZNF860,ZNF860,zinc finger protein 860,0.8057467,7.320282418531535,3.7129962,0.000701,0.05619,-0.43808,Upregulated
