"ID","adj.P.Val","P.Value","t","B","logFC","Gene.symbol","Gene.title","Gene","DEG_Status","Category","Subcategory"
"1556499_PM_s_at",0.01536,8.14e-06,8.87,3.767901,2.98466833,"COL1A1","collagen type I alpha 1 chain","COL1A1","Upregulated","Core matrisome","Collagens"
"206243_PM_at",0.02779,3.05e-05,-7.55,2.711832,-3.7942565,"TIMP4","TIMP metallopeptidase inhibitor 4","TIMP4","Downregulated","Matrisome-associated","ECM Regulators"
"207092_PM_at",0.03096,3.9e-05,-7.33,2.50776,-5.71734833,"LEP","leptin","LEP","Downregulated","Matrisome-associated","Secreted Factors"
"213905_PM_x_at",0.03752,6.19e-05,6.91,2.115992,3.55583833,"BGN","biglycan","BGN","Upregulated","Core matrisome","Proteoglycans"
"211709_PM_s_at",0.04223,7.64e-05,6.73,1.934889,3.07216072,"CLEC11A","C-type lectin domain family 11 member A","CLEC11A","Upregulated","Matrisome-associated","ECM-affiliated Proteins"
"212190_PM_at",0.04308,7.95e-05,6.69,1.900394,2.73569667,"SERPINE2","serpin family E member 2","SERPINE2","Upregulated","Matrisome-associated","ECM Regulators"
"209596_PM_at",0.04869,0.000102,6.48,1.686868,2.99756167,"MXRA5","matrix remodeling associated 5","MXRA5","Upregulated","Core matrisome","ECM Glycoproteins"
"202404_PM_s_at",0.05202,0.000121,6.33,1.531618,3.37799667,"COL1A2","collagen type I alpha 2 chain","COL1A2","Upregulated","Core matrisome","Collagens"
"225681_PM_at",0.06106,0.000151,6.16,1.341942,4.24938,"CTHRC1","collagen triple helix repeat containing 1","CTHRC1","Upregulated","Core matrisome","ECM Glycoproteins"
"209686_PM_at",0.06141,0.000154,-6.14,1.324619,-1.97702167,"S100B","S100 calcium binding protein B","S100B","Downregulated","Matrisome-associated","Secreted Factors"
"224724_PM_at",0.06216,0.000157,6.13,1.306718,1.738715,"SULF2","sulfatase 2","SULF2","Upregulated","Matrisome-associated","ECM Regulators"
"222835_PM_at",0.06743,0.000182,6,1.172329,1.51716,"THSD4","thrombospondin type 1 domain containing 4","THSD4","Upregulated","Core matrisome","ECM Glycoproteins"
"206737_PM_at",0.07219,0.000199,-5.93,1.094166,-1.99553833,"WNT11","Wnt family member 11","WNT11","Downregulated","Matrisome-associated","Secreted Factors"
"204422_PM_s_at",0.07829,0.000239,-5.79,0.930989,-1.63036433,"FGF2","fibroblast growth factor 2","FGF2","Downregulated","Matrisome-associated","Secreted Factors"
"216081_PM_at",0.07975,0.000249,-5.76,0.893066,-2.25678667,"LAMA4","laminin subunit alpha 4","LAMA4","Downregulated","Core matrisome","ECM Glycoproteins"
"213974_PM_at",0.08489,0.000278,-5.67,0.795752,-2.56882083,"ADAMTSL3","ADAMTS like 3","ADAMTSL3","Downregulated","Matrisome-associated","ECM Regulators"
"203368_PM_at",0.08869,0.000295,-5.63,0.741224,-1.26197,"CRELD1","cysteine rich with EGF like domains 1","CRELD1","Downregulated","Core matrisome","ECM Glycoproteins"
"219064_PM_at",0.09458,0.000333,-5.53,0.630526,-2.34209167,"ITIH5","inter-alpha-trypsin inhibitor heavy chain family member 5","ITIH5","Downregulated","Matrisome-associated","ECM Regulators"
"203083_PM_at",0.09516,0.000343,5.51,0.605867,2.29237667,"THBS2","thrombospondin 2","THBS2","Upregulated","Core matrisome","ECM Glycoproteins"
"207175_PM_at",0.10699,0.000413,-5.37,0.436963,-5.657775,"ADIPOQ","adiponectin, C1Q and collagen domain containing","ADIPOQ","Downregulated","Core matrisome","ECM Glycoproteins"
"201792_PM_at",0.10875,0.000431,5.34,0.397435,2.48848833,"AEBP1","AE binding protein 1","AEBP1","Upregulated","Core matrisome","ECM Glycoproteins"
"1554798_PM_at",0.10964,0.000445,5.32,0.368279,1.498445,"SNED1","sushi, nidogen and EGF like domains 1","SNED1","Upregulated","Core matrisome","ECM Glycoproteins"
"209220_PM_at",0.11825,0.000497,-5.23,0.266764,-1.999855,"GPC3","glypican 3","GPC3","Downregulated","Matrisome-associated","ECM-affiliated Proteins"
"234951_PM_s_at",0.14125,0.00064,5.05,0.03437,3.50933167,"COL12A1","collagen type XII alpha 1 chain","COL12A1","Upregulated","Core matrisome","Collagens"
"221731_PM_x_at",0.14869,0.000701,4.98,-0.049363,2.75288333,"VCAN","versican","VCAN","Upregulated","Core matrisome","Proteoglycans"
"201852_PM_x_at",0.16688,0.00084,4.86,-0.216264,2.83916,"COL3A1","collagen type III alpha 1 chain","COL3A1","Upregulated","Core matrisome","Collagens"
"221730_PM_at",0.18887,0.00101,4.72,-0.390279,2.83665667,"COL5A2","collagen type V alpha 2 chain","COL5A2","Upregulated","Core matrisome","Collagens"
"235182_PM_at",0.20263,0.00118,4.62,-0.530324,1.89909017,"ISM1","isthmin 1, angiogenesis inhibitor","ISM1","Upregulated","Matrisome-associated","Secreted Factors"
"212488_PM_at",0.2175,0.0014,4.5,-0.693801,3.44077333,"COL5A1","collagen type V alpha 1 chain","COL5A1","Upregulated","Core matrisome","Collagens"
"223315_PM_at",0.25042,0.00176,-4.35,-0.904528,-1.32911283,"NTN4","netrin 4","NTN4","Downregulated","Core matrisome","ECM Glycoproteins"
"226901_PM_at",0.25209,0.00183,-4.32,-0.942005,-1.90235717,"C17orf58","chromosome 17 open reading frame 58","C17orf58","Downregulated","Matrisome-associated","ECM Regulators"
"219689_PM_at",0.25694,0.00192,-4.29,-0.987809,-3.2923,"SEMA3G","semaphorin 3G","SEMA3G","Downregulated","Matrisome-associated","ECM-affiliated Proteins"
"205560_PM_at",0.26638,0.00214,-4.21,-1.090322,-1.07710833,"PCSK5","proprotein convertase subtilisin/kexin type 5","PCSK5","Downregulated","Matrisome-associated","ECM Regulators"
"219295_PM_s_at",0.27819,0.00229,-4.17,-1.154316,-4.62012833,"PCOLCE2","procollagen C-endopeptidase enhancer 2","PCOLCE2","Downregulated","Core matrisome","ECM Glycoproteins"
"206742_PM_at",0.30153,0.00261,-4.08,-1.274969,-2.892596,"FIGF","c-fos induced growth factor","FIGF","Downregulated","Matrisome-associated","Secreted Factors"
"223597_PM_at",0.30203,0.00263,-4.08,-1.282212,-6.39461483,"ITLN1","intelectin 1","ITLN1","Downregulated","Matrisome-associated","ECM-affiliated Proteins"
"213693_PM_s_at",0.31076,0.00281,4.03,-1.347306,1.56945833,"MUC1","mucin 1, cell surface associated","MUC1","Upregulated","Matrisome-associated","ECM-affiliated Proteins"
"205200_PM_at",0.32706,0.00309,-3.97,-1.436514,-1.90583267,"CLEC3B","C-type lectin domain family 3 member B","CLEC3B","Downregulated","Matrisome-associated","ECM-affiliated Proteins"
"205713_PM_s_at",0.33844,0.00335,3.92,-1.510505,4.07950533,"COMP","cartilage oligomeric matrix protein","COMP","Upregulated","Core matrisome","ECM Glycoproteins"
"209763_PM_at",0.34135,0.00355,-3.88,-1.565381,-3.2143,"CHRDL1","chordin like 1","CHRDL1","Downregulated","Matrisome-associated","Secreted Factors"
"213661_PM_at",0.34135,0.00355,-3.88,-1.566211,-1.4336215,"PAMR1","peptidase domain containing associated with muscle regeneration 1","PAMR1","Downregulated","Matrisome-associated","ECM Regulators"
"206101_PM_at",0.34902,0.00371,-3.85,-1.607619,-1.315845,"ECM2","extracellular matrix protein 2","ECM2","Downregulated","Core matrisome","ECM Glycoproteins"
"201645_PM_at",0.34902,0.00371,3.85,-1.608522,3.391885,"TNC","tenascin C","TNC","Upregulated","Core matrisome","ECM Glycoproteins"
"209369_PM_at",0.37414,0.00448,-3.73,-1.785396,-1.807643,"ANXA3","annexin A3","ANXA3","Downregulated","Matrisome-associated","ECM-affiliated Proteins"
"205984_PM_at",0.37593,0.00457,-3.72,-1.804944,-1.3207815,"CRHBP","corticotropin releasing hormone binding protein","CRHBP","Downregulated","Matrisome-associated","Secreted Factors"
"239272_PM_at",0.39007,0.0048,-3.69,-1.851823,-1.21676267,"MMP28","matrix metallopeptidase 28","MMP28","Downregulated","Matrisome-associated","ECM Regulators"
"201438_PM_at",0.39466,0.0049,3.67,-1.871761,1.11747333,"COL6A3","collagen type VI alpha 3 chain","COL6A3","Upregulated","Core matrisome","Collagens"
"216867_PM_s_at",0.39812,0.00496,3.67,-1.882781,1.43189167,"PDGFA","platelet derived growth factor subunit A","PDGFA","Upregulated","Matrisome-associated","Secreted Factors"
"214702_PM_at",0.41042,0.00526,3.63,-1.937563,1.93177567,"FN1","fibronectin 1","FN1","Upregulated","Core matrisome","ECM Glycoproteins"
"223121_PM_s_at",0.42805,0.00584,3.56,-2.037632,2.53317167,"SFRP2","secreted frizzled related protein 2","SFRP2","Upregulated","Matrisome-associated","Secreted Factors"
"228703_PM_at",0.45008,0.00637,3.51,-2.119267,2.10161317,"P4HA3","prolyl 4-hydroxylase subunit alpha 3","P4HA3","Upregulated","Matrisome-associated","ECM Regulators"
"226930_PM_at",0.45008,0.00641,3.51,-2.12463,2.90672,"FNDC1","fibronectin type III domain containing 1","FNDC1","Upregulated","Core matrisome","ECM Glycoproteins"
"221541_PM_at",0.45545,0.00654,3.49,-2.144332,2.78338833,"CRISPLD2","cysteine rich secretory protein LCCL domain containing 2","CRISPLD2","Upregulated","Core matrisome","ECM Glycoproteins"
"231234_PM_at",0.46191,0.00676,-3.47,-2.175544,-1.42134233,"CTSC","cathepsin C","CTSC","Downregulated","Matrisome-associated","ECM Regulators"
"227265_PM_at",0.46254,0.00684,-3.47,-2.186139,-1.46849833,"FGL2","fibrinogen like 2","FGL2","Downregulated","Core matrisome","ECM Glycoproteins"
"236904_PM_x_at",0.46981,0.00711,3.44,-2.223617,1.04586667,"TECTA","tectorin alpha","TECTA","Upregulated","Core matrisome","ECM Glycoproteins"
"226237_PM_at",0.47534,0.00742,3.41,-2.26396,2.68166667,"COL8A1","collagen type VIII alpha 1 chain","COL8A1","Upregulated","Core matrisome","Collagens"
"203886_PM_s_at",0.48363,0.00775,-3.39,-2.305003,-1.3728,"FBLN2","fibulin 2","FBLN2","Downregulated","Core matrisome","ECM Glycoproteins"
"209561_PM_at",0.49792,0.00815,3.36,-2.352584,1.15780833,"THBS3","thrombospondin 3","THBS3","Upregulated","Core matrisome","ECM Glycoproteins"
"236262_PM_at",0.50451,0.00834,-3.34,-2.374475,-1.68784,"MMRN2","multimerin 2","MMRN2","Downregulated","Core matrisome","ECM Glycoproteins"
"225275_PM_at",0.50937,0.00851,3.33,-2.392737,2.50904,"EDIL3","EGF like repeats and discoidin domains 3","EDIL3","Upregulated","Core matrisome","ECM Glycoproteins"
"204051_PM_s_at",0.51284,0.00867,3.32,-2.410624,2.73631167,"SFRP4","secreted frizzled related protein 4","SFRP4","Upregulated","Matrisome-associated","Secreted Factors"
"223475_PM_at",0.52084,0.00896,3.3,-2.441479,1.7040255,"CRISPLD1","cysteine rich secretory protein LCCL domain containing 1","CRISPLD1","Upregulated","Core matrisome","ECM Glycoproteins"
"37892_PM_at",0.52104,0.00898,3.3,-2.443853,3.78661098,"COL11A1","collagen type XI alpha 1 chain","COL11A1","Upregulated","Core matrisome","Collagens"
"235368_PM_at",0.52687,0.00935,-3.27,-2.482043,-1.52560033,"ADAMTS5","ADAM metallopeptidase with thrombospondin type 1 motif 5","ADAMTS5","Downregulated","Matrisome-associated","ECM Regulators"
"203088_PM_at",0.52984,0.00948,-3.26,-2.495111,-1.481305,"FBLN5","fibulin 5","FBLN5","Downregulated","Core matrisome","ECM Glycoproteins"
"209747_PM_at",0.54483,0.0102,3.22,-2.561187,1.38042167,"TGFB3","transforming growth factor beta 3","TGFB3","Upregulated","Matrisome-associated","Secreted Factors"
"204971_PM_at",0.54509,0.0102,-3.22,-2.562552,-1.71034833,"CSTA","cystatin A","CSTA","Downregulated","Matrisome-associated","ECM Regulators"
"225809_PM_at",0.55263,0.0105,-3.2,-2.591808,-1.17712167,"PARM1","prostate androgen-regulated mucin-like protein 1","PARM1","Downregulated","Matrisome-associated","ECM-affiliated Proteins"
"206026_PM_s_at",0.55359,0.0106,3.2,-2.596395,1.64126833,"TNFAIP6","TNF alpha induced protein 6","TNFAIP6","Upregulated","Core matrisome","ECM Glycoproteins"
"201069_PM_at",0.56283,0.0109,3.18,-2.627299,1.95519833,"MMP2","matrix metallopeptidase 2","MMP2","Upregulated","Matrisome-associated","ECM Regulators"
"204345_PM_at",0.58118,0.0117,3.13,-2.695402,2.12623667,"COL16A1","collagen type XVI alpha 1 chain","COL16A1","Upregulated","Core matrisome","Collagens"
"202465_PM_at",0.58394,0.0119,3.12,-2.707217,1.56403167,"PCOLCE","procollagen C-endopeptidase enhancer","PCOLCE","Upregulated","Core matrisome","ECM Glycoproteins"
"231628_PM_s_at",0.6403,0.0146,-3,-2.900726,-3.15377167,"SERPINB6","serpin family B member 6","SERPINB6","Downregulated","Matrisome-associated","ECM Regulators"
"1553129_PM_at",0.64064,0.0146,-3,-2.905002,-1.755475,"SVEP1","sushi, von Willebrand factor type A, EGF and pentraxin domain containing 1","SVEP1","Downregulated","Core matrisome","ECM Glycoproteins"
"244194_PM_at",0.64738,0.015,-2.98,-2.928281,-0.63180767,"ADAM22","ADAM metallopeptidase domain 22","ADAM22","Downregulated","Matrisome-associated","ECM Regulators"
"227995_PM_at",0.655,0.0155,2.96,-2.957347,0.98353833,"PLXDC2","plexin domain containing 2","PLXDC2","Upregulated","Matrisome-associated","ECM-affiliated Proteins"
"216333_PM_x_at",0.6565,0.0158,-2.95,-2.975631,-1.90377667,"TNXB","tenascin XB","TNXB","Downregulated","Core matrisome","ECM Glycoproteins"
"202598_PM_at",0.6565,0.0158,-2.95,-2.977192,-0.95649667,"S100A13","S100 calcium binding protein A13","S100A13","Downregulated","Matrisome-associated","Secreted Factors"
"231511_PM_at",0.65675,0.0159,2.95,-2.984354,0.673155,"FRAS1","Fraser extracellular matrix complex subunit 1","FRAS1","Upregulated","Core matrisome","ECM Glycoproteins"
"209270_PM_at",0.65724,0.0162,-2.94,-2.998658,-0.80779817,"LAMB3","laminin subunit beta 3","LAMB3","Downregulated","Core matrisome","ECM Glycoproteins"
"229900_PM_at",0.65724,0.0162,2.93,-3.001697,0.96097667,"CD109","CD109 molecule","CD109","Upregulated","Matrisome-associated","ECM Regulators"
"215775_PM_at",0.65724,0.0162,2.93,-3.002021,2.079993,"THBS1","thrombospondin 1","THBS1","Upregulated","Core matrisome","ECM Glycoproteins"
"213942_PM_at",0.66047,0.0165,2.92,-3.019333,1.4137225,"MEGF6","multiple EGF like domains 6","MEGF6","Upregulated","Matrisome-associated","Secreted Factors"
"202687_PM_s_at",0.66137,0.0166,-2.92,-3.024117,-1.87084333,"TNFSF10","tumor necrosis factor superfamily member 10","TNFSF10","Downregulated","Matrisome-associated","Secreted Factors"
"219500_PM_at",0.66137,0.0166,2.92,-3.026276,0.76089283,"CLCF1","cardiotrophin-like cytokine factor 1","CLCF1","Upregulated","Matrisome-associated","Secreted Factors"
"210511_PM_s_at",0.66137,0.017,2.91,-3.045178,2.517965,"INHBA","inhibin beta A subunit","INHBA","Upregulated","Matrisome-associated","Secreted Factors"
"221009_PM_s_at",0.67053,0.0178,-2.88,-3.089239,-1.71935883,"ANGPTL4","angiopoietin like 4","ANGPTL4","Downregulated","Matrisome-associated","Secreted Factors"
"201286_PM_at",0.69164,0.0191,2.84,-3.15475,0.9774825,"SDC1","syndecan 1","SDC1","Upregulated","Matrisome-associated","ECM-affiliated Proteins"
"229247_PM_at",0.69322,0.0193,2.83,-3.165557,1.11067167,"FBLN7","fibulin 7","FBLN7","Upregulated","Core matrisome","ECM Glycoproteins"
"205608_PM_s_at",0.70037,0.0197,-2.82,-3.184976,-1.33952667,"ANGPT1","angiopoietin 1","ANGPT1","Downregulated","Matrisome-associated","Secreted Factors"
"225110_PM_at",0.70122,0.0197,-2.81,-3.186723,-1.35626182,"OGFOD1","2-oxoglutarate and iron dependent oxygenase domain containing 1","OGFOD1","Downregulated","Matrisome-associated","ECM Regulators"
"206027_PM_at",0.70281,0.0199,2.81,-3.194776,0.67998267,"S100A3","S100 calcium binding protein A3","S100A3","Upregulated","Matrisome-associated","Secreted Factors"
"218245_PM_at",0.71034,0.0207,-2.79,-3.230754,-0.76658167,"TSKU","tsukushi, small leucine rich proteoglycan","TSKU","Downregulated","Core matrisome","ECM Glycoproteins"
"227989_PM_at",0.71493,0.021,-2.78,-3.244775,-0.81071,"LTBP4","latent transforming growth factor beta binding protein 4","LTBP4","Downregulated","Core matrisome","ECM Glycoproteins"
"226311_PM_at",0.7369,0.0224,2.74,-3.306551,2.27016333,"ADAMTS2","ADAM metallopeptidase with thrombospondin type 1 motif 2","ADAMTS2","Upregulated","Matrisome-associated","ECM Regulators"
"228496_PM_s_at",0.73721,0.0225,-2.74,-3.308444,-1.532185,"CRIM1","cysteine rich transmembrane BMP regulator 1","CRIM1","Downregulated","Core matrisome","ECM Glycoproteins"
"201787_PM_at",0.73721,0.0225,2.74,-3.308601,1.36257833,"FBLN1","fibulin 1","FBLN1","Upregulated","Core matrisome","ECM Glycoproteins"
"205229_PM_s_at",0.73934,0.023,-2.72,-3.327931,-0.74580983,"COCH","cochlin","COCH","Downregulated","Core matrisome","ECM Glycoproteins"
"212670_PM_at",0.73936,0.0232,2.72,-3.336559,1.89172033,"ELN","elastin","ELN","Upregulated","Core matrisome","ECM Glycoproteins"
"209687_PM_at",0.73936,0.0232,-2.72,-3.338691,-1.401515,"CXCL12","C-X-C motif chemokine ligand 12","CXCL12","Downregulated","Matrisome-associated","Secreted Factors"
"213428_PM_s_at",0.74981,0.024,2.7,-3.37043,0.692145,"COL6A1","collagen type VI alpha 1 chain","COL6A1","Upregulated","Core matrisome","Collagens"
"208269_PM_s_at",0.74981,0.024,2.7,-3.37106,0.61917133,"ADAM28","ADAM metallopeptidase domain 28","ADAM28","Upregulated","Matrisome-associated","ECM Regulators"
"231743_PM_at",0.76366,0.0251,2.67,-3.409677,0.547925,"WNT3","Wnt family member 3","WNT3","Not Significant","Matrisome-associated","Secreted Factors"
"202363_PM_at",0.76366,0.0251,2.67,-3.411849,1.98131,"SPOCK1","sparc/osteonectin, cwcv and kazal-like domains proteoglycan (testican) 1","SPOCK1","Upregulated","Core matrisome","Proteoglycans"
"202450_PM_s_at",0.76922,0.0256,2.66,-3.429059,2.43695333,"CTSK","cathepsin K","CTSK","Upregulated","Matrisome-associated","ECM Regulators"
"221900_PM_at",0.77122,0.0258,2.65,-3.435892,1.85791767,"COL8A2","collagen type VIII alpha 2 chain","COL8A2","Upregulated","Core matrisome","Collagens"
"208949_PM_s_at",0.77605,0.0264,-2.64,-3.457091,-1.33756,"LGALS3","lectin, galactoside binding soluble 3","LGALS3","Downregulated","Matrisome-associated","ECM-affiliated Proteins"
"210095_PM_s_at",0.77873,0.0269,-2.63,-3.476015,-1.07637167,"IGFBP3","insulin like growth factor binding protein 3","IGFBP3","Downregulated","Core matrisome","ECM Glycoproteins"
"200982_PM_s_at",0.77873,0.027,-2.63,-3.479502,-0.93219333,"ANXA6","annexin A6","ANXA6","Downregulated","Matrisome-associated","ECM-affiliated Proteins"
"209897_PM_s_at",0.77893,0.0271,2.62,-3.484259,0.87869167,"SLIT2","slit guidance ligand 2","SLIT2","Upregulated","Core matrisome","ECM Glycoproteins"
"219436_PM_s_at",0.77893,0.0271,-2.62,-3.484305,-0.987875,"EMCN","endomucin","EMCN","Downregulated","Matrisome-associated","ECM-affiliated Proteins"
"203417_PM_at",0.78135,0.0274,2.62,-3.493526,1.09142667,"MFAP2","microfibrillar associated protein 2","MFAP2","Upregulated","Core matrisome","ECM Glycoproteins"
"232317_PM_at",0.78181,0.0275,-2.62,-3.495049,-0.83897833,"PLXNA4","plexin A4","PLXNA4","Downregulated","Matrisome-associated","ECM-affiliated Proteins"
"201843_PM_s_at",0.78869,0.0283,-2.6,-3.524531,-1.276225,"EFEMP1","EGF containing fibulin like extracellular matrix protein 1","EFEMP1","Downregulated","Core matrisome","ECM Glycoproteins"
"211964_PM_at",0.78879,0.0286,-2.59,-3.534299,-0.90801,"COL4A2","collagen type IV alpha 2 chain","COL4A2","Downregulated","Core matrisome","Collagens"
"203424_PM_s_at",0.79757,0.0297,-2.57,-3.567864,-2.12923833,"IGFBP5","insulin like growth factor binding protein 5","IGFBP5","Downregulated","Core matrisome","ECM Glycoproteins"
"242444_PM_at",0.79901,0.0299,2.56,-3.575545,0.56035633,"C1QTNF6","C1q and tumor necrosis factor related protein 6","C1QTNF6","Not Significant","Matrisome-associated","ECM-affiliated Proteins"
"218638_PM_s_at",0.80209,0.0305,2.55,-3.593551,1.45533,"SPON2","spondin 2","SPON2","Upregulated","Core matrisome","ECM Glycoproteins"
"211428_PM_at",0.80269,0.0307,2.55,-3.59992,0.787334,"SERPINA1","serpin family A member 1","SERPINA1","Upregulated","Matrisome-associated","ECM Regulators"
"219245_PM_s_at",0.81129,0.0319,2.52,-3.635022,0.94807817,"OGFOD2","2-oxoglutarate and iron dependent oxygenase domain containing 2","OGFOD2","Upregulated","Matrisome-associated","ECM Regulators"
"1558220_PM_at",0.81737,0.0326,-2.51,-3.653509,-1.07581667,"MUC20","mucin 20, cell surface associated","MUC20","Downregulated","Matrisome-associated","ECM-affiliated Proteins"
"215446_PM_s_at",0.82192,0.0331,2.5,-3.669743,2.16197,"LOX","lysyl oxidase","LOX","Upregulated","Matrisome-associated","ECM Regulators"
"210605_PM_s_at",0.82192,0.0332,2.5,-3.670687,1.15391333,"MFGE8","milk fat globule-EGF factor 8 protein","MFGE8","Upregulated","Core matrisome","ECM Glycoproteins"
"230231_PM_at",0.82784,0.0345,2.48,-3.705654,1.49400033,"FGF14","fibroblast growth factor 14","FGF14","Upregulated","Matrisome-associated","Secreted Factors"
"229581_PM_at",0.82859,0.0348,-2.47,-3.714479,-1.11648167,"ELFN1","extracellular leucine rich repeat and fibronectin type III domain containing 1","ELFN1","Downregulated","Matrisome-associated","ECM-affiliated Proteins"
"206176_PM_at",0.82955,0.0352,-2.47,-3.726163,-1.48332,"BMP6","bone morphogenetic protein 6","BMP6","Downregulated","Matrisome-associated","Secreted Factors"
"213275_PM_x_at",0.83464,0.0363,2.45,-3.75377,0.71833667,"CTSB","cathepsin B","CTSB","Upregulated","Matrisome-associated","ECM Regulators"
"202916_PM_s_at",0.83472,0.0364,-2.45,-3.755446,-1.051875,"FAM20B","family with sequence similarity 20 member B","FAM20B","Downregulated","Matrisome-associated","ECM Regulators"
"202827_PM_s_at",0.83588,0.0365,2.44,-3.7595,2.17859517,"MMP14","matrix metallopeptidase 14","MMP14","Upregulated","Matrisome-associated","ECM Regulators"
"228233_PM_at",0.83651,0.0367,-2.44,-3.763849,-0.50216,"FREM1","FRAS1 related extracellular matrix 1","FREM1","Not Significant","Matrisome-associated","ECM-affiliated Proteins"
"1555048_PM_a_at",0.84253,0.0375,2.43,-3.783892,0.89494267,"TSPEAR","thrombospondin type laminin G domain and EAR repeats","TSPEAR","Upregulated","Core matrisome","ECM Glycoproteins"
"243946_PM_at",0.84656,0.0382,2.42,-3.802034,0.97185,"SMOC2","SPARC related modular calcium binding 2","SMOC2","Upregulated","Core matrisome","ECM Glycoproteins"
"202733_PM_at",0.8471,0.0387,2.41,-3.812893,1.21846333,"P4HA2","prolyl 4-hydroxylase subunit alpha 2","P4HA2","Upregulated","Matrisome-associated","ECM Regulators"
"213290_PM_at",0.84832,0.0389,2.41,-3.816797,0.94531667,"COL6A2","collagen type VI alpha 2 chain","COL6A2","Upregulated","Core matrisome","Collagens"
"206855_PM_s_at",0.85582,0.0404,-2.38,-3.852121,-0.660022,"HYAL2","hyaluronoglucosaminidase 2","HYAL2","Downregulated","Matrisome-associated","ECM Regulators"
"1568765_PM_at",0.86207,0.0412,2.37,-3.870876,3.0182915,"SERPINE1","serpin family E member 1","SERPINE1","Upregulated","Matrisome-associated","ECM Regulators"
"226534_PM_at",0.86361,0.0415,-2.37,-3.876811,-1.42137183,"KITLG","KIT ligand","KITLG","Downregulated","Matrisome-associated","Secreted Factors"
"202376_PM_at",0.86493,0.0418,2.36,-3.88373,1.28543333,"SERPINA3","serpin family A member 3","SERPINA3","Upregulated","Matrisome-associated","ECM Regulators"
"223537_PM_s_at",0.86617,0.0421,2.36,-3.891294,0.578912,"WNT5B","Wnt family member 5B","WNT5B","Not Significant","Matrisome-associated","Secreted Factors"
"210809_PM_s_at",0.86756,0.0423,2.35,-3.896026,2.25361667,"POSTN","periostin","POSTN","Upregulated","Core matrisome","ECM Glycoproteins"
"223828_PM_s_at",0.86756,0.0427,-2.35,-3.904385,-0.79102867,"LGALS12","galectin 12","LGALS12","Downregulated","Matrisome-associated","ECM-affiliated Proteins"
"211003_PM_x_at",0.86756,0.0428,2.35,-3.905099,0.9520255,"TGM2","transglutaminase 2","TGM2","Upregulated","Matrisome-associated","ECM Regulators"
"222486_PM_s_at",0.87677,0.0453,2.31,-3.959028,1.67115167,"ADAMTS1","ADAM metallopeptidase with thrombospondin type 1 motif 1","ADAMTS1","Upregulated","Matrisome-associated","ECM Regulators"
"1553045_PM_at",0.87756,0.0454,2.31,-3.960183,0.57249667,"WNT9A","Wnt family member 9A","WNT9A","Not Significant","Matrisome-associated","Secreted Factors"
"217161_PM_x_at",0.87767,0.0455,2.31,-3.961504,0.79720783,"ACAN","aggrecan","ACAN","Upregulated","Core matrisome","Proteoglycans"
"211263_PM_s_at",0.87871,0.0458,2.31,-3.968607,0.53259217,"PCSK6","proprotein convertase subtilisin/kexin type 6","PCSK6","Not Significant","Matrisome-associated","ECM Regulators"
"1553594_PM_a_at",0.88684,0.0471,2.29,-3.993785,0.80060833,"INSL3","Janus kinase 3///insulin like 3","INSL3","Upregulated","Matrisome-associated","Secreted Factors"
"206516_PM_at",0.88813,0.0475,-2.28,-4.001934,-0.602321,"AMH","anti-Mullerian hormone","AMH","Downregulated","Matrisome-associated","Secreted Factors"
"1570383_PM_at",0.89434,0.0484,2.27,-4.018677,0.58817083,"BMP1","bone morphogenetic protein 1","BMP1","Upregulated","Matrisome-associated","ECM Regulators"
"237411_PM_at",0.90075,0.0495,2.26,-4.039605,0.79023267,"ADAMTS6","ADAM metallopeptidase with thrombospondin type 1 motif 6","ADAMTS6","Upregulated","Matrisome-associated","ECM Regulators"
"204148_PM_s_at",0.90439,0.0498,-2.26,-4.044805,-0.95845757,"POMZP3","POM121 and ZP3 fusion///zona pellucida glycoprotein 3 (sperm receptor)","POMZP3","Downregulated","Core matrisome","ECM Glycoproteins"
"204148_PM_s_at",0.90439,0.0498,-2.26,-4.044805,-0.95845757,"ZP3","POM121 and ZP3 fusion///zona pellucida glycoprotein 3 (sperm receptor)","ZP3","Downregulated","Core matrisome","ECM Glycoproteins"
"217054_PM_at",0.90481,0.0499,-2.25,-4.04729,-1.11806667,"MUC3A","mucin 3A, cell surface associated","MUC3A","Downregulated","Matrisome-associated","ECM-affiliated Proteins"
"224396_PM_s_at",0.90626,0.0504,2.25,-4.05582,2.15244167,"ASPN","asporin","ASPN","Not Significant","Core matrisome","Proteoglycans"
"230341_PM_x_at",0.90626,0.0508,2.24,-4.062612,0.52810767,"ADAMTS10","ADAM metallopeptidase with thrombospondin type 1 motif 10","ADAMTS10","Not Significant","Matrisome-associated","ECM Regulators"
"203406_PM_at",0.9082,0.052,-2.23,-4.08337,-0.91959167,"MFAP1","microfibrillar associated protein 1","MFAP1","Not Significant","Core matrisome","ECM Glycoproteins"
"217728_PM_at",0.90937,0.0523,-2.23,-4.089399,-0.50461667,"S100A6","S100 calcium binding protein A6","S100A6","Not Significant","Matrisome-associated","Secreted Factors"
"1563772_PM_a_at",0.90954,0.0527,2.22,-4.096124,0.79096333,"LAMA3","laminin subunit alpha 3","LAMA3","Not Significant","Core matrisome","ECM Glycoproteins"
"1564251_PM_at",0.91513,0.0538,2.21,-4.114695,0.49978297,"EMID1","EMI domain containing 1","EMID1","Not Significant","Core matrisome","ECM Glycoproteins"
"215324_PM_at",0.92422,0.056,2.19,-4.151089,1.01021317,"SEMA3D","semaphorin 3D","SEMA3D","Not Significant","Matrisome-associated","ECM-affiliated Proteins"
"220956_PM_s_at",0.93467,0.0583,-2.16,-4.187778,-0.627625,"EGLN2","egl-9 family hypoxia inducible factor 2","EGLN2","Not Significant","Matrisome-associated","ECM Regulators"
"207041_PM_at",0.93518,0.0585,-2.16,-4.191613,-0.89491,"MASP2","mannan binding lectin serine peptidase 2","MASP2","Not Significant","Matrisome-associated","ECM Regulators"
"237335_PM_at",0.93519,0.0588,-2.16,-4.195501,-0.4394125,"ZP1","zona pellucida glycoprotein 1","ZP1","Not Significant","Core matrisome","ECM Glycoproteins"
"213601_PM_at",0.938,0.0596,2.15,-4.20891,0.68972783,"SLIT1","slit guidance ligand 1","SLIT1","Not Significant","Core matrisome","ECM Glycoproteins"
"212354_PM_at",0.94016,0.0603,2.14,-4.218113,1.98718167,"SULF1","sulfatase 1","SULF1","Not Significant","Matrisome-associated","ECM Regulators"
"222860_PM_s_at",0.94208,0.062,2.12,-4.244607,1.08016167,"PDGFD","platelet derived growth factor D","PDGFD","Not Significant","Matrisome-associated","Secreted Factors"
"205886_PM_at",0.94431,0.0633,2.11,-4.26342,0.55019355,"REG1B","regenerating family member 1 beta","REG1B","Not Significant","Matrisome-associated","ECM-affiliated Proteins"
"201150_PM_s_at",0.94431,0.0633,-2.11,-4.263443,-1.21797333,"TIMP3","TIMP metallopeptidase inhibitor 3","TIMP3","Not Significant","Matrisome-associated","ECM Regulators"
"220988_PM_s_at",0.94431,0.0634,2.11,-4.264821,1.14603833,"C1QTNF3","C1q and tumor necrosis factor related protein 3","C1QTNF3","Not Significant","Matrisome-associated","ECM-affiliated Proteins"
"1552726_PM_at",0.94505,0.0643,2.1,-4.277047,0.79662,"ADAMTS17","ADAM metallopeptidase with thrombospondin type 1 motif 17","ADAMTS17","Not Significant","Matrisome-associated","ECM Regulators"
"205648_PM_at",0.94505,0.0645,2.1,-4.279345,0.52537333,"WNT2","Wnt family member 2","WNT2","Not Significant","Matrisome-associated","Secreted Factors"
"212235_PM_at",0.94515,0.0649,-2.09,-4.28567,-0.88675,"PLXND1","plexin D1","PLXND1","Not Significant","Matrisome-associated","ECM-affiliated Proteins"
"209082_PM_s_at",0.94515,0.0651,2.09,-4.287644,0.81246333,"COL18A1","collagen type XVIII alpha 1 chain","COL18A1","Not Significant","Core matrisome","Collagens"
"208232_PM_x_at",0.95192,0.0679,2.07,-4.326035,0.69669667,"NRG1","neuregulin 1","NRG1","Not Significant","Matrisome-associated","Secreted Factors"
"204955_PM_at",0.95606,0.069,-2.06,-4.340767,-1.27766667,"SRPX","sushi repeat containing protein, X-linked","SRPX","Not Significant","Core matrisome","ECM Glycoproteins"
"213994_PM_s_at",0.95711,0.0695,2.05,-4.346634,1.10408167,"SPON1","spondin 1","SPON1","Not Significant","Core matrisome","ECM Glycoproteins"
"216865_PM_at",0.95711,0.0701,2.05,-4.355339,1.64715833,"COL14A1","collagen type XIV alpha 1 chain","COL14A1","Not Significant","Core matrisome","Collagens"
"209860_PM_s_at",0.95711,0.0704,-2.04,-4.358925,-0.87575333,"ANXA7","annexin A7","ANXA7","Not Significant","Matrisome-associated","ECM-affiliated Proteins"
"235275_PM_at",0.96899,0.0745,-2.01,-4.409697,-0.68300667,"BMP8B","bone morphogenetic protein 8b","BMP8B","Not Significant","Matrisome-associated","Secreted Factors"
"203789_PM_s_at",0.96899,0.0749,-2.01,-4.414105,-1.135905,"SEMA3C","semaphorin 3C","SEMA3C","Not Significant","Matrisome-associated","ECM-affiliated Proteins"
"233801_PM_s_at",0.97333,0.0765,-1.99,-4.433568,-0.44341798,"SEMA6D","semaphorin 6D","SEMA6D","Not Significant","Matrisome-associated","ECM-affiliated Proteins"
"205907_PM_s_at",0.97333,0.0766,1.99,-4.43456,0.882885,"OMD","osteomodulin","OMD","Not Significant","Core matrisome","Proteoglycans"
"208469_PM_s_at",0.97333,0.0771,1.99,-4.440466,0.69654517,"EGFL8","EGF like domain multiple 8///palmitoyl-protein thioesterase 2","EGFL8","Not Significant","Matrisome-associated","Secreted Factors"
"202350_PM_s_at",0.97517,0.0786,-1.98,-4.45718,-1.83215067,"MATN2","matrilin 2","MATN2","Not Significant","Core matrisome","ECM Glycoproteins"
"206390_PM_x_at",0.97517,0.0795,1.97,-4.467842,0.53267833,"PF4","platelet factor 4","PF4","Not Significant","Matrisome-associated","Secreted Factors"
"203294_PM_s_at",0.97517,0.0798,1.97,-4.470805,0.550164,"LMAN1","lectin, mannose binding 1","LMAN1","Not Significant","Matrisome-associated","ECM-affiliated Proteins"
"228237_PM_at",0.97517,0.0801,-1.97,-4.473854,-0.8390364,"PAPPA2","pappalysin 2","PAPPA2","Not Significant","Matrisome-associated","ECM Regulators"
"210237_PM_at",0.97678,0.0812,-1.96,-4.486308,-0.52983075,"ARTN","artemin","ARTN","Not Significant","Matrisome-associated","Secreted Factors"
"235221_PM_at",0.97849,0.082,1.95,-4.495274,0.98390333,"CBLN3","cerebellin 3 precursor","CBLN3","Not Significant","Matrisome-associated","Secreted Factors"
"205402_PM_x_at",0.98219,0.0833,1.94,-4.509041,0.620698,"PRSS2","protease, serine 2","PRSS2","Not Significant","Matrisome-associated","ECM Regulators"
"206987_PM_x_at",0.98269,0.0841,1.94,-4.517322,0.71449535,"FGF18","fibroblast growth factor 18","FGF18","Not Significant","Matrisome-associated","Secreted Factors"
"1553179_PM_at",0.98269,0.0878,1.91,-4.555746,0.63199667,"ADAMTS19","ADAM metallopeptidase with thrombospondin type 1 motif 19","ADAMTS19","Not Significant","Matrisome-associated","ECM Regulators"
"209774_PM_x_at",0.98269,0.088,1.91,-4.557797,2.48373233,"CXCL2","C-X-C motif chemokine ligand 2","CXCL2","Not Significant","Matrisome-associated","Secreted Factors"
"232642_PM_at",0.98269,0.0887,1.9,-4.565098,0.47387867,"VWA5B2","von Willebrand factor A domain containing 5B2","VWA5B2","Not Significant","Core matrisome","ECM Glycoproteins"
"239349_PM_at",0.98269,0.0926,1.88,-4.602971,0.73865617,"C1QTNF7","C1q and tumor necrosis factor related protein 7","C1QTNF7","Not Significant","Matrisome-associated","ECM-affiliated Proteins"
"205474_PM_at",0.98269,0.0929,-1.87,-4.605704,-0.73401333,"CRLF3","cytokine receptor like factor 3","CRLF3","Not Significant","Matrisome-associated","Secreted Factors"
"202997_PM_s_at",0.98269,0.093,1.87,-4.606069,0.95641533,"LOXL2","lysyl oxidase like 2","LOXL2","Not Significant","Matrisome-associated","ECM Regulators"
"201860_PM_s_at",0.98269,0.0948,-1.86,-4.62332,-1.00218833,"PLAT","plasminogen activator, tissue type","PLAT","Not Significant","Matrisome-associated","ECM Regulators"
"213992_PM_at",0.98269,0.0951,1.86,-4.625961,0.57360557,"COL4A6","collagen type IV alpha 6 chain","COL4A6","Not Significant","Core matrisome","Collagens"
"240963_PM_x_at",0.98269,0.0955,1.86,-4.630127,0.7284665,"PLXDC1","plexin domain containing 1","PLXDC1","Not Significant","Matrisome-associated","ECM-affiliated Proteins"
"222268_PM_x_at",0.98269,0.0975,1.84,-4.648218,0.63660767,"MUC5B","mucin 5B, oligomeric mucus/gel-forming","MUC5B","Not Significant","Matrisome-associated","ECM-affiliated Proteins"
"217371_PM_s_at",0.98269,0.0978,-1.84,-4.650441,-0.46435478,"IL15","interleukin 15","IL15","Not Significant","Matrisome-associated","Secreted Factors"
"200827_PM_at",0.98269,0.0983,1.84,-4.655534,0.97355833,"PLOD1","procollagen-lysine,2-oxoglutarate 5-dioxygenase 1","PLOD1","Not Significant","Matrisome-associated","ECM Regulators"
"206213_PM_at",0.98269,0.0995,-1.83,-4.665698,-0.5680135,"WNT10B","Wnt family member 10B","WNT10B","Not Significant","Matrisome-associated","Secreted Factors"
"203021_PM_at",0.98269,0.0996,-1.83,-4.667036,-1.25593667,"SLPI","secretory leukocyte peptidase inhibitor","SLPI","Not Significant","Matrisome-associated","ECM Regulators"
"224560_PM_at",0.98269,0.101,1.82,-4.677483,0.62842333,"TIMP2","TIMP metallopeptidase inhibitor 2","TIMP2","Not Significant","Matrisome-associated","ECM Regulators"
"204943_PM_at",0.98269,0.101,1.82,-4.679459,0.717108,"ADAM12","ADAM metallopeptidase domain 12","ADAM12","Not Significant","Matrisome-associated","ECM Regulators"
"210680_PM_s_at",0.98269,0.101,1.82,-4.680844,0.5762715,"MASP1","mannan binding lectin serine peptidase 1","MASP1","Not Significant","Matrisome-associated","ECM Regulators"
"206924_PM_at",0.98269,0.102,1.81,-4.690398,0.42976817,"IL11","interleukin 11","IL11","Not Significant","Matrisome-associated","Secreted Factors"
"1555253_PM_at",0.98269,0.102,-1.81,-4.690565,-0.73745117,"COL25A1","collagen type XXV alpha 1 chain","COL25A1","Not Significant","Core matrisome","Collagens"
"228186_PM_s_at",0.98269,0.104,-1.81,-4.700867,-1.46212167,"RSPO3","R-spondin 3","RSPO3","Not Significant","Core matrisome","ECM Glycoproteins"
"1570042_PM_a_at",0.98269,0.104,1.8,-4.70437,0.63302667,"ADAM9","ADAM metallopeptidase domain 9","ADAM9","Not Significant","Matrisome-associated","ECM Regulators"
"201654_PM_s_at",0.98269,0.104,1.8,-4.705429,0.9301965,"HSPG2","heparan sulfate proteoglycan 2","HSPG2","Not Significant","Core matrisome","Proteoglycans"
"209765_PM_at",0.98269,0.104,1.8,-4.708156,0.88689833,"ADAM19","ADAM metallopeptidase domain 19","ADAM19","Not Significant","Matrisome-associated","ECM Regulators"
"200665_PM_s_at",0.98269,0.107,1.78,-4.733249,0.818705,"SPARC","secreted protein acidic and cysteine rich","SPARC","Not Significant","Core matrisome","ECM Glycoproteins"
"207113_PM_s_at",0.98269,0.108,1.78,-4.734044,0.38795067,"TNF","tumor necrosis factor","TNF","Not Significant","Matrisome-associated","Secreted Factors"
"226804_PM_at",0.98269,0.108,1.78,-4.739305,0.63127333,"FAM20A","family with sequence similarity 20 member A","FAM20A","Not Significant","Matrisome-associated","ECM Regulators"
"203085_PM_s_at",0.98269,0.111,-1.76,-4.758671,-0.4798175,"TGFB1","transforming growth factor beta 1","TGFB1","Not Significant","Matrisome-associated","Secreted Factors"
"210143_PM_at",0.98269,0.112,1.76,-4.769835,0.43389417,"ANXA10","annexin A10","ANXA10","Not Significant","Matrisome-associated","ECM-affiliated Proteins"
"217757_PM_at",0.98269,0.112,-1.76,-4.769851,-1.06036,"A2M","alpha-2-macroglobulin","A2M","Not Significant","Matrisome-associated","ECM Regulators"
"207339_PM_s_at",0.98269,0.113,1.75,-4.773584,0.52254167,"LTB","lymphotoxin beta","LTB","Not Significant","Matrisome-associated","Secreted Factors"
"204351_PM_at",0.98269,0.113,1.75,-4.779171,0.630205,"S100P","S100 calcium binding protein P","S100P","Not Significant","Matrisome-associated","Secreted Factors"
"212158_PM_at",0.98269,0.115,-1.74,-4.792751,-1.38402667,"SDC2","syndecan 2","SDC2","Not Significant","Matrisome-associated","ECM-affiliated Proteins"
"213001_PM_at",0.98269,0.115,-1.74,-4.794324,-0.89292833,"ANGPTL2","angiopoietin like 2","ANGPTL2","Not Significant","Matrisome-associated","Secreted Factors"
"200771_PM_at",0.98269,0.117,-1.73,-4.806596,-0.75580333,"LAMC1","laminin subunit gamma 1","LAMC1","Not Significant","Core matrisome","ECM Glycoproteins"
"206904_PM_at",0.98269,0.117,-1.73,-4.807718,-0.44482083,"MATN1","matrilin 1, cartilage matrix protein","MATN1","Not Significant","Core matrisome","ECM Glycoproteins"
"233072_PM_at",0.98269,0.118,1.72,-4.817364,1.01323833,"NTNG2","netrin G2","NTNG2","Not Significant","Core matrisome","ECM Glycoproteins"
"216854_PM_at",0.98269,0.12,1.71,-4.830126,0.59655617,"GDF11","growth differentiation factor 11","GDF11","Not Significant","Matrisome-associated","Secreted Factors"
"1552410_PM_at",0.98269,0.12,-1.71,-4.831479,-0.40195633,"CLEC4F","C-type lectin domain family 4 member F","CLEC4F","Not Significant","Matrisome-associated","ECM-affiliated Proteins"
"229168_PM_at",0.98269,0.121,1.71,-4.833873,0.39521667,"COL23A1","collagen type XXIII alpha 1 chain","COL23A1","Not Significant","Core matrisome","Collagens"
"219859_PM_at",0.98269,0.121,1.71,-4.833971,0.55210283,"CLEC4E","C-type lectin domain family 4 member E","CLEC4E","Not Significant","Matrisome-associated","ECM-affiliated Proteins"
"221698_PM_s_at",0.98269,0.121,1.71,-4.835294,0.882345,"CLEC7A","C-type lectin domain family 7 member A","CLEC7A","Not Significant","Matrisome-associated","ECM-affiliated Proteins"
"233996_PM_x_at",0.98269,0.123,-1.7,-4.852961,-0.65952167,"EYS","eyes shut homolog (Drosophila)","EYS","Not Significant","Core matrisome","ECM Glycoproteins"
"203851_PM_at",0.98269,0.123,-1.7,-4.853191,-0.91616833,"IGFBP6","insulin like growth factor binding protein 6","IGFBP6","Not Significant","Core matrisome","ECM Glycoproteins"
"206034_PM_at",0.98269,0.124,1.69,-4.856198,0.472196,"SERPINB8","serpin family B member 8","SERPINB8","Not Significant","Matrisome-associated","ECM Regulators"
"219761_PM_at",0.98269,0.125,-1.69,-4.860948,-0.595706,"CLEC1A","C-type lectin domain family 1 member A","CLEC1A","Not Significant","Matrisome-associated","ECM-affiliated Proteins"
"1555380_PM_at",0.98269,0.125,1.69,-4.862496,0.673657,"ADAMTS4","ADAM metallopeptidase with thrombospondin type 1 motif 4","ADAMTS4","Not Significant","Matrisome-associated","ECM Regulators"
"213572_PM_s_at",0.98269,0.125,-1.69,-4.866762,-0.82692167,"SERPINB1","serpin family B member 1","SERPINB1","Not Significant","Matrisome-associated","ECM Regulators"
"208936_PM_x_at",0.98269,0.126,-1.68,-4.870158,-0.85256567,"LGALS8","galectin 8","LGALS8","Not Significant","Matrisome-associated","ECM-affiliated Proteins"
"219454_PM_at",0.98269,0.126,1.68,-4.870233,0.75808483,"EGFL6","EGF like domain multiple 6","EGFL6","Not Significant","Matrisome-associated","Secreted Factors"
"206134_PM_at",0.98269,0.126,1.68,-4.871856,0.37893117,"ADAMDEC1","ADAM like decysin 1","ADAMDEC1","Not Significant","Matrisome-associated","ECM Regulators"
"1552289_PM_a_at",0.98269,0.128,1.67,-4.882243,0.92189667,"CILP2","cartilage intermediate layer protein 2","CILP2","Not Significant","Core matrisome","ECM Glycoproteins"
"236088_PM_at",0.98269,0.129,1.67,-4.89199,0.40166817,"NTNG1","netrin G1","NTNG1","Not Significant","Core matrisome","ECM Glycoproteins"
"207278_PM_s_at",0.98269,0.13,-1.66,-4.899707,-0.57088333,"CD209","CD209 molecule","CD209","Not Significant","Matrisome-associated","ECM-affiliated Proteins"
"242814_PM_at",0.98269,0.134,1.64,-4.921333,0.352518,"SERPINB9","serpin family B member 9","SERPINB9","Not Significant","Matrisome-associated","ECM Regulators"
"214387_PM_x_at",0.98269,0.134,1.64,-4.922986,0.51438738,"SFTPC","surfactant protein C","SFTPC","Not Significant","Matrisome-associated","ECM-affiliated Proteins"
"205611_PM_at",0.98269,0.134,-1.64,-4.9266,-0.45639167,"TNFSF12","tumor necrosis factor superfamily member 12","TNFSF12","Not Significant","Matrisome-associated","Secreted Factors"
"207426_PM_s_at",0.98269,0.135,1.64,-4.932736,0.488893,"TNFSF4","tumor necrosis factor superfamily member 4","TNFSF4","Not Significant","Matrisome-associated","Secreted Factors"
"206682_PM_at",0.98269,0.136,-1.63,-4.93805,-0.48917833,"CLEC10A","C-type lectin domain family 10 member A","CLEC10A","Not Significant","Matrisome-associated","ECM-affiliated Proteins"
"1552773_PM_at",0.98269,0.137,1.63,-4.940899,0.70844863,"CLEC4D","C-type lectin domain family 4 member D","CLEC4D","Not Significant","Matrisome-associated","ECM-affiliated Proteins"
"1552853_PM_at",0.98269,0.137,1.63,-4.944579,0.55639433,"VWA5B1","von Willebrand factor A domain containing 5B1","VWA5B1","Not Significant","Core matrisome","ECM Glycoproteins"
"1559400_PM_s_at",0.98269,0.139,1.62,-4.956042,1.33501,"PAPPA","pappalysin 1","PAPPA","Not Significant","Matrisome-associated","ECM Regulators"
"222847_PM_s_at",0.98269,0.141,1.61,-4.964504,0.36323333,"EGLN3","egl-9 family hypoxia inducible factor 3","EGLN3","Not Significant","Matrisome-associated","ECM Regulators"
"1557906_PM_at",0.98269,0.141,1.61,-4.966997,0.5675495,"MUC12","mucin 12, cell surface associated","MUC12","Not Significant","Matrisome-associated","ECM-affiliated Proteins"
"204580_PM_at",0.98269,0.141,1.61,-4.969476,0.72093097,"MMP12","matrix metallopeptidase 12","MMP12","Not Significant","Matrisome-associated","ECM Regulators"
"207300_PM_s_at",0.98269,0.141,1.61,-4.969684,0.47655,"F7","coagulation factor VII","F7","Not Significant","Matrisome-associated","ECM Regulators"
"210342_PM_s_at",0.98269,0.143,-1.6,-4.976373,-0.34717333,"TPO","thyroid peroxidase","TPO","Not Significant","Matrisome-associated","Secreted Factors"
"207900_PM_at",0.98269,0.143,1.6,-4.981721,0.34476467,"CCL17","C-C motif chemokine ligand 17","CCL17","Not Significant","Matrisome-associated","Secreted Factors"
"206569_PM_at",0.98269,0.144,1.6,-4.983539,0.35538792,"IL24","interleukin 24","IL24","Not Significant","Matrisome-associated","Secreted Factors"
"215712_PM_s_at",0.98269,0.145,1.59,-4.987909,0.3886365,"IGFALS","insulin like growth factor binding protein acid labile subunit","IGFALS","Not Significant","Core matrisome","ECM Glycoproteins"
"211739_PM_x_at",0.98269,0.148,1.58,-5.005854,0.30845258,"CSH1","chorionic somatomammotropin hormone 1","CSH1","Not Significant","Matrisome-associated","Secreted Factors"
"243883_PM_at",0.98269,0.148,1.58,-5.008754,0.63200018,"MMP15","matrix metallopeptidase 15","MMP15","Not Significant","Matrisome-associated","ECM Regulators"
"244572_PM_at",0.98269,0.148,1.58,-5.010127,0.58021333,"KY","kyphoscoliosis peptidase","KY","Not Significant","Matrisome-associated","ECM Regulators"
"220783_PM_at",0.98269,0.149,1.58,-5.012729,0.521259,"MMP27","matrix metallopeptidase 27","MMP27","Not Significant","Matrisome-associated","ECM Regulators"
"207492_PM_at",0.98269,0.149,-1.57,-5.016067,-0.63554833,"NGLY1","N-glycanase 1","NGLY1","Not Significant","Matrisome-associated","ECM Regulators"
"233011_PM_at",0.98269,0.152,1.56,-5.02883,1.28034117,"ANXA1","annexin A1","ANXA1","Not Significant","Matrisome-associated","ECM-affiliated Proteins"
"221756_PM_at",0.98269,0.152,-1.56,-5.031133,-0.83880167,"PIK3IP1","phosphoinositide-3-kinase interacting protein 1","PIK3IP1","Not Significant","Matrisome-associated","Secreted Factors"
"225292_PM_at",0.98269,0.152,1.56,-5.031627,0.4384055,"COL27A1","collagen type XXVII alpha 1 chain","COL27A1","Not Significant","Core matrisome","Collagens"
"202728_PM_s_at",0.98269,0.154,1.55,-5.04289,1.16825833,"LTBP1","latent transforming growth factor beta binding protein 1","LTBP1","Not Significant","Core matrisome","ECM Glycoproteins"
"221359_PM_at",0.98269,0.155,1.55,-5.048011,0.35465333,"GDNF","glial cell derived neurotrophic factor","GDNF","Not Significant","Matrisome-associated","Secreted Factors"
"241942_PM_at",0.98269,0.155,-1.55,-5.049436,-0.5150525,"PXDNL","peroxidasin like","PXDNL","Not Significant","Core matrisome","ECM Glycoproteins"
"203878_PM_s_at",0.98269,0.157,1.54,-5.057102,0.61764333,"MMP11","matrix metallopeptidase 11","MMP11","Not Significant","Matrisome-associated","ECM Regulators"
"232558_PM_at",0.98269,0.158,1.54,-5.061206,0.87373833,"LAMC3","laminin subunit gamma 3","LAMC3","Not Significant","Core matrisome","ECM Glycoproteins"
"208439_PM_s_at",0.98269,0.159,1.53,-5.066069,0.39008533,"FCN2","ficolin 2","FCN2","Not Significant","Matrisome-associated","ECM-affiliated Proteins"
"206471_PM_s_at",0.98269,0.161,1.52,-5.07781,0.78039333,"PLXNC1","plexin C1","PLXNC1","Not Significant","Matrisome-associated","ECM-affiliated Proteins"
"201590_PM_x_at",0.98269,0.161,-1.52,-5.08047,-0.62241833,"ANXA2","annexin A2","ANXA2","Not Significant","Matrisome-associated","ECM-affiliated Proteins"
"214974_PM_x_at",0.98269,0.161,1.52,-5.080805,0.74075105,"CXCL5","C-X-C motif chemokine ligand 5","CXCL5","Not Significant","Matrisome-associated","Secreted Factors"
"205114_PM_s_at",0.98269,0.163,1.52,-5.08862,1.935553,"CCL3L3","C-C motif chemokine ligand 3 like 3///C-C motif chemokine ligand 3 like 1///C-C motif chemokine ligand 3","CCL3L3","Not Significant","Matrisome-associated","Secreted Factors"
"205114_PM_s_at",0.98269,0.163,1.52,-5.08862,1.935553,"CCL3","C-C motif chemokine ligand 3 like 3///C-C motif chemokine ligand 3 like 1///C-C motif chemokine ligand 3","CCL3","Not Significant","Matrisome-associated","Secreted Factors"
"206366_PM_x_at",0.98269,0.163,1.51,-5.091398,0.49296683,"XCL1","X-C motif chemokine ligand 1","XCL1","Not Significant","Matrisome-associated","Secreted Factors"
"217428_PM_s_at",0.98269,0.165,1.51,-5.097026,0.46838692,"COL10A1","collagen type X alpha 1 chain","COL10A1","Not Significant","Core matrisome","Collagens"
"220975_PM_s_at",0.98269,0.165,-1.51,-5.09819,-0.33376,"C1QTNF1","C1q and tumor necrosis factor related protein 1","C1QTNF1","Not Significant","Matrisome-associated","ECM-affiliated Proteins"
"205405_PM_at",0.98269,0.165,1.51,-5.098567,1.0150505,"SEMA5A","semaphorin 5A","SEMA5A","Not Significant","Matrisome-associated","ECM-affiliated Proteins"
"238481_PM_at",0.98269,0.165,1.51,-5.100508,1.37884,"MGP","matrix Gla protein","MGP","Not Significant","Core matrisome","ECM Glycoproteins"
"210080_PM_x_at",0.98269,0.167,1.5,-5.109219,0.290845,"CELA3A","chymotrypsin like elastase family member 3A","CELA3A","Not Significant","Matrisome-associated","ECM Regulators"
"205620_PM_at",0.98269,0.168,-1.5,-5.115486,-0.67027633,"F10","coagulation factor X","F10","Not Significant","Matrisome-associated","ECM Regulators"
"219039_PM_at",0.98269,0.168,1.5,-5.115645,0.45144333,"SEMA4C","semaphorin 4C","SEMA4C","Not Significant","Matrisome-associated","ECM-affiliated Proteins"
"206287_PM_s_at",0.98269,0.169,1.49,-5.116998,0.41962133,"ITIH4","inter-alpha-trypsin inhibitor heavy chain family member 4","ITIH4","Not Significant","Matrisome-associated","ECM Regulators"
"205747_PM_at",0.98269,0.169,1.49,-5.118156,0.33855942,"CBLN1","cerebellin 1 precursor","CBLN1","Not Significant","Matrisome-associated","Secreted Factors"
"205014_PM_at",0.98269,0.171,1.48,-5.131117,0.38628595,"FGFBP1","fibroblast growth factor binding protein 1","FGFBP1","Not Significant","Matrisome-associated","Secreted Factors"
"205479_PM_s_at",0.98269,0.172,1.48,-5.13349,0.95744167,"PLAU","plasminogen activator, urokinase","PLAU","Not Significant","Matrisome-associated","ECM Regulators"
"1564117_PM_at",0.98269,0.173,1.48,-5.137918,0.34192517,"HMCN2","hemicentin 2","HMCN2","Not Significant","Core matrisome","ECM Glycoproteins"
"203186_PM_s_at",0.98269,0.173,-1.48,-5.140686,-0.53705833,"S100A4","S100 calcium binding protein A4","S100A4","Not Significant","Matrisome-associated","Secreted Factors"
"242957_PM_at",0.98269,0.174,1.47,-5.142008,0.60908,"VWCE","von Willebrand factor C and EGF domains","VWCE","Not Significant","Core matrisome","ECM Glycoproteins"
"234387_PM_at",0.98269,0.174,1.47,-5.145002,0.45198,"COL4A5","collagen type IV alpha 5 chain","COL4A5","Not Significant","Core matrisome","Collagens"
"224371_PM_at",0.98269,0.175,1.47,-5.14765,0.4657425,"ADAMTSL1","ADAMTS like 1","ADAMTSL1","Not Significant","Matrisome-associated","ECM Regulators"
"211839_PM_s_at",0.98269,0.175,1.47,-5.148665,0.44088167,"CSF1","colony stimulating factor 1","CSF1","Not Significant","Matrisome-associated","Secreted Factors"
"219194_PM_at",0.98269,0.176,1.46,-5.153711,0.30840648,"SEMA4G","semaphorin 4G","SEMA4G","Not Significant","Matrisome-associated","ECM-affiliated Proteins"
"208005_PM_at",0.98269,0.176,1.46,-5.15473,0.31914767,"NTN1","netrin 1","NTN1","Not Significant","Core matrisome","ECM Glycoproteins"
"241412_PM_at",0.98269,0.177,1.46,-5.157115,0.49615023,"BTC","betacellulin","BTC","Not Significant","Matrisome-associated","Secreted Factors"
"205207_PM_at",0.98269,0.179,1.46,-5.1653,1.9709855,"IL6","interleukin 6","IL6","Not Significant","Matrisome-associated","Secreted Factors"
"1553234_PM_at",0.98269,0.179,1.45,-5.166988,0.5463945,"ADAMTS18","ADAM metallopeptidase with thrombospondin type 1 motif 18","ADAMTS18","Not Significant","Matrisome-associated","ECM Regulators"
"238864_PM_at",0.98269,0.18,1.45,-5.17108,0.3145205,"VWA3A","von Willebrand factor A domain containing 3A","VWA3A","Not Significant","Core matrisome","ECM Glycoproteins"
"208782_PM_at",0.98269,0.181,-1.45,-5.177348,-0.76953667,"FSTL1","follistatin like 1","FSTL1","Not Significant","Matrisome-associated","Secreted Factors"
"223752_PM_at",0.98269,0.182,1.44,-5.179277,0.55004,"CFC1","cripto, FRL-1, cryptic family 1","CFC1","Not Significant","Matrisome-associated","Secreted Factors"
"208220_PM_x_at",0.98269,0.182,-1.44,-5.18019,-0.37376323,"AMELY","amelogenin, Y-linked","AMELY","Not Significant","Core matrisome","ECM Glycoproteins"
"231273_PM_x_at",0.98269,0.182,1.44,-5.180601,0.41162743,"FRZB","frizzled-related protein","FRZB","Not Significant","Matrisome-associated","Secreted Factors"
"1555896_PM_a_at",0.98269,0.182,1.44,-5.182424,0.33023667,"ADAM15","ADAM metallopeptidase domain 15","ADAM15","Not Significant","Matrisome-associated","ECM Regulators"
"230170_PM_at",0.98269,0.183,1.44,-5.184606,0.5010775,"OSM","oncostatin M","OSM","Not Significant","Matrisome-associated","Secreted Factors"
"224262_PM_at",0.98269,0.184,1.44,-5.187121,0.37290617,"IL1F10","interleukin 1 family member 10 (theta)","IL1F10","Not Significant","Matrisome-associated","Secreted Factors"
"218717_PM_s_at",0.98269,0.184,1.44,-5.19039,0.4325515,"P3H2","prolyl 3-hydroxylase 2","P3H2","Not Significant","Matrisome-associated","ECM Regulators"
"223987_PM_at",0.98269,0.184,1.43,-5.190823,0.47798717,"CHRDL2","chordin like 2","CHRDL2","Not Significant","Matrisome-associated","Secreted Factors"
"238909_PM_at",0.98269,0.184,1.43,-5.190932,1.16053617,"S100A10","S100 calcium binding protein A10","S100A10","Not Significant","Matrisome-associated","Secreted Factors"
"201360_PM_at",0.98269,0.185,-1.43,-5.192072,-1.42937333,"CST3","cystatin C","CST3","Not Significant","Matrisome-associated","ECM Regulators"
"202185_PM_at",0.98269,0.185,1.43,-5.194205,0.49412333,"PLOD3","procollagen-lysine,2-oxoglutarate 5-dioxygenase 3","PLOD3","Not Significant","Matrisome-associated","ECM Regulators"
"229080_PM_at",0.98269,0.186,1.43,-5.196006,0.36567435,"COL26A1","collagen type XXVI alpha 1 chain","COL26A1","Not Significant","Core matrisome","Collagens"
"1553706_PM_at",0.98269,0.186,1.43,-5.196078,0.6653775,"HTRA4","HtrA serine peptidase 4","HTRA4","Not Significant","Matrisome-associated","ECM Regulators"
"214567_PM_s_at",0.98269,0.186,-1.43,-5.197811,-0.37203567,"XCL2","X-C motif chemokine ligand 2///X-C motif chemokine ligand 1","XCL2","Not Significant","Matrisome-associated","Secreted Factors"
"202007_PM_at",0.98269,0.188,-1.42,-5.205014,-0.65794667,"NID1","nidogen 1","NID1","Not Significant","Core matrisome","ECM Glycoproteins"
"205828_PM_at",0.98269,0.188,1.42,-5.208128,0.90030833,"MMP3","matrix metallopeptidase 3","MMP3","Not Significant","Matrisome-associated","ECM Regulators"
"208240_PM_s_at",0.98269,0.189,-1.42,-5.212537,-0.28219517,"FGF1","fibroblast growth factor 1","FGF1","Not Significant","Matrisome-associated","Secreted Factors"
"222712_PM_s_at",0.98269,0.191,1.41,-5.218547,0.35744583,"MUC13","mucin 13, cell surface associated","MUC13","Not Significant","Matrisome-associated","ECM-affiliated Proteins"
"204736_PM_s_at",0.98269,0.191,-1.41,-5.221575,-0.48501,"CSPG4","chondroitin sulfate proteoglycan 4","CSPG4","Not Significant","Matrisome-associated","ECM-affiliated Proteins"
"205392_PM_s_at",0.98269,0.192,-1.41,-5.221967,-0.93855,"CCL15","CCL15-CCL14 readthrough (NMD candidate)///C-C motif chemokine ligand 15///C-C motif chemokine ligand 14","CCL15","Not Significant","Matrisome-associated","Secreted Factors"
"205392_PM_s_at",0.98269,0.192,-1.41,-5.221967,-0.93855,"CCL14","CCL15-CCL14 readthrough (NMD candidate)///C-C motif chemokine ligand 15///C-C motif chemokine ligand 14","CCL14","Not Significant","Matrisome-associated","Secreted Factors"
"205180_PM_s_at",0.98269,0.192,1.41,-5.224303,0.30565333,"ADAM8","ADAM metallopeptidase domain 8","ADAM8","Not Significant","Matrisome-associated","ECM Regulators"
"220745_PM_at",0.98269,0.195,1.4,-5.235909,0.2770793,"IL19","interleukin 19","IL19","Not Significant","Matrisome-associated","Secreted Factors"
"215668_PM_s_at",0.98269,0.196,-1.39,-5.241728,-0.50389667,"PLXNB1","plexin B1","PLXNB1","Not Significant","Matrisome-associated","ECM-affiliated Proteins"
"230290_PM_at",0.98269,0.196,1.39,-5.242771,0.32625133,"SCUBE3","signal peptide, CUB domain and EGF like domain containing 3","SCUBE3","Not Significant","Matrisome-associated","Secreted Factors"
"227262_PM_at",0.98269,0.198,1.39,-5.247432,0.43242667,"HAPLN3","hyaluronan and proteoglycan link protein 3","HAPLN3","Not Significant","Core matrisome","Proteoglycans"
"206988_PM_at",0.98269,0.198,1.39,-5.247671,0.38320483,"CCL25","C-C motif chemokine ligand 25","CCL25","Not Significant","Matrisome-associated","Secreted Factors"
"203535_PM_at",0.98269,0.198,1.39,-5.250348,1.180095,"S100A9","S100 calcium binding protein A9","S100A9","Not Significant","Matrisome-associated","Secreted Factors"
"213421_PM_x_at",0.98269,0.198,1.39,-5.250436,0.63656633,"PRSS3","protease, serine 3","PRSS3","Not Significant","Matrisome-associated","ECM Regulators"
"214641_PM_at",0.98269,0.198,-1.39,-5.251001,-0.471804,"COL4A3","collagen type IV alpha 3 chain","COL4A3","Not Significant","Core matrisome","Collagens"
"222008_PM_at",0.98269,0.199,1.38,-5.252974,0.41922623,"COL9A1","collagen type IX alpha 1 chain","COL9A1","Not Significant","Core matrisome","Collagens"
"202859_PM_x_at",0.98269,0.2,1.38,-5.257188,1.28534333,"CXCL8","C-X-C motif chemokine ligand 8","CXCL8","Not Significant","Matrisome-associated","Secreted Factors"
"209365_PM_s_at",0.98269,0.201,1.38,-5.259408,1.15260667,"ECM1","extracellular matrix protein 1","ECM1","Not Significant","Core matrisome","ECM Glycoproteins"
"223836_PM_at",0.98269,0.202,-1.37,-5.264325,-0.52066237,"FGFBP2","fibroblast growth factor binding protein 2","FGFBP2","Not Significant","Matrisome-associated","Secreted Factors"
"205746_PM_s_at",0.98269,0.202,-1.37,-5.267231,-0.3463615,"ADAM17","ADAM metallopeptidase domain 17","ADAM17","Not Significant","Matrisome-associated","ECM Regulators"
"207027_PM_at",0.98269,0.205,1.36,-5.275713,0.34129217,"HGFAC","HGF activator","HGFAC","Not Significant","Matrisome-associated","Secreted Factors"
"203807_PM_x_at",0.98269,0.205,1.36,-5.276289,0.27634093,"CSH2","chorionic somatomammotropin hormone 2","CSH2","Not Significant","Matrisome-associated","Secreted Factors"
"1557094_PM_at",0.98269,0.205,-1.36,-5.276944,-1.09772833,"ANXA8L1","annexin A8-like 1///annexin A8","ANXA8L1","Not Significant","Matrisome-associated","ECM-affiliated Proteins"
"1557094_PM_at",0.98269,0.205,-1.36,-5.276944,-1.09772833,"ANXA8","annexin A8-like 1///annexin A8","ANXA8","Not Significant","Matrisome-associated","ECM-affiliated Proteins"
"209500_PM_x_at",0.98269,0.206,1.36,-5.280746,0.48738,"TNFSF13","TNFSF12-TNFSF13 readthrough///tumor necrosis factor superfamily member 13","TNFSF13","Not Significant","Matrisome-associated","Secreted Factors"
"1552982_PM_a_at",0.98269,0.206,1.36,-5.281073,0.25277217,"FGF4","fibroblast growth factor 4","FGF4","Not Significant","Matrisome-associated","Secreted Factors"
"205016_PM_at",0.98269,0.208,1.35,-5.28881,0.32792067,"TGFA","transforming growth factor alpha","TGFA","Not Significant","Matrisome-associated","Secreted Factors"
"207533_PM_at",0.98269,0.209,1.35,-5.29282,0.31327983,"CCL1","C-C motif chemokine ligand 1","CCL1","Not Significant","Matrisome-associated","Secreted Factors"
"210083_PM_at",0.98269,0.21,1.35,-5.296173,0.43745917,"SEMA7A","semaphorin 7A (John Milton Hagen blood group)","SEMA7A","Not Significant","Matrisome-associated","ECM-affiliated Proteins"
"230916_PM_at",0.98269,0.21,1.35,-5.29718,0.2440735,"NODAL","nodal growth differentiation factor","NODAL","Not Significant","Matrisome-associated","Secreted Factors"
"217254_PM_s_at",0.98269,0.211,1.35,-5.298996,0.256893,"EPO","erythropoietin","EPO","Not Significant","Matrisome-associated","Secreted Factors"
"229004_PM_at",0.98269,0.211,1.34,-5.299828,0.43634667,"ADAMTS15","ADAM metallopeptidase with thrombospondin type 1 motif 15","ADAMTS15","Not Significant","Matrisome-associated","ECM Regulators"
"205432_PM_at",0.98269,0.211,1.34,-5.301571,0.2598255,"OVGP1","oviductal glycoprotein 1","OVGP1","Not Significant","Matrisome-associated","ECM-affiliated Proteins"
"206434_PM_at",0.98269,0.211,1.34,-5.301919,0.3202901,"SPOCK3","sparc/osteonectin, cwcv and kazal-like domains proteoglycan (testican) 3","SPOCK3","Not Significant","Core matrisome","Proteoglycans"
"231803_PM_at",0.98269,0.212,1.34,-5.302483,0.49964167,"FGF11","fibroblast growth factor 11","FGF11","Not Significant","Matrisome-associated","Secreted Factors"
"232638_PM_at",0.98269,0.212,1.34,-5.304387,0.31052952,"COL20A1","collagen type XX alpha 1 chain","COL20A1","Not Significant","Core matrisome","Collagens"
"1554773_PM_at",0.98269,0.213,1.34,-5.307485,0.29551383,"WFIKKN2","WAP, follistatin/kazal, immunoglobulin, kunitz and netrin domain containing 2","WFIKKN2","Not Significant","Matrisome-associated","Secreted Factors"
"217681_PM_at",0.98269,0.214,1.34,-5.310877,0.36728467,"WNT7B","hypothetical protein LOC100289775///Wnt family member 7B","WNT7B","Not Significant","Matrisome-associated","Secreted Factors"
"211239_PM_s_at",0.98269,0.214,1.34,-5.31104,0.36226608,"ADAM7","ADAM metallopeptidase domain 7","ADAM7","Not Significant","Matrisome-associated","ECM Regulators"
"217067_PM_s_at",0.98269,0.214,1.33,-5.312342,0.3383992,"DMP1","dentin matrix acidic phosphoprotein 1","DMP1","Not Significant","Core matrisome","ECM Glycoproteins"
"206397_PM_x_at",0.98269,0.215,1.33,-5.316661,0.35727067,"GDF1","ceramide synthase 1///growth differentiation factor 1","GDF1","Not Significant","Matrisome-associated","Secreted Factors"
"205916_PM_at",0.98269,0.217,1.32,-5.324569,0.37298167,"S100A7","S100 calcium binding protein A7","S100A7","Not Significant","Matrisome-associated","Secreted Factors"
"211980_PM_at",0.98269,0.218,-1.32,-5.327904,-0.95477667,"COL4A1","collagen type IV alpha 1 chain","COL4A1","Not Significant","Core matrisome","Collagens"
"203683_PM_s_at",0.98269,0.22,-1.32,-5.333111,-0.45087833,"VEGFB","vascular endothelial growth factor B","VEGFB","Not Significant","Matrisome-associated","Secreted Factors"
"201105_PM_at",0.98269,0.221,-1.31,-5.336579,-1.04160167,"LGALS1","galectin 1","LGALS1","Not Significant","Matrisome-associated","ECM-affiliated Proteins"
"208606_PM_s_at",0.98269,0.222,1.31,-5.340744,0.34351467,"WNT4","Wnt family member 4","WNT4","Not Significant","Matrisome-associated","Secreted Factors"
"32128_PM_at",0.98269,0.223,-1.31,-5.345929,-1.2267145,"CCL18","C-C motif chemokine ligand 18","CCL18","Not Significant","Matrisome-associated","Secreted Factors"
"1556579_PM_s_at",0.98269,0.224,-1.3,-5.346758,-0.76775667,"IGSF10","immunoglobulin superfamily member 10","IGSF10","Not Significant","Core matrisome","ECM Glycoproteins"
"205258_PM_at",0.98269,0.224,-1.3,-5.347159,-0.64992333,"INHBB","inhibin beta B subunit","INHBB","Not Significant","Matrisome-associated","Secreted Factors"
"207442_PM_at",0.98269,0.225,1.3,-5.350294,0.303285,"CSF3","colony stimulating factor 3","CSF3","Not Significant","Matrisome-associated","Secreted Factors"
"227327_PM_at",0.98269,0.228,-1.29,-5.360827,-0.78280233,"MEGF8","multiple EGF like domains 8","MEGF8","Not Significant","Matrisome-associated","Secreted Factors"
"206224_PM_at",0.98269,0.228,1.29,-5.360951,0.372564,"CST1","cystatin SN","CST1","Not Significant","Matrisome-associated","ECM Regulators"
"238125_PM_at",0.98269,0.228,-1.29,-5.361113,-0.60486333,"ADAMTS16","ADAM metallopeptidase with thrombospondin type 1 motif 16","ADAMTS16","Not Significant","Matrisome-associated","ECM Regulators"
"205334_PM_at",0.98269,0.23,-1.28,-5.370386,-0.260555,"S100A1","S100 calcium binding protein A1","S100A1","Not Significant","Matrisome-associated","Secreted Factors"
"208096_PM_s_at",0.98269,0.231,1.28,-5.371091,0.571295,"COL21A1","collagen type XXI alpha 1 chain","COL21A1","Not Significant","Core matrisome","Collagens"
"221608_PM_at",0.98269,0.232,1.28,-5.37632,0.44658683,"WNT6","Wnt family member 6","WNT6","Not Significant","Matrisome-associated","Secreted Factors"
"217404_PM_s_at",0.98269,0.234,1.27,-5.382904,0.32047817,"COL2A1","collagen type II alpha 1 chain","COL2A1","Not Significant","Core matrisome","Collagens"
"220366_PM_at",0.98269,0.235,1.27,-5.385875,0.40810233,"ELSPBP1","epididymal sperm binding protein 1","ELSPBP1","Not Significant","Core matrisome","ECM Glycoproteins"
"237288_PM_at",0.98269,0.235,1.27,-5.386848,0.29347633,"TGM7","transglutaminase 7","TGM7","Not Significant","Matrisome-associated","ECM Regulators"
"218358_PM_at",0.98269,0.236,1.27,-5.388073,0.44960333,"CRELD2","cysteine rich with EGF like domains 2","CRELD2","Not Significant","Core matrisome","ECM Glycoproteins"
"210228_PM_at",0.98269,0.236,-1.27,-5.390439,-0.27201633,"CSF2","colony stimulating factor 2","CSF2","Not Significant","Matrisome-associated","Secreted Factors"
"214450_PM_at",0.98269,0.237,-1.26,-5.392324,-0.38298033,"CTSW","cathepsin W","CTSW","Not Significant","Matrisome-associated","ECM Regulators"
"229242_PM_at",0.98269,0.238,-1.26,-5.394391,-0.290926,"TNFSF15","tumor necrosis factor superfamily member 15","TNFSF15","Not Significant","Matrisome-associated","Secreted Factors"
"224636_PM_at",0.98269,0.238,-1.26,-5.395155,-0.501745,"ZFP91","ZFP91 zinc finger protein","ZFP91","Not Significant","Matrisome-associated","Secreted Factors"
"208378_PM_x_at",0.98269,0.239,1.26,-5.398659,0.46205983,"FGF5","fibroblast growth factor 5","FGF5","Not Significant","Matrisome-associated","Secreted Factors"
"223499_PM_at",0.98269,0.239,1.26,-5.399852,0.81697333,"C1QTNF5","C1q and tumor necrosis factor related protein 5///membrane frizzled-related protein","C1QTNF5","Not Significant","Matrisome-associated","ECM-affiliated Proteins"
"204575_PM_s_at",0.98269,0.24,1.26,-5.400875,1.68125333,"MMP19","matrix metallopeptidase 19","MMP19","Not Significant","Matrisome-associated","ECM Regulators"
"226244_PM_at",0.98269,0.241,-1.25,-5.404453,-0.39022167,"CLEC14A","C-type lectin domain family 14 member A","CLEC14A","Not Significant","Matrisome-associated","ECM-affiliated Proteins"
"233980_PM_s_at",0.98269,0.241,-1.25,-5.405582,-0.68375333,"VWF","von Willebrand factor","VWF","Not Significant","Core matrisome","ECM Glycoproteins"
"219803_PM_at",0.98269,0.241,1.25,-5.405618,0.33097283,"ANGPTL3","angiopoietin like 3","ANGPTL3","Not Significant","Matrisome-associated","Secreted Factors"
"227721_PM_at",0.98269,0.241,-1.25,-5.406033,-0.27975,"CPAMD8","C3 and PZP like, alpha-2-macroglobulin domain containing 8","CPAMD8","Not Significant","Matrisome-associated","ECM Regulators"
"222881_PM_at",0.98269,0.241,1.25,-5.407286,0.32077317,"HPSE","heparanase","HPSE","Not Significant","Matrisome-associated","ECM Regulators"
"216055_PM_at",0.98269,0.244,1.24,-5.415406,0.33045333,"PDGFB","platelet derived growth factor subunit B","PDGFB","Not Significant","Matrisome-associated","Secreted Factors"
"210413_PM_x_at",0.98269,0.245,1.24,-5.417401,0.30379319,"SERPINB4","serpin family B member 4","SERPINB4","Not Significant","Matrisome-associated","ECM Regulators"
"206871_PM_at",0.98269,0.245,1.24,-5.41953,0.43283846,"ELANE","elastase, neutrophil expressed","ELANE","Not Significant","Matrisome-associated","ECM Regulators"
"201201_PM_at",0.98269,0.247,-1.24,-5.425742,-0.588785,"CSTB","cystatin B","CSTB","Not Significant","Matrisome-associated","ECM Regulators"
"1554676_PM_at",0.98269,0.248,1.23,-5.427137,0.77006617,"SRGN","serglycin","SRGN","Not Significant","Core matrisome","Proteoglycans"
"227308_PM_x_at",0.98269,0.249,1.23,-5.431785,0.51359333,"LTBP3","latent transforming growth factor beta binding protein 3","LTBP3","Not Significant","Core matrisome","ECM Glycoproteins"
"207013_PM_s_at",0.98269,0.25,1.23,-5.4327,0.420845,"MMP16","matrix metallopeptidase 16","MMP16","Not Significant","Matrisome-associated","ECM Regulators"
"211728_PM_s_at",0.98269,0.25,1.23,-5.435127,0.28417117,"HYAL3","hyaluronoglucosaminidase 3","HYAL3","Not Significant","Matrisome-associated","ECM Regulators"
"205653_PM_at",0.98269,0.25,-1.23,-5.435486,-1.12730333,"CTSG","cathepsin G","CTSG","Not Significant","Matrisome-associated","ECM Regulators"
"208027_PM_s_at",0.98269,0.251,1.23,-5.436084,0.30925224,"TLL2","tolloid like 2","TLL2","Not Significant","Matrisome-associated","ECM Regulators"
"202766_PM_s_at",0.98269,0.252,-1.22,-5.439754,-0.940485,"FBN1","fibrillin 1","FBN1","Not Significant","Core matrisome","ECM Glycoproteins"
"221577_PM_x_at",0.98269,0.254,1.22,-5.446268,0.26291617,"GDF15","growth differentiation factor 15","GDF15","Not Significant","Matrisome-associated","Secreted Factors"
"203936_PM_s_at",0.98269,0.255,-1.21,-5.449173,-0.97708983,"MMP9","matrix metallopeptidase 9","MMP9","Not Significant","Matrisome-associated","ECM Regulators"
"231688_PM_at",0.98269,0.255,1.21,-5.449348,0.6726828,"MMP8","matrix metallopeptidase 8","MMP8","Not Significant","Matrisome-associated","ECM Regulators"
"205612_PM_at",0.98269,0.257,1.21,-5.456127,0.71093767,"MMRN1","multimerin 1","MMRN1","Not Significant","Core matrisome","ECM Glycoproteins"
"1553834_PM_at",0.98269,0.259,1.2,-5.461072,0.28384783,"COL6A5","collagen type VI alpha 5 chain","COL6A5","Not Significant","Core matrisome","Collagens"
"205515_PM_at",0.98269,0.26,1.2,-5.465576,0.237906,"PRSS12","protease, serine 12","PRSS12","Not Significant","Matrisome-associated","ECM Regulators"
"208417_PM_at",0.98269,0.262,1.2,-5.469837,0.28895367,"FGF6","fibroblast growth factor 6","FGF6","Not Significant","Matrisome-associated","Secreted Factors"
"204223_PM_at",0.98269,0.262,-1.19,-5.470193,-0.976995,"PRELP","proline and arginine rich end leucine rich repeat protein","PRELP","Not Significant","Core matrisome","Proteoglycans"
"235209_PM_at",0.98269,0.262,-1.19,-5.471713,-0.87075183,"SBSPON","somatomedin B and thrombospondin type 1 domain containing","SBSPON","Not Significant","Core matrisome","ECM Glycoproteins"
"211405_PM_x_at",0.98269,0.264,1.19,-5.476193,0.34551617,"IFNA17","interferon alpha 17","IFNA17","Not Significant","Matrisome-associated","Secreted Factors"
"219947_PM_at",0.98269,0.264,1.19,-5.476644,0.34277917,"CLEC4A","C-type lectin domain family 4 member A","CLEC4A","Not Significant","Matrisome-associated","ECM-affiliated Proteins"
"207714_PM_s_at",0.98269,0.265,1.19,-5.479014,0.9399,"SERPINH1","serpin family H member 1","SERPINH1","Not Significant","Matrisome-associated","ECM Regulators"
"1555551_PM_at",0.98269,0.265,1.19,-5.479424,0.2631335,"SERPINB5","serpin family B member 5","SERPINB5","Not Significant","Matrisome-associated","ECM Regulators"
"207584_PM_at",0.98269,0.265,-1.19,-5.479676,-0.22485783,"LPA","lipoprotein(a)","LPA","Not Significant","Matrisome-associated","ECM Regulators"
"201666_PM_at",0.98269,0.266,1.18,-5.481148,1.138605,"TIMP1","TIMP metallopeptidase inhibitor 1","TIMP1","Not Significant","Matrisome-associated","ECM Regulators"
"203184_PM_at",0.98269,0.267,1.18,-5.486191,0.41700367,"FBN2","fibrillin 2","FBN2","Not Significant","Core matrisome","ECM Glycoproteins"
"227760_PM_at",0.98269,0.268,1.18,-5.487268,0.34555655,"IGFBPL1","insulin like growth factor binding protein like 1","IGFBPL1","Not Significant","Core matrisome","ECM Glycoproteins"
"223884_PM_at",0.98269,0.268,1.18,-5.487798,0.26112983,"OPTC","opticin","OPTC","Not Significant","Core matrisome","Proteoglycans"
"218835_PM_at",0.98269,0.268,-1.18,-5.488966,-0.24132862,"SFTPA2","surfactant protein A2","SFTPA2","Not Significant","Matrisome-associated","ECM-affiliated Proteins"
"201508_PM_at",0.98269,0.269,1.18,-5.49076,0.72852167,"IGFBP4","insulin like growth factor binding protein 4","IGFBP4","Not Significant","Core matrisome","ECM Glycoproteins"
"209946_PM_at",0.98269,0.271,-1.17,-5.495272,-0.56885067,"VEGFC","vascular endothelial growth factor C","VEGFC","Not Significant","Matrisome-associated","Secreted Factors"
"204682_PM_at",0.98269,0.271,1.17,-5.497177,0.81756,"LTBP2","latent transforming growth factor beta binding protein 2","LTBP2","Not Significant","Core matrisome","ECM Glycoproteins"
"211343_PM_s_at",0.98269,0.272,1.17,-5.499375,0.3845935,"COL13A1","collagen type XIII alpha 1 chain","COL13A1","Not Significant","Core matrisome","Collagens"
"207123_PM_s_at",0.98269,0.272,1.17,-5.499459,0.29602383,"MATN4","matrilin 4","MATN4","Not Significant","Core matrisome","ECM Glycoproteins"
"211743_PM_s_at",0.98269,0.274,1.16,-5.504041,0.23634667,"PRG2","proteoglycan 2, pro eosinophil major basic protein","PRG2","Not Significant","Core matrisome","Proteoglycans"
"211260_PM_at",0.98269,0.274,1.16,-5.504809,0.48267667,"BMP7","bone morphogenetic protein 7","BMP7","Not Significant","Matrisome-associated","Secreted Factors"
"224093_PM_at",0.98269,0.275,-1.16,-5.507529,-0.30345527,"IFNK","interferon kappa","IFNK","Not Significant","Matrisome-associated","Secreted Factors"
"205431_PM_s_at",0.98269,0.276,1.16,-5.509523,0.25909017,"BMP5","bone morphogenetic protein 5","BMP5","Not Significant","Matrisome-associated","Secreted Factors"
"1559065_PM_a_at",0.98269,0.277,1.15,-5.514106,0.51023117,"CLEC4G","C-type lectin domain family 4 member G","CLEC4G","Not Significant","Matrisome-associated","ECM-affiliated Proteins"
"211127_PM_x_at",0.98269,0.278,1.15,-5.514447,0.35960932,"EDA","ectodysplasin A","EDA","Not Significant","Matrisome-associated","Secreted Factors"
"218677_PM_at",0.98269,0.278,1.15,-5.514571,0.3061285,"S100A14","S100 calcium binding protein A14","S100A14","Not Significant","Matrisome-associated","Secreted Factors"
"205476_PM_at",0.98269,0.28,1.15,-5.52088,0.370843,"CCL20","C-C motif chemokine ligand 20","CCL20","Not Significant","Matrisome-associated","Secreted Factors"
"1564897_PM_at",0.98269,0.28,1.15,-5.521561,0.35359333,"TNR","tenascin R","TNR","Not Significant","Core matrisome","ECM Glycoproteins"
"200795_PM_at",0.98269,0.281,-1.15,-5.522473,-1.23083167,"SPARCL1","SPARC like 1","SPARCL1","Not Significant","Core matrisome","ECM Glycoproteins"
"218468_PM_s_at",0.98269,0.281,1.15,-5.522919,1.26528267,"GREM1","gremlin 1, DAN family BMP antagonist","GREM1","Not Significant","Matrisome-associated","ECM-affiliated Proteins"
"204470_PM_at",0.98269,0.282,1.14,-5.525456,0.628018,"CXCL1","C-X-C motif chemokine ligand 1","CXCL1","Not Significant","Matrisome-associated","Secreted Factors"
"1555343_PM_at",0.98269,0.284,1.14,-5.531388,0.337262,"MEGF10","multiple EGF like domains 10","MEGF10","Not Significant","Matrisome-associated","Secreted Factors"
"210915_PM_x_at",0.98269,0.285,-1.13,-5.53558,-0.52310933,"IL23A","interleukin 23 subunit alpha///T cell receptor beta variable 19","IL23A","Not Significant","Matrisome-associated","Secreted Factors"
"206956_PM_at",0.98269,0.286,1.13,-5.535941,0.48365817,"BGLAP","bone gamma-carboxyglutamate protein","BGLAP","Not Significant","Core matrisome","ECM Glycoproteins"
"1553057_PM_at",0.98269,0.286,1.13,-5.537294,0.27595705,"SERPINB12","serpin family B member 12","SERPINB12","Not Significant","Matrisome-associated","ECM Regulators"
"208293_PM_x_at",0.98269,0.287,1.13,-5.539085,0.26040521,"CSHL1","chorionic somatomammotropin hormone like 1","CSHL1","Not Significant","Matrisome-associated","Secreted Factors"
"215420_PM_at",0.98269,0.287,-1.13,-5.539186,-0.2343835,"IHH","indian hedgehog","IHH","Not Significant","Matrisome-associated","Secreted Factors"
"242843_PM_at",0.98269,0.288,1.13,-5.543526,0.30089283,"BCAN","brevican","BCAN","Not Significant","Core matrisome","Proteoglycans"
"1569401_PM_at",0.98269,0.289,-1.12,-5.545241,-0.21980917,"CLEC12A","C-type lectin domain family 12 member A","CLEC12A","Not Significant","Matrisome-associated","ECM-affiliated Proteins"
"1554233_PM_at",0.98269,0.29,1.12,-5.546507,0.28361007,"C1QTNF9","C1q and tumor necrosis factor related protein 9","C1QTNF9","Not Significant","Matrisome-associated","ECM-affiliated Proteins"
"244463_PM_at",0.98269,0.29,1.12,-5.546956,0.51126367,"ADAM23","ADAM metallopeptidase domain 23","ADAM23","Not Significant","Matrisome-associated","ECM Regulators"
"212562_PM_s_at",0.98269,0.29,1.12,-5.547242,0.6651265,"CTSZ","cathepsin Z","CTSZ","Not Significant","Matrisome-associated","ECM Regulators"
"1554864_PM_a_at",0.98269,0.29,-1.12,-5.547986,-0.329145,"SDC3","syndecan 3","SDC3","Not Significant","Matrisome-associated","ECM-affiliated Proteins"
"223708_PM_at",0.98269,0.291,1.12,-5.548982,0.35308617,"C1QTNF4","C1q and tumor necrosis factor related protein 4","C1QTNF4","Not Significant","Matrisome-associated","ECM-affiliated Proteins"
"206091_PM_at",0.98269,0.291,1.12,-5.550421,0.35244583,"MATN3","matrilin 3","MATN3","Not Significant","Core matrisome","ECM Glycoproteins"
"1553505_PM_at",0.98269,0.291,1.12,-5.55055,0.43147233,"A2ML1","alpha-2-macroglobulin like 1","A2ML1","Not Significant","Matrisome-associated","ECM Regulators"
"229641_PM_at",0.98269,0.292,1.12,-5.552666,0.37668733,"CCBE1","collagen and calcium binding EGF domains 1","CCBE1","Not Significant","Matrisome-associated","Secreted Factors"
"240164_PM_at",0.98269,0.292,1.12,-5.552862,0.314585,"MUC4","mucin 4, cell surface associated","MUC4","Not Significant","Matrisome-associated","ECM-affiliated Proteins"
"220830_PM_at",0.98269,0.293,1.12,-5.554106,0.32430517,"IMPG2","interphotoreceptor matrix proteoglycan 2","IMPG2","Not Significant","Core matrisome","Proteoglycans"
"203687_PM_at",0.98269,0.293,-1.12,-5.554262,-0.24526333,"CX3CL1","C-X3-C motif chemokine ligand 1","CX3CL1","Not Significant","Matrisome-associated","Secreted Factors"
"220518_PM_at",0.98269,0.293,1.11,-5.556063,0.28180967,"ABI3BP","ABI family member 3 binding protein","ABI3BP","Not Significant","Core matrisome","ECM Glycoproteins"
"220203_PM_at",0.98269,0.294,1.11,-5.558266,0.250492,"BMP8A","bone morphogenetic protein 8a","BMP8A","Not Significant","Matrisome-associated","Secreted Factors"
"205110_PM_s_at",0.98269,0.295,-1.11,-5.560687,-0.50788667,"FGF13","fibroblast growth factor 13","FGF13","Not Significant","Matrisome-associated","Secreted Factors"
"206207_PM_at",0.98269,0.296,1.11,-5.563935,0.21411373,"CLC","Charcot-Leyden crystal galectin","CLC","Not Significant","Matrisome-associated","ECM-affiliated Proteins"
"220287_PM_at",0.98269,0.297,1.1,-5.56601,0.59291333,"ADAMTS9","ADAM metallopeptidase with thrombospondin type 1 motif 9","ADAMTS9","Not Significant","Matrisome-associated","ECM Regulators"
"216320_PM_x_at",0.98269,0.298,1.1,-5.567169,0.46422167,"MST1","macrophage stimulating 1","MST1","Not Significant","Matrisome-associated","Secreted Factors"
"206814_PM_at",0.98269,0.302,1.09,-5.577718,0.30301567,"NGF","nerve growth factor","NGF","Not Significant","Matrisome-associated","Secreted Factors"
"215516_PM_at",0.98269,0.303,1.09,-5.578898,0.333782,"LAMB4","laminin subunit beta 4","LAMB4","Not Significant","Core matrisome","ECM Glycoproteins"
"220142_PM_at",0.98269,0.303,1.09,-5.579158,0.32230222,"HAPLN2","hyaluronan and proteoglycan link protein 2","HAPLN2","Not Significant","Core matrisome","Proteoglycans"
"204987_PM_at",0.98269,0.304,1.09,-5.581707,0.224895,"ITIH2","inter-alpha-trypsin inhibitor heavy chain 2","ITIH2","Not Significant","Matrisome-associated","ECM Regulators"
"202071_PM_at",0.98269,0.304,1.09,-5.582741,0.34307333,"SDC4","syndecan 4","SDC4","Not Significant","Matrisome-associated","ECM-affiliated Proteins"
"206000_PM_at",0.98269,0.304,1.09,-5.582969,0.28117383,"MEP1A","meprin A subunit alpha","MEP1A","Not Significant","Matrisome-associated","ECM Regulators"
"209652_PM_s_at",0.98269,0.304,1.09,-5.583317,0.33905433,"PGF","placental growth factor","PGF","Not Significant","Matrisome-associated","Secreted Factors"
"213765_PM_at",0.98269,0.306,-1.08,-5.586965,-0.99814333,"MFAP5","microfibrillar associated protein 5","MFAP5","Not Significant","Core matrisome","ECM Glycoproteins"
"238984_PM_at",0.98269,0.306,1.08,-5.588238,0.57181858,"REG4","regenerating family member 4","REG4","Not Significant","Matrisome-associated","ECM-affiliated Proteins"
"230022_PM_at",0.98269,0.306,1.08,-5.588307,0.33864983,"CLEC18B","C-type lectin domain family 18 member B///C-type lectin domain family 18 member A///C-type lectin domain family 18 member C","CLEC18B","Not Significant","Matrisome-associated","ECM-affiliated Proteins"
"230022_PM_at",0.98269,0.306,1.08,-5.588307,0.33864983,"CLEC18A","C-type lectin domain family 18 member B///C-type lectin domain family 18 member A///C-type lectin domain family 18 member C","CLEC18A","Not Significant","Matrisome-associated","ECM-affiliated Proteins"
"230022_PM_at",0.98269,0.306,1.08,-5.588307,0.33864983,"CLEC18C","C-type lectin domain family 18 member B///C-type lectin domain family 18 member A///C-type lectin domain family 18 member C","CLEC18C","Not Significant","Matrisome-associated","ECM-affiliated Proteins"
"223046_PM_at",0.98269,0.309,-1.08,-5.593374,-0.75938,"EGLN1","egl-9 family hypoxia inducible factor 1","EGLN1","Not Significant","Matrisome-associated","ECM Regulators"
"221463_PM_at",0.98269,0.309,1.08,-5.594201,0.4161585,"CCL24","C-C motif chemokine ligand 24","CCL24","Not Significant","Matrisome-associated","Secreted Factors"
"237466_PM_s_at",0.98269,0.311,1.07,-5.598397,0.24232217,"HHIP","hedgehog interacting protein","HHIP","Not Significant","Matrisome-associated","Secreted Factors"
"218718_PM_at",0.98269,0.311,-1.07,-5.598415,-0.6507,"PDGFC","platelet derived growth factor C","PDGFC","Not Significant","Matrisome-associated","Secreted Factors"
"220971_PM_at",0.98269,0.312,1.07,-5.600803,0.30733883,"IL25","interleukin 25","IL25","Not Significant","Matrisome-associated","Secreted Factors"
"226071_PM_at",0.98269,0.312,1.07,-5.601238,0.83488,"ADAMTSL4","ADAMTS like 4","ADAMTSL4","Not Significant","Matrisome-associated","ECM Regulators"
"211122_PM_s_at",0.98269,0.312,1.07,-5.602005,0.4751935,"CXCL11","C-X-C motif chemokine ligand 11","CXCL11","Not Significant","Matrisome-associated","Secreted Factors"
"1562371_PM_s_at",0.98269,0.312,1.07,-5.602597,0.26181757,"VWA3B","von Willebrand factor A domain containing 3B","VWA3B","Not Significant","Core matrisome","ECM Glycoproteins"
"202901_PM_x_at",0.98269,0.313,-1.07,-5.603656,-0.70688333,"CTSS","cathepsin S","CTSS","Not Significant","Matrisome-associated","ECM Regulators"
"240117_PM_at",0.98269,0.314,1.07,-5.605466,0.2811075,"FBN3","fibrillin 3","FBN3","Not Significant","Core matrisome","ECM Glycoproteins"
"204854_PM_at",0.98269,0.314,1.07,-5.605594,0.5309805,"P3H3","G protein-coupled receptor 162///prolyl 3-hydroxylase 3","P3H3","Not Significant","Matrisome-associated","ECM Regulators"
"1552552_PM_s_at",0.98269,0.314,1.06,-5.606305,0.33838383,"CLEC4C","C-type lectin domain family 4 member C","CLEC4C","Not Significant","Matrisome-associated","ECM-affiliated Proteins"
"207861_PM_at",0.98269,0.315,-1.06,-5.607885,-0.27554667,"CCL22","C-C motif chemokine ligand 22","CCL22","Not Significant","Matrisome-associated","Secreted Factors"
"206693_PM_at",0.98269,0.315,1.06,-5.609411,0.22830283,"IL7","interleukin 7","IL7","Not Significant","Matrisome-associated","Secreted Factors"
"216257_PM_at",0.98269,0.317,1.06,-5.613502,0.21498367,"SERPINB13","serpin family B member 13","SERPINB13","Not Significant","Matrisome-associated","ECM Regulators"
"203623_PM_at",0.98269,0.32,1.05,-5.61924,0.34061867,"PLXNA3","plexin A3","PLXNA3","Not Significant","Matrisome-associated","ECM-affiliated Proteins"
"234072_PM_at",0.98269,0.321,1.05,-5.621457,1.195369,"SEMA4A","semaphorin 4A","SEMA4A","Not Significant","Matrisome-associated","ECM-affiliated Proteins"
"205575_PM_at",0.98269,0.321,1.05,-5.621654,0.2991685,"C1QL1","complement C1q like 1","C1QL1","Not Significant","Matrisome-associated","ECM-affiliated Proteins"
"239367_PM_at",0.98269,0.322,-1.05,-5.623685,-0.29493167,"BDNF","brain derived neurotrophic factor","BDNF","Not Significant","Matrisome-associated","Secreted Factors"
"213870_PM_at",0.98269,0.322,1.05,-5.62408,0.20507247,"COL11A2","collagen type XI alpha 2 chain","COL11A2","Not Significant","Core matrisome","Collagens"
"205075_PM_at",0.98269,0.322,1.05,-5.624743,0.20151033,"SERPINF2","serpin family F member 2","SERPINF2","Not Significant","Matrisome-associated","ECM Regulators"
"210354_PM_at",0.98269,0.322,1.05,-5.625531,0.25101383,"IFNG","interferon gamma","IFNG","Not Significant","Matrisome-associated","Secreted Factors"
"239921_PM_at",0.98269,0.322,1.05,-5.625583,0.36841239,"COL28A1","collagen type XXVIII alpha 1 chain","COL28A1","Not Significant","Core matrisome","Collagens"
"206200_PM_s_at",0.98269,0.327,-1.03,-5.636605,-0.76589333,"ANXA11","annexin A11","ANXA11","Not Significant","Matrisome-associated","ECM-affiliated Proteins"
"201185_PM_at",0.98269,0.329,1.03,-5.640448,0.64436333,"HTRA1","HtrA serine peptidase 1","HTRA1","Not Significant","Matrisome-associated","ECM Regulators"
"213874_PM_at",0.98269,0.33,1.03,-5.642195,0.38343783,"SERPINA4","serpin family A member 4","SERPINA4","Not Significant","Matrisome-associated","ECM Regulators"
"1563108_PM_at",0.98269,0.33,-1.03,-5.642828,-0.26926667,"ELFN2","extracellular leucine rich repeat and fibronectin type III domain containing 2","ELFN2","Not Significant","Matrisome-associated","ECM-affiliated Proteins"
"220627_PM_at",0.98269,0.331,1.03,-5.645212,0.31509933,"CST8","cystatin 8","CST8","Not Significant","Matrisome-associated","ECM Regulators"
"206268_PM_at",0.98269,0.333,-1.02,-5.648801,-0.20403767,"LEFTY1","left-right determination factor 1","LEFTY1","Not Significant","Matrisome-associated","Secreted Factors"
"209035_PM_at",0.98269,0.334,1.02,-5.650913,0.259875,"MDK","midkine (neurite growth-promoting factor 2)","MDK","Not Significant","Matrisome-associated","Secreted Factors"
"212659_PM_s_at",0.98269,0.336,1.01,-5.655545,0.42091415,"IL1RN","interleukin 1 receptor antagonist","IL1RN","Not Significant","Matrisome-associated","Secreted Factors"
"231357_PM_at",0.98269,0.336,1.01,-5.656072,0.44307223,"CLEC12B","C-type lectin domain family 12 member B","CLEC12B","Not Significant","Matrisome-associated","ECM-affiliated Proteins"
"210587_PM_at",0.98269,0.336,1.01,-5.656081,0.34442483,"INHBE","inhibin beta E subunit","INHBE","Not Significant","Matrisome-associated","Secreted Factors"
"228307_PM_at",0.98269,0.337,-1.01,-5.657637,-0.20849668,"EMILIN3","elastin microfibril interfacer 3","EMILIN3","Not Significant","Core matrisome","ECM Glycoproteins"
"207636_PM_at",0.98269,0.339,1.01,-5.661299,0.20146767,"SERPINI2","serpin family I member 2","SERPINI2","Not Significant","Matrisome-associated","ECM Regulators"
"1569583_PM_at",0.98269,0.342,1,-5.667429,0.49868067,"EREG","epiregulin","EREG","Not Significant","Matrisome-associated","Secreted Factors"
"207850_PM_at",0.98269,0.342,1,-5.667806,0.9284145,"CXCL3","C-X-C motif chemokine ligand 3","CXCL3","Not Significant","Matrisome-associated","Secreted Factors"
"232649_PM_at",0.98269,0.342,1,-5.668825,0.27787083,"GLDN","gliomedin","GLDN","Not Significant","Core matrisome","ECM Glycoproteins"
"211011_PM_at",0.98269,0.343,0.999,-5.670302,0.33634948,"COL19A1","collagen type XIX alpha 1 chain","COL19A1","Not Significant","Core matrisome","Collagens"
"206004_PM_at",0.98269,0.345,0.996,-5.673355,0.22584067,"TGM3","transglutaminase 3","TGM3","Not Significant","Matrisome-associated","ECM Regulators"
"1554876_PM_a_at",0.98269,0.346,0.993,-5.676323,0.30315032,"S100Z","S100 calcium binding protein Z","S100Z","Not Significant","Matrisome-associated","Secreted Factors"
"220090_PM_at",0.98269,0.346,0.993,-5.676509,0.2111415,"CRNN","cornulin","CRNN","Not Significant","Matrisome-associated","Secreted Factors"
"203236_PM_s_at",0.98269,0.348,-0.989,-5.679751,-0.42679817,"LGALS9","galectin 9","LGALS9","Not Significant","Matrisome-associated","ECM-affiliated Proteins"
"211338_PM_at",0.98269,0.349,0.987,-5.682457,0.22404297,"IFNA2","interferon alpha 2","IFNA2","Not Significant","Matrisome-associated","Secreted Factors"
"221165_PM_s_at",0.98269,0.349,0.986,-5.682858,0.188985,"IL22","interleukin 22","IL22","Not Significant","Matrisome-associated","Secreted Factors"
"1558247_PM_s_at",0.98269,0.349,0.986,-5.68316,0.21721138,"NTN5","netrin 5","NTN5","Not Significant","Core matrisome","ECM Glycoproteins"
"203821_PM_at",0.98269,0.35,0.984,-5.684788,0.78969133,"HBEGF","heparin binding EGF like growth factor","HBEGF","Not Significant","Matrisome-associated","Secreted Factors"
"207810_PM_at",0.98269,0.351,0.982,-5.686476,0.31578417,"F13B","coagulation factor XIII B chain","F13B","Not Significant","Matrisome-associated","ECM Regulators"
"201163_PM_s_at",0.98269,0.354,0.977,-5.691635,0.38788,"IGFBP7","insulin like growth factor binding protein 7","IGFBP7","Not Significant","Core matrisome","ECM Glycoproteins"
"221433_PM_at",0.98269,0.354,-0.977,-5.691709,-0.30041983,"FGF21","fibroblast growth factor 21","FGF21","Not Significant","Matrisome-associated","Secreted Factors"
"223567_PM_at",0.98269,0.355,0.975,-5.693657,0.40603233,"SEMA6B","semaphorin 6B","SEMA6B","Not Significant","Matrisome-associated","ECM-affiliated Proteins"
"204614_PM_at",0.98269,0.355,0.974,-5.694373,0.37370243,"SERPINB2","serpin family B member 2","SERPINB2","Not Significant","Matrisome-associated","ECM Regulators"
"1566816_PM_at",0.98269,0.356,0.972,-5.696306,0.26075435,"FGF22","fibroblast growth factor 22","FGF22","Not Significant","Matrisome-associated","Secreted Factors"
"236263_PM_at",0.98269,0.357,0.969,-5.699217,0.25531817,"SHH","sonic hedgehog","SHH","Not Significant","Matrisome-associated","Secreted Factors"
"207907_PM_at",0.98269,0.358,0.968,-5.69937,0.35213167,"TNFSF14","tumor necrosis factor superfamily member 14","TNFSF14","Not Significant","Matrisome-associated","Secreted Factors"
"205524_PM_s_at",0.98269,0.358,0.967,-5.701181,0.21162817,"HAPLN1","hyaluronan and proteoglycan link protein 1","HAPLN1","Not Significant","Core matrisome","Proteoglycans"
"39763_PM_at",0.98269,0.359,0.966,-5.701885,0.31465767,"HPX","hemopexin","HPX","Not Significant","Matrisome-associated","ECM-affiliated Proteins"
"226911_PM_at",0.98269,0.359,-0.965,-5.702789,-0.3657175,"EGFLAM","EGF like, fibronectin type III and laminin G domains","EGFLAM","Not Significant","Core matrisome","ECM Glycoproteins"
"206407_PM_s_at",0.98269,0.36,-0.964,-5.703707,-0.65232667,"CCL13","C-C motif chemokine ligand 13","CCL13","Not Significant","Matrisome-associated","Secreted Factors"
"205290_PM_s_at",0.98269,0.361,-0.96,-5.706932,-0.47183233,"BMP2","bone morphogenetic protein 2","BMP2","Not Significant","Matrisome-associated","Secreted Factors"
"215564_PM_at",0.98269,0.363,0.958,-5.709196,1.04033483,"AREG","amphiregulin","AREG","Not Significant","Matrisome-associated","Secreted Factors"
"238453_PM_at",0.98269,0.363,0.957,-5.70985,0.41872003,"FGFBP3","fibroblast growth factor binding protein 3","FGFBP3","Not Significant","Matrisome-associated","Secreted Factors"
"201744_PM_s_at",0.98269,0.366,0.95,-5.71636,0.75664333,"LUM","lumican","LUM","Not Significant","Core matrisome","Proteoglycans"
"221000_PM_s_at",0.98269,0.366,-0.95,-5.716397,-0.2336705,"KAZALD1","Kazal type serine peptidase inhibitor domain 1","KAZALD1","Not Significant","Matrisome-associated","ECM Regulators"
"204114_PM_at",0.98269,0.367,-0.95,-5.716772,-0.632225,"NID2","nidogen 2","NID2","Not Significant","Core matrisome","ECM Glycoproteins"
"242426_PM_at",0.98269,0.367,-0.948,-5.718062,-0.194365,"NRG4","neuregulin 4","NRG4","Not Significant","Matrisome-associated","Secreted Factors"
"211472_PM_at",0.98269,0.368,0.948,-5.718639,0.57437,"PLXNB2","plexin B2","PLXNB2","Not Significant","Matrisome-associated","ECM-affiliated Proteins"
"231671_PM_at",0.98269,0.368,0.947,-5.719478,0.380579,"FGA","fibrinogen alpha chain","FGA","Not Significant","Core matrisome","ECM Glycoproteins"
"204534_PM_at",0.98269,0.368,0.946,-5.72041,0.1982895,"VTN","vitronectin","VTN","Not Significant","Core matrisome","ECM Glycoproteins"
"206234_PM_s_at",0.98269,0.369,0.945,-5.720513,0.21711917,"MMP17","matrix metallopeptidase 17","MMP17","Not Significant","Matrisome-associated","ECM Regulators"
"1556209_PM_at",0.98269,0.369,-0.945,-5.720814,-0.31839617,"CLEC2B","C-type lectin domain family 2 member B","CLEC2B","Not Significant","Matrisome-associated","ECM-affiliated Proteins"
"1554386_PM_at",0.98269,0.372,0.939,-5.726521,0.18707633,"CST9","cystatin 9","CST9","Not Significant","Matrisome-associated","ECM Regulators"
"240837_PM_at",0.98269,0.372,0.939,-5.726568,0.3171155,"FNDC7","fibronectin type III domain containing 7","FNDC7","Not Significant","Core matrisome","ECM Glycoproteins"
"206415_PM_at",0.98269,0.372,0.938,-5.726996,0.43002333,"TLL1","tolloid like 1","TLL1","Not Significant","Matrisome-associated","ECM Regulators"
"220750_PM_s_at",0.98269,0.372,0.938,-5.727066,0.41741733,"P3H1","prolyl 3-hydroxylase 1","P3H1","Not Significant","Matrisome-associated","ECM Regulators"
"204724_PM_s_at",0.98269,0.372,0.938,-5.727691,0.32717367,"COL9A3","collagen type IX alpha 3 chain","COL9A3","Not Significant","Core matrisome","Collagens"
"208387_PM_s_at",0.98269,0.375,0.932,-5.733095,0.30431967,"MMP24","matrix metallopeptidase 24","MMP24","Not Significant","Matrisome-associated","ECM Regulators"
"213380_PM_x_at",0.98269,0.376,-0.93,-5.734754,-0.31601333,"MST1L","macrophage stimulating 1 like","MST1L","Not Significant","Matrisome-associated","Secreted Factors"
"205840_PM_x_at",0.98269,0.376,-0.93,-5.734969,-0.17348345,"GH2","growth hormone 2///growth hormone 1///chorionic somatomammotropin hormone like 1///chorionic somatomammotropin hormone 2///chorionic somatomammotropin hormone 1","GH2","Not Significant","Matrisome-associated","Secreted Factors"
"205840_PM_x_at",0.98269,0.376,-0.93,-5.734969,-0.17348345,"GH1","growth hormone 2///growth hormone 1///chorionic somatomammotropin hormone like 1///chorionic somatomammotropin hormone 2///chorionic somatomammotropin hormone 1","GH1","Not Significant","Matrisome-associated","Secreted Factors"
"214133_PM_at",0.98269,0.377,0.929,-5.735361,0.31103917,"MUC6","mucin 6, oligomeric mucus/gel-forming","MUC6","Not Significant","Matrisome-associated","ECM-affiliated Proteins"
"214425_PM_at",0.98269,0.379,0.923,-5.740612,0.23092783,"AMBP","alpha-1-microglobulin/bikunin precursor","AMBP","Not Significant","Matrisome-associated","ECM Regulators"
"231802_PM_at",0.98269,0.38,0.922,-5.741675,0.21883187,"CLEC3A","C-type lectin domain family 3 member A","CLEC3A","Not Significant","Matrisome-associated","ECM-affiliated Proteins"
"207433_PM_at",0.98269,0.381,0.921,-5.742965,0.30483267,"IL10","interleukin 10","IL10","Not Significant","Matrisome-associated","Secreted Factors"
"1553436_PM_at",0.98269,0.383,0.916,-5.747039,0.31163033,"MUC19","mucin 19, oligomeric","MUC19","Not Significant","Matrisome-associated","ECM-affiliated Proteins"
"221373_PM_x_at",0.98269,0.383,0.916,-5.747103,0.27417517,"PSPN","persephin","PSPN","Not Significant","Matrisome-associated","Secreted Factors"
"227899_PM_at",0.98269,0.383,-0.916,-5.74735,-0.33979017,"VIT","vitrin","VIT","Not Significant","Core matrisome","ECM Glycoproteins"
"205116_PM_at",0.98269,0.383,-0.915,-5.747868,-0.737365,"LAMA2","laminin subunit alpha 2","LAMA2","Not Significant","Core matrisome","ECM Glycoproteins"
"213030_PM_s_at",0.98269,0.384,0.914,-5.749105,0.2177995,"PLXNA2","plexin A2","PLXNA2","Not Significant","Matrisome-associated","ECM-affiliated Proteins"
"207687_PM_at",0.98269,0.386,0.91,-5.752503,0.60094967,"INHBC","inhibin beta C subunit","INHBC","Not Significant","Matrisome-associated","Secreted Factors"
"204533_PM_at",0.98269,0.387,0.908,-5.754004,0.27612222,"CXCL10","C-X-C motif chemokine ligand 10","CXCL10","Not Significant","Matrisome-associated","Secreted Factors"
"206869_PM_at",0.98269,0.387,0.907,-5.754826,0.29477867,"CHAD","chondroadherin","CHAD","Not Significant","Core matrisome","Proteoglycans"
"217181_PM_at",0.98269,0.388,0.906,-5.756062,0.25910183,"IL2","interleukin 2","IL2","Not Significant","Matrisome-associated","Secreted Factors"
"232321_PM_at",0.98269,0.389,0.904,-5.757244,0.2217545,"MUC17","mucin 17, cell surface associated","MUC17","Not Significant","Matrisome-associated","ECM-affiliated Proteins"
"207370_PM_at",0.98269,0.39,0.903,-5.758722,0.35033367,"IBSP","integrin binding sialoprotein","IBSP","Not Significant","Core matrisome","ECM Glycoproteins"
"225660_PM_at",0.98269,0.391,-0.9,-5.760751,-0.336995,"SEMA6A","semaphorin 6A","SEMA6A","Not Significant","Matrisome-associated","ECM-affiliated Proteins"
"203813_PM_s_at",0.98269,0.393,0.896,-5.764232,0.4503355,"SLIT3","slit guidance ligand 3","SLIT3","Not Significant","Core matrisome","ECM Glycoproteins"
"232173_PM_at",0.98269,0.393,0.896,-5.764764,0.21635333,"CLEC2L","C-type lectin domain family 2 member L","CLEC2L","Not Significant","Matrisome-associated","ECM-affiliated Proteins"
"210536_PM_s_at",0.98269,0.399,0.884,-5.775222,0.35199633,"SPAM1","sperm adhesion molecule 1","SPAM1","Not Significant","Matrisome-associated","ECM Regulators"
"206295_PM_at",0.98269,0.4,-0.883,-5.776136,-0.308898,"IL18","interleukin 18","IL18","Not Significant","Matrisome-associated","Secreted Factors"
"242326_PM_at",0.98269,0.401,0.881,-5.777371,0.21237205,"COL22A1","collagen type XXII alpha 1 chain","COL22A1","Not Significant","Core matrisome","Collagens"
"229570_PM_at",0.98269,0.401,0.88,-5.778358,0.21766617,"LAMA5","LAMA5 antisense RNA 1///laminin subunit alpha 5","LAMA5","Not Significant","Core matrisome","ECM Glycoproteins"
"208062_PM_s_at",0.98269,0.402,-0.879,-5.779094,-0.18397653,"NRG2","neuregulin 2","NRG2","Not Significant","Matrisome-associated","Secreted Factors"
"206629_PM_at",0.98269,0.402,0.879,-5.779457,0.26360517,"ADAMTSL2","ADAMTS like 2","ADAMTSL2","Not Significant","Matrisome-associated","ECM Regulators"
"207763_PM_at",0.98269,0.403,0.877,-5.781093,0.2324265,"S100A5","S100 calcium binding protein A5","S100A5","Not Significant","Matrisome-associated","Secreted Factors"
"202474_PM_s_at",0.98269,0.403,-0.877,-5.781101,-0.37712833,"HCFC1","host cell factor C1","HCFC1","Not Significant","Matrisome-associated","Secreted Factors"
"219612_PM_s_at",0.98269,0.404,0.875,-5.782449,0.26226,"FGG","fibrinogen gamma chain","FGG","Not Significant","Core matrisome","ECM Glycoproteins"
"214370_PM_at",0.98269,0.404,0.875,-5.783161,1.187964,"S100A8","S100 calcium binding protein A8","S100A8","Not Significant","Matrisome-associated","Secreted Factors"
"207925_PM_at",0.98269,0.405,0.873,-5.784699,0.3062985,"CST5","cystatin D","CST5","Not Significant","Matrisome-associated","ECM Regulators"
"214146_PM_s_at",0.98269,0.405,0.873,-5.784868,0.68530167,"PPBP","pro-platelet basic protein","PPBP","Not Significant","Matrisome-associated","Secreted Factors"
"204272_PM_at",0.98269,0.406,0.871,-5.785777,0.25005667,"LGALS4","galectin 4","LGALS4","Not Significant","Matrisome-associated","ECM-affiliated Proteins"
"207964_PM_x_at",0.98269,0.407,0.869,-5.787845,0.20203767,"IFNA4","interferon alpha 4","IFNA4","Not Significant","Matrisome-associated","Secreted Factors"
"39402_PM_at",0.98269,0.407,0.869,-5.788092,0.54035,"IL1B","interleukin 1 beta","IL1B","Not Significant","Matrisome-associated","Secreted Factors"
"203570_PM_at",0.98269,0.407,0.868,-5.788806,0.50083333,"LOXL1","lysyl oxidase like 1","LOXL1","Not Significant","Matrisome-associated","ECM Regulators"
"240033_PM_at",0.98269,0.408,0.868,-5.788902,0.18538007,"PLG","plasminogen","PLG","Not Significant","Matrisome-associated","ECM Regulators"
"220717_PM_at",0.98269,0.408,0.867,-5.789578,0.26739283,"ADAMTS20","ADAM metallopeptidase with thrombospondin type 1 motif 20","ADAMTS20","Not Significant","Matrisome-associated","ECM Regulators"
"202524_PM_s_at",0.98269,0.411,-0.861,-5.794372,-0.22636667,"SPOCK2","sparc/osteonectin, cwcv and kazal-like domains proteoglycan (testican) 2","SPOCK2","Not Significant","Core matrisome","Proteoglycans"
"205923_PM_at",0.98269,0.413,0.858,-5.797139,0.28996667,"RELN","reelin","RELN","Not Significant","Core matrisome","ECM Glycoproteins"
"211712_PM_s_at",0.98269,0.413,-0.858,-5.797308,-0.24482333,"ANXA9","annexin A9","ANXA9","Not Significant","Matrisome-associated","ECM-affiliated Proteins"
"214354_PM_x_at",0.98269,0.413,-0.858,-5.797346,-0.33734833,"SFTPB","surfactant protein B","SFTPB","Not Significant","Matrisome-associated","ECM-affiliated Proteins"
"207880_PM_at",0.98269,0.413,-0.856,-5.798515,-0.2113415,"ADAM11","ADAM metallopeptidase domain 11","ADAM11","Not Significant","Matrisome-associated","ECM Regulators"
"208100_PM_x_at",0.98269,0.418,0.848,-5.805768,0.205835,"SEMA6C","semaphorin 6C","SEMA6C","Not Significant","Matrisome-associated","ECM-affiliated Proteins"
"1552312_PM_a_at",0.98269,0.418,0.847,-5.806165,0.23737883,"MFAP3","microfibrillar associated protein 3","MFAP3","Not Significant","Core matrisome","ECM Glycoproteins"
"214539_PM_at",0.98269,0.422,0.839,-5.812637,0.21480837,"SERPINB10","serpin family B member 10","SERPINB10","Not Significant","Matrisome-associated","ECM Regulators"
"210683_PM_at",0.98269,0.424,0.837,-5.814386,0.271897,"NRTN","neurturin","NRTN","Not Significant","Matrisome-associated","Secreted Factors"
"207885_PM_at",0.98269,0.426,-0.833,-5.817765,-0.196413,"S100G","S100 calcium binding protein G","S100G","Not Significant","Matrisome-associated","Secreted Factors"
"220705_PM_s_at",0.98269,0.428,-0.83,-5.820509,-0.232311,"ADAMTS7","ADAM metallopeptidase with thrombospondin type 1 motif 7","ADAMTS7","Not Significant","Matrisome-associated","ECM Regulators"
"1598_PM_g_at",0.98269,0.428,0.829,-5.821194,0.43582667,"GAS6","growth arrest specific 6","GAS6","Not Significant","Core matrisome","ECM Glycoproteins"
"231661_PM_at",0.98269,0.429,0.828,-5.821943,0.22520917,"REG3G","regenerating family member 3 gamma","REG3G","Not Significant","Matrisome-associated","ECM-affiliated Proteins"
"237038_PM_at",0.98269,0.429,-0.828,-5.822149,-0.31162017,"CXCL14","C-X-C motif chemokine ligand 14","CXCL14","Not Significant","Matrisome-associated","Secreted Factors"
"52255_PM_s_at",0.98269,0.429,0.828,-5.822298,0.22470333,"COL5A3","collagen type V alpha 3 chain","COL5A3","Not Significant","Core matrisome","Collagens"
"220677_PM_s_at",0.98269,0.429,0.827,-5.82251,0.21969033,"ADAMTS8","ADAM metallopeptidase with thrombospondin type 1 motif 8","ADAMTS8","Not Significant","Matrisome-associated","ECM Regulators"
"241450_PM_at",0.98269,0.429,-0.827,-5.822627,-0.22458633,"RSPO1","R-spondin 1","RSPO1","Not Significant","Core matrisome","ECM Glycoproteins"
"1405_PM_i_at",0.98269,0.429,-0.827,-5.822628,-0.48717367,"CCL5","C-C motif chemokine ligand 5","CCL5","Not Significant","Matrisome-associated","Secreted Factors"
"202603_PM_at",0.98269,0.43,0.826,-5.823418,0.38758333,"ADAM10","ADAM metallopeptidase domain 10","ADAM10","Not Significant","Matrisome-associated","ECM Regulators"
"242670_PM_at",0.98269,0.43,-0.825,-5.824335,-0.26130267,"LGI4","leucine rich repeat LGI family member 4","LGI4","Not Significant","Core matrisome","ECM Glycoproteins"
"224374_PM_s_at",0.98269,0.432,-0.822,-5.82701,-0.60599833,"EMILIN2","elastin microfibril interfacer 2","EMILIN2","Not Significant","Core matrisome","ECM Glycoproteins"
"206404_PM_at",0.98269,0.433,-0.819,-5.82905,-0.38157,"FGF9","fibroblast growth factor 9","FGF9","Not Significant","Matrisome-associated","Secreted Factors"
"207638_PM_at",0.98269,0.434,0.819,-5.829436,0.20518402,"TMPRSS15","transmembrane protease, serine 15","TMPRSS15","Not Significant","Matrisome-associated","ECM Regulators"
"205344_PM_at",0.98269,0.434,0.818,-5.830043,0.23459933,"CSPG5","chondroitin sulfate proteoglycan 5","CSPG5","Not Significant","Matrisome-associated","ECM-affiliated Proteins"
"202709_PM_at",0.98269,0.437,0.813,-5.83404,0.73087,"FMOD","fibromodulin","FMOD","Not Significant","Core matrisome","Proteoglycans"
"208261_PM_x_at",0.98269,0.437,0.812,-5.835164,0.19570453,"IFNA10","interferon alpha 10","IFNA10","Not Significant","Matrisome-associated","Secreted Factors"
"228212_PM_at",0.98269,0.438,0.81,-5.836145,0.26838517,"ISM2","isthmin 2","ISM2","Not Significant","Matrisome-associated","Secreted Factors"
"220496_PM_at",0.98269,0.438,0.81,-5.836436,0.16680483,"CLEC1B","C-type lectin domain family 1 member B","CLEC1B","Not Significant","Matrisome-associated","ECM-affiliated Proteins"
"211248_PM_s_at",0.98269,0.439,0.808,-5.83792,0.20444167,"CHRD","chordin","CHRD","Not Significant","Matrisome-associated","Secreted Factors"
"210133_PM_at",0.98269,0.439,0.808,-5.837968,0.25776333,"CCL11","C-C motif chemokine ligand 11","CCL11","Not Significant","Matrisome-associated","Secreted Factors"
"204475_PM_at",0.98269,0.443,0.802,-5.843197,0.20662603,"MMP1","matrix metallopeptidase 1","MMP1","Not Significant","Matrisome-associated","ECM Regulators"
"1552463_PM_at",0.98269,0.445,0.798,-5.845728,0.17594483,"SERPINB11","serpin family B member 11 (gene/pseudogene)","SERPINB11","Not Significant","Matrisome-associated","ECM Regulators"
"212283_PM_at",0.98269,0.445,0.797,-5.846639,0.23738967,"AGRN","agrin","AGRN","Not Significant","Core matrisome","ECM Glycoproteins"
"235735_PM_at",0.98269,0.446,0.796,-5.847249,0.1706825,"TNFSF8","tumor necrosis factor superfamily member 8","TNFSF8","Not Significant","Matrisome-associated","Secreted Factors"
"1554491_PM_a_at",0.98269,0.449,0.791,-5.851196,0.32962317,"SERPINC1","serpin family C member 1","SERPINC1","Not Significant","Matrisome-associated","ECM Regulators"
"208375_PM_at",0.98269,0.451,0.786,-5.855158,0.20124195,"IFNA1","interferon alpha 1","IFNA1","Not Significant","Matrisome-associated","Secreted Factors"
"214822_PM_at",0.98269,0.452,0.785,-5.855992,0.23795033,"BRINP2","BMP/retinoic acid inducible neural specific 2","BRINP2","Not Significant","Matrisome-associated","Secreted Factors"
"238750_PM_at",0.98269,0.452,0.785,-5.856033,0.15870117,"CCL28","C-C motif chemokine ligand 28","CCL28","Not Significant","Matrisome-associated","Secreted Factors"
"204984_PM_at",0.98269,0.452,-0.784,-5.856658,-0.52129017,"GPC4","glypican 4","GPC4","Not Significant","Matrisome-associated","ECM-affiliated Proteins"
"207599_PM_at",0.98269,0.454,0.782,-5.858271,0.22062623,"MMP20","matrix metallopeptidase 20","MMP20","Not Significant","Matrisome-associated","ECM Regulators"
"237261_PM_at",0.98269,0.455,0.781,-5.859613,0.346079,"ANGPT2","angiopoietin 2","ANGPT2","Not Significant","Matrisome-associated","Secreted Factors"
"1553656_PM_at",0.98269,0.455,-0.779,-5.860779,-0.165035,"TECTB","tectorin beta","TECTB","Not Significant","Core matrisome","ECM Glycoproteins"
"208408_PM_at",0.98269,0.457,0.776,-5.862928,0.19874978,"PTN","pleiotrophin","PTN","Not Significant","Matrisome-associated","Secreted Factors"
"208259_PM_x_at",0.98269,0.457,0.776,-5.86355,0.15152483,"IFNA7","interferon alpha 7","IFNA7","Not Significant","Matrisome-associated","Secreted Factors"
"206325_PM_at",0.98269,0.46,0.772,-5.866412,0.233765,"SERPINA6","serpin family A member 6","SERPINA6","Not Significant","Matrisome-associated","ECM Regulators"
"210755_PM_at",0.98269,0.46,-0.771,-5.86669,-0.20488855,"HGF","hepatocyte growth factor","HGF","Not Significant","Matrisome-associated","Secreted Factors"
"206907_PM_at",0.98269,0.46,0.771,-5.867216,0.27921833,"TNFSF9","tumor necrosis factor superfamily member 9","TNFSF9","Not Significant","Matrisome-associated","Secreted Factors"
"207815_PM_at",0.98269,0.46,0.771,-5.867397,0.18184858,"PF4V1","platelet factor 4 variant 1","PF4V1","Not Significant","Matrisome-associated","Secreted Factors"
"221421_PM_s_at",0.98269,0.46,0.77,-5.867516,0.56760267,"ADAMTS12","ADAM metallopeptidase with thrombospondin type 1 motif 12","ADAMTS12","Not Significant","Matrisome-associated","ECM Regulators"
"214589_PM_at",0.98269,0.46,0.77,-5.867656,0.155917,"FGF12","fibroblast growth factor 12","FGF12","Not Significant","Matrisome-associated","Secreted Factors"
"233500_PM_x_at",0.98269,0.465,0.762,-5.873587,0.32105333,"CLEC2D","C-type lectin domain family 2 member D","CLEC2D","Not Significant","Matrisome-associated","ECM-affiliated Proteins"
"216264_PM_s_at",0.98269,0.465,0.762,-5.873926,0.49500167,"LAMB2","laminin subunit beta 2","LAMB2","Not Significant","Core matrisome","ECM Glycoproteins"
"206054_PM_at",0.98269,0.468,0.758,-5.87728,0.26572187,"KNG1","kininogen 1","KNG1","Not Significant","Matrisome-associated","ECM Regulators"
"214038_PM_at",0.98269,0.468,-0.757,-5.877831,-0.43789333,"CCL8","C-C motif chemokine ligand 8","CCL8","Not Significant","Matrisome-associated","Secreted Factors"
"204948_PM_s_at",0.98269,0.469,0.756,-5.878464,0.63802667,"FST","follistatin","FST","Not Significant","Matrisome-associated","Secreted Factors"
"215395_PM_x_at",0.98269,0.469,0.755,-5.878881,0.308343,"PRSS1","protease, serine 3 pseudogene 2///protease, serine 1","PRSS1","Not Significant","Matrisome-associated","ECM Regulators"
"220499_PM_at",0.98269,0.47,0.754,-5.879901,0.17253438,"FNDC8","fibronectin type III domain containing 8","FNDC8","Not Significant","Core matrisome","ECM Glycoproteins"
"201302_PM_at",0.98269,0.472,0.749,-5.883593,0.45389333,"ANXA4","annexin A4","ANXA4","Not Significant","Matrisome-associated","ECM-affiliated Proteins"
"235264_PM_at",0.98269,0.473,-0.748,-5.884611,-0.40227,"HCFC2","host cell factor C2","HCFC2","Not Significant","Matrisome-associated","Secreted Factors"
"206400_PM_at",0.98269,0.473,0.747,-5.884959,0.1674935,"LGALS7","galectin 7B///galectin 7","LGALS7","Not Significant","Matrisome-associated","ECM-affiliated Proteins"
"206421_PM_s_at",0.98269,0.474,0.747,-5.885095,0.14265833,"SERPINB7","serpin family B member 7","SERPINB7","Not Significant","Matrisome-associated","ECM Regulators"
"208173_PM_at",0.98269,0.476,0.743,-5.888121,0.2650598,"IFNB1","interferon beta 1","IFNB1","Not Significant","Matrisome-associated","Secreted Factors"
"210248_PM_at",0.98269,0.483,0.731,-5.896982,0.22381233,"WNT7A","Wnt family member 7A","WNT7A","Not Significant","Matrisome-associated","Secreted Factors"
"222346_PM_at",0.98269,0.484,-0.728,-5.898904,-0.14234592,"LAMA1","laminin subunit alpha 1","LAMA1","Not Significant","Core matrisome","ECM Glycoproteins"
"226522_PM_at",0.98269,0.486,0.726,-5.900473,0.18675167,"PODN","podocan","PODN","Not Significant","Core matrisome","Proteoglycans"
"205863_PM_at",0.98269,0.486,0.726,-5.900562,0.6272035,"S100A12","S100 calcium binding protein A12","S100A12","Not Significant","Matrisome-associated","Secreted Factors"
"227238_PM_at",0.98269,0.486,0.725,-5.901151,0.27584967,"MUC15","mucin 15, cell surface associated","MUC15","Not Significant","Matrisome-associated","ECM-affiliated Proteins"
"220406_PM_at",0.98269,0.487,-0.724,-5.9022,-0.25001467,"TGFB2","transforming growth factor beta 2","TGFB2","Not Significant","Matrisome-associated","Secreted Factors"
"204136_PM_at",0.98269,0.491,0.717,-5.906906,0.27184667,"COL7A1","collagen type VII alpha 1 chain","COL7A1","Not Significant","Core matrisome","Collagens"
"202410_PM_x_at",0.98269,0.491,-0.717,-5.907345,-0.32532167,"INS-IGF2","INS-IGF2 readthrough///insulin like growth factor 2","INS-IGF2","Not Significant","Matrisome-associated","Secreted Factors"
"202410_PM_x_at",0.98269,0.491,-0.717,-5.907345,-0.32532167,"IGF2","INS-IGF2 readthrough///insulin like growth factor 2","IGF2","Not Significant","Matrisome-associated","Secreted Factors"
"218232_PM_at",0.98269,0.491,-0.717,-5.907419,-0.366635,"C1QA","complement C1q A chain","C1QA","Not Significant","Matrisome-associated","ECM-affiliated Proteins"
"220394_PM_at",0.98269,0.492,0.715,-5.908385,0.15236933,"FGF20","fibroblast growth factor 20","FGF20","Not Significant","Matrisome-associated","Secreted Factors"
"244163_PM_at",0.98269,0.492,0.715,-5.908418,0.15406508,"SEMA3A","semaphorin 3A","SEMA3A","Not Significant","Matrisome-associated","ECM-affiliated Proteins"
"1562226_PM_at",0.98269,0.492,0.715,-5.908705,0.1685051,"VWDE","von Willebrand factor D and EGF domains","VWDE","Not Significant","Core matrisome","ECM Glycoproteins"
"41469_PM_at",0.98269,0.494,0.712,-5.910533,0.16365617,"PI3","peptidase inhibitor 3","PI3","Not Significant","Matrisome-associated","ECM Regulators"
"206813_PM_at",0.98269,0.494,-0.711,-5.911207,-0.26954892,"CTF1","cardiotrophin 1","CTF1","Not Significant","Matrisome-associated","Secreted Factors"
"203915_PM_at",0.98269,0.495,-0.71,-5.91236,-0.22292417,"CXCL9","C-X-C motif chemokine ligand 9","CXCL9","Not Significant","Matrisome-associated","Secreted Factors"
"232220_PM_at",0.98269,0.495,-0.71,-5.912396,-0.20141,"S100A7A","S100 calcium binding protein A7A","S100A7A","Not Significant","Matrisome-associated","Secreted Factors"
"208450_PM_at",0.98269,0.499,0.703,-5.917106,0.229946,"LGALS2","galectin 2","LGALS2","Not Significant","Matrisome-associated","ECM-affiliated Proteins"
"200660_PM_at",0.98269,0.503,-0.697,-5.921719,-0.351465,"S100A11","S100 calcium binding protein A11","S100A11","Not Significant","Matrisome-associated","Secreted Factors"
"221537_PM_at",0.98269,0.506,0.691,-5.925348,0.262115,"PLXNA1","plexin A1","PLXNA1","Not Significant","Matrisome-associated","ECM-affiliated Proteins"
"206614_PM_at",0.98269,0.507,-0.691,-5.92572,-0.1355,"GDF5","growth differentiation factor 5","GDF5","Not Significant","Matrisome-associated","Secreted Factors"
"221376_PM_at",0.98269,0.509,0.687,-5.928295,0.19634333,"FGF17","fibroblast growth factor 17","FGF17","Not Significant","Matrisome-associated","Secreted Factors"
"202718_PM_at",0.98269,0.51,0.685,-5.930054,0.28144167,"IGFBP2","insulin like growth factor binding protein 2","IGFBP2","Not Significant","Core matrisome","ECM Glycoproteins"
"220927_PM_s_at",0.98269,0.511,0.684,-5.930312,0.16387893,"HPSE2","heparanase 2 (inactive)","HPSE2","Not Significant","Matrisome-associated","ECM Regulators"
"223749_PM_at",0.98269,0.511,0.684,-5.930404,0.23896917,"C1QTNF2","C1q and tumor necrosis factor related protein 2","C1QTNF2","Not Significant","Matrisome-associated","ECM-affiliated Proteins"
"221111_PM_at",0.98269,0.511,0.684,-5.930564,0.3165929,"IL26","interleukin 26","IL26","Not Significant","Matrisome-associated","Secreted Factors"
"207468_PM_s_at",0.98269,0.511,0.683,-5.931081,0.16966217,"SFRP5","secreted frizzled related protein 5","SFRP5","Not Significant","Matrisome-associated","Secreted Factors"
"233988_PM_x_at",0.98269,0.512,0.682,-5.931481,0.21301667,"SCUBE1","signal peptide, CUB domain and EGF like domain containing 1","SCUBE1","Not Significant","Matrisome-associated","Secreted Factors"
"1569410_PM_at",0.98269,0.513,0.681,-5.932644,0.16063112,"FLG2","filaggrin family member 2","FLG2","Not Significant","Matrisome-associated","Secreted Factors"
"211155_PM_s_at",0.98269,0.513,-0.681,-5.93272,-0.16172712,"THPO","thrombopoietin","THPO","Not Significant","Matrisome-associated","Secreted Factors"
"205445_PM_at",0.98269,0.513,-0.68,-5.933457,-0.148464,"PRL","prolactin","PRL","Not Significant","Matrisome-associated","Secreted Factors"
"207901_PM_at",0.98269,0.514,0.679,-5.933626,0.19128848,"IL12B","interleukin 12B","IL12B","Not Significant","Matrisome-associated","Secreted Factors"
"209730_PM_at",0.98269,0.515,0.677,-5.935345,0.23522167,"SEMA3F","semaphorin 3F","SEMA3F","Not Significant","Matrisome-associated","ECM-affiliated Proteins"
"206336_PM_at",0.98269,0.516,0.676,-5.935887,0.30888667,"CXCL6","C-X-C motif chemokine ligand 6","CXCL6","Not Significant","Matrisome-associated","Secreted Factors"
"208531_PM_at",0.98269,0.517,0.674,-5.937137,0.146235,"SERPINA2","serpin family A member 2 (gene/pseudogene)","SERPINA2","Not Significant","Matrisome-associated","ECM Regulators"
"207995_PM_s_at",0.98269,0.517,0.673,-5.937615,0.18325367,"CLEC4M","C-type lectin domain family 4 member M","CLEC4M","Not Significant","Matrisome-associated","ECM-affiliated Proteins"
"208448_PM_x_at",0.98269,0.517,0.673,-5.937675,0.18417093,"IFNA16","interferon alpha 16","IFNA16","Not Significant","Matrisome-associated","Secreted Factors"
"224022_PM_x_at",0.98269,0.518,0.673,-5.938228,0.1930541,"WNT16","Wnt family member 16","WNT16","Not Significant","Matrisome-associated","Secreted Factors"
"242200_PM_at",0.98269,0.52,0.668,-5.941059,0.2016685,"ADAMTSL5","ADAMTS like 5","ADAMTSL5","Not Significant","Matrisome-associated","ECM Regulators"
"228651_PM_at",0.98269,0.521,0.667,-5.941746,0.25530383,"VWA1","von Willebrand factor A domain containing 1","VWA1","Not Significant","Core matrisome","ECM Glycoproteins"
"209875_PM_s_at",0.98269,0.521,-0.667,-5.942203,-1.15785333,"SPP1","secreted phosphoprotein 1","SPP1","Not Significant","Core matrisome","ECM Glycoproteins"
"223753_PM_s_at",0.98269,0.522,0.666,-5.942636,0.25265467,"CFC1B","cripto, FRL-1, cryptic family 1B///cripto, FRL-1, cryptic family 1","CFC1B","Not Significant","Matrisome-associated","Secreted Factors"
"208402_PM_at",0.98269,0.524,0.662,-5.945224,0.17331677,"IL17A","interleukin 17A","IL17A","Not Significant","Matrisome-associated","Secreted Factors"
"209356_PM_x_at",0.98269,0.527,0.658,-5.948294,0.36308167,"EFEMP2","EGF containing fibulin like extracellular matrix protein 2","EFEMP2","Not Significant","Core matrisome","ECM Glycoproteins"
"210513_PM_s_at",0.98269,0.53,-0.652,-5.95212,-0.73616,"VEGFA","vascular endothelial growth factor A","VEGFA","Not Significant","Matrisome-associated","Secreted Factors"
"201505_PM_at",0.98269,0.531,0.651,-5.952938,0.28030167,"LAMB1","laminin subunit beta 1","LAMB1","Not Significant","Core matrisome","ECM Glycoproteins"
"207330_PM_at",0.98269,0.532,-0.649,-5.953869,-0.20138333,"PZP","PZP, alpha-2-macroglobulin like","PZP","Not Significant","Matrisome-associated","ECM Regulators"
"210102_PM_at",0.98269,0.533,-0.647,-5.955074,-0.26196,"VWA5A","von Willebrand factor A domain containing 5A","VWA5A","Not Significant","Core matrisome","ECM Glycoproteins"
"207145_PM_at",0.98269,0.533,0.647,-5.955373,0.32580647,"MSTN","myostatin","MSTN","Not Significant","Matrisome-associated","Secreted Factors"
"221446_PM_at",0.98269,0.535,0.644,-5.957397,0.25653797,"ADAM30","ADAM metallopeptidase domain 30","ADAM30","Not Significant","Matrisome-associated","ECM Regulators"
"1552579_PM_a_at",0.98269,0.536,0.643,-5.958029,0.31931,"ADAM21","ADAM metallopeptidase domain 21","ADAM21","Not Significant","Matrisome-associated","ECM Regulators"
"224071_PM_at",0.98269,0.536,0.642,-5.958408,0.15269717,"IL20","interleukin 20","IL20","Not Significant","Matrisome-associated","Secreted Factors"
"221134_PM_at",0.98269,0.537,0.641,-5.959052,0.15137133,"ANGPT4","angiopoietin 4","ANGPT4","Not Significant","Matrisome-associated","Secreted Factors"
"221681_PM_s_at",0.98269,0.537,0.641,-5.959359,0.32034833,"DSPP","dentin sialophosphoprotein","DSPP","Not Significant","Core matrisome","ECM Glycoproteins"
"221136_PM_at",0.98269,0.538,0.64,-5.959867,0.15692833,"GDF2","growth differentiation factor 2","GDF2","Not Significant","Matrisome-associated","Secreted Factors"
"217059_PM_at",0.98269,0.538,-0.64,-5.959948,-0.19343512,"MUC7","mucin 7, secreted","MUC7","Not Significant","Matrisome-associated","ECM-affiliated Proteins"
"207289_PM_at",0.98269,0.539,0.638,-5.960868,0.25972117,"MMP25","matrix metallopeptidase 25","MMP25","Not Significant","Matrisome-associated","ECM Regulators"
"214602_PM_at",0.98269,0.54,-0.637,-5.962012,-0.19081537,"COL4A4","collagen type IV alpha 4 chain","COL4A4","Not Significant","Core matrisome","Collagens"
"231762_PM_at",0.98269,0.54,-0.636,-5.96261,-0.14264267,"FGF10","fibroblast growth factor 10","FGF10","Not Significant","Matrisome-associated","Secreted Factors"
"206254_PM_at",0.98269,0.541,0.635,-5.963053,0.298675,"EGF","epidermal growth factor","EGF","Not Significant","Matrisome-associated","Secreted Factors"
"206260_PM_at",0.98269,0.542,0.632,-5.964783,0.1325185,"TGM4","transglutaminase 4","TGM4","Not Significant","Matrisome-associated","ECM Regulators"
"208292_PM_at",0.98269,0.543,0.631,-5.96563,0.164545,"BMP10","bone morphogenetic protein 10","BMP10","Not Significant","Matrisome-associated","Secreted Factors"
"209720_PM_s_at",0.98269,0.544,0.63,-5.966523,0.204475,"SERPINB3","serpin family B member 3","SERPINB3","Not Significant","Matrisome-associated","ECM Regulators"
"231248_PM_at",0.98269,0.545,0.629,-5.967151,0.12769267,"CST6","cystatin E/M","CST6","Not Significant","Matrisome-associated","ECM Regulators"
"223710_PM_at",0.98269,0.545,-0.628,-5.967803,-0.18816752,"CCL26","C-C motif chemokine ligand 26","CCL26","Not Significant","Matrisome-associated","Secreted Factors"
"219699_PM_at",0.98269,0.546,0.627,-5.968244,0.18719,"LGI2","leucine rich repeat LGI family member 2","LGI2","Not Significant","Core matrisome","ECM Glycoproteins"
"202755_PM_s_at",0.98269,0.548,0.623,-5.970866,0.17436067,"GPC1","glypican 1","GPC1","Not Significant","Matrisome-associated","ECM-affiliated Proteins"
"204103_PM_at",0.98269,0.55,0.62,-5.972495,0.230366,"CCL4","C-C motif chemokine ligand 4","CCL4","Not Significant","Matrisome-associated","Secreted Factors"
"207906_PM_at",0.98269,0.551,-0.619,-5.973105,-0.131303,"IL3","interleukin 3","IL3","Not Significant","Matrisome-associated","Secreted Factors"
"206706_PM_at",0.98269,0.551,0.619,-5.973435,0.15765833,"NTF3","neurotrophin 3","NTF3","Not Significant","Matrisome-associated","Secreted Factors"
"205959_PM_at",0.98269,0.551,0.618,-5.973803,0.24118917,"MMP13","matrix metallopeptidase 13","MMP13","Not Significant","Matrisome-associated","ECM Regulators"
"202953_PM_at",0.98269,0.552,-0.618,-5.97392,-0.64242667,"C1QB","complement C1q B chain","C1QB","Not Significant","Matrisome-associated","ECM-affiliated Proteins"
"211518_PM_s_at",0.98269,0.554,-0.615,-5.976083,-0.25330817,"BMP4","bone morphogenetic protein 4","BMP4","Not Significant","Matrisome-associated","Secreted Factors"
"221114_PM_at",0.98269,0.555,-0.612,-5.977518,-0.139861,"AMBN","ameloblastin","AMBN","Not Significant","Core matrisome","ECM Glycoproteins"
"201893_PM_x_at",0.98269,0.556,-0.611,-5.97802,-0.361145,"DCN","decorin","DCN","Not Significant","Core matrisome","Proteoglycans"
"1552266_PM_at",0.98269,0.557,0.609,-5.979769,0.2304665,"ADAM32","ADAM metallopeptidase domain 32","ADAM32","Not Significant","Matrisome-associated","ECM Regulators"
"237989_PM_at",0.98269,0.558,0.607,-5.980581,0.38391433,"IGFBP1","insulin like growth factor binding protein 1","IGFBP1","Not Significant","Core matrisome","ECM Glycoproteins"
"235944_PM_at",0.98269,0.56,0.605,-5.981788,0.37252167,"HMCN1","hemicentin 1","HMCN1","Not Significant","Core matrisome","ECM Glycoproteins"
"231756_PM_at",0.98269,0.56,0.604,-5.98232,0.13149214,"ZP4","zona pellucida glycoprotein 4","ZP4","Not Significant","Core matrisome","ECM Glycoproteins"
"206458_PM_s_at",0.98269,0.561,-0.604,-5.982723,-0.12034283,"WNT2B","Wnt family member 2B","WNT2B","Not Significant","Matrisome-associated","Secreted Factors"
"208344_PM_x_at",0.98269,0.561,0.603,-5.983368,0.14515088,"IFNA13","interferon alpha 13///interferon alpha 1","IFNA13","Not Significant","Matrisome-associated","Secreted Factors"
"231154_PM_x_at",0.98269,0.563,-0.599,-5.985468,-0.12195833,"TINAG","tubulointerstitial nephritis antigen","TINAG","Not Significant","Core matrisome","ECM Glycoproteins"
"223502_PM_s_at",0.98269,0.563,0.599,-5.985577,0.28742333,"TNFSF13B","tumor necrosis factor superfamily member 13b","TNFSF13B","Not Significant","Matrisome-associated","Secreted Factors"
"1555102_PM_at",0.98269,0.565,0.596,-5.987229,0.2305285,"FGF7","fibroblast growth factor 7","FGF7","Not Significant","Matrisome-associated","Secreted Factors"
"204636_PM_at",0.98269,0.565,-0.596,-5.98729,-0.1528555,"COL17A1","collagen type XVII alpha 1 chain","COL17A1","Not Significant","Core matrisome","Collagens"
"210607_PM_at",0.98269,0.567,-0.594,-5.988972,-0.19417642,"FLT3LG","fms related tyrosine kinase 3 ligand","FLT3LG","Not Significant","Matrisome-associated","Secreted Factors"
"220420_PM_at",0.98269,0.567,0.593,-5.989065,0.114314,"LMAN1L","lectin, mannose binding 1 like","LMAN1L","Not Significant","Matrisome-associated","ECM-affiliated Proteins"
"1553454_PM_at",0.98269,0.568,0.592,-5.989935,0.1395932,"RPTN","repetin","RPTN","Not Significant","Matrisome-associated","Secreted Factors"
"228253_PM_at",0.98269,0.57,0.588,-5.992069,0.23485667,"LOXL3","lysyl oxidase like 3","LOXL3","Not Significant","Matrisome-associated","ECM Regulators"
"206598_PM_at",0.98269,0.571,0.588,-5.992624,0.13372817,"INS","insulin","INS","Not Significant","Matrisome-associated","Secreted Factors"
"213780_PM_at",0.98269,0.572,0.587,-5.993223,0.12129546,"TCHH","trichohyalin","TCHH","Not Significant","Matrisome-associated","Secreted Factors"
"220811_PM_at",0.98269,0.572,0.586,-5.99334,0.111795,"PRG3","proteoglycan 3, pro eosinophil major basic protein 2","PRG3","Not Significant","Core matrisome","Proteoglycans"
"207539_PM_s_at",0.98269,0.573,-0.585,-5.994433,-0.14411345,"IL4","interleukin 4","IL4","Not Significant","Matrisome-associated","Secreted Factors"
"230829_PM_at",0.98269,0.575,0.582,-5.99598,0.13863967,"CST9L","cystatin 9-like","CST9L","Not Significant","Matrisome-associated","ECM Regulators"
"221337_PM_s_at",0.98269,0.575,0.581,-5.99678,0.1561988,"ADAM29","ADAM metallopeptidase domain 29","ADAM29","Not Significant","Matrisome-associated","ECM Regulators"
"207077_PM_at",0.98269,0.58,-0.573,-6.001158,-0.14545667,"CELA2B","chymotrypsin like elastase family member 2B","CELA2B","Not Significant","Matrisome-associated","ECM Regulators"
"216598_PM_s_at",0.98269,0.581,0.572,-6.001759,0.62135,"CCL2","C-C motif chemokine ligand 2","CCL2","Not Significant","Matrisome-associated","Secreted Factors"
"224259_PM_at",0.98269,0.582,-0.571,-6.002475,-0.14361433,"WNT8A","Wnt family member 8A","WNT8A","Not Significant","Matrisome-associated","Secreted Factors"
"210888_PM_s_at",0.98269,0.584,0.567,-6.004901,0.14723333,"ITIH1","inter-alpha-trypsin inhibitor heavy chain 1","ITIH1","Not Significant","Matrisome-associated","ECM Regulators"
"203305_PM_at",0.98269,0.585,-0.565,-6.005725,-0.36897333,"F13A1","coagulation factor XIII A chain","F13A1","Not Significant","Matrisome-associated","ECM Regulators"
"206286_PM_s_at",0.98269,0.587,0.563,-6.00684,0.10896217,"TDGF1","teratocarcinoma-derived growth factor 1 pseudogene 3///teratocarcinoma-derived growth factor 1","TDGF1","Not Significant","Matrisome-associated","Secreted Factors"
"206008_PM_at",0.98269,0.588,-0.562,-6.007862,-0.10459233,"TGM1","transglutaminase 1","TGM1","Not Significant","Matrisome-associated","ECM Regulators"
"214385_PM_s_at",0.98269,0.59,0.559,-6.009505,0.25091733,"MUC5AC","similar to mucin///mucin 5AC, oligomeric mucus/gel-forming","MUC5AC","Not Significant","Matrisome-associated","ECM-affiliated Proteins"
"208182_PM_x_at",0.98269,0.59,0.558,-6.010085,0.21969283,"IFNA14","interferon alpha 14","IFNA14","Not Significant","Matrisome-associated","Secreted Factors"
"213068_PM_at",0.98269,0.593,0.554,-6.012415,0.54033667,"DPT","dermatopontin","DPT","Not Significant","Core matrisome","ECM Glycoproteins"
"1557621_PM_at",0.98269,0.597,-0.548,-6.015549,-0.137858,"KCP","kielin/chordin-like protein","KCP","Not Significant","Core matrisome","ECM Glycoproteins"
"243337_PM_at",0.98269,0.597,0.548,-6.015723,0.11452767,"FREM3","FRAS1 related extracellular matrix 3","FREM3","Not Significant","Matrisome-associated","ECM-affiliated Proteins"
"206010_PM_at",0.98269,0.597,0.548,-6.015751,0.19295302,"HABP2","hyaluronan binding protein 2","HABP2","Not Significant","Matrisome-associated","ECM Regulators"
"220626_PM_at",0.98269,0.6,0.543,-6.018319,0.19373483,"SERPINA10","serpin family A member 10","SERPINA10","Not Significant","Matrisome-associated","ECM Regulators"
"205927_PM_s_at",0.98269,0.603,0.538,-6.021207,0.15656547,"CTSE","cathepsin E","CTSE","Not Significant","Matrisome-associated","ECM Regulators"
"241072_PM_s_at",0.98269,0.604,0.537,-6.021686,0.1122636,"IGF1","HELLP associated long non-coding RNA///insulin like growth factor 1","IGF1","Not Significant","Matrisome-associated","Secreted Factors"
"231785_PM_at",0.98269,0.604,0.537,-6.021879,0.134658,"NTF4","neurotrophin 4","NTF4","Not Significant","Matrisome-associated","Secreted Factors"
"220249_PM_at",0.98269,0.605,0.535,-6.022678,0.12760772,"HYAL4","hyaluronoglucosaminidase 4","HYAL4","Not Significant","Matrisome-associated","ECM Regulators"
"234342_PM_at",0.98269,0.607,0.533,-6.023831,0.15452917,"FAM20C","family with sequence similarity 20 member C","FAM20C","Not Significant","Matrisome-associated","ECM Regulators"
"201506_PM_at",0.98269,0.607,0.533,-6.023868,0.51170167,"TGFBI","transforming growth factor beta induced","TGFBI","Not Significant","Core matrisome","ECM Glycoproteins"
"223709_PM_s_at",0.98269,0.607,0.532,-6.024487,0.11672183,"WNT10A","Wnt family member 10A","WNT10A","Not Significant","Matrisome-associated","Secreted Factors"
"1552544_PM_at",0.98269,0.607,0.532,-6.024613,0.137048,"SERPINA12","serpin family A member 12","SERPINA12","Not Significant","Matrisome-associated","ECM Regulators"
"227059_PM_at",0.98269,0.61,-0.529,-6.026322,-0.357043,"GPC6","glypican 6","GPC6","Not Significant","Matrisome-associated","ECM-affiliated Proteins"
"231227_PM_at",0.98297,0.613,0.524,-6.028938,0.1925275,"WNT5A","Wnt family member 5A","WNT5A","Not Significant","Matrisome-associated","Secreted Factors"
"206423_PM_at",0.98311,0.614,0.523,-6.029626,0.42552083,"ANGPTL7","angiopoietin like 7","ANGPTL7","Not Significant","Matrisome-associated","Secreted Factors"
"204988_PM_at",0.98314,0.616,0.519,-6.031765,0.16383133,"FGB","fibrinogen beta chain","FGB","Not Significant","Core matrisome","ECM Glycoproteins"
"231773_PM_at",0.98314,0.617,0.517,-6.032455,0.417598,"ANGPTL1","angiopoietin like 1","ANGPTL1","Not Significant","Matrisome-associated","Secreted Factors"
"205237_PM_at",0.98314,0.618,0.516,-6.03308,0.16947667,"FCN1","ficolin 1","FCN1","Not Significant","Matrisome-associated","ECM-affiliated Proteins"
"233968_PM_at",0.98314,0.621,-0.512,-6.035198,-0.108948,"CST11","cystatin 11","CST11","Not Significant","Matrisome-associated","ECM Regulators"
"221403_PM_s_at",0.98314,0.621,-0.512,-6.035382,-0.10512617,"INSL6","insulin like 6","INSL6","Not Significant","Matrisome-associated","Secreted Factors"
"224198_PM_at",0.98314,0.621,0.511,-6.035655,0.14268268,"CELA1","chymotrypsin like elastase family member 1","CELA1","Not Significant","Matrisome-associated","ECM Regulators"
"207256_PM_at",0.98314,0.623,0.509,-6.036843,0.18651867,"MBL2","mannose binding lectin 2","MBL2","Not Significant","Matrisome-associated","ECM-affiliated Proteins"
"234280_PM_at",0.98314,0.623,-0.509,-6.036987,-0.12736717,"REG3A","regenerating family member 3 alpha","REG3A","Not Significant","Matrisome-associated","ECM-affiliated Proteins"
"215271_PM_at",0.98314,0.623,-0.508,-6.037304,-0.22457243,"TNN","tenascin N","TNN","Not Significant","Core matrisome","ECM Glycoproteins"
"220541_PM_at",0.98314,0.627,-0.503,-6.040063,-0.11277735,"MMP26","matrix metallopeptidase 26","MMP26","Not Significant","Matrisome-associated","ECM Regulators"
"202036_PM_s_at",0.98314,0.629,0.5,-6.041702,0.40853333,"SFRP1","secreted frizzled related protein 1","SFRP1","Not Significant","Matrisome-associated","Secreted Factors"
"208244_PM_at",0.98314,0.629,0.499,-6.04185,0.206777,"BMP3","bone morphogenetic protein 3","BMP3","Not Significant","Matrisome-associated","Secreted Factors"
"206315_PM_at",0.98314,0.632,-0.496,-6.043698,-0.13861217,"CRLF1","cytokine receptor like factor 1","CRLF1","Not Significant","Matrisome-associated","Secreted Factors"
"219890_PM_at",0.98314,0.632,0.495,-6.043838,0.12729367,"CLEC5A","C-type lectin domain family 5 member A","CLEC5A","Not Significant","Matrisome-associated","ECM-affiliated Proteins"
"244747_PM_at",0.98314,0.632,-0.495,-6.044059,-0.12895317,"NPNT","nephronectin","NPNT","Not Significant","Core matrisome","ECM Glycoproteins"
"211153_PM_s_at",0.98314,0.633,0.494,-6.044588,0.13661983,"TNFSF11","tumor necrosis factor superfamily member 11","TNFSF11","Not Significant","Matrisome-associated","Secreted Factors"
"207517_PM_at",0.98314,0.634,-0.493,-6.045195,-0.13025662,"LAMC2","laminin subunit gamma 2","LAMC2","Not Significant","Core matrisome","ECM Glycoproteins"
"206007_PM_at",0.98314,0.634,-0.492,-6.045561,-0.18145345,"PRG4","proteoglycan 4","PRG4","Not Significant","Core matrisome","Proteoglycans"
"1557123_PM_a_at",0.98314,0.635,-0.49,-6.046353,-0.21332,"CHADL","chondroadherin like","CHADL","Not Significant","Core matrisome","Proteoglycans"
"233896_PM_s_at",0.98314,0.635,0.49,-6.046369,0.18838517,"PAPLN","papilin, proteoglycan like sulfated glycoprotein","PAPLN","Not Significant","Core matrisome","ECM Glycoproteins"
"220440_PM_at",0.98314,0.638,0.487,-6.048312,0.10151067,"LGALS13","galectin 13","LGALS13","Not Significant","Matrisome-associated","ECM-affiliated Proteins"
"212012_PM_at",0.98314,0.641,-0.482,-6.050444,-0.36567333,"PXDN","peroxidasin","PXDN","Not Significant","Core matrisome","ECM Glycoproteins"
"220158_PM_at",0.98314,0.643,0.479,-6.05213,0.16300883,"LGALS14","galectin 14","LGALS14","Not Significant","Matrisome-associated","ECM-affiliated Proteins"
"218730_PM_s_at",0.98314,0.643,-0.479,-6.052156,-0.57371833,"OGN","osteoglycin","OGN","Not Significant","Core matrisome","Proteoglycans"
"208449_PM_s_at",0.98314,0.645,0.477,-6.053306,0.12451333,"FGF8","fibroblast growth factor 8","FGF8","Not Significant","Matrisome-associated","Secreted Factors"
"215704_PM_at",0.9832,0.648,0.472,-6.055319,0.129994,"FLG","filaggrin","FLG","Not Significant","Matrisome-associated","Secreted Factors"
"219747_PM_at",0.98348,0.649,-0.471,-6.056098,-0.37564167,"NDNF","neuron derived neurotrophic factor","NDNF","Not Significant","Core matrisome","ECM Glycoproteins"
"227145_PM_at",0.98368,0.65,0.468,-6.057292,0.22872,"LOXL4","lysyl oxidase like 4","LOXL4","Not Significant","Matrisome-associated","ECM Regulators"
"230167_PM_at",0.98368,0.652,0.467,-6.058134,0.12705777,"ADAMTS14","ADAM metallopeptidase with thrombospondin type 1 motif 14","ADAMTS14","Not Significant","Matrisome-associated","ECM Regulators"
"206073_PM_at",0.98368,0.652,-0.466,-6.058384,-0.12259417,"COLQ","collagen like tail subunit of asymmetric acetylcholinesterase","COLQ","Not Significant","Core matrisome","ECM Glycoproteins"
"207543_PM_s_at",0.98374,0.654,0.463,-6.059798,0.45596,"P4HA1","prolyl 4-hydroxylase subunit alpha 1","P4HA1","Not Significant","Matrisome-associated","ECM Regulators"
"1552439_PM_s_at",0.98374,0.655,0.462,-6.060455,0.10456883,"MEGF11","multiple EGF like domains 11","MEGF11","Not Significant","Matrisome-associated","Secreted Factors"
"210865_PM_at",0.98374,0.656,-0.46,-6.061294,-0.0892401,"FASLG","Fas ligand","FASLG","Not Significant","Matrisome-associated","Secreted Factors"
"223678_PM_s_at",0.98382,0.659,0.456,-6.063128,0.12977125,"SFTPA1","surfactant protein A2///surfactant protein A1","SFTPA1","Not Significant","Matrisome-associated","ECM-affiliated Proteins"
"214569_PM_at",0.98382,0.659,0.455,-6.063569,0.10035233,"IFNA5","interferon alpha 5","IFNA5","Not Significant","Matrisome-associated","Secreted Factors"
"200986_PM_at",0.98382,0.66,-0.455,-6.063774,-0.25883,"SERPING1","serpin family G member 1","SERPING1","Not Significant","Matrisome-associated","ECM Regulators"
"232542_PM_at",0.98382,0.662,0.451,-6.065428,0.09116767,"COL9A2","collagen type IX alpha 2 chain","COL9A2","Not Significant","Core matrisome","Collagens"
"204673_PM_at",0.98399,0.664,-0.449,-6.066639,-0.112375,"MUC2","mucin 2, oligomeric mucus/gel-forming","MUC2","Not Significant","Matrisome-associated","ECM-affiliated Proteins"
"210549_PM_s_at",0.98399,0.664,-0.449,-6.066698,-0.0938615,"CCL23","C-C motif chemokine ligand 23","CCL23","Not Significant","Matrisome-associated","Secreted Factors"
"207612_PM_at",0.98399,0.664,-0.448,-6.06697,-0.11709267,"WNT8B","Wnt family member 8B","WNT8B","Not Significant","Matrisome-associated","Secreted Factors"
"206386_PM_at",0.98399,0.665,0.448,-6.067152,0.11026152,"SERPINA7","serpin family A member 7","SERPINA7","Not Significant","Matrisome-associated","ECM Regulators"
"204259_PM_at",0.98417,0.666,0.445,-6.068279,0.122024,"MMP7","matrix metallopeptidase 7","MMP7","Not Significant","Matrisome-associated","ECM Regulators"
"205499_PM_at",0.98417,0.666,-0.445,-6.068301,-0.31571667,"SRPX2","sushi repeat containing protein, X-linked 2","SRPX2","Not Significant","Core matrisome","ECM Glycoproteins"
"219058_PM_x_at",0.98471,0.671,-0.439,-6.071287,-0.13808167,"TINAGL1","tubulointerstitial nephritis antigen like 1","TINAGL1","Not Significant","Core matrisome","ECM Glycoproteins"
"208250_PM_s_at",0.98535,0.673,0.436,-6.072569,0.17436,"DMBT1","deleted in malignant brain tumors 1","DMBT1","Not Significant","Core matrisome","ECM Glycoproteins"
"1568970_PM_at",0.98546,0.673,0.435,-6.0729,0.13650537,"ADAM18","ADAM metallopeptidase domain 18","ADAM18","Not Significant","Matrisome-associated","ECM Regulators"
"207160_PM_at",0.98575,0.675,0.433,-6.073697,0.11703417,"IL12A","interleukin 12A","IL12A","Not Significant","Matrisome-associated","Secreted Factors"
"208323_PM_s_at",0.98639,0.678,-0.428,-6.076051,-0.08805362,"ANXA13","annexin A13","ANXA13","Not Significant","Matrisome-associated","ECM-affiliated Proteins"
"204712_PM_at",0.98639,0.68,-0.426,-6.076773,-0.0996505,"WIF1","WNT inhibitory factor 1","WIF1","Not Significant","Matrisome-associated","Secreted Factors"
"224079_PM_at",0.98639,0.68,0.426,-6.076932,0.11213783,"IL17C","interleukin 17C","IL17C","Not Significant","Matrisome-associated","Secreted Factors"
"203070_PM_at",0.98639,0.68,0.426,-6.077167,0.15365683,"SEMA3B","semaphorin 3B","SEMA3B","Not Significant","Matrisome-associated","ECM-affiliated Proteins"
"227401_PM_at",0.98639,0.681,0.425,-6.077552,0.174435,"IL17D","interleukin 17D","IL17D","Not Significant","Matrisome-associated","Secreted Factors"
"210124_PM_x_at",0.98639,0.683,-0.422,-6.078895,-0.136715,"SEMA4F","ssemaphorin 4F","SEMA4F","Not Significant","Matrisome-associated","ECM-affiliated Proteins"
"205266_PM_at",0.98639,0.684,-0.42,-6.079419,-0.09672097,"LIF","leukemia inhibitory factor","LIF","Not Significant","Matrisome-associated","Secreted Factors"
"205774_PM_at",0.98639,0.684,0.42,-6.079493,0.17315467,"F12","coagulation factor XII","F12","Not Significant","Matrisome-associated","ECM Regulators"
"220053_PM_at",0.98639,0.688,0.415,-6.081819,0.11613195,"GDF3","growth differentiation factor 3","GDF3","Not Significant","Matrisome-associated","Secreted Factors"
"1553574_PM_at",0.98639,0.688,0.414,-6.082018,0.176588,"IFNE","interferon epsilon","IFNE","Not Significant","Matrisome-associated","Secreted Factors"
"220196_PM_at",0.98639,0.689,0.414,-6.082327,0.08889817,"MUC16","mucin 16, cell surface associated","MUC16","Not Significant","Matrisome-associated","ECM-affiliated Proteins"
"216905_PM_s_at",0.98649,0.697,-0.402,-6.087377,-0.10107367,"ST14","suppression of tumorigenicity 14","ST14","Not Significant","Matrisome-associated","ECM Regulators"
"202087_PM_s_at",0.98649,0.697,-0.402,-6.087503,-0.23139333,"CTSL","cathepsin L","CTSL","Not Significant","Matrisome-associated","ECM Regulators"
"221371_PM_at",0.98649,0.699,0.399,-6.088602,0.08356833,"TNFSF18","tumor necrosis factor superfamily member 18","TNFSF18","Not Significant","Matrisome-associated","Secreted Factors"
"237046_PM_x_at",0.98654,0.701,0.396,-6.089943,0.1138135,"IL34","interleukin 34","IL34","Not Significant","Matrisome-associated","Secreted Factors"
"206151_PM_x_at",0.98654,0.703,-0.394,-6.090821,-0.09451383,"CELA3B","chymotrypsin like elastase family member 3B","CELA3B","Not Significant","Matrisome-associated","ECM Regulators"
"200766_PM_at",0.98654,0.704,-0.392,-6.091277,-0.16698167,"CTSD","cathepsin D","CTSD","Not Significant","Matrisome-associated","ECM Regulators"
"200661_PM_at",0.98654,0.708,0.386,-6.093942,0.20493833,"CTSA","cathepsin A","CTSA","Not Significant","Matrisome-associated","ECM Regulators"
"202619_PM_s_at",0.98654,0.709,-0.385,-6.094172,-0.424965,"PLOD2","procollagen-lysine,2-oxoglutarate 5-dioxygenase 2","PLOD2","Not Significant","Matrisome-associated","ECM Regulators"
"206975_PM_at",0.98654,0.709,-0.385,-6.094384,-0.10414467,"LTA","lymphotoxin alpha","LTA","Not Significant","Matrisome-associated","Secreted Factors"
"204163_PM_at",0.98654,0.709,0.384,-6.094519,0.10797767,"EMILIN1","elastin microfibril interfacer 1","EMILIN1","Not Significant","Core matrisome","ECM Glycoproteins"
"241986_PM_at",0.98711,0.713,-0.379,-6.09664,-0.132605,"BMPER","BMP binding endothelial regulator","BMPER","Not Significant","Core matrisome","ECM Glycoproteins"
"206227_PM_at",0.98711,0.717,-0.374,-6.098614,-0.315905,"CILP","cartilage intermediate layer protein","CILP","Not Significant","Core matrisome","ECM Glycoproteins"
"244056_PM_at",0.98711,0.72,0.37,-6.100266,0.1316555,"SFTA2","surfactant associated 2","SFTA2","Not Significant","Matrisome-associated","ECM-affiliated Proteins"
"207952_PM_at",0.98711,0.722,0.367,-6.101343,0.1018105,"IL5","interleukin 5","IL5","Not Significant","Matrisome-associated","Secreted Factors"
"221684_PM_s_at",0.9872,0.722,0.366,-6.101665,0.07593217,"NYX","nyctalopin","NYX","Not Significant","Core matrisome","Proteoglycans"
"208193_PM_at",0.98751,0.723,0.365,-6.102103,0.10391622,"IL9","interleukin 9","IL9","Not Significant","Matrisome-associated","Secreted Factors"
"238732_PM_at",0.98766,0.724,0.364,-6.102363,0.1639305,"COL24A1","collagen type XXIV alpha 1 chain","COL24A1","Not Significant","Core matrisome","Collagens"
"242301_PM_at",0.98766,0.724,0.364,-6.102544,0.09089358,"CBLN2","cerebellin 2 precursor","CBLN2","Not Significant","Matrisome-associated","Secreted Factors"
"210118_PM_s_at",0.98766,0.725,0.362,-6.103205,0.07498533,"IL1A","interleukin 1 alpha","IL1A","Not Significant","Matrisome-associated","Secreted Factors"
"204776_PM_at",0.98766,0.726,0.362,-6.103316,0.44044167,"THBS4","thrombospondin 4","THBS4","Not Significant","Core matrisome","ECM Glycoproteins"
"212713_PM_at",0.98771,0.729,-0.357,-6.105092,-0.298745,"MFAP4","microfibrillar associated protein 4","MFAP4","Not Significant","Core matrisome","ECM Glycoproteins"
"234408_PM_at",0.98783,0.73,-0.356,-6.105413,-0.08152555,"IL17F","interleukin 17F","IL17F","Not Significant","Matrisome-associated","Secreted Factors"
"221019_PM_s_at",0.98839,0.737,-0.346,-6.10926,-0.31939333,"COLEC12","collectin subfamily member 12","COLEC12","Not Significant","Matrisome-associated","ECM-affiliated Proteins"
"223610_PM_at",0.98854,0.739,0.344,-6.109892,0.1713225,"SEMA5B","semaphorin 5B","SEMA5B","Not Significant","Matrisome-associated","ECM-affiliated Proteins"
"205755_PM_at",0.98856,0.739,0.344,-6.110045,0.0920095,"ITIH3","inter-alpha-trypsin inhibitor heavy chain 3","ITIH3","Not Significant","Matrisome-associated","ECM Regulators"
"204268_PM_at",0.98871,0.742,-0.339,-6.111645,-0.08200667,"S100A2","S100 calcium binding protein A2","S100A2","Not Significant","Matrisome-associated","Secreted Factors"
"221091_PM_at",0.98871,0.744,-0.337,-6.112458,-0.07108725,"INSL5","insulin like 5","INSL5","Not Significant","Matrisome-associated","Secreted Factors"
"209752_PM_at",0.98871,0.744,0.336,-6.112659,0.09158233,"REG1A","regenerating family member 1 alpha","REG1A","Not Significant","Matrisome-associated","ECM-affiliated Proteins"
"205957_PM_at",0.98896,0.748,0.331,-6.114632,0.077647,"PLXNB3","plexin B3","PLXNB3","Not Significant","Matrisome-associated","ECM-affiliated Proteins"
"207640_PM_x_at",0.9891,0.75,0.328,-6.115438,0.11006273,"NTN3","netrin 3","NTN3","Not Significant","Core matrisome","ECM Glycoproteins"
"219873_PM_at",0.98916,0.75,-0.328,-6.115501,-0.12389833,"COLEC11","collectin subfamily member 11","COLEC11","Not Significant","Matrisome-associated","ECM-affiliated Proteins"
"228891_PM_at",0.98918,0.75,-0.328,-6.115597,-0.090382,"SEMA4D","semaphorin 4D","SEMA4D","Not Significant","Matrisome-associated","ECM-affiliated Proteins"
"229233_PM_at",0.99022,0.761,0.313,-6.120549,0.07081533,"NRG3","neuregulin 3","NRG3","Not Significant","Matrisome-associated","Secreted Factors"
"202295_PM_s_at",0.99054,0.766,0.307,-6.122677,0.11439667,"CTSH","cathepsin H","CTSH","Not Significant","Matrisome-associated","ECM Regulators"
"233983_PM_at",0.99054,0.768,-0.304,-6.123626,-0.07135317,"TGM6","transglutaminase 6","TGM6","Not Significant","Matrisome-associated","ECM Regulators"
"207218_PM_at",0.99054,0.769,0.303,-6.123782,0.06870076,"F9","coagulation factor IX","F9","Not Significant","Matrisome-associated","ECM Regulators"
"207817_PM_at",0.99054,0.77,0.302,-6.1243,0.06222117,"IFNW1","interferon omega 1","IFNW1","Not Significant","Matrisome-associated","Secreted Factors"
"221166_PM_at",0.99054,0.775,0.295,-6.126447,0.13216217,"FGF23","fibroblast growth factor 23","FGF23","Not Significant","Matrisome-associated","Secreted Factors"
"212830_PM_at",0.99054,0.775,-0.294,-6.126729,-0.16350033,"MEGF9","multiple EGF like domains 9","MEGF9","Not Significant","Matrisome-associated","Secreted Factors"
"220208_PM_at",0.99054,0.776,0.293,-6.126879,0.1348115,"ADAMTS13","ADAM metallopeptidase with thrombospondin type 1 motif 13","ADAMTS13","Not Significant","Matrisome-associated","ECM Regulators"
"31835_PM_at",0.99054,0.778,-0.291,-6.127648,-0.06853933,"HRG","histidine rich glycoprotein","HRG","Not Significant","Matrisome-associated","ECM Regulators"
"222125_PM_s_at",0.99054,0.778,0.29,-6.127741,0.05544167,"P4HTM","prolyl 4-hydroxylase, transmembrane","P4HTM","Not Significant","Matrisome-associated","ECM Regulators"
"205352_PM_at",0.99054,0.779,0.289,-6.128062,0.12324167,"SERPINI1","serpin family I member 1","SERPINI1","Not Significant","Matrisome-associated","ECM Regulators"
"220411_PM_x_at",0.99054,0.78,-0.288,-6.128624,-0.08432333,"PODNL1","podocan like 1","PODNL1","Not Significant","Core matrisome","Proteoglycans"
"222783_PM_s_at",0.99054,0.781,-0.287,-6.1289,-0.05444533,"SMOC1","SPARC related modular calcium binding 1","SMOC1","Not Significant","Core matrisome","ECM Glycoproteins"
"203758_PM_at",0.99054,0.782,-0.285,-6.129329,-0.20132717,"CTSO","cathepsin O","CTSO","Not Significant","Matrisome-associated","ECM Regulators"
"210141_PM_s_at",0.99054,0.783,0.283,-6.129893,0.0797905,"INHA","inhibin alpha subunit","INHA","Not Significant","Matrisome-associated","Secreted Factors"
"234349_PM_at",0.99054,0.784,0.282,-6.130412,0.06010817,"SSPO","SCO-spondin","SSPO","Not Significant","Core matrisome","ECM Glycoproteins"
"1553602_PM_at",0.99054,0.785,0.28,-6.130763,0.06994183,"MUCL1","mucin like 1","MUCL1","Not Significant","Matrisome-associated","ECM-affiliated Proteins"
"228648_PM_at",0.99054,0.785,0.28,-6.130788,0.0758985,"LRG1","leucine rich alpha-2-glycoprotein 1","LRG1","Not Significant","Core matrisome","ECM Glycoproteins"
"225353_PM_s_at",0.99054,0.786,-0.28,-6.130933,-0.16925,"C1QC","complement C1q C chain","C1QC","Not Significant","Matrisome-associated","ECM-affiliated Proteins"
"228580_PM_at",0.99054,0.787,-0.278,-6.131518,-0.08241167,"HTRA3","HtrA serine peptidase 3","HTRA3","Not Significant","Matrisome-associated","ECM Regulators"
"238061_PM_at",0.99054,0.789,0.276,-6.132028,0.0759135,"LGI3","leucine rich repeat LGI family member 3","LGI3","Not Significant","Core matrisome","ECM Glycoproteins"
"221150_PM_at",0.99054,0.789,-0.276,-6.132133,-0.05578683,"MEPE","matrix extracellular phosphoglycoprotein","MEPE","Not Significant","Core matrisome","ECM Glycoproteins"
"219424_PM_at",0.99054,0.789,0.275,-6.13223,0.0768515,"EBI3","Epstein-Barr virus induced 3","EBI3","Not Significant","Matrisome-associated","Secreted Factors"
"206349_PM_at",0.99054,0.79,0.274,-6.132631,0.06911137,"LGI1","leucine rich glioma inactivated 1","LGI1","Not Significant","Core matrisome","ECM Glycoproteins"
"227998_PM_at",0.99054,0.794,-0.269,-6.133953,-0.11227,"S100A16","S100 calcium binding protein A16","S100A16","Not Significant","Matrisome-associated","Secreted Factors"
"205866_PM_at",0.99065,0.795,-0.268,-6.13441,-0.0633205,"FCN3","ficolin 3","FCN3","Not Significant","Matrisome-associated","ECM-affiliated Proteins"
"242524_PM_at",0.99071,0.795,0.267,-6.134674,0.10755947,"CBLN4","cerebellin 4 precursor","CBLN4","Not Significant","Matrisome-associated","Secreted Factors"
"207251_PM_at",0.99083,0.798,0.264,-6.135549,0.08125667,"MEP1B","meprin A subunit beta","MEP1B","Not Significant","Matrisome-associated","ECM Regulators"
"206941_PM_x_at",0.99093,0.803,-0.256,-6.137585,-0.08744367,"SEMA3E","semaphorin 3E","SEMA3E","Not Significant","Matrisome-associated","ECM-affiliated Proteins"
"210074_PM_at",0.99093,0.805,-0.253,-6.138328,-0.059992,"CTSV","cathepsin V","CTSV","Not Significant","Matrisome-associated","ECM Regulators"
"209828_PM_s_at",0.99093,0.807,0.251,-6.139009,0.06178333,"IL16","interleukin 16","IL16","Not Significant","Matrisome-associated","Secreted Factors"
"207420_PM_at",0.99093,0.809,0.249,-6.139599,0.07738655,"COLEC10","collectin subfamily member 10","COLEC10","Not Significant","Matrisome-associated","ECM-affiliated Proteins"
"1552730_PM_at",0.99093,0.811,0.246,-6.140272,0.06256517,"DHH","desert hedgehog","DHH","Not Significant","Matrisome-associated","Secreted Factors"
"221314_PM_at",0.99093,0.811,0.246,-6.140412,0.07675967,"GDF9","growth differentiation factor 9","GDF9","Not Significant","Matrisome-associated","Secreted Factors"
"206994_PM_at",0.99114,0.814,-0.243,-6.141173,-0.0472655,"CST4","cystatin S","CST4","Not Significant","Matrisome-associated","ECM Regulators"
"216223_PM_at",0.99173,0.821,0.233,-6.143655,0.04443717,"CPN2","carboxypeptidase N subunit 2","CPN2","Not Significant","Matrisome-associated","ECM Regulators"
"207932_PM_at",0.99174,0.824,0.229,-6.144662,0.05742214,"IFNA8","interferon alpha 8","IFNA8","Not Significant","Matrisome-associated","Secreted Factors"
"210072_PM_at",0.99189,0.826,0.226,-6.145318,0.16563333,"CCL19","C-C motif chemokine ligand 19","CCL19","Not Significant","Matrisome-associated","Secreted Factors"
"1561969_PM_at",0.99191,0.827,0.225,-6.14545,0.04855267,"ZPLD1","zona pellucida like domain containing 1","ZPLD1","Not Significant","Core matrisome","ECM Glycoproteins"
"1552811_PM_at",0.99191,0.828,0.223,-6.146007,0.07643817,"WFIKKN1","WAP, follistatin/kazal, immunoglobulin, kunitz and netrin domain containing 1","WFIKKN1","Not Significant","Matrisome-associated","Secreted Factors"
"203657_PM_s_at",0.99193,0.829,0.222,-6.146274,0.08978,"CTSF","cathepsin F","CTSF","Not Significant","Matrisome-associated","ECM Regulators"
"217562_PM_at",0.99193,0.83,0.221,-6.146329,0.0473165,"BRINP3","BMP/retinoic acid inducible neural specific 3","BRINP3","Not Significant","Matrisome-associated","Secreted Factors"
"233868_PM_x_at",0.99197,0.83,0.22,-6.146605,0.09779167,"ADAM33","ADAM metallopeptidase domain 33","ADAM33","Not Significant","Matrisome-associated","ECM Regulators"
"239422_PM_at",0.99268,0.839,0.208,-6.149305,0.08193833,"GPC2","glypican 2","GPC2","Not Significant","Matrisome-associated","ECM-affiliated Proteins"
"214913_PM_at",0.99292,0.842,0.205,-6.149991,0.054772,"ADAMTS3","ADAM metallopeptidase with thrombospondin type 1 motif 3","ADAMTS3","Not Significant","Matrisome-associated","ECM Regulators"
"214238_PM_at",0.99293,0.842,-0.205,-6.150134,-0.03997217,"GDF7","growth differentiation factor 7","GDF7","Not Significant","Matrisome-associated","Secreted Factors"
"234803_PM_at",0.99293,0.844,0.202,-6.150628,0.054677,"CSTL1","cystatin like 1","CSTL1","Not Significant","Matrisome-associated","ECM Regulators"
"200782_PM_at",0.993,0.847,-0.199,-6.151419,-0.092195,"ANXA5","annexin A5","ANXA5","Not Significant","Matrisome-associated","ECM-affiliated Proteins"
"207955_PM_at",0.993,0.848,-0.198,-6.151628,-0.049868,"CCL27","C-C motif chemokine ligand 27","CCL27","Not Significant","Matrisome-associated","Secreted Factors"
"205143_PM_at",0.99367,0.854,-0.19,-6.153216,-0.07147833,"NCAN","neurocan","NCAN","Not Significant","Core matrisome","Proteoglycans"
"208570_PM_at",0.99367,0.856,0.187,-6.153801,0.0550116,"WNT1","Wnt family member 1","WNT1","Not Significant","Matrisome-associated","Secreted Factors"
"207054_PM_at",0.99367,0.857,0.186,-6.154014,0.05655527,"IMPG1","interphotoreceptor matrix proteoglycan 1","IMPG1","Not Significant","Core matrisome","Proteoglycans"
"243734_PM_x_at",0.99367,0.859,0.183,-6.15462,0.06167173,"VWC2","von Willebrand factor C domain containing 2","VWC2","Not Significant","Matrisome-associated","Secreted Factors"
"207174_PM_at",0.99376,0.862,-0.178,-6.15547,-0.04845526,"GPC5","glypican 5","GPC5","Not Significant","Matrisome-associated","ECM-affiliated Proteins"
"221374_PM_at",0.99376,0.865,0.175,-6.155983,0.05137817,"FGF16","fibroblast growth factor 16","FGF16","Not Significant","Matrisome-associated","Secreted Factors"
"206439_PM_at",0.99376,0.865,-0.175,-6.156082,-0.04257568,"EPYC","epiphycan","EPYC","Not Significant","Core matrisome","Proteoglycans"
"219197_PM_s_at",0.99378,0.866,-0.174,-6.156239,-0.151885,"SCUBE2","signal peptide, CUB domain and EGF like domain containing 2","SCUBE2","Not Significant","Matrisome-associated","Secreted Factors"
"221301_PM_at",0.99383,0.869,-0.169,-6.157168,-0.072879,"VWA7","von Willebrand factor A domain containing 7","VWA7","Not Significant","Core matrisome","ECM Glycoproteins"
"208548_PM_at",0.99417,0.873,-0.164,-6.158078,-0.03097283,"IFNA21","interferon alpha 21///interferon alpha 14///interferon alpha 10///interferon alpha 7///interferon alpha 6///interferon alpha 5///interferon alpha 4","IFNA21","Not Significant","Matrisome-associated","Secreted Factors"
"208548_PM_at",0.99417,0.873,-0.164,-6.158078,-0.03097283,"IFNA6","interferon alpha 21///interferon alpha 14///interferon alpha 10///interferon alpha 7///interferon alpha 6///interferon alpha 5///interferon alpha 4","IFNA6","Not Significant","Matrisome-associated","Secreted Factors"
"207844_PM_at",0.99417,0.874,-0.163,-6.158146,-0.05470017,"IL13","interleukin 13","IL13","Not Significant","Matrisome-associated","Secreted Factors"
"214199_PM_at",0.99425,0.875,0.162,-6.158435,0.0391,"SFTPD","surfactant protein D","SFTPD","Not Significant","Matrisome-associated","ECM-affiliated Proteins"
"221265_PM_s_at",0.99454,0.879,-0.156,-6.159321,-0.03901,"VWA9","von Willebrand factor A domain containing 9","VWA9","Not Significant","Core matrisome","ECM Glycoproteins"
"203477_PM_at",0.995,0.882,-0.152,-6.160005,-0.08739167,"COL15A1","collagen type XV alpha 1 chain","COL15A1","Not Significant","Core matrisome","Collagens"
"205305_PM_at",0.995,0.883,0.151,-6.160202,0.029175,"FGL1","fibrinogen like 1","FGL1","Not Significant","Core matrisome","ECM Glycoproteins"
"230964_PM_at",0.99534,0.892,0.14,-6.161922,0.03413345,"FREM2","FRAS1 related extracellular matrix protein 2","FREM2","Not Significant","Matrisome-associated","ECM-affiliated Proteins"
"207911_PM_s_at",0.99534,0.898,-0.131,-6.163159,-0.03569753,"TGM5","transglutaminase 5","TGM5","Not Significant","Matrisome-associated","ECM Regulators"
"1553499_PM_s_at",0.99534,0.898,-0.131,-6.163169,-0.02641483,"SERPINA9","serpin family A member 9","SERPINA9","Not Significant","Matrisome-associated","ECM Regulators"
"228979_PM_at",0.99534,0.9,0.129,-6.163502,0.02763103,"SFTA3","surfactant associated 3","SFTA3","Not Significant","Matrisome-associated","ECM-affiliated Proteins"
"208394_PM_x_at",0.99534,0.903,0.125,-6.164003,0.03397467,"ESM1","endothelial cell specific molecule 1","ESM1","Not Significant","Core matrisome","Proteoglycans"
"206012_PM_at",0.99534,0.905,-0.123,-6.164303,-0.0580155,"LEFTY2","left-right determination factor 2","LEFTY2","Not Significant","Matrisome-associated","Secreted Factors"
"242061_PM_at",0.99534,0.909,0.117,-6.165025,0.03630133,"RSPO2","R-spondin 2","RSPO2","Not Significant","Core matrisome","ECM Glycoproteins"
"202283_PM_at",0.99562,0.912,-0.114,-6.165404,-0.09610667,"SERPINF1","serpin family F member 1","SERPINF1","Not Significant","Matrisome-associated","ECM Regulators"
"1552592_PM_at",0.99574,0.913,0.112,-6.16563,0.03715717,"MMP21","matrix metallopeptidase 21","MMP21","Not Significant","Matrisome-associated","ECM Regulators"
"1554394_PM_at",0.99599,0.916,0.109,-6.16602,0.02354923,"NELL1","neural EGFL like 1","NELL1","Not Significant","Core matrisome","ECM Glycoproteins"
"206447_PM_at",0.9961,0.917,-0.108,-6.166135,-0.02487833,"CELA2A","chymotrypsin like elastase family member 2A","CELA2A","Not Significant","Matrisome-associated","ECM Regulators"
"223761_PM_at",0.99676,0.927,-0.0945,-6.167552,-0.0330865,"FGF19","fibroblast growth factor 19","FGF19","Not Significant","Matrisome-associated","Secreted Factors"
"223967_PM_at",0.99676,0.927,0.0945,-6.167552,0.02751667,"ANGPTL6","angiopoietin like 6","ANGPTL6","Not Significant","Matrisome-associated","Secreted Factors"
"208075_PM_s_at",0.99676,0.932,-0.0874,-6.168236,-0.02030537,"CCL7","C-C motif chemokine ligand 7","CCL7","Not Significant","Matrisome-associated","Secreted Factors"
"220273_PM_at",0.99676,0.933,-0.0867,-6.168297,-0.0247015,"IL17B","interleukin 17B","IL17B","Not Significant","Matrisome-associated","Secreted Factors"
"214571_PM_at",0.99676,0.934,-0.0853,-6.168425,-0.03060883,"FGF3","fibroblast growth factor 3","FGF3","Not Significant","Matrisome-associated","Secreted Factors"
"205680_PM_at",0.99704,0.936,0.0819,-6.168729,0.02515467,"MMP10","matrix metallopeptidase 10","MMP10","Not Significant","Matrisome-associated","ECM Regulators"
"218825_PM_at",0.99707,0.938,-0.0798,-6.168909,-0.03016367,"EGFL7","EGF like domain multiple 7","EGFL7","Not Significant","Matrisome-associated","Secreted Factors"
"208410_PM_x_at",0.99709,0.939,-0.0791,-6.168966,-0.02240367,"AMELX","amelogenin, X-linked","AMELX","Not Significant","Core matrisome","ECM Glycoproteins"
"235420_PM_at",0.99723,0.94,-0.0772,-6.169122,-0.016998,"HAPLN4","hyaluronan and proteoglycan link protein 4","HAPLN4","Not Significant","Core matrisome","Proteoglycans"
"205242_PM_at",0.9976,0.941,0.0756,-6.169253,0.014625,"CXCL13","C-X-C motif chemokine ligand 13","CXCL13","Not Significant","Matrisome-associated","Secreted Factors"
"237423_PM_at",0.99781,0.945,-0.0715,-6.169573,-0.031191,"RSPO4","R-spondin 4","RSPO4","Not Significant","Core matrisome","ECM Glycoproteins"
"208555_PM_x_at",0.99781,0.946,0.0693,-6.169741,0.0134043,"CST2","cystatin SA","CST2","Not Significant","Matrisome-associated","ECM Regulators"
"204606_PM_at",0.99786,0.949,-0.0662,-6.169964,-0.06267167,"CCL21","C-C motif chemokine ligand 21","CCL21","Not Significant","Matrisome-associated","Secreted Factors"
"205576_PM_at",0.99847,0.956,-0.0564,-6.170595,-0.0272045,"SERPIND1","serpin family D member 1","SERPIND1","Not Significant","Matrisome-associated","ECM Regulators"
"207118_PM_s_at",0.99847,0.956,0.0563,-6.170603,0.024877,"MMP23B","matrix metallopeptidase 23A (pseudogene)///matrix metallopeptidase 23B","MMP23B","Not Significant","Matrisome-associated","ECM Regulators"
"1552973_PM_at",0.99862,0.957,-0.0556,-6.170646,-0.01408117,"WNT9B","Wnt family member 9B","WNT9B","Not Significant","Matrisome-associated","Secreted Factors"
"207422_PM_at",0.99862,0.96,0.0515,-6.170876,0.01100167,"ADAM20","ADAM metallopeptidase domain 20","ADAM20","Not Significant","Matrisome-associated","ECM Regulators"
"206159_PM_at",0.99862,0.961,0.0506,-6.170929,0.01135469,"GDF10","growth differentiation factor 10","GDF10","Not Significant","Matrisome-associated","Secreted Factors"
"202834_PM_at",0.99862,0.963,0.0475,-6.171088,0.02089717,"AGT","angiotensinogen","AGT","Not Significant","Matrisome-associated","ECM Regulators"
"234894_PM_at",0.99862,0.964,-0.0457,-6.171176,-0.0144485,"ITIH6","inter-alpha-trypsin inhibitor heavy chain family member 6","ITIH6","Not Significant","Matrisome-associated","ECM Regulators"
"203413_PM_at",0.99862,0.968,-0.0407,-6.171408,-0.00959533,"NELL2","neural EGFL like 2","NELL2","Not Significant","Core matrisome","ECM Glycoproteins"
"207933_PM_at",0.99864,0.971,0.0369,-6.171563,0.01111933,"ZP2","zona pellucida glycoprotein 2","ZP2","Not Significant","Core matrisome","ECM Glycoproteins"
"230478_PM_at",0.9989,0.973,0.0354,-6.171621,0.010909,"OIT3","oncoprotein induced transcript 3","OIT3","Not Significant","Core matrisome","ECM Glycoproteins"
"220504_PM_at",0.999,0.974,-0.0336,-6.171687,-0.01512833,"KERA","keratocan","KERA","Not Significant","Core matrisome","Proteoglycans"
"234725_PM_s_at",0.99924,0.976,-0.0314,-6.171764,-0.01121848,"SEMA4B","semaphorin 4B","SEMA4B","Not Significant","Matrisome-associated","ECM-affiliated Proteins"
"221332_PM_at",0.99926,0.977,0.03,-6.171809,0.01262067,"BMP15","bone morphogenetic protein 15","BMP15","Not Significant","Matrisome-associated","Secreted Factors"
"203592_PM_s_at",0.99937,0.979,-0.0268,-6.171903,-0.0079835,"FSTL3","follistatin like 3","FSTL3","Not Significant","Matrisome-associated","Secreted Factors"
"207664_PM_at",0.99941,0.98,-0.0255,-6.171942,-0.00581903,"ADAM2","ADAM metallopeptidase domain 2","ADAM2","Not Significant","Matrisome-associated","ECM Regulators"
"205754_PM_at",0.99985,0.989,0.0138,-6.172185,0.00257633,"F2","coagulation factor II, thrombin","F2","Not Significant","Matrisome-associated","ECM Regulators"
"208597_PM_at",0.99999,0.991,-0.0111,-6.172221,-0.0029185,"CNTF","ZFP91 zinc finger protein///ciliary neurotrophic factor","CNTF","Not Significant","Matrisome-associated","Secreted Factors"
"207354_PM_at",0.99999,0.993,0.00939,-6.172239,0.00231567,"CCL16","C-C motif chemokine ligand 16","CCL16","Not Significant","Matrisome-associated","Secreted Factors"
"210619_PM_s_at",0.99999,0.993,0.00883,-6.172244,0.00189833,"HYAL1","hyaluronoglucosaminidase 1","HYAL1","Not Significant","Matrisome-associated","ECM Regulators"
"230867_PM_at",0.99999,0.996,-0.00574,-6.172268,-0.0023782,"COL6A6","collagen type VI alpha 6 chain","COL6A6","Not Significant","Core matrisome","Collagens"
"209443_PM_at",0.99999,0.999,-0.00165,-6.172284,-0.00056483,"SERPINA5","serpin family A member 5","SERPINA5","Not Significant","Matrisome-associated","ECM Regulators"
"210140_PM_at",0.99999,0.999,0.00165,-6.172284,0.00145217,"CST7","cystatin F","CST7","Not Significant","Matrisome-associated","ECM Regulators"
