"ID","adj.P.Val","P.Value","t","B","logFC","Gene.symbol","Gene.title","Gene","DEG_Status"
"231736_PM_x_at",0.00111,2.29e-08,-17.4,7.352397,-5.54187333,"MGST1","microsomal glutathione S-transferase 1","MGST1","Downregulated"
"228409_PM_at",0.00111,4.04e-08,-16.3,7.093156,-5.53221617,"PLIN4","perilipin 4","PLIN4","Downregulated"
"200832_PM_s_at",0.00152,8.34e-08,-15.1,6.73478,-6.41523667,"SCD","stearoyl-CoA desaturase","SCD","Downregulated"
"225424_PM_at",0.00207,1.51e-07,-14.1,6.416927,-5.420872,"GPAM","glycerol-3-phosphate acyltransferase, mitochondrial","GPAM","Downregulated"
"209616_PM_s_at",0.00532,5.14e-07,-12.2,5.698412,-5.70671133,"CES1","carboxylesterase 1","CES1","Downregulated"
"229477_PM_at",0.00532,5.83e-07,-12.1,5.619371,-4.2747485,"THRSP","thyroid hormone responsive","THRSP","Downregulated"
"239398_PM_at",0.0067,1.18e-06,-11.1,5.162163,-3.6064435,"KLHL31","kelch like family member 31","KLHL31","Downregulated"
"207057_PM_at",0.0067,1.21e-06,-11.1,5.146872,-3.00966833,"SLC16A7","solute carrier family 16 member 7","SLC16A7","Downregulated"
"219140_PM_s_at",0.0067,1.23e-06,-11.1,5.131201,-5.23635483,"RBP4","retinol binding protein 4","RBP4","Downregulated"
"216594_PM_x_at",0.0067,1.34e-06,-11,5.07309,-4.54104167,"AKR1C1","aldo-keto reductase family 1 member C1","AKR1C1","Downregulated"
"227242_PM_s_at",0.0067,1.38e-06,-10.9,5.057855,-2.17731167,"EBF3","early B-cell factor 3","EBF3","Downregulated"
"209699_PM_x_at",0.00794,1.89e-06,-10.5,4.840957,-5.52444833,"AKR1C2","aldo-keto reductase family 1, member C2","AKR1C2","Downregulated"
"224327_PM_s_at",0.00931,2.55e-06,-10.2,4.627889,-3.34055,"DGAT2","diacylglycerol O-acyltransferase 2","DGAT2","Downregulated"
"228568_PM_at",0.01064,3.31e-06,-9.87,4.442042,-3.34246033,"GCOM1","GRINL1A complex locus 1","GCOM1","Downregulated"
"203680_PM_at",0.01157,4.02e-06,-9.65,4.299638,-4.561818,"PRKAR2B","protein kinase cAMP-dependent type II regulatory subunit beta","PRKAR2B","Downregulated"
"236313_PM_at",0.01225,4.5e-06,-9.52,4.215571,-3.03055957,"CDKN2B","cyclin dependent kinase inhibitor 2B","CDKN2B","Downregulated"
"201467_PM_s_at",0.01225,4.7e-06,-9.47,4.18313,-2.64858033,"NQO1","NAD(P)H quinone dehydrogenase 1","NQO1","Downregulated"
"219398_PM_at",0.01285,5.61e-06,-9.27,4.051315,-5.12499883,"CIDEC","cell death inducing DFFA like effector c","CIDEC","Downregulated"
"208383_PM_s_at",0.01285,5.92e-06,-9.21,4.010147,-3.99310803,"PCK1","phosphoenolpyruvate carboxykinase 1","PCK1","Downregulated"
"235978_PM_at",0.01285,6.07e-06,-9.19,3.991431,-6.427412,"FABP4","fatty acid binding protein 4","FABP4","Downregulated"
"205913_PM_at",0.01285,6.11e-06,-9.18,3.987305,-6.34621817,"PLIN1","perilipin 1","PLIN1","Downregulated"
"218124_PM_at",0.01288,6.36e-06,-9.14,3.957081,-2.31524833,"RETSAT","retinol saturase","RETSAT","Downregulated"
"228766_PM_at",0.01339,6.85e-06,-9.06,3.899914,-4.46757,"CD36","CD36 molecule","CD36","Downregulated"
"1556499_PM_s_at",0.01536,8.14e-06,8.87,3.767901,2.98466833,"COL1A1","collagen type I alpha 1 chain","COL1A1","Upregulated"
"239523_PM_at",0.0163,9.24e-06,-8.74,3.670371,-3.19529668,"TUSC5","tumor suppressor candidate 5","TUSC5","Downregulated"
"209581_PM_at",0.01732,1.09e-05,-8.56,3.538409,-3.99259417,"PLA2G16","phospholipase A2 group XVI","PLA2G16","Downregulated"
"239345_PM_at",0.01732,1.11e-05,-8.54,3.525964,-3.70185683,"SLC19A3","solute carrier family 19 member 3","SLC19A3","Downregulated"
"202016_PM_at",0.01732,1.17e-05,-8.49,3.487772,-4.05455333,"MEST","mesoderm specific transcript","MEST","Downregulated"
"235382_PM_at",0.01732,1.18e-05,-8.48,3.476319,-2.32151905,"LVRN","laeverin","LVRN","Downregulated"
"213706_PM_at",0.01732,1.23e-05,-8.44,3.448199,-4.93902285,"GPD1","glycerol-3-phosphate dehydrogenase 1","GPD1","Downregulated"
"218865_PM_at",0.01732,1.27e-05,-8.41,3.423245,-3.075585,"MARC1","mitochondrial amidoxime reducing component 1","MARC1","Downregulated"
"222513_PM_s_at",0.02275,1.92e-05,-7.99,3.089886,-3.64975167,"SORBS1","sorbin and SH3 domain containing 1","SORBS1","Downregulated"
"202428_PM_x_at",0.02275,1.96e-05,-7.98,3.075617,-2.51256,"DBI","diazepam binding inhibitor, acyl-CoA binding protein","DBI","Downregulated"
"210833_PM_at",0.02275,1.99e-05,-7.96,3.061501,-2.28664333,"PTGER3","prostaglandin E receptor 3","PTGER3","Downregulated"
"206030_PM_at",0.02275,2e-05,-7.96,3.058788,-2.43141833,"ASPA","aspartoacylase","ASPA","Downregulated"
"1557236_PM_at",0.02278,2.04e-05,-7.94,3.041133,-2.35135333,"APOL6","apolipoprotein L6","APOL6","Downregulated"
"237154_PM_at",0.02279,2.09e-05,-7.91,3.023157,-4.29285367,"LOC101930114","uncharacterized LOC101930114","LOC101930114","Downregulated"
"225102_PM_at",0.0241,2.33e-05,-7.81,2.931726,-2.44425167,"MGLL","monoglyceride lipase","MGLL","Downregulated"
"203414_PM_at",0.0241,2.33e-05,-7.81,2.931225,-4.39957,"MMD","monocyte to macrophage differentiation associated","MMD","Downregulated"
"213862_PM_at",0.02605,2.57e-05,-7.71,2.852218,-3.03118333,"PNPLA2","patatin like phospholipase domain containing 2","PNPLA2","Downregulated"
"214433_PM_s_at",0.02617,2.63e-05,-7.69,2.833652,-2.10583,"SELENBP1","selenium binding protein 1","SELENBP1","Downregulated"
"204388_PM_s_at",0.02659,2.72e-05,-7.66,2.805701,-3.33789883,"MAOA","monoamine oxidase A","MAOA","Downregulated"
"214584_PM_x_at",0.02724,2.89e-05,-7.6,2.75718,-2.25594767,"ACACB","acetyl-CoA carboxylase beta","ACACB","Downregulated"
"222351_PM_at",0.02724,2.89e-05,-7.6,2.756853,-3.556565,"PPP2R1B","protein phosphatase 2 scaffold subunit Abeta","PPP2R1B","Downregulated"
"206243_PM_at",0.02779,3.05e-05,-7.55,2.711832,-3.7942565,"TIMP4","TIMP metallopeptidase inhibitor 4","TIMP4","Downregulated"
"207843_PM_x_at",0.02779,3.08e-05,-7.54,2.702908,-1.78748167,"CYB5A","cytochrome b5 type A","CYB5A","Downregulated"
"228434_PM_at",0.02779,3.1e-05,-7.54,2.698387,-3.82491833,"BTNL9","butyrophilin like 9","BTNL9","Downregulated"
"209576_PM_at",0.02862,3.29e-05,-7.48,2.648136,-2.40857333,"GNAI1","G protein subunit alpha i1","GNAI1","Downregulated"
"203324_PM_s_at",0.03041,3.61e-05,-7.39,2.570756,-2.83183167,"CAV2","caveolin 2","CAV2","Downregulated"
"207092_PM_at",0.03096,3.9e-05,-7.33,2.50776,-5.71734833,"LEP","leptin","LEP","Downregulated"
"206262_PM_at",0.03096,3.99e-05,-7.3,2.487696,-2.167809,"ADH1C","alcohol dehydrogenase 1C (class I), gamma polypeptide","ADH1C","Downregulated"
"232313_PM_at",0.03606,5.15e-05,-7.07,2.271757,-3.71506283,"TMEM132C","transmembrane protein 132C","TMEM132C","Downregulated"
"235849_PM_at",0.03606,5.17e-05,-7.07,2.269188,-3.098365,"SCARA5","scavenger receptor class A member 5","SCARA5","Downregulated"
"210299_PM_s_at",0.03606,5.22e-05,-7.06,2.261042,-4.3526,"FHL1","four and a half LIM domains 1","FHL1","Downregulated"
"229086_PM_at",0.03606,5.28e-05,-7.05,2.250771,-2.33066833,"ZNF436-AS1","ZNF436 antisense RNA 1","ZNF436-AS1","Downregulated"
"210106_PM_at",0.03611,5.43e-05,-7.02,2.226981,-1.675058,"RDH5","retinol dehydrogenase 5","RDH5","Downregulated"
"201289_PM_at",0.03611,5.48e-05,7.02,2.220037,4.33160833,"CYR61","cysteine rich angiogenic inducer 61","CYR61","Upregulated"
"218353_PM_at",0.03632,5.58e-05,-7,2.204962,-1.69529333,"RGS5","regulator of G-protein signaling 5","RGS5","Downregulated"
"227466_PM_at",0.03673,5.77e-05,-6.97,2.175223,-1.75001833,"FAM200B","family with sequence similarity 200 member B","FAM200B","Downregulated"
"1552509_PM_a_at",0.03752,5.97e-05,-6.94,2.146737,-3.621655,"CD300LG","CD300 molecule like family member g","CD300LG","Downregulated"
"213905_PM_x_at",0.03752,6.19e-05,6.91,2.115992,3.55583833,"BGN","biglycan","BGN","Upregulated"
"205382_PM_s_at",0.03752,6.23e-05,-6.9,2.109726,-4.25519333,"CFD","complement factor D","CFD","Downregulated"
"219230_PM_at",0.03752,6.24e-05,-6.9,2.108949,-2.67967667,"TMEM100","transmembrane protein 100","TMEM100","Downregulated"
"218856_PM_at",0.0386,6.49e-05,-6.87,2.075214,-3.346588,"TNFRSF21","TNF receptor superfamily member 21","TNFRSF21","Downregulated"
"226018_PM_at",0.03898,6.63e-05,-6.85,2.057548,-3.28407533,"MTURN","maturin, neural progenitor differentiation regulator homolog (Xenopus)","MTURN","Downregulated"
"218736_PM_s_at",0.04218,7.44e-05,-6.75,1.95769,-2.35168833,"PALMD","palmdelphin","PALMD","Downregulated"
"203549_PM_s_at",0.04218,7.53e-05,-6.74,1.947925,-5.26499167,"LPL","lipoprotein lipase","LPL","Downregulated"
"1552519_PM_at",0.04218,7.55e-05,-6.74,1.944789,-3.757549,"ACVR1C","activin A receptor type 1C","ACVR1C","Downregulated"
"211709_PM_s_at",0.04223,7.64e-05,6.73,1.934889,3.07216072,"CLEC11A","C-type lectin domain family 11 member A","CLEC11A","Upregulated"
"202391_PM_at",0.04277,7.82e-05,6.71,1.915222,2.282095,"BASP1","brain abundant membrane attached signal protein 1","BASP1","Upregulated"
"212190_PM_at",0.04308,7.95e-05,6.69,1.900394,2.73569667,"SERPINE2","serpin family E member 2","SERPINE2","Upregulated"
"206955_PM_at",0.0436,8.19e-05,-6.67,1.874669,-3.87974183,"AQP7","aquaporin 7","AQP7","Downregulated"
"243544_PM_at",0.04592,8.95e-05,-6.59,1.798484,-3.76095333,"ADH1B","alcohol dehydrogenase 1B (class I), beta polypeptide","ADH1B","Downregulated"
"212325_PM_at",0.04592,8.98e-05,-6.59,1.795286,-2.42822167,"LIMCH1","LIM and calponin homology domains 1","LIMCH1","Downregulated"
"215695_PM_s_at",0.04624,9.13e-05,-6.57,1.781141,-4.02290333,"GYG2","glycogenin 2","GYG2","Downregulated"
"213486_PM_at",0.04696,9.44e-05,-6.55,1.751765,-3.77686822,"COPG2IT1","COPG2 imprinted transcript 1 (non-protein coding)","COPG2IT1","Downregulated"
"209596_PM_at",0.04869,0.000102,6.48,1.686868,2.99756167,"MXRA5","matrix remodeling associated 5","MXRA5","Upregulated"
"209955_PM_s_at",0.04869,0.000102,6.48,1.68157,2.98530667,"FAP","fibroblast activation protein alpha","FAP","Upregulated"
"215184_PM_at",0.05006,0.000107,-6.44,1.646213,-1.87497667,"DAPK2","death associated protein kinase 2","DAPK2","Downregulated"
"225008_PM_at",0.05006,0.000107,-6.44,1.639362,-1.89512333,"ASPH","aspartate beta-hydroxylase","ASPH","Downregulated"
"209621_PM_s_at",0.05006,0.000112,6.4,1.602057,3.23956167,"PDLIM3","PDZ and LIM domain 3","PDLIM3","Upregulated"
"215071_PM_s_at",0.05006,0.000113,-6.4,1.598552,-1.846263,"HIST1H2AC","histone cluster 1, H2ac","HIST1H2AC","Downregulated"
"202404_PM_s_at",0.05202,0.000121,6.33,1.531618,3.37799667,"COL1A2","collagen type I alpha 2 chain","COL1A2","Upregulated"
"228802_PM_at",0.05202,0.000122,-6.33,1.530762,-2.01723,"RBPMS2","RNA binding protein with multiple splicing 2","RBPMS2","Downregulated"
"227190_PM_at",0.05202,0.000122,-6.33,1.529965,-2.59699533,"TMEM37","transmembrane protein 37","TMEM37","Downregulated"
"205498_PM_at",0.05468,0.000129,-6.29,1.479263,-3.17311833,"GHR","growth hormone receptor","GHR","Downregulated"
"224881_PM_at",0.05683,0.000135,-6.25,1.43867,-2.64230333,"VKORC1L1","vitamin K epoxide reductase complex subunit 1 like 1","VKORC1L1","Downregulated"
"226806_PM_s_at",0.05893,0.000141,-6.21,1.398571,-2.86002,"NFIA","nuclear factor I A","NFIA","Downregulated"
"203296_PM_s_at",0.06005,0.000147,-6.18,1.363195,-2.9292975,"ATP1A2","ATPase Na+/K+ transporting subunit alpha 2","ATP1A2","Downregulated"
"225681_PM_at",0.06106,0.000151,6.16,1.341942,4.24938,"CTHRC1","collagen triple helix repeat containing 1","CTHRC1","Upregulated"
"209686_PM_at",0.06141,0.000154,-6.14,1.324619,-1.97702167,"S100B","S100 calcium binding protein B","S100B","Downregulated"
"244885_PM_at",0.06141,0.000154,-6.14,1.323887,-1.39573167,"EBF2","early B-cell factor 2","EBF2","Downregulated"
"224724_PM_at",0.06216,0.000157,6.13,1.306718,1.738715,"SULF2","sulfatase 2","SULF2","Upregulated"
"231348_PM_s_at",0.06326,0.000161,-6.1,1.282645,-2.78122917,"LMO3","LIM domain only 3","LMO3","Downregulated"
"207469_PM_s_at",0.06326,0.000162,-6.1,1.278421,-1.33415383,"PIR","pirin","PIR","Downregulated"
"210544_PM_s_at",0.06417,0.000165,-6.08,1.2594,-2.161388,"ALDH3A2","aldehyde dehydrogenase 3 family member A2","ALDH3A2","Downregulated"
"209283_PM_at",0.06601,0.000171,-6.05,1.228119,-3.62864667,"CRYAB","crystallin alpha B","CRYAB","Downregulated"
"204537_PM_s_at",0.0666,0.000174,-6.04,1.213953,-2.39658167,"GABRE","gamma-aminobutyric acid type A receptor epsilon subunit","GABRE","Downregulated"
"1553194_PM_at",0.06665,0.000177,-6.03,1.200958,-1.78064333,"NEGR1","neuronal growth regulator 1","NEGR1","Downregulated"
"222835_PM_at",0.06743,0.000182,6,1.172329,1.51716,"THSD4","thrombospondin type 1 domain containing 4","THSD4","Upregulated"
"208158_PM_s_at",0.06862,0.000187,-5.98,1.150742,-1.85654167,"OSBPL1A","oxysterol binding protein like 1A","OSBPL1A","Downregulated"
"206737_PM_at",0.07219,0.000199,-5.93,1.094166,-1.99553833,"WNT11","Wnt family member 11","WNT11","Downregulated"
"218491_PM_s_at",0.07219,0.000199,-5.93,1.093641,-1.90689833,"THYN1","thymocyte nuclear protein 1","THYN1","Downregulated"
"228445_PM_at",0.0739,0.000206,-5.9,1.061715,-2.90599333,"AIFM2","apoptosis inducing factor, mitochondria associated 2","AIFM2","Downregulated"
"209123_PM_at",0.0739,0.000208,-5.9,1.054445,-2.00683333,"QDPR","quinoid dihydropteridine reductase","QDPR","Downregulated"
"244272_PM_s_at",0.0739,0.000209,-5.89,1.049317,-1.83157283,"TC2N","tandem C2 domains, nuclear","TC2N","Downregulated"
"210168_PM_at",0.0739,0.000209,-5.89,1.049103,-2.10061883,"C6","complement component 6","C6","Downregulated"
"224954_PM_at",0.0739,0.000211,-5.89,1.0424,-1.56600833,"SHMT1","serine hydroxymethyltransferase 1","SHMT1","Downregulated"
"202309_PM_at",0.07413,0.000214,-5.88,1.029524,-2.22825667,"MTHFD1","methylenetetrahydrofolate dehydrogenase, cyclohydrolase and formyltetrahydrofolate synthetase 1","MTHFD1","Downregulated"
"216331_PM_at",0.07434,0.000216,-5.87,1.021371,-2.149615,"ITGA7","integrin subunit alpha 7","ITGA7","Downregulated"
"201707_PM_at",0.07451,0.000218,-5.86,1.013685,-2.24154833,"PEX19","peroxisomal biogenesis factor 19","PEX19","Downregulated"
"213578_PM_at",0.07525,0.000221,-5.85,0.99924,-1.1516985,"BMPR1A","bone morphogenetic protein receptor type 1A","BMPR1A","Downregulated"
"207605_PM_x_at",0.07558,0.000224,-5.84,0.989836,-2.23630167,"ZNF117","zinc finger protein 117","ZNF117","Downregulated"
"1553392_PM_at",0.07604,0.000227,-5.83,0.978892,-1.84329167,"EFCAB3","EF-hand calcium binding domain 3","EFCAB3","Downregulated"
"213221_PM_s_at",0.07829,0.000239,-5.79,0.932447,-2.38193833,"SIK2","salt inducible kinase 2","SIK2","Downregulated"
"204422_PM_s_at",0.07829,0.000239,-5.79,0.930989,-1.63036433,"FGF2","fibroblast growth factor 2","FGF2","Downregulated"
"232071_PM_at",0.07926,0.000244,-5.77,0.910645,-1.66546533,"MRPL19","mitochondrial ribosomal protein L19","MRPL19","Downregulated"
"213524_PM_s_at",0.07926,0.000245,-5.77,0.909192,-4.61237,"G0S2","G0/G1 switch 2","G0S2","Downregulated"
"216081_PM_at",0.07975,0.000249,-5.76,0.893066,-2.25678667,"LAMA4","laminin subunit alpha 4","LAMA4","Downregulated"
"203571_PM_s_at",0.08174,0.000257,-5.73,0.865754,-3.48420167,"ADIRF","adipogenesis regulatory factor","ADIRF","Downregulated"
"1558421_PM_a_at",0.08179,0.00026,-5.72,0.854762,-1.79024667,"C14orf180","chromosome 14 open reading frame 180","C14orf180","Downregulated"
"1558556_PM_at",0.08305,0.000266,-5.71,0.835846,-1.88266813,"CAMK1","calcium/calmodulin dependent protein kinase I","CAMK1","Downregulated"
"219006_PM_at",0.08323,0.000268,-5.7,0.828722,-1.46347767,"NDUFAF4","NADH:ubiquinone oxidoreductase complex assembly factor 4","NDUFAF4","Downregulated"
"213974_PM_at",0.08489,0.000278,-5.67,0.795752,-2.56882083,"ADAMTSL3","ADAMTS like 3","ADAMTSL3","Downregulated"
"212886_PM_at",0.08573,0.000282,-5.66,0.780899,-2.11149333,"CCDC69","coiled-coil domain containing 69","CCDC69","Downregulated"
"231998_PM_at",0.08573,0.000284,-5.66,0.776821,-3.65547,"SART1","squamous cell carcinoma antigen recognized by T-cells 1","SART1","Downregulated"
"203368_PM_at",0.08869,0.000295,-5.63,0.741224,-1.26197,"CRELD1","cysteine rich with EGF like domains 1","CRELD1","Downregulated"
"235129_PM_at",0.08896,0.000298,-5.62,0.733509,-1.64868417,"PPP1R1A","protein phosphatase 1 regulatory inhibitor subunit 1A","PPP1R1A","Downregulated"
"238992_PM_at",0.09219,0.000311,-5.59,0.694291,-2.1942585,"POLI","DNA polymerase iota","POLI","Downregulated"
"205876_PM_at",0.09219,0.000314,-5.58,0.685973,-3.01126817,"LIFR","leukemia inhibitory factor receptor alpha","LIFR","Downregulated"
"218546_PM_at",0.09219,0.000314,-5.58,0.684381,-1.96879667,"C1orf115","chromosome 1 open reading frame 115","C1orf115","Downregulated"
"207071_PM_s_at",0.09303,0.00032,-5.57,0.668677,-2.27474667,"ACO1","aconitase 1","ACO1","Downregulated"
"225113_PM_at",0.09456,0.000329,-5.54,0.642741,-1.20920333,"AGPS","alkylglycerone phosphate synthase","AGPS","Downregulated"
"231991_PM_at",0.09456,0.00033,-5.54,0.639586,-1.697505,"CCM2L","CCM2 like scaffolding protein","CCM2L","Downregulated"
"219064_PM_at",0.09458,0.000333,-5.53,0.630526,-2.34209167,"ITIH5","inter-alpha-trypsin inhibitor heavy chain family member 5","ITIH5","Downregulated"
"1566931_PM_at",0.09458,0.000335,-5.53,0.627563,-1.38903782,"TFB2M","transcription factor B2, mitochondrial","TFB2M","Downregulated"
"205440_PM_s_at",0.09458,0.000335,-5.53,0.625348,-2.61965933,"NPY1R","neuropeptide Y receptor Y1","NPY1R","Downregulated"
"223978_PM_s_at",0.0946,0.000337,-5.52,0.620418,-2.12501,"CRLS1","cardiolipin synthase 1","CRLS1","Downregulated"
"206637_PM_at",0.09516,0.000343,-5.51,0.605887,-1.68041017,"P2RY14","purinergic receptor P2Y14","P2RY14","Downregulated"
"203083_PM_at",0.09516,0.000343,5.51,0.605867,2.29237667,"THBS2","thrombospondin 2","THBS2","Upregulated"
"208510_PM_s_at",0.09536,0.000345,-5.51,0.599336,-3.04082,"PPARG","peroxisome proliferator activated receptor gamma","PPARG","Downregulated"
"201036_PM_s_at",0.10179,0.00037,-5.45,0.535548,-2.22958,"HADH","hydroxyacyl-CoA dehydrogenase","HADH","Downregulated"
"230887_PM_at",0.104,0.00038,-5.43,0.511423,-1.11750967,"CDC14B","cell division cycle 14B","CDC14B","Downregulated"
"212701_PM_at",0.10449,0.000385,-5.42,0.498773,-2.79858667,"TLN2","talin 2","TLN2","Downregulated"
"234660_PM_s_at",0.10449,0.000386,-5.42,0.498129,-1.27467067,"DIS3","DIS3 homolog, exosome endoribonuclease and 3'-5' exoribonuclease","DIS3","Downregulated"
"242541_PM_at",0.10482,0.000389,-5.42,0.490804,-2.120935,"ABCA9","ATP binding cassette subfamily A member 9","ABCA9","Downregulated"
"238048_PM_at",0.10542,0.000396,5.4,0.474212,1.413915,"CLASP2","cytoplasmic linker associated protein 2","CLASP2","Upregulated"
"225016_PM_at",0.10542,0.000397,-5.4,0.472195,-3.7157785,"APCDD1","APC down-regulated 1","APCDD1","Downregulated"
"239960_PM_x_at",0.10699,0.000411,-5.37,0.439883,-1.330545,"LYRM7","LYR motif containing 7","LYRM7","Downregulated"
"200672_PM_x_at",0.10699,0.000412,-5.37,0.438206,-2.30632833,"SPTBN1","spectrin beta, non-erythrocytic 1","SPTBN1","Downregulated"
"201425_PM_at",0.10699,0.000413,-5.37,0.437069,-3.78521167,"ALDH2","aldehyde dehydrogenase 2 family (mitochondrial)","ALDH2","Downregulated"
"207175_PM_at",0.10699,0.000413,-5.37,0.436963,-5.657775,"ADIPOQ","adiponectin, C1Q and collagen domain containing","ADIPOQ","Downregulated"
"223457_PM_at",0.1072,0.000415,-5.37,0.430862,-1.89997933,"COPG2","coatomer protein complex subunit gamma 2","COPG2","Downregulated"
"227525_PM_at",0.10739,0.000418,-5.36,0.424924,-1.44876167,"GLCCI1","glucocorticoid induced 1","GLCCI1","Downregulated"
"228335_PM_at",0.10875,0.000426,-5.35,0.407969,-2.31441167,"CLDN11","claudin 11","CLDN11","Downregulated"
"201792_PM_at",0.10875,0.000431,5.34,0.397435,2.48848833,"AEBP1","AE binding protein 1","AEBP1","Upregulated"
"217047_PM_s_at",0.10875,0.000431,-5.34,0.396494,-2.61768333,"FAM13A","family with sequence similarity 13 member A","FAM13A","Downregulated"
"1556314_PM_a_at",0.10964,0.00044,-5.32,0.377645,-1.4646255,"ZNF366","zinc finger protein 366","ZNF366","Downregulated"
"219636_PM_s_at",0.10964,0.000441,5.32,0.376154,1.39240333,"ARMC9","armadillo repeat containing 9","ARMC9","Upregulated"
"211726_PM_s_at",0.10964,0.000443,-5.32,0.372179,-3.21836667,"FMO2","flavin containing monooxygenase 2","FMO2","Downregulated"
"1554798_PM_at",0.10964,0.000445,5.32,0.368279,1.498445,"SNED1","sushi, nidogen and EGF like domains 1","SNED1","Upregulated"
"202862_PM_at",0.11279,0.000461,-5.29,0.335838,-2.02895617,"FAH","fumarylacetoacetate hydrolase","FAH","Downregulated"
"221483_PM_s_at",0.11576,0.000483,-5.26,0.293429,-1.86620167,"ARPP19","cAMP regulated phosphoprotein 19","ARPP19","Downregulated"
"201619_PM_at",0.11576,0.000484,-5.25,0.290231,-1.86551333,"PRDX3","peroxiredoxin 3","PRDX3","Downregulated"
"209220_PM_at",0.11825,0.000497,-5.23,0.266764,-1.999855,"GPC3","glypican 3","GPC3","Downregulated"
"222291_PM_at",0.12136,0.000512,-5.21,0.238995,-1.25270483,"FAM149A","family with sequence similarity 149 member A","FAM149A","Downregulated"
"202345_PM_s_at",0.12197,0.000517,-5.2,0.230448,-2.349405,"FABP5","fatty acid binding protein 5","FABP5","Downregulated"
"208016_PM_s_at",0.12577,0.000538,-5.18,0.194487,-2.08096667,"AGTR1","angiotensin II receptor type 1","AGTR1","Downregulated"
"224435_PM_at",0.12903,0.000554,-5.15,0.167088,-3.50919667,"FAM213A","family with sequence similarity 213 member A","FAM213A","Downregulated"
"1560172_PM_at",0.12918,0.000557,-5.15,0.162147,-1.18429683,"INTS10","integrator complex subunit 10","INTS10","Downregulated"
"231993_PM_at",0.1305,0.000565,5.14,0.148909,3.663485,"ITGBL1","integrin subunit beta like 1","ITGBL1","Upregulated"
"224964_PM_s_at",0.13052,0.000568,-5.14,0.144899,-1.81010333,"GNG2","G protein subunit gamma 2","GNG2","Downregulated"
"225523_PM_at",0.13376,0.000587,-5.11,0.114708,-1.73910833,"MRPL53","mitochondrial ribosomal protein L53///coiled-coil domain containing 142","MRPL53","Downregulated"
"225523_PM_at",0.13376,0.000587,-5.11,0.114708,-1.73910833,"CCDC142","mitochondrial ribosomal protein L53///coiled-coil domain containing 142","CCDC142","Downregulated"
"224415_PM_s_at",0.13529,0.000596,-5.1,0.100421,-1.665085,"HINT2","histidine triad nucleotide binding protein 2","HINT2","Downregulated"
"1555841_PM_at",0.13646,0.000606,5.09,0.085586,1.28099,"MSANTD3","Myb/SANT DNA binding domain containing 3","MSANTD3","Upregulated"
"203920_PM_at",0.13646,0.000606,-5.09,0.084866,-1.18630667,"NR1H3","nuclear receptor subfamily 1 group H member 3","NR1H3","Downregulated"
"209384_PM_at",0.13893,0.000622,-5.07,0.060573,-1.14378833,"PROSC","proline synthetase cotranscribed homolog (bacterial)","PROSC","Downregulated"
"208607_PM_s_at",0.13893,0.000625,-5.07,0.057084,-6.27735333,"SAA2","serum amyloid A2///serum amyloid A1","SAA2","Downregulated"
"208607_PM_s_at",0.13893,0.000625,-5.07,0.057084,-6.27735333,"SAA1","serum amyloid A2///serum amyloid A1","SAA1","Downregulated"
"234951_PM_s_at",0.14125,0.00064,5.05,0.03437,3.50933167,"COL12A1","collagen type XII alpha 1 chain","COL12A1","Upregulated"
"235427_PM_at",0.14416,0.000662,-5.03,0.003474,-1.59191,"CFLAR","CASP8 and FADD like apoptosis regulator","CFLAR","Downregulated"
"241359_PM_at",0.14416,0.000668,-5.02,-0.004943,-1.88064333,"TLCD2","TLC domain containing 2","TLCD2","Downregulated"
"209513_PM_s_at",0.14416,0.000671,-5.02,-0.008646,-2.90870167,"HSDL2","hydroxysteroid dehydrogenase like 2","HSDL2","Downregulated"
"231721_PM_at",0.14416,0.000672,5.01,-0.010011,2.13540333,"JAM3","junctional adhesion molecule 3","JAM3","Upregulated"
"221731_PM_x_at",0.14869,0.000701,4.98,-0.049363,2.75288333,"VCAN","versican","VCAN","Upregulated"
"202022_PM_at",0.15399,0.000735,-4.95,-0.092341,-1.78165017,"ALDOC","aldolase, fructose-bisphosphate C","ALDOC","Downregulated"
"205231_PM_s_at",0.15714,0.000755,-4.93,-0.118142,-1.519325,"EPM2A","epilepsy, progressive myoclonus type 2A, Lafora disease (laforin)","EPM2A","Downregulated"
"201066_PM_at",0.15726,0.000759,-4.93,-0.122323,-1.23259833,"CYC1","cytochrome c1","CYC1","Downregulated"
"219602_PM_s_at",0.15828,0.000767,4.92,-0.131785,2.44904983,"PIEZO2","piezo type mechanosensitive ion channel component 2","PIEZO2","Upregulated"
"235077_PM_at",0.16456,8e-04,4.89,-0.171475,3.1847055,"MEG3","maternally expressed 3 (non-protein coding)","MEG3","Upregulated"
"223349_PM_s_at",0.16545,0.000816,-4.88,-0.189403,-1.11027333,"BOK","BOK, BCL2 family apoptosis regulator","BOK","Downregulated"
"218547_PM_at",0.16545,0.000818,-4.87,-0.192096,-1.35847333,"DHDDS","dehydrodolichyl diphosphate synthase subunit","DHDDS","Downregulated"
"225165_PM_at",0.16545,0.000822,-4.87,-0.196523,-1.52731133,"PPP1R1B","protein phosphatase 1 regulatory inhibitor subunit 1B","PPP1R1B","Downregulated"
"222278_PM_at",0.16545,0.000822,-4.87,-0.19689,-1.21557967,"LOC101929726","uncharacterized LOC101929726","LOC101929726","Downregulated"
"203242_PM_s_at",0.16572,0.000827,4.87,-0.201785,1.37961833,"PDLIM5","PDZ and LIM domain 5","PDLIM5","Upregulated"
"201852_PM_x_at",0.16688,0.00084,4.86,-0.216264,2.83916,"COL3A1","collagen type III alpha 1 chain","COL3A1","Upregulated"
"241791_PM_at",0.16688,0.000848,-4.85,-0.224943,-1.756296,"TTN","titin","TTN","Downregulated"
"203337_PM_x_at",0.16688,0.000848,-4.85,-0.225049,-1.49815833,"ITGB1BP1","integrin subunit beta 1 binding protein 1","ITGB1BP1","Downregulated"
"1565778_PM_at",0.17186,0.000878,-4.82,-0.257549,-1.6174665,"ABCA8","ATP binding cassette subfamily A member 8","ABCA8","Downregulated"
"224490_PM_s_at",0.17348,0.000892,-4.81,-0.272278,-1.55718917,"LOC100294337","hypothetical LOC100294337///KAT8 regulatory NSL complex subunit 1","LOC100294337","Downregulated"
"224490_PM_s_at",0.17348,0.000892,-4.81,-0.272278,-1.55718917,"KANSL1","hypothetical LOC100294337///KAT8 regulatory NSL complex subunit 1","KANSL1","Downregulated"
"224009_PM_x_at",0.17348,0.000894,-4.81,-0.274244,-1.16434667,"DHRS9","dehydrogenase/reductase 9","DHRS9","Downregulated"
"203435_PM_s_at",0.17663,0.000915,-4.79,-0.29553,-1.28583333,"MME","membrane metallo-endopeptidase","MME","Downregulated"
"218665_PM_at",0.17663,0.000917,-4.79,-0.297482,-2.45265,"FZD4","frizzled class receptor 4","FZD4","Downregulated"
"203400_PM_s_at",0.17803,0.000931,-4.78,-0.311349,-1.05496117,"TF","transferrin","TF","Downregulated"
"202982_PM_s_at",0.18036,0.000946,-4.77,-0.326641,-1.207416,"ACOT1","acyl-CoA thioesterase 1///acyl-CoA thioesterase 2","ACOT1","Downregulated"
"202982_PM_s_at",0.18036,0.000946,-4.77,-0.326641,-1.207416,"ACOT2","acyl-CoA thioesterase 1///acyl-CoA thioesterase 2","ACOT2","Downregulated"
"1554608_PM_at",0.18112,0.000953,-4.77,-0.333751,-1.06350467,"TGOLN2","trans-golgi network protein 2","TGOLN2","Downregulated"
"203430_PM_at",0.18275,0.000965,-4.76,-0.345304,-2.58349167,"HEBP2","heme binding protein 2","HEBP2","Downregulated"
"214012_PM_at",0.18293,0.000973,-4.75,-0.35263,-1.17497952,"ERAP1","endoplasmic reticulum aminopeptidase 1","ERAP1","Downregulated"
"221730_PM_at",0.18887,0.00101,4.72,-0.390279,2.83665667,"COL5A2","collagen type V alpha 2 chain","COL5A2","Upregulated"
"204239_PM_s_at",0.18887,0.00102,-4.72,-0.396878,-1.92356167,"NNAT","neuronatin","NNAT","Downregulated"
"209539_PM_at",0.18887,0.00102,-4.72,-0.400279,-2.53137333,"ARHGEF6","Rac/Cdc42 guanine nucleotide exchange factor 6","ARHGEF6","Downregulated"
"32625_PM_at",0.18924,0.00103,-4.71,-0.406204,-1.76827667,"NPR1","natriuretic peptide receptor 1","NPR1","Downregulated"
"236314_PM_at",0.19319,0.00106,-4.69,-0.428575,-1.30737667,"EPM2AIP1","EPM2A interacting protein 1","EPM2AIP1","Downregulated"
"203485_PM_at",0.19444,0.00107,-4.68,-0.443873,-1.75146333,"RTN1","reticulon 1","RTN1","Downregulated"
"202675_PM_at",0.19444,0.00107,-4.68,-0.44437,-1.07544667,"SDHB","succinate dehydrogenase complex iron sulfur subunit B","SDHB","Downregulated"
"202440_PM_s_at",0.19444,0.00108,4.68,-0.446931,1.46351,"ST5","suppression of tumorigenicity 5","ST5","Upregulated"
"212445_PM_s_at",0.19469,0.00108,-4.68,-0.452066,-1.30129967,"NEDD4L","neural precursor cell expressed, developmentally down-regulated 4-like, E3 ubiquitin protein ligase","NEDD4L","Downregulated"
"214622_PM_at",0.19469,0.00109,-4.67,-0.458993,-1.91437667,"CYP21A2","cytochrome P450 family 21 subfamily A member 2","CYP21A2","Downregulated"
"212097_PM_at",0.19469,0.0011,-4.67,-0.462568,-1.59664333,"CAV1","caveolin 1","CAV1","Downregulated"
"219632_PM_s_at",0.19469,0.0011,-4.67,-0.464158,-1.45249333,"TRPV1","transient receptor potential cation channel subfamily V member 1","TRPV1","Downregulated"
"239355_PM_at",0.19469,0.0011,-4.67,-0.464518,-1.44421633,"GMCL1","germ cell-less, spermatogenesis associated 1","GMCL1","Downregulated"
"200978_PM_at",0.19469,0.0011,-4.66,-0.468394,-2.044125,"MDH1","malate dehydrogenase 1","MDH1","Downregulated"
"202934_PM_at",0.19469,0.00111,-4.66,-0.473866,-1.656435,"HK2","hexokinase 2","HK2","Downregulated"
"209493_PM_at",0.19469,0.00111,-4.66,-0.475351,-2.77555467,"PDZD2","PDZ domain containing 2","PDZD2","Downregulated"
"203613_PM_s_at",0.1951,0.00112,-4.66,-0.480583,-1.40079333,"NDUFB6","NADH:ubiquinone oxidoreductase subunit B6","NDUFB6","Downregulated"
"202923_PM_s_at",0.1951,0.00112,-4.65,-0.483267,-1.51296667,"GCLC","glutamate-cysteine ligase catalytic subunit","GCLC","Downregulated"
"206059_PM_at",0.19883,0.00114,-4.64,-0.503837,-2.443835,"ZNF91","zinc finger protein 91","ZNF91","Downregulated"
"203685_PM_at",0.20235,0.00117,-4.62,-0.526098,-1.82164833,"BCL2","BCL2, apoptosis regulator","BCL2","Downregulated"
"235182_PM_at",0.20263,0.00118,4.62,-0.530324,1.89909017,"ISM1","isthmin 1, angiogenesis inhibitor","ISM1","Upregulated"
"223006_PM_s_at",0.20368,0.00119,-4.61,-0.538059,-1.66596833,"TMEM245","transmembrane protein 245","TMEM245","Downregulated"
"222762_PM_x_at",0.20631,0.00121,-4.6,-0.553727,-0.89924167,"LIMD1","LIM domains containing 1","LIMD1","Downregulated"
"212646_PM_at",0.20775,0.00123,-4.59,-0.568112,-1.39695833,"RFTN1","raftlin, lipid raft linker 1","RFTN1","Downregulated"
"210461_PM_s_at",0.20937,0.00124,-4.58,-0.578376,-1.38977167,"ABLIM1","actin binding LIM protein 1","ABLIM1","Downregulated"
"209822_PM_s_at",0.20937,0.00124,-4.58,-0.58111,-1.00032967,"VLDLR","very low density lipoprotein receptor","VLDLR","Downregulated"
"224780_PM_at",0.21076,0.00126,-4.57,-0.590169,-1.59050833,"RBM17","RNA binding motif protein 17","RBM17","Downregulated"
"1558820_PM_a_at",0.2117,0.00127,-4.57,-0.600021,-1.16283783,"CCDC178","coiled-coil domain containing 178","CCDC178","Downregulated"
"215388_PM_s_at",0.21177,0.00129,4.56,-0.614442,1.93479667,"CFHR1","complement factor H related 1///complement factor H","CFHR1","Upregulated"
"215388_PM_s_at",0.21177,0.00129,4.56,-0.614442,1.93479667,"CFH","complement factor H related 1///complement factor H","CFH","Upregulated"
"209877_PM_at",0.2119,0.00129,-4.55,-0.618282,-1.95808167,"SNCG","synuclein gamma","SNCG","Downregulated"
"212274_PM_at",0.2119,0.0013,-4.55,-0.620583,-1.42179667,"LPIN1","lipin 1","LPIN1","Downregulated"
"1555318_PM_at",0.21322,0.00131,-4.55,-0.629188,-1.94560465,"HIF3A","hypoxia inducible factor 3 alpha subunit","HIF3A","Downregulated"
"214186_PM_s_at",0.21449,0.00132,-4.54,-0.637476,-1.0278115,"HCG26","HLA complex group 26 (non-protein coding)","HCG26","Downregulated"
"201403_PM_s_at",0.2158,0.00134,-4.53,-0.652128,-2.13705167,"MGST3","microsomal glutathione S-transferase 3","MGST3","Downregulated"
"227064_PM_at",0.2158,0.00134,-4.53,-0.653165,-2.478445,"ANKRD40","ankyrin repeat domain 40","ANKRD40","Downregulated"
"204184_PM_s_at",0.2158,0.00135,-4.53,-0.654489,-2.277435,"GRK3","G protein-coupled receptor kinase 3","GRK3","Downregulated"
"231175_PM_at",0.2158,0.00135,4.52,-0.656939,1.21437033,"BEND6","BEN domain containing 6","BEND6","Upregulated"
"223983_PM_s_at",0.21594,0.00135,-4.52,-0.660281,-1.76302667,"C19orf12","chromosome 19 open reading frame 12","C19orf12","Downregulated"
"222530_PM_s_at",0.21621,0.00137,-4.52,-0.669048,-2.12569733,"MKKS","McKusick-Kaufman syndrome","MKKS","Downregulated"
"207276_PM_at",0.21621,0.00137,-4.51,-0.67226,-1.76865167,"CDR1","cerebellar degeneration related protein 1","CDR1","Downregulated"
"228817_PM_at",0.2175,0.0014,-4.5,-0.689888,-0.93718,"ALG9","ALG9, alpha-1,2-mannosyltransferase","ALG9","Downregulated"
"1560698_PM_a_at",0.2175,0.0014,-4.5,-0.690426,-2.17988283,"TRHDE-AS1","TRHDE antisense RNA 1","TRHDE-AS1","Downregulated"
"231452_PM_at",0.2175,0.0014,-4.5,-0.691444,-2.160114,"HRASLS5","HRAS like suppressor family member 5","HRASLS5","Downregulated"
"212488_PM_at",0.2175,0.0014,4.5,-0.693801,3.44077333,"COL5A1","collagen type V alpha 1 chain","COL5A1","Upregulated"
"225795_PM_at",0.22016,0.00142,-4.49,-0.707841,-1.98611167,"SMDT1","single-pass membrane protein with aspartate rich tail 1","SMDT1","Downregulated"
"214582_PM_at",0.22042,0.00143,-4.48,-0.711596,-1.87926683,"PDE3B","phosphodiesterase 3B","PDE3B","Downregulated"
"223727_PM_at",0.22155,0.00144,-4.48,-0.719009,-3.29522517,"KCNIP2","potassium voltage-gated channel interacting protein 2","KCNIP2","Downregulated"
"217501_PM_at",0.22643,0.00149,-4.46,-0.747228,-0.965025,"CIAO1","cytosolic iron-sulfur assembly component 1","CIAO1","Downregulated"
"204041_PM_at",0.2273,0.0015,-4.45,-0.753386,-2.06740333,"MAOB","monoamine oxidase B","MAOB","Downregulated"
"235496_PM_at",0.23557,0.00157,-4.42,-0.797452,-1.176785,"HRCT1","histidine rich carboxyl terminus 1","HRCT1","Downregulated"
"220183_PM_s_at",0.23557,0.00157,-4.42,-0.801816,-2.05892,"NUDT6","nudix hydrolase 6","NUDT6","Downregulated"
"218773_PM_s_at",0.23557,0.00158,-4.42,-0.802309,-1.49990333,"MSRB2","methionine sulfoxide reductase B2","MSRB2","Downregulated"
"228142_PM_at",0.23571,0.00158,-4.42,-0.805415,-0.89436033,"UQCR10","ubiquinol-cytochrome c reductase, complex III subunit X","UQCR10","Downregulated"
"209841_PM_s_at",0.2366,0.00159,-4.41,-0.811487,-0.98432833,"LRRN3","leucine rich repeat neuronal 3","LRRN3","Downregulated"
"205794_PM_s_at",0.23699,0.0016,-4.41,-0.815587,-1.361758,"NOVA1","NOVA alternative splicing regulator 1","NOVA1","Downregulated"
"218982_PM_s_at",0.23728,0.0016,-4.41,-0.819242,-1.08403783,"ZNF713","zinc finger protein 713///mitochondrial ribosomal protein S17","ZNF713","Downregulated"
"218982_PM_s_at",0.23728,0.0016,-4.41,-0.819242,-1.08403783,"MRPS17","zinc finger protein 713///mitochondrial ribosomal protein S17","MRPS17","Downregulated"
"205428_PM_s_at",0.23757,0.00161,-4.4,-0.822935,-3.014926,"CALB2","calbindin 2","CALB2","Downregulated"
"202003_PM_s_at",0.23792,0.00162,-4.4,-0.826809,-1.71071,"ACAA2","acetyl-CoA acyltransferase 2","ACAA2","Downregulated"
"1554044_PM_a_at",0.23797,0.00162,-4.4,-0.829516,-2.64018883,"MRAP","melanocortin 2 receptor accessory protein","MRAP","Downregulated"
"212057_PM_at",0.23995,0.00164,-4.39,-0.839795,-1.098898,"GSE1","Gse1 coiled-coil protein","GSE1","Downregulated"
"214040_PM_s_at",0.24039,0.00165,-4.39,-0.844006,-1.499425,"GSN","gelsolin","GSN","Downregulated"
"211922_PM_s_at",0.24066,0.00165,-4.39,-0.848222,-3.17213067,"CAT","catalase","CAT","Downregulated"
"229828_PM_at",0.24066,0.00166,-4.38,-0.85007,-1.20298833,"CDC73","cell division cycle 73","CDC73","Downregulated"
"221127_PM_s_at",0.24123,0.00167,4.38,-0.854736,3.98245667,"DKK3","dickkopf WNT signaling pathway inhibitor 3","DKK3","Upregulated"
"205204_PM_at",0.24167,0.00167,-4.38,-0.858929,-1.09552533,"NMB","neuromedin B","NMB","Downregulated"
"226989_PM_at",0.24392,0.00169,4.37,-0.870083,1.09748833,"RGMB","repulsive guidance molecule family member b","RGMB","Upregulated"
"201310_PM_s_at",0.24899,0.00174,4.35,-0.894267,1.84963,"NREP","neuronal regeneration related protein","NREP","Upregulated"
"223315_PM_at",0.25042,0.00176,-4.35,-0.904528,-1.32911283,"NTN4","netrin 4","NTN4","Downregulated"
"227600_PM_at",0.25083,0.00177,-4.34,-0.912932,-1.13200167,"MRPS30","mitochondrial ribosomal protein S30","MRPS30","Downregulated"
"238461_PM_at",0.25083,0.00179,-4.33,-0.919523,-1.85369,"EIF4E3","eukaryotic translation initiation factor 4E family member 3","EIF4E3","Downregulated"
"232618_PM_at",0.25083,0.00179,-4.33,-0.920714,-1.65138917,"TXLNGY","taxilin gamma pseudogene, Y-linked","TXLNGY","Downregulated"
"204341_PM_at",0.25083,0.0018,-4.33,-0.927376,-1.61849167,"TRIM16","tripartite motif containing 16","TRIM16","Downregulated"
"241150_PM_at",0.25083,0.0018,4.33,-0.928687,1.192477,"SPTAN1","spectrin alpha, non-erythrocytic 1","SPTAN1","Upregulated"
"218946_PM_at",0.25083,0.0018,-4.33,-0.929435,-1.76981667,"NFU1","NFU1 iron-sulfur cluster scaffold","NFU1","Downregulated"
"238295_PM_at",0.25083,0.0018,-4.33,-0.929446,-0.86715833,"TEFM","transcription elongation factor, mitochondrial","TEFM","Downregulated"
"231854_PM_at",0.25083,0.00181,-4.33,-0.930512,-1.39481,"PIK3CA","phosphatidylinositol-4,5-bisphosphate 3-kinase catalytic subunit alpha","PIK3CA","Downregulated"
"230104_PM_s_at",0.25083,0.00181,-4.32,-0.934206,-2.05375383,"TPPP","tubulin polymerization promoting protein","TPPP","Downregulated"
"226901_PM_at",0.25209,0.00183,-4.32,-0.942005,-1.90235717,"C17orf58","chromosome 17 open reading frame 58","C17orf58","Downregulated"
"232204_PM_at",0.2524,0.00185,-4.31,-0.950233,-2.1067825,"EBF1","early B-cell factor 1","EBF1","Downregulated"
"202411_PM_at",0.2542,0.00186,-4.31,-0.959299,-2.04824333,"IFI27","interferon alpha inducible protein 27","IFI27","Downregulated"
"223214_PM_s_at",0.25444,0.00188,-4.3,-0.967042,-1.245829,"ZHX1","zinc fingers and homeoboxes 1","ZHX1","Downregulated"
"204035_PM_at",0.25444,0.00188,4.3,-0.967085,1.99126783,"SCG2","secretogranin II","SCG2","Upregulated"
"235005_PM_at",0.25457,0.00189,-4.3,-0.970767,-1.75885833,"DIS3L","DIS3 like exosome 3'-5' exoribonuclease","DIS3L","Downregulated"
"204075_PM_s_at",0.25457,0.00189,-4.3,-0.973685,-1.68592833,"CEP104","centrosomal protein 104","CEP104","Downregulated"
"219689_PM_at",0.25694,0.00192,-4.29,-0.987809,-3.2923,"SEMA3G","semaphorin 3G","SEMA3G","Downregulated"
"205220_PM_at",0.25695,0.00193,-4.28,-0.990132,-1.81357467,"HCAR3","hydroxycarboxylic acid receptor 3","HCAR3","Downregulated"
"208700_PM_s_at",0.25708,0.00193,-4.28,-0.992898,-2.099635,"TKT","transketolase","TKT","Downregulated"
"221088_PM_s_at",0.26058,0.00198,-4.27,-1.016483,-1.18156125,"PPP1R9A","protein phosphatase 1 regulatory subunit 9A","PPP1R9A","Downregulated"
"211552_PM_s_at",0.26058,0.00198,-4.26,-1.016971,-2.3928615,"ALDH4A1","aldehyde dehydrogenase 4 family member A1","ALDH4A1","Downregulated"
"204865_PM_at",0.26099,0.00199,-4.26,-1.020692,-1.690705,"CA3","carbonic anhydrase 3","CA3","Downregulated"
"208660_PM_at",0.26185,0.00201,-4.26,-1.030429,-2.10269833,"CS","citrate synthase","CS","Downregulated"
"213839_PM_at",0.26185,0.00201,-4.26,-1.030503,-1.66123883,"CLMN","calmin","CLMN","Downregulated"
"52837_PM_at",0.26314,0.00204,4.25,-1.044084,1.21292,"KIAA1644","KIAA1644","KIAA1644","Upregulated"
"224932_PM_at",0.26314,0.00205,-4.24,-1.047532,-1.578121,"CHCHD10","coiled-coil-helix-coiled-coil-helix domain containing 10","CHCHD10","Downregulated"
"224330_PM_s_at",0.26314,0.00206,-4.24,-1.052587,-0.98208333,"MRPL27","mitochondrial ribosomal protein L27","MRPL27","Downregulated"
"205326_PM_at",0.26314,0.00206,-4.24,-1.055101,-1.10994167,"RAMP3","receptor (G protein-coupled) activity modifying protein 3","RAMP3","Downregulated"
"209160_PM_at",0.26492,0.0021,-4.23,-1.072497,-3.504549,"AKR1C3","aldo-keto reductase family 1, member C3","AKR1C3","Downregulated"
"207173_PM_x_at",0.26492,0.00211,4.22,-1.074527,3.26540167,"CDH11","cadherin 11","CDH11","Upregulated"
"1555785_PM_a_at",0.26492,0.00211,-4.22,-1.075424,-1.13154033,"XRN1","5'-3' exoribonuclease 1","XRN1","Downregulated"
"217665_PM_at",0.26492,0.00211,-4.22,-1.076387,-1.0237585,"ZNF813","zinc finger protein 813","ZNF813","Downregulated"
"219298_PM_at",0.26492,0.00211,-4.22,-1.077058,-2.60154167,"ECHDC3","enoyl-CoA hydratase domain containing 3","ECHDC3","Downregulated"
"215772_PM_x_at",0.26492,0.00212,-4.22,-1.078732,-1.50856333,"SUCLG2","succinate-CoA ligase GDP-forming beta subunit","SUCLG2","Downregulated"
"203249_PM_at",0.26552,0.00213,-4.22,-1.083098,-1.25175,"EZH1","enhancer of zeste 1 polycomb repressive complex 2 subunit","EZH1","Downregulated"
"201636_PM_at",0.26552,0.00213,-4.22,-1.085149,-1.08035833,"FXR1","FMR1 autosomal homolog 1","FXR1","Downregulated"
"205560_PM_at",0.26638,0.00214,-4.21,-1.090322,-1.07710833,"PCSK5","proprotein convertase subtilisin/kexin type 5","PCSK5","Downregulated"
"235631_PM_at",0.27095,0.00218,-4.2,-1.108462,-1.25582833,"DDR2","discoidin domain receptor tyrosine kinase 2","DDR2","Downregulated"
"226975_PM_at",0.27306,0.00221,-4.19,-1.12,-1.98010833,"RNPC3","RNA binding region (RNP1, RRM) containing 3","RNPC3","Downregulated"
"208746_PM_x_at",0.27379,0.00222,-4.19,-1.124634,-1.353085,"ATP5L","ATP synthase, H+ transporting, mitochondrial Fo complex subunit G","ATP5L","Downregulated"
"214004_PM_s_at",0.27442,0.00223,4.19,-1.12889,1.32185833,"VGLL4","vestigial like family member 4","VGLL4","Upregulated"
"221002_PM_s_at",0.27596,0.00226,-4.18,-1.139765,-1.71451167,"TSPAN14","tetraspanin 14","TSPAN14","Downregulated"
"229309_PM_at",0.27596,0.00226,-4.18,-1.140486,-2.02903167,"ADRB1","adrenoceptor beta 1","ADRB1","Downregulated"
"223351_PM_at",0.27619,0.00227,-4.17,-1.145457,-1.224394,"C17orf80","chromosome 17 open reading frame 80","C17orf80","Downregulated"
"219295_PM_s_at",0.27819,0.00229,-4.17,-1.154316,-4.62012833,"PCOLCE2","procollagen C-endopeptidase enhancer 2","PCOLCE2","Downregulated"
"204254_PM_s_at",0.2874,0.00237,4.14,-1.187042,2.06000333,"VDR","vitamin D (1,25- dihydroxyvitamin D3) receptor","VDR","Upregulated"
"213348_PM_at",0.28759,0.00238,-4.14,-1.1906,-2.852615,"CDKN1C","cyclin dependent kinase inhibitor 1C","CDKN1C","Downregulated"
"221689_PM_s_at",0.28984,0.00242,-4.13,-1.205351,-1.74963017,"PIGP","phosphatidylinositol glycan anchor biosynthesis class P","PIGP","Downregulated"
"238409_PM_x_at",0.2902,0.00243,-4.13,-1.208568,-1.55053333,"OXR1","oxidation resistance 1","OXR1","Downregulated"
"206503_PM_x_at",0.29398,0.00247,4.12,-1.224871,0.99754833,"PML","promyelocytic leukemia","PML","Upregulated"
"214279_PM_s_at",0.29558,0.00249,-4.11,-1.232005,-1.89946333,"NDRG2","NDRG family member 2","NDRG2","Downregulated"
"225298_PM_at",0.29564,0.0025,-4.11,-1.234241,-1.67632833,"PNKD","paroxysmal nonkinesigenic dyskinesia","PNKD","Downregulated"
"223864_PM_at",0.30038,0.00255,-4.1,-1.255323,-0.88947983,"ANKRD30A","ankyrin repeat domain 30A","ANKRD30A","Downregulated"
"213361_PM_at",0.30048,0.00256,-4.09,-1.257661,-1.44221,"TDRD7","tudor domain containing 7","TDRD7","Downregulated"
"227766_PM_at",0.30128,0.00257,-4.09,-1.262157,-1.0992285,"LIG4","DNA ligase 4","LIG4","Downregulated"
"227417_PM_at",0.30153,0.00259,-4.09,-1.267947,-1.407955,"MARC2","mitochondrial amidoxime reducing component 2","MARC2","Downregulated"
"232231_PM_at",0.30153,0.00259,4.09,-1.268321,1.60988,"RUNX2","runt related transcription factor 2","RUNX2","Upregulated"
"201866_PM_s_at",0.30153,0.00259,-4.09,-1.27011,-1.54393,"NR3C1","nuclear receptor subfamily 3 group C member 1","NR3C1","Downregulated"
"1552459_PM_a_at",0.30153,0.00261,-4.08,-1.274444,-0.99574783,"MBD3L1","methyl-CpG binding domain protein 3 like 1","MBD3L1","Downregulated"
"206742_PM_at",0.30153,0.00261,-4.08,-1.274969,-2.892596,"FIGF","c-fos induced growth factor","FIGF","Downregulated"
"201430_PM_s_at",0.30203,0.00262,4.08,-1.279226,1.93872833,"DPYSL3","dihydropyrimidinase like 3","DPYSL3","Upregulated"
"223597_PM_at",0.30203,0.00263,-4.08,-1.282212,-6.39461483,"ITLN1","intelectin 1","ITLN1","Downregulated"
"202609_PM_at",0.30972,0.00272,-4.05,-1.31665,-1.51797,"EPS8","epidermal growth factor receptor pathway substrate 8","EPS8","Downregulated"
"203814_PM_s_at",0.31076,0.00276,-4.05,-1.328374,-1.03334667,"NQO2","NAD(P)H quinone dehydrogenase 2","NQO2","Downregulated"
"229942_PM_at",0.31076,0.00276,4.05,-1.328607,1.28042833,"BNC2","basonuclin 2","BNC2","Upregulated"
"211892_PM_s_at",0.31076,0.00278,4.04,-1.334862,1.21472167,"PTGIS","prostaglandin I2 (prostacyclin) synthase","PTGIS","Upregulated"
"207283_PM_at",0.31076,0.0028,-4.03,-1.343796,-1.681195,"RPL23AP32","ribosomal protein L23a pseudogene 32","RPL23AP32","Downregulated"
"221727_PM_at",0.31076,0.00281,-4.03,-1.344685,-1.724755,"SUB1","SUB1 homolog, transcriptional regulator","SUB1","Downregulated"
"213693_PM_s_at",0.31076,0.00281,4.03,-1.347306,1.56945833,"MUC1","mucin 1, cell surface associated","MUC1","Upregulated"
"213181_PM_s_at",0.31076,0.00283,-4.03,-1.35123,-1.39532,"MOCS1","molybdenum cofactor synthesis 1","MOCS1","Downregulated"
"242898_PM_at",0.31076,0.00283,-4.03,-1.352127,-1.00954833,"EIF2AK2","eukaryotic translation initiation factor 2 alpha kinase 2","EIF2AK2","Downregulated"
"204409_PM_s_at",0.31076,0.00283,-4.03,-1.353021,-4.08028317,"EIF1AY","eukaryotic translation initiation factor 1A, Y-linked","EIF1AY","Downregulated"
"200925_PM_at",0.31076,0.00284,-4.03,-1.354445,-1.68883333,"COX6A1","cytochrome c oxidase subunit 6A1","COX6A1","Downregulated"
"220526_PM_s_at",0.31076,0.00284,-4.03,-1.355155,-0.89213667,"MRPL20","mitochondrial ribosomal protein L20","MRPL20","Downregulated"
"213951_PM_s_at",0.31076,0.00284,-4.03,-1.357299,-0.88552333,"PSMC3IP","PSMC3 interacting protein","PSMC3IP","Downregulated"
"212705_PM_x_at",0.31076,0.00285,-4.02,-1.358943,-1.02451333,"LOC100293124","similar to patatin-like phospholipase domain containing 2///patatin like phospholipase domain containing 2","LOC100293124","Downregulated"
"1569320_PM_at",0.31076,0.00285,-4.02,-1.359448,-0.98756667,"GPBP1L1","GC-rich promoter binding protein 1 like 1","GPBP1L1","Downregulated"
"230054_PM_at",0.31148,0.00287,-4.02,-1.365086,-0.81399983,"PRRT1","proline rich transmembrane protein 1","PRRT1","Downregulated"
"202260_PM_s_at",0.31148,0.00287,-4.02,-1.365379,-1.54386167,"STXBP1","syntaxin binding protein 1","STXBP1","Downregulated"
"224650_PM_at",0.31306,0.00289,-4.01,-1.373523,-1.93558983,"MAL2","mal, T-cell differentiation protein 2 (gene/pseudogene)","MAL2","Downregulated"
"219073_PM_s_at",0.31527,0.00293,4.01,-1.38422,1.33983667,"OSBPL10","oxysterol binding protein like 10","OSBPL10","Upregulated"
"225772_PM_s_at",0.31852,0.00296,-4,-1.395758,-1.226875,"COX14","COX14, cytochrome c oxidase assembly factor","COX14","Downregulated"
"214255_PM_at",0.32265,0.00301,3.99,-1.411602,1.495715,"ATP10A","ATPase phospholipid transporting 10A (putative)","ATP10A","Upregulated"
"200979_PM_at",0.32309,0.00304,-3.98,-1.420234,-0.86158,"PDHA1","pyruvate dehydrogenase (lipoamide) alpha 1","PDHA1","Downregulated"
"200947_PM_s_at",0.32309,0.00304,-3.98,-1.420236,-1.3614,"GLUD1","glutamate dehydrogenase 1","GLUD1","Downregulated"
"205200_PM_at",0.32706,0.00309,-3.97,-1.436514,-1.90583267,"CLEC3B","C-type lectin domain family 3 member B","CLEC3B","Downregulated"
"205036_PM_at",0.32706,0.0031,-3.97,-1.43724,-1.11870167,"LSM6","LSM6 homolog, U6 small nuclear RNA and mRNA degradation associated","LSM6","Downregulated"
"235228_PM_at",0.32877,0.00312,-3.97,-1.443958,-1.45697452,"CCDC85A","coiled-coil domain containing 85A","CCDC85A","Downregulated"
"212681_PM_at",0.32997,0.00314,-3.96,-1.449227,-1.05626167,"EPB41L3","erythrocyte membrane protein band 4.1 like 3","EPB41L3","Downregulated"
"211386_PM_at",0.33403,0.00321,3.95,-1.469799,1.25474333,"MGC12488","uncharacterized protein MGC12488","MGC12488","Upregulated"
"217327_PM_at",0.33403,0.00321,-3.95,-1.47088,-0.86916667,"TCEB1P28","transcription elongation factor B subunit 1 pseudogene 28","TCEB1P28","Downregulated"
"217504_PM_at",0.33403,0.00321,-3.95,-1.471569,-2.19344667,"ABCA6","ATP binding cassette subfamily A member 6","ABCA6","Downregulated"
"218507_PM_at",0.33517,0.00323,-3.94,-1.477926,-1.32549333,"HILPDA","hypoxia inducible lipid droplet associated","HILPDA","Downregulated"
"204058_PM_at",0.33517,0.00325,-3.94,-1.48225,-1.00073383,"ME1","malic enzyme 1","ME1","Downregulated"
"211615_PM_s_at",0.33517,0.00325,-3.94,-1.482349,-1.158985,"LRPPRC","leucine rich pentatricopeptide repeat containing","LRPPRC","Downregulated"
"222592_PM_s_at",0.33517,0.00325,-3.94,-1.484058,-1.35899733,"ACSL5","acyl-CoA synthetase long-chain family member 5","ACSL5","Downregulated"
"213005_PM_s_at",0.33517,0.00326,-3.94,-1.485733,-1.69305333,"KANK1","KN motif and ankyrin repeat domains 1","KANK1","Downregulated"
"226855_PM_at",0.33517,0.00326,-3.94,-1.485749,-1.33387703,"PDP2","pyruvate dehyrogenase phosphatase catalytic subunit 2","PDP2","Downregulated"
"204844_PM_at",0.33704,0.00329,-3.93,-1.494663,-1.11478483,"ENPEP","glutamyl aminopeptidase","ENPEP","Downregulated"
"202085_PM_at",0.33704,0.0033,-3.93,-1.496045,-1.30806017,"TJP2","tight junction protein 2","TJP2","Downregulated"
"204039_PM_at",0.33818,0.00332,-3.92,-1.503268,-1.92606417,"CEBPA","CCAAT/enhancer binding protein alpha","CEBPA","Downregulated"
"226625_PM_at",0.33818,0.00333,-3.92,-1.505095,-1.43676667,"TGFBR3","transforming growth factor beta receptor 3","TGFBR3","Downregulated"
"214434_PM_at",0.33844,0.00334,-3.92,-1.509781,-1.55176667,"HSPA12A","heat shock protein family A (Hsp70) member 12A","HSPA12A","Downregulated"
"205713_PM_s_at",0.33844,0.00335,3.92,-1.510505,4.07950533,"COMP","cartilage oligomeric matrix protein","COMP","Upregulated"
"201346_PM_at",0.33902,0.00337,-3.92,-1.517598,-1.47140667,"ADIPOR2","adiponectin receptor 2","ADIPOR2","Downregulated"
"226286_PM_at",0.33902,0.00337,-3.91,-1.517666,-1.44856433,"ELMOD3","ELMO domain containing 3","ELMOD3","Downregulated"
"1568594_PM_s_at",0.33902,0.00338,-3.91,-1.519569,-1.16083583,"TRIM52","tripartite motif containing 52","TRIM52","Downregulated"
"226511_PM_at",0.33902,0.00338,-3.91,-1.519869,-0.81130833,"DCAF10","DDB1 and CUL4 associated factor 10","DCAF10","Downregulated"
"226780_PM_s_at",0.33902,0.00341,-3.91,-1.52712,-1.22129167,"FMC1","formation of mitochondrial complex V assembly factor 1 homolog","FMC1","Downregulated"
"201849_PM_at",0.33902,0.00341,-3.91,-1.527682,-1.6495655,"BNIP3","BCL2 interacting protein 3","BNIP3","Downregulated"
"205552_PM_s_at",0.34069,0.00346,-3.9,-1.540719,-1.07828133,"OAS1","2'-5'-oligoadenylate synthetase 1","OAS1","Downregulated"
"229488_PM_at",0.34069,0.00346,-3.9,-1.542808,-1.198785,"OTUD7B","OTU deubiquitinase 7B","OTUD7B","Downregulated"
"205108_PM_s_at",0.34069,0.00347,-3.9,-1.544945,-0.90985167,"APOB","apolipoprotein B","APOB","Downregulated"
"204894_PM_s_at",0.34069,0.00347,-3.9,-1.545727,-2.11539667,"AOC3","amine oxidase, copper containing 3","AOC3","Downregulated"
"225926_PM_at",0.34069,0.00347,-3.9,-1.545915,-1.245045,"VTI1B","vesicle transport through interaction with t-SNAREs 1B","VTI1B","Downregulated"
"209090_PM_s_at",0.34069,0.00347,-3.9,-1.545936,-0.958925,"SH3GLB1","SH3 domain containing GRB2 like endophilin B1","SH3GLB1","Downregulated"
"203359_PM_s_at",0.34075,0.00348,-3.89,-1.547795,-1.7055645,"MYCBP","MYC binding protein","MYCBP","Downregulated"
"223406_PM_x_at",0.34109,0.00349,-3.89,-1.550432,-0.99057167,"FAM192A","family with sequence similarity 192 member A","FAM192A","Downregulated"
"206391_PM_at",0.34135,0.00352,3.89,-1.557146,2.34479833,"RARRES1","retinoic acid receptor responder 1","RARRES1","Upregulated"
"219815_PM_at",0.34135,0.00352,3.89,-1.557726,1.43000667,"GAL3ST4","galactose-3-O-sulfotransferase 4","GAL3ST4","Upregulated"
"213552_PM_at",0.34135,0.00352,-3.89,-1.558822,-1.76436333,"GLCE","glucuronic acid epimerase","GLCE","Downregulated"
"243841_PM_at",0.34135,0.00353,-3.89,-1.560721,-2.06289,"SYNE2","spectrin repeat containing nuclear envelope protein 2","SYNE2","Downregulated"
"200849_PM_s_at",0.34135,0.00353,-3.89,-1.561277,-1.51607167,"AHCYL1","adenosylhomocysteinase like 1","AHCYL1","Downregulated"
"228770_PM_at",0.34135,0.00353,-3.88,-1.561883,-1.62709833,"GPR146","G protein-coupled receptor 146","GPR146","Downregulated"
"209763_PM_at",0.34135,0.00355,-3.88,-1.565381,-3.2143,"CHRDL1","chordin like 1","CHRDL1","Downregulated"
"207265_PM_s_at",0.34135,0.00355,3.88,-1.565616,1.20098667,"KDELR3","KDEL endoplasmic reticulum protein retention receptor 3","KDELR3","Upregulated"
"213661_PM_at",0.34135,0.00355,-3.88,-1.566211,-1.4336215,"PAMR1","peptidase domain containing associated with muscle regeneration 1","PAMR1","Downregulated"
"235587_PM_at",0.34146,0.00356,-3.88,-1.569263,-1.19245233,"PAXIP1-AS1","PAXIP1 antisense RNA 1 (head to head)","PAXIP1-AS1","Downregulated"
"218226_PM_s_at",0.34146,0.00357,-3.88,-1.572645,-1.46771667,"NDUFB4","NADH:ubiquinone oxidoreductase subunit B4","NDUFB4","Downregulated"
"223155_PM_at",0.34146,0.00358,-3.88,-1.573113,-1.77083517,"HDHD2","haloacid dehalogenase like hydrolase domain containing 2","HDHD2","Downregulated"
"209597_PM_s_at",0.34312,0.0036,3.87,-1.580678,1.95753833,"PNMA2","paraneoplastic Ma antigen 2","PNMA2","Upregulated"
"225840_PM_at",0.34473,0.00365,-3.86,-1.591609,-2.069155,"TEF","TEF, PAR bZIP transcription factor","TEF","Downregulated"
"213334_PM_x_at",0.34473,0.00365,3.86,-1.59193,1.1770755,"HAUS7","HAUS augmin like complex subunit 7","HAUS7","Upregulated"
"206101_PM_at",0.34902,0.00371,-3.85,-1.607619,-1.315845,"ECM2","extracellular matrix protein 2","ECM2","Downregulated"
"201645_PM_at",0.34902,0.00371,3.85,-1.608522,3.391885,"TNC","tenascin C","TNC","Upregulated"
"229797_PM_at",0.34973,0.00373,-3.85,-1.613975,-1.42648,"MCOLN3","mucolipin 3","MCOLN3","Downregulated"
"227962_PM_at",0.34973,0.00374,-3.85,-1.616467,-1.46460167,"ACOX1","acyl-CoA oxidase 1","ACOX1","Downregulated"
"212062_PM_at",0.34973,0.00375,-3.85,-1.616899,-2.33478667,"ATP9A","ATPase phospholipid transporting 9A (putative)","ATP9A","Downregulated"
"210471_PM_s_at",0.3535,0.0038,-3.84,-1.631519,-1.0034805,"KCNAB1","potassium voltage-gated channel subfamily A member regulatory beta subunit 1","KCNAB1","Downregulated"
"217973_PM_at",0.3535,0.00381,-3.84,-1.631854,-1.48990333,"DCXR","dicarbonyl and L-xylulose reductase","DCXR","Downregulated"
"227027_PM_at",0.3541,0.00384,-3.83,-1.641231,-1.27534,"GFPT1","glutamine--fructose-6-phosphate transaminase 1","GFPT1","Downregulated"
"203010_PM_at",0.3541,0.00384,-3.83,-1.641449,-1.337345,"STAT5A","signal transducer and activator of transcription 5A","STAT5A","Downregulated"
"224671_PM_at",0.35665,0.00388,-3.82,-1.651209,-1.150039,"MRPL10","mitochondrial ribosomal protein L10","MRPL10","Downregulated"
"218999_PM_at",0.35665,0.00388,-3.82,-1.651401,-1.792145,"TMEM140","transmembrane protein 140","TMEM140","Downregulated"
"204753_PM_s_at",0.35855,0.00392,-3.82,-1.659597,-1.70397967,"HLF","HLF, PAR bZIP transcription factor","HLF","Downregulated"
"235316_PM_at",0.35862,0.00393,-3.82,-1.661358,-1.297146,"NAT8L","N-acetyltransferase 8 like","NAT8L","Downregulated"
"225404_PM_at",0.35957,0.00396,-3.81,-1.669834,-1.27615667,"SMIM12","small integral membrane protein 12","SMIM12","Downregulated"
"226106_PM_at",0.35957,0.00396,-3.81,-1.670126,-1.499555,"RNF141","ring finger protein 141","RNF141","Downregulated"
"1569608_PM_x_at",0.35985,0.00397,-3.81,-1.672437,-2.17974167,"LOC105379426","ankyrin repeat domain-containing protein 20A2","LOC105379426","Downregulated"
"221543_PM_s_at",0.36017,0.00398,-3.81,-1.674842,-1.28170167,"ERLIN2","ER lipid raft associated 2","ERLIN2","Downregulated"
"227856_PM_at",0.36115,0.00401,-3.8,-1.680408,-2.7280145,"C4orf32","chromosome 4 open reading frame 32","C4orf32","Downregulated"
"202630_PM_at",0.36115,0.00401,-3.8,-1.680536,-1.36476833,"APPBP2","amyloid beta precursor protein binding protein 2","APPBP2","Downregulated"
"210273_PM_at",0.36257,0.00403,3.8,-1.685797,2.24261733,"PCDH7","protocadherin 7","PCDH7","Upregulated"
"205141_PM_at",0.36261,0.00404,-3.8,-1.687437,-1.94485667,"ANG","angiogenin","ANG","Downregulated"
"201830_PM_s_at",0.36342,0.00405,-3.8,-1.691337,-1.97112,"NET1","neuroepithelial cell transforming 1","NET1","Downregulated"
"213188_PM_s_at",0.36342,0.00406,-3.8,-1.692649,-2.18882333,"MINA","MYC induced nuclear antigen","MINA","Downregulated"
"202321_PM_at",0.36381,0.00408,-3.79,-1.696746,-1.33522833,"GGPS1","geranylgeranyl diphosphate synthase 1","GGPS1","Downregulated"
"201464_PM_x_at",0.36442,0.0041,3.79,-1.703401,2.16987,"JUN","Jun proto-oncogene, AP-1 transcription factor subunit","JUN","Upregulated"
"203860_PM_at",0.36442,0.00412,-3.79,-1.707027,-1.67323167,"PCCA","propionyl-CoA carboxylase alpha subunit","PCCA","Downregulated"
"226019_PM_at",0.36442,0.00413,-3.78,-1.708605,-1.017119,"OMA1","OMA1 zinc metallopeptidase","OMA1","Downregulated"
"205404_PM_at",0.36442,0.00413,-3.78,-1.709014,-1.35894933,"HSD11B1","hydroxysteroid 11-beta dehydrogenase 1","HSD11B1","Downregulated"
"200974_PM_at",0.36442,0.00414,3.78,-1.712112,2.30588167,"ACTA2","actin, alpha 2, smooth muscle, aorta","ACTA2","Upregulated"
"209095_PM_at",0.36463,0.00415,-3.78,-1.71418,-2.08882667,"DLD","dihydrolipoamide dehydrogenase","DLD","Downregulated"
"201348_PM_at",0.3655,0.00417,-3.78,-1.717959,-2.66988167,"GPX3","glutathione peroxidase 3","GPX3","Downregulated"
"200845_PM_s_at",0.3655,0.00418,-3.78,-1.72068,-2.06993167,"PRDX6","peroxiredoxin 6","PRDX6","Downregulated"
"218970_PM_s_at",0.3655,0.00418,-3.78,-1.720974,-1.430317,"CUTC","cutC copper transporter","CUTC","Downregulated"
"219584_PM_at",0.36737,0.00422,-3.77,-1.7288,-0.8408895,"PLA1A","phospholipase A1 member A","PLA1A","Downregulated"
"225332_PM_at",0.36774,0.00423,-3.77,-1.732771,-1.14872833,"OIP5-AS1","OIP5 antisense RNA 1","OIP5-AS1","Downregulated"
"211675_PM_s_at",0.36989,0.00427,-3.76,-1.741804,-1.77784667,"MDFIC","MyoD family inhibitor domain containing","MDFIC","Downregulated"
"218654_PM_s_at",0.36989,0.00428,-3.76,-1.74312,-2.03800833,"MRPS33","mitochondrial ribosomal protein S33","MRPS33","Downregulated"
"201106_PM_at",0.36989,0.00429,-3.76,-1.744632,-2.28981667,"GPX4","glutathione peroxidase 4","GPX4","Downregulated"
"210070_PM_s_at",0.36989,0.00429,-3.76,-1.74499,-0.88682367,"CHKB-CPT1B","CHKB-CPT1B readthrough (NMD candidate)///carnitine palmitoyltransferase 1B","CHKB-CPT1B","Downregulated"
"210070_PM_s_at",0.36989,0.00429,-3.76,-1.74499,-0.88682367,"CPT1B","CHKB-CPT1B readthrough (NMD candidate)///carnitine palmitoyltransferase 1B","CPT1B","Downregulated"
"211356_PM_x_at",0.36989,0.00429,-3.76,-1.74574,-1.55337933,"LEPR","leptin receptor","LEPR","Downregulated"
"226155_PM_at",0.37065,0.00434,-3.75,-1.755138,-1.67410583,"FAM160B1","family with sequence similarity 160 member B1","FAM160B1","Downregulated"
"225327_PM_at",0.37065,0.00434,-3.75,-1.755782,-1.638577,"FAM214A","family with sequence similarity 214 member A","FAM214A","Downregulated"
"211186_PM_s_at",0.37065,0.00434,3.75,-1.756532,1.19431,"AAK1","AP2 associated kinase 1","AAK1","Upregulated"
"224812_PM_at",0.37065,0.00434,-3.75,-1.756717,-1.38534833,"HIBADH","3-hydroxyisobutyrate dehydrogenase","HIBADH","Downregulated"
"219363_PM_s_at",0.37065,0.00435,-3.75,-1.757199,-0.88437333,"MTERF3","mitochondrial transcription termination factor 3","MTERF3","Downregulated"
"210005_PM_at",0.37065,0.00436,-3.75,-1.760251,-1.164576,"GART","phosphoribosylglycinamide formyltransferase, phosphoribosylglycinamide synthetase, phosphoribosylaminoimidazole synthetase","GART","Downregulated"
"206204_PM_at",0.37081,0.00437,-3.75,-1.763005,-1.0793505,"GRB14","growth factor receptor bound protein 14","GRB14","Downregulated"
"211165_PM_x_at",0.37081,0.00438,3.75,-1.764315,0.8558565,"EPHB2","EPH receptor B2","EPHB2","Upregulated"
"228692_PM_at",0.37128,0.00439,-3.74,-1.76757,-1.09008167,"PREX2","phosphatidylinositol-3,4,5-trisphosphate dependent Rac exchange factor 2","PREX2","Downregulated"
"202646_PM_s_at",0.37128,0.00442,-3.74,-1.772374,-1.91168333,"CSDE1","cold shock domain containing E1","CSDE1","Downregulated"
"228314_PM_at",0.37128,0.00442,-3.74,-1.772593,-0.88825667,"LRRC8C","leucine rich repeat containing 8 family member C","LRRC8C","Downregulated"
"219825_PM_at",0.37128,0.00442,-3.74,-1.772819,-1.36440833,"CYP26B1","cytochrome P450 family 26 subfamily B member 1","CYP26B1","Downregulated"
"202780_PM_at",0.37396,0.00446,-3.73,-1.782496,-2.16751383,"OXCT1","3-oxoacid CoA-transferase 1","OXCT1","Downregulated"
"209369_PM_at",0.37414,0.00448,-3.73,-1.785396,-1.807643,"ANXA3","annexin A3","ANXA3","Downregulated"
"210075_PM_at",0.37469,0.00449,-3.73,-1.788675,-1.15094333,"MARCH2","membrane associated ring-CH-type finger 2","MARCH2","Downregulated"
"234312_PM_s_at",0.37492,0.00451,-3.73,-1.792235,-1.517666,"ACSS2","acyl-CoA synthetase short-chain family member 2","ACSS2","Downregulated"
"201897_PM_s_at",0.37492,0.00452,-3.73,-1.793793,-1.53347,"CKS1B","CDC28 protein kinase regulatory subunit 1B","CKS1B","Downregulated"
"223075_PM_s_at",0.37492,0.00452,-3.73,-1.794701,-2.37887667,"AIF1L","allograft inflammatory factor 1 like","AIF1L","Downregulated"
"212599_PM_at",0.37492,0.00452,3.73,-1.795019,1.60448167,"AUTS2","autism susceptibility candidate 2","AUTS2","Upregulated"
"213227_PM_at",0.37593,0.00456,-3.72,-1.802105,-1.45128167,"PGRMC2","progesterone receptor membrane component 2","PGRMC2","Downregulated"
"205984_PM_at",0.37593,0.00457,-3.72,-1.804944,-1.3207815,"CRHBP","corticotropin releasing hormone binding protein","CRHBP","Downregulated"
"205607_PM_s_at",0.38286,0.00467,-3.71,-1.825349,-0.86960333,"SCYL3","SCY1 like pseudokinase 3","SCYL3","Downregulated"
"224823_PM_at",0.38286,0.00467,3.71,-1.826217,1.53341167,"MYLK","myosin light chain kinase","MYLK","Upregulated"
"35776_PM_at",0.38389,0.0047,-3.7,-1.831226,-2.296545,"ITSN1","intersectin 1","ITSN1","Downregulated"
"224917_PM_at",0.38389,0.0047,3.7,-1.831593,3.652055,"MIR21","microRNA 21","MIR21","Upregulated"
"224352_PM_s_at",0.38454,0.00472,-3.7,-1.834605,-1.02361167,"CFL2","cofilin 2","CFL2","Downregulated"
"239272_PM_at",0.39007,0.0048,-3.69,-1.851823,-1.21676267,"MMP28","matrix metallopeptidase 28","MMP28","Downregulated"
"217014_PM_s_at",0.39085,0.00482,-3.69,-1.855595,-2.418595,"AZGP1","alpha-2-glycoprotein 1, zinc-binding","AZGP1","Downregulated"
"1557261_PM_at",0.3909,0.00483,-3.68,-1.857858,-1.33814,"WHAMMP2","WAS protein homolog associated with actin, golgi membranes and microtubules pseudogene 2///WAS protein homolog associated with actin, golgi membranes and microtubules pseudogene 3","WHAMMP2","Downregulated"
"1557261_PM_at",0.3909,0.00483,-3.68,-1.857858,-1.33814,"WHAMMP3","WAS protein homolog associated with actin, golgi membranes and microtubules pseudogene 2///WAS protein homolog associated with actin, golgi membranes and microtubules pseudogene 3","WHAMMP3","Downregulated"
"213338_PM_at",0.3909,0.00484,3.68,-1.859791,1.1925045,"TMEM158","transmembrane protein 158 (gene/pseudogene)","TMEM158","Upregulated"
"208858_PM_s_at",0.3909,0.00484,-3.68,-1.859927,-1.40657833,"ESYT1","extended synaptotagmin 1","ESYT1","Downregulated"
"207508_PM_at",0.391,0.00485,-3.68,-1.861545,-2.66992833,"ATP5G3","ATP synthase, H+ transporting, mitochondrial Fo complex subunit C3 (subunit 9)","ATP5G3","Downregulated"
"201438_PM_at",0.39466,0.0049,3.67,-1.871761,1.11747333,"COL6A3","collagen type VI alpha 3 chain","COL6A3","Upregulated"
"204904_PM_at",0.39659,0.00494,-3.67,-1.877762,-1.25550333,"GJA4","gap junction protein alpha 4","GJA4","Downregulated"
"216867_PM_s_at",0.39812,0.00496,3.67,-1.882781,1.43189167,"PDGFA","platelet derived growth factor subunit A","PDGFA","Upregulated"
"202847_PM_at",0.40022,0.005,-3.66,-1.890535,-2.08447,"PCK2","phosphoenolpyruvate carboxykinase 2, mitochondrial","PCK2","Downregulated"
"222129_PM_at",0.40139,0.00503,-3.66,-1.894678,-1.34316333,"FAM134A","family with sequence similarity 134 member A","FAM134A","Downregulated"
"218440_PM_at",0.40178,0.00504,-3.66,-1.898349,-1.14438167,"MCCC1","methylcrotonoyl-CoA carboxylase 1","MCCC1","Downregulated"
"1557371_PM_a_at",0.40544,0.00511,-3.65,-1.909672,-1.2965425,"LINC00961","long intergenic non-protein coding RNA 961","LINC00961","Downregulated"
"215092_PM_s_at",0.40617,0.00512,-3.65,-1.912751,-1.41608667,"NFAT5","nuclear factor of activated T-cells 5","NFAT5","Downregulated"
"227546_PM_x_at",0.4063,0.00515,-3.64,-1.91846,-0.76509833,"AURKAIP1","aurora kinase A interacting protein 1","AURKAIP1","Downregulated"
"227990_PM_at",0.4063,0.00516,-3.64,-1.918833,-0.93768,"SLU7","SLU7 homolog, splicing factor","SLU7","Downregulated"
"214030_PM_at",0.4063,0.00516,-3.64,-1.919571,-1.98905,"CRYBG3","crystallin beta-gamma domain containing 3","CRYBG3","Downregulated"
"210817_PM_s_at",0.4063,0.00516,-3.64,-1.920338,-0.90442667,"CALCOCO2","calcium binding and coiled-coil domain 2","CALCOCO2","Downregulated"
"213869_PM_x_at",0.40824,0.00521,3.64,-1.928458,1.99963167,"THY1","Thy-1 cell surface antigen","THY1","Upregulated"
"228088_PM_at",0.40982,0.00524,-3.63,-1.933483,-1.09671,"SESTD1","SEC14 and spectrin domain containing 1","SESTD1","Downregulated"
"214702_PM_at",0.41042,0.00526,3.63,-1.937563,1.93177567,"FN1","fibronectin 1","FN1","Upregulated"
"227179_PM_at",0.4145,0.00533,-3.62,-1.951185,-0.926815,"STAU2","staufen double-stranded RNA binding protein 2","STAU2","Downregulated"
"203241_PM_at",0.4145,0.00534,-3.62,-1.952826,-0.95025417,"UVRAG","UV radiation resistance associated","UVRAG","Downregulated"
"204201_PM_s_at",0.4145,0.00535,-3.62,-1.953123,-1.28807317,"PTPN13","protein tyrosine phosphatase, non-receptor type 13","PTPN13","Downregulated"
"224845_PM_s_at",0.4145,0.00536,-3.62,-1.955713,-1.00826,"SLAIN2","SLAIN motif family member 2","SLAIN2","Downregulated"
"201313_PM_at",0.4145,0.00537,3.62,-1.956593,1.002545,"ENO2","enolase 2","ENO2","Upregulated"
"242305_PM_at",0.4145,0.00541,-3.61,-1.965176,-0.81966,"LOC645513","septin 7 pseudogene","LOC645513","Downregulated"
"1552501_PM_a_at",0.4145,0.00542,-3.61,-1.966401,-0.84929833,"GPBAR1","G protein-coupled bile acid receptor 1","GPBAR1","Downregulated"
"218552_PM_at",0.4145,0.00543,-3.61,-1.968159,-1.59916667,"ECHDC2","enoyl-CoA hydratase domain containing 2","ECHDC2","Downregulated"
"226065_PM_at",0.4145,0.00543,3.61,-1.968637,1.28224167,"PRICKLE1","prickle planar cell polarity protein 1","PRICKLE1","Upregulated"
"201674_PM_s_at",0.4145,0.00544,-3.61,-1.970253,-1.16117433,"AKAP1","A-kinase anchoring protein 1","AKAP1","Downregulated"
"218839_PM_at",0.4145,0.00545,-3.61,-1.970732,-1.88335667,"HEY1","hes related family bHLH transcription factor with YRPW motif 1","HEY1","Downregulated"
"244276_PM_at",0.4145,0.00545,-3.61,-1.971024,-1.46746772,"KLB","klotho beta","KLB","Downregulated"
"218304_PM_s_at",0.4145,0.00545,-3.61,-1.971085,-1.24049167,"OSBPL11","oxysterol binding protein like 11","OSBPL11","Downregulated"
"205158_PM_at",0.4145,0.00545,-3.61,-1.971939,-1.96041,"RNASE4","ribonuclease A family member 4","RNASE4","Downregulated"
"214665_PM_s_at",0.4145,0.00545,-3.61,-1.972221,-1.43001333,"CHP1","calcineurin like EF-hand protein 1","CHP1","Downregulated"
"228775_PM_at",0.41555,0.00548,-3.6,-1.976288,-1.01392233,"EMC3","ER membrane protein complex subunit 3","EMC3","Downregulated"
"212450_PM_at",0.41555,0.00549,-3.6,-1.978547,-1.409975,"SECISBP2L","SECIS binding protein 2 like","SECISBP2L","Downregulated"
"1553442_PM_a_at",0.4188,0.00554,3.6,-1.987207,1.1835722,"CNTNAP4","contactin associated protein like 4","CNTNAP4","Upregulated"
"238039_PM_at",0.42188,0.00564,-3.59,-2.003252,-0.78284117,"SCAMP1-AS1","SCAMP1 antisense RNA 1","SCAMP1-AS1","Downregulated"
"209605_PM_at",0.42394,0.00568,-3.58,-2.010163,-1.1298,"TST","thiosulfate sulfurtransferase","TST","Downregulated"
"201963_PM_at",0.42394,0.00568,-3.58,-2.010796,-3.04645833,"ACSL1","acyl-CoA synthetase long-chain family member 1","ACSL1","Downregulated"
"209760_PM_at",0.42525,0.00571,-3.58,-2.016059,-1.00693167,"KIAA0922","KIAA0922","KIAA0922","Downregulated"
"202004_PM_x_at",0.42525,0.00573,-3.58,-2.0185,-1.06852333,"SDHC","succinate dehydrogenase complex subunit C","SDHC","Downregulated"
"203649_PM_s_at",0.42638,0.00576,3.57,-2.024524,0.98972833,"PLA2G2A","phospholipase A2 group IIA","PLA2G2A","Upregulated"
"227860_PM_at",0.42638,0.00577,3.57,-2.024755,1.46462167,"CPXM1","carboxypeptidase X, M14 family member 1","CPXM1","Upregulated"
"235082_PM_at",0.42638,0.00577,-3.57,-2.02585,-0.82434367,"PCNX1","pecanex homolog 1 (Drosophila)","PCNX1","Downregulated"
"226781_PM_at",0.42638,0.00577,-3.57,-2.026148,-1.20394592,"LUC7L2","formation of mitochondrial complex V assembly factor 1 homolog///LUC7 like 2, pre-mRNA splicing factor","LUC7L2","Downregulated"
"214003_PM_x_at",0.42735,0.00581,-3.57,-2.031519,-0.92636167,"RPS20","ribosomal protein S20","RPS20","Downregulated"
"227080_PM_at",0.42735,0.00581,-3.57,-2.032362,-1.49382833,"ZNF697","zinc finger protein 697","ZNF697","Downregulated"
"205160_PM_at",0.42805,0.00584,-3.56,-2.036974,-2.11178,"PEX11A","peroxisomal biogenesis factor 11 alpha","PEX11A","Downregulated"
"223121_PM_s_at",0.42805,0.00584,3.56,-2.037632,2.53317167,"SFRP2","secreted frizzled related protein 2","SFRP2","Upregulated"
"201009_PM_s_at",0.42805,0.00586,-3.56,-2.039492,-1.97668667,"TXNIP","thioredoxin interacting protein","TXNIP","Downregulated"
"238285_PM_at",0.42805,0.00586,-3.56,-2.040005,-1.6960569,"SOX5","SRY-box 5","SOX5","Downregulated"
"240211_PM_at",0.43045,0.0059,-3.56,-2.046548,-0.736035,"LOC100130468","uncharacterized LOC100130468","LOC100130468","Downregulated"
"212996_PM_s_at",0.43061,0.00592,-3.56,-2.049304,-1.01311167,"URB1","URB1 ribosome biogenesis 1 homolog (S. cerevisiae)","URB1","Downregulated"
"232812_PM_at",0.43061,0.00592,-3.56,-2.050202,-2.31565673,"LOC401052","uncharacterized LOC401052","LOC401052","Downregulated"
"218930_PM_s_at",0.43061,0.00594,-3.55,-2.052243,-1.31218833,"TMEM106B","transmembrane protein 106B","TMEM106B","Downregulated"
"204204_PM_at",0.43061,0.00594,-3.55,-2.053188,-1.14630667,"SLC31A2","solute carrier family 31 member 2","SLC31A2","Downregulated"
"221197_PM_s_at",0.43098,0.00595,3.55,-2.055263,0.75137767,"CHAT","choline O-acetyltransferase","CHAT","Upregulated"
"227422_PM_at",0.43098,0.00596,-3.55,-2.056501,-0.923105,"STRN","striatin","STRN","Downregulated"
"1554717_PM_a_at",0.43103,0.00597,3.55,-2.057863,0.92491667,"PDE4D","phosphodiesterase 4D","PDE4D","Upregulated"
"225253_PM_s_at",0.43507,0.00604,-3.54,-2.067938,-1.40528333,"METTL2A","methyltransferase like 2A///methyltransferase like 2B","METTL2A","Downregulated"
"225253_PM_s_at",0.43507,0.00604,-3.54,-2.067938,-1.40528333,"METTL2B","methyltransferase like 2A///methyltransferase like 2B","METTL2B","Downregulated"
"201694_PM_s_at",0.43862,0.00609,3.54,-2.076872,3.32022333,"EGR1","early growth response 1","EGR1","Upregulated"
"219882_PM_at",0.44026,0.00612,-3.53,-2.081874,-1.01263,"TTLL7","tubulin tyrosine ligase like 7","TTLL7","Downregulated"
"203808_PM_at",0.44026,0.00613,-3.53,-2.083325,-0.70824333,"AKT2","AKT serine/threonine kinase 2","AKT2","Downregulated"
"203117_PM_s_at",0.44026,0.00614,-3.53,-2.084121,-0.92713383,"PAN2","PAN2 poly(A) specific ribonuclease subunit","PAN2","Downregulated"
"226094_PM_at",0.44379,0.0062,-3.53,-2.094157,-0.95837333,"PIK3C2A","phosphatidylinositol-4-phosphate 3-kinase catalytic subunit type 2 alpha","PIK3C2A","Downregulated"
"218384_PM_at",0.44434,0.00622,-3.52,-2.096576,-0.98582667,"CARHSP1","calcium regulated heat stable protein 1","CARHSP1","Downregulated"
"244521_PM_at",0.44614,0.00625,-3.52,-2.101627,-2.15521183,"TSHZ2","teashirt zinc finger homeobox 2","TSHZ2","Downregulated"
"202070_PM_s_at",0.4468,0.00628,-3.52,-2.105404,-0.94828483,"IDH3A","isocitrate dehydrogenase 3 (NAD(+)) alpha","IDH3A","Downregulated"
"221246_PM_x_at",0.4468,0.00628,-3.52,-2.105856,-1.81769833,"TNS1","tensin 1","TNS1","Downregulated"
"218934_PM_s_at",0.4468,0.00629,-3.52,-2.106721,-1.8056415,"HSPB7","heat shock protein family B (small) member 7","HSPB7","Downregulated"
"237764_PM_at",0.44896,0.00633,-3.51,-2.113747,-1.16274867,"LOC101928111","uncharacterized LOC101928111","LOC101928111","Downregulated"
"228703_PM_at",0.45008,0.00637,3.51,-2.119267,2.10161317,"P4HA3","prolyl 4-hydroxylase subunit alpha 3","P4HA3","Upregulated"
"229802_PM_at",0.45008,0.00637,3.51,-2.11958,3.19168583,"WISP1-OT1","WISP1 overlapping transcript 1///WNT1 inducible signaling pathway protein 1","WISP1-OT1","Upregulated"
"229802_PM_at",0.45008,0.00637,3.51,-2.11958,3.19168583,"WISP1","WISP1 overlapping transcript 1///WNT1 inducible signaling pathway protein 1","WISP1","Upregulated"
"203580_PM_s_at",0.45008,0.00639,-3.51,-2.122683,-1.06062333,"SLC7A6","solute carrier family 7 member 6","SLC7A6","Downregulated"
"201418_PM_s_at",0.45008,0.0064,3.51,-2.122857,1.25319,"SOX4","SRY-box 4","SOX4","Upregulated"
"205330_PM_at",0.45008,0.0064,3.51,-2.123054,1.69550667,"MN1","MN1 proto-oncogene, transcriptional regulator","MN1","Upregulated"
"201984_PM_s_at",0.45008,0.0064,-3.51,-2.123714,-1.20801333,"EGFR","epidermal growth factor receptor","EGFR","Downregulated"
"226930_PM_at",0.45008,0.00641,3.51,-2.12463,2.90672,"FNDC1","fibronectin type III domain containing 1","FNDC1","Upregulated"
"221045_PM_s_at",0.45321,0.00646,-3.5,-2.132684,-1.51672167,"PER3","period circadian clock 3","PER3","Downregulated"
"1557832_PM_at",0.45321,0.00647,-3.5,-2.133623,-2.1211865,"LOC101926960","uncharacterized LOC101926960","LOC101926960","Downregulated"
"228187_PM_at",0.45386,0.00649,3.5,-2.137393,0.94182,"GAS1","growth arrest specific 1","GAS1","Upregulated"
"207842_PM_s_at",0.4539,0.0065,-3.5,-2.138688,-0.77643833,"CASC3","cancer susceptibility candidate 3","CASC3","Downregulated"
"203910_PM_at",0.45432,0.00652,-3.5,-2.140759,-1.07668667,"ARHGAP29","Rho GTPase activating protein 29","ARHGAP29","Downregulated"
"221541_PM_at",0.45545,0.00654,3.49,-2.144332,2.78338833,"CRISPLD2","cysteine rich secretory protein LCCL domain containing 2","CRISPLD2","Upregulated"
"217848_PM_s_at",0.45793,0.00659,-3.49,-2.150672,-2.262395,"PPA1","pyrophosphatase (inorganic) 1","PPA1","Downregulated"
"201960_PM_s_at",0.45864,0.00661,-3.49,-2.154342,-1.39134833,"MYCBP2","MYC binding protein 2, E3 ubiquitin protein ligase","MYCBP2","Downregulated"
"221943_PM_x_at",0.45864,0.00661,-3.49,-2.154523,-0.93772667,"RPL38","ribosomal protein L38","RPL38","Downregulated"
"227025_PM_at",0.45919,0.00664,-3.48,-2.158848,-1.24960683,"PPHLN1","periphilin 1","PPHLN1","Downregulated"
"226128_PM_at",0.45919,0.00665,-3.48,-2.159247,-1.28549667,"BROX","BRO1 domain and CAAX motif containing","BROX","Downregulated"
"232283_PM_at",0.45937,0.00667,-3.48,-2.163136,-0.93609333,"LYSMD1","LysM domain containing 1","LYSMD1","Downregulated"
"218994_PM_s_at",0.45937,0.00667,-3.48,-2.163195,-0.66252163,"STAG3L4","stromal antigen 3-like 4 (pseudogene)","STAG3L4","Downregulated"
"227063_PM_at",0.46165,0.00672,-3.48,-2.170269,-1.57272167,"TMEM256","transmembrane protein 256","TMEM256","Downregulated"
"212806_PM_at",0.46191,0.00675,3.47,-2.174118,2.00119333,"PRUNE2","prune homolog 2","PRUNE2","Upregulated"
"223260_PM_s_at",0.46191,0.00675,-3.47,-2.174442,-1.08221,"POLK","DNA polymerase kappa","POLK","Downregulated"
"231234_PM_at",0.46191,0.00676,-3.47,-2.175544,-1.42134233,"CTSC","cathepsin C","CTSC","Downregulated"
"202052_PM_s_at",0.46236,0.00679,3.47,-2.179983,0.895795,"RAI14","retinoic acid induced 14","RAI14","Upregulated"
"203725_PM_at",0.46236,0.0068,3.47,-2.181171,1.66949667,"GADD45A","growth arrest and DNA damage inducible alpha","GADD45A","Upregulated"
"225344_PM_at",0.46254,0.00683,-3.47,-2.184838,-1.16206833,"NCOA7","nuclear receptor coactivator 7","NCOA7","Downregulated"
"227265_PM_at",0.46254,0.00684,-3.47,-2.186139,-1.46849833,"FGL2","fibrinogen like 2","FGL2","Downregulated"
"223259_PM_at",0.46254,0.00684,-3.47,-2.186236,-1.42777833,"ORMDL3","ORMDL sphingolipid biosynthesis regulator 3","ORMDL3","Downregulated"
"218343_PM_s_at",0.46297,0.00685,-3.46,-2.188274,-0.78323,"GTF3C3","general transcription factor IIIC subunit 3","GTF3C3","Downregulated"
"212457_PM_at",0.46378,0.00689,-3.46,-2.193426,-0.94881167,"TFE3","transcription factor binding to IGHM enhancer 3","TFE3","Downregulated"
"203986_PM_at",0.46645,0.00695,-3.46,-2.201189,-1.40889333,"STBD1","starch binding domain 1","STBD1","Downregulated"
"229873_PM_at",0.4677,0.00698,-3.45,-2.20488,-0.776724,"KCTD21","potassium channel tetramerization domain containing 21","KCTD21","Downregulated"
"218049_PM_s_at",0.46804,0.00699,-3.45,-2.206729,-1.2325775,"MRPL13","mitochondrial ribosomal protein L13","MRPL13","Downregulated"
"228762_PM_at",0.46871,0.00701,-3.45,-2.209223,-0.81484833,"LFNG","LFNG O-fucosylpeptide 3-beta-N-acetylglucosaminyltransferase","LFNG","Downregulated"
"220002_PM_at",0.46871,0.00702,3.45,-2.210379,2.10762017,"KIF26B","kinesin family member 26B","KIF26B","Upregulated"
"202739_PM_s_at",0.46925,0.00703,-3.45,-2.212626,-1.12420833,"PHKB","phosphorylase kinase regulatory subunit beta","PHKB","Downregulated"
"206116_PM_s_at",0.46981,0.00707,3.44,-2.218102,1.58391667,"TPM1","tropomyosin 1 (alpha)","TPM1","Upregulated"
"211380_PM_s_at",0.46981,0.00709,3.44,-2.219665,1.279785,"PRKG1","protein kinase, cGMP-dependent, type I","PRKG1","Upregulated"
"201758_PM_at",0.46981,0.0071,-3.44,-2.221061,-1.34951,"TSG101","tumor susceptibility 101","TSG101","Downregulated"
"236904_PM_x_at",0.46981,0.00711,3.44,-2.223617,1.04586667,"TECTA","tectorin alpha","TECTA","Upregulated"
"218032_PM_at",0.46981,0.00712,-3.44,-2.224221,-1.02967667,"SNN","stannin","SNN","Downregulated"
"207096_PM_at",0.46981,0.00717,-3.44,-2.230809,-0.8196725,"SAA4","serum amyloid A4, constitutive","SAA4","Downregulated"
"204472_PM_at",0.46981,0.00718,3.43,-2.23242,2.04690667,"GEM","GTP binding protein overexpressed in skeletal muscle","GEM","Upregulated"
"1564277_PM_a_at",0.46981,0.00718,-3.43,-2.232641,-1.65497583,"LOC100133920","methylenetetrahydrofolate dehydrogenase (NADP+ dependent) 1-like pseudogene///methylenetetrahydrofolate dehydrogenase (NADP+ dependent) 1-like pseudogene","LOC100133920","Downregulated"
"1564277_PM_a_at",0.46981,0.00718,-3.43,-2.232641,-1.65497583,"LOC286297","methylenetetrahydrofolate dehydrogenase (NADP+ dependent) 1-like pseudogene///methylenetetrahydrofolate dehydrogenase (NADP+ dependent) 1-like pseudogene","LOC286297","Downregulated"
"1555972_PM_s_at",0.46981,0.00719,-3.43,-2.233181,-1.26399033,"FBXO28","F-box protein 28","FBXO28","Downregulated"
"225084_PM_at",0.47101,0.00722,-3.43,-2.237379,-1.0273695,"EXOC5","exocyst complex component 5","EXOC5","Downregulated"
"226571_PM_s_at",0.47101,0.00722,-3.43,-2.237957,-1.40738667,"PTPRS","protein tyrosine phosphatase, receptor type S","PTPRS","Downregulated"
"1552960_PM_at",0.47101,0.00723,3.43,-2.238978,1.20497,"LRRC15","leucine rich repeat containing 15","LRRC15","Upregulated"
"219737_PM_s_at",0.47106,0.00724,-3.43,-2.240204,-1.66158833,"PCDH9","protocadherin 9","PCDH9","Downregulated"
"229072_PM_at",0.4721,0.00728,-3.43,-2.245503,-0.78447388,"RAB30","RAB30, member RAS oncogene family","RAB30","Downregulated"
"227647_PM_at",0.4721,0.00729,-3.43,-2.246341,-1.57865967,"KCNE3","potassium voltage-gated channel subfamily E regulatory subunit 3","KCNE3","Downregulated"
"212875_PM_s_at",0.4721,0.00729,-3.43,-2.246678,-2.30257833,"C2CD2","C2 calcium dependent domain containing 2","C2CD2","Downregulated"
"204771_PM_s_at",0.4721,0.00729,-3.43,-2.246777,-1.25474433,"TTF1","transcription termination factor 1","TTF1","Downregulated"
"205222_PM_at",0.47534,0.00736,-3.42,-2.25556,-1.1868565,"EHHADH","enoyl-CoA, hydratase/3-hydroxyacyl CoA dehydrogenase","EHHADH","Downregulated"
"235415_PM_at",0.47534,0.00738,-3.42,-2.258549,-0.85020617,"RPRD2","regulation of nuclear pre-mRNA domain containing 2","RPRD2","Downregulated"
"204276_PM_at",0.47534,0.00739,-3.42,-2.258927,-1.6270555,"TK2","thymidine kinase 2, mitochondrial","TK2","Downregulated"
"226192_PM_at",0.47534,0.0074,-3.42,-2.260938,-2.24704333,"AR","androgen receptor","AR","Downregulated"
"226237_PM_at",0.47534,0.00742,3.41,-2.26396,2.68166667,"COL8A1","collagen type VIII alpha 1 chain","COL8A1","Upregulated"
"204570_PM_at",0.47534,0.00743,-3.41,-2.264892,-1.94787167,"COX7A1","cytochrome c oxidase subunit 7A1","COX7A1","Downregulated"
"213374_PM_x_at",0.47534,0.00744,-3.41,-2.265817,-1.20892,"HIBCH","3-hydroxyisobutyryl-CoA hydrolase","HIBCH","Downregulated"
"221847_PM_at",0.47534,0.00745,-3.41,-2.267188,-1.16930167,"SMIM10L1","small integral membrane protein 10 like 1","SMIM10L1","Downregulated"
"235388_PM_at",0.47534,0.0075,-3.41,-2.273241,-1.62303667,"CHD9","chromodomain helicase DNA binding protein 9","CHD9","Downregulated"
"209668_PM_x_at",0.47534,0.00751,-3.41,-2.275038,-1.15471,"CES2","carboxylesterase 2","CES2","Downregulated"
"202797_PM_at",0.47534,0.00751,-3.41,-2.275267,-1.18119,"SACM1L","SAC1 suppressor of actin mutations 1-like (yeast)","SACM1L","Downregulated"
"217050_PM_at",0.47534,0.00751,-3.41,-2.275367,-0.935165,"DIAPH2-AS1","DIAPH2 antisense RNA 1","DIAPH2-AS1","Downregulated"
"225479_PM_at",0.47589,0.00753,3.41,-2.27769,0.75857333,"LRRC58","leucine rich repeat containing 58","LRRC58","Upregulated"
"225097_PM_at",0.47589,0.00755,-3.4,-2.279571,-0.94893167,"HIPK2","homeodomain interacting protein kinase 2","HIPK2","Downregulated"
"235175_PM_at",0.47589,0.00755,-3.4,-2.279752,-1.0308675,"GBP4","guanylate binding protein 4","GBP4","Downregulated"
"204347_PM_at",0.48031,0.00764,-3.4,-2.290669,-1.86301833,"AK4","adenylate kinase 4","AK4","Downregulated"
"1554078_PM_s_at",0.48057,0.00765,-3.4,-2.292262,-0.83471833,"DNAJA3","DnaJ heat shock protein family (Hsp40) member A3","DNAJA3","Downregulated"
"229910_PM_at",0.48063,0.00766,-3.39,-2.293468,-1.5852775,"SHE","Src homology 2 domain containing E","SHE","Downregulated"
"203240_PM_at",0.48363,0.00773,3.39,-2.302489,1.91893667,"FCGBP","Fc fragment of IgG binding protein","FCGBP","Upregulated"
"202392_PM_s_at",0.48363,0.00774,-3.39,-2.303649,-0.82127667,"PISD","phosphatidylserine decarboxylase","PISD","Downregulated"
"226660_PM_at",0.48363,0.00775,-3.39,-2.304959,-1.18801133,"RPS6KB1","ribosomal protein S6 kinase B1","RPS6KB1","Downregulated"
"203886_PM_s_at",0.48363,0.00775,-3.39,-2.305003,-1.3728,"FBLN2","fibulin 2","FBLN2","Downregulated"
"225048_PM_at",0.48363,0.00776,-3.39,-2.305644,-1.17022333,"PHF10","PHD finger protein 10","PHF10","Downregulated"
"212864_PM_at",0.48363,0.00776,-3.39,-2.305844,-1.176705,"CDS2","CDP-diacylglycerol synthase 2","CDS2","Downregulated"
"224458_PM_at",0.48501,0.00779,-3.38,-2.30982,-0.86256833,"TMEM246","transmembrane protein 246","TMEM246","Downregulated"
"238066_PM_at",0.48501,0.0078,-3.38,-2.310855,-3.04408667,"RBP7","retinol binding protein 7","RBP7","Downregulated"
"244881_PM_at",0.48501,0.00781,3.38,-2.311771,1.26621633,"LMLN","leishmanolysin like peptidase","LMLN","Upregulated"
"201025_PM_at",0.4874,0.00786,-3.38,-2.317496,-0.9359,"EIF5B","eukaryotic translation initiation factor 5B","EIF5B","Downregulated"
"224707_PM_at",0.48912,0.00791,-3.37,-2.323632,-1.76345167,"CYSTM1","cysteine rich transmembrane module containing 1","CYSTM1","Downregulated"
"212206_PM_s_at",0.48912,0.00791,-3.37,-2.324036,-1.2228835,"H2AFV","H2A histone family member V","H2AFV","Downregulated"
"222209_PM_s_at",0.49432,0.00804,-3.36,-2.339351,-1.5634875,"TMEM135","transmembrane protein 135","TMEM135","Downregulated"
"221558_PM_s_at",0.49432,0.00806,3.36,-2.341204,0.70730333,"LEF1","lymphoid enhancer binding factor 1","LEF1","Upregulated"
"226542_PM_at",0.49432,0.00806,3.36,-2.341278,0.95789833,"RNF24","ring finger protein 24","RNF24","Upregulated"
"224729_PM_s_at",0.49432,0.00806,-3.36,-2.341364,-1.29089667,"ATPAF1","ATP synthase mitochondrial F1 complex assembly factor 1","ATPAF1","Downregulated"
"230061_PM_at",0.4975,0.00813,-3.36,-2.349845,-1.53433167,"TM4SF18","transmembrane 4 L six family member 18","TM4SF18","Downregulated"
"200092_PM_s_at",0.4975,0.00814,-3.36,-2.350738,-0.87233667,"RPL37","ribosomal protein L37","RPL37","Downregulated"
"209561_PM_at",0.49792,0.00815,3.36,-2.352584,1.15780833,"THBS3","thrombospondin 3","THBS3","Upregulated"
"234317_PM_s_at",0.4988,0.00818,-3.35,-2.355317,-0.901869,"STOX2","storkhead box 2","STOX2","Downregulated"
"242263_PM_at",0.49911,0.0082,-3.35,-2.357994,-0.90847367,"TMED5","transmembrane p24 trafficking protein 5","TMED5","Downregulated"
"209088_PM_s_at",0.49986,0.00822,3.35,-2.360477,0.98320833,"UBN1","ubinuclein 1","UBN1","Upregulated"
"225185_PM_at",0.50451,0.00834,-3.34,-2.373683,-1.40771167,"MRAS","muscle RAS oncogene homolog","MRAS","Downregulated"
"236262_PM_at",0.50451,0.00834,-3.34,-2.374475,-1.68784,"MMRN2","multimerin 2","MMRN2","Downregulated"
"218632_PM_at",0.50457,0.00835,-3.34,-2.375632,-1.25305833,"HECTD3","HECT domain E3 ubiquitin protein ligase 3","HECTD3","Downregulated"
"202786_PM_at",0.5056,0.00838,-3.34,-2.378593,-0.90563517,"STK39","serine/threonine kinase 39","STK39","Downregulated"
"224291_PM_at",0.50716,0.00842,3.34,-2.383522,0.68065797,"CACNG6","calcium voltage-gated channel auxiliary subunit gamma 6","CACNG6","Upregulated"
"202218_PM_s_at",0.50716,0.00844,3.33,-2.385466,1.002425,"FADS2","fatty acid desaturase 2","FADS2","Upregulated"
"236753_PM_at",0.50716,0.00845,3.33,-2.385804,0.86735533,"LINC00689","long intergenic non-protein coding RNA 689","LINC00689","Upregulated"
"218902_PM_at",0.50716,0.00845,-3.33,-2.386714,-0.91592833,"NOTCH1","notch 1","NOTCH1","Downregulated"
"225275_PM_at",0.50937,0.00851,3.33,-2.392737,2.50904,"EDIL3","EGF like repeats and discoidin domains 3","EDIL3","Upregulated"
"210740_PM_s_at",0.50937,0.00851,-3.33,-2.393122,-1.24217333,"ITPK1","inositol-tetrakisphosphate 1-kinase","ITPK1","Downregulated"
"222450_PM_at",0.50937,0.00852,-3.33,-2.393928,-1.13752333,"PMEPA1","prostate transmembrane protein, androgen induced 1","PMEPA1","Downregulated"
"210096_PM_at",0.50989,0.00854,-3.33,-2.395929,-2.4648185,"CYP4B1","cytochrome P450 family 4 subfamily B member 1","CYP4B1","Downregulated"
"244154_PM_at",0.51162,0.00858,-3.32,-2.401314,-0.86620633,"DDHD1","DDHD domain containing 1","DDHD1","Downregulated"
"231683_PM_at",0.51162,0.00859,-3.32,-2.402231,-1.0117943,"GLYAT","glycine-N-acyltransferase","GLYAT","Downregulated"
"201030_PM_x_at",0.51183,0.00861,-3.32,-2.403808,-1.736655,"LDHB","lactate dehydrogenase B","LDHB","Downregulated"
"224833_PM_at",0.51183,0.00862,-3.32,-2.404672,-1.1621,"ETS1","ETS proto-oncogene 1, transcription factor","ETS1","Downregulated"
"225688_PM_s_at",0.51256,0.00864,-3.32,-2.40705,-1.34350833,"PHLDB2","pleckstrin homology like domain family B member 2","PHLDB2","Downregulated"
"201135_PM_at",0.51265,0.00866,-3.32,-2.409257,-2.28085833,"ECHS1","enoyl-CoA hydratase, short chain 1","ECHS1","Downregulated"
"204051_PM_s_at",0.51284,0.00867,3.32,-2.410624,2.73631167,"SFRP4","secreted frizzled related protein 4","SFRP4","Upregulated"
"206241_PM_at",0.51298,0.00868,-3.32,-2.412107,-1.26828967,"KPNA5","karyopherin subunit alpha 5","KPNA5","Downregulated"
"241233_PM_x_at",0.51298,0.00869,-3.32,-2.412937,-1.59356,"ANKRD20A11P","ankyrin repeat domain 20 family member A11, pseudogene","ANKRD20A11P","Downregulated"
"200793_PM_s_at",0.51448,0.00873,-3.31,-2.416712,-1.17289317,"ACO2","aconitase 2","ACO2","Downregulated"
"210201_PM_x_at",0.51545,0.00876,-3.31,-2.420231,-1.03219667,"BIN1","bridging integrator 1","BIN1","Downregulated"
"224005_PM_at",0.51565,0.00879,-3.31,-2.423304,-0.94546233,"LOC100289550","similar to hCG1724266","LOC100289550","Downregulated"
"211686_PM_s_at",0.51565,0.0088,-3.31,-2.424504,-0.91402833,"MAK16","MAK16 homolog","MAK16","Downregulated"
"212828_PM_at",0.51565,0.0088,3.31,-2.424914,1.85080142,"SYNJ2","synaptojanin 2","SYNJ2","Upregulated"
"221589_PM_s_at",0.51565,0.0088,-3.31,-2.424962,-1.56475833,"ALDH6A1","aldehyde dehydrogenase 6 family member A1","ALDH6A1","Downregulated"
"1564139_PM_at",0.5157,0.00881,-3.31,-2.426067,-0.95807667,"A2M-AS1","A2M antisense RNA 1 (head to head)","A2M-AS1","Downregulated"
"210716_PM_s_at",0.5182,0.00887,-3.3,-2.43232,-0.9757985,"CLIP1","CAP-Gly domain containing linker protein 1","CLIP1","Downregulated"
"223367_PM_at",0.5182,0.00887,-3.3,-2.43265,-1.39172367,"DNAJC30","DnaJ heat shock protein family (Hsp40) member C30","DNAJC30","Downregulated"
"227765_PM_at",0.51887,0.0089,-3.3,-2.434888,-1.07659333,"OTUD6B-AS1","OTUD6B antisense RNA 1 (head to head)","OTUD6B-AS1","Downregulated"
"228890_PM_at",0.51958,0.00893,-3.3,-2.438124,-0.96103667,"ATOH8","atonal bHLH transcription factor 8","ATOH8","Downregulated"
"229040_PM_at",0.51958,0.00893,3.3,-2.438193,1.5759065,"ITGB2-AS1","ITGB2 antisense RNA 1","ITGB2-AS1","Upregulated"
"223475_PM_at",0.52084,0.00896,3.3,-2.441479,1.7040255,"CRISPLD1","cysteine rich secretory protein LCCL domain containing 1","CRISPLD1","Upregulated"
"207076_PM_s_at",0.52085,0.00897,-3.3,-2.442516,-1.63134167,"ASS1","argininosuccinate synthase 1","ASS1","Downregulated"
"37892_PM_at",0.52104,0.00898,3.3,-2.443853,3.78661098,"COL11A1","collagen type XI alpha 1 chain","COL11A1","Upregulated"
"242137_PM_at",0.52247,0.00905,-3.29,-2.451248,-1.02913325,"RBMS3","RNA binding motif single stranded interacting protein 3","RBMS3","Downregulated"
"209101_PM_at",0.52247,0.00905,3.29,-2.451393,3.294055,"CTGF","connective tissue growth factor","CTGF","Upregulated"
"219249_PM_s_at",0.52247,0.00905,3.29,-2.451626,1.82477417,"FKBP10","FK506 binding protein 10","FKBP10","Upregulated"
"227868_PM_at",0.52247,0.00907,3.29,-2.45365,1.14571283,"LOC154761","family with sequence similarity 115, member C pseudogene","LOC154761","Upregulated"
"204314_PM_s_at",0.52247,0.00912,-3.29,-2.458202,-0.67614333,"CREB1","cAMP responsive element binding protein 1","CREB1","Downregulated"
"AFFX-HUMISGF3A/M97935_3_at",0.52247,0.00912,-3.29,-2.458236,-1.52029167,"STAT1","signal transducer and activator of transcription 1","STAT1","Downregulated"
"203039_PM_s_at",0.52247,0.00912,-3.29,-2.458601,-1.31816655,"NDUFS1","NADH:ubiquinone oxidoreductase core subunit S1","NDUFS1","Downregulated"
"216252_PM_x_at",0.52247,0.00913,3.29,-2.459876,0.968185,"FAS","Fas cell surface death receptor","FAS","Upregulated"
"216305_PM_s_at",0.52247,0.00914,-3.29,-2.460234,-1.04630417,"GCFC2","GC-rich sequence DNA-binding factor 2","GCFC2","Downregulated"
"221760_PM_at",0.52247,0.00914,-3.29,-2.460384,-1.58642333,"MAN1A1","mannosidase alpha class 1A member 1","MAN1A1","Downregulated"
"238752_PM_at",0.52249,0.00915,-3.28,-2.461397,-1.08715833,"GPLD1","glycosylphosphatidylinositol specific phospholipase D1","GPLD1","Downregulated"
"1554789_PM_a_at",0.52264,0.00918,-3.28,-2.464642,-1.69546833,"PDE8B","phosphodiesterase 8B","PDE8B","Downregulated"
"218205_PM_s_at",0.52403,0.00923,-3.28,-2.469839,-1.23695,"MKNK2","MAP kinase interacting serine/threonine kinase 2","MKNK2","Downregulated"
"237910_PM_x_at",0.52404,0.00924,-3.28,-2.471092,-0.91077833,"FAM92A1","family with sequence similarity 92 member A1","FAM92A1","Downregulated"
"213970_PM_at",0.52456,0.00926,-3.28,-2.473258,-1.26699017,"RABL3","RAB, member of RAS oncogene family like 3","RABL3","Downregulated"
"1552327_PM_at",0.52626,0.00932,-3.27,-2.479077,-0.64682333,"ARMCX4","armadillo repeat containing, X-linked 4","ARMCX4","Downregulated"
"221819_PM_at",0.52626,0.00933,-3.27,-2.479973,-0.62976667,"RAB35","RAB35, member RAS oncogene family","RAB35","Downregulated"
"235368_PM_at",0.52687,0.00935,-3.27,-2.482043,-1.52560033,"ADAMTS5","ADAM metallopeptidase with thrombospondin type 1 motif 5","ADAMTS5","Downregulated"
"226448_PM_at",0.52697,0.00937,-3.27,-2.484087,-1.948885,"FAM89A","family with sequence similarity 89 member A","FAM89A","Downregulated"
"202942_PM_at",0.52697,0.00937,-3.27,-2.484167,-1.91443667,"ETFB","electron transfer flavoprotein beta subunit","ETFB","Downregulated"
"204134_PM_at",0.52798,0.00941,-3.27,-2.487767,-1.44510367,"PDE2A","phosphodiesterase 2A","PDE2A","Downregulated"
"229600_PM_s_at",0.52984,0.00948,-3.26,-2.494656,-0.83887,"CPD","carboxypeptidase D","CPD","Downregulated"
"203088_PM_at",0.52984,0.00948,-3.26,-2.495111,-1.481305,"FBLN5","fibulin 5","FBLN5","Downregulated"
"202250_PM_s_at",0.53034,0.00953,-3.26,-2.500506,-1.40441883,"DCAF8","DDB1 and CUL4 associated factor 8","DCAF8","Downregulated"
"227086_PM_at",0.53034,0.00954,-3.26,-2.500825,-1.04045,"C22orf39","chromosome 22 open reading frame 39","C22orf39","Downregulated"
"227167_PM_s_at",0.53118,0.00957,-3.26,-2.504337,-1.17107667,"RASSF3","Ras association domain family member 3","RASSF3","Downregulated"
"204879_PM_at",0.53118,0.00959,3.26,-2.505951,1.99146833,"PDPN","podoplanin","PDPN","Upregulated"
"225663_PM_at",0.53263,0.00963,-3.25,-2.509683,-1.161494,"ACBD5","acyl-CoA binding domain containing 5","ACBD5","Downregulated"
"1553555_PM_at",0.53513,0.00969,3.25,-2.516019,0.72832983,"TAS2R38","taste 2 receptor member 38","TAS2R38","Upregulated"
"243717_PM_at",0.53578,0.00973,3.25,-2.520018,0.8264806,"EPHA10","EPH receptor A10","EPHA10","Upregulated"
"225527_PM_at",0.53671,0.00976,-3.24,-2.522656,-1.06119833,"CEBPG","CCAAT/enhancer binding protein gamma","CEBPG","Downregulated"
"218062_PM_x_at",0.53721,0.0098,-3.24,-2.526567,-1.18094833,"CDC42EP4","CDC42 effector protein 4","CDC42EP4","Downregulated"
"215393_PM_s_at",0.53896,0.00988,-3.24,-2.533892,-1.13327783,"COBLL1","cordon-bleu WH2 repeat protein like 1","COBLL1","Downregulated"
"206188_PM_at",0.53896,0.00988,-3.24,-2.534017,-1.08227667,"ZNF623","zinc finger protein 623","ZNF623","Downregulated"
"208997_PM_s_at",0.53964,0.00991,-3.24,-2.537037,-2.04277333,"UCP2","uncoupling protein 2","UCP2","Downregulated"
"209227_PM_at",0.53964,0.00992,-3.23,-2.537776,-0.86241783,"TUSC3","tumor suppressor candidate 3","TUSC3","Downregulated"
"203615_PM_x_at",0.54153,0.00999,-3.23,-2.54426,-1.04571333,"SULT1A1","sulfotransferase family 1A member 1","SULT1A1","Downregulated"
"218846_PM_at",0.54307,0.01,-3.23,-2.549402,-1.05653833,"MED23","mediator complex subunit 23","MED23","Downregulated"
"216902_PM_s_at",0.54483,0.0101,-3.22,-2.558535,-1.11574333,"RRN3P1","RRN3 homolog, RNA polymerase I transcription factor pseudogene 1///RRN3 homolog, RNA polymerase I transcription factor pseudogene 2///RRN3 homolog, RNA polymerase I transcription factor","RRN3P1","Downregulated"
"216902_PM_s_at",0.54483,0.0101,-3.22,-2.558535,-1.11574333,"RRN3P2","RRN3 homolog, RNA polymerase I transcription factor pseudogene 1///RRN3 homolog, RNA polymerase I transcription factor pseudogene 2///RRN3 homolog, RNA polymerase I transcription factor","RRN3P2","Downregulated"
"216902_PM_s_at",0.54483,0.0101,-3.22,-2.558535,-1.11574333,"RRN3","RRN3 homolog, RNA polymerase I transcription factor pseudogene 1///RRN3 homolog, RNA polymerase I transcription factor pseudogene 2///RRN3 homolog, RNA polymerase I transcription factor","RRN3","Downregulated"
"209311_PM_at",0.54483,0.0101,-3.22,-2.559347,-1.366705,"BCL2L2","BCL2 like 2","BCL2L2","Downregulated"
"228638_PM_at",0.54483,0.0102,-3.22,-2.560295,-1.2725015,"FAM76A","family with sequence similarity 76 member A","FAM76A","Downregulated"
"208770_PM_s_at",0.54483,0.0102,-3.22,-2.561143,-1.24766667,"EIF4EBP2","eukaryotic translation initiation factor 4E binding protein 2","EIF4EBP2","Downregulated"
"209747_PM_at",0.54483,0.0102,3.22,-2.561187,1.38042167,"TGFB3","transforming growth factor beta 3","TGFB3","Upregulated"
"204971_PM_at",0.54509,0.0102,-3.22,-2.562552,-1.71034833,"CSTA","cystatin A","CSTA","Downregulated"
"226607_PM_at",0.54564,0.0102,-3.22,-2.565355,-0.74983833,"C20orf194","chromosome 20 open reading frame 194","C20orf194","Downregulated"
"238989_PM_at",0.5458,0.0103,-3.21,-2.569521,-0.93718333,"C1GALT1C1","C1GALT1 specific chaperone 1","C1GALT1C1","Downregulated"
"201615_PM_x_at",0.5458,0.0103,3.21,-2.569633,1.32429,"CALD1","caldesmon 1","CALD1","Upregulated"
"220990_PM_s_at",0.5458,0.0103,3.21,-2.570623,1.99851667,"VMP1","microRNA 21///vacuole membrane protein 1","VMP1","Upregulated"
"202279_PM_at",0.5458,0.0103,-3.21,-2.572795,-1.38843667,"C14orf2","chromosome 14 open reading frame 2","C14orf2","Downregulated"
"238062_PM_at",0.5458,0.0103,-3.21,-2.572969,-1.27133333,"GPIHBP1","glycosylphosphatidylinositol anchored high density lipoprotein binding protein 1","GPIHBP1","Downregulated"
"213735_PM_s_at",0.5458,0.0103,-3.21,-2.57452,-1.07087667,"COX5B","cytochrome c oxidase subunit 5B","COX5B","Downregulated"
"221562_PM_s_at",0.5458,0.0103,-3.21,-2.574816,-1.0658799,"SIRT3","sirtuin 3","SIRT3","Downregulated"
"221295_PM_at",0.54961,0.0104,-3.2,-2.584132,-1.97130833,"CIDEA","cell death-inducing DFFA-like effector a","CIDEA","Downregulated"
"204257_PM_at",0.55189,0.0105,-3.2,-2.588953,-0.73112117,"FADS3","fatty acid desaturase 3","FADS3","Downregulated"
"225809_PM_at",0.55263,0.0105,-3.2,-2.591808,-1.17712167,"PARM1","prostate androgen-regulated mucin-like protein 1","PARM1","Downregulated"
"1566505_PM_at",0.55263,0.0105,-3.2,-2.592037,-1.1107025,"ERVK13-1","endogenous retrovirus group K13 member 1","ERVK13-1","Downregulated"
"208883_PM_at",0.55264,0.0105,-3.2,-2.592956,-1.2806305,"UBR5","ubiquitin protein ligase E3 component n-recognin 5","UBR5","Downregulated"
"39729_PM_at",0.55277,0.0105,-3.2,-2.594095,-1.34915333,"PRDX2","peroxiredoxin 2","PRDX2","Downregulated"
"206026_PM_s_at",0.55359,0.0106,3.2,-2.596395,1.64126833,"TNFAIP6","TNF alpha induced protein 6","TNFAIP6","Upregulated"
"222266_PM_at",0.55491,0.0106,-3.19,-2.600448,-1.24924333,"URI1","URI1, prefoldin like chaperone","URI1","Downregulated"
"229768_PM_at",0.55604,0.0106,-3.19,-2.603465,-1.16538192,"OR51E1","olfactory receptor family 51 subfamily E member 1","OR51E1","Downregulated"
"220444_PM_at",0.55604,0.0106,3.19,-2.604789,0.669617,"ZNF557","zinc finger protein 557","ZNF557","Upregulated"
"230933_PM_at",0.55604,0.0107,3.19,-2.605094,0.98186217,"DSTN","destrin, actin depolymerizing factor","DSTN","Upregulated"
"201568_PM_at",0.55606,0.0107,-3.19,-2.606015,-1.29891167,"UQCRQ","ubiquinol-cytochrome c reductase complex III subunit VII","UQCRQ","Downregulated"
"202796_PM_at",0.55624,0.0107,-3.19,-2.607471,-1.59799,"SYNPO","synaptopodin","SYNPO","Downregulated"
"230213_PM_at",0.55624,0.0107,3.19,-2.608123,1.04290667,"C19orf43","chromosome 19 open reading frame 43","C19orf43","Upregulated"
"231174_PM_s_at",0.55661,0.0107,-3.19,-2.610392,-1.28248333,"EPB41L2","erythrocyte membrane protein band 4.1 like 2","EPB41L2","Downregulated"
"233057_PM_at",0.55661,0.0107,3.19,-2.610542,0.69379167,"HSPB8","heat shock protein family B (small) member 8","HSPB8","Upregulated"
"208712_PM_at",0.5588,0.0108,-3.18,-2.615577,-1.68303667,"CCND1","cyclin D1","CCND1","Downregulated"
"214919_PM_s_at",0.5588,0.0108,-3.18,-2.616055,-0.93592717,"ANKHD1-EIF4EBP3","ANKHD1-EIF4EBP3 readthrough///eukaryotic translation initiation factor 4E binding protein 3","ANKHD1-EIF4EBP3","Downregulated"
"214919_PM_s_at",0.5588,0.0108,-3.18,-2.616055,-0.93592717,"EIF4EBP3","ANKHD1-EIF4EBP3 readthrough///eukaryotic translation initiation factor 4E binding protein 3","EIF4EBP3","Downregulated"
"238490_PM_at",0.55984,0.0108,-3.18,-2.620485,-1.34753333,"KIAA2026","KIAA2026","KIAA2026","Downregulated"
"219874_PM_at",0.56023,0.0108,3.18,-2.622035,2.44634917,"SLC12A8","solute carrier family 12 member 8","SLC12A8","Upregulated"
"201069_PM_at",0.56283,0.0109,3.18,-2.627299,1.95519833,"MMP2","matrix metallopeptidase 2","MMP2","Upregulated"
"227203_PM_at",0.56376,0.0109,-3.17,-2.630087,-1.10693333,"FBXL17","F-box and leucine rich repeat protein 17","FBXL17","Downregulated"
"204497_PM_at",0.56376,0.011,-3.17,-2.632733,-0.695265,"ADCY9","adenylate cyclase 9","ADCY9","Downregulated"
"226412_PM_at",0.56376,0.011,-3.17,-2.633867,-1.12959833,"PNISR","PNN interacting serine and arginine rich protein","PNISR","Downregulated"
"240079_PM_at",0.56376,0.011,3.17,-2.634202,1.21814,"ZNF81","zinc finger protein 81","ZNF81","Upregulated"
"213265_PM_at",0.56792,0.0111,-3.17,-2.642914,-1.125199,"PGA4","pepsinogen 4, group I (pepsinogen A)///pepsinogen 3, group I (pepsinogen A)///pepsinogen 5, group I (pepsinogen A)","PGA4","Downregulated"
"213265_PM_at",0.56792,0.0111,-3.17,-2.642914,-1.125199,"PGA3","pepsinogen 4, group I (pepsinogen A)///pepsinogen 3, group I (pepsinogen A)///pepsinogen 5, group I (pepsinogen A)","PGA3","Downregulated"
"213265_PM_at",0.56792,0.0111,-3.17,-2.642914,-1.125199,"PGA5","pepsinogen 4, group I (pepsinogen A)///pepsinogen 3, group I (pepsinogen A)///pepsinogen 5, group I (pepsinogen A)","PGA5","Downregulated"
"1552256_PM_a_at",0.56794,0.0111,-3.17,-2.644507,-0.92839167,"SCARB1","scavenger receptor class B member 1","SCARB1","Downregulated"
"203846_PM_at",0.56794,0.0111,-3.17,-2.644718,-0.89761833,"TRIM32","tripartite motif containing 32","TRIM32","Downregulated"
"210933_PM_s_at",0.56863,0.0111,3.16,-2.646743,1.65506,"FSCN1","fascin actin-bundling protein 1","FSCN1","Upregulated"
"224593_PM_at",0.5725,0.0112,-3.16,-2.65578,-1.77397,"ZNF664","zinc finger protein 664","ZNF664","Downregulated"
"206444_PM_at",0.57354,0.0113,3.16,-2.658386,0.876227,"PDE1B","phosphodiesterase 1B","PDE1B","Upregulated"
"220839_PM_at",0.5736,0.0113,-3.15,-2.660975,-1.71168018,"METTL5","methyltransferase like 5","METTL5","Downregulated"
"225613_PM_at",0.5736,0.0113,-3.15,-2.661105,-1.29591333,"MAST4","microtubule associated serine/threonine kinase family member 4","MAST4","Downregulated"
"228557_PM_at",0.57416,0.0113,-3.15,-2.664481,-0.68390517,"L3MBTL4","l(3)mbt-like 4 (Drosophila)","L3MBTL4","Downregulated"
"1556033_PM_at",0.57416,0.0114,-3.15,-2.665525,-0.82247833,"LINC01138","long intergenic non-protein coding RNA 1138","LINC01138","Downregulated"
"201380_PM_at",0.57638,0.0114,-3.15,-2.670285,-0.95778333,"CRTAP","cartilage associated protein","CRTAP","Downregulated"
"205735_PM_s_at",0.57638,0.0114,-3.15,-2.670909,-1.22379283,"AFF3","AF4/FMR2 family member 3","AFF3","Downregulated"
"234488_PM_s_at",0.57786,0.0115,-3.15,-2.674903,-0.76437083,"GMCL1P1","germ cell-less, spermatogenesis associated 1 pseudogene 1///germ cell-less, spermatogenesis associated 1","GMCL1P1","Downregulated"
"217759_PM_at",0.57799,0.0115,-3.14,-2.677888,-0.89387,"TRIM44","tripartite motif containing 44","TRIM44","Downregulated"
"212956_PM_at",0.57825,0.0115,-3.14,-2.68012,-1.05112,"TBC1D9","TBC1 domain family member 9","TBC1D9","Downregulated"
"202325_PM_s_at",0.57825,0.0115,-3.14,-2.680911,-1.95477833,"ATP5J","ATP synthase, H+ transporting, mitochondrial Fo complex subunit F6","ATP5J","Downregulated"
"221104_PM_s_at",0.57961,0.0116,-3.14,-2.685729,-1.3603465,"NIPSNAP3B","nipsnap homolog 3B","NIPSNAP3B","Downregulated"
"221139_PM_s_at",0.5808,0.0117,-3.13,-2.692067,-1.91202333,"CSAD","cysteine sulfinic acid decarboxylase","CSAD","Downregulated"
"205082_PM_s_at",0.5808,0.0117,-3.13,-2.693271,-1.26336,"AOX1","aldehyde oxidase 1","AOX1","Downregulated"
"219576_PM_at",0.5808,0.0117,-3.13,-2.693392,-0.97426333,"MAP7D3","MAP7 domain containing 3","MAP7D3","Downregulated"
"223058_PM_at",0.5808,0.0117,-3.13,-2.693678,-1.10557,"FAM107B","family with sequence similarity 107 member B","FAM107B","Downregulated"
"204345_PM_at",0.58118,0.0117,3.13,-2.695402,2.12623667,"COL16A1","collagen type XVI alpha 1 chain","COL16A1","Upregulated"
"220161_PM_s_at",0.58118,0.0117,-3.13,-2.696597,-2.62900017,"EPB41L4B","erythrocyte membrane protein band 4.1 like 4B","EPB41L4B","Downregulated"
"236044_PM_at",0.58118,0.0117,3.13,-2.696864,0.658042,"PLPP4","phospholipid phosphatase 4","PLPP4","Upregulated"
"202976_PM_s_at",0.58177,0.0118,-3.13,-2.698677,-2.32281717,"RHOBTB3","Rho related BTB domain containing 3","RHOBTB3","Downregulated"
"208680_PM_at",0.58334,0.0118,-3.13,-2.703769,-1.13148667,"PRDX1","peroxiredoxin 1","PRDX1","Downregulated"
"213943_PM_at",0.58341,0.0118,3.13,-2.704743,2.19278667,"TWIST1","twist family bHLH transcription factor 1","TWIST1","Upregulated"
"202465_PM_at",0.58394,0.0119,3.12,-2.707217,1.56403167,"PCOLCE","procollagen C-endopeptidase enhancer","PCOLCE","Upregulated"
"204813_PM_at",0.58394,0.0119,-3.12,-2.707361,-1.47229683,"MAPK10","mitogen-activated protein kinase 10","MAPK10","Downregulated"
"201937_PM_s_at",0.58394,0.0119,-3.12,-2.708152,-1.00117783,"DNPEP","aspartyl aminopeptidase","DNPEP","Downregulated"
"222651_PM_s_at",0.58427,0.0119,3.12,-2.709524,0.83421667,"TRPS1","transcriptional repressor GATA binding 1","TRPS1","Upregulated"
"216037_PM_x_at",0.58434,0.012,-3.12,-2.714271,-0.89709667,"TCF7L2","transcription factor 7 like 2","TCF7L2","Downregulated"
"223378_PM_at",0.58434,0.012,3.12,-2.715183,1.125805,"GLIS2","GLIS family zinc finger 2","GLIS2","Upregulated"
"223066_PM_at",0.58434,0.012,-3.12,-2.71873,-1.06742,"SNAPIN","SNAP associated protein","SNAPIN","Downregulated"
"215000_PM_s_at",0.58434,0.012,-3.12,-2.719037,-1.22928,"FEZ2","fasciculation and elongation protein zeta 2","FEZ2","Downregulated"
"223707_PM_at",0.58434,0.012,3.12,-2.721645,1.09984,"RPL27A","ribosomal protein L27a","RPL27A","Upregulated"
"223009_PM_at",0.58434,0.0121,-3.11,-2.723416,-0.81552667,"LAMTOR1","late endosomal/lysosomal adaptor, MAPK and MTOR activator 1","LAMTOR1","Downregulated"
"202760_PM_s_at",0.58434,0.0121,-3.11,-2.72364,-1.25151,"PALM2-AKAP2","PALM2-AKAP2 readthrough///A-kinase anchoring protein 2","PALM2-AKAP2","Downregulated"
"202760_PM_s_at",0.58434,0.0121,-3.11,-2.72364,-1.25151,"AKAP2","PALM2-AKAP2 readthrough///A-kinase anchoring protein 2","AKAP2","Downregulated"
"1562305_PM_x_at",0.58434,0.0121,-3.11,-2.726392,-1.10060667,"ZKSCAN3","zinc finger with KRAB and SCAN domains 3","ZKSCAN3","Downregulated"
"202259_PM_s_at",0.58434,0.0121,-3.11,-2.726405,-1.40754667,"N4BP2L2","NEDD4 binding protein 2 like 2","N4BP2L2","Downregulated"
"242722_PM_at",0.58434,0.0121,3.11,-2.726606,2.70673267,"LMO7","LIM domain 7","LMO7","Upregulated"
"205194_PM_at",0.58434,0.0121,-3.11,-2.726677,-1.03332467,"PSPH","phosphoserine phosphatase","PSPH","Downregulated"
"232676_PM_x_at",0.58434,0.0121,-3.11,-2.726799,-1.0085,"MYEF2","myelin expression factor 2","MYEF2","Downregulated"
"202905_PM_x_at",0.58434,0.0121,-3.11,-2.727642,-1.23017167,"NBN","nibrin","NBN","Downregulated"
"226745_PM_at",0.58434,0.0121,-3.11,-2.727895,-0.76615,"CYP4V2","cytochrome P450 family 4 subfamily V member 2","CYP4V2","Downregulated"
"223039_PM_at",0.58434,0.0121,-3.11,-2.728899,-1.73556333,"GUCD1","guanylyl cyclase domain containing 1","GUCD1","Downregulated"
"226546_PM_at",0.58434,0.0122,-3.11,-2.729531,-0.76906333,"LOC100506844","uncharacterized LOC100506844","LOC100506844","Downregulated"
"216230_PM_x_at",0.58434,0.0122,3.11,-2.72955,0.95381363,"SMPD1","sphingomyelin phosphodiesterase 1","SMPD1","Upregulated"
"228590_PM_at",0.58434,0.0122,-3.11,-2.732328,-1.02600833,"PTCD3","pentatricopeptide repeat domain 3","PTCD3","Downregulated"
"203036_PM_s_at",0.58434,0.0122,3.11,-2.733305,0.96917333,"MTSS1","metastasis suppressor 1","MTSS1","Upregulated"
"241943_PM_at",0.58434,0.0122,3.11,-2.733477,0.736442,"CCDC58P3","coiled-coil domain containing 58 pseudogene 3","CCDC58P3","Upregulated"
"231698_PM_at",0.58434,0.0122,-3.11,-2.735152,-1.77203,"LOC647115","translation initiation factor IF-2","LOC647115","Downregulated"
"221195_PM_at",0.58434,0.0122,-3.11,-2.735279,-0.74854005,"RNFT1","ring finger protein, transmembrane 1","RNFT1","Downregulated"
"201134_PM_x_at",0.58434,0.0122,-3.11,-2.737067,-1.15250667,"COX7C","cytochrome c oxidase subunit 7C","COX7C","Downregulated"
"241368_PM_at",0.58434,0.0123,-3.1,-2.737824,-1.2151,"PLIN5","perilipin 5","PLIN5","Downregulated"
"227408_PM_s_at",0.58434,0.0123,3.1,-2.738269,1.19702333,"SNX25","sorting nexin 25","SNX25","Upregulated"
"204779_PM_s_at",0.58434,0.0123,-3.1,-2.73837,-1.071643,"HOXB7","homeobox B7","HOXB7","Downregulated"
"219251_PM_s_at",0.58434,0.0123,-3.1,-2.73884,-1.08881133,"WDR60","WD repeat domain 60","WDR60","Downregulated"
"205566_PM_at",0.58458,0.0123,3.1,-2.740048,0.80705167,"ABHD2","abhydrolase domain containing 2","ABHD2","Upregulated"
"203500_PM_at",0.58522,0.0123,-3.1,-2.743066,-0.81097528,"GCDH","glutaryl-CoA dehydrogenase","GCDH","Downregulated"
"216060_PM_s_at",0.58522,0.0123,-3.1,-2.744074,-1.37739833,"DAAM1","dishevelled associated activator of morphogenesis 1","DAAM1","Downregulated"
"222438_PM_at",0.58522,0.0124,-3.1,-2.746676,-0.80603983,"MED4","mediator complex subunit 4","MED4","Downregulated"
"1553137_PM_s_at",0.58522,0.0124,-3.1,-2.746806,-0.87859,"KLF11","Kruppel like factor 11","KLF11","Downregulated"
"210684_PM_s_at",0.58725,0.0124,3.1,-2.751701,1.27357667,"DLG4","discs large MAGUK scaffold protein 4","DLG4","Upregulated"
"235119_PM_at",0.58742,0.0125,-3.1,-2.752783,-0.97064883,"TAF3","TATA-box binding protein associated factor 3","TAF3","Downregulated"
"222021_PM_x_at",0.58746,0.0125,-3.09,-2.753672,-1.03731667,"SDHAP2","succinate dehydrogenase complex flavoprotein subunit A pseudogene 2///succinate dehydrogenase complex flavoprotein subunit A pseudogene 1///succinate dehydrogenase complex flavoprotein subunit A","SDHAP2","Downregulated"
"222021_PM_x_at",0.58746,0.0125,-3.09,-2.753672,-1.03731667,"SDHAP1","succinate dehydrogenase complex flavoprotein subunit A pseudogene 2///succinate dehydrogenase complex flavoprotein subunit A pseudogene 1///succinate dehydrogenase complex flavoprotein subunit A","SDHAP1","Downregulated"
"222021_PM_x_at",0.58746,0.0125,-3.09,-2.753672,-1.03731667,"SDHA","succinate dehydrogenase complex flavoprotein subunit A pseudogene 2///succinate dehydrogenase complex flavoprotein subunit A pseudogene 1///succinate dehydrogenase complex flavoprotein subunit A","SDHA","Downregulated"
"205000_PM_at",0.59221,0.0126,-3.09,-2.762069,-2.82126967,"DDX3Y","DEAD-box helicase 3, Y-linked","DDX3Y","Downregulated"
"213065_PM_at",0.59256,0.0126,-3.09,-2.76344,-1.28470833,"ZFC3H1","zinc finger C3H1-type containing","ZFC3H1","Downregulated"
"203800_PM_s_at",0.59279,0.0126,-3.09,-2.766157,-1.19620667,"MRPS14","mitochondrial ribosomal protein S14","MRPS14","Downregulated"
"209869_PM_at",0.59295,0.0127,-3.08,-2.768433,-1.25759333,"ADRA2A","adrenoceptor alpha 2A","ADRA2A","Downregulated"
"210935_PM_s_at",0.59295,0.0127,3.08,-2.768926,1.36154333,"WDR1","WD repeat domain 1","WDR1","Upregulated"
"1553235_PM_at",0.59377,0.0127,3.08,-2.771831,0.63959067,"PCDHAC1","protocadherin alpha subfamily C, 1","PCDHAC1","Upregulated"
"229450_PM_at",0.59393,0.0127,-3.08,-2.772898,-1.55748,"IFIT3","interferon induced protein with tetratricopeptide repeats 3","IFIT3","Downregulated"
"225811_PM_at",0.5965,0.0128,-3.08,-2.779241,-1.14674167,"C11orf58","chromosome 11 open reading frame 58","C11orf58","Downregulated"
"220092_PM_s_at",0.59677,0.0128,3.08,-2.780791,2.63924667,"ANTXR1","anthrax toxin receptor 1","ANTXR1","Upregulated"
"202134_PM_s_at",0.59677,0.0128,3.08,-2.781417,0.89134,"WWTR1","WW domain containing transcription regulator 1","WWTR1","Upregulated"
"225817_PM_at",0.60011,0.0129,3.07,-2.78873,0.86605333,"CGNL1","cingulin like 1","CGNL1","Upregulated"
"218368_PM_s_at",0.60011,0.013,3.07,-2.791635,1.18385733,"TNFRSF12A","TNF receptor superfamily member 12A","TNFRSF12A","Upregulated"
"222033_PM_s_at",0.60011,0.013,-3.07,-2.791862,-1.98019,"FLT1","fms related tyrosine kinase 1","FLT1","Downregulated"
"240022_PM_at",0.60011,0.013,3.07,-2.791896,0.6488,"ZC3H4","zinc finger CCCH-type containing 4","ZC3H4","Upregulated"
"202175_PM_at",0.60011,0.013,3.07,-2.792267,1.34394,"CHPF","chondroitin polymerizing factor","CHPF","Upregulated"
"235695_PM_at",0.60013,0.013,-3.07,-2.793097,-0.74339533,"INPP4A","inositol polyphosphate-4-phosphatase type I A","INPP4A","Downregulated"
"227113_PM_at",0.60085,0.013,-3.07,-2.79502,-1.09560167,"ADHFE1","alcohol dehydrogenase, iron containing 1","ADHFE1","Downregulated"
"227322_PM_s_at",0.60209,0.0131,-3.06,-2.799346,-1.50375333,"BCCIP","BRCA2 and CDKN1A interacting protein","BCCIP","Downregulated"
"225829_PM_at",0.60469,0.0132,3.06,-2.805287,0.89744467,"PDZD8","PDZ domain containing 8","PDZD8","Upregulated"
"223974_PM_at",0.60469,0.0132,3.06,-2.806058,1.03998675,"DLGAP1-AS2","DLGAP1 antisense RNA 2","DLGAP1-AS2","Upregulated"
"222985_PM_at",0.60522,0.0132,-3.06,-2.808199,-1.849635,"YWHAG","tyrosine 3-monooxygenase/tryptophan 5-monooxygenase activation protein gamma","YWHAG","Downregulated"
"1552643_PM_at",0.60527,0.0132,-3.06,-2.809072,-0.809435,"ZNF626","zinc finger protein 626","ZNF626","Downregulated"
"205779_PM_at",0.60688,0.0133,-3.06,-2.812352,-1.38057,"RAMP2","receptor activity modifying protein 2","RAMP2","Downregulated"
"209797_PM_at",0.6096,0.0134,-3.05,-2.819781,-1.57765167,"CNPY2","canopy FGF signaling regulator 2","CNPY2","Downregulated"
"1560109_PM_s_at",0.6096,0.0134,-3.05,-2.820511,-1.13151833,"LOC401433","uncharacterized LOC401433///negative regulator of ubiquitin like proteins 1","LOC401433","Downregulated"
"1560109_PM_s_at",0.6096,0.0134,-3.05,-2.820511,-1.13151833,"NUB1","uncharacterized LOC401433///negative regulator of ubiquitin like proteins 1","NUB1","Downregulated"
"206555_PM_s_at",0.6133,0.0135,-3.04,-2.830344,-0.91957467,"THUMPD1","THUMP domain containing 1","THUMPD1","Downregulated"
"1553590_PM_at",0.6133,0.0135,3.04,-2.830926,1.24297833,"FAM27E3","family with sequence similarity 27 member E3","FAM27E3","Upregulated"
"1562238_PM_at",0.6133,0.0135,3.04,-2.83169,0.69129312,"USPL1","ubiquitin specific peptidase like 1","USPL1","Upregulated"
"220326_PM_s_at",0.61591,0.0136,-3.04,-2.836486,-1.2207195,"ARHGEF40","Rho guanine nucleotide exchange factor 40","ARHGEF40","Downregulated"
"226924_PM_at",0.61671,0.0136,-3.04,-2.838946,-0.70345167,"LINC00909","long intergenic non-protein coding RNA 909","LINC00909","Downregulated"
"1569607_PM_s_at",0.61671,0.0136,-3.04,-2.839255,-2.4220815,"ANKRD20A13P","ankyrin repeat domain 20 family member A13, pseudogene///ankyrin repeat domain 20 family member A4///ankyrin repeat domain-containing protein 20A2-like///ankyrin repeat domain 20 family member A2///ankyrin repeat domain 20 family member A3///ankyrin repeat domain 20 family member A5, pseudogene///ankyrin repeat domain 20 family member A11, pseudogene///ankyrin repeat domain 20 family member A1","ANKRD20A13P","Downregulated"
"1569607_PM_s_at",0.61671,0.0136,-3.04,-2.839255,-2.4220815,"ANKRD20A4","ankyrin repeat domain 20 family member A13, pseudogene///ankyrin repeat domain 20 family member A4///ankyrin repeat domain-containing protein 20A2-like///ankyrin repeat domain 20 family member A2///ankyrin repeat domain 20 family member A3///ankyrin repeat domain 20 family member A5, pseudogene///ankyrin repeat domain 20 family member A11, pseudogene///ankyrin repeat domain 20 family member A1","ANKRD20A4","Downregulated"
"1569607_PM_s_at",0.61671,0.0136,-3.04,-2.839255,-2.4220815,"LOC644339","ankyrin repeat domain 20 family member A13, pseudogene///ankyrin repeat domain 20 family member A4///ankyrin repeat domain-containing protein 20A2-like///ankyrin repeat domain 20 family member A2///ankyrin repeat domain 20 family member A3///ankyrin repeat domain 20 family member A5, pseudogene///ankyrin repeat domain 20 family member A11, pseudogene///ankyrin repeat domain 20 family member A1","LOC644339","Downregulated"
"1569607_PM_s_at",0.61671,0.0136,-3.04,-2.839255,-2.4220815,"ANKRD20A2","ankyrin repeat domain 20 family member A13, pseudogene///ankyrin repeat domain 20 family member A4///ankyrin repeat domain-containing protein 20A2-like///ankyrin repeat domain 20 family member A2///ankyrin repeat domain 20 family member A3///ankyrin repeat domain 20 family member A5, pseudogene///ankyrin repeat domain 20 family member A11, pseudogene///ankyrin repeat domain 20 family member A1","ANKRD20A2","Downregulated"
"1569607_PM_s_at",0.61671,0.0136,-3.04,-2.839255,-2.4220815,"ANKRD20A3","ankyrin repeat domain 20 family member A13, pseudogene///ankyrin repeat domain 20 family member A4///ankyrin repeat domain-containing protein 20A2-like///ankyrin repeat domain 20 family member A2///ankyrin repeat domain 20 family member A3///ankyrin repeat domain 20 family member A5, pseudogene///ankyrin repeat domain 20 family member A11, pseudogene///ankyrin repeat domain 20 family member A1","ANKRD20A3","Downregulated"
"1569607_PM_s_at",0.61671,0.0136,-3.04,-2.839255,-2.4220815,"ANKRD20A5P","ankyrin repeat domain 20 family member A13, pseudogene///ankyrin repeat domain 20 family member A4///ankyrin repeat domain-containing protein 20A2-like///ankyrin repeat domain 20 family member A2///ankyrin repeat domain 20 family member A3///ankyrin repeat domain 20 family member A5, pseudogene///ankyrin repeat domain 20 family member A11, pseudogene///ankyrin repeat domain 20 family member A1","ANKRD20A5P","Downregulated"
"1569607_PM_s_at",0.61671,0.0136,-3.04,-2.839255,-2.4220815,"ANKRD20A1","ankyrin repeat domain 20 family member A13, pseudogene///ankyrin repeat domain 20 family member A4///ankyrin repeat domain-containing protein 20A2-like///ankyrin repeat domain 20 family member A2///ankyrin repeat domain 20 family member A3///ankyrin repeat domain 20 family member A5, pseudogene///ankyrin repeat domain 20 family member A11, pseudogene///ankyrin repeat domain 20 family member A1","ANKRD20A1","Downregulated"
"200908_PM_s_at",0.61814,0.0137,-3.04,-2.843423,-1.26969833,"RPLP2","ribosomal protein lateral stalk subunit P2","RPLP2","Downregulated"
"219974_PM_x_at",0.61814,0.0137,-3.04,-2.843779,-0.95282333,"ECHDC1","ethylmalonyl-CoA decarboxylase 1","ECHDC1","Downregulated"
"219310_PM_at",0.62024,0.0138,3.03,-2.847745,0.922575,"SYNDIG1","synapse differentiation inducing 1","SYNDIG1","Upregulated"
"200013_PM_at",0.62038,0.0138,-3.03,-2.848747,-0.9039,"RPL24","ribosomal protein L24","RPL24","Downregulated"
"211986_PM_at",0.62153,0.0138,-3.03,-2.852801,-1.37501167,"AHNAK","AHNAK nucleoprotein","AHNAK","Downregulated"
"205489_PM_at",0.6233,0.0139,3.03,-2.85704,0.85601833,"CRYM","crystallin mu","CRYM","Upregulated"
"226558_PM_at",0.62455,0.014,-3.03,-2.860139,-1.45856167,"LOC389834","ankyrin repeat domain 57 pseudogene","LOC389834","Downregulated"
"1555397_PM_at",0.62455,0.014,3.02,-2.861252,0.798081,"MYO1D","myosin ID","MYO1D","Upregulated"
"1555630_PM_a_at",0.62455,0.014,3.02,-2.862006,0.90338,"RAB34","RAB34, member RAS oncogene family","RAB34","Upregulated"
"225314_PM_at",0.62712,0.0141,-3.02,-2.868261,-0.779755,"OCIAD2","OCIA domain containing 2","OCIAD2","Downregulated"
"237565_PM_at",0.62712,0.0141,-3.02,-2.869128,-0.6954055,"GCC2","GRIP and coiled-coil domain containing 2","GCC2","Downregulated"
"218024_PM_at",0.62712,0.0141,-3.02,-2.86968,-1.59383967,"MPC1","mitochondrial pyruvate carrier 1","MPC1","Downregulated"
"230435_PM_at",0.62712,0.0141,-3.02,-2.86971,-1.23437933,"FAM228B","family with sequence similarity 228 member B","FAM228B","Downregulated"
"224180_PM_x_at",0.63043,0.0142,-3.02,-2.876204,-1.00102233,"WDPCP","WD repeat containing planar cell polarity effector","WDPCP","Downregulated"
"200862_PM_at",0.6339,0.0143,-3.01,-2.882931,-0.99713667,"DHCR24","24-dehydrocholesterol reductase","DHCR24","Downregulated"
"223465_PM_at",0.63462,0.0143,-3.01,-2.885501,-1.2181265,"COL4A3BP","collagen type IV alpha 3 binding protein","COL4A3BP","Downregulated"
"213158_PM_at",0.63622,0.0144,-3.01,-2.889395,-1.24547833,"ZBTB20","zinc finger and BTB domain containing 20","ZBTB20","Downregulated"
"238584_PM_at",0.63764,0.0144,3,-2.892282,1.6358445,"IQCA1","IQ motif containing with AAA domain 1","IQCA1","Upregulated"
"201138_PM_s_at",0.63764,0.0145,-3,-2.893016,-1.40547167,"SSB","Sjogren syndrome antigen B","SSB","Downregulated"
"225139_PM_at",0.63852,0.0145,-3,-2.897354,-0.801215,"NFATC3","nuclear factor of activated T-cells 3","NFATC3","Downregulated"
"231628_PM_s_at",0.6403,0.0146,-3,-2.900726,-3.15377167,"SERPINB6","serpin family B member 6","SERPINB6","Downregulated"
"213371_PM_at",0.64062,0.0146,3,-2.902496,1.4180395,"LDB3","LIM domain binding 3","LDB3","Upregulated"
"201507_PM_at",0.64064,0.0146,-3,-2.903731,-0.93978167,"PFDN1","prefoldin subunit 1","PFDN1","Downregulated"
"213220_PM_at",0.64064,0.0146,-3,-2.904487,-1.20225333,"LOC100130175","uncharacterized LOC100130175///BBSome interacting protein 1","LOC100130175","Downregulated"
"213220_PM_at",0.64064,0.0146,-3,-2.904487,-1.20225333,"BBIP1","uncharacterized LOC100130175///BBSome interacting protein 1","BBIP1","Downregulated"
"1553129_PM_at",0.64064,0.0146,-3,-2.905002,-1.755475,"SVEP1","sushi, von Willebrand factor type A, EGF and pentraxin domain containing 1","SVEP1","Downregulated"
"231873_PM_at",0.64331,0.0147,-2.99,-2.910691,-1.436534,"BMPR2","bone morphogenetic protein receptor type 2","BMPR2","Downregulated"
"215046_PM_at",0.64331,0.0147,-2.99,-2.911182,-1.419595,"KANSL1L","KAT8 regulatory NSL complex subunit 1 like","KANSL1L","Downregulated"
"214739_PM_at",0.64331,0.0147,-2.99,-2.911937,-0.73219,"LRCH3","leucine rich repeats and calponin homology domain containing 3","LRCH3","Downregulated"
"201733_PM_at",0.64419,0.0148,-2.99,-2.914254,-0.6915065,"CLCN3","chloride voltage-gated channel 3","CLCN3","Downregulated"
"200876_PM_s_at",0.64419,0.0148,-2.99,-2.91472,-2.40734567,"PSMB1","proteasome subunit beta 1","PSMB1","Downregulated"
"225455_PM_at",0.64499,0.0148,-2.99,-2.916645,-0.70140833,"TADA1","transcriptional adaptor 1","TADA1","Downregulated"
"224263_PM_x_at",0.64706,0.0149,2.99,-2.920956,0.60732833,"ZAN","zonadhesin (gene/pseudogene)","ZAN","Upregulated"
"209582_PM_s_at",0.64706,0.0149,2.99,-2.921161,1.17893167,"CD200","CD200 molecule","CD200","Upregulated"
"244506_PM_at",0.64713,0.0149,-2.99,-2.922641,-1.83017867,"TMTC1","transmembrane and tetratricopeptide repeat containing 1","TMTC1","Downregulated"
"227114_PM_at",0.64713,0.0149,-2.98,-2.924254,-0.90043983,"RNF214","ring finger protein 214","RNF214","Downregulated"
"1558906_PM_a_at",0.64716,0.015,-2.98,-2.925036,-1.17163333,"OSER1-AS1","OSER1 antisense RNA 1 (head to head)","OSER1-AS1","Downregulated"
"238432_PM_at",0.64726,0.015,-2.98,-2.925931,-0.74183833,"DLGAP1-AS1","DLGAP1 antisense RNA 1","DLGAP1-AS1","Downregulated"
"231599_PM_x_at",0.64738,0.015,2.98,-2.927709,0.725,"DPF1","double PHD fingers 1","DPF1","Upregulated"
"244194_PM_at",0.64738,0.015,-2.98,-2.928281,-0.63180767,"ADAM22","ADAM metallopeptidase domain 22","ADAM22","Downregulated"
"228619_PM_x_at",0.64738,0.015,-2.98,-2.928338,-0.66599333,"TIPRL","TOR signaling pathway regulator","TIPRL","Downregulated"
"222116_PM_s_at",0.64755,0.015,-2.98,-2.929592,-1.09133333,"TBC1D16","TBC1 domain family member 16","TBC1D16","Downregulated"
"226657_PM_at",0.64755,0.015,-2.98,-2.93038,-2.152615,"NATD1","N-acetyltransferase domain containing 1","NATD1","Downregulated"
"203023_PM_at",0.6487,0.0151,2.98,-2.933224,0.76834093,"NOP16","NOP16 nucleolar protein","NOP16","Upregulated"
"210887_PM_s_at",0.6487,0.0151,2.98,-2.934133,0.94807933,"EVC","EvC ciliary complex subunit 1","EVC","Upregulated"
"1565641_PM_at",0.6487,0.0151,-2.98,-2.934699,-0.80000333,"C16orf45","chromosome 16 open reading frame 45","C16orf45","Downregulated"
"208086_PM_s_at",0.64921,0.0151,-2.98,-2.936171,-1.34281667,"DMD","dystrophin","DMD","Downregulated"
"1567679_PM_at",0.65127,0.0152,2.97,-2.939897,1.417652,"SNORA74A","small nucleolar RNA, H/ACA box 74A","SNORA74A","Upregulated"
"218236_PM_s_at",0.652,0.0152,-2.97,-2.943027,-1.04898133,"PRKD3","protein kinase D3","PRKD3","Downregulated"
"213103_PM_at",0.652,0.0152,-2.97,-2.943437,-1.02587833,"STARD13","StAR related lipid transfer domain containing 13","STARD13","Downregulated"
"211203_PM_s_at",0.652,0.0153,2.97,-2.943752,1.5433655,"CNTN1","contactin 1","CNTN1","Upregulated"
"202148_PM_s_at",0.652,0.0153,2.97,-2.943902,1.02487567,"PYCR1","pyrroline-5-carboxylate reductase 1","PYCR1","Upregulated"
"223474_PM_at",0.65369,0.0153,-2.97,-2.94928,-0.89944,"IRF2BPL","interferon regulatory factor 2 binding protein like","IRF2BPL","Downregulated"
"225662_PM_at",0.65463,0.0154,-2.97,-2.95204,-1.689065,"ZAK","sterile alpha motif and leucine zipper containing kinase AZK","ZAK","Downregulated"
"214680_PM_at",0.65463,0.0154,-2.97,-2.952786,-1.30359767,"NTRK2","neurotrophic receptor tyrosine kinase 2","NTRK2","Downregulated"
"203701_PM_s_at",0.65463,0.0154,2.97,-2.953356,0.80665833,"TRMT1","tRNA methyltransferase 1","TRMT1","Upregulated"
"224901_PM_at",0.65463,0.0154,2.97,-2.95356,0.908785,"SCD5","stearoyl-CoA desaturase 5","SCD5","Upregulated"
"226230_PM_at",0.655,0.0155,-2.96,-2.956344,-1.46859017,"PPP4R3B","protein phosphatase 4 regulatory subunit 3B","PPP4R3B","Downregulated"
"228259_PM_s_at",0.655,0.0155,-2.96,-2.956707,-0.99245667,"EPB41L4A","erythrocyte membrane protein band 4.1 like 4A","EPB41L4A","Downregulated"
"227995_PM_at",0.655,0.0155,2.96,-2.957347,0.98353833,"PLXDC2","plexin domain containing 2","PLXDC2","Upregulated"
"202464_PM_s_at",0.655,0.0155,-2.96,-2.957889,-2.69186667,"PFKFB3","6-phosphofructo-2-kinase/fructose-2,6-biphosphatase 3","PFKFB3","Downregulated"
"215384_PM_s_at",0.655,0.0155,2.96,-2.958581,1.77481,"MAP1A","microtubule associated protein 1A","MAP1A","Upregulated"
"228885_PM_at",0.65579,0.0155,-2.96,-2.96141,-1.74938333,"MAMDC2","MAM domain containing 2","MAMDC2","Downregulated"
"230034_PM_x_at",0.65608,0.0156,-2.96,-2.963725,-1.66065167,"MRPL41","mitochondrial ribosomal protein L41","MRPL41","Downregulated"
"203259_PM_s_at",0.65608,0.0156,-2.96,-2.964371,-1.81722333,"HDDC2","HD domain containing 2","HDDC2","Downregulated"
"226425_PM_at",0.6565,0.0157,-2.95,-2.969433,-1.53667667,"CLIP4","CAP-Gly domain containing linker protein family member 4","CLIP4","Downregulated"
"241353_PM_s_at",0.6565,0.0157,2.95,-2.972936,0.9266075,"LOC100507507","uncharacterized LOC100507507","LOC100507507","Upregulated"
"225953_PM_at",0.6565,0.0157,-2.95,-2.973147,-1.11167667,"RPRD1A","regulation of nuclear pre-mRNA domain containing 1A","RPRD1A","Downregulated"
"212650_PM_at",0.6565,0.0157,-2.95,-2.973628,-0.859585,"EHBP1","EH domain binding protein 1","EHBP1","Downregulated"
"204042_PM_at",0.6565,0.0158,-2.95,-2.974408,-1.54034667,"WASF3","WAS protein family member 3","WASF3","Downregulated"
"216333_PM_x_at",0.6565,0.0158,-2.95,-2.975631,-1.90377667,"TNXB","tenascin XB","TNXB","Downregulated"
"218557_PM_at",0.6565,0.0158,-2.95,-2.975745,-1.55012833,"NIT2","nitrilase family member 2","NIT2","Downregulated"
"203529_PM_at",0.6565,0.0158,-2.95,-2.975795,-0.89962333,"PPP6C","protein phosphatase 6 catalytic subunit","PPP6C","Downregulated"
"214321_PM_at",0.6565,0.0158,2.95,-2.976962,1.02602333,"NOV","nephroblastoma overexpressed","NOV","Upregulated"
"201509_PM_at",0.6565,0.0158,-2.95,-2.977021,-0.998574,"IDH3B","isocitrate dehydrogenase 3 (NAD(+)) beta","IDH3B","Downregulated"
"202598_PM_at",0.6565,0.0158,-2.95,-2.977192,-0.95649667,"S100A13","S100 calcium binding protein A13","S100A13","Downregulated"
"211985_PM_s_at",0.65675,0.0158,-2.95,-2.979026,-0.88737667,"CALM1","calmodulin 1","CALM1","Downregulated"
"204271_PM_s_at",0.65675,0.0159,-2.95,-2.980093,-2.59884667,"EDNRB","endothelin receptor type B","EDNRB","Downregulated"
"214295_PM_at",0.65675,0.0159,-2.95,-2.980483,-1.50829783,"KIAA0485","uncharacterized LOC57235","KIAA0485","Downregulated"
"234311_PM_s_at",0.65675,0.0159,-2.95,-2.982909,-1.159062,"GTPBP10","GTP binding protein 10","GTPBP10","Downregulated"
"223463_PM_at",0.65675,0.0159,2.95,-2.983338,0.688075,"RAB23","RAB23, member RAS oncogene family","RAB23","Upregulated"
"222841_PM_s_at",0.65675,0.0159,-2.95,-2.983597,-0.81657322,"TIMM22","translocase of inner mitochondrial membrane 22 homolog (yeast)","TIMM22","Downregulated"
"231511_PM_at",0.65675,0.0159,2.95,-2.984354,0.673155,"FRAS1","Fraser extracellular matrix complex subunit 1","FRAS1","Upregulated"
"218711_PM_s_at",0.65675,0.0159,-2.95,-2.984455,-0.92352167,"SDPR","serum deprivation response","SDPR","Downregulated"
"225936_PM_at",0.65675,0.0159,-2.95,-2.984461,-0.638187,"EID2","EP300 interacting inhibitor of differentiation 2","EID2","Downregulated"
"228492_PM_at",0.65697,0.016,-2.94,-2.987088,-0.98286677,"USP9Y","ubiquitin specific peptidase 9, Y-linked","USP9Y","Downregulated"
"213785_PM_at",0.65697,0.016,2.94,-2.987322,1.3711175,"IPO9","importin 9","IPO9","Upregulated"
"203803_PM_at",0.65697,0.016,-2.94,-2.9902,-1.6699245,"PCYOX1","prenylcysteine oxidase 1","PCYOX1","Downregulated"
"225562_PM_at",0.65697,0.016,-2.94,-2.990532,-2.213558,"RASA3","RAS p21 protein activator 3","RASA3","Downregulated"
"225444_PM_at",0.65697,0.016,-2.94,-2.990644,-0.64018167,"UBN2","ubinuclein 2","UBN2","Downregulated"
"221810_PM_at",0.65697,0.016,2.94,-2.991831,1.04069183,"RAB15","RAB15, member RAS oncogene family","RAB15","Upregulated"
"218667_PM_at",0.65697,0.0161,-2.94,-2.992374,-1.20563483,"PJA1","praja ring finger ubiquitin ligase 1","PJA1","Downregulated"
"219924_PM_s_at",0.65697,0.0161,-2.94,-2.992957,-0.76215117,"ZMYM6","zinc finger MYM-type containing 6","ZMYM6","Downregulated"
"1565537_PM_at",0.65697,0.0161,2.94,-2.993987,0.86523533,"NKX1-1","NK1 homeobox 1","NKX1-1","Upregulated"
"231015_PM_at",0.65697,0.0161,-2.94,-2.994891,-1.44003717,"KLF15","Kruppel like factor 15","KLF15","Downregulated"
"1556645_PM_s_at",0.65724,0.0161,2.94,-2.997471,0.71482667,"TNFRSF10B","TNF receptor superfamily member 10b","TNFRSF10B","Upregulated"
"209270_PM_at",0.65724,0.0162,-2.94,-2.998658,-0.80779817,"LAMB3","laminin subunit beta 3","LAMB3","Downregulated"
"229900_PM_at",0.65724,0.0162,2.93,-3.001697,0.96097667,"CD109","CD109 molecule","CD109","Upregulated"
"236087_PM_at",0.65724,0.0162,2.93,-3.001813,1.09999333,"ABLIM2","actin binding LIM protein family member 2","ABLIM2","Upregulated"
"215775_PM_at",0.65724,0.0162,2.93,-3.002021,2.079993,"THBS1","thrombospondin 1","THBS1","Upregulated"
"221249_PM_s_at",0.65724,0.0162,-2.93,-3.00267,-0.81194833,"FAM117A","family with sequence similarity 117 member A","FAM117A","Downregulated"
"223192_PM_at",0.65724,0.0163,-2.93,-3.004148,-1.11558833,"SLC25A28","solute carrier family 25 member 28","SLC25A28","Downregulated"
"200999_PM_s_at",0.65817,0.0163,2.93,-3.006357,1.64930833,"CKAP4","cytoskeleton associated protein 4","CKAP4","Upregulated"
"223281_PM_s_at",0.65969,0.0163,2.93,-3.009225,1.17327,"COX15","COX15, cytochrome c oxidase assembly homolog","COX15","Upregulated"
"206093_PM_x_at",0.66001,0.0164,-2.93,-3.011461,-1.90846333,"TNXA","tenascin XB///tenascin XA (pseudogene)","TNXA","Downregulated"
"1556242_PM_a_at",0.66047,0.0164,2.93,-3.013489,0.84573,"LOC100310756","uncharacterized LOC100310756","LOC100310756","Upregulated"
"238841_PM_at",0.66047,0.0164,2.93,-3.013813,1.08969667,"PTPDC1","protein tyrosine phosphatase domain containing 1","PTPDC1","Upregulated"
"222664_PM_at",0.66047,0.0164,2.93,-3.014733,0.835435,"KCTD15","potassium channel tetramerization domain containing 15","KCTD15","Upregulated"
"210173_PM_at",0.66047,0.0165,2.92,-3.01692,0.87352383,"PTPRJ","protein tyrosine phosphatase, receptor type J","PTPRJ","Upregulated"
"225670_PM_at",0.66047,0.0165,-2.92,-3.017693,-0.78954667,"FAM173B","family with sequence similarity 173 member B","FAM173B","Downregulated"
"217878_PM_s_at",0.66047,0.0165,-2.92,-3.017892,-0.64594,"CDC27","cell division cycle 27","CDC27","Downregulated"
"230747_PM_s_at",0.66047,0.0165,-2.92,-3.018367,-0.80590167,"TTC39C","tetratricopeptide repeat domain 39C","TTC39C","Downregulated"
"213942_PM_at",0.66047,0.0165,2.92,-3.019333,1.4137225,"MEGF6","multiple EGF like domains 6","MEGF6","Upregulated"
"1007_PM_s_at",0.66047,0.0165,-2.92,-3.019427,-0.88476833,"DDR1","discoidin domain receptor tyrosine kinase 1","DDR1","Downregulated"
"221999_PM_at",0.66063,0.0166,2.92,-3.02091,0.9550235,"VRK3","vaccinia related kinase 3","VRK3","Upregulated"
"202687_PM_s_at",0.66137,0.0166,-2.92,-3.024117,-1.87084333,"TNFSF10","tumor necrosis factor superfamily member 10","TNFSF10","Downregulated"
"201812_PM_s_at",0.66137,0.0166,-2.92,-3.025378,-0.91941833,"C4orf46","chromosome 4 open reading frame 46///translocase of outer mitochondrial membrane 7","C4orf46","Downregulated"
"201812_PM_s_at",0.66137,0.0166,-2.92,-3.025378,-0.91941833,"TOMM7","chromosome 4 open reading frame 46///translocase of outer mitochondrial membrane 7","TOMM7","Downregulated"
"219500_PM_at",0.66137,0.0166,2.92,-3.026276,0.76089283,"CLCF1","cardiotrophin-like cytokine factor 1","CLCF1","Upregulated"
"222807_PM_at",0.66137,0.0167,-2.92,-3.029437,-0.59268006,"EMSY","EMSY, BRCA2 interacting transcriptional repressor","EMSY","Downregulated"
"234994_PM_at",0.66137,0.0168,2.91,-3.032419,1.1318585,"TMEM200A","transmembrane protein 200A","TMEM200A","Upregulated"
"214629_PM_x_at",0.66137,0.0168,-2.91,-3.03261,-1.64231833,"RTN4","reticulon 4","RTN4","Downregulated"
"202602_PM_s_at",0.66137,0.0168,-2.91,-3.033009,-1.46422667,"HTATSF1","HIV-1 Tat specific factor 1","HTATSF1","Downregulated"
"224821_PM_at",0.66137,0.0168,-2.91,-3.033384,-1.84948867,"ABHD14B","abhydrolase domain containing 14B","ABHD14B","Downregulated"
"205295_PM_at",0.66137,0.0168,-2.91,-3.034513,-0.94545333,"CKMT2","creatine kinase, mitochondrial 2","CKMT2","Downregulated"
"200062_PM_s_at",0.66137,0.0168,-2.91,-3.036232,-1.41619,"RPL30","ribosomal protein L30","RPL30","Downregulated"
"227661_PM_at",0.66137,0.0168,2.91,-3.036729,0.869405,"ANKRD11","ankyrin repeat domain 11","ANKRD11","Upregulated"
"217762_PM_s_at",0.66137,0.0169,2.91,-3.038171,1.88436167,"RAB31","RAB31, member RAS oncogene family","RAB31","Upregulated"
"228225_PM_at",0.66137,0.0169,-2.91,-3.03821,-0.77602567,"PEX2","peroxisomal biogenesis factor 2","PEX2","Downregulated"
"223297_PM_at",0.66137,0.0169,-2.91,-3.039467,-0.86243667,"AMMECR1L","AMMECR1 like","AMMECR1L","Downregulated"
"220554_PM_at",0.66137,0.0169,2.91,-3.039516,0.61369417,"SLC22A7","solute carrier family 22 member 7","SLC22A7","Upregulated"
"218803_PM_at",0.66137,0.0169,2.91,-3.041907,0.71841333,"CHFR","checkpoint with forkhead and ring finger domains, E3 ubiquitin protein ligase","CHFR","Upregulated"
"219549_PM_s_at",0.66137,0.0169,-2.91,-3.042142,-1.77727167,"RTN3","reticulon 3","RTN3","Downregulated"
"218191_PM_s_at",0.66137,0.0169,-2.91,-3.042305,-0.983935,"LMBRD1","LMBR1 domain containing 1","LMBRD1","Downregulated"
"200917_PM_s_at",0.66137,0.0169,2.91,-3.042364,1.27152017,"SRPRA","SRP receptor alpha subunit","SRPRA","Upregulated"
"1554245_PM_x_at",0.66137,0.0169,-2.91,-3.042381,-1.17245283,"ARL17A","ADP ribosylation factor like GTPase 17A","ARL17A","Downregulated"
"210511_PM_s_at",0.66137,0.017,2.91,-3.045178,2.517965,"INHBA","inhibin beta A subunit","INHBA","Upregulated"
"1554681_PM_a_at",0.66137,0.017,2.91,-3.046458,0.69515983,"CCDC187","coiled-coil domain containing 187","CCDC187","Upregulated"
"204005_PM_s_at",0.66137,0.017,2.9,-3.046864,0.78715333,"PAWR","pro-apoptotic WT1 regulator","PAWR","Upregulated"
"1564257_PM_at",0.66137,0.017,2.9,-3.047001,1.99114,"ACTA2-AS1","ACTA2 antisense RNA 1","ACTA2-AS1","Upregulated"
"204127_PM_at",0.66266,0.0171,-2.9,-3.051433,-0.74122,"RFC3","replication factor C subunit 3","RFC3","Downregulated"
"206833_PM_s_at",0.66266,0.0171,-2.9,-3.051889,-1.04421533,"ACYP2","acylphosphatase 2","ACYP2","Downregulated"
"219477_PM_s_at",0.66266,0.0171,-2.9,-3.051907,-0.97722667,"THSD1P1","thrombospondin type 1 domain containing 1 pseudogene 1///thrombospondin type 1 domain containing 1","THSD1P1","Downregulated"
"219477_PM_s_at",0.66266,0.0171,-2.9,-3.051907,-0.97722667,"THSD1","thrombospondin type 1 domain containing 1 pseudogene 1///thrombospondin type 1 domain containing 1","THSD1","Downregulated"
"209755_PM_at",0.66266,0.0171,-2.9,-3.052325,-0.91421567,"NMNAT2","nicotinamide nucleotide adenylyltransferase 2","NMNAT2","Downregulated"
"225162_PM_at",0.66306,0.0171,-2.9,-3.054059,-1.257805,"SH3D19","SH3 domain containing 19","SH3D19","Downregulated"
"222730_PM_s_at",0.66455,0.0172,-2.9,-3.057064,-0.82591833,"ZDHHC2","zinc finger DHHC-type containing 2","ZDHHC2","Downregulated"
"202090_PM_s_at",0.66495,0.0172,-2.9,-3.058736,-1.367805,"UQCR11","ubiquinol-cytochrome c reductase, complex III subunit XI","UQCR11","Downregulated"
"223072_PM_s_at",0.66521,0.0173,-2.9,-3.060794,-0.80094217,"INO80B","INO80 complex subunit B///WW domain binding protein 1","INO80B","Downregulated"
"223072_PM_s_at",0.66521,0.0173,-2.9,-3.060794,-0.80094217,"WBP1","INO80 complex subunit B///WW domain binding protein 1","WBP1","Downregulated"
"218004_PM_at",0.66521,0.0173,-2.9,-3.061081,-1.26561667,"BSDC1","BSD domain containing 1","BSDC1","Downregulated"
"209957_PM_s_at",0.66521,0.0173,2.9,-3.061554,0.7562295,"NPPA","natriuretic peptide A","NPPA","Upregulated"
"201032_PM_at",0.66521,0.0173,-2.9,-3.061749,-1.69137167,"BLCAP","bladder cancer associated protein","BLCAP","Downregulated"
"218625_PM_at",0.66528,0.0173,-2.89,-3.062503,-1.40578,"NRN1","neuritin 1","NRN1","Downregulated"
"201678_PM_s_at",0.66655,0.0173,-2.89,-3.064971,-0.98784833,"HMCES","5-hydroxymethylcytosine (hmC) binding, ES cell-specific","HMCES","Downregulated"
"212600_PM_s_at",0.66655,0.0174,-2.89,-3.065639,-1.16983333,"UQCRC2","ubiquinol-cytochrome c reductase core protein II","UQCRC2","Downregulated"
"211863_PM_x_at",0.66655,0.0174,2.89,-3.066276,0.773563,"HFE","hemochromatosis","HFE","Upregulated"
"202743_PM_at",0.66722,0.0174,-2.89,-3.068452,-1.03072333,"PIK3R3","phosphoinositide-3-kinase regulatory subunit 3","PIK3R3","Downregulated"
"225922_PM_at",0.66722,0.0174,-2.89,-3.068919,-0.82268667,"FNIP2","folliculin interacting protein 2","FNIP2","Downregulated"
"1566340_PM_at",0.66722,0.0174,2.89,-3.070431,1.09660617,"SNORD8","small nucleolar RNA, C/D box 8","SNORD8","Upregulated"
"219083_PM_at",0.66722,0.0175,2.89,-3.071046,1.13726333,"SHQ1","SHQ1, H/ACA ribonucleoprotein assembly factor","SHQ1","Upregulated"
"1554575_PM_a_at",0.66722,0.0175,-2.89,-3.071381,-0.83474667,"BPNT1","3'(2'), 5'-bisphosphate nucleotidase 1","BPNT1","Downregulated"
"224020_PM_at",0.66722,0.0175,2.89,-3.07145,0.80920015,"LINC00626","long intergenic non-protein coding RNA 626","LINC00626","Upregulated"
"201826_PM_s_at",0.66737,0.0175,-2.89,-3.072692,-1.48128833,"SCCPDH","saccharopine dehydrogenase (putative)","SCCPDH","Downregulated"
"39548_PM_at",0.66776,0.0175,2.89,-3.074232,1.081894,"NPAS2","neuronal PAS domain protein 2","NPAS2","Upregulated"
"219037_PM_at",0.66827,0.0176,-2.89,-3.077086,-0.63206167,"RRP15","ribosomal RNA processing 15 homolog","RRP15","Downregulated"
"235793_PM_at",0.66852,0.0176,-2.88,-3.078239,-0.95220167,"FHOD3","formin homology 2 domain containing 3///tubulin polyglutamylase complex subunit 2","FHOD3","Downregulated"
"235793_PM_at",0.66852,0.0176,-2.88,-3.078239,-0.95220167,"TPGS2","formin homology 2 domain containing 3///tubulin polyglutamylase complex subunit 2","TPGS2","Downregulated"
"205145_PM_s_at",0.66866,0.0176,-2.88,-3.079083,-0.67644167,"MYL5","myosin light chain 5","MYL5","Downregulated"
"200878_PM_at",0.66921,0.0176,-2.88,-3.08051,-1.797695,"EPAS1","endothelial PAS domain protein 1","EPAS1","Downregulated"
"243773_PM_at",0.66925,0.0177,-2.88,-3.081903,-0.80243167,"PDCD2","programmed cell death 2","PDCD2","Downregulated"
"224480_PM_s_at",0.66925,0.0177,-2.88,-3.082516,-0.92223333,"GPAT3","glycerol-3-phosphate acyltransferase 3","GPAT3","Downregulated"
"224772_PM_at",0.67053,0.0178,-2.88,-3.086582,-0.77936667,"NAV1","neuron navigator 1","NAV1","Downregulated"
"225554_PM_s_at",0.67053,0.0178,-2.88,-3.087702,-0.65720833,"ANAPC7","anaphase promoting complex subunit 7","ANAPC7","Downregulated"
"224110_PM_at",0.67053,0.0178,-2.88,-3.08843,-1.50334683,"PRO1804","uncharacterized LOC100133319","PRO1804","Downregulated"
"221009_PM_s_at",0.67053,0.0178,-2.88,-3.089239,-1.71935883,"ANGPTL4","angiopoietin like 4","ANGPTL4","Downregulated"
"201445_PM_at",0.67053,0.0178,2.88,-3.089496,1.177585,"CNN3","calponin 3","CNN3","Upregulated"
"227407_PM_at",0.67143,0.0179,-2.88,-3.092053,-0.88864833,"TAPT1","transmembrane anterior posterior transformation 1","TAPT1","Downregulated"
"225359_PM_at",0.67193,0.0179,-2.87,-3.094042,-1.33179667,"DNAJC19","DnaJ heat shock protein family (Hsp40) member C19","DNAJC19","Downregulated"
"201847_PM_at",0.67227,0.0179,-2.87,-3.096458,-2.25755,"LIPA","lipase A, lysosomal acid type","LIPA","Downregulated"
"219648_PM_at",0.67229,0.018,-2.87,-3.09713,-1.05032467,"MREG","melanoregulin","MREG","Downregulated"
"209395_PM_at",0.67426,0.018,2.87,-3.10051,2.19634167,"CHI3L1","chitinase 3 like 1","CHI3L1","Upregulated"
"214174_PM_s_at",0.67461,0.018,2.87,-3.101639,1.66196667,"PDLIM4","PDZ and LIM domain 4","PDLIM4","Upregulated"
"202366_PM_at",0.67515,0.0181,-2.87,-3.103575,-0.63824833,"ACADS","acyl-CoA dehydrogenase, C-2 to C-3 short chain","ACADS","Downregulated"
"210261_PM_at",0.67515,0.0181,2.87,-3.10386,1.42646617,"KCNK2","potassium two pore domain channel subfamily K member 2","KCNK2","Upregulated"
"208186_PM_s_at",0.67515,0.0181,-2.87,-3.107267,-1.24069317,"LIPE","lipase E, hormone sensitive type","LIPE","Downregulated"
"219138_PM_at",0.67515,0.0182,-2.87,-3.107591,-0.968735,"RPL14","ribosomal protein L14","RPL14","Downregulated"
"232706_PM_s_at",0.67515,0.0182,2.86,-3.108891,0.84223167,"TRABD","TraB domain containing","TRABD","Upregulated"
"223769_PM_x_at",0.67515,0.0182,-2.86,-3.109157,-0.77892,"HYI","hydroxypyruvate isomerase (putative)","HYI","Downregulated"
"224839_PM_s_at",0.67515,0.0182,-2.86,-3.109436,-0.9365,"GPT2","glutamic--pyruvic transaminase 2","GPT2","Downregulated"
"201952_PM_at",0.67834,0.0183,2.86,-3.115904,1.82435667,"ALCAM","activated leukocyte cell adhesion molecule","ALCAM","Upregulated"
"239271_PM_at",0.68137,0.0184,-2.86,-3.122019,-0.82882,"SMAD2","SMAD family member 2","SMAD2","Downregulated"
"203142_PM_s_at",0.68137,0.0184,-2.86,-3.122494,-0.6485377,"AP3B1","adaptor related protein complex 3 beta 1 subunit","AP3B1","Downregulated"
"236392_PM_at",0.6814,0.0185,2.86,-3.12317,0.63861283,"CUL9","cullin 9","CUL9","Upregulated"
"236224_PM_at",0.68418,0.0186,-2.85,-3.129097,-1.15827918,"RIT1","Ras like without CAAX 1","RIT1","Downregulated"
"211023_PM_at",0.68418,0.0186,-2.85,-3.129522,-0.93589,"PDHB","pyruvate dehydrogenase (lipoamide) beta","PDHB","Downregulated"
"225675_PM_at",0.68425,0.0186,-2.85,-3.132282,-0.895812,"TMEM260","transmembrane protein 260","TMEM260","Downregulated"
"218054_PM_s_at",0.68425,0.0186,2.85,-3.132461,0.81447917,"KXD1","KxDL motif containing 1","KXD1","Upregulated"
"210283_PM_x_at",0.68425,0.0187,-2.85,-3.134584,-1.35302833,"LOC645139","poly(A) binding protein interacting protein 1 pseudogene///poly(A) binding protein interacting protein 1","LOC645139","Downregulated"
"210283_PM_x_at",0.68425,0.0187,-2.85,-3.134584,-1.35302833,"PAIP1","poly(A) binding protein interacting protein 1 pseudogene///poly(A) binding protein interacting protein 1","PAIP1","Downregulated"
"212510_PM_at",0.68425,0.0187,-2.85,-3.135384,-1.86042833,"GPD1L","glycerol-3-phosphate dehydrogenase 1-like","GPD1L","Downregulated"
"201682_PM_at",0.68425,0.0187,-2.85,-3.136209,-0.802275,"PMPCB","peptidase, mitochondrial processing beta subunit","PMPCB","Downregulated"
"223269_PM_at",0.68425,0.0187,-2.85,-3.136544,-1.34711,"POLR3GL","RNA polymerase III subunit G like","POLR3GL","Downregulated"
"226996_PM_at",0.68523,0.0188,-2.85,-3.138515,-0.67308333,"LCLAT1","lysocardiolipin acyltransferase 1","LCLAT1","Downregulated"
"203621_PM_at",0.68542,0.0188,-2.85,-3.139398,-1.00965167,"NDUFB5","NADH:ubiquinone oxidoreductase subunit B5","NDUFB5","Downregulated"
"209848_PM_s_at",0.6883,0.0189,2.84,-3.143964,0.62498167,"PMEL","premelanosome protein","PMEL","Upregulated"
"218589_PM_at",0.68906,0.0189,-2.84,-3.145632,-0.92359667,"LPAR6","lysophosphatidic acid receptor 6","LPAR6","Downregulated"
"218963_PM_s_at",0.68937,0.0189,2.84,-3.146964,0.69746518,"KRT23","keratin 23","KRT23","Upregulated"
"221264_PM_s_at",0.68937,0.0189,-2.84,-3.147923,-1.212135,"TARDBP","TAR DNA binding protein","TARDBP","Downregulated"
"231270_PM_at",0.68987,0.019,2.84,-3.149706,1.2086205,"CA13","carbonic anhydrase 13","CA13","Upregulated"
"209139_PM_s_at",0.68987,0.019,-2.84,-3.149849,-0.69879333,"PRKRA","protein activator of interferon induced protein kinase EIF2AK2","PRKRA","Downregulated"
"218101_PM_s_at",0.69115,0.0191,-2.84,-3.153181,-1.376525,"NDUFC2","NADH:ubiquinone oxidoreductase subunit C2","NDUFC2","Downregulated"
"225409_PM_at",0.69115,0.0191,-2.84,-3.153467,-1.23948017,"COA5","cytochrome c oxidase assembly factor 5","COA5","Downregulated"
"201286_PM_at",0.69164,0.0191,2.84,-3.15475,0.9774825,"SDC1","syndecan 1","SDC1","Upregulated"
"225975_PM_at",0.69322,0.0192,-2.83,-3.160969,-1.51612,"PCDH18","protocadherin 18","PCDH18","Downregulated"
"200032_PM_s_at",0.69322,0.0192,-2.83,-3.161285,-0.88021,"RPL9","ribosomal protein L9","RPL9","Downregulated"
"205077_PM_s_at",0.69322,0.0192,-2.83,-3.16178,-1.23739333,"PIGF","phosphatidylinositol glycan anchor biosynthesis class F","PIGF","Downregulated"
"217958_PM_at",0.69322,0.0192,-2.83,-3.162079,-1.25143,"TRAPPC4","trafficking protein particle complex 4","TRAPPC4","Downregulated"
"1568600_PM_at",0.69322,0.0193,-2.83,-3.163132,-0.6629235,"CALML4","calmodulin like 4","CALML4","Downregulated"
"201463_PM_s_at",0.69322,0.0193,-2.83,-3.163304,-1.49385333,"TALDO1","transaldolase 1","TALDO1","Downregulated"
"201857_PM_at",0.69322,0.0193,-2.83,-3.165123,-1.315145,"ZFR","zinc finger RNA binding protein","ZFR","Downregulated"
"229247_PM_at",0.69322,0.0193,2.83,-3.165557,1.11067167,"FBLN7","fibulin 7","FBLN7","Upregulated"
"209623_PM_at",0.69322,0.0193,-2.83,-3.165795,-1.40617667,"MCCC2","methylcrotonoyl-CoA carboxylase 2","MCCC2","Downregulated"
"223434_PM_at",0.69322,0.0193,-2.83,-3.166614,-1.47227717,"GBP3","guanylate binding protein 3","GBP3","Downregulated"
"209272_PM_at",0.69322,0.0193,-2.83,-3.16664,-0.75596333,"NAB1","NGFI-A binding protein 1","NAB1","Downregulated"
"203221_PM_at",0.69322,0.0193,-2.83,-3.166992,-0.93530333,"TLE1","transducin like enhancer of split 1","TLE1","Downregulated"
"203934_PM_at",0.69322,0.0194,-2.83,-3.168182,-1.14024667,"KDR","kinase insert domain receptor","KDR","Downregulated"
"229711_PM_s_at",0.69322,0.0194,2.83,-3.168553,0.598535,"MDM2","MDM2 proto-oncogene","MDM2","Upregulated"
"218521_PM_s_at",0.69322,0.0194,-2.83,-3.16863,-0.96875,"UBE2W","ubiquitin conjugating enzyme E2 W (putative)","UBE2W","Downregulated"
"239438_PM_at",0.6945,0.0194,2.82,-3.171012,1.032965,"RAPGEF6","Rap guanine nucleotide exchange factor 6","RAPGEF6","Upregulated"
"220073_PM_s_at",0.6945,0.0194,-2.82,-3.171578,-0.66601883,"PLEKHG6","pleckstrin homology and RhoGEF domain containing G6","PLEKHG6","Downregulated"
"235942_PM_at",0.6949,0.0195,-2.82,-3.172731,-0.7596644,"FAM224A","family with sequence similarity 224 member A (non-protein coding)///family with sequence similarity 224 member B (non-protein coding)","FAM224A","Downregulated"
"235942_PM_at",0.6949,0.0195,-2.82,-3.172731,-0.7596644,"FAM224B","family with sequence similarity 224 member A (non-protein coding)///family with sequence similarity 224 member B (non-protein coding)","FAM224B","Downregulated"
"200642_PM_at",0.6955,0.0195,-2.82,-3.174152,-1.260445,"SOD1","superoxide dismutase 1, soluble","SOD1","Downregulated"
"229119_PM_s_at",0.69619,0.0195,-2.82,-3.175703,-1.26165117,"ZSWIM7","zinc finger SWIM-type containing 7","ZSWIM7","Downregulated"
"236918_PM_s_at",0.69667,0.0196,-2.82,-3.177865,-0.70787633,"LRRC34","leucine rich repeat containing 34","LRRC34","Downregulated"
"210203_PM_at",0.69667,0.0196,-2.82,-3.178179,-0.77427667,"CNOT4","CCR4-NOT transcription complex subunit 4","CNOT4","Downregulated"
"203148_PM_s_at",0.69891,0.0197,-2.82,-3.182406,-0.736674,"TRIM14","tripartite motif containing 14","TRIM14","Downregulated"
"205608_PM_s_at",0.70037,0.0197,-2.82,-3.184976,-1.33952667,"ANGPT1","angiopoietin 1","ANGPT1","Downregulated"
"225110_PM_at",0.70122,0.0197,-2.81,-3.186723,-1.35626182,"OGFOD1","2-oxoglutarate and iron dependent oxygenase domain containing 1","OGFOD1","Downregulated"
"209249_PM_s_at",0.70127,0.0198,-2.81,-3.188055,-1.21196,"GHITM","growth hormone inducible transmembrane protein","GHITM","Downregulated"
"231906_PM_at",0.70127,0.0198,-2.81,-3.18862,-1.10746667,"HOXD8","homeobox D8","HOXD8","Downregulated"
"201498_PM_at",0.70281,0.0199,-2.81,-3.192422,-0.75539333,"USP7","ubiquitin specific peptidase 7","USP7","Downregulated"
"241601_PM_at",0.70281,0.0199,-2.81,-3.194518,-0.64092033,"WIPF3","WAS/WASL interacting protein family member 3","WIPF3","Downregulated"
"233192_PM_s_at",0.70281,0.0199,-2.81,-3.194732,-0.68358167,"RUFY2","RUN and FYVE domain containing 2","RUFY2","Downregulated"
"206027_PM_at",0.70281,0.0199,2.81,-3.194776,0.67998267,"S100A3","S100 calcium binding protein A3","S100A3","Upregulated"
"220061_PM_at",0.70281,0.0199,-2.81,-3.195095,-1.09279483,"ACSM5","acyl-CoA synthetase medium-chain family member 5","ACSM5","Downregulated"
"227245_PM_at",0.70313,0.02,2.81,-3.196882,0.7639865,"NAA25","N(alpha)-acetyltransferase 25, NatB auxiliary subunit","NAA25","Upregulated"
"229746_PM_x_at",0.70313,0.02,-2.81,-3.19716,-1.08004167,"CEBPZOS","CEBPZ opposite strand","CEBPZOS","Downregulated"
"212640_PM_at",0.7039,0.02,-2.81,-3.200261,-1.59081667,"HACD2","3-hydroxyacyl-CoA dehydratase 2","HACD2","Downregulated"
"211596_PM_s_at",0.7039,0.0201,-2.81,-3.201076,-0.87491333,"LRIG1","leucine rich repeats and immunoglobulin like domains 1","LRIG1","Downregulated"
"1555860_PM_x_at",0.7039,0.0201,-2.81,-3.2012,-0.60312167,"THUMPD3-AS1","THUMPD3 antisense RNA 1","THUMPD3-AS1","Downregulated"
"218200_PM_s_at",0.70401,0.0201,-2.8,-3.201938,-0.99619,"NDUFB2","NADH:ubiquinone oxidoreductase subunit B2","NDUFB2","Downregulated"
"226576_PM_at",0.70588,0.0202,-2.8,-3.205633,-0.69616,"ARHGAP26","Rho GTPase activating protein 26","ARHGAP26","Downregulated"
"1555037_PM_a_at",0.70613,0.0202,-2.8,-3.20656,-1.697155,"IDH1","isocitrate dehydrogenase (NADP(+)) 1, cytosolic","IDH1","Downregulated"
"211432_PM_s_at",0.70768,0.0202,-2.8,-3.209213,-1.55626417,"TYRO3","TYRO3 protein tyrosine kinase","TYRO3","Downregulated"
"32811_PM_at",0.70831,0.0203,-2.8,-3.212355,-0.93794833,"MYO1C","myosin IC","MYO1C","Downregulated"
"220744_PM_s_at",0.70831,0.0203,-2.8,-3.212371,-0.860265,"IFT122","intraflagellar transport 122","IFT122","Downregulated"
"237107_PM_at",0.70831,0.0203,-2.8,-3.212454,-0.95253617,"PRKRAP1","protein activator of interferon induced protein kinase EIF2AK2 pseudogene 1///protein activator of interferon induced protein kinase EIF2AK2","PRKRAP1","Downregulated"
"203889_PM_at",0.70854,0.0203,2.8,-3.213352,0.9479605,"SCG5","secretogranin V","SCG5","Upregulated"
"226151_PM_x_at",0.70942,0.0204,-2.8,-3.216483,-1.03667333,"CRYZL1","crystallin zeta like 1","CRYZL1","Downregulated"
"211215_PM_x_at",0.70942,0.0204,2.8,-3.216548,0.64250167,"DIO2","deiodinase, iodothyronine, type II","DIO2","Upregulated"
"225950_PM_at",0.70942,0.0204,-2.79,-3.218419,-1.174365,"SAMD8","sterile alpha motif domain containing 8","SAMD8","Downregulated"
"221087_PM_s_at",0.70942,0.0204,-2.79,-3.218451,-1.96956383,"APOL3","apolipoprotein L3","APOL3","Downregulated"
"201785_PM_at",0.70942,0.0204,-2.79,-3.218452,-2.25275833,"RNASE1","ribonuclease A family member 1, pancreatic","RNASE1","Downregulated"
"203244_PM_at",0.70942,0.0205,-2.79,-3.219888,-1.596385,"PEX5","peroxisomal biogenesis factor 5","PEX5","Downregulated"
"219748_PM_at",0.70942,0.0205,2.79,-3.220411,0.65545133,"TREML2","triggering receptor expressed on myeloid cells like 2","TREML2","Upregulated"
"200973_PM_s_at",0.70942,0.0205,-2.79,-3.220517,-1.67496667,"TSPAN3","tetraspanin 3","TSPAN3","Downregulated"
"217746_PM_s_at",0.71034,0.0206,-2.79,-3.225504,-1.30143333,"PDCD6IP","programmed cell death 6 interacting protein","PDCD6IP","Downregulated"
"1553096_PM_s_at",0.71034,0.0206,2.79,-3.227784,1.03039833,"BCL2L11","BCL2 like 11","BCL2L11","Upregulated"
"1570534_PM_a_at",0.71034,0.0206,-2.79,-3.22827,-0.606464,"ZNF483","zinc finger protein 483","ZNF483","Downregulated"
"218424_PM_s_at",0.71034,0.0206,-2.79,-3.228426,-0.644239,"STEAP3","STEAP3 metalloreductase","STEAP3","Downregulated"
"227468_PM_at",0.71034,0.0207,2.79,-3.229433,0.90846,"CPT1C","carnitine palmitoyltransferase 1C","CPT1C","Upregulated"
"232312_PM_at",0.71034,0.0207,-2.79,-3.230681,-0.89115333,"PPP6R3","protein phosphatase 6 regulatory subunit 3","PPP6R3","Downregulated"
"231908_PM_at",0.71034,0.0207,-2.79,-3.230724,-0.6256395,"ZDHHC18","zinc finger DHHC-type containing 18","ZDHHC18","Downregulated"
"218245_PM_at",0.71034,0.0207,-2.79,-3.230754,-0.76658167,"TSKU","tsukushi, small leucine rich proteoglycan","TSKU","Downregulated"
"212226_PM_s_at",0.71034,0.0207,-2.79,-3.231089,-2.06632,"PLPP3","phospholipid phosphatase 3","PLPP3","Downregulated"
"225158_PM_at",0.71034,0.0207,-2.79,-3.232033,-0.74643818,"GFM1","G elongation factor mitochondrial 1","GFM1","Downregulated"
"226304_PM_at",0.71034,0.0207,-2.79,-3.232291,-1.40847167,"HSPB6","heat shock protein family B (small) member 6","HSPB6","Downregulated"
"215497_PM_s_at",0.71083,0.0208,-2.78,-3.234024,-0.76697483,"WDTC1","WD and tetratricopeptide repeats 1","WDTC1","Downregulated"
"228483_PM_s_at",0.71083,0.0208,-2.78,-3.234135,-0.96905333,"TAF9B","TATA-box binding protein associated factor 9b","TAF9B","Downregulated"
"226303_PM_at",0.71377,0.0209,-2.78,-3.241239,-1.2679655,"PGM5","phosphoglucomutase 5","PGM5","Downregulated"
"229145_PM_at",0.71377,0.0209,-2.78,-3.241963,-1.32889967,"ANAPC16","anaphase promoting complex subunit 16","ANAPC16","Downregulated"
"228793_PM_at",0.71377,0.021,2.78,-3.242092,0.89904167,"JMJD1C","jumonji domain containing 1C","JMJD1C","Upregulated"
"221675_PM_s_at",0.71493,0.021,-2.78,-3.244227,-1.67862667,"CHPT1","choline phosphotransferase 1","CHPT1","Downregulated"
"227989_PM_at",0.71493,0.021,-2.78,-3.244775,-0.81071,"LTBP4","latent transforming growth factor beta binding protein 4","LTBP4","Downregulated"
"211754_PM_s_at",0.71494,0.021,2.78,-3.24537,0.724025,"SLC25A17","solute carrier family 25 member 17","SLC25A17","Upregulated"
"231866_PM_at",0.71502,0.0211,-2.78,-3.247229,-1.46985333,"LNPEP","leucyl and cystinyl aminopeptidase","LNPEP","Downregulated"
"225810_PM_at",0.71972,0.0212,-2.77,-3.255,-0.958315,"MTMR10","myotubularin related protein 10","MTMR10","Downregulated"
"203841_PM_x_at",0.72084,0.0213,-2.77,-3.257871,-0.70953551,"MAPRE3","microtubule associated protein RP/EB family member 3","MAPRE3","Downregulated"
"230228_PM_at",0.72084,0.0213,2.77,-3.259315,1.35468,"SSC5D","scavenger receptor cysteine rich family member with 5 domains","SSC5D","Upregulated"
"207537_PM_at",0.72084,0.0214,-2.77,-3.260186,-1.30553667,"PFKFB1","6-phosphofructo-2-kinase/fructose-2,6-biphosphatase 1","PFKFB1","Downregulated"
"202413_PM_s_at",0.72084,0.0214,-2.77,-3.260492,-0.74209167,"USP1","ubiquitin specific peptidase 1","USP1","Downregulated"
"209790_PM_s_at",0.72084,0.0214,-2.77,-3.261053,-0.87655233,"CASP6","caspase 6","CASP6","Downregulated"
"1553351_PM_at",0.72147,0.0214,2.77,-3.263696,0.64093152,"OTUD7A","OTU deubiquitinase 7A","OTUD7A","Upregulated"
"1554520_PM_at",0.72147,0.0214,-2.77,-3.263736,-1.12269,"LOC283861","uncharacterized LOC283861","LOC283861","Downregulated"
"1554036_PM_at",0.72172,0.0215,-2.76,-3.264887,-0.87712867,"ZBTB24","zinc finger and BTB domain containing 24","ZBTB24","Downregulated"
"211423_PM_s_at",0.72172,0.0215,-2.76,-3.265212,-1.04718833,"SC5D","sterol-C5-desaturase","SC5D","Downregulated"
"226095_PM_s_at",0.72294,0.0215,-2.76,-3.267372,-1.55412833,"ATXN1L","ataxin 1 like","ATXN1L","Downregulated"
"214059_PM_at",0.72309,0.0215,-2.76,-3.268145,-0.6528105,"IFI44","interferon induced protein 44","IFI44","Downregulated"
"1564002_PM_a_at",0.72316,0.0216,-2.76,-3.268802,-0.70722167,"AK9","adenylate kinase 9","AK9","Downregulated"
"209087_PM_x_at",0.72324,0.0216,-2.76,-3.270059,-1.90846667,"MCAM","melanoma cell adhesion molecule","MCAM","Downregulated"
"208695_PM_s_at",0.72656,0.0217,-2.76,-3.276634,-0.70050167,"RPL39","ribosomal protein L39","RPL39","Downregulated"
"226430_PM_at",0.72708,0.0218,-2.76,-3.277882,-0.78795667,"RELL1","RELT like 1","RELL1","Downregulated"
"220319_PM_s_at",0.72826,0.0218,-2.75,-3.280023,-0.70295333,"MYLIP","myosin regulatory light chain interacting protein","MYLIP","Downregulated"
"201204_PM_s_at",0.72826,0.0218,2.75,-3.280737,1.356845,"RRBP1","ribosome binding protein 1","RRBP1","Upregulated"
"215867_PM_x_at",0.72858,0.0219,2.75,-3.283232,1.11954517,"CA12","carbonic anhydrase 12","CA12","Upregulated"
"225413_PM_at",0.72999,0.022,-2.75,-3.286751,-1.87708833,"USMG5","up-regulated during skeletal muscle growth 5 homolog (mouse)","USMG5","Downregulated"
"213278_PM_at",0.73199,0.0221,-2.75,-3.290309,-0.67143,"MTMR9","myotubularin related protein 9","MTMR9","Downregulated"
"224906_PM_at",0.73199,0.0221,-2.75,-3.290695,-1.19012,"ANO6","anoctamin 6","ANO6","Downregulated"
"220030_PM_at",0.73199,0.0221,2.75,-3.292379,0.65923017,"STYK1","serine/threonine/tyrosine kinase 1","STYK1","Upregulated"
"225088_PM_at",0.73199,0.0221,-2.75,-3.292624,-0.72018333,"FOPNL","FGFR1OP N-terminal like","FOPNL","Downregulated"
"224691_PM_at",0.73199,0.0221,-2.75,-3.292713,-1.053965,"UHMK1","U2AF homology motif (UHM) kinase 1","UHMK1","Downregulated"
"1559496_PM_at",0.73512,0.0222,-2.74,-3.297839,-0.9265625,"PPA2","pyrophosphatase (inorganic) 2","PPA2","Downregulated"
"219123_PM_at",0.73549,0.0223,-2.74,-3.299451,-0.86013317,"ZNF232","zinc finger protein 232","ZNF232","Downregulated"
"213357_PM_at",0.73642,0.0223,-2.74,-3.302632,-1.29268333,"GTF2H5","general transcription factor IIH subunit 5","GTF2H5","Downregulated"
"206788_PM_s_at",0.73642,0.0224,2.74,-3.303193,1.24483333,"CBFB","core-binding factor beta subunit","CBFB","Upregulated"
"222702_PM_x_at",0.73642,0.0224,-2.74,-3.303452,-0.899485,"CRIPT","CXXC repeat containing interactor of PDZ3 domain","CRIPT","Downregulated"
"37408_PM_at",0.7369,0.0224,2.74,-3.305521,1.01263,"MRC2","mannose receptor C type 2","MRC2","Upregulated"
"226311_PM_at",0.7369,0.0224,2.74,-3.306551,2.27016333,"ADAMTS2","ADAM metallopeptidase with thrombospondin type 1 motif 2","ADAMTS2","Upregulated"
"228496_PM_s_at",0.73721,0.0225,-2.74,-3.308444,-1.532185,"CRIM1","cysteine rich transmembrane BMP regulator 1","CRIM1","Downregulated"
"201787_PM_at",0.73721,0.0225,2.74,-3.308601,1.36257833,"FBLN1","fibulin 1","FBLN1","Upregulated"
"225072_PM_at",0.73721,0.0225,2.74,-3.309503,0.690564,"ZCCHC3","zinc finger CCHC-type containing 3","ZCCHC3","Upregulated"
"220979_PM_s_at",0.73791,0.0226,2.73,-3.311359,0.91562767,"ST6GALNAC5","ST6 N-acetylgalactosaminide alpha-2,6-sialyltransferase 5","ST6GALNAC5","Upregulated"
"1564660_PM_at",0.73791,0.0226,2.73,-3.311591,0.67751417,"LOC100131864","uncharacterized LOC100131864","LOC100131864","Upregulated"
"201813_PM_s_at",0.73859,0.0226,-2.73,-3.313897,-1.447235,"TBC1D5","TBC1 domain family member 5","TBC1D5","Downregulated"
"1566324_PM_a_at",0.73859,0.0226,-2.73,-3.31428,-0.89322542,"MAF","MAF bZIP transcription factor","MAF","Downregulated"
"219242_PM_at",0.73862,0.0227,-2.73,-3.315208,-1.44036583,"CEP63","centrosomal protein 63","CEP63","Downregulated"
"236274_PM_at",0.73882,0.0227,2.73,-3.318064,0.812715,"EIF3B","eukaryotic translation initiation factor 3 subunit B","EIF3B","Upregulated"
"202746_PM_at",0.73882,0.0227,-2.73,-3.318083,-2.388355,"ITM2A","integral membrane protein 2A","ITM2A","Downregulated"
"1565131_PM_x_at",0.73882,0.0228,2.73,-3.319495,0.85964367,"MAP3K2","mitogen-activated protein kinase kinase kinase 2","MAP3K2","Upregulated"
"208855_PM_s_at",0.73882,0.0228,-2.73,-3.320054,-0.89598833,"STK24","serine/threonine kinase 24","STK24","Downregulated"
"227728_PM_at",0.73882,0.0228,-2.73,-3.320213,-1.28567,"PPM1A","protein phosphatase, Mg2+/Mn2+ dependent 1A","PPM1A","Downregulated"
"221953_PM_s_at",0.73882,0.0228,-2.73,-3.32047,-1.10612667,"LOC729580","hypothetical LOC729580","LOC729580","Downregulated"
"225674_PM_at",0.73934,0.0229,-2.73,-3.325484,-1.37397117,"BCAP29","B-cell receptor-associated protein 29","BCAP29","Downregulated"
"212610_PM_at",0.73934,0.0229,-2.72,-3.326668,-0.98688167,"PTPN11","protein tyrosine phosphatase, non-receptor type 11","PTPN11","Downregulated"
"205229_PM_s_at",0.73934,0.023,-2.72,-3.327931,-0.74580983,"COCH","cochlin","COCH","Downregulated"
"220282_PM_at",0.73934,0.023,-2.72,-3.328128,-0.61257233,"RIC3","RIC3 acetylcholine receptor chaperone","RIC3","Downregulated"
"206790_PM_s_at",0.73934,0.023,-2.72,-3.328851,-0.97030167,"NDUFB1","NADH:ubiquinone oxidoreductase subunit B1","NDUFB1","Downregulated"
"202580_PM_x_at",0.73934,0.023,2.72,-3.32895,0.66729,"FOXM1","forkhead box M1","FOXM1","Upregulated"
"223611_PM_s_at",0.73934,0.023,-2.72,-3.32918,-0.88132233,"LNX1","ligand of numb-protein X 1","LNX1","Downregulated"
"238536_PM_at",0.73934,0.023,-2.72,-3.329428,-1.0311725,"LOC286272","uncharacterized LOC286272","LOC286272","Downregulated"
"1562004_PM_x_at",0.73934,0.023,2.72,-3.329952,0.63114833,"MYOZ3","myozenin 3","MYOZ3","Upregulated"
"228123_PM_s_at",0.73936,0.023,2.72,-3.330763,0.75421542,"ABHD12","abhydrolase domain containing 12","ABHD12","Upregulated"
"207390_PM_s_at",0.73936,0.023,2.72,-3.331126,0.71609067,"SMTN","smoothelin","SMTN","Upregulated"
"209149_PM_s_at",0.73936,0.0231,2.72,-3.333438,0.813179,"TM9SF1","transmembrane 9 superfamily member 1","TM9SF1","Upregulated"
"228429_PM_x_at",0.73936,0.0231,2.72,-3.3353,0.712665,"KIF9","kinesin family member 9","KIF9","Upregulated"
"1558522_PM_at",0.73936,0.0231,-2.72,-3.33554,-0.73152317,"MPP6","membrane palmitoylated protein 6","MPP6","Downregulated"
"214369_PM_s_at",0.73936,0.0232,2.72,-3.336387,0.64599333,"RASGRP2","RAS guanyl releasing protein 2","RASGRP2","Upregulated"
"200976_PM_s_at",0.73936,0.0232,-2.72,-3.336539,-1.26577667,"TAX1BP1","Tax1 binding protein 1","TAX1BP1","Downregulated"
"212670_PM_at",0.73936,0.0232,2.72,-3.336559,1.89172033,"ELN","elastin","ELN","Upregulated"
"202025_PM_x_at",0.73936,0.0232,-2.72,-3.336947,-0.765795,"ACAA1","acetyl-CoA acyltransferase 1","ACAA1","Downregulated"
"227988_PM_s_at",0.73936,0.0232,-2.72,-3.337036,-0.80848897,"VPS13A","vacuolar protein sorting 13 homolog A","VPS13A","Downregulated"
"228085_PM_at",0.73936,0.0232,2.72,-3.337165,1.29913,"MMP25-AS1","MMP25 antisense RNA 1","MMP25-AS1","Upregulated"
"209687_PM_at",0.73936,0.0232,-2.72,-3.338691,-1.401515,"CXCL12","C-X-C motif chemokine ligand 12","CXCL12","Downregulated"
"1565738_PM_at",0.73973,0.0233,-2.72,-3.339742,-0.65691017,"SCTR","secretin receptor","SCTR","Downregulated"
"200837_PM_at",0.74065,0.0233,-2.71,-3.341655,-1.65864833,"BCAP31","B-cell receptor-associated protein 31","BCAP31","Downregulated"
"223320_PM_s_at",0.74065,0.0233,-2.71,-3.341986,-0.64258683,"ABCB10","ATP binding cassette subfamily B member 10","ABCB10","Downregulated"
"238924_PM_at",0.74071,0.0234,-2.71,-3.343617,-1.0781,"BMS1P5","BMS1, ribosome biogenesis factor pseudogene 5","BMS1P5","Downregulated"
"215113_PM_s_at",0.74082,0.0234,-2.71,-3.344858,-0.69411717,"SENP3","SUMO1/sentrin/SMT3 specific peptidase 3","SENP3","Downregulated"
"244578_PM_at",0.74104,0.0234,2.71,-3.345727,0.63454483,"LCP2","lymphocyte cytosolic protein 2","LCP2","Upregulated"
"202339_PM_at",0.74133,0.0234,2.71,-3.346635,0.65826667,"SYMPK","symplekin","SYMPK","Upregulated"
"213366_PM_x_at",0.74251,0.0235,-2.71,-3.349048,-1.11707167,"ATP5C1","ATP synthase, H+ transporting, mitochondrial F1 complex, gamma polypeptide 1","ATP5C1","Downregulated"
"225764_PM_at",0.74251,0.0235,2.71,-3.349989,0.87302933,"ETV6","ETS variant 6","ETV6","Upregulated"
"220936_PM_s_at",0.74513,0.0236,-2.71,-3.354114,-1.08007317,"H2AFJ","H2A histone family member J","H2AFJ","Downregulated"
"45297_PM_at",0.74571,0.0236,-2.71,-3.35538,-1.34807667,"EHD2","EH domain containing 2","EHD2","Downregulated"
"200741_PM_s_at",0.74581,0.0237,-2.71,-3.35647,-0.77385,"RPS27","ribosomal protein S27","RPS27","Downregulated"
"227674_PM_at",0.74581,0.0237,-2.71,-3.356592,-0.98882833,"ZNF585A","zinc finger protein 585A","ZNF585A","Downregulated"
"225481_PM_at",0.74668,0.0237,2.7,-3.358259,1.080515,"FRMD6","FERM domain containing 6","FRMD6","Upregulated"
"1567222_PM_x_at",0.74668,0.0237,-2.7,-3.35937,-0.68057,"ELOVL5","ELOVL fatty acid elongase 5","ELOVL5","Downregulated"
"226585_PM_at",0.74668,0.0238,-2.7,-3.359821,-0.71966167,"NEIL2","nei like DNA glycosylase 2","NEIL2","Downregulated"
"221005_PM_s_at",0.74683,0.0238,2.7,-3.360557,1.03257833,"PTDSS2","phosphatidylserine synthase 2","PTDSS2","Upregulated"
"211613_PM_s_at",0.74722,0.0238,2.7,-3.36158,0.7848475,"GPD2","glycerol-3-phosphate dehydrogenase 2","GPD2","Upregulated"
"224817_PM_at",0.74828,0.0239,2.7,-3.36356,1.30019833,"SH3PXD2A","SH3 and PX domains 2A","SH3PXD2A","Upregulated"
"229199_PM_at",0.74828,0.0239,-2.7,-3.363972,-1.311852,"SCN9A","sodium voltage-gated channel alpha subunit 9","SCN9A","Downregulated"
"202815_PM_s_at",0.74981,0.0239,-2.7,-3.366991,-0.70558283,"HEXIM1","hexamethylene bisacetamide inducible 1","HEXIM1","Downregulated"
"226146_PM_at",0.74981,0.024,-2.7,-3.368253,-0.93792167,"HEIH","hepatocellular carcinoma up-regulated EZH2-associated long non-coding RNA///long intergenic non-protein coding RNA 847","HEIH","Downregulated"
"226146_PM_at",0.74981,0.024,-2.7,-3.368253,-0.93792167,"LINC00847","hepatocellular carcinoma up-regulated EZH2-associated long non-coding RNA///long intergenic non-protein coding RNA 847","LINC00847","Downregulated"
"226867_PM_at",0.74981,0.024,-2.7,-3.369044,-1.10278167,"DENND4C","DENN domain containing 4C","DENND4C","Downregulated"
"1556279_PM_at",0.74981,0.024,-2.7,-3.370309,-0.91244567,"TSEN2","tRNA splicing endonuclease subunit 2","TSEN2","Downregulated"
"213428_PM_s_at",0.74981,0.024,2.7,-3.37043,0.692145,"COL6A1","collagen type VI alpha 1 chain","COL6A1","Upregulated"
"208269_PM_s_at",0.74981,0.024,2.7,-3.37106,0.61917133,"ADAM28","ADAM metallopeptidase domain 28","ADAM28","Upregulated"
"222132_PM_s_at",0.74983,0.0241,-2.7,-3.371967,-1.25383917,"AGK","acylglycerol kinase","AGK","Downregulated"
"200025_PM_s_at",0.75364,0.0242,-2.69,-3.378645,-0.81084333,"RPL27","ribosomal protein L27","RPL27","Downregulated"
"206276_PM_at",0.75429,0.0243,2.69,-3.380058,0.78188833,"LY6D","lymphocyte antigen 6 complex, locus D","LY6D","Upregulated"
"214909_PM_s_at",0.75429,0.0243,-2.69,-3.380867,-1.04968333,"DDAH2","dimethylarginine dimethylaminohydrolase 2","DDAH2","Downregulated"
"227971_PM_at",0.75429,0.0243,2.69,-3.381042,1.1916665,"NRK","Nik related kinase","NRK","Upregulated"
"238332_PM_at",0.75573,0.0244,-2.69,-3.383346,-0.7756545,"ANKRD29","ankyrin repeat domain 29","ANKRD29","Downregulated"
"238636_PM_at",0.75782,0.0245,2.69,-3.38687,1.03020067,"CACNA1C","calcium voltage-gated channel subunit alpha1 C","CACNA1C","Upregulated"
"218713_PM_at",0.75782,0.0245,-2.69,-3.38746,-0.842155,"ICE2","interactor of little elongation complex ELL subunit 2","ICE2","Downregulated"
"1559835_PM_at",0.75782,0.0245,-2.68,-3.38841,-0.66327967,"LINC01410","long intergenic non-protein coding RNA 1410","LINC01410","Downregulated"
"213587_PM_s_at",0.75782,0.0245,-2.68,-3.388744,-1.0657,"ATP6V0E2","ATPase H+ transporting V0 subunit e2","ATP6V0E2","Downregulated"
"1553708_PM_at",0.75791,0.0245,2.68,-3.389936,0.62441917,"LINC00525","long intergenic non-protein coding RNA 525","LINC00525","Upregulated"
"234985_PM_at",0.75791,0.0245,-2.68,-3.390266,-0.93046667,"LDLRAD3","low density lipoprotein receptor class A domain containing 3","LDLRAD3","Downregulated"
"235243_PM_at",0.75804,0.0246,-2.68,-3.391231,-0.58530567,"CLIP3","CAP-Gly domain containing linker protein 3","CLIP3","Downregulated"
"231897_PM_at",0.75804,0.0246,-2.68,-3.391483,-1.764545,"PTGR1","prostaglandin reductase 1","PTGR1","Downregulated"
"202201_PM_at",0.7612,0.0247,-2.68,-3.397009,-0.97406833,"BLVRB","biliverdin reductase B","BLVRB","Downregulated"
"218597_PM_s_at",0.7612,0.0247,2.68,-3.397986,1.10418167,"CISD1","CDGSH iron sulfur domain 1","CISD1","Upregulated"
"226485_PM_at",0.7612,0.0248,-2.68,-3.398757,-0.99824685,"VSIG10","V-set and immunoglobulin domain containing 10","VSIG10","Downregulated"
"210889_PM_s_at",0.7617,0.0248,-2.68,-3.401281,-0.90161667,"FCGR2B","Fc fragment of IgG receptor IIb","FCGR2B","Downregulated"
"223555_PM_at",0.7617,0.0249,2.68,-3.402112,0.60667283,"GON4L","gon-4 like","GON4L","Upregulated"
"204306_PM_s_at",0.76226,0.0249,-2.67,-3.404005,-1.569965,"CD151","CD151 molecule (Raph blood group)","CD151","Downregulated"
"209224_PM_s_at",0.76336,0.025,-2.67,-3.405884,-1.09988,"NDUFA2","NADH:ubiquinone oxidoreductase subunit A2","NDUFA2","Downregulated"
"213059_PM_at",0.76366,0.025,2.67,-3.407581,1.99819333,"CREB3L1","cAMP responsive element binding protein 3 like 1","CREB3L1","Upregulated"
"205257_PM_s_at",0.76366,0.025,-2.67,-3.408805,-0.98306883,"AMPH","amphiphysin","AMPH","Downregulated"
"226863_PM_at",0.76366,0.025,2.67,-3.408838,0.68059805,"FAM110C","family with sequence similarity 110 member C","FAM110C","Upregulated"
"204083_PM_s_at",0.76366,0.0251,2.67,-3.40938,1.52258167,"TPM2","tropomyosin 2 (beta)","TPM2","Upregulated"
"232355_PM_at",0.76366,0.0251,2.67,-3.40999,1.54055883,"SNORD114-3","small nucleolar RNA, C/D box 114-3","SNORD114-3","Upregulated"
"221896_PM_s_at",0.76366,0.0251,-2.67,-3.410627,-1.58955333,"HIGD1A","HIG1 hypoxia inducible domain family member 1A","HIGD1A","Downregulated"
"202363_PM_at",0.76366,0.0251,2.67,-3.411849,1.98131,"SPOCK1","sparc/osteonectin, cwcv and kazal-like domains proteoglycan (testican) 1","SPOCK1","Upregulated"
"208653_PM_s_at",0.7649,0.0252,-2.67,-3.41504,-1.76273333,"CD164","CD164 molecule","CD164","Downregulated"
"211733_PM_x_at",0.76534,0.0252,-2.67,-3.416566,-1.43557833,"SCP2","sterol carrier protein 2","SCP2","Downregulated"
"1555241_PM_at",0.76534,0.0252,-2.67,-3.416614,-0.82926167,"C8orf59","chromosome 8 open reading frame 59","C8orf59","Downregulated"
"218549_PM_s_at",0.76587,0.0253,-2.67,-3.417857,-1.231915,"RMDN1","regulator of microtubule dynamics 1","RMDN1","Downregulated"
"223476_PM_s_at",0.767,0.0254,-2.66,-3.420695,-0.66834483,"C12orf65","chromosome 12 open reading frame 65","C12orf65","Downregulated"
"203404_PM_at",0.76793,0.0254,2.66,-3.422927,0.63704167,"ARMCX2","armadillo repeat containing, X-linked 2","ARMCX2","Upregulated"
"226034_PM_at",0.76793,0.0255,-2.66,-3.424267,-1.56949583,"DUSP4","dual specificity phosphatase 4","DUSP4","Downregulated"
"205315_PM_s_at",0.76793,0.0255,-2.66,-3.424414,-0.79650667,"SNTB2","syntrophin beta 2","SNTB2","Downregulated"
"225350_PM_s_at",0.76841,0.0255,-2.66,-3.425502,-1.031535,"ZYG11B","zyg-11 family member B, cell cycle regulator","ZYG11B","Downregulated"
"235628_PM_x_at",0.76875,0.0255,2.66,-3.426545,0.827676,"LINC01184","long intergenic non-protein coding RNA 1184","LINC01184","Upregulated"
"213129_PM_s_at",0.76922,0.0256,-2.66,-3.428589,-1.52363,"GCSHP5","glycine cleavage system protein H pseudogene 5///glycine cleavage system protein H","GCSHP5","Downregulated"
"213129_PM_s_at",0.76922,0.0256,-2.66,-3.428589,-1.52363,"GCSH","glycine cleavage system protein H pseudogene 5///glycine cleavage system protein H","GCSH","Downregulated"
"244320_PM_at",0.76922,0.0256,-2.66,-3.429025,-1.100565,"NHLRC2","NHL repeat containing 2","NHLRC2","Downregulated"
"202450_PM_s_at",0.76922,0.0256,2.66,-3.429059,2.43695333,"CTSK","cathepsin K","CTSK","Upregulated"
"222456_PM_s_at",0.77122,0.0257,-2.66,-3.432681,-1.76527667,"LIMA1","LIM domain and actin binding 1","LIMA1","Downregulated"
"209693_PM_at",0.77122,0.0257,2.66,-3.433703,0.63549848,"ASTN2","astrotactin 2","ASTN2","Upregulated"
"224759_PM_s_at",0.77122,0.0257,2.65,-3.43488,0.821095,"TMEM263","transmembrane protein 263","TMEM263","Upregulated"
"212120_PM_at",0.77122,0.0258,-2.65,-3.435184,-1.181785,"RHOQ","ras homolog family member Q","RHOQ","Downregulated"
"221900_PM_at",0.77122,0.0258,2.65,-3.435892,1.85791767,"COL8A2","collagen type VIII alpha 2 chain","COL8A2","Upregulated"
"205880_PM_at",0.77122,0.0258,2.65,-3.437986,1.2779435,"PRKD1","protein kinase D1","PRKD1","Upregulated"
"230015_PM_at",0.77122,0.0259,-2.65,-3.438675,-0.74212667,"PRCD","progressive rod-cone degeneration","PRCD","Downregulated"
"212852_PM_s_at",0.77122,0.0259,-2.65,-3.43962,-0.95033833,"TROVE2","TROVE domain family member 2","TROVE2","Downregulated"
"200781_PM_s_at",0.77122,0.0259,-2.65,-3.439748,-1.15157,"RPS15A","ribosomal protein S15a","RPS15A","Downregulated"
"243972_PM_at",0.77122,0.0259,-2.65,-3.439803,-0.79130833,"BTF3L4","basic transcription factor 3 like 4","BTF3L4","Downregulated"
"225768_PM_at",0.77122,0.0259,-2.65,-3.440861,-2.195835,"NR1D2","nuclear receptor subfamily 1 group D member 2","NR1D2","Downregulated"
"204909_PM_at",0.77209,0.026,-2.65,-3.443163,-0.95219,"DDX6","DEAD-box helicase 6","DDX6","Downregulated"
"218435_PM_at",0.77209,0.026,-2.65,-3.443948,-1.17134167,"DNAJC15","DnaJ heat shock protein family (Hsp40) member C15","DNAJC15","Downregulated"
"209776_PM_s_at",0.77209,0.026,2.65,-3.445204,0.76077,"SLC19A1","solute carrier family 19 member 1","SLC19A1","Upregulated"
"35147_PM_at",0.77209,0.026,-2.65,-3.445474,-0.98990333,"MCF2L","MCF.2 cell line derived transforming sequence like","MCF2L","Downregulated"
"221957_PM_at",0.77209,0.0261,2.65,-3.446846,0.926385,"PDK3","pyruvate dehydrogenase kinase 3","PDK3","Upregulated"
"203492_PM_x_at",0.77332,0.0262,-2.65,-3.449442,-0.67275667,"CEP57","centrosomal protein 57","CEP57","Downregulated"
"218470_PM_at",0.77332,0.0262,-2.64,-3.45022,-0.88507702,"YARS2","tyrosyl-tRNA synthetase 2","YARS2","Downregulated"
"213328_PM_at",0.77332,0.0262,-2.64,-3.450854,-0.860175,"NEK1","NIMA related kinase 1","NEK1","Downregulated"
"237420_PM_at",0.77332,0.0262,2.64,-3.451283,0.73575883,"ODF2L","outer dense fiber of sperm tails 2 like","ODF2L","Upregulated"
"1569940_PM_at",0.77503,0.0263,-2.64,-3.453856,-0.63824333,"SLC6A16","solute carrier family 6 member 16","SLC6A16","Downregulated"
"212144_PM_at",0.77503,0.0263,-2.64,-3.454618,-0.90163167,"SUN2","Sad1 and UNC84 domain containing 2","SUN2","Downregulated"
"1560472_PM_at",0.77509,0.0263,2.64,-3.455425,0.71568617,"LINC00705","long intergenic non-protein coding RNA 705","LINC00705","Upregulated"
"208949_PM_s_at",0.77605,0.0264,-2.64,-3.457091,-1.33756,"LGALS3","lectin, galactoside binding soluble 3","LGALS3","Downregulated"
"1567107_PM_s_at",0.77691,0.0264,2.64,-3.459059,1.18211667,"TPM4","tropomyosin 4","TPM4","Upregulated"
"210028_PM_s_at",0.77691,0.0265,-2.64,-3.460124,-0.82075,"ORC3","origin recognition complex subunit 3","ORC3","Downregulated"
"229671_PM_s_at",0.77706,0.0265,-2.64,-3.460802,-0.6930945,"MIS18A","MIS18 kinetochore protein A","MIS18A","Downregulated"
"216053_PM_x_at",0.77871,0.0266,2.64,-3.463783,0.697055,"FAM182B","family with sequence similarity 182 member B///family with sequence similarity 182 member A","FAM182B","Upregulated"
"216053_PM_x_at",0.77871,0.0266,2.64,-3.463783,0.697055,"FAM182A","family with sequence similarity 182 member B///family with sequence similarity 182 member A","FAM182A","Upregulated"
"229441_PM_at",0.77873,0.0266,-2.63,-3.465915,-0.76211333,"PRSS23","protease, serine 23","PRSS23","Downregulated"
"214899_PM_at",0.77873,0.0266,-2.63,-3.466261,-0.62845833,"ZNF780B","zinc finger protein 780B","ZNF780B","Downregulated"
"223786_PM_at",0.77873,0.0267,2.63,-3.467631,0.96883883,"CHST6","carbohydrate sulfotransferase 6","CHST6","Upregulated"
"205208_PM_at",0.77873,0.0267,-2.63,-3.46836,-1.27249333,"ALDH1L1","aldehyde dehydrogenase 1 family member L1","ALDH1L1","Downregulated"
"209122_PM_at",0.77873,0.0267,-2.63,-3.469961,-1.13461833,"PLIN2","perilipin 2","PLIN2","Downregulated"
"226871_PM_s_at",0.77873,0.0268,-2.63,-3.47087,-0.77056,"ATG4D","autophagy related 4D cysteine peptidase","ATG4D","Downregulated"
"216918_PM_s_at",0.77873,0.0268,2.63,-3.471305,0.81419,"DST","dystonin","DST","Upregulated"
"211994_PM_at",0.77873,0.0269,-2.63,-3.475649,-1.32046333,"WNK1","WNK lysine deficient protein kinase 1","WNK1","Downregulated"
"203140_PM_at",0.77873,0.0269,-2.63,-3.475816,-1.00182167,"BCL6","B-cell CLL/lymphoma 6","BCL6","Downregulated"
"210095_PM_s_at",0.77873,0.0269,-2.63,-3.476015,-1.07637167,"IGFBP3","insulin like growth factor binding protein 3","IGFBP3","Downregulated"
"219244_PM_s_at",0.77873,0.0269,-2.63,-3.477166,-1.16990167,"MRPL46","mitochondrial ribosomal protein L46","MRPL46","Downregulated"
"232740_PM_at",0.77873,0.027,-2.63,-3.478301,-0.78593,"MCM3AP-AS1","MCM3AP antisense RNA 1","MCM3AP-AS1","Downregulated"
"239704_PM_at",0.77873,0.027,2.63,-3.479023,1.2623955,"RNF144B","ring finger protein 144B","RNF144B","Upregulated"
"200982_PM_s_at",0.77873,0.027,-2.63,-3.479502,-0.93219333,"ANXA6","annexin A6","ANXA6","Downregulated"
"241745_PM_at",0.77873,0.027,-2.63,-3.48003,-1.02704283,"LOC100507557","uncharacterized LOC100507557","LOC100507557","Downregulated"
"236482_PM_at",0.77873,0.027,2.63,-3.480294,0.73103653,"TMC6","transmembrane channel like 6","TMC6","Upregulated"
"227456_PM_s_at",0.77873,0.027,-2.62,-3.480796,-0.63996833,"C6orf136","chromosome 6 open reading frame 136","C6orf136","Downregulated"
"222594_PM_s_at",0.77873,0.0271,2.62,-3.481016,0.940961,"SPATS2","spermatogenesis associated serine rich 2","SPATS2","Upregulated"
"1555834_PM_at",0.77873,0.0271,2.62,-3.482604,0.64488497,"UCHL1","ubiquitin C-terminal hydrolase L1","UCHL1","Upregulated"
"209897_PM_s_at",0.77893,0.0271,2.62,-3.484259,0.87869167,"SLIT2","slit guidance ligand 2","SLIT2","Upregulated"
"219436_PM_s_at",0.77893,0.0271,-2.62,-3.484305,-0.987875,"EMCN","endomucin","EMCN","Downregulated"
"221598_PM_s_at",0.77964,0.0272,2.62,-3.485832,0.76441083,"MED27","mediator complex subunit 27","MED27","Upregulated"
"230418_PM_s_at",0.77964,0.0272,-2.62,-3.486424,-1.46565183,"GALNT16","polypeptide N-acetylgalactosaminyltransferase 16","GALNT16","Downregulated"
"239982_PM_at",0.77964,0.0273,-2.62,-3.488567,-0.6253025,"LOC105378828","uncharacterized LOC105378828","LOC105378828","Downregulated"
"218516_PM_s_at",0.77986,0.0273,-2.62,-3.489316,-1.53302,"IMPAD1","inositol monophosphatase domain containing 1","IMPAD1","Downregulated"
"215020_PM_at",0.78122,0.0274,2.62,-3.492147,0.65331317,"NRXN3","neurexin 3","NRXN3","Upregulated"
"213403_PM_at",0.78122,0.0274,-2.62,-3.492404,-0.93201,"MFSD9","major facilitator superfamily domain containing 9","MFSD9","Downregulated"
"1557051_PM_s_at",0.78135,0.0274,2.62,-3.493411,0.93326,"HOTAIRM1","HOXA transcript antisense RNA, myeloid-specific 1///homeobox A2","HOTAIRM1","Upregulated"
"1557051_PM_s_at",0.78135,0.0274,2.62,-3.493411,0.93326,"HOXA2","HOXA transcript antisense RNA, myeloid-specific 1///homeobox A2","HOXA2","Upregulated"
"203417_PM_at",0.78135,0.0274,2.62,-3.493526,1.09142667,"MFAP2","microfibrillar associated protein 2","MFAP2","Upregulated"
"232317_PM_at",0.78181,0.0275,-2.62,-3.495049,-0.83897833,"PLXNA4","plexin A4","PLXNA4","Downregulated"
"218599_PM_at",0.78191,0.0275,-2.62,-3.49565,-0.636195,"REC8","REC8 meiotic recombination protein","REC8","Downregulated"
"217934_PM_x_at",0.78303,0.0276,-2.61,-3.498538,-1.35976,"STUB1","STIP1 homology and U-box containing protein 1","STUB1","Downregulated"
"226857_PM_at",0.78303,0.0276,2.61,-3.499647,1.06337267,"ARHGEF19","Rho guanine nucleotide exchange factor 19","ARHGEF19","Upregulated"
"225621_PM_at",0.78303,0.0276,2.61,-3.500696,0.81605833,"ALG2","ALG2, alpha-1,3/1,6-mannosyltransferase","ALG2","Upregulated"
"206891_PM_at",0.78303,0.0276,2.61,-3.500748,0.59335833,"ACTN3","actinin alpha 3 (gene/pseudogene)","ACTN3","Upregulated"
"221425_PM_s_at",0.78303,0.0276,-2.61,-3.500809,-0.67703,"ISCA1","iron-sulfur cluster assembly 1","ISCA1","Downregulated"
"212604_PM_at",0.78303,0.0276,-2.61,-3.500859,-0.87188667,"MRPS31","mitochondrial ribosomal protein S31","MRPS31","Downregulated"
"224600_PM_at",0.78415,0.0277,-2.61,-3.502903,-1.258262,"CGGBP1","CGG triplet repeat binding protein 1","CGGBP1","Downregulated"
"32502_PM_at",0.78415,0.0277,-2.61,-3.503228,-0.68860167,"GDPD5","glycerophosphodiester phosphodiesterase domain containing 5","GDPD5","Downregulated"
"242323_PM_at",0.78538,0.0278,-2.61,-3.506059,-1.08289167,"PLA2G12A","phospholipase A2 group XIIA","PLA2G12A","Downregulated"
"203575_PM_at",0.78541,0.0278,-2.61,-3.506571,-0.78658833,"CSNK2A2","casein kinase 2 alpha 2","CSNK2A2","Downregulated"
"222785_PM_x_at",0.78549,0.0278,-2.61,-3.50714,-1.174705,"C11orf1","chromosome 11 open reading frame 1","C11orf1","Downregulated"
"206856_PM_at",0.78557,0.0278,-2.61,-3.507724,-1.16008167,"LILRB5","leukocyte immunoglobulin like receptor B5","LILRB5","Downregulated"
"226779_PM_at",0.78576,0.0279,-2.61,-3.508425,-0.73681167,"LMBRD2","LMBR1 domain containing 2","LMBRD2","Downregulated"
"238504_PM_at",0.78584,0.0279,-2.61,-3.509785,-0.6467035,"SDHAF4","succinate dehydrogenase complex assembly factor 4","SDHAF4","Downregulated"
"202772_PM_at",0.78584,0.0279,-2.61,-3.50997,-0.90198783,"HMGCL","3-hydroxymethyl-3-methylglutaryl-CoA lyase","HMGCL","Downregulated"
"218606_PM_at",0.78584,0.0279,-2.61,-3.510206,-1.17681,"ZDHHC7","zinc finger DHHC-type containing 7","ZDHHC7","Downregulated"
"217751_PM_at",0.78584,0.0279,-2.61,-3.510922,-1.15218333,"GSTK1","glutathione S-transferase kappa 1","GSTK1","Downregulated"
"203282_PM_at",0.78598,0.028,-2.6,-3.511864,-1.5704675,"GBE1","glucan (1,4-alpha-), branching enzyme 1","GBE1","Downregulated"
"221591_PM_s_at",0.78642,0.028,2.6,-3.514041,0.59259483,"FAM64A","family with sequence similarity 64 member A","FAM64A","Upregulated"
"228879_PM_at",0.78642,0.028,2.6,-3.514576,1.44194833,"SNORD104","small nucleolar RNA, C/D box 104","SNORD104","Upregulated"
"217780_PM_at",0.78682,0.0281,-2.6,-3.516031,-0.78760667,"WDR83OS","WD repeat domain 83 opposite strand","WDR83OS","Downregulated"
"203798_PM_s_at",0.78682,0.0281,2.6,-3.516375,1.75089755,"VSNL1","visinin like 1","VSNL1","Upregulated"
"218969_PM_at",0.78792,0.0282,-2.6,-3.51818,-1.07988333,"PAM16","presequence translocase associated motor 16 homolog","PAM16","Downregulated"
"209514_PM_s_at",0.78792,0.0282,2.6,-3.518731,1.09903833,"RAB27A","RAB27A, member RAS oncogene family","RAB27A","Upregulated"
"1569802_PM_at",0.78792,0.0282,-2.6,-3.519431,-0.94331483,"LOC101928284","uncharacterized LOC101928284","LOC101928284","Downregulated"
"212970_PM_at",0.78792,0.0282,-2.6,-3.520362,-0.82513167,"APBB2","amyloid beta precursor protein binding family B member 2","APBB2","Downregulated"
"33494_PM_at",0.78869,0.0283,-2.6,-3.52307,-1.32103333,"ETFDH","electron transfer flavoprotein dehydrogenase","ETFDH","Downregulated"
"239594_PM_at",0.78869,0.0283,2.6,-3.523152,0.65535333,"DRAIC","downregulated RNA in cancer, inhibitor of cell invasion and migration","DRAIC","Upregulated"
"226572_PM_at",0.78869,0.0283,-2.6,-3.524147,-0.84258833,"SOCS7","suppressor of cytokine signaling 7","SOCS7","Downregulated"
"201843_PM_s_at",0.78869,0.0283,-2.6,-3.524531,-1.276225,"EFEMP1","EGF containing fibulin like extracellular matrix protein 1","EFEMP1","Downregulated"
"203928_PM_x_at",0.78878,0.0284,-2.6,-3.525506,-0.66216,"MAPT","microtubule associated protein tau","MAPT","Downregulated"
"230047_PM_at",0.78878,0.0284,-2.6,-3.526251,-0.761191,"ARHGAP42","Rho GTPase activating protein 42","ARHGAP42","Downregulated"
"231129_PM_at",0.78878,0.0284,2.6,-3.526291,0.60145661,"LOC100291811","hypothetical protein LOC100291811","LOC100291811","Upregulated"
"234980_PM_at",0.78879,0.0284,-2.59,-3.527491,-1.22552925,"TMEM56","transmembrane protein 56","TMEM56","Downregulated"
"202676_PM_x_at",0.78879,0.0285,2.59,-3.528169,0.72502733,"FASTK","Fas activated serine/threonine kinase","FASTK","Upregulated"
"222637_PM_at",0.78879,0.0285,-2.59,-3.529302,-0.81492,"COMMD10","COMM domain containing 10","COMMD10","Downregulated"
"232977_PM_x_at",0.78879,0.0285,-2.59,-3.529698,-0.79928833,"MYH14","myosin, heavy chain 14, non-muscle","MYH14","Downregulated"
"203126_PM_at",0.78879,0.0285,-2.59,-3.530864,-0.877637,"IMPA2","inositol monophosphatase 2","IMPA2","Downregulated"
"210329_PM_s_at",0.78879,0.0286,2.59,-3.532827,1.25301167,"SGCD","sarcoglycan delta","SGCD","Upregulated"
"226723_PM_at",0.78879,0.0286,-2.59,-3.533003,-0.79443333,"SVBP","small vasohibin binding protein","SVBP","Downregulated"
"225712_PM_at",0.78879,0.0286,-2.59,-3.534111,-1.24168017,"GEMIN5","gem nuclear organelle associated protein 5","GEMIN5","Downregulated"
"211964_PM_at",0.78879,0.0286,-2.59,-3.534299,-0.90801,"COL4A2","collagen type IV alpha 2 chain","COL4A2","Downregulated"
"224818_PM_at",0.78894,0.0287,-2.59,-3.535566,-1.44275333,"SORT1","sortilin 1","SORT1","Downregulated"
"202534_PM_x_at",0.78894,0.0287,-2.59,-3.536344,-0.80206167,"DHFR","dihydrofolate reductase","DHFR","Downregulated"
"202930_PM_s_at",0.78894,0.0287,-2.59,-3.537264,-1.323715,"SUCLA2","succinate-CoA ligase ADP-forming beta subunit","SUCLA2","Downregulated"
"223272_PM_s_at",0.789,0.0288,-2.59,-3.538642,-0.791785,"NTPCR","nucleoside-triphosphatase, cancer-related","NTPCR","Downregulated"
"219818_PM_s_at",0.789,0.0288,-2.59,-3.538873,-0.63256,"GPATCH1","G-patch domain containing 1","GPATCH1","Downregulated"
"1555500_PM_s_at",0.789,0.0288,-2.59,-3.539112,-0.87069833,"SLC2A4RG","SLC2A4 regulator","SLC2A4RG","Downregulated"
"226093_PM_at",0.789,0.0288,-2.59,-3.539901,-0.9595185,"DCP1B","decapping mRNA 1B","DCP1B","Downregulated"
"204032_PM_at",0.789,0.0288,-2.59,-3.540789,-0.894225,"BCAR3","breast cancer anti-estrogen resistance 3","BCAR3","Downregulated"
"217874_PM_at",0.7901,0.0289,-2.58,-3.543363,-1.78988833,"SUCLG1","succinate-CoA ligase alpha subunit","SUCLG1","Downregulated"
"201519_PM_at",0.7901,0.0289,-2.58,-3.543775,-1.13518833,"TOMM70","translocase of outer mitochondrial membrane 70","TOMM70","Downregulated"
"222217_PM_s_at",0.79036,0.029,-2.58,-3.54454,-0.84123833,"SLC27A3","solute carrier family 27 member 3","SLC27A3","Downregulated"
"238058_PM_at",0.79093,0.029,-2.58,-3.545684,-1.05601,"PRR34-AS1","PRR34 antisense RNA 1","PRR34-AS1","Downregulated"
"218721_PM_s_at",0.79097,0.029,2.58,-3.546188,0.78502333,"C1orf27","chromosome 1 open reading frame 27","C1orf27","Upregulated"
"1552889_PM_a_at",0.79098,0.029,2.58,-3.546663,0.59862767,"EXOC3L2","exocyst complex component 3 like 2","EXOC3L2","Upregulated"
"201226_PM_at",0.79117,0.0291,-2.58,-3.548722,-1.26742333,"SEC31B","SEC31 homolog B, COPII coat complex component///NADH:ubiquinone oxidoreductase subunit B8","SEC31B","Downregulated"
"201226_PM_at",0.79117,0.0291,-2.58,-3.548722,-1.26742333,"NDUFB8","SEC31 homolog B, COPII coat complex component///NADH:ubiquinone oxidoreductase subunit B8","NDUFB8","Downregulated"
"207545_PM_s_at",0.79117,0.0291,-2.58,-3.548796,-0.67087733,"NUMB","NUMB, endocytic adaptor protein","NUMB","Downregulated"
"201969_PM_at",0.79117,0.0291,2.58,-3.550524,0.69050333,"NASP","nuclear autoantigenic sperm protein","NASP","Upregulated"
"221011_PM_s_at",0.79117,0.0292,2.58,-3.551619,1.16845667,"LBH","limb bud and heart development","LBH","Upregulated"
"213134_PM_x_at",0.79117,0.0292,2.58,-3.551708,0.717777,"BTG3","BTG anti-proliferation factor 3","BTG3","Upregulated"
"202559_PM_x_at",0.79117,0.0292,-2.58,-3.551877,-0.91643333,"CHTOP","chromatin target of PRMT1","CHTOP","Downregulated"
"218936_PM_s_at",0.7915,0.0292,-2.58,-3.553135,-1.15705,"CCDC59","coiled-coil domain containing 59","CCDC59","Downregulated"
"241927_PM_x_at",0.7915,0.0292,2.58,-3.55328,0.63734283,"CDC34","cell division cycle 34","CDC34","Upregulated"
"225498_PM_at",0.79276,0.0293,-2.58,-3.555218,-0.956605,"CHMP4B","charged multivesicular body protein 4B","CHMP4B","Downregulated"
"234381_PM_at",0.79396,0.0294,2.57,-3.558858,0.670235,"IGLV4-3","immunoglobulin lambda variable 4-3","IGLV4-3","Upregulated"
"225634_PM_at",0.79524,0.0295,2.57,-3.560889,1.05873333,"ZC3HAV1","zinc finger CCCH-type containing, antiviral 1","ZC3HAV1","Upregulated"
"230723_PM_at",0.79524,0.0295,2.57,-3.561405,0.623505,"SPATA18","spermatogenesis associated 18","SPATA18","Upregulated"
"1558142_PM_at",0.79524,0.0295,-2.57,-3.562251,-0.86285667,"TNRC6B","trinucleotide repeat containing 6B","TNRC6B","Downregulated"
"221524_PM_s_at",0.7957,0.0296,-2.57,-3.563253,-0.88126833,"RRAGD","Ras related GTP binding D","RRAGD","Downregulated"
"206428_PM_s_at",0.79631,0.0296,2.57,-3.564421,1.2336025,"ZNF143","zinc finger protein 143","ZNF143","Upregulated"
"1553433_PM_at",0.79635,0.0296,-2.57,-3.565008,-0.79539033,"CCDC171","coiled-coil domain containing 171","CCDC171","Downregulated"
"209478_PM_at",0.79637,0.0296,-2.57,-3.565861,-0.642925,"STRA13","stimulated by retinoic acid 13","STRA13","Downregulated"
"203424_PM_s_at",0.79757,0.0297,-2.57,-3.567864,-2.12923833,"IGFBP5","insulin like growth factor binding protein 5","IGFBP5","Downregulated"
"226297_PM_at",0.79757,0.0297,-2.57,-3.56818,-1.04480667,"HIPK3","homeodomain interacting protein kinase 3","HIPK3","Downregulated"
"223084_PM_s_at",0.79785,0.0297,-2.57,-3.569322,-0.646205,"CCNDBP1","cyclin D1 binding protein 1","CCNDBP1","Downregulated"
"210226_PM_at",0.79785,0.0298,2.57,-3.570233,1.336875,"NR4A1","nuclear receptor subfamily 4 group A member 1","NR4A1","Upregulated"
"1564603_PM_at",0.79785,0.0298,2.57,-3.57024,0.91487233,"NUTM1","NUT midline carcinoma family member 1","NUTM1","Upregulated"
"203108_PM_at",0.79785,0.0298,2.57,-3.570785,1.546375,"GPRC5A","G protein-coupled receptor class C group 5 member A","GPRC5A","Upregulated"
"236433_PM_at",0.79792,0.0298,-2.57,-3.571615,-0.75353768,"ALOX12-AS1","ALOX12 antisense RNA 1","ALOX12-AS1","Downregulated"
"223335_PM_at",0.79792,0.0298,-2.57,-3.571776,-0.60574217,"TMEM69","transmembrane protein 69","TMEM69","Downregulated"
"205074_PM_at",0.79854,0.0299,-2.56,-3.57386,-0.78754733,"SLC22A5","solute carrier family 22 member 5","SLC22A5","Downregulated"
"225725_PM_at",0.79854,0.0299,2.56,-3.573863,0.857955,"ZMAT3","zinc finger matrin-type 3","ZMAT3","Upregulated"
"211883_PM_x_at",0.79901,0.03,-2.56,-3.575765,-1.29342667,"CEACAM1","carcinoembryonic antigen related cell adhesion molecule 1","CEACAM1","Downregulated"
"229228_PM_at",0.79917,0.03,-2.56,-3.576859,-1.19949,"CREB5","cAMP responsive element binding protein 5","CREB5","Downregulated"
"218339_PM_at",0.8002,0.03,-2.56,-3.578503,-0.92062667,"MRPL22","mitochondrial ribosomal protein L22","MRPL22","Downregulated"
"230595_PM_at",0.80101,0.0301,-2.56,-3.580913,-1.74497083,"PGM5-AS1","PGM5 antisense RNA 1","PGM5-AS1","Downregulated"
"207122_PM_x_at",0.80101,0.0302,-2.56,-3.582104,-1.03946667,"SULT1A2","sulfotransferase family 1A member 2","SULT1A2","Downregulated"
"235371_PM_at",0.80101,0.0302,2.56,-3.582289,1.95972833,"GXYLT2","glucoside xylosyltransferase 2","GXYLT2","Upregulated"
"202850_PM_at",0.80101,0.0302,-2.56,-3.582611,-0.861695,"ABCD3","ATP binding cassette subfamily D member 3","ABCD3","Downregulated"
"229404_PM_at",0.8014,0.0302,-2.56,-3.584079,-1.33656667,"TWIST2","twist family bHLH transcription factor 2","TWIST2","Downregulated"
"230526_PM_at",0.8014,0.0302,-2.56,-3.584283,-0.70531317,"TNRC6C-AS1","TNRC6C antisense RNA 1","TNRC6C-AS1","Downregulated"
"225232_PM_at",0.8014,0.0303,-2.56,-3.586252,-1.53153667,"MTMR12","myotubularin related protein 12","MTMR12","Downregulated"
"1556166_PM_x_at",0.8014,0.0303,2.56,-3.586977,0.70769333,"LOC100505727","uncharacterized LOC100505727","LOC100505727","Upregulated"
"211864_PM_s_at",0.8014,0.0303,2.56,-3.587164,1.278925,"MYOF","myoferlin","MYOF","Upregulated"
"202954_PM_at",0.8014,0.0303,2.56,-3.587476,0.65488148,"UBE2C","ubiquitin conjugating enzyme E2 C","UBE2C","Upregulated"
"213653_PM_at",0.8014,0.0304,-2.56,-3.588259,-1.22076833,"METTL3","methyltransferase like 3","METTL3","Downregulated"
"205819_PM_at",0.80209,0.0304,-2.55,-3.590166,-1.79531833,"MARCO","macrophage receptor with collagenous structure","MARCO","Downregulated"
"211730_PM_s_at",0.80209,0.0304,-2.55,-3.590876,-1.75445333,"POLR2L","RNA polymerase II subunit L","POLR2L","Downregulated"
"202110_PM_at",0.80209,0.0305,-2.55,-3.592559,-1.691225,"COX7B","cytochrome c oxidase subunit 7B","COX7B","Downregulated"
"201688_PM_s_at",0.80209,0.0305,-2.55,-3.592802,-0.79642067,"TPD52","tumor protein D52","TPD52","Downregulated"
"1568815_PM_a_at",0.80209,0.0305,2.55,-3.59315,0.96772833,"DDX50","DEAD-box helicase 50","DDX50","Upregulated"
"222423_PM_at",0.80209,0.0305,-2.55,-3.593339,-1.005785,"NDFIP1","Nedd4 family interacting protein 1","NDFIP1","Downregulated"
"209627_PM_s_at",0.80209,0.0305,2.55,-3.593359,0.74699,"OSBPL3","oxysterol binding protein like 3","OSBPL3","Upregulated"
"218638_PM_s_at",0.80209,0.0305,2.55,-3.593551,1.45533,"SPON2","spondin 2","SPON2","Upregulated"
"227050_PM_at",0.80209,0.0306,2.55,-3.595101,1.173145,"TENM3","teneurin transmembrane protein 3","TENM3","Upregulated"
"218510_PM_x_at",0.80209,0.0306,-2.55,-3.595352,-1.27004283,"FAM134B","family with sequence similarity 134 member B","FAM134B","Downregulated"
"209281_PM_s_at",0.80209,0.0306,2.55,-3.596002,0.664515,"ATP2B1","ATPase plasma membrane Ca2+ transporting 1","ATP2B1","Upregulated"
"214499_PM_s_at",0.80209,0.0306,2.55,-3.596207,1.06415833,"BCLAF1","BCL2 associated transcription factor 1","BCLAF1","Upregulated"
"230986_PM_at",0.80209,0.0306,-2.55,-3.596332,-1.31596217,"KLF8","Kruppel like factor 8","KLF8","Downregulated"
"228992_PM_at",0.80209,0.0306,-2.55,-3.596601,-0.69251833,"MED28","mediator complex subunit 28","MED28","Downregulated"
"211198_PM_s_at",0.80209,0.0306,2.55,-3.597073,0.72935017,"ICOSLG","inducible T-cell costimulator ligand","ICOSLG","Upregulated"
"210365_PM_at",0.80209,0.0307,2.55,-3.597719,1.43671983,"RUNX1","runt related transcription factor 1","RUNX1","Upregulated"
"209849_PM_s_at",0.80209,0.0307,-2.55,-3.597927,-1.3106,"RAD51C","RAD51 paralog C","RAD51C","Downregulated"
"205260_PM_s_at",0.80229,0.0307,-2.55,-3.598861,-0.8962135,"ACYP1","acylphosphatase 1","ACYP1","Downregulated"
"211428_PM_at",0.80269,0.0307,2.55,-3.59992,0.787334,"SERPINA1","serpin family A member 1","SERPINA1","Upregulated"
"233151_PM_s_at",0.80269,0.0307,2.55,-3.600202,0.6178993,"TTTY7","testis-specific transcript, Y-linked 7 (non-protein coding)","TTTY7","Upregulated"
"229122_PM_x_at",0.80395,0.0308,2.55,-3.602144,0.78848617,"NPRL3","NPR3 like, GATOR1 complex subunit","NPRL3","Upregulated"
"202578_PM_s_at",0.80395,0.0308,-2.55,-3.602546,-0.700386,"DDX19A","DEAD-box helicase 19A","DDX19A","Downregulated"
"203457_PM_at",0.80399,0.0308,-2.55,-3.603037,-1.39425333,"STX7","syntaxin 7","STX7","Downregulated"
"226955_PM_at",0.80404,0.0309,-2.55,-3.603833,-1.128805,"AFAP1L1","actin filament associated protein 1 like 1","AFAP1L1","Downregulated"
"229313_PM_at",0.80404,0.0309,-2.54,-3.605357,-0.73516017,"ANO5","anoctamin 5","ANO5","Downregulated"
"227900_PM_at",0.80404,0.0309,-2.54,-3.606189,-0.5936525,"CBLB","Cbl proto-oncogene B","CBLB","Downregulated"
"203480_PM_s_at",0.80404,0.031,-2.54,-3.607176,-0.61294667,"OTUD4","OTU deubiquitinase 4","OTUD4","Downregulated"
"228898_PM_s_at",0.80404,0.031,2.54,-3.609043,0.95810833,"SMARCB1","SWI/SNF related, matrix associated, actin dependent regulator of chromatin, subfamily b, member 1","SMARCB1","Upregulated"
"230154_PM_at",0.80404,0.0311,-2.54,-3.609474,-0.959705,"WAC","WW domain containing adaptor with coiled-coil","WAC","Downregulated"
"1566127_PM_at",0.80404,0.0311,2.54,-3.610029,0.90021333,"LIMS1","LIM zinc finger domain containing 1","LIMS1","Upregulated"
"204078_PM_at",0.80404,0.0311,2.54,-3.610722,1.07631167,"P3H4","prolyl 3-hydroxylase family member 4 (non-enzymatic)","P3H4","Upregulated"
"234318_PM_x_at",0.80404,0.0311,-2.54,-3.610867,-0.60104467,"NDOR1","NADPH dependent diflavin oxidoreductase 1","NDOR1","Downregulated"
"242429_PM_at",0.80404,0.0311,-2.54,-3.611485,-0.90491455,"ZNF567","zinc finger protein 567","ZNF567","Downregulated"
"220327_PM_at",0.80404,0.0311,-2.54,-3.611532,-0.94061917,"VGLL3","vestigial like family member 3","VGLL3","Downregulated"
"225801_PM_at",0.80404,0.0311,2.54,-3.611641,1.84329167,"FBXO32","F-box protein 32","FBXO32","Upregulated"
"218935_PM_at",0.80404,0.0312,2.54,-3.612589,0.66711917,"EHD3","EH domain containing 3","EHD3","Upregulated"
"1569522_PM_at",0.80503,0.0312,2.54,-3.614367,1.68808167,"LOC100132767","hypothetical LOC100132767","LOC100132767","Upregulated"
"225835_PM_at",0.80614,0.0313,-2.54,-3.616952,-1.28630833,"SLC12A2","solute carrier family 12 member 2","SLC12A2","Downregulated"
"218987_PM_at",0.8077,0.0314,-2.53,-3.620793,-1.04667433,"ATF7IP","activating transcription factor 7 interacting protein","ATF7IP","Downregulated"
"236359_PM_at",0.8077,0.0314,-2.53,-3.620919,-0.98911667,"SCN4B","sodium voltage-gated channel beta subunit 4","SCN4B","Downregulated"
"225998_PM_at",0.80828,0.0315,-2.53,-3.623119,-0.90164,"GAB1","GRB2 associated binding protein 1","GAB1","Downregulated"
"225129_PM_at",0.80828,0.0315,-2.53,-3.623342,-0.80484683,"CPNE2","copine 2","CPNE2","Downregulated"
"217811_PM_at",0.80839,0.0315,-2.53,-3.623903,-1.4218,"SELT","selenoprotein T","SELT","Downregulated"
"233811_PM_at",0.81006,0.0316,-2.53,-3.626685,-0.73241667,"RIN2","Ras and Rab interactor 2","RIN2","Downregulated"
"202635_PM_s_at",0.81017,0.0317,-2.53,-3.627443,-0.7018,"POLR2K","RNA polymerase II subunit K","POLR2K","Downregulated"
"226198_PM_at",0.81017,0.0317,-2.53,-3.627678,-0.77954833,"TOM1L2","target of myb1 like 2 membrane trafficking protein","TOM1L2","Downregulated"
"203510_PM_at",0.81035,0.0317,-2.53,-3.628372,-0.98173583,"MET","MET proto-oncogene, receptor tyrosine kinase","MET","Downregulated"
"201314_PM_at",0.81035,0.0317,2.53,-3.629078,0.666105,"STK25","serine/threonine kinase 25","STK25","Upregulated"
"239530_PM_at",0.81035,0.0317,2.53,-3.629678,1.1048,"ADD2","adducin 2","ADD2","Upregulated"
"223495_PM_at",0.81035,0.0318,2.53,-3.63037,0.868635,"CCDC8","coiled-coil domain containing 8","CCDC8","Upregulated"
"229727_PM_x_at",0.81035,0.0318,2.53,-3.63049,0.889545,"C2CD4B","C2 calcium dependent domain containing 4B","C2CD4B","Upregulated"
"1555028_PM_at",0.81087,0.0318,2.53,-3.631512,0.9156865,"BRD3","bromodomain containing 3","BRD3","Upregulated"
"208299_PM_at",0.81098,0.0318,2.53,-3.632072,0.760635,"CACNA1I","calcium voltage-gated channel subunit alpha1 I","CACNA1I","Upregulated"
"1568658_PM_at",0.81099,0.0319,-2.53,-3.633647,-1.07087167,"C2orf74","chromosome 2 open reading frame 74","C2orf74","Downregulated"
"204279_PM_at",0.81099,0.0319,-2.53,-3.63369,-1.66541667,"PSMB9","proteasome subunit beta 9","PSMB9","Downregulated"
"219245_PM_s_at",0.81129,0.0319,2.52,-3.635022,0.94807817,"OGFOD2","2-oxoglutarate and iron dependent oxygenase domain containing 2","OGFOD2","Upregulated"
"235473_PM_at",0.81134,0.032,-2.52,-3.636098,-0.765175,"MED6","mediator complex subunit 6","MED6","Downregulated"
"227923_PM_at",0.81134,0.032,-2.52,-3.636399,-1.45806333,"SHANK3","SH3 and multiple ankyrin repeat domains 3","SHANK3","Downregulated"
"235413_PM_at",0.81134,0.032,-2.52,-3.636794,-1.11877917,"GGCX","gamma-glutamyl carboxylase","GGCX","Downregulated"
"220862_PM_s_at",0.81213,0.032,2.52,-3.638132,0.619155,"USP22","ubiquitin specific peptidase 22","USP22","Upregulated"
"202217_PM_at",0.81219,0.0321,-2.52,-3.640467,-1.072855,"C21orf33","chromosome 21 open reading frame 33","C21orf33","Downregulated"
"45288_PM_at",0.81219,0.0321,-2.52,-3.640557,-0.75742333,"ABHD6","abhydrolase domain containing 6","ABHD6","Downregulated"
"212636_PM_at",0.81219,0.0321,-2.52,-3.64111,-1.425225,"QKI","QKI, KH domain containing RNA binding","QKI","Downregulated"
"226421_PM_at",0.81219,0.0321,2.52,-3.641263,1.16014833,"AMMECR1","Alport syndrome, mental retardation, midface hypoplasia and elliptocytosis chromosomal region gene 1","AMMECR1","Upregulated"
"219806_PM_s_at",0.81219,0.0321,2.52,-3.641453,1.50474167,"SMCO4","single-pass membrane protein with coiled-coil domains 4","SMCO4","Upregulated"
"1554178_PM_a_at",0.81219,0.0322,-2.52,-3.641684,-0.723775,"FAM126B","family with sequence similarity 126 member B","FAM126B","Downregulated"
"231646_PM_at",0.81219,0.0322,2.52,-3.642962,0.70580698,"DPCR1","diffuse panbronchiolitis critical region 1","DPCR1","Upregulated"
"207196_PM_s_at",0.81219,0.0322,-2.52,-3.64335,-1.06706,"TNIP1","TNFAIP3 interacting protein 1","TNIP1","Downregulated"
"202026_PM_at",0.81328,0.0323,-2.52,-3.645021,-1.6199105,"SDHD","succinate dehydrogenase complex subunit D","SDHD","Downregulated"
"227530_PM_at",0.81342,0.0323,-2.52,-3.645605,-1.28389833,"AKAP12","A-kinase anchoring protein 12","AKAP12","Downregulated"
"238890_PM_at",0.81382,0.0323,-2.52,-3.646488,-0.75321667,"BRWD1","bromodomain and WD repeat domain containing 1","BRWD1","Downregulated"
"221361_PM_at",0.81515,0.0324,2.52,-3.648426,0.594,"OMP","olfactory marker protein","OMP","Upregulated"
"202399_PM_s_at",0.8155,0.0324,-2.52,-3.649411,-1.91879,"AP3S2","adaptor related protein complex 3 sigma 2 subunit","AP3S2","Downregulated"
"207721_PM_x_at",0.8155,0.0324,-2.52,-3.650111,-0.80458167,"HINT1","histidine triad nucleotide binding protein 1","HINT1","Downregulated"
"1558220_PM_at",0.81737,0.0326,-2.51,-3.653509,-1.07581667,"MUC20","mucin 20, cell surface associated","MUC20","Downregulated"
"229480_PM_at",0.81835,0.0326,-2.51,-3.655477,-0.953915,"MAGI2-AS3","MAGI2 antisense RNA 3","MAGI2-AS3","Downregulated"
"226711_PM_at",0.81908,0.0327,-2.51,-3.657153,-1.17163,"FOXN2","forkhead box N2","FOXN2","Downregulated"
"225952_PM_at",0.82001,0.0328,2.51,-3.66054,0.80273467,"FLYWCH1","FLYWCH-type zinc finger 1","FLYWCH1","Upregulated"
"218645_PM_at",0.82001,0.0328,-2.51,-3.660708,-0.81998167,"ZNF277","zinc finger protein 277","ZNF277","Downregulated"
"212186_PM_at",0.82001,0.0329,-2.51,-3.661587,-0.67804333,"ACACA","acetyl-CoA carboxylase alpha","ACACA","Downregulated"
"1564906_PM_at",0.82043,0.0329,-2.51,-3.662496,-0.72905909,"SNHG4","small nucleolar RNA host gene 4","SNHG4","Downregulated"
"209635_PM_at",0.82069,0.0329,2.51,-3.663647,0.665887,"AP1S1","adaptor related protein complex 1 sigma 1 subunit","AP1S1","Upregulated"
"227588_PM_s_at",0.82069,0.0329,2.51,-3.664111,0.84900033,"GET4","golgi to ER traffic protein 4","GET4","Upregulated"
"238709_PM_at",0.8214,0.033,2.5,-3.666057,0.70110167,"ELP2","elongator acetyltransferase complex subunit 2","ELP2","Upregulated"
"227776_PM_at",0.8214,0.033,-2.5,-3.666264,-0.71474683,"ACER3","alkaline ceramidase 3","ACER3","Downregulated"
"218805_PM_at",0.82192,0.0331,-2.5,-3.668399,-1.27794167,"GIMAP5","GTPase, IMAP family member 5","GIMAP5","Downregulated"
"218092_PM_s_at",0.82192,0.0331,-2.5,-3.668555,-0.757372,"AGFG1","ArfGAP with FG repeats 1","AGFG1","Downregulated"
"215446_PM_s_at",0.82192,0.0331,2.5,-3.669743,2.16197,"LOX","lysyl oxidase","LOX","Upregulated"
"210605_PM_s_at",0.82192,0.0332,2.5,-3.670687,1.15391333,"MFGE8","milk fat globule-EGF factor 8 protein","MFGE8","Upregulated"
"228228_PM_at",0.82192,0.0332,2.5,-3.671111,0.899165,"DACT3","dishevelled binding antagonist of beta catenin 3","DACT3","Upregulated"
"1568597_PM_at",0.82192,0.0332,-2.5,-3.671187,-0.65651333,"LOC646762","uncharacterized LOC646762","LOC646762","Downregulated"
"219134_PM_at",0.82192,0.0332,-2.5,-3.672359,-1.47319,"ADGRL4","adhesion G protein-coupled receptor L4","ADGRL4","Downregulated"
"244485_PM_at",0.82192,0.0332,2.5,-3.672698,0.7303455,"HLA-DRB5","major histocompatibility complex, class II, DR beta 5///major histocompatibility complex, class II, DP beta 1","HLA-DRB5","Upregulated"
"244485_PM_at",0.82192,0.0332,2.5,-3.672698,0.7303455,"HLA-DPB1","major histocompatibility complex, class II, DR beta 5///major histocompatibility complex, class II, DP beta 1","HLA-DPB1","Upregulated"
"227872_PM_at",0.82192,0.0333,2.5,-3.672842,0.84706667,"POLR3A","RNA polymerase III subunit A","POLR3A","Upregulated"
"205730_PM_s_at",0.82194,0.0333,-2.5,-3.673455,-1.872325,"ABLIM3","actin binding LIM protein family member 3","ABLIM3","Downregulated"
"217987_PM_at",0.82241,0.0333,-2.5,-3.674402,-1.04537833,"ASNSD1","asparagine synthetase domain containing 1","ASNSD1","Downregulated"
"214625_PM_s_at",0.82286,0.0333,2.5,-3.67537,0.78794167,"MINK1","misshapen like kinase 1","MINK1","Upregulated"
"225163_PM_at",0.82286,0.0334,-2.5,-3.676484,-1.124465,"FRMD4A","FERM domain containing 4A","FRMD4A","Downregulated"
"220500_PM_s_at",0.82286,0.0334,-2.5,-3.678217,-0.61968833,"RABL2A","RAB, member of RAS oncogene family-like 2A///RAB, member of RAS oncogene family-like 2B","RABL2A","Downregulated"
"220500_PM_s_at",0.82286,0.0334,-2.5,-3.678217,-0.61968833,"RABL2B","RAB, member of RAS oncogene family-like 2A///RAB, member of RAS oncogene family-like 2B","RABL2B","Downregulated"
"216609_PM_at",0.82286,0.0335,-2.5,-3.679483,-1.21454333,"TXN","thioredoxin","TXN","Downregulated"
"200629_PM_at",0.82286,0.0335,-2.5,-3.679499,-1.55493667,"WARS","tryptophanyl-tRNA synthetase","WARS","Downregulated"
"203067_PM_at",0.82286,0.0335,-2.5,-3.679623,-0.70843333,"PDHX","pyruvate dehydrogenase complex component X","PDHX","Downregulated"
"235747_PM_at",0.82286,0.0335,-2.5,-3.679667,-1.035157,"SLC25A16","solute carrier family 25 member 16","SLC25A16","Downregulated"
"220058_PM_at",0.82286,0.0335,-2.5,-3.680372,-0.74887733,"GID4","GID complex subunit 4 homolog","GID4","Downregulated"
"203157_PM_s_at",0.82286,0.0335,2.5,-3.680443,1.13089667,"GLS","glutaminase","GLS","Upregulated"
"217955_PM_at",0.82286,0.0335,-2.5,-3.680527,-0.99627,"BCL2L13","BCL2 like 13","BCL2L13","Downregulated"
"219373_PM_at",0.82286,0.0335,-2.5,-3.680738,-1.16351833,"DPM3","dolichyl-phosphate mannosyltransferase subunit 3","DPM3","Downregulated"
"204873_PM_at",0.82347,0.0336,-2.49,-3.68186,-0.59997033,"PEX1","peroxisomal biogenesis factor 1","PEX1","Downregulated"
"228189_PM_at",0.82409,0.0337,-2.49,-3.684453,-1.00737833,"BAG4","BCL2 associated athanogene 4","BAG4","Downregulated"
"202313_PM_at",0.82409,0.0337,-2.49,-3.685015,-0.85486,"PPP2R2A","protein phosphatase 2 regulatory subunit Balpha","PPP2R2A","Downregulated"
"1553175_PM_s_at",0.82409,0.0337,-2.49,-3.686217,-0.76106483,"PDE5A","phosphodiesterase 5A","PDE5A","Downregulated"
"238077_PM_at",0.82409,0.0338,-2.49,-3.686946,-0.69468867,"KCTD6","potassium channel tetramerization domain containing 6","KCTD6","Downregulated"
"238050_PM_at",0.82409,0.0338,-2.49,-3.687359,-0.99063217,"ANTXR2","anthrax toxin receptor 2","ANTXR2","Downregulated"
"217177_PM_s_at",0.82409,0.0338,-2.49,-3.687614,-0.60886467,"PTPRB","protein tyrosine phosphatase, receptor type B","PTPRB","Downregulated"
"203261_PM_at",0.82409,0.0338,-2.49,-3.688269,-0.98853667,"DCTN6","dynactin subunit 6","DCTN6","Downregulated"
"201916_PM_s_at",0.82409,0.0338,-2.49,-3.688342,-1.18455833,"SEC63","SEC63 homolog, protein translocation regulator","SEC63","Downregulated"
"219620_PM_x_at",0.82481,0.0339,2.49,-3.690388,0.60666333,"TOR4A","torsin family 4 member A","TOR4A","Upregulated"
"230082_PM_at",0.8249,0.0339,2.49,-3.691071,0.73863355,"LOC100133660","hypothetical LOC100133660","LOC100133660","Upregulated"
"201052_PM_s_at",0.8249,0.0339,-2.49,-3.691313,-1.042443,"PSMF1","proteasome inhibitor subunit 1","PSMF1","Downregulated"
"220065_PM_at",0.82531,0.034,-2.49,-3.692404,-2.7377725,"TNMD","tenomodulin","TNMD","Downregulated"
"219819_PM_s_at",0.82531,0.034,-2.49,-3.693857,-1.010043,"MRPS28","mitochondrial ribosomal protein S28","MRPS28","Downregulated"
"202032_PM_s_at",0.82531,0.0341,-2.49,-3.695286,-1.78300333,"MAN2A2","mannosidase alpha class 2A member 2","MAN2A2","Downregulated"
"235301_PM_at",0.82531,0.0341,2.49,-3.696153,1.06153017,"KIAA1324L","KIAA1324 like","KIAA1324L","Upregulated"
"222522_PM_x_at",0.82531,0.0341,-2.48,-3.696536,-1.05991167,"MRPS10","mitochondrial ribosomal protein S10","MRPS10","Downregulated"
"225694_PM_at",0.82531,0.0341,-2.48,-3.696701,-0.748425,"CDK12","cyclin dependent kinase 12","CDK12","Downregulated"
"242870_PM_at",0.82542,0.0341,-2.48,-3.697235,-1.425355,"RIMKLB","ribosomal modification protein rimK like family member B","RIMKLB","Downregulated"
"214722_PM_at",0.82579,0.0342,-2.48,-3.698499,-0.77505167,"NOTCH2NL","notch 2 N-terminal like","NOTCH2NL","Downregulated"
"218765_PM_at",0.82579,0.0342,-2.48,-3.698655,-0.97125167,"SIDT2","SID1 transmembrane family member 2","SIDT2","Downregulated"
"222626_PM_at",0.82579,0.0342,-2.48,-3.698873,-0.73319667,"RBM26","RNA binding motif protein 26","RBM26","Downregulated"
"227484_PM_at",0.82693,0.0343,2.48,-3.701029,1.24932667,"SRGAP1","SLIT-ROBO Rho GTPase activating protein 1","SRGAP1","Upregulated"
"227921_PM_at",0.8273,0.0343,-2.48,-3.702465,-0.6588875,"LOC645561","carboxy-terminal domain RNA polymerase II polypeptide A small phosphatase 2-like","LOC645561","Downregulated"
"221740_PM_x_at",0.82784,0.0344,-2.48,-3.7045,-0.98561833,"LRRC37A2","leucine rich repeat containing 37 member A2","LRRC37A2","Downregulated"
"1557470_PM_at",0.82784,0.0344,-2.48,-3.705182,-0.697948,"SPATA13","spermatogenesis associated 13","SPATA13","Downregulated"
"1552271_PM_at",0.82784,0.0344,2.48,-3.705527,0.58954067,"PRR22","proline rich 22","PRR22","Upregulated"
"212522_PM_at",0.82784,0.0344,-2.48,-3.70556,-0.68255667,"PDE8A","phosphodiesterase 8A","PDE8A","Downregulated"
"230231_PM_at",0.82784,0.0345,2.48,-3.705654,1.49400033,"FGF14","fibroblast growth factor 14","FGF14","Upregulated"
"203903_PM_s_at",0.82805,0.0345,2.48,-3.706821,1.16819667,"HEPH","hephaestin","HEPH","Upregulated"
"201922_PM_at",0.82805,0.0345,-2.48,-3.70711,-1.06989667,"NSA2","NSA2, ribosome biogenesis homolog","NSA2","Downregulated"
"212880_PM_at",0.82811,0.0346,-2.48,-3.708544,-0.79747667,"WDR7","WD repeat domain 7","WDR7","Downregulated"
"218739_PM_at",0.82811,0.0346,-2.48,-3.708795,-2.06756583,"ABHD5","abhydrolase domain containing 5","ABHD5","Downregulated"
"201557_PM_at",0.82819,0.0346,-2.48,-3.710418,-0.88736833,"VAMP2","vesicle associated membrane protein 2","VAMP2","Downregulated"
"1554339_PM_a_at",0.82819,0.0346,2.48,-3.710914,0.73186633,"COG3","component of oligomeric golgi complex 3","COG3","Upregulated"
"229190_PM_at",0.82847,0.0347,-2.47,-3.712037,-0.61854917,"LOC105374366","uncharacterized LOC105374366","LOC105374366","Downregulated"
"211752_PM_s_at",0.82859,0.0347,-2.47,-3.71301,-0.59532595,"NDUFS7","NADH:ubiquinone oxidoreductase core subunit S7","NDUFS7","Downregulated"
"236160_PM_at",0.82859,0.0347,-2.47,-3.713365,-1.09820933,"TRIP11","thyroid hormone receptor interactor 11","TRIP11","Downregulated"
"229581_PM_at",0.82859,0.0348,-2.47,-3.714479,-1.11648167,"ELFN1","extracellular leucine rich repeat and fibronectin type III domain containing 1","ELFN1","Downregulated"
"218168_PM_s_at",0.82859,0.0348,-2.47,-3.715289,-1.61594667,"COQ8A","coenzyme Q8A","COQ8A","Downregulated"
"201986_PM_at",0.82859,0.0348,-2.47,-3.715329,-1.523599,"MED13","mediator complex subunit 13","MED13","Downregulated"
"201931_PM_at",0.82859,0.0348,-2.47,-3.715395,-2.16598667,"ETFA","electron transfer flavoprotein alpha subunit","ETFA","Downregulated"
"227357_PM_at",0.82955,0.035,-2.47,-3.720144,-0.95810983,"TAB3","TGF-beta activated kinase 1/MAP3K7 binding protein 3","TAB3","Downregulated"
"201634_PM_s_at",0.82955,0.035,-2.47,-3.720828,-0.679695,"CYB5B","cytochrome b5 type B","CYB5B","Downregulated"
"224979_PM_s_at",0.82955,0.035,2.47,-3.721522,1.08562667,"USP36","ubiquitin specific peptidase 36","USP36","Upregulated"
"242621_PM_at",0.82955,0.0351,-2.47,-3.721857,-0.68956167,"ZSCAN25","zinc finger and SCAN domain containing 25","ZSCAN25","Downregulated"
"232409_PM_x_at",0.82955,0.0351,2.47,-3.722972,0.60779783,"FBXL16","F-box and leucine rich repeat protein 16","FBXL16","Upregulated"
"220297_PM_at",0.82955,0.0352,-2.47,-3.725245,-0.74372183,"BTBD7","BTB domain containing 7","BTBD7","Downregulated"
"228160_PM_at",0.82955,0.0352,-2.47,-3.725837,-0.71585967,"LINC00667","long intergenic non-protein coding RNA 667","LINC00667","Downregulated"
"200930_PM_s_at",0.82955,0.0352,2.47,-3.725901,1.11624283,"VCL","vinculin","VCL","Upregulated"
"206176_PM_at",0.82955,0.0352,-2.47,-3.726163,-1.48332,"BMP6","bone morphogenetic protein 6","BMP6","Downregulated"
"241989_PM_at",0.82955,0.0353,2.46,-3.727026,0.99389117,"GRK4","G protein-coupled receptor kinase 4","GRK4","Upregulated"
"210547_PM_x_at",0.82955,0.0353,-2.46,-3.728226,-0.625134,"ICA1","islet cell autoantigen 1","ICA1","Downregulated"
"217980_PM_s_at",0.82955,0.0353,-2.46,-3.728307,-0.89993667,"MRPL16","mitochondrial ribosomal protein L16","MRPL16","Downregulated"
"226114_PM_at",0.82955,0.0354,-2.46,-3.730069,-0.61440833,"ZNF436","zinc finger protein 436","ZNF436","Downregulated"
"222811_PM_at",0.82955,0.0354,-2.46,-3.731307,-0.73506352,"CMTR2","cap methyltransferase 2","CMTR2","Downregulated"
"32837_PM_at",0.82955,0.0355,-2.46,-3.732129,-0.64134833,"AGPAT2","1-acylglycerol-3-phosphate O-acyltransferase 2","AGPAT2","Downregulated"
"208946_PM_s_at",0.82955,0.0355,-2.46,-3.732858,-0.97559833,"BECN1","beclin 1","BECN1","Downregulated"
"1555916_PM_at",0.82955,0.0355,-2.46,-3.732877,-0.68640833,"RPUSD3","RNA pseudouridylate synthase domain containing 3","RPUSD3","Downregulated"
"205379_PM_at",0.82955,0.0355,-2.46,-3.73336,-0.88145333,"CBR3","carbonyl reductase 3","CBR3","Downregulated"
"1554021_PM_a_at",0.82955,0.0355,-2.46,-3.734384,-0.827145,"ZNF12","zinc finger protein 12","ZNF12","Downregulated"
"214829_PM_at",0.82955,0.0355,-2.46,-3.734527,-0.64335733,"AASS","aminoadipate-semialdehyde synthase","AASS","Downregulated"
"202990_PM_at",0.82955,0.0356,-2.46,-3.735184,-1.41799167,"PYGL","phosphorylase, glycogen, liver","PYGL","Downregulated"
"226028_PM_at",0.82955,0.0356,-2.46,-3.735596,-1.16324167,"ROBO4","roundabout guidance receptor 4","ROBO4","Downregulated"
"1568629_PM_s_at",0.83006,0.0356,2.46,-3.736554,0.798065,"PIK3R2","phosphoinositide-3-kinase regulatory subunit 2","PIK3R2","Upregulated"
"220482_PM_s_at",0.83053,0.0357,2.46,-3.737528,0.66083733,"SERGEF","secretion regulating guanine nucleotide exchange factor","SERGEF","Upregulated"
"225949_PM_at",0.83053,0.0357,-2.46,-3.737861,-1.25281667,"NRBP2","nuclear receptor binding protein 2","NRBP2","Downregulated"
"241945_PM_at",0.83132,0.0357,2.46,-3.739537,0.92183167,"LOC101929681","uncharacterized LOC101929681","LOC101929681","Upregulated"
"238102_PM_s_at",0.8316,0.0358,-2.46,-3.740233,-0.93481667,"BTBD19","BTB domain containing 19","BTBD19","Downregulated"
"228728_PM_at",0.83195,0.0358,-2.46,-3.741015,-1.80947833,"CPED1","cadherin like and PC-esterase domain containing 1","CPED1","Downregulated"
"213208_PM_at",0.83231,0.0358,-2.46,-3.742209,-0.824785,"GLTSCR1L","GLTSCR1 like","GLTSCR1L","Downregulated"
"208919_PM_s_at",0.83274,0.0359,-2.45,-3.743781,-1.22420833,"NADK","NAD kinase","NADK","Downregulated"
"216979_PM_at",0.83274,0.0359,2.45,-3.743865,2.296305,"NR4A3","nuclear receptor subfamily 4 group A member 3","NR4A3","Upregulated"
"213628_PM_at",0.83325,0.0359,-2.45,-3.744986,-1.18508333,"CLCC1","chloride channel CLIC like 1","CLCC1","Downregulated"
"223264_PM_at",0.83325,0.036,-2.45,-3.745209,-0.81247833,"MESDC1","mesoderm development candidate 1","MESDC1","Downregulated"
"200722_PM_s_at",0.83352,0.036,-2.45,-3.746157,-1.01060167,"CAPRIN1","cell cycle associated protein 1","CAPRIN1","Downregulated"
"222640_PM_at",0.83352,0.036,-2.45,-3.746357,-0.80279417,"DNMT3A","DNA methyltransferase 3 alpha","DNMT3A","Downregulated"
"235556_PM_at",0.83352,0.036,-2.45,-3.747457,-0.95575333,"CREBRF","CREB3 regulatory factor","CREBRF","Downregulated"
"209303_PM_at",0.83352,0.0361,-2.45,-3.747731,-1.32267833,"NDUFS4","NADH:ubiquinone oxidoreductase subunit S4","NDUFS4","Downregulated"
"215743_PM_at",0.83352,0.0361,-2.45,-3.748305,-0.759645,"NMT2","N-myristoyltransferase 2","NMT2","Downregulated"
"207961_PM_x_at",0.83352,0.0361,2.45,-3.748994,1.77139667,"MYH11","myosin heavy chain 11","MYH11","Upregulated"
"244124_PM_at",0.83352,0.0361,2.45,-3.749097,0.839382,"RAB37","RAB37, member RAS oncogene family","RAB37","Upregulated"
"205480_PM_s_at",0.83352,0.0361,-2.45,-3.749514,-2.30239333,"UGP2","UDP-glucose pyrophosphorylase 2","UGP2","Downregulated"
"206209_PM_s_at",0.83422,0.0363,-2.45,-3.752915,-1.01374217,"CA4","carbonic anhydrase 4","CA4","Downregulated"
"213275_PM_x_at",0.83464,0.0363,2.45,-3.75377,0.71833667,"CTSB","cathepsin B","CTSB","Upregulated"
"202430_PM_s_at",0.83472,0.0363,-2.45,-3.754395,-1.36094,"PLSCR1","phospholipid scramblase 1","PLSCR1","Downregulated"
"202916_PM_s_at",0.83472,0.0364,-2.45,-3.755446,-1.051875,"FAM20B","family with sequence similarity 20 member B","FAM20B","Downregulated"
"220529_PM_at",0.83472,0.0364,2.45,-3.756481,0.58553,"FLJ11710","uncharacterized protein FLJ11710","FLJ11710","Upregulated"
"217992_PM_s_at",0.83472,0.0364,2.45,-3.756893,1.04307833,"EFHD2","EF-hand domain family member D2","EFHD2","Upregulated"
"219703_PM_at",0.83576,0.0365,2.44,-3.758511,0.64536333,"MNS1","meiosis specific nuclear structural 1","MNS1","Upregulated"
"202827_PM_s_at",0.83588,0.0365,2.44,-3.7595,2.17859517,"MMP14","matrix metallopeptidase 14","MMP14","Upregulated"
"206520_PM_x_at",0.83588,0.0366,-2.44,-3.760384,-0.66762333,"SIGLEC6","sialic acid binding Ig like lectin 6","SIGLEC6","Downregulated"
"209066_PM_x_at",0.83588,0.0366,-2.44,-3.760439,-0.66136,"UQCRB","ubiquinol-cytochrome c reductase binding protein","UQCRB","Downregulated"
"242313_PM_at",0.83588,0.0366,-2.44,-3.760571,-0.92008658,"LOC728730","uncharacterized LOC728730","LOC728730","Downregulated"
"230332_PM_at",0.836,0.0366,2.44,-3.761478,0.936685,"ZCCHC7","zinc finger CCHC-type containing 7","ZCCHC7","Upregulated"
"228006_PM_at",0.83623,0.0366,-2.44,-3.762112,-1.124735,"PTEN","phosphatase and tensin homolog","PTEN","Downregulated"
"231813_PM_s_at",0.83651,0.0367,-2.44,-3.763851,-0.85227583,"COG1","component of oligomeric golgi complex 1","COG1","Downregulated"
"223218_PM_s_at",0.83651,0.0367,2.44,-3.763995,2.05858167,"NFKBIZ","NFKB inhibitor zeta","NFKBIZ","Upregulated"
"218890_PM_x_at",0.83651,0.0367,-2.44,-3.765265,-0.83680167,"MRPL35","mitochondrial ribosomal protein L35","MRPL35","Downregulated"
"223112_PM_s_at",0.83651,0.0368,-2.44,-3.765442,-0.8765,"NDUFB10","NADH:ubiquinone oxidoreductase subunit B10","NDUFB10","Downregulated"
"217930_PM_s_at",0.83651,0.0368,2.44,-3.766356,0.63287317,"TOLLIP","toll interacting protein","TOLLIP","Upregulated"
"205111_PM_s_at",0.83651,0.0368,-2.44,-3.766392,-0.76671517,"PLCE1","phospholipase C epsilon 1","PLCE1","Downregulated"
"218005_PM_at",0.83651,0.0368,-2.44,-3.766657,-0.96664667,"ZNF22","zinc finger protein 22","ZNF22","Downregulated"
"202484_PM_s_at",0.83692,0.0368,-2.44,-3.767879,-0.81802167,"MBD2","methyl-CpG binding domain protein 2","MBD2","Downregulated"
"230002_PM_at",0.83772,0.0369,-2.44,-3.769142,-1.27492333,"GPSM2","G-protein signaling modulator 2","GPSM2","Downregulated"
"226509_PM_at",0.83821,0.037,-2.44,-3.77045,-0.69572833,"ZNF641","zinc finger protein 641","ZNF641","Downregulated"
"205150_PM_s_at",0.83868,0.037,-2.44,-3.771352,-0.980481,"TRIL","TLR4 interactor with leucine rich repeats","TRIL","Downregulated"
"214501_PM_s_at",0.83887,0.0371,-2.43,-3.773478,-1.313145,"H2AFY","H2A histone family member Y","H2AFY","Downregulated"
"230820_PM_at",0.83887,0.0371,-2.43,-3.77426,-0.70490833,"SMURF2","SMAD specific E3 ubiquitin protein ligase 2","SMURF2","Downregulated"
"266_PM_s_at",0.83887,0.0371,-2.43,-3.774426,-1.16296017,"CD24","CD24 molecule","CD24","Downregulated"
"235407_PM_at",0.83887,0.0371,2.43,-3.774626,1.05876167,"RABGEF1","RAB guanine nucleotide exchange factor 1","RABGEF1","Upregulated"
"243336_PM_at",0.84022,0.0372,-2.43,-3.77689,-0.73625533,"LOC100132292","uncharacterized LOC100132292","LOC100132292","Downregulated"
"235878_PM_at",0.84022,0.0372,-2.43,-3.777151,-0.685796,"TAF1B","TATA-box binding protein associated factor, RNA polymerase I subunit B","TAF1B","Downregulated"
"216677_PM_at",0.84022,0.0372,2.43,-3.777629,0.7105635,"ZNF154","zinc finger protein 154","ZNF154","Upregulated"
"1553818_PM_x_at",0.84077,0.0373,2.43,-3.778615,0.7045535,"POM121L10P","POM121 transmembrane nucleoporin like 10, pseudogene///POM121 transmembrane nucleoporin like 4, pseudogene///POM121 transmembrane nucleoporin like 8, pseudogene///POM121 transmembrane nucleoporin like 9, pseudogene///POM121 transmembrane nucleoporin like 1, pseudogene","POM121L10P","Upregulated"
"1553818_PM_x_at",0.84077,0.0373,2.43,-3.778615,0.7045535,"POM121L4P","POM121 transmembrane nucleoporin like 10, pseudogene///POM121 transmembrane nucleoporin like 4, pseudogene///POM121 transmembrane nucleoporin like 8, pseudogene///POM121 transmembrane nucleoporin like 9, pseudogene///POM121 transmembrane nucleoporin like 1, pseudogene","POM121L4P","Upregulated"
"1553818_PM_x_at",0.84077,0.0373,2.43,-3.778615,0.7045535,"POM121L8P","POM121 transmembrane nucleoporin like 10, pseudogene///POM121 transmembrane nucleoporin like 4, pseudogene///POM121 transmembrane nucleoporin like 8, pseudogene///POM121 transmembrane nucleoporin like 9, pseudogene///POM121 transmembrane nucleoporin like 1, pseudogene","POM121L8P","Upregulated"
"1553818_PM_x_at",0.84077,0.0373,2.43,-3.778615,0.7045535,"POM121L9P","POM121 transmembrane nucleoporin like 10, pseudogene///POM121 transmembrane nucleoporin like 4, pseudogene///POM121 transmembrane nucleoporin like 8, pseudogene///POM121 transmembrane nucleoporin like 9, pseudogene///POM121 transmembrane nucleoporin like 1, pseudogene","POM121L9P","Upregulated"
"1553818_PM_x_at",0.84077,0.0373,2.43,-3.778615,0.7045535,"POM121L1P","POM121 transmembrane nucleoporin like 10, pseudogene///POM121 transmembrane nucleoporin like 4, pseudogene///POM121 transmembrane nucleoporin like 8, pseudogene///POM121 transmembrane nucleoporin like 9, pseudogene///POM121 transmembrane nucleoporin like 1, pseudogene","POM121L1P","Upregulated"
"205507_PM_at",0.84172,0.0373,-2.43,-3.780043,-1.12016667,"ARHGEF15","Rho guanine nucleotide exchange factor 15","ARHGEF15","Downregulated"
"231857_PM_s_at",0.84253,0.0374,-2.43,-3.782616,-0.8389265,"AGBL5","ATP/GTP binding protein like 5","AGBL5","Downregulated"
"234947_PM_s_at",0.84253,0.0375,-2.43,-3.783439,-1.31358,"FAM204A","family with sequence similarity 204 member A","FAM204A","Downregulated"
"1555048_PM_a_at",0.84253,0.0375,2.43,-3.783892,0.89494267,"TSPEAR","thrombospondin type laminin G domain and EAR repeats","TSPEAR","Upregulated"
"204068_PM_at",0.84253,0.0375,-2.43,-3.7839,-0.93266,"STK3","serine/threonine kinase 3","STK3","Downregulated"
"218882_PM_s_at",0.84253,0.0375,-2.43,-3.783967,-0.71955167,"WDR3","WD repeat domain 3","WDR3","Downregulated"
"212788_PM_x_at",0.84462,0.0376,-2.43,-3.786633,-1.11439167,"FTL","ferritin light chain","FTL","Downregulated"
"219543_PM_at",0.84477,0.0376,-2.43,-3.787424,-0.83418167,"PBLD","phenazine biosynthesis like protein domain containing","PBLD","Downregulated"
"1557147_PM_a_at",0.84477,0.0376,-2.43,-3.7876,-0.642413,"LOC101928837","uncharacterized LOC101928837","LOC101928837","Downregulated"
"203838_PM_s_at",0.84477,0.0377,2.43,-3.787936,0.75195025,"TNK2","tyrosine kinase non receptor 2","TNK2","Upregulated"
"1558378_PM_a_at",0.84577,0.0377,2.42,-3.790168,1.57411833,"AHNAK2","AHNAK nucleoprotein 2","AHNAK2","Upregulated"
"231947_PM_at",0.84652,0.0378,-2.42,-3.791743,-1.07256833,"MYCT1","myc target 1","MYCT1","Downregulated"
"204154_PM_at",0.84652,0.0378,-2.42,-3.791744,-1.64024667,"CDO1","cysteine dioxygenase type 1","CDO1","Downregulated"
"1561707_PM_at",0.84656,0.0379,2.42,-3.794088,0.65956683,"LINC00895","long intergenic non-protein coding RNA 895","LINC00895","Upregulated"
"200804_PM_at",0.84656,0.0379,-2.42,-3.794519,-1.09119167,"TMBIM6","transmembrane BAX inhibitor motif containing 6","TMBIM6","Downregulated"
"218346_PM_s_at",0.84656,0.0379,-2.42,-3.794539,-1.498285,"SESN1","sestrin 1","SESN1","Downregulated"
"202868_PM_s_at",0.84656,0.0379,-2.42,-3.794622,-0.82676833,"POP4","POP4 homolog, ribonuclease P/MRP subunit","POP4","Downregulated"
"207143_PM_at",0.84656,0.038,2.42,-3.796112,0.7667455,"CDK6","cyclin dependent kinase 6","CDK6","Upregulated"
"219185_PM_at",0.84656,0.038,-2.42,-3.79662,-0.60148333,"SIRT5","sirtuin 5","SIRT5","Downregulated"
"227158_PM_at",0.84656,0.038,-2.42,-3.797137,-1.2649295,"DTD2","D-tyrosyl-tRNA deacylase 2 (putative)","DTD2","Downregulated"
"202020_PM_s_at",0.84656,0.0381,-2.42,-3.799395,-1.253705,"LANCL1","LanC like 1","LANCL1","Downregulated"
"238462_PM_at",0.84656,0.0382,2.42,-3.800097,0.63061363,"UBASH3B","ubiquitin associated and SH3 domain containing B","UBASH3B","Upregulated"
"243946_PM_at",0.84656,0.0382,2.42,-3.802034,0.97185,"SMOC2","SPARC related modular calcium binding 2","SMOC2","Upregulated"
"230972_PM_at",0.84656,0.0382,-2.42,-3.802145,-1.05478083,"ANKRD9","ankyrin repeat domain 9","ANKRD9","Downregulated"
"229175_PM_at",0.84656,0.0382,-2.42,-3.802207,-0.73639667,"SMYD4","SET and MYND domain containing 4","SMYD4","Downregulated"
"1564208_PM_x_at",0.84656,0.0382,-2.42,-3.802273,-0.833469,"LINC00957","long intergenic non-protein coding RNA 957","LINC00957","Downregulated"
"202662_PM_s_at",0.84656,0.0383,-2.41,-3.803793,-1.24034367,"ITPR2","inositol 1,4,5-trisphosphate receptor type 2","ITPR2","Downregulated"
"207310_PM_s_at",0.84656,0.0383,2.41,-3.804026,0.6188075,"NOS1","nitric oxide synthase 1","NOS1","Upregulated"
"213387_PM_at",0.84656,0.0384,-2.41,-3.805307,-0.99856667,"ATAD2B","ATPase family, AAA domain containing 2B","ATAD2B","Downregulated"
"64899_PM_at",0.84656,0.0384,2.41,-3.805451,0.59828333,"PLPPR2","phospholipid phosphatase related 2","PLPPR2","Upregulated"
"1557293_PM_at",0.84656,0.0384,-2.41,-3.806221,-1.35348333,"LINC00969","long intergenic non-protein coding RNA 969","LINC00969","Downregulated"
"203123_PM_s_at",0.84656,0.0384,2.41,-3.806437,1.213975,"SLC11A2","solute carrier family 11 member 2","SLC11A2","Upregulated"
"226296_PM_s_at",0.84656,0.0384,-2.41,-3.806654,-1.41905,"MRPS15","mitochondrial ribosomal protein S15","MRPS15","Downregulated"
"209448_PM_at",0.84656,0.0384,-2.41,-3.80711,-0.97944333,"HTATIP2","HIV-1 Tat interactive protein 2","HTATIP2","Downregulated"
"203370_PM_s_at",0.84656,0.0385,2.41,-3.807548,1.732576,"PDLIM7","PDZ and LIM domain 7","PDLIM7","Upregulated"
"234108_PM_at",0.84656,0.0385,-2.41,-3.808215,-0.80794033,"TAS2R45","taste 2 receptor member 45","TAS2R45","Downregulated"
"235072_PM_s_at",0.84656,0.0385,-2.41,-3.808226,-1.19891,"KIF13A","kinesin family member 13A","KIF13A","Downregulated"
"227697_PM_at",0.84656,0.0385,2.41,-3.808516,3.20148167,"SOCS3","suppressor of cytokine signaling 3","SOCS3","Upregulated"
"228953_PM_at",0.84656,0.0385,-2.41,-3.808607,-1.12123167,"WHAMM","WAS protein homolog associated with actin, golgi membranes and microtubules","WHAMM","Downregulated"
"226756_PM_at",0.84656,0.0385,2.41,-3.808896,1.13377333,"CCDC71L","coiled-coil domain containing 71-like","CCDC71L","Upregulated"
"1558519_PM_at",0.84656,0.0385,-2.41,-3.809243,-0.59528698,"RPE","KAT8 regulatory NSL complex subunit 1 like///ribulose-5-phosphate-3-epimerase","RPE","Downregulated"
"235101_PM_at",0.84656,0.0385,-2.41,-3.809555,-0.76696167,"FNBP4","formin binding protein 4","FNBP4","Downregulated"
"1560560_PM_at",0.84656,0.0385,2.41,-3.809556,0.74292933,"LOC101927143","uncharacterized LOC101927143","LOC101927143","Upregulated"
"202697_PM_at",0.84656,0.0386,-2.41,-3.810346,-1.50835833,"NUDT21","nudix hydrolase 21","NUDT21","Downregulated"
"229608_PM_at",0.84656,0.0386,2.41,-3.810363,0.73501783,"FAM212B","family with sequence similarity 212 member B","FAM212B","Upregulated"
"236456_PM_at",0.84656,0.0386,2.41,-3.810916,0.72332667,"PTPN5","protein tyrosine phosphatase, non-receptor type 5","PTPN5","Upregulated"
"206257_PM_at",0.84656,0.0386,2.41,-3.811034,1.1890935,"CCDC9","coiled-coil domain containing 9","CCDC9","Upregulated"
"202435_PM_s_at",0.8471,0.0387,2.41,-3.812563,1.36410667,"CYP1B1","cytochrome P450 family 1 subfamily B member 1","CYP1B1","Upregulated"
"202733_PM_at",0.8471,0.0387,2.41,-3.812893,1.21846333,"P4HA2","prolyl 4-hydroxylase subunit alpha 2","P4HA2","Upregulated"
"228405_PM_at",0.8471,0.0387,2.41,-3.812913,0.8070645,"RHPN1","rhophilin Rho GTPase binding protein 1","RHPN1","Upregulated"
"238908_PM_at",0.84779,0.0388,2.41,-3.814403,1.2860445,"CALU","calumenin","CALU","Upregulated"
"1558529_PM_s_at",0.84832,0.0388,-2.41,-3.815824,-0.8213795,"LOC728323","uncharacterized LOC728323","LOC728323","Downregulated"
"223416_PM_at",0.84832,0.0388,-2.41,-3.816565,-0.73717167,"SF3B6","splicing factor 3b subunit 6","SF3B6","Downregulated"
"213290_PM_at",0.84832,0.0389,2.41,-3.816797,0.94531667,"COL6A2","collagen type VI alpha 2 chain","COL6A2","Upregulated"
"212440_PM_at",0.84832,0.0389,-2.41,-3.816826,-0.87951167,"SNRNP27","small nuclear ribonucleoprotein U4/U6.U5 subunit 27","SNRNP27","Downregulated"
"226475_PM_at",0.84841,0.0389,2.41,-3.817501,0.906935,"FAM118A","family with sequence similarity 118 member A","FAM118A","Upregulated"
"203667_PM_at",0.84841,0.0389,-2.41,-3.81782,-0.732335,"TBCA","tubulin folding cofactor A","TBCA","Downregulated"
"1557539_PM_at",0.84841,0.0389,2.41,-3.81802,0.69147183,"FBRSL1","fibrosin like 1","FBRSL1","Upregulated"
"242794_PM_at",0.84909,0.039,-2.4,-3.819497,-0.6842885,"MAML3","mastermind like transcriptional coactivator 3","MAML3","Downregulated"
"222666_PM_s_at",0.84979,0.039,-2.4,-3.821301,-1.05795167,"RCL1","RNA terminal phosphate cyclase like 1","RCL1","Downregulated"
"210839_PM_s_at",0.84979,0.0391,-2.4,-3.821783,-0.89362167,"ENPP2","ectonucleotide pyrophosphatase/phosphodiesterase 2","ENPP2","Downregulated"
"204115_PM_at",0.84979,0.0391,-2.4,-3.823103,-1.81660333,"GNG11","G protein subunit gamma 11","GNG11","Downregulated"
"201247_PM_at",0.84979,0.0391,-2.4,-3.823145,-0.67423833,"SREBF2","sterol regulatory element binding transcription factor 2","SREBF2","Downregulated"
"208921_PM_s_at",0.84979,0.0391,-2.4,-3.823303,-1.31861167,"SRI","sorcin","SRI","Downregulated"
"209254_PM_at",0.84979,0.0392,-2.4,-3.823886,-0.9581,"KLHDC10","kelch domain containing 10","KLHDC10","Downregulated"
"212589_PM_at",0.84979,0.0392,-2.4,-3.824472,-1.487301,"RRAS2","related RAS viral (r-ras) oncogene homolog 2","RRAS2","Downregulated"
"222349_PM_x_at",0.84979,0.0392,2.4,-3.824688,0.65684167,"RNF126P1","ring finger protein 126 pseudogene 1","RNF126P1","Upregulated"
"227366_PM_at",0.84979,0.0393,-2.4,-3.82707,-0.79587383,"RILP","Rab interacting lysosomal protein","RILP","Downregulated"
"213231_PM_at",0.84979,0.0393,2.4,-3.827157,0.68626283,"DMWD","dystrophia myotonica, WD repeat containing","DMWD","Upregulated"
"223054_PM_at",0.84979,0.0393,2.4,-3.827315,0.98030833,"DNAJB11","DnaJ heat shock protein family (Hsp40) member B11","DNAJB11","Upregulated"
"218823_PM_s_at",0.84979,0.0393,-2.4,-3.82777,-1.400055,"KCTD9","potassium channel tetramerization domain containing 9","KCTD9","Downregulated"
"1564796_PM_at",0.84979,0.0393,2.4,-3.827982,1.74942833,"EMP1","epithelial membrane protein 1","EMP1","Upregulated"
"221504_PM_s_at",0.84979,0.0393,-2.4,-3.828513,-1.24225333,"ATP6V1H","ATPase H+ transporting V1 subunit H","ATP6V1H","Downregulated"
"210232_PM_at",0.84979,0.0394,2.4,-3.828894,0.65611667,"CDC42","cell division cycle 42","CDC42","Upregulated"
"233752_PM_s_at",0.84979,0.0394,2.4,-3.830005,0.63276833,"ZFHX3","zinc finger homeobox 3","ZFHX3","Upregulated"
"210191_PM_s_at",0.84979,0.0394,2.4,-3.830163,0.8292725,"PHTF1","putative homeodomain transcription factor 1","PHTF1","Upregulated"
"212950_PM_at",0.84979,0.0394,-2.4,-3.830362,-0.96892833,"ADGRF5","adhesion G protein-coupled receptor F5","ADGRF5","Downregulated"
"226845_PM_s_at",0.84979,0.0394,-2.4,-3.830617,-1.13432167,"COPS9","COP9 signalosome subunit 9","COPS9","Downregulated"
"233156_PM_at",0.84979,0.0394,-2.4,-3.830774,-0.86601383,"RNASEH2B","ribonuclease H2 subunit B","RNASEH2B","Downregulated"
"221474_PM_at",0.84979,0.0394,-2.4,-3.830841,-0.694435,"MYL12B","myosin light chain 12B","MYL12B","Downregulated"
"205895_PM_s_at",0.85102,0.0395,2.4,-3.832546,0.66584617,"NOLC1","nucleolar and coiled-body phosphoprotein 1","NOLC1","Upregulated"
"205960_PM_at",0.85167,0.0396,-2.39,-3.834925,-2.20338833,"PDK4","pyruvate dehydrogenase kinase 4","PDK4","Downregulated"
"227099_PM_s_at",0.85167,0.0397,2.39,-3.836092,1.91792167,"C11orf96","chromosome 11 open reading frame 96","C11orf96","Upregulated"
"230274_PM_s_at",0.85167,0.0397,-2.39,-3.836833,-1.16513333,"NUP88","nucleoporin 88","NUP88","Downregulated"
"208862_PM_s_at",0.85167,0.0397,-2.39,-3.837344,-1.13528117,"CTNND1","catenin delta 1","CTNND1","Downregulated"
"208422_PM_at",0.85167,0.0397,2.39,-3.837675,1.61652417,"MSR1","macrophage scavenger receptor 1","MSR1","Upregulated"
"201212_PM_at",0.85167,0.0398,-2.39,-3.83799,-1.55821333,"LGMN","legumain","LGMN","Downregulated"
"226789_PM_at",0.85167,0.0398,-2.39,-3.838401,-0.780605,"EMB","embigin","EMB","Downregulated"
"209036_PM_s_at",0.85167,0.0398,-2.39,-3.839396,-1.07879,"MDH2","malate dehydrogenase 2","MDH2","Downregulated"
"202558_PM_s_at",0.85167,0.0398,2.39,-3.839845,0.923493,"HSPA13","heat shock protein family A (Hsp70) member 13","HSPA13","Upregulated"
"217724_PM_at",0.85167,0.0398,-2.39,-3.840092,-0.78533167,"SERBP1","SERPINE1 mRNA binding protein 1","SERBP1","Downregulated"
"1554772_PM_at",0.85167,0.0399,-2.39,-3.840436,-1.12722233,"EFCAB13","EF-hand calcium binding domain 13","EFCAB13","Downregulated"
"210818_PM_s_at",0.85167,0.0399,2.39,-3.840834,1.3511605,"BACH1","BTB domain and CNC homolog 1","BACH1","Upregulated"
"220170_PM_at",0.8517,0.0399,-2.39,-3.842241,-0.72311833,"FHL5","four and a half LIM domains 5","FHL5","Downregulated"
"215894_PM_at",0.8517,0.04,-2.39,-3.84263,-0.91906467,"PTGDR","prostaglandin D2 receptor","PTGDR","Downregulated"
"201612_PM_at",0.8519,0.04,-2.39,-3.843312,-1.88029333,"ALDH9A1","aldehyde dehydrogenase 9 family member A1","ALDH9A1","Downregulated"
"225844_PM_at",0.8519,0.04,-2.39,-3.844062,-0.73284667,"POLE4","DNA polymerase epsilon 4, accessory subunit","POLE4","Downregulated"
"229578_PM_at",0.8519,0.04,2.39,-3.844101,0.63171667,"JPH2","junctophilin 2","JPH2","Upregulated"
"222421_PM_at",0.8519,0.04,-2.39,-3.84432,-0.947075,"UBE2H","ubiquitin conjugating enzyme E2 H","UBE2H","Downregulated"
"202938_PM_x_at",0.85295,0.0401,2.39,-3.846525,0.861038,"RRP7BP","ribosomal RNA processing 7 homolog B, pseudogene///ribosomal RNA processing 7 homolog A","RRP7BP","Upregulated"
"202938_PM_x_at",0.85295,0.0401,2.39,-3.846525,0.861038,"RRP7A","ribosomal RNA processing 7 homolog B, pseudogene///ribosomal RNA processing 7 homolog A","RRP7A","Upregulated"
"222120_PM_at",0.85309,0.0402,-2.39,-3.847439,-0.81121117,"ZNF764","zinc finger protein 764","ZNF764","Downregulated"
"238628_PM_s_at",0.85389,0.0402,-2.38,-3.849328,-0.6702,"TRAPPC2L","trafficking protein particle complex 2 like","TRAPPC2L","Downregulated"
"230800_PM_at",0.85582,0.0404,-2.38,-3.852038,-1.15518833,"ADCY4","adenylate cyclase 4","ADCY4","Downregulated"
"206855_PM_s_at",0.85582,0.0404,-2.38,-3.852121,-0.660022,"HYAL2","hyaluronoglucosaminidase 2","HYAL2","Downregulated"
"208050_PM_s_at",0.85608,0.0404,-2.38,-3.852757,-0.74040833,"CASP2","caspase 2","CASP2","Downregulated"
"222711_PM_s_at",0.8581,0.0405,-2.38,-3.856062,-0.653151,"RHBDF1","rhomboid 5 homolog 1","RHBDF1","Downregulated"
"210001_PM_s_at",0.8581,0.0406,2.38,-3.856302,0.76105433,"SOCS1","suppressor of cytokine signaling 1","SOCS1","Upregulated"
"1561459_PM_at",0.8581,0.0406,-2.38,-3.856359,-0.73893167,"LOC101929526","uncharacterized LOC101929526","LOC101929526","Downregulated"
"212946_PM_at",0.8581,0.0406,-2.38,-3.857141,-1.25069517,"VWA8","von Willebrand factor A domain containing 8","VWA8","Downregulated"
"225262_PM_at",0.8581,0.0406,2.38,-3.857185,1.43257833,"FOSL2","FOS like 2, AP-1 transcription factor subunit","FOSL2","Upregulated"
"219239_PM_s_at",0.8581,0.0406,-2.38,-3.857534,-0.64323067,"ZNF654","zinc finger protein 654","ZNF654","Downregulated"
"201041_PM_s_at",0.8581,0.0406,2.38,-3.858141,2.59027333,"DUSP1","dual specificity phosphatase 1","DUSP1","Upregulated"
"210145_PM_at",0.8581,0.0407,-2.38,-3.858486,-1.13260633,"PLA2G4A","phospholipase A2 group IVA","PLA2G4A","Downregulated"
"243173_PM_at",0.85923,0.0407,2.38,-3.860413,0.68176317,"CABP7","calcium binding protein 7","CABP7","Upregulated"
"214252_PM_s_at",0.85955,0.0408,-2.38,-3.861951,-0.64851667,"CLN5","ceroid-lipofuscinosis, neuronal 5","CLN5","Downregulated"
"209708_PM_at",0.85955,0.0408,2.38,-3.862095,1.78548333,"MOXD1","monooxygenase DBH like 1","MOXD1","Upregulated"
"201441_PM_at",0.85955,0.0408,-2.38,-3.862178,-1.29792833,"COX6B1","cytochrome c oxidase subunit 6B1","COX6B1","Downregulated"
"208614_PM_s_at",0.8601,0.0409,-2.37,-3.86465,-1.15615,"FLNB","filamin B","FLNB","Downregulated"
"209210_PM_s_at",0.86143,0.041,-2.37,-3.867021,-1.46855333,"FERMT2","fermitin family member 2","FERMT2","Downregulated"
"238153_PM_at",0.86187,0.0411,-2.37,-3.868626,-0.61299317,"PDE6B","phosphodiesterase 6B","PDE6B","Downregulated"
"205723_PM_at",0.86187,0.0411,-2.37,-3.868699,-0.74318333,"CNTFR","ciliary neurotrophic factor receptor","CNTFR","Downregulated"
"224270_PM_at",0.86187,0.0412,-2.37,-3.869743,-0.98829167,"OCR1","ovarian cancer-related protein 1","OCR1","Downregulated"
"218780_PM_at",0.86207,0.0412,-2.37,-3.870562,-0.63364667,"HOOK2","hook microtubule tethering protein 2","HOOK2","Downregulated"
"1568765_PM_at",0.86207,0.0412,2.37,-3.870876,3.0182915,"SERPINE1","serpin family E member 1","SERPINE1","Upregulated"
"230226_PM_s_at",0.86304,0.0413,2.37,-3.872962,0.93061,"KDM5A","lysine demethylase 5A","KDM5A","Upregulated"
"217340_PM_at",0.86307,0.0413,-2.37,-3.873372,-0.897085,"RPL21P28","ribosomal protein L21 pseudogene 28///ribosomal protein L21","RPL21P28","Downregulated"
"217340_PM_at",0.86307,0.0413,-2.37,-3.873372,-0.897085,"RPL21","ribosomal protein L21 pseudogene 28///ribosomal protein L21","RPL21","Downregulated"
"217996_PM_at",0.86307,0.0413,2.37,-3.873843,2.02353167,"PHLDA1","pleckstrin homology like domain family A member 1","PHLDA1","Upregulated"
"210322_PM_x_at",0.86307,0.0413,-2.37,-3.874192,-0.79571017,"UTY","ubiquitously transcribed tetratricopeptide repeat containing, Y-linked","UTY","Downregulated"
"203042_PM_at",0.86307,0.0414,-2.37,-3.874526,-1.09647683,"LAMP2","lysosomal associated membrane protein 2","LAMP2","Downregulated"
"224391_PM_s_at",0.86307,0.0414,-2.37,-3.874951,-0.63253333,"SIAE","sialic acid acetylesterase","SIAE","Downregulated"
"203873_PM_at",0.86307,0.0414,2.37,-3.875295,1.041325,"SMARCA1","SWI/SNF related, matrix associated, actin dependent regulator of chromatin, subfamily a, member 1","SMARCA1","Upregulated"
"226534_PM_at",0.86361,0.0415,-2.37,-3.876811,-1.42137183,"KITLG","KIT ligand","KITLG","Downregulated"
"213322_PM_at",0.86455,0.0416,-2.37,-3.879054,-1.14910167,"OARD1","O-acyl-ADP-ribose deacylase 1","OARD1","Downregulated"
"242360_PM_at",0.86455,0.0416,-2.37,-3.879137,-0.83469517,"LDB2","LIM domain binding 2","LDB2","Downregulated"
"220041_PM_at",0.86477,0.0417,-2.36,-3.8811,-0.73055483,"PIGZ","phosphatidylinositol glycan anchor biosynthesis class Z","PIGZ","Downregulated"
"226881_PM_at",0.86477,0.0417,-2.36,-3.881113,-0.81606,"GRPEL2","GrpE like 2, mitochondrial","GRPEL2","Downregulated"
"227644_PM_at",0.86477,0.0417,2.36,-3.88112,0.66040417,"RIMS4","regulating synaptic membrane exocytosis 4","RIMS4","Upregulated"
"241671_PM_x_at",0.86493,0.0417,2.36,-3.882599,0.90232433,"CASC15","cancer susceptibility candidate 15 (non-protein coding)","CASC15","Upregulated"
"236857_PM_at",0.86493,0.0418,-2.36,-3.883361,-0.65137367,"SLC38A1","solute carrier family 38 member 1","SLC38A1","Downregulated"
"218831_PM_s_at",0.86493,0.0418,-2.36,-3.883414,-1.22271833,"FCGRT","Fc fragment of IgG receptor and transporter","FCGRT","Downregulated"
"202376_PM_at",0.86493,0.0418,2.36,-3.88373,1.28543333,"SERPINA3","serpin family A member 3","SERPINA3","Upregulated"
"225511_PM_at",0.86493,0.0418,-2.36,-3.884231,-1.5348545,"GPRC5B","G protein-coupled receptor class C group 5 member B","GPRC5B","Downregulated"
"232498_PM_at",0.86493,0.0418,2.36,-3.884427,1.24924167,"MROH1","maestro heat like repeat family member 1","MROH1","Upregulated"
"238045_PM_at",0.86558,0.042,2.36,-3.887896,0.798265,"TMEM65","transmembrane protein 65","TMEM65","Upregulated"
"213370_PM_s_at",0.86574,0.042,2.36,-3.888425,0.89409333,"SFMBT1","Scm-like with four mbt domains 1","SFMBT1","Upregulated"
"223193_PM_x_at",0.86574,0.042,-2.36,-3.888794,-1.00343,"FAM162A","family with sequence similarity 162 member A","FAM162A","Downregulated"
"216926_PM_s_at",0.86574,0.0421,-2.36,-3.889657,-0.60335154,"MAU2","MAU2 sister chromatid cohesion factor","MAU2","Downregulated"
"219578_PM_s_at",0.86574,0.0421,2.36,-3.890174,0.78971333,"CPEB1","cytoplasmic polyadenylation element binding protein 1","CPEB1","Upregulated"
"208647_PM_at",0.86756,0.0422,-2.36,-3.893847,-1.44142667,"FDFT1","farnesyl-diphosphate farnesyltransferase 1","FDFT1","Downregulated"
"202622_PM_s_at",0.86756,0.0423,-2.36,-3.894232,-0.93471,"ATXN2","ataxin 2","ATXN2","Downregulated"
"201177_PM_s_at",0.86756,0.0423,-2.36,-3.894272,-1.0897,"UBA2","ubiquitin like modifier activating enzyme 2","UBA2","Downregulated"
"213184_PM_at",0.86756,0.0423,-2.35,-3.895825,-1.21916,"SENP5","SUMO1/sentrin specific peptidase 5","SENP5","Downregulated"
"210809_PM_s_at",0.86756,0.0423,2.35,-3.896026,2.25361667,"POSTN","periostin","POSTN","Upregulated"
"200675_PM_at",0.86756,0.0424,-2.35,-3.896258,-1.10175,"CD81","CD81 molecule","CD81","Downregulated"
"202187_PM_s_at",0.86756,0.0424,-2.35,-3.898183,-1.48457167,"PPP2R5A","protein phosphatase 2 regulatory subunit B'alpha","PPP2R5A","Downregulated"
"202108_PM_at",0.86756,0.0425,-2.35,-3.898488,-1.39224767,"PEPD","peptidase D","PEPD","Downregulated"
"204109_PM_s_at",0.86756,0.0425,-2.35,-3.898833,-1.14423317,"NFYA","nuclear transcription factor Y subunit alpha","NFYA","Downregulated"
"226290_PM_at",0.86756,0.0425,-2.35,-3.898844,-1.3146,"BDP1","B double prime 1, subunit of RNA polymerase III transcription initiation factor IIIB","BDP1","Downregulated"
"220773_PM_s_at",0.86756,0.0425,-2.35,-3.899115,-0.71494417,"GPHN","gephyrin","GPHN","Downregulated"
"205475_PM_at",0.86756,0.0425,2.35,-3.899271,1.82186067,"SCRG1","stimulator of chondrogenesis 1","SCRG1","Upregulated"
"229986_PM_at",0.86756,0.0425,-2.35,-3.899566,-0.78562333,"ZNF717","zinc finger protein 717","ZNF717","Downregulated"
"222164_PM_at",0.86756,0.0425,-2.35,-3.899611,-0.66127333,"FGFR1","fibroblast growth factor receptor 1","FGFR1","Downregulated"
"212239_PM_at",0.86756,0.0425,-2.35,-3.8997,-1.19910833,"PIK3R1","phosphoinositide-3-kinase regulatory subunit 1","PIK3R1","Downregulated"
"225820_PM_at",0.86756,0.0426,-2.35,-3.900975,-1.52064333,"JADE1","jade family PHD finger 1","JADE1","Downregulated"
"210472_PM_at",0.86756,0.0426,2.35,-3.901928,0.62054282,"MT1G","metallothionein 1G","MT1G","Upregulated"
"205412_PM_at",0.86756,0.0426,-2.35,-3.902182,-1.90186,"ACAT1","acetyl-CoA acetyltransferase 1","ACAT1","Downregulated"
"226851_PM_at",0.86756,0.0426,-2.35,-3.902208,-1.09041167,"LYPLAL1","lysophospholipase like 1","LYPLAL1","Downregulated"
"202298_PM_at",0.86756,0.0427,-2.35,-3.902679,-1.01032333,"NDUFA1","NADH:ubiquinone oxidoreductase subunit A1","NDUFA1","Downregulated"
"220199_PM_s_at",0.86756,0.0427,-2.35,-3.903259,-1.25186667,"AIDA","axin interactor, dorsalization associated","AIDA","Downregulated"
"244187_PM_at",0.86756,0.0427,-2.35,-3.903798,-1.482,"APOOL","apolipoprotein O like","APOOL","Downregulated"
"223828_PM_s_at",0.86756,0.0427,-2.35,-3.904385,-0.79102867,"LGALS12","galectin 12","LGALS12","Downregulated"
"209015_PM_s_at",0.86756,0.0427,-2.35,-3.904423,-0.95945333,"DNAJB6","DnaJ heat shock protein family (Hsp40) member B6","DNAJB6","Downregulated"
"211003_PM_x_at",0.86756,0.0428,2.35,-3.905099,0.9520255,"TGM2","transglutaminase 2","TGM2","Upregulated"
"239754_PM_at",0.86756,0.0428,-2.35,-3.905998,-0.6156315,"LRRC75A-AS1","LRRC75A antisense RNA 1","LRRC75A-AS1","Downregulated"
"225509_PM_at",0.86756,0.0428,-2.35,-3.906452,-0.5947995,"SAP30L","SAP30 like","SAP30L","Downregulated"
"1564280_PM_x_at",0.86812,0.0429,-2.35,-3.908,-0.861983,"MTHFD1L","methylenetetrahydrofolate dehydrogenase (NADP+ dependent) 1-like pseudogene///methylenetetrahydrofolate dehydrogenase (NADP+ dependent) 1-like pseudogene///methylenetetrahydrofolate dehydrogenase (NADP+ dependent) 1-like","MTHFD1L","Downregulated"
"223334_PM_at",0.86812,0.0429,-2.35,-3.908287,-1.110285,"TMEM126A","transmembrane protein 126A","TMEM126A","Downregulated"
"222388_PM_s_at",0.86812,0.0429,-2.35,-3.908813,-1.093495,"VPS35","VPS35 retromer complex component","VPS35","Downregulated"
"221875_PM_x_at",0.86815,0.043,-2.35,-3.909691,-0.77681333,"HLA-F","major histocompatibility complex, class I, F","HLA-F","Downregulated"
"209276_PM_s_at",0.86815,0.043,-2.35,-3.909981,-1.07516167,"GLRX","glutaredoxin","GLRX","Downregulated"
"220748_PM_s_at",0.86815,0.0431,-2.34,-3.911509,-0.666125,"ZNF580","zinc finger protein 580","ZNF580","Downregulated"
"211502_PM_s_at",0.86815,0.0431,2.34,-3.912906,0.74820667,"CDK14","cyclin dependent kinase 14","CDK14","Upregulated"
"207535_PM_s_at",0.86815,0.0431,2.34,-3.913354,0.70981283,"NFKB2","nuclear factor kappa B subunit 2","NFKB2","Upregulated"
"235798_PM_at",0.86815,0.0432,-2.34,-3.913416,-0.65818,"TMEM170B","transmembrane protein 170B","TMEM170B","Downregulated"
"1557628_PM_s_at",0.86815,0.0432,-2.34,-3.913863,-0.60431333,"LOC283745","uncharacterized LOC283745","LOC283745","Downregulated"
"200899_PM_s_at",0.86815,0.0432,-2.34,-3.915127,-1.69579833,"MGEA5","meningioma expressed antigen 5 (hyaluronidase)","MGEA5","Downregulated"
"208969_PM_at",0.86815,0.0432,-2.34,-3.915374,-0.83541,"NDUFA9","NADH:ubiquinone oxidoreductase subunit A9","NDUFA9","Downregulated"
"219075_PM_at",0.86815,0.0433,2.34,-3.916474,0.86151467,"YIPF2","Yip1 domain family member 2","YIPF2","Upregulated"
"213940_PM_s_at",0.86815,0.0433,2.34,-3.916644,0.83866167,"FNBP1","formin binding protein 1","FNBP1","Upregulated"
"224584_PM_at",0.86815,0.0434,-2.34,-3.9186,-1.07320333,"TMEM230","transmembrane protein 230","TMEM230","Downregulated"
"242121_PM_at",0.86815,0.0434,-2.34,-3.918648,-0.83808833,"FTX","FTX transcript, XIST regulator (non-protein coding)","FTX","Downregulated"
"231386_PM_at",0.86815,0.0435,-2.34,-3.919888,-0.67019567,"FAM228A","family with sequence similarity 228 member A","FAM228A","Downregulated"
"232004_PM_at",0.86854,0.0436,-2.34,-3.92208,-1.08446217,"HNRNPR","heterogeneous nuclear ribonucleoprotein R","HNRNPR","Downregulated"
"229906_PM_at",0.86918,0.0437,2.34,-3.924725,0.61362317,"ARMC7","armadillo repeat containing 7","ARMC7","Upregulated"
"202548_PM_s_at",0.86931,0.0437,-2.34,-3.925345,-1.25870333,"ARHGEF7","Rho guanine nucleotide exchange factor 7","ARHGEF7","Downregulated"
"244780_PM_at",0.86931,0.0437,-2.33,-3.925619,-0.83526333,"SGPP2","sphingosine-1-phosphate phosphatase 2","SGPP2","Downregulated"
"209323_PM_at",0.86969,0.0438,-2.33,-3.926592,-0.78300667,"THAP12","THAP domain containing 12","THAP12","Downregulated"
"210841_PM_s_at",0.8707,0.0438,2.33,-3.927994,0.72257167,"NRP2","neuropilin 2","NRP2","Upregulated"
"232499_PM_at",0.87156,0.0439,2.33,-3.929344,0.67278267,"ITPKB","inositol-trisphosphate 3-kinase B","ITPKB","Upregulated"
"202284_PM_s_at",0.87156,0.0439,2.33,-3.930104,2.02915833,"CDKN1A","cyclin dependent kinase inhibitor 1A","CDKN1A","Upregulated"
"218027_PM_at",0.87156,0.0439,-2.33,-3.930239,-0.88635333,"MRPL15","mitochondrial ribosomal protein L15","MRPL15","Downregulated"
"212623_PM_at",0.87167,0.044,-2.33,-3.931018,-0.74617267,"TMEM41B","transmembrane protein 41B","TMEM41B","Downregulated"
"211450_PM_s_at",0.87171,0.0441,2.33,-3.932442,0.72264717,"MSH6","mutS homolog 6","MSH6","Upregulated"
"239441_PM_at",0.87171,0.0441,-2.33,-3.93279,-0.69474917,"ZNF780A","zinc finger protein 780A","ZNF780A","Downregulated"
"212719_PM_at",0.87171,0.0441,-2.33,-3.932837,-0.73356667,"PHLPP1","PH domain and leucine rich repeat protein phosphatase 1","PHLPP1","Downregulated"
"226954_PM_at",0.87171,0.0441,-2.33,-3.933221,-0.62486667,"UBE2R2","ubiquitin conjugating enzyme E2 R2","UBE2R2","Downregulated"
"204908_PM_s_at",0.87171,0.0441,2.33,-3.933792,1.12786,"BCL3","B-cell CLL/lymphoma 3","BCL3","Upregulated"
"225325_PM_at",0.87171,0.0441,-2.33,-3.934045,-1.63047333,"MFSD6","major facilitator superfamily domain containing 6","MFSD6","Downregulated"
"1557675_PM_at",0.87267,0.0443,-2.33,-3.938188,-0.937685,"RAF1","Raf-1 proto-oncogene, serine/threonine kinase","RAF1","Downregulated"
"230574_PM_at",0.87267,0.0443,2.33,-3.9382,0.88020867,"LOC100130938","uncharacterized LOC100130938","LOC100130938","Upregulated"
"204542_PM_at",0.87267,0.0444,-2.33,-3.93907,-0.63761417,"ST6GALNAC2","ST6 N-acetylgalactosaminide alpha-2,6-sialyltransferase 2","ST6GALNAC2","Downregulated"
"215877_PM_at",0.87267,0.0444,2.33,-3.940446,0.8660265,"C14orf56","chromosome 14 open reading frame 56","C14orf56","Upregulated"
"1564190_PM_x_at",0.87267,0.0444,-2.33,-3.940519,-0.60097283,"ZNF519","zinc finger protein 519","ZNF519","Downregulated"
"203386_PM_at",0.87334,0.0446,-2.32,-3.942874,-1.36698167,"TBC1D4","TBC1 domain family member 4","TBC1D4","Downregulated"
"223996_PM_s_at",0.87334,0.0446,-2.32,-3.94303,-0.77293667,"MRPL30","mitochondrial ribosomal protein L30","MRPL30","Downregulated"
"227433_PM_at",0.87449,0.0447,-2.32,-3.944904,-0.8620995,"USF3","upstream transcription factor family member 3","USF3","Downregulated"
"229232_PM_at",0.87449,0.0447,-2.32,-3.944924,-0.78803717,"LRRC57","leucine rich repeat containing 57","LRRC57","Downregulated"
"206049_PM_at",0.87449,0.0447,-2.32,-3.945401,-1.49326333,"SELP","selectin P","SELP","Downregulated"
"225276_PM_at",0.87449,0.0447,-2.32,-3.945849,-1.11017517,"GSPT1","G1 to S phase transition 1","GSPT1","Downregulated"
"31845_PM_at",0.87449,0.0447,2.32,-3.946347,0.69022833,"ELF4","E74 like ETS transcription factor 4","ELF4","Upregulated"
"206015_PM_s_at",0.87449,0.0447,-2.32,-3.946459,-0.96273667,"FOXJ3","forkhead box J3","FOXJ3","Downregulated"
"232842_PM_at",0.87449,0.0447,2.32,-3.946532,0.81638367,"DOCK8","dedicator of cytokinesis 8","DOCK8","Upregulated"
"235853_PM_at",0.87476,0.0448,2.32,-3.947473,0.75861533,"C3orf58","chromosome 3 open reading frame 58","C3orf58","Upregulated"
"233849_PM_s_at",0.87491,0.0448,-2.32,-3.948474,-1.03892167,"ARHGAP5","Rho GTPase activating protein 5","ARHGAP5","Downregulated"
"229991_PM_s_at",0.87491,0.0449,-2.32,-3.948936,-1.36394167,"SYTL4","synaptotagmin like 4","SYTL4","Downregulated"
"211924_PM_s_at",0.87491,0.0449,2.32,-3.948958,1.84635317,"PLAUR","plasminogen activator, urokinase receptor","PLAUR","Upregulated"
"240409_PM_at",0.87491,0.0449,2.32,-3.950653,0.61944593,"SUGT1P3","SGT1 homolog, MIS12 kinetochore complex assembly cochaperone pseudogene 3","SUGT1P3","Upregulated"
"212726_PM_at",0.87491,0.045,-2.32,-3.951085,-0.90463167,"PHF2","PHD finger protein 2","PHF2","Downregulated"
"233750_PM_s_at",0.87491,0.045,-2.32,-3.95111,-0.8302615,"TRMT1L","tRNA methyltransferase 1 like","TRMT1L","Downregulated"
"206150_PM_at",0.87491,0.045,2.32,-3.952082,0.75377667,"CD27","CD27 molecule","CD27","Upregulated"
"225867_PM_at",0.87491,0.045,2.32,-3.952497,0.701872,"VASN","vasorin","VASN","Upregulated"
"227329_PM_at",0.87491,0.045,-2.32,-3.952528,-0.86192167,"ZBTB46","zinc finger and BTB domain containing 46","ZBTB46","Downregulated"
"213655_PM_at",0.87539,0.0451,-2.32,-3.953687,-1.22079667,"YWHAE","tyrosine 3-monooxygenase/tryptophan 5-monooxygenase activation protein epsilon","YWHAE","Downregulated"
"235697_PM_at",0.87588,0.0451,-2.32,-3.954529,-0.700635,"ZNF544","zinc finger protein 544","ZNF544","Downregulated"
"205961_PM_s_at",0.87642,0.0452,-2.31,-3.95671,-1.42179167,"PSIP1","PC4 and SFRS1 interacting protein 1","PSIP1","Downregulated"
"232670_PM_at",0.87677,0.0453,2.31,-3.958136,0.65258,"LOC149401","uncharacterized LOC149401","LOC149401","Upregulated"
"213389_PM_at",0.87677,0.0453,2.31,-3.958664,0.624775,"ZNF592","zinc finger protein 592","ZNF592","Upregulated"
"208742_PM_s_at",0.87677,0.0453,-2.31,-3.958711,-1.06084833,"SAP18","Sin3A associated protein 18","SAP18","Downregulated"
"222486_PM_s_at",0.87677,0.0453,2.31,-3.959028,1.67115167,"ADAMTS1","ADAM metallopeptidase with thrombospondin type 1 motif 1","ADAMTS1","Upregulated"
"229428_PM_at",0.87767,0.0454,-2.31,-3.960742,-0.90215333,"TIMM23","translocase of inner mitochondrial membrane 23","TIMM23","Downregulated"
"217161_PM_x_at",0.87767,0.0455,2.31,-3.961504,0.79720783,"ACAN","aggrecan","ACAN","Upregulated"
"236935_PM_at",0.87767,0.0455,-2.31,-3.961585,-1.15119083,"PTPN4","protein tyrosine phosphatase, non-receptor type 4","PTPN4","Downregulated"
"205950_PM_s_at",0.8787,0.0456,2.31,-3.963312,1.1993535,"CA1","carbonic anhydrase 1","CA1","Upregulated"
"224955_PM_at",0.87871,0.0456,-2.31,-3.964587,-0.923245,"TEAD1","TEA domain transcription factor 1","TEAD1","Downregulated"
"223924_PM_at",0.87871,0.0457,2.31,-3.965308,1.08911967,"TTC25","tetratricopeptide repeat domain 25","TTC25","Upregulated"
"200796_PM_s_at",0.87871,0.0457,2.31,-3.965391,2.07917167,"MCL1","BCL2 family apoptosis regulator","MCL1","Upregulated"
"218586_PM_at",0.87871,0.0457,2.31,-3.965639,0.9326615,"MRGBP","MRG/MORF4L binding protein","MRGBP","Upregulated"
"229416_PM_at",0.87871,0.0457,2.31,-3.965741,0.60841133,"CLPTM1L","CLPTM1 like","CLPTM1L","Upregulated"
"221583_PM_s_at",0.87871,0.0457,2.31,-3.966756,1.87829717,"KCNMA1","potassium calcium-activated channel subfamily M alpha 1","KCNMA1","Upregulated"
"225525_PM_at",0.87871,0.0457,-2.31,-3.96692,-1.53550833,"KIAA1671","KIAA1671","KIAA1671","Downregulated"
"207435_PM_s_at",0.87871,0.0458,-2.31,-3.967195,-0.64158333,"SRRM2","serine/arginine repetitive matrix 2","SRRM2","Downregulated"
"235706_PM_at",0.87871,0.0458,-2.31,-3.967594,-1.00673467,"CPM","carboxypeptidase M","CPM","Downregulated"
"232022_PM_at",0.87871,0.0458,2.31,-3.968356,0.780662,"TFB1M","transcription factor B1, mitochondrial","TFB1M","Upregulated"
"220896_PM_at",0.87871,0.0458,2.31,-3.968767,0.82392333,"FBXL18","F-box and leucine rich repeat protein 18","FBXL18","Upregulated"
"222605_PM_at",0.87871,0.0458,-2.31,-3.968825,-0.69688333,"RCOR3","REST corepressor 3","RCOR3","Downregulated"
"205388_PM_at",0.87871,0.0458,-2.31,-3.968855,-0.6188365,"TNNC2","troponin C2, fast skeletal type","TNNC2","Downregulated"
"1558552_PM_s_at",0.87871,0.0459,-2.31,-3.969119,-0.93162833,"PQLC2L","PQ loop repeat containing 2 like","PQLC2L","Downregulated"
"200656_PM_s_at",0.87921,0.0459,2.31,-3.969967,1.35377,"P4HB","prolyl 4-hydroxylase subunit beta","P4HB","Upregulated"
"226976_PM_at",0.87974,0.0459,-2.3,-3.971071,-0.68976167,"KPNA6","karyopherin subunit alpha 6","KPNA6","Downregulated"
"1556936_PM_at",0.87974,0.046,2.3,-3.971159,0.70556133,"GAS1RR","GAS1 adjacent regulatory RNA","GAS1RR","Upregulated"
"201606_PM_s_at",0.88082,0.0461,-2.3,-3.973251,-0.96408667,"PWP1","PWP1 homolog, endonuclein","PWP1","Downregulated"
"214415_PM_at",0.88082,0.0461,-2.3,-3.973817,-1.19313167,"PLGLB1","plasminogen-like B1///plasminogen-like B2","PLGLB1","Downregulated"
"214415_PM_at",0.88082,0.0461,-2.3,-3.973817,-1.19313167,"PLGLB2","plasminogen-like B1///plasminogen-like B2","PLGLB2","Downregulated"
"219233_PM_s_at",0.88082,0.0461,-2.3,-3.973956,-1.28193667,"GSDMB","gasdermin B","GSDMB","Downregulated"
"206652_PM_at",0.88082,0.0461,-2.3,-3.974505,-0.925195,"ZMYM5","zinc finger MYM-type containing 5","ZMYM5","Downregulated"
"200059_PM_s_at",0.88332,0.0464,-2.3,-3.97909,-1.135305,"RHOA","ras homolog family member A","RHOA","Downregulated"
"225785_PM_at",0.88332,0.0464,-2.3,-3.979679,-1.13763833,"REEP3","receptor accessory protein 3","REEP3","Downregulated"
"209403_PM_at",0.8834,0.0464,2.3,-3.980086,0.90885167,"TBC1D3H","TBC1 domain family member 3H///TBC1 domain family member 3///TBC1 domain family member 3C///TBC1 domain family member 3F","TBC1D3H","Upregulated"
"209403_PM_at",0.8834,0.0464,2.3,-3.980086,0.90885167,"TBC1D3","TBC1 domain family member 3H///TBC1 domain family member 3///TBC1 domain family member 3C///TBC1 domain family member 3F","TBC1D3","Upregulated"
"209403_PM_at",0.8834,0.0464,2.3,-3.980086,0.90885167,"TBC1D3C","TBC1 domain family member 3H///TBC1 domain family member 3///TBC1 domain family member 3C///TBC1 domain family member 3F","TBC1D3C","Upregulated"
"209403_PM_at",0.8834,0.0464,2.3,-3.980086,0.90885167,"TBC1D3F","TBC1 domain family member 3H///TBC1 domain family member 3///TBC1 domain family member 3C///TBC1 domain family member 3F","TBC1D3F","Upregulated"
"224782_PM_at",0.8845,0.0465,-2.3,-3.982802,-1.21057333,"ZMAT2","zinc finger matrin-type 2","ZMAT2","Downregulated"
"222514_PM_at",0.8845,0.0465,-2.3,-3.98291,-1.25987667,"RRAGC","Ras related GTP binding C","RRAGC","Downregulated"
"207550_PM_at",0.8845,0.0466,-2.3,-3.983199,-0.80456993,"MPL","MPL proto-oncogene, thrombopoietin receptor","MPL","Downregulated"
"212824_PM_at",0.8845,0.0466,-2.3,-3.983449,-0.85821667,"FUBP3","far upstream element binding protein 3","FUBP3","Downregulated"
"226359_PM_at",0.8845,0.0466,2.3,-3.983458,0.81248017,"GTPBP1","GTP binding protein 1","GTPBP1","Upregulated"
"206157_PM_at",0.88464,0.0466,2.3,-3.983914,1.33449783,"PTX3","pentraxin 3","PTX3","Upregulated"
"204441_PM_s_at",0.88576,0.0467,2.29,-3.98658,0.6127755,"POLA2","DNA polymerase alpha 2, accessory subunit","POLA2","Upregulated"
"213545_PM_x_at",0.88576,0.0468,-2.29,-3.986999,-0.67368,"SNX3","sorting nexin 3","SNX3","Downregulated"
"225267_PM_at",0.88576,0.0468,-2.29,-3.987097,-1.253475,"KPNA4","karyopherin subunit alpha 4","KPNA4","Downregulated"
"219587_PM_at",0.88576,0.0468,2.29,-3.987817,0.68039883,"TTC12","tetratricopeptide repeat domain 12","TTC12","Upregulated"
"207002_PM_s_at",0.88576,0.0468,-2.29,-3.988233,-0.66253,"PLAGL1","PLAG1 like zinc finger 1","PLAGL1","Downregulated"
"213377_PM_x_at",0.88576,0.0468,-2.29,-3.988426,-0.778825,"RPS12","ribosomal protein S12","RPS12","Downregulated"
"208541_PM_x_at",0.88665,0.0469,-2.29,-3.990115,-1.06275833,"TFAM","transcription factor A, mitochondrial","TFAM","Downregulated"
"226389_PM_s_at",0.88684,0.047,-2.29,-3.991302,-0.62990333,"RAPGEF1","Rap guanine nucleotide exchange factor 1","RAPGEF1","Downregulated"
"212494_PM_at",0.88684,0.047,-2.29,-3.991923,-0.66554,"TNS2","tensin 2","TNS2","Downregulated"
"200662_PM_s_at",0.88684,0.047,-2.29,-3.992558,-1.25484667,"TOMM20","translocase of outer mitochondrial membrane 20","TOMM20","Downregulated"
"222416_PM_at",0.88684,0.0471,2.29,-3.993385,0.740365,"ALDH18A1","aldehyde dehydrogenase 18 family member A1","ALDH18A1","Upregulated"
"201421_PM_s_at",0.88684,0.0471,-2.29,-3.993736,-0.98551333,"WDR77","WD repeat domain 77","WDR77","Downregulated"
"1553594_PM_a_at",0.88684,0.0471,2.29,-3.993785,0.80060833,"JAK3","Janus kinase 3///insulin like 3","JAK3","Upregulated"
"1553594_PM_a_at",0.88684,0.0471,2.29,-3.993785,0.80060833,"INSL3","Janus kinase 3///insulin like 3","INSL3","Upregulated"
"211091_PM_s_at",0.88744,0.0471,2.29,-3.994729,0.68872067,"NF2","neurofibromin 2","NF2","Upregulated"
"213167_PM_s_at",0.88775,0.0472,-2.29,-3.995886,-1.25456443,"SLC5A3","solute carrier family 5 member 3","SLC5A3","Downregulated"
"212872_PM_s_at",0.88775,0.0473,-2.29,-3.997002,-0.72975567,"MED20","mediator complex subunit 20","MED20","Downregulated"
"204647_PM_at",0.88775,0.0473,2.29,-3.997523,0.847835,"HOMER3","homer scaffolding protein 3","HOMER3","Upregulated"
"228500_PM_at",0.88775,0.0473,2.29,-3.997938,0.6751555,"THAP8","THAP domain containing 8","THAP8","Upregulated"
"204160_PM_s_at",0.88775,0.0473,-2.29,-3.99838,-0.82489,"ENPP4","ectonucleotide pyrophosphatase/phosphodiesterase 4 (putative)","ENPP4","Downregulated"
"213788_PM_s_at",0.88775,0.0474,-2.29,-3.999108,-1.31753,"LINC00094","long intergenic non-protein coding RNA 94","LINC00094","Downregulated"
"214660_PM_at",0.88775,0.0474,-2.29,-3.999477,-1.163325,"PELO","pelota homolog (Drosophila)","PELO","Downregulated"
"209268_PM_at",0.88775,0.0474,-2.29,-4.000177,-1.32743333,"VPS45","vacuolar protein sorting 45 homolog","VPS45","Downregulated"
"231221_PM_at",0.88775,0.0474,2.29,-4.000213,0.66136933,"CLEC16A","C-type lectin domain family 16 member A","CLEC16A","Upregulated"
"228584_PM_at",0.88775,0.0474,-2.29,-4.000431,-0.98246133,"SGCB","sarcoglycan beta","SGCB","Downregulated"
"226343_PM_at",0.88775,0.0475,-2.29,-4.000699,-1.16976,"DPP8","dipeptidyl peptidase 8","DPP8","Downregulated"
"202825_PM_at",0.88813,0.0475,-2.28,-4.001531,-0.78675,"SLC25A4","solute carrier family 25 member 4","SLC25A4","Downregulated"
"206516_PM_at",0.88813,0.0475,-2.28,-4.001934,-0.602321,"AMH","anti-Mullerian hormone","AMH","Downregulated"
"212060_PM_at",0.88813,0.0475,-2.28,-4.002341,-0.63991167,"U2SURP","U2 snRNP associated SURP domain containing","U2SURP","Downregulated"
"221959_PM_at",0.88928,0.0476,2.28,-4.003934,0.75451167,"FAM110B","family with sequence similarity 110 member B","FAM110B","Upregulated"
"209748_PM_at",0.89003,0.0477,-2.28,-4.005809,-0.62973433,"SPAST","spastin","SPAST","Downregulated"
"215389_PM_s_at",0.89003,0.0477,2.28,-4.005855,0.6275764,"TNNT2","troponin T2, cardiac type","TNNT2","Upregulated"
"229260_PM_at",0.89036,0.0478,2.28,-4.007132,0.92523167,"C5orf15","chromosome 5 open reading frame 15","C5orf15","Upregulated"
"206697_PM_s_at",0.89071,0.0478,-2.28,-4.008118,-2.40585833,"HP","haptoglobin","HP","Downregulated"
"224850_PM_at",0.89092,0.0479,-2.28,-4.009264,-0.61572667,"ATAD1","ATPase family, AAA domain containing 1","ATAD1","Downregulated"
"235042_PM_at",0.89093,0.0479,2.28,-4.010132,0.6062455,"XIRP1","xin actin binding repeat containing 1","XIRP1","Upregulated"
"213872_PM_at",0.89093,0.048,-2.28,-4.010886,-1.40749667,"C6orf62","chromosome 6 open reading frame 62","C6orf62","Downregulated"
"219479_PM_at",0.89093,0.048,2.28,-4.011141,0.97876,"KDELC1","KDEL motif containing 1","KDELC1","Upregulated"
"208924_PM_at",0.89104,0.048,-2.28,-4.011569,-1.13245167,"RNF11","ring finger protein 11","RNF11","Downregulated"
"212183_PM_at",0.89267,0.0482,2.28,-4.014172,0.66754917,"NUDT4","nudix hydrolase 4","NUDT4","Upregulated"
"207971_PM_s_at",0.8938,0.0482,-2.28,-4.015636,-1.02315433,"CEP68","centrosomal protein 68","CEP68","Downregulated"
"1570383_PM_at",0.89434,0.0484,2.27,-4.018677,0.58817083,"BMP1","bone morphogenetic protein 1","BMP1","Upregulated"
"242463_PM_x_at",0.89434,0.0484,-2.27,-4.019159,-1.06156867,"ZNF600","zinc finger protein 600","ZNF600","Downregulated"
"229990_PM_at",0.89434,0.0484,2.27,-4.019591,0.92498183,"TSC22D1-AS1","TSC22D1 antisense RNA 1","TSC22D1-AS1","Upregulated"
"201525_PM_at",0.89461,0.0485,-2.27,-4.020365,-2.019775,"APOD","apolipoprotein D","APOD","Downregulated"
"205018_PM_s_at",0.89461,0.0485,-2.27,-4.020496,-1.03398917,"MBNL2","muscleblind like splicing regulator 2","MBNL2","Downregulated"
"208943_PM_s_at",0.89481,0.0485,-2.27,-4.021304,-1.62493667,"SEC62","SEC62 homolog, preprotein translocation factor","SEC62","Downregulated"
"213365_PM_at",0.8955,0.0486,-2.27,-4.022314,-0.89116117,"ERI2","ERI1 exoribonuclease family member 2","ERI2","Downregulated"
"223915_PM_at",0.89569,0.0486,2.27,-4.022821,0.60835,"BCOR","BCL6 corepressor","BCOR","Upregulated"
"233202_PM_at",0.89624,0.0487,-2.27,-4.024609,-0.6931095,"CNTNAP3","contactin associated protein-like 3","CNTNAP3","Downregulated"
"200789_PM_at",0.89799,0.0488,-2.27,-4.027016,-1.56580333,"ECH1","enoyl-CoA hydratase 1","ECH1","Downregulated"
"218349_PM_s_at",0.89823,0.0489,2.27,-4.027758,0.8699815,"ZWILCH","zwilch kinetochore protein","ZWILCH","Upregulated"
"240869_PM_at",0.89823,0.0489,-2.27,-4.028711,-0.93043,"KCNB1","potassium voltage-gated channel subfamily B member 1","KCNB1","Downregulated"
"223244_PM_s_at",0.89823,0.0489,-2.27,-4.028867,-0.84396833,"NDUFA12","NADH:ubiquinone oxidoreductase subunit A12","NDUFA12","Downregulated"
"224794_PM_s_at",0.89855,0.049,2.27,-4.029735,1.594235,"CERCAM","cerebral endothelial cell adhesion molecule","CERCAM","Upregulated"
"1568934_PM_at",0.89904,0.0491,-2.27,-4.031152,-0.59930567,"CX3CR1","C-X3-C motif chemokine receptor 1","CX3CR1","Downregulated"
"231968_PM_at",0.89974,0.0491,-2.26,-4.032313,-1.26074333,"UGGT1","UDP-glucose glycoprotein glucosyltransferase 1","UGGT1","Downregulated"
"1553338_PM_at",0.89974,0.0492,2.26,-4.032774,1.07520817,"SDE2","SDE2 telomere maintenance homolog","SDE2","Upregulated"
"204975_PM_at",0.89995,0.0492,-2.26,-4.033299,-1.30365167,"EMP2","epithelial membrane protein 2","EMP2","Downregulated"
"218929_PM_at",0.90032,0.0492,-2.26,-4.034541,-0.81361067,"CDKN2AIP","CDKN2A interacting protein","CDKN2AIP","Downregulated"
"201225_PM_s_at",0.90048,0.0493,-2.26,-4.036003,-0.63101167,"SRRM1","serine and arginine repetitive matrix 1","SRRM1","Downregulated"
"235542_PM_at",0.90048,0.0494,2.26,-4.0379,0.70741667,"TET3","tet methylcytosine dioxygenase 3","TET3","Upregulated"
"202233_PM_s_at",0.90048,0.0494,-2.26,-4.038103,-1.23884167,"UQCRH","ubiquinol-cytochrome c reductase hinge protein","UQCRH","Downregulated"
"233375_PM_at",0.90075,0.0495,-2.26,-4.039525,-0.87419667,"EFCAB2","EF-hand calcium binding domain 2","EFCAB2","Downregulated"
"237411_PM_at",0.90075,0.0495,2.26,-4.039605,0.79023267,"ADAMTS6","ADAM metallopeptidase with thrombospondin type 1 motif 6","ADAMTS6","Upregulated"
"1564121_PM_at",0.90075,0.0495,2.26,-4.039677,0.83794267,"ABR","active BCR-related","ABR","Upregulated"
"208432_PM_s_at",0.90075,0.0495,2.26,-4.039898,0.68469817,"CACNA1E","calcium voltage-gated channel subunit alpha1 E","CACNA1E","Upregulated"
"201280_PM_s_at",0.90177,0.0496,-2.26,-4.041546,-0.99121,"DAB2","DAB2, clathrin adaptor protein","DAB2","Downregulated"
"225489_PM_at",0.90291,0.0497,-2.26,-4.043003,-1.12311333,"TMEM18","transmembrane protein 18","TMEM18","Downregulated"
"204148_PM_s_at",0.90439,0.0498,-2.26,-4.044805,-0.95845757,"POMZP3","POM121 and ZP3 fusion///zona pellucida glycoprotein 3 (sperm receptor)","POMZP3","Downregulated"
"204148_PM_s_at",0.90439,0.0498,-2.26,-4.044805,-0.95845757,"ZP3","POM121 and ZP3 fusion///zona pellucida glycoprotein 3 (sperm receptor)","ZP3","Downregulated"
"238711_PM_s_at",0.90469,0.0499,-2.26,-4.045823,-1.08974167,"ZNF148","zinc finger protein 148","ZNF148","Downregulated"
"205081_PM_at",0.90469,0.0499,-2.26,-4.046076,-1.19613333,"CRIP1","cysteine rich protein 1","CRIP1","Downregulated"
"224151_PM_s_at",0.90469,0.0499,-2.26,-4.046316,-1.03734483,"AK3","adenylate kinase 3","AK3","Downregulated"
"208789_PM_at",0.90481,0.0499,-2.25,-4.046743,-0.928755,"PTRF","polymerase I and transcript release factor","PTRF","Downregulated"
"217054_PM_at",0.90481,0.0499,-2.25,-4.04729,-1.11806667,"MUC3A","mucin 3A, cell surface associated","MUC3A","Downregulated"
