"Analysis","Cell_Type","Contrast","Gene","log2FC","SE","CI_95_low","CI_95_high","t_stat","PValue","BH_FDR","QL_Denom_df","Donors_LV_UF","Donors_LV_NOT_UF","Donors_SV","Cells_total","Evidence_Status"
"sens_b_no_LV_UF3","stromal / mesothelial-lineage (unresolved)","LV_UF_vs_LV_NOT_UF","COL11A1",-0.936830359525728,1.83731668014694,-4.7958018363755,2.92214111732404,-0.509890521132592,0.616299109510732,NA,18.0710544175192,3,6,6,3475,"INSUFFICIENT DATA"
"sens_b_no_LV_UF3","stromal / mesothelial-lineage (unresolved)","LV_UF_vs_LV_NOT_UF","THBS3",-1.83700380397873,0.640966071161802,-3.17727124757308,-0.496736360384382,-2.86599226796672,0.009793009705739,NA,19.2740660933607,3,6,6,3475,"PASS"
"sens_b_no_LV_UF3","stromal / mesothelial-lineage (unresolved)","LV_UF_vs_LV_NOT_UF","COL3A1",-2.18936406721697,1.34481536418269,-5.04950275880179,0.670774624367841,-1.62800346094168,0.12382301632945,NA,15.3870666790585,3,6,6,3475,"PASS"
"sens_b_no_LV_UF3","stromal / mesothelial-lineage (unresolved)","LV_UF_vs_LV_NOT_UF","FN1",-3.48110142651707,1.61612396813596,-6.91873475186825,-0.0434681011658915,-2.15398168404877,0.0475042896335289,NA,15.361837812741,3,6,6,3475,"PASS"
"sens_b_no_LV_UF3","stromal / mesothelial-lineage (unresolved)","LV_UF_vs_LV_NOT_UF","COL8A1",-2.5285805209577,1.01867315029259,-4.68113187705661,-0.37602916485878,-2.48222947687531,0.0240367141897294,NA,16.660714791972,3,6,6,3475,"PASS"
"sens_b_no_LV_UF3","stromal / mesothelial-lineage (unresolved)","LV_UF_vs_LV_NOT_UF","VCAN",-2.30425894115684,1.26297374293926,-4.98224388223847,0.373725999924783,-1.82447097894074,0.0868627686475102,NA,15.9559970829281,3,6,6,3475,"PASS"
"sens_b_no_LV_UF3","stromal / mesothelial-lineage (unresolved)","LV_UF_vs_LV_NOT_UF","EDIL3",-3.66853411766064,1.39283728164183,-6.56185106639938,-0.775217168921898,-2.63385692357136,0.0153738257706552,NA,21.394255345321,3,6,6,3475,"PASS"
"sens_b_no_LV_UF3","stromal / mesothelial-lineage (unresolved)","LV_UF_vs_LV_NOT_UF","LOX",-2.50965776485403,1.2350552896606,-5.12162784885323,0.102312319145164,-2.0320205790493,0.0585909950123137,NA,16.4836951079009,3,6,6,3475,"PASS"
"sens_b_no_LV_UF3","stromal / mesothelial-lineage (unresolved)","LV_UF_vs_LV_NOT_UF","INHBA",1.398746074101,0.801419951409929,-0.281578011958708,3.0790701601607,1.74533472948883,0.0974943420072895,NA,18.5222957397977,3,6,6,3475,"PASS"
"sens_b_no_LV_UF3","stromal / mesothelial-lineage (unresolved)","LV_UF_vs_LV_NOT_UF","ISM1",-0.959345799423624,1.55653187507128,-4.1686247523862,2.24993315353896,-0.616335466551041,0.543365444065066,NA,24.4674721255176,3,6,6,3475,"INSUFFICIENT DATA"
"sens_b_no_LV_UF3","stromal / mesothelial-lineage (unresolved)","LV_UF_vs_LV_NOT_UF","COMP",-4.44518858342213,2.30770363928402,-9.27029030648368,0.379913139639413,-1.92623892762993,0.0689368801743527,NA,19.294051598221,3,6,6,3475,"INSUFFICIENT DATA"
"sens_b_no_LV_UF3","stromal / mesothelial-lineage (unresolved)","LV_UF_vs_SV","COL11A1",-3.04499790253044,1.57232461297159,-6.34739857159799,0.257402766537103,-1.93662166031707,0.0685881759861695,NA,18.0710544175192,3,6,6,3475,"INSUFFICIENT DATA"
"sens_b_no_LV_UF3","stromal / mesothelial-lineage (unresolved)","LV_UF_vs_SV","THBS3",-1.73306301066214,0.62795369161892,-3.04612141863092,-0.420004602693348,-2.75985798601509,0.0123557820067357,NA,19.2740660933607,3,6,6,3475,"PASS"
"sens_b_no_LV_UF3","stromal / mesothelial-lineage (unresolved)","LV_UF_vs_SV","COL3A1",-1.0912930839097,1.26955729797852,-3.79137373872809,1.6087875709087,-0.859585530836087,0.40321150842907,NA,15.3870666790585,3,6,6,3475,"PASS"
"sens_b_no_LV_UF3","stromal / mesothelial-lineage (unresolved)","LV_UF_vs_SV","FN1",-1.73348954106552,1.47222501303328,-4.86503753305287,1.39805845092184,-1.17746236188036,0.256932021245335,NA,15.361837812741,3,6,6,3475,"PASS"
"sens_b_no_LV_UF3","stromal / mesothelial-lineage (unresolved)","LV_UF_vs_SV","COL8A1",-1.99745224937813,0.997136396857856,-4.104494437204,0.109589938447741,-2.00318858650876,0.0617013345503944,NA,16.660714791972,3,6,6,3475,"PASS"
"sens_b_no_LV_UF3","stromal / mesothelial-lineage (unresolved)","LV_UF_vs_SV","VCAN",-0.714812270155235,1.19260468703963,-3.24358803482217,1.8139634945117,-0.599370669865131,0.55734132921655,NA,15.9559970829281,3,6,6,3475,"PASS"
"sens_b_no_LV_UF3","stromal / mesothelial-lineage (unresolved)","LV_UF_vs_SV","EDIL3",0.344630354639086,1.46309710806242,-2.69463612408245,3.38389683336063,0.235548517415553,0.816023164319328,NA,21.394255345321,3,6,6,3475,"PASS"
"sens_b_no_LV_UF3","stromal / mesothelial-lineage (unresolved)","LV_UF_vs_SV","LOX",-2.3163407798139,1.22790292710083,-4.91318461222548,0.280503052597673,-1.88642011407445,0.0769826580653553,NA,16.4836951079009,3,6,6,3475,"PASS"
"sens_b_no_LV_UF3","stromal / mesothelial-lineage (unresolved)","LV_UF_vs_SV","INHBA",2.86094587660456,0.81099578453937,1.1605442980602,4.56134745514893,3.52769512634338,0.00232052998261741,NA,18.5222957397977,3,6,6,3475,"PASS"
"sens_b_no_LV_UF3","stromal / mesothelial-lineage (unresolved)","LV_UF_vs_SV","ISM1",0.933358936775334,1.7426359327538,-2.6596319368661,4.52634981041676,0.53560179681386,0.597069253983113,NA,24.4674721255176,3,6,6,3475,"INSUFFICIENT DATA"
"sens_b_no_LV_UF3","stromal / mesothelial-lineage (unresolved)","LV_UF_vs_SV","COMP",-2.70831965148697,2.40776848559167,-7.74264367420512,2.32600437123118,-1.12482560831485,0.2744621830529,NA,19.294051598221,3,6,6,3475,"INSUFFICIENT DATA"
"sens_b_no_LV_UF3","stromal / mesothelial-lineage (unresolved)","LV_NOT_UF_vs_SV","COL11A1",-2.10816754300471,0.932203124342539,-4.06610179916157,-0.150233286847852,-2.26148946292317,0.0362937829760064,NA,18.0710544175192,3,6,6,3475,"INSUFFICIENT DATA"
"sens_b_no_LV_UF3","stromal / mesothelial-lineage (unresolved)","LV_NOT_UF_vs_SV","THBS3",0.103940793316595,0.449247115767488,-0.835440104490447,1.04332169112364,0.231366634683951,0.819468457151837,NA,19.2740660933607,3,6,6,3475,"PASS"
"sens_b_no_LV_UF3","stromal / mesothelial-lineage (unresolved)","LV_NOT_UF_vs_SV","COL3A1",1.09807098330728,0.984799617482862,-0.996390133392171,3.19253210000673,1.11501970940437,0.28195471419466,NA,15.3870666790585,3,6,6,3475,"PASS"
"sens_b_no_LV_UF3","stromal / mesothelial-lineage (unresolved)","LV_NOT_UF_vs_SV","FN1",1.74761188545156,1.11307113424891,-0.61998521725944,4.11520898816255,1.57008104125423,0.136762142127135,NA,15.361837812741,3,6,6,3475,"PASS"
"sens_b_no_LV_UF3","stromal / mesothelial-lineage (unresolved)","LV_NOT_UF_vs_SV","COL8A1",0.531128271579569,0.68350285759783,-0.91317700199823,1.97543354515737,0.777068106849206,0.448012004739985,NA,16.660714791972,3,6,6,3475,"PASS"
"sens_b_no_LV_UF3","stromal / mesothelial-lineage (unresolved)","LV_NOT_UF_vs_SV","VCAN",1.58944667100161,0.909925107420958,-0.339940815324466,3.51883415732768,1.74678845329002,0.0998913625290113,NA,15.9559970829281,3,6,6,3475,"PASS"
"sens_b_no_LV_UF3","stromal / mesothelial-lineage (unresolved)","LV_NOT_UF_vs_SV","EDIL3",4.01316447229973,1.00167916003999,1.93239356736974,6.09393537722971,4.00643702334739,0.000620866244436685,NA,21.394255345321,3,6,6,3475,"PASS"
"sens_b_no_LV_UF3","stromal / mesothelial-lineage (unresolved)","LV_NOT_UF_vs_SV","LOX",0.193316985040129,0.805757572049717,-1.51074816149113,1.89738213157138,0.239919538761965,0.813350727532501,NA,16.4836951079009,3,6,6,3475,"PASS"
"sens_b_no_LV_UF3","stromal / mesothelial-lineage (unresolved)","LV_NOT_UF_vs_SV","INHBA",1.46219980250357,0.739709720725552,-0.0887374536015881,3.01313705860872,1.97672108603542,0.0631551036000115,NA,18.5222957397977,3,6,6,3475,"PASS"
"sens_b_no_LV_UF3","stromal / mesothelial-lineage (unresolved)","LV_NOT_UF_vs_SV","ISM1",1.89270473619896,1.20101477524542,-0.583564142146817,4.36897361454473,1.57592127525009,0.127886982210137,NA,24.4674721255176,3,6,6,3475,"INSUFFICIENT DATA"
"sens_b_no_LV_UF3","stromal / mesothelial-lineage (unresolved)","LV_NOT_UF_vs_SV","COMP",1.73686893193516,1.32015084332758,-1.02339109470211,4.49712895857244,1.31565944961048,0.203708414587738,NA,19.294051598221,3,6,6,3475,"INSUFFICIENT DATA"
"sens_c_no_scDblFinder","stromal / mesothelial-lineage (unresolved)","LV_UF_vs_LV_NOT_UF","COL11A1",-4.11301011585985,3.12145947851723,-10.7570187585186,2.53099852679894,-1.31765609778591,0.207080729894896,NA,15.2429671284524,4,6,6,3458,"INSUFFICIENT DATA"
"sens_c_no_scDblFinder","stromal / mesothelial-lineage (unresolved)","LV_UF_vs_LV_NOT_UF","THBS3",-1.55925145506188,0.585807992596311,-2.78062020778098,-0.337882702342789,-2.66171079051219,0.0149168333118739,NA,20.1558150664521,4,6,6,3458,"PASS"
"sens_c_no_scDblFinder","stromal / mesothelial-lineage (unresolved)","LV_UF_vs_LV_NOT_UF","COL3A1",-2.07272314926787,1.08602408735881,-4.346577688857,0.201131390321268,-1.90854252073607,0.0716234033725276,NA,18.9041877145792,4,6,6,3458,"PASS"
"sens_c_no_scDblFinder","stromal / mesothelial-lineage (unresolved)","LV_UF_vs_LV_NOT_UF","FN1",-2.86680682201495,1.32285259122923,-5.63680461937399,-0.0968090246559132,-2.16714004343525,0.0432270361039052,NA,18.8756061806905,4,6,6,3458,"PASS"
"sens_c_no_scDblFinder","stromal / mesothelial-lineage (unresolved)","LV_UF_vs_LV_NOT_UF","COL8A1",-2.69333657991614,0.868135937385742,-4.51127643644448,-0.875396723387804,-3.10243645485604,0.00590055007424448,NA,18.8604382118173,4,6,6,3458,"PASS"
"sens_c_no_scDblFinder","stromal / mesothelial-lineage (unresolved)","LV_UF_vs_LV_NOT_UF","VCAN",-0.47594814177805,1.16567807136343,-2.91737785977648,1.96548157622038,-0.408301531503771,0.68766193406041,NA,18.8135593416571,4,6,6,3458,"PASS"
"sens_c_no_scDblFinder","stromal / mesothelial-lineage (unresolved)","LV_UF_vs_LV_NOT_UF","EDIL3",-2.70285003382801,1.23317759203581,-5.25314085945973,-0.152559208196293,-2.19177679783004,0.0387265186634681,NA,23.1198238993424,4,6,6,3458,"PASS"
"sens_c_no_scDblFinder","stromal / mesothelial-lineage (unresolved)","LV_UF_vs_LV_NOT_UF","LOX",-1.72201839558987,1.00631717831087,-3.82965900534892,0.385622214169175,-1.71120838708163,0.10347815927879,NA,18.816047930193,4,6,6,3458,"PASS"
"sens_c_no_scDblFinder","stromal / mesothelial-lineage (unresolved)","LV_UF_vs_LV_NOT_UF","INHBA",0.82527567876867,0.787738131719358,-0.819211771136551,2.46976312867389,1.04765231685228,0.307446724025026,NA,19.7573871074455,4,6,6,3458,"PASS"
"sens_c_no_scDblFinder","stromal / mesothelial-lineage (unresolved)","LV_UF_vs_LV_NOT_UF","ISM1",-1.59804452266085,1.67629956048573,-5.04768127808238,1.85159223276068,-0.953316793925421,0.349413884381766,NA,25.4017885184718,4,6,6,3458,"INSUFFICIENT DATA"
"sens_c_no_scDblFinder","stromal / mesothelial-lineage (unresolved)","LV_UF_vs_LV_NOT_UF","COMP",-3.99708403707784,1.93139215290223,-7.99007513704999,-0.00409293710569214,-2.06953519567301,0.0497842598512525,NA,23.2523531584314,4,6,6,3458,"PASS"
"sens_c_no_scDblFinder","stromal / mesothelial-lineage (unresolved)","LV_UF_vs_SV","COL11A1",-6.30360907909338,2.51019117984749,-11.6465366450008,-0.960681513185992,-2.51120676771574,0.023758620646659,NA,15.2429671284524,4,6,6,3458,"INSUFFICIENT DATA"
"sens_c_no_scDblFinder","stromal / mesothelial-lineage (unresolved)","LV_UF_vs_SV","THBS3",-1.47480766242724,0.572029591378022,-2.66744941086655,-0.282165913987928,-2.57820169560533,0.0178841590203923,NA,20.1558150664521,4,6,6,3458,"PASS"
"sens_c_no_scDblFinder","stromal / mesothelial-lineage (unresolved)","LV_UF_vs_SV","COL3A1",-1.00697052864047,1.03862185743988,-3.18157701568416,1.16763595840322,-0.969525647305917,0.344524913308147,NA,18.9041877145792,4,6,6,3458,"PASS"
"sens_c_no_scDblFinder","stromal / mesothelial-lineage (unresolved)","LV_UF_vs_SV","FN1",-1.14189301630236,1.23145693310998,-3.72051214202628,1.43672610942156,-0.927269956098727,0.365492194195254,NA,18.8756061806905,4,6,6,3458,"PASS"
"sens_c_no_scDblFinder","stromal / mesothelial-lineage (unresolved)","LV_UF_vs_SV","COL8A1",-2.14784010212434,0.851652792787625,-3.93126305382776,-0.364417150420919,-2.52196683943704,0.0208290332012518,NA,18.8604382118173,4,6,6,3458,"PASS"
"sens_c_no_scDblFinder","stromal / mesothelial-lineage (unresolved)","LV_UF_vs_SV","VCAN",1.26791667744845,1.15832529966294,-1.15811318377971,3.69394653867662,1.09461191758257,0.287503244737808,NA,18.8135593416571,4,6,6,3458,"PASS"
"sens_c_no_scDblFinder","stromal / mesothelial-lineage (unresolved)","LV_UF_vs_SV","EDIL3",1.20048263204034,1.35801279666256,-1.60797545119607,4.00894071527676,0.883999499114176,0.385797200073274,NA,23.1198238993424,4,6,6,3458,"PASS"
"sens_c_no_scDblFinder","stromal / mesothelial-lineage (unresolved)","LV_UF_vs_SV","LOX",-1.53906700106863,1.00109664743344,-3.63577367953951,0.55763967740224,-1.53738103610117,0.140846540057168,NA,18.816047930193,4,6,6,3458,"PASS"
"sens_c_no_scDblFinder","stromal / mesothelial-lineage (unresolved)","LV_UF_vs_SV","INHBA",2.19571683241764,0.803391680315885,0.518550928624092,3.87288273621119,2.73305896266478,0.0129067952291839,NA,19.7573871074455,4,6,6,3458,"PASS"
"sens_c_no_scDblFinder","stromal / mesothelial-lineage (unresolved)","LV_UF_vs_SV","ISM1",0.205807469879384,1.70650111952852,-3.30598071157656,3.71759565133533,0.120602012811011,0.90495516487766,NA,25.4017885184718,4,6,6,3458,"INSUFFICIENT DATA"
"sens_c_no_scDblFinder","stromal / mesothelial-lineage (unresolved)","LV_UF_vs_SV","COMP",-2.30977373036535,2.04253635830263,-6.53254614238767,1.91299868165698,-1.13083604165793,0.269653507508471,NA,23.2523531584314,4,6,6,3458,"PASS"
"sens_c_no_scDblFinder","stromal / mesothelial-lineage (unresolved)","LV_NOT_UF_vs_SV","COL11A1",-2.19059896323353,1.01679267755078,-4.35483636049381,-0.0263615659732386,-2.1544204748899,0.0475961914006258,NA,15.2429671284524,4,6,6,3458,"INSUFFICIENT DATA"
"sens_c_no_scDblFinder","stromal / mesothelial-lineage (unresolved)","LV_NOT_UF_vs_SV","THBS3",0.084443792634643,0.452804074782259,-0.859621080211911,1.0285086654812,0.186490796654712,0.853924135848432,NA,20.1558150664521,4,6,6,3458,"PASS"
"sens_c_no_scDblFinder","stromal / mesothelial-lineage (unresolved)","LV_NOT_UF_vs_SV","COL3A1",1.06575262062739,0.898938118899267,-0.816392118390244,2.94789735964503,1.1855683925523,0.250481964126801,NA,18.9041877145792,4,6,6,3458,"PASS"
"sens_c_no_scDblFinder","stromal / mesothelial-lineage (unresolved)","LV_NOT_UF_vs_SV","FN1",1.72491380571259,1.06239682880545,-0.499700558143131,3.94952816956832,1.62360594360214,0.121042420250557,NA,18.8756061806905,4,6,6,3458,"PASS"
"sens_c_no_scDblFinder","stromal / mesothelial-lineage (unresolved)","LV_NOT_UF_vs_SV","COL8A1",0.545496477791805,0.650501798345557,-0.816701646982163,1.90769460256577,0.838577970390218,0.412208628676075,NA,18.8604382118173,4,6,6,3458,"PASS"
"sens_c_no_scDblFinder","stromal / mesothelial-lineage (unresolved)","LV_NOT_UF_vs_SV","VCAN",1.7438648192265,1.04694550890372,-0.448888001089367,3.93661763954237,1.66566913406272,0.112343309222533,NA,18.8135593416571,4,6,6,3458,"PASS"
"sens_c_no_scDblFinder","stromal / mesothelial-lineage (unresolved)","LV_NOT_UF_vs_SV","EDIL3",3.90333266586835,1.02242273891794,1.78889647450432,6.01776885723239,3.81772873126762,0.000877381439076856,NA,23.1198238993424,4,6,6,3458,"PASS"
"sens_c_no_scDblFinder","stromal / mesothelial-lineage (unresolved)","LV_NOT_UF_vs_SV","LOX",0.182951394521239,0.792598881311349,-1.47707550902959,1.84297829807207,0.230824694350498,0.819942237980137,NA,18.816047930193,4,6,6,3458,"PASS"
"sens_c_no_scDblFinder","stromal / mesothelial-lineage (unresolved)","LV_NOT_UF_vs_SV","INHBA",1.37044115364897,0.765520857559824,-0.227665364503316,2.96854767180126,1.79020746478077,0.0887585163019443,NA,19.7573871074455,4,6,6,3458,"PASS"
"sens_c_no_scDblFinder","stromal / mesothelial-lineage (unresolved)","LV_NOT_UF_vs_SV","ISM1",1.80385199254023,1.22342667870032,-0.713823092445783,4.32152707752624,1.47442590875696,0.152653784182371,NA,25.4017885184718,4,6,6,3458,"INSUFFICIENT DATA"
"sens_c_no_scDblFinder","stromal / mesothelial-lineage (unresolved)","LV_NOT_UF_vs_SV","COMP",1.6873103067125,1.24793327609666,-0.892686954498958,4.26730756792395,1.35208375241835,0.18935419682435,NA,23.2523531584314,4,6,6,3458,"PASS"
"sens_d_ge700genes","stromal / mesothelial-lineage (unresolved)","LV_UF_vs_LV_NOT_UF","COL11A1",-0.967007029119929,1.79435691399286,-4.72705334593716,2.7930392876973,-0.538915653613256,0.596311359324724,NA,18.6760413788953,4,6,6,3373,"INSUFFICIENT DATA"
"sens_d_ge700genes","stromal / mesothelial-lineage (unresolved)","LV_UF_vs_LV_NOT_UF","THBS3",-1.48256278791386,0.61701441219284,-2.76817223266401,-0.196953343163719,-2.40280090483609,0.0259085401142989,NA,20.3606781013174,4,6,6,3373,"PASS"
"sens_d_ge700genes","stromal / mesothelial-lineage (unresolved)","LV_UF_vs_LV_NOT_UF","COL3A1",-2.13127983304794,1.0836853297397,-4.39863598874638,0.136076322650494,-1.96669621204513,0.0639171956335386,NA,19.1024811575028,4,6,6,3373,"PASS"
"sens_d_ge700genes","stromal / mesothelial-lineage (unresolved)","LV_UF_vs_LV_NOT_UF","FN1",-3.20488500249324,1.29409240103056,-5.91282245437357,-0.49694755061291,-2.47655036065509,0.0228047078212798,NA,19.0654371264851,4,6,6,3373,"PASS"
"sens_d_ge700genes","stromal / mesothelial-lineage (unresolved)","LV_UF_vs_LV_NOT_UF","COL8A1",-2.53962085421452,0.859899171715736,-4.33908654603956,-0.740155162389488,-2.95339376725678,0.00814427490371812,NA,19.0506726632692,4,6,6,3373,"PASS"
"sens_d_ge700genes","stromal / mesothelial-lineage (unresolved)","LV_UF_vs_LV_NOT_UF","VCAN",-0.907045984710291,1.06476040772215,-3.13556002408174,1.32146805466116,-0.851878016999848,0.404887911259654,NA,19.0069441362051,4,6,6,3373,"PASS"
"sens_d_ge700genes","stromal / mesothelial-lineage (unresolved)","LV_UF_vs_LV_NOT_UF","EDIL3",-2.78804334119708,1.24794646401233,-5.36619944271696,-0.20988723967721,-2.23410492484839,0.0352373330474753,NA,23.5645224600032,4,6,6,3373,"PASS"
"sens_d_ge700genes","stromal / mesothelial-lineage (unresolved)","LV_UF_vs_LV_NOT_UF","LOX",-1.62577503390433,1.00607644405537,-3.73142502691394,0.479874959105285,-1.61595576907757,0.122576614819309,NA,19.0123005176603,4,6,6,3373,"PASS"
"sens_d_ge700genes","stromal / mesothelial-lineage (unresolved)","LV_UF_vs_LV_NOT_UF","INHBA",1.10828887502798,0.836729694033907,-0.637593374326989,2.85417112438294,1.32454827757441,0.200323253765389,NA,19.9119894590844,4,6,6,3373,"PASS"
"sens_d_ge700genes","stromal / mesothelial-lineage (unresolved)","LV_UF_vs_LV_NOT_UF","ISM1",-1.0125928614937,1.50405182498298,-4.10582772923484,2.08064200624744,-0.673243331562169,0.506796430271921,NA,25.7245339343906,4,6,6,3373,"INSUFFICIENT DATA"
"sens_d_ge700genes","stromal / mesothelial-lineage (unresolved)","LV_UF_vs_LV_NOT_UF","COMP",-3.94109691462936,1.98409628438812,-8.04537996120517,0.163186131946464,-1.9863435790087,0.0590303555516094,NA,23.0134603205749,4,6,6,3373,"PASS"
"sens_d_ge700genes","stromal / mesothelial-lineage (unresolved)","LV_UF_vs_SV","COL11A1",-3.08558855080142,1.53781143032626,-6.30804789513044,0.136870793527612,-2.00648043703692,0.0595059360371781,NA,18.6760413788953,4,6,6,3373,"INSUFFICIENT DATA"
"sens_d_ge700genes","stromal / mesothelial-lineage (unresolved)","LV_UF_vs_SV","THBS3",-1.39786549694146,0.603042358406074,-2.65436281083069,-0.14136818305222,-2.31802207167704,0.0309596280120112,NA,20.3606781013174,4,6,6,3373,"PASS"
"sens_d_ge700genes","stromal / mesothelial-lineage (unresolved)","LV_UF_vs_SV","COL3A1",-1.05216904636605,1.03517764477984,-3.21803430330069,1.11369621056859,-1.01641399587008,0.322133815562216,NA,19.1024811575028,4,6,6,3373,"PASS"
"sens_d_ge700genes","stromal / mesothelial-lineage (unresolved)","LV_UF_vs_SV","FN1",-1.48586627774837,1.20165113378251,-4.00036687034345,1.02863431484671,-1.23652051412894,0.231281879803941,NA,19.0654371264851,4,6,6,3373,"PASS"
"sens_d_ge700genes","stromal / mesothelial-lineage (unresolved)","LV_UF_vs_SV","COL8A1",-2.0119769671097,0.843740562541628,-3.77762838885188,-0.246325545367518,-2.38459196633732,0.0276469542464,NA,19.0506726632692,4,6,6,3373,"PASS"
"sens_d_ge700genes","stromal / mesothelial-lineage (unresolved)","LV_UF_vs_SV","VCAN",0.642882626011421,1.04259962447138,-1.53924950787253,2.82501475989538,0.616615056174967,0.544804275084901,NA,19.0069441362051,4,6,6,3373,"PASS"
"sens_d_ge700genes","stromal / mesothelial-lineage (unresolved)","LV_UF_vs_SV","EDIL3",1.13329252771555,1.35597945329973,-1.66805096086677,3.93463601629787,0.835774115129639,0.411676725572625,NA,23.5645224600032,4,6,6,3373,"PASS"
"sens_d_ge700genes","stromal / mesothelial-lineage (unresolved)","LV_UF_vs_SV","LOX",-1.4635373166164,1.00181917433553,-3.56027713186687,0.633202498634077,-1.46087972171934,0.160378579327432,NA,19.0123005176603,4,6,6,3373,"PASS"
"sens_d_ge700genes","stromal / mesothelial-lineage (unresolved)","LV_UF_vs_SV","INHBA",2.53511705399225,0.856113775976694,0.748788857965074,4.32144525001943,2.96119175409843,0.00774581536839564,NA,19.9119894590844,4,6,6,3373,"PASS"
"sens_d_ge700genes","stromal / mesothelial-lineage (unresolved)","LV_UF_vs_SV","ISM1",0.792506202232747,1.65408590563419,-2.60928894375884,4.19430134822433,0.47912034044501,0.635900858980621,NA,25.7245339343906,4,6,6,3373,"INSUFFICIENT DATA"
"sens_d_ge700genes","stromal / mesothelial-lineage (unresolved)","LV_UF_vs_SV","COMP",-2.23690273948527,2.07663391258422,-6.53260825963965,2.05880278066911,-1.07717721738523,0.29256361354269,NA,23.0134603205749,4,6,6,3373,"PASS"
"sens_d_ge700genes","stromal / mesothelial-lineage (unresolved)","LV_NOT_UF_vs_SV","COL11A1",-2.11858152168149,0.959229341976612,-4.12863132066842,-0.108531722694552,-2.20862876996223,0.0399096599481664,NA,18.6760413788953,4,6,6,3373,"INSUFFICIENT DATA"
"sens_d_ge700genes","stromal / mesothelial-lineage (unresolved)","LV_NOT_UF_vs_SV","THBS3",0.0846972909724052,0.471111578262967,-0.896909430973538,1.06630401291835,0.179781807283727,0.859101062628745,NA,20.3606781013174,4,6,6,3373,"PASS"
"sens_d_ge700genes","stromal / mesothelial-lineage (unresolved)","LV_NOT_UF_vs_SV","COL3A1",1.0791107866819,0.894722120632749,-0.792884387732351,2.95110596109614,1.2060848410887,0.242511050162484,NA,19.1024811575028,4,6,6,3373,"PASS"
"sens_d_ge700genes","stromal / mesothelial-lineage (unresolved)","LV_NOT_UF_vs_SV","FN1",1.71901872474487,1.0167907621267,-0.408654525863936,3.84669197535368,1.69063172953047,0.107191004614821,NA,19.0654371264851,4,6,6,3373,"PASS"
"sens_d_ge700genes","stromal / mesothelial-lineage (unresolved)","LV_NOT_UF_vs_SV","COL8A1",0.527643887104822,0.651557083105235,-0.835835292639115,1.89112306684876,0.809819892664111,0.428043664844707,NA,19.0506726632692,4,6,6,3373,"PASS"
"sens_d_ge700genes","stromal / mesothelial-lineage (unresolved)","LV_NOT_UF_vs_SV","VCAN",1.54992861072171,0.920838568994323,-0.3773610068446,3.47721822828802,1.68317082158541,0.108696019999301,NA,19.0069441362051,4,6,6,3373,"PASS"
"sens_d_ge700genes","stromal / mesothelial-lineage (unresolved)","LV_NOT_UF_vs_SV","EDIL3",3.92133586891264,1.01596551653881,1.82243357547864,6.02023816234663,3.85971354842025,0.000769859845833925,NA,23.5645224600032,4,6,6,3373,"PASS"
"sens_d_ge700genes","stromal / mesothelial-lineage (unresolved)","LV_NOT_UF_vs_SV","LOX",0.16223771728793,0.792377630667856,-1.4961551039885,1.82063053856436,0.204747977490464,0.839945061033583,NA,19.0123005176603,4,6,6,3373,"PASS"
"sens_d_ge700genes","stromal / mesothelial-lineage (unresolved)","LV_NOT_UF_vs_SV","INHBA",1.42682817896428,0.817463141212369,-0.2788533546551,3.13250971258365,1.74543426734589,0.0963228943285878,NA,19.9119894590844,4,6,6,3373,"PASS"
"sens_d_ge700genes","stromal / mesothelial-lineage (unresolved)","LV_NOT_UF_vs_SV","ISM1",1.80509906372645,1.18724687677617,-0.636594350596151,4.24679247804904,1.52040750667459,0.140605903336495,NA,25.7245339343906,4,6,6,3373,"INSUFFICIENT DATA"
"sens_d_ge700genes","stromal / mesothelial-lineage (unresolved)","LV_NOT_UF_vs_SV","COMP",1.70419417514408,1.25430577824953,-0.89045104515037,4.29883939543854,1.35867521675808,0.187418764639593,NA,23.0134603205749,4,6,6,3373,"PASS"
"sens_e_ge50cells","stromal / mesothelial-lineage (unresolved)","LV_UF_vs_LV_NOT_UF","COL11A1",-1.15378896125365,1.88940265438247,-5.2512934851383,2.943715562631,-0.610663353614666,0.552340716816093,NA,12.52770129121,3,2,5,3492,"INSUFFICIENT DATA"
"sens_e_ge50cells","stromal / mesothelial-lineage (unresolved)","LV_UF_vs_LV_NOT_UF","THBS3",-2.24573350870309,0.586804707697757,-3.53115675198808,-0.960310265418107,-3.82705434916141,0.00261683448679487,NA,11.4468839537613,3,2,5,3492,"PASS"
"sens_e_ge50cells","stromal / mesothelial-lineage (unresolved)","LV_UF_vs_LV_NOT_UF","COL3A1",-3.55527244655772,1.24034930465296,-6.27562149166484,-0.834923401450605,-2.86634775641081,0.0149347183241837,NA,11.3289917657937,3,2,5,3492,"PASS"
"sens_e_ge50cells","stromal / mesothelial-lineage (unresolved)","LV_UF_vs_LV_NOT_UF","FN1",-4.18767366918499,1.21612122403066,-6.85499260383354,-1.52035473453645,-3.44346730115075,0.00527035727526801,NA,11.3251380929707,3,2,5,3492,"PASS"
"sens_e_ge50cells","stromal / mesothelial-lineage (unresolved)","LV_UF_vs_LV_NOT_UF","COL8A1",-4.58438666626974,0.966799115993536,-6.7045059262465,-2.46426740629299,-4.74181925741479,0.000558740989326258,NA,11.3415009458478,3,2,5,3492,"PASS"
"sens_e_ge50cells","stromal / mesothelial-lineage (unresolved)","LV_UF_vs_LV_NOT_UF","VCAN",-1.74116515647662,1.33261279161179,-4.68058343048435,1.1982531175311,-1.30657995138309,0.218473479432709,NA,10.8083649615431,3,2,5,3492,"PASS"
"sens_e_ge50cells","stromal / mesothelial-lineage (unresolved)","LV_UF_vs_LV_NOT_UF","EDIL3",-3.78404390189041,1.58783264193879,-7.22089238894907,-0.347195414831754,-2.38315034087596,0.0334373994722131,NA,12.7609154859065,3,2,5,3492,"PASS"
"sens_e_ge50cells","stromal / mesothelial-lineage (unresolved)","LV_UF_vs_LV_NOT_UF","LOX",-3.47815855675278,1.14240556402921,-5.98430296405743,-0.972014149448131,-3.04459175118641,0.0108363509133636,NA,11.3058180357762,3,2,5,3492,"PASS"
"sens_e_ge50cells","stromal / mesothelial-lineage (unresolved)","LV_UF_vs_LV_NOT_UF","INHBA",0.569417078749967,1.11903591228433,-1.88638609203247,3.0252202495324,0.508846117000475,0.620674168831856,NA,11.2699299215814,3,2,5,3492,"PASS"
"sens_e_ge50cells","stromal / mesothelial-lineage (unresolved)","LV_UF_vs_LV_NOT_UF","ISM1",-1.10211723877265,1.64768385742529,-4.56094352895922,2.35670905141391,-0.668888776087694,0.511958838768326,NA,18.2077542312102,3,2,5,3492,"INSUFFICIENT DATA"
"sens_e_ge50cells","stromal / mesothelial-lineage (unresolved)","LV_UF_vs_LV_NOT_UF","COMP",-4.80357540116968,2.63842126231261,-10.5376378415751,0.930487039235776,-1.82062488268431,0.0931048501733652,NA,12.281182051462,3,2,5,3492,"PASS"
"sens_e_ge50cells","stromal / mesothelial-lineage (unresolved)","LV_UF_vs_SV","COL11A1",-3.20868512912681,1.56227571830573,-6.59675691385981,0.179386655606191,-2.05385329332685,0.0614744706559311,NA,12.52770129121,3,2,5,3492,"INSUFFICIENT DATA"
"sens_e_ge50cells","stromal / mesothelial-lineage (unresolved)","LV_UF_vs_SV","THBS3",-1.46311778684937,0.52238514727262,-2.60742696065534,-0.318808613043399,-2.80084109299112,0.0166686065598446,NA,11.4468839537613,3,2,5,3492,"PASS"
"sens_e_ge50cells","stromal / mesothelial-lineage (unresolved)","LV_UF_vs_SV","COL3A1",-1.11569190816368,1.00777148157181,-3.32594846838895,1.09456465206158,-1.10708819267593,0.291208612953806,NA,11.3289917657937,3,2,5,3492,"PASS"
"sens_e_ge50cells","stromal / mesothelial-lineage (unresolved)","LV_UF_vs_SV","FN1",-1.06146656140666,0.975954522259864,-3.20202781890345,1.07909469609014,-1.08761887690093,0.299368528930312,NA,11.3251380929707,3,2,5,3492,"PASS"
"sens_e_ge50cells","stromal / mesothelial-lineage (unresolved)","LV_UF_vs_SV","COL8A1",-3.06267499199268,0.852372622828923,-4.93186537957324,-1.19348460441212,-3.59311750514467,0.00402530782706532,NA,11.3415009458478,3,2,5,3492,"PASS"
"sens_e_ge50cells","stromal / mesothelial-lineage (unresolved)","LV_UF_vs_SV","VCAN",1.03889110059788,1.09582901573806,-1.37824000779591,3.45602220899168,0.948041241541838,0.363823607187115,NA,10.8083649615431,3,2,5,3492,"PASS"
"sens_e_ge50cells","stromal / mesothelial-lineage (unresolved)","LV_UF_vs_SV","EDIL3",1.32321424463964,1.64951520635896,-2.24714556005165,4.89357404933092,0.802183720124908,0.437131394794112,NA,12.7609154859065,3,2,5,3492,"PASS"
"sens_e_ge50cells","stromal / mesothelial-lineage (unresolved)","LV_UF_vs_SV","LOX",-1.92653750600233,0.998686391902865,-4.11739896057297,0.26432394856832,-1.92907155001037,0.0791963063950352,NA,11.3058180357762,3,2,5,3492,"PASS"
"sens_e_ge50cells","stromal / mesothelial-lineage (unresolved)","LV_UF_vs_SV","INHBA",2.9889455440773,0.932596044642852,0.942297801720359,5.03559328643425,3.20497343007921,0.0081411595759705,NA,11.2699299215814,3,2,5,3492,"PASS"
"sens_e_ge50cells","stromal / mesothelial-lineage (unresolved)","LV_UF_vs_SV","ISM1",1.00553833595834,1.94514931409566,-3.07772894593739,5.08880561785406,0.516946605934893,0.611416030052459,NA,18.2077542312102,3,2,5,3492,"INSUFFICIENT DATA"
"sens_e_ge50cells","stromal / mesothelial-lineage (unresolved)","LV_UF_vs_SV","COMP",-2.26718048123778,2.75343538571219,-8.25120231005553,3.71684134757997,-0.823400648151168,0.425981023228252,NA,12.281182051462,3,2,5,3492,"PASS"
"sens_e_ge50cells","stromal / mesothelial-lineage (unresolved)","LV_NOT_UF_vs_SV","COL11A1",-2.05489616787316,0.899286835634189,-4.00515905584679,-0.104633279899529,-2.28502863207601,0.0404485933134998,NA,12.52770129121,3,2,5,3492,"INSUFFICIENT DATA"
"sens_e_ge50cells","stromal / mesothelial-lineage (unresolved)","LV_NOT_UF_vs_SV","THBS3",0.782615721853721,0.467351174712147,-0.241138953033717,1.80637039674116,1.67457741458712,0.121093587563645,NA,11.4468839537613,3,2,5,3492,"PASS"
"sens_e_ge50cells","stromal / mesothelial-lineage (unresolved)","LV_NOT_UF_vs_SV","COL3A1",2.43958053839404,1.02232266477807,0.1974101477729,4.68175092901517,2.38631170220962,0.0354907006330758,NA,11.3289917657937,3,2,5,3492,"PASS"
"sens_e_ge50cells","stromal / mesothelial-lineage (unresolved)","LV_NOT_UF_vs_SV","FN1",3.12620710777834,0.974324688308202,0.98922056542811,5.26319365012857,3.20858862070572,0.00804141047836651,NA,11.3251380929707,3,2,5,3492,"PASS"
"sens_e_ge50cells","stromal / mesothelial-lineage (unresolved)","LV_NOT_UF_vs_SV","COL8A1",1.52171167427706,0.739096437550055,-0.0990723813845635,3.14249572993869,2.05888108366644,0.0632307551343231,NA,11.3415009458478,3,2,5,3492,"PASS"
"sens_e_ge50cells","stromal / mesothelial-lineage (unresolved)","LV_NOT_UF_vs_SV","VCAN",2.78005625707451,1.13187959344596,0.283406381061084,5.27670613308793,2.4561413362094,0.0322492986771685,NA,10.8083649615431,3,2,5,3492,"PASS"
"sens_e_ge50cells","stromal / mesothelial-lineage (unresolved)","LV_NOT_UF_vs_SV","EDIL3",5.10725814653005,1.28584162066133,2.32406632149558,7.89044997156452,3.97191851971886,0.00165042842047403,NA,12.7609154859065,3,2,5,3492,"PASS"
"sens_e_ge50cells","stromal / mesothelial-lineage (unresolved)","LV_NOT_UF_vs_SV","LOX",1.55162105075046,0.894440549066557,-0.410551797746234,3.51379389924715,1.73473916446402,0.109931929500435,NA,11.3058180357762,3,2,5,3492,"PASS"
"sens_e_ge50cells","stromal / mesothelial-lineage (unresolved)","LV_NOT_UF_vs_SV","INHBA",2.41952846532734,0.985399208481902,0.257000458753871,4.5820564719008,2.45537894134788,0.0314641591368279,NA,11.2699299215814,3,2,5,3492,"PASS"
"sens_e_ge50cells","stromal / mesothelial-lineage (unresolved)","LV_NOT_UF_vs_SV","ISM1",2.10765557473099,1.28215272386395,-0.583845910429382,4.79915705989136,1.64384127998361,0.117364556018069,NA,18.2077542312102,3,2,5,3492,"INSUFFICIENT DATA"
"sens_e_ge50cells","stromal / mesothelial-lineage (unresolved)","LV_NOT_UF_vs_SV","COMP",2.5363949199319,1.72776597672675,-1.21854676981008,6.29133660967388,1.46801994835961,0.167239151527407,NA,12.281182051462,3,2,5,3492,"PASS"
"sens_f_top2000_hvg_tmm","stromal / mesothelial-lineage (unresolved)","LV_UF_vs_LV_NOT_UF","COL11A1",-0.0764298676373156,1.65288007133894,-3.45049432715757,3.29763459188294,-0.0462404193520237,0.963421693694414,NA,30.3359676868422,4,6,6,3670,"INSUFFICIENT DATA"
"sens_f_top2000_hvg_tmm","stromal / mesothelial-lineage (unresolved)","LV_UF_vs_LV_NOT_UF","THBS3",-0.361468410362977,0.73810941045167,-1.8683860807387,1.14544926001274,-0.489721991407459,0.627864545421259,NA,30.2406409419153,4,6,6,3670,"PASS"
"sens_f_top2000_hvg_tmm","stromal / mesothelial-lineage (unresolved)","LV_UF_vs_LV_NOT_UF","COL3A1",-1.66378824713521,1.07796768281785,-3.89692055923252,0.569344064962106,-1.54344909745903,0.136719216664058,NA,22.4217985337674,4,6,6,3670,"PASS"
"sens_f_top2000_hvg_tmm","stromal / mesothelial-lineage (unresolved)","LV_UF_vs_LV_NOT_UF","FN1",-2.44064089396924,1.39755897772606,-5.36246655968502,0.481184771746537,-1.74635985519578,0.0966276935896499,NA,19.3223035769338,4,6,6,3670,"PASS"
"sens_f_top2000_hvg_tmm","stromal / mesothelial-lineage (unresolved)","LV_UF_vs_LV_NOT_UF","COL8A1",-2.34018454867862,0.833610123095037,-4.04427388794421,-0.636095209413027,-2.80728902378243,0.00879167291327307,NA,29.3307830896182,4,6,6,3670,"PASS"
"sens_f_top2000_hvg_tmm","stromal / mesothelial-lineage (unresolved)","LV_UF_vs_LV_NOT_UF","VCAN",0.0955108988932064,1.10731180418454,-2.19837565602096,2.38939745380738,0.0862547464339043,0.932029341728272,NA,22.4278941419822,4,6,6,3670,"PASS"
"sens_f_top2000_hvg_tmm","stromal / mesothelial-lineage (unresolved)","LV_UF_vs_LV_NOT_UF","EDIL3",-1.58101408479044,1.17216964149593,-3.96967281905863,0.807644649477761,-1.34879289551702,0.186974836176252,NA,31.6528862206829,4,6,6,3670,"PASS"
"sens_f_top2000_hvg_tmm","stromal / mesothelial-lineage (unresolved)","LV_UF_vs_LV_NOT_UF","LOX",-1.1973253579661,0.956123665434698,-3.15241623141514,0.757765515482938,-1.25227039268162,0.22042998622557,NA,29.1377872539999,4,6,6,3670,"PASS"
"sens_f_top2000_hvg_tmm","stromal / mesothelial-lineage (unresolved)","LV_UF_vs_LV_NOT_UF","INHBA",1.81131647332728,0.804360097163436,0.168811750117252,3.4538211965373,2.2518726124218,0.0317830140862497,NA,30.0951435203437,4,6,6,3670,"PASS"
"sens_f_top2000_hvg_tmm","stromal / mesothelial-lineage (unresolved)","LV_UF_vs_LV_NOT_UF","ISM1",-0.291245321310749,1.37462965592512,-3.066642677873,2.4841520352515,-0.211871844940478,0.833247779003107,NA,41.3550054358469,4,6,6,3670,"INSUFFICIENT DATA"
"sens_f_top2000_hvg_tmm","stromal / mesothelial-lineage (unresolved)","LV_UF_vs_LV_NOT_UF","COMP",-2.97788412756161,1.86440471248364,-6.8064138947073,0.850645639584075,-1.59723053027187,0.122052886533444,NA,26.5425521492912,4,6,6,3670,"PASS"
"sens_f_top2000_hvg_tmm","stromal / mesothelial-lineage (unresolved)","LV_UF_vs_SV","COL11A1",-2.09548030482879,1.49800382865125,-5.15339210745769,0.96243149780011,-1.39884843065821,0.171999799331175,NA,30.3359676868422,4,6,6,3670,"INSUFFICIENT DATA"
"sens_f_top2000_hvg_tmm","stromal / mesothelial-lineage (unresolved)","LV_UF_vs_SV","THBS3",-0.367328464087393,0.734568159378324,-1.86701634746663,1.13235941929185,-0.500060422436863,0.620652090931999,NA,30.2406409419153,4,6,6,3670,"PASS"
"sens_f_top2000_hvg_tmm","stromal / mesothelial-lineage (unresolved)","LV_UF_vs_SV","COL3A1",-0.31997509149932,1.02489662395052,-2.44316468612662,1.80321450312798,-0.312202308039575,0.757771673966978,NA,22.4217985337674,4,6,6,3670,"PASS"
"sens_f_top2000_hvg_tmm","stromal / mesothelial-lineage (unresolved)","LV_UF_vs_SV","FN1",-0.392361301496034,1.28766382970792,-3.08443318283881,2.29971057984674,-0.30470786896688,0.763846324916281,NA,19.3223035769338,4,6,6,3670,"PASS"
"sens_f_top2000_hvg_tmm","stromal / mesothelial-lineage (unresolved)","LV_UF_vs_SV","COL8A1",-1.76733757078429,0.814484890406814,-3.432330569648,-0.102344571920574,-2.1698838021434,0.038252957872676,NA,29.3307830896182,4,6,6,3670,"PASS"
"sens_f_top2000_hvg_tmm","stromal / mesothelial-lineage (unresolved)","LV_UF_vs_SV","VCAN",1.82491693573487,1.10504583713524,-0.464275483951434,4.11410935542118,1.65144003480059,0.112582995322833,NA,22.4278941419822,4,6,6,3670,"PASS"
"sens_f_top2000_hvg_tmm","stromal / mesothelial-lineage (unresolved)","LV_UF_vs_SV","EDIL3",2.37296903580529,1.23802783757726,-0.149896173126471,4.89583424473704,1.91673318141944,0.0643377789059929,NA,31.6528862206829,4,6,6,3670,"PASS"
"sens_f_top2000_hvg_tmm","stromal / mesothelial-lineage (unresolved)","LV_UF_vs_SV","LOX",-0.908173843874098,0.949390542612633,-2.84949676297254,1.03314907522434,-0.956586149862932,0.346646187777597,NA,29.1377872539999,4,6,6,3670,"PASS"
"sens_f_top2000_hvg_tmm","stromal / mesothelial-lineage (unresolved)","LV_UF_vs_SV","INHBA",3.11682158716203,0.839405751490106,1.40275357661026,4.8308895977138,3.71312870042775,0.000831600053704329,NA,30.0951435203437,4,6,6,3670,"PASS"
"sens_f_top2000_hvg_tmm","stromal / mesothelial-lineage (unresolved)","LV_UF_vs_SV","ISM1",1.41230626636521,1.43202997451205,-1.47898317195546,4.30359570468589,0.986226749091923,0.329757084417479,NA,41.3550054358469,4,6,6,3670,"INSUFFICIENT DATA"
"sens_f_top2000_hvg_tmm","stromal / mesothelial-lineage (unresolved)","LV_UF_vs_SV","COMP",-1.52277761277563,1.90635155254476,-5.43744464654396,2.3918894209927,-0.798791603124249,0.431501279843021,NA,26.5425521492912,4,6,6,3670,"PASS"
"sens_f_top2000_hvg_tmm","stromal / mesothelial-lineage (unresolved)","LV_NOT_UF_vs_SV","COL11A1",-2.01905043719147,0.98264966503136,-4.02495719862759,-0.0131436757553582,-2.05470017346115,0.0486085171768362,NA,30.3359676868422,4,6,6,3670,"INSUFFICIENT DATA"
"sens_f_top2000_hvg_tmm","stromal / mesothelial-lineage (unresolved)","LV_NOT_UF_vs_SV","THBS3",-0.00586005372441587,0.63761485912662,-1.30760893337095,1.29588882592212,-0.00919058525775692,0.992727441125896,NA,30.2406409419153,4,6,6,3670,"PASS"
"sens_f_top2000_hvg_tmm","stromal / mesothelial-lineage (unresolved)","LV_NOT_UF_vs_SV","COL3A1",1.34381315563589,0.920608679260444,-0.563332133803301,3.25095844507507,1.45970072399862,0.158242210327821,NA,22.4217985337674,4,6,6,3670,"PASS"
"sens_f_top2000_hvg_tmm","stromal / mesothelial-lineage (unresolved)","LV_NOT_UF_vs_SV","FN1",2.04827959247321,1.16674489042041,-0.390991465496633,4.48755065044305,1.75555051433322,0.095006730100759,NA,19.3223035769338,4,6,6,3670,"PASS"
"sens_f_top2000_hvg_tmm","stromal / mesothelial-lineage (unresolved)","LV_NOT_UF_vs_SV","COL8A1",0.572846977894332,0.662148955696449,-0.780736604102937,1.9264305598916,0.86513309877807,0.393986816248264,NA,29.3307830896182,4,6,6,3670,"PASS"
"sens_f_top2000_hvg_tmm","stromal / mesothelial-lineage (unresolved)","LV_NOT_UF_vs_SV","VCAN",1.72940603684166,1.01051312531701,-0.363954173867957,3.82276624755129,1.7114137298307,0.100801599272817,NA,22.4278941419822,4,6,6,3670,"PASS"
"sens_f_top2000_hvg_tmm","stromal / mesothelial-lineage (unresolved)","LV_NOT_UF_vs_SV","EDIL3",3.95398312059572,1.06477072699461,1.78418294236989,6.12378329882156,3.71345964004487,0.00078665366825733,NA,31.6528862206829,4,6,6,3670,"PASS"
"sens_f_top2000_hvg_tmm","stromal / mesothelial-lineage (unresolved)","LV_NOT_UF_vs_SV","LOX",0.289151514092002,0.796022031891335,-1.33856199816328,1.91686502634729,0.363245616964875,0.71904352346463,NA,29.1377872539999,4,6,6,3670,"PASS"
"sens_f_top2000_hvg_tmm","stromal / mesothelial-lineage (unresolved)","LV_NOT_UF_vs_SV","INHBA",1.30550511383476,0.765028147339101,-0.256683699141342,2.86769392681086,1.70647984440249,0.0982191932161072,NA,30.0951435203437,4,6,6,3670,"PASS"
"sens_f_top2000_hvg_tmm","stromal / mesothelial-lineage (unresolved)","LV_NOT_UF_vs_SV","ISM1",1.70355158767596,1.07776089533639,-0.47246340445639,3.87956657980831,1.58063963449356,0.121579604882078,NA,41.3550054358469,4,6,6,3670,"INSUFFICIENT DATA"
"sens_f_top2000_hvg_tmm","stromal / mesothelial-lineage (unresolved)","LV_NOT_UF_vs_SV","COMP",1.45510651478598,1.25392101454699,-1.11980326617436,4.03001629574633,1.16044511409012,0.256199151512911,NA,26.5425521492912,4,6,6,3670,"PASS"
"sens_h_ge50cells_med1000genes","stromal / mesothelial-lineage (unresolved)","LV_UF_vs_LV_NOT_UF","COL11A1",NA,NA,NA,NA,NA,NA,NA,NA,1,2,5,3110,"NOT ESTIMABLE"
"sens_h_ge50cells_med1000genes","stromal / mesothelial-lineage (unresolved)","LV_UF_vs_LV_NOT_UF","THBS3",NA,NA,NA,NA,NA,NA,NA,NA,1,2,5,3110,"NOT ESTIMABLE"
"sens_h_ge50cells_med1000genes","stromal / mesothelial-lineage (unresolved)","LV_UF_vs_LV_NOT_UF","COL3A1",NA,NA,NA,NA,NA,NA,NA,NA,1,2,5,3110,"NOT ESTIMABLE"
"sens_h_ge50cells_med1000genes","stromal / mesothelial-lineage (unresolved)","LV_UF_vs_LV_NOT_UF","FN1",NA,NA,NA,NA,NA,NA,NA,NA,1,2,5,3110,"NOT ESTIMABLE"
"sens_h_ge50cells_med1000genes","stromal / mesothelial-lineage (unresolved)","LV_UF_vs_LV_NOT_UF","COL8A1",NA,NA,NA,NA,NA,NA,NA,NA,1,2,5,3110,"NOT ESTIMABLE"
"sens_h_ge50cells_med1000genes","stromal / mesothelial-lineage (unresolved)","LV_UF_vs_LV_NOT_UF","VCAN",NA,NA,NA,NA,NA,NA,NA,NA,1,2,5,3110,"NOT ESTIMABLE"
"sens_h_ge50cells_med1000genes","stromal / mesothelial-lineage (unresolved)","LV_UF_vs_LV_NOT_UF","EDIL3",NA,NA,NA,NA,NA,NA,NA,NA,1,2,5,3110,"NOT ESTIMABLE"
"sens_h_ge50cells_med1000genes","stromal / mesothelial-lineage (unresolved)","LV_UF_vs_LV_NOT_UF","LOX",NA,NA,NA,NA,NA,NA,NA,NA,1,2,5,3110,"NOT ESTIMABLE"
"sens_h_ge50cells_med1000genes","stromal / mesothelial-lineage (unresolved)","LV_UF_vs_LV_NOT_UF","INHBA",NA,NA,NA,NA,NA,NA,NA,NA,1,2,5,3110,"NOT ESTIMABLE"
"sens_h_ge50cells_med1000genes","stromal / mesothelial-lineage (unresolved)","LV_UF_vs_LV_NOT_UF","ISM1",NA,NA,NA,NA,NA,NA,NA,NA,1,2,5,3110,"NOT ESTIMABLE"
"sens_h_ge50cells_med1000genes","stromal / mesothelial-lineage (unresolved)","LV_UF_vs_LV_NOT_UF","COMP",NA,NA,NA,NA,NA,NA,NA,NA,1,2,5,3110,"NOT ESTIMABLE"
"sens_h_ge50cells_med1000genes","stromal / mesothelial-lineage (unresolved)","LV_UF_vs_SV","COL11A1",NA,NA,NA,NA,NA,NA,NA,NA,1,2,5,3110,"NOT ESTIMABLE"
"sens_h_ge50cells_med1000genes","stromal / mesothelial-lineage (unresolved)","LV_UF_vs_SV","THBS3",NA,NA,NA,NA,NA,NA,NA,NA,1,2,5,3110,"NOT ESTIMABLE"
"sens_h_ge50cells_med1000genes","stromal / mesothelial-lineage (unresolved)","LV_UF_vs_SV","COL3A1",NA,NA,NA,NA,NA,NA,NA,NA,1,2,5,3110,"NOT ESTIMABLE"
"sens_h_ge50cells_med1000genes","stromal / mesothelial-lineage (unresolved)","LV_UF_vs_SV","FN1",NA,NA,NA,NA,NA,NA,NA,NA,1,2,5,3110,"NOT ESTIMABLE"
"sens_h_ge50cells_med1000genes","stromal / mesothelial-lineage (unresolved)","LV_UF_vs_SV","COL8A1",NA,NA,NA,NA,NA,NA,NA,NA,1,2,5,3110,"NOT ESTIMABLE"
"sens_h_ge50cells_med1000genes","stromal / mesothelial-lineage (unresolved)","LV_UF_vs_SV","VCAN",NA,NA,NA,NA,NA,NA,NA,NA,1,2,5,3110,"NOT ESTIMABLE"
"sens_h_ge50cells_med1000genes","stromal / mesothelial-lineage (unresolved)","LV_UF_vs_SV","EDIL3",NA,NA,NA,NA,NA,NA,NA,NA,1,2,5,3110,"NOT ESTIMABLE"
"sens_h_ge50cells_med1000genes","stromal / mesothelial-lineage (unresolved)","LV_UF_vs_SV","LOX",NA,NA,NA,NA,NA,NA,NA,NA,1,2,5,3110,"NOT ESTIMABLE"
"sens_h_ge50cells_med1000genes","stromal / mesothelial-lineage (unresolved)","LV_UF_vs_SV","INHBA",NA,NA,NA,NA,NA,NA,NA,NA,1,2,5,3110,"NOT ESTIMABLE"
"sens_h_ge50cells_med1000genes","stromal / mesothelial-lineage (unresolved)","LV_UF_vs_SV","ISM1",NA,NA,NA,NA,NA,NA,NA,NA,1,2,5,3110,"NOT ESTIMABLE"
"sens_h_ge50cells_med1000genes","stromal / mesothelial-lineage (unresolved)","LV_UF_vs_SV","COMP",NA,NA,NA,NA,NA,NA,NA,NA,1,2,5,3110,"NOT ESTIMABLE"
"sens_h_ge50cells_med1000genes","stromal / mesothelial-lineage (unresolved)","LV_NOT_UF_vs_SV","COL11A1",NA,NA,NA,NA,NA,NA,NA,NA,1,2,5,3110,"NOT ESTIMABLE"
"sens_h_ge50cells_med1000genes","stromal / mesothelial-lineage (unresolved)","LV_NOT_UF_vs_SV","THBS3",NA,NA,NA,NA,NA,NA,NA,NA,1,2,5,3110,"NOT ESTIMABLE"
"sens_h_ge50cells_med1000genes","stromal / mesothelial-lineage (unresolved)","LV_NOT_UF_vs_SV","COL3A1",NA,NA,NA,NA,NA,NA,NA,NA,1,2,5,3110,"NOT ESTIMABLE"
"sens_h_ge50cells_med1000genes","stromal / mesothelial-lineage (unresolved)","LV_NOT_UF_vs_SV","FN1",NA,NA,NA,NA,NA,NA,NA,NA,1,2,5,3110,"NOT ESTIMABLE"
"sens_h_ge50cells_med1000genes","stromal / mesothelial-lineage (unresolved)","LV_NOT_UF_vs_SV","COL8A1",NA,NA,NA,NA,NA,NA,NA,NA,1,2,5,3110,"NOT ESTIMABLE"
"sens_h_ge50cells_med1000genes","stromal / mesothelial-lineage (unresolved)","LV_NOT_UF_vs_SV","VCAN",NA,NA,NA,NA,NA,NA,NA,NA,1,2,5,3110,"NOT ESTIMABLE"
"sens_h_ge50cells_med1000genes","stromal / mesothelial-lineage (unresolved)","LV_NOT_UF_vs_SV","EDIL3",NA,NA,NA,NA,NA,NA,NA,NA,1,2,5,3110,"NOT ESTIMABLE"
"sens_h_ge50cells_med1000genes","stromal / mesothelial-lineage (unresolved)","LV_NOT_UF_vs_SV","LOX",NA,NA,NA,NA,NA,NA,NA,NA,1,2,5,3110,"NOT ESTIMABLE"
"sens_h_ge50cells_med1000genes","stromal / mesothelial-lineage (unresolved)","LV_NOT_UF_vs_SV","INHBA",NA,NA,NA,NA,NA,NA,NA,NA,1,2,5,3110,"NOT ESTIMABLE"
"sens_h_ge50cells_med1000genes","stromal / mesothelial-lineage (unresolved)","LV_NOT_UF_vs_SV","ISM1",NA,NA,NA,NA,NA,NA,NA,NA,1,2,5,3110,"NOT ESTIMABLE"
"sens_h_ge50cells_med1000genes","stromal / mesothelial-lineage (unresolved)","LV_NOT_UF_vs_SV","COMP",NA,NA,NA,NA,NA,NA,NA,NA,1,2,5,3110,"NOT ESTIMABLE"
"sens_i_no_upper_ceilings","stromal / mesothelial-lineage (unresolved)","LV_UF_vs_LV_NOT_UF","COL11A1",-6.88938039461866,2.53839962480038,-12.329501602321,-1.44925918691627,-2.71406453393265,0.016689701164248,NA,14.1162851186197,4,6,6,6000,"INSUFFICIENT DATA"
"sens_i_no_upper_ceilings","stromal / mesothelial-lineage (unresolved)","LV_UF_vs_LV_NOT_UF","THBS3",-0.565719060614356,0.280662837383425,-1.15923444336257,0.0277963221338542,-2.01565360732637,0.0604221161193459,NA,16.5004569275714,4,6,6,6000,"PASS"
"sens_i_no_upper_ceilings","stromal / mesothelial-lineage (unresolved)","LV_UF_vs_LV_NOT_UF","COL3A1",-0.823432608698376,0.649372619979863,-2.19664629949599,0.549781082099237,-1.26804331344292,0.222381965497572,NA,16.5018661562026,4,6,6,6000,"PASS"
"sens_i_no_upper_ceilings","stromal / mesothelial-lineage (unresolved)","LV_UF_vs_LV_NOT_UF","FN1",-0.272008378117484,0.995076761341044,-2.37627487293124,1.83225811669627,-0.273354165914701,0.787972677068624,NA,16.5018638824525,4,6,6,6000,"PASS"
"sens_i_no_upper_ceilings","stromal / mesothelial-lineage (unresolved)","LV_UF_vs_LV_NOT_UF","COL8A1",-0.823992046207167,0.354618224256034,-1.5738952826029,-0.0740888098114315,-2.32360321564367,0.0332084387291432,NA,16.5018537469261,4,6,6,6000,"PASS"
"sens_i_no_upper_ceilings","stromal / mesothelial-lineage (unresolved)","LV_UF_vs_LV_NOT_UF","VCAN",-1.41059849107517,1.09055155083573,-3.71677291712458,0.895575934974246,-1.2934725460655,0.213662340728539,NA,16.5009961034532,4,6,6,6000,"PASS"
"sens_i_no_upper_ceilings","stromal / mesothelial-lineage (unresolved)","LV_UF_vs_LV_NOT_UF","EDIL3",-0.734398181310768,0.953961667915186,-2.7520901183806,1.28329375575906,-0.769840346851401,0.452299958941661,NA,16.4634063933199,4,6,6,6000,"PASS"
"sens_i_no_upper_ceilings","stromal / mesothelial-lineage (unresolved)","LV_UF_vs_LV_NOT_UF","LOX",-0.167273624170387,0.583201838406887,-1.40055756376833,1.06601031542756,-0.286819439093887,0.777820666303208,NA,16.5018467553141,4,6,6,6000,"PASS"
"sens_i_no_upper_ceilings","stromal / mesothelial-lineage (unresolved)","LV_UF_vs_LV_NOT_UF","INHBA",-0.311688482581776,0.462062536028872,-1.28880757842773,0.665430613264173,-0.674559087305665,0.509297516027081,NA,16.5006137930783,4,6,6,6000,"PASS"
"sens_i_no_upper_ceilings","stromal / mesothelial-lineage (unresolved)","LV_UF_vs_LV_NOT_UF","ISM1",-1.54354141685671,0.932686348814742,-3.49030213375373,0.403219300040312,-1.65494157689586,0.113695648188542,NA,19.8077765848493,4,6,6,6000,"PASS"
"sens_i_no_upper_ceilings","stromal / mesothelial-lineage (unresolved)","LV_UF_vs_LV_NOT_UF","COMP",-1.14483874240687,1.69565441814312,-4.73246261591628,2.44278513110254,-0.675160416036047,0.508985373918675,NA,16.3936827953453,4,6,6,6000,"PASS"
"sens_i_no_upper_ceilings","stromal / mesothelial-lineage (unresolved)","LV_UF_vs_SV","COL11A1",-7.31790980851178,2.32776961785244,-12.3066234613985,-2.32919615562501,-3.14374315756521,0.0071190871318361,NA,14.1162851186197,4,6,6,6000,"INSUFFICIENT DATA"
"sens_i_no_upper_ceilings","stromal / mesothelial-lineage (unresolved)","LV_UF_vs_SV","THBS3",0.351291881340765,0.27441580470595,-0.229012953031396,0.931596715712927,1.28014449356221,0.218199373981546,NA,16.5004569275714,4,6,6,6000,"PASS"
"sens_i_no_upper_ceilings","stromal / mesothelial-lineage (unresolved)","LV_UF_vs_SV","COL3A1",0.424461988470806,0.62845891068743,-0.904525951129258,1.75344992807087,0.675401336909225,0.508775259975454,NA,16.5018661562026,4,6,6,6000,"PASS"
"sens_i_no_upper_ceilings","stromal / mesothelial-lineage (unresolved)","LV_UF_vs_SV","FN1",1.49874548552192,0.976596310247899,-0.566440814119821,3.56393178516365,1.53466224456805,0.143815976740129,NA,16.5018638824525,4,6,6,6000,"PASS"
"sens_i_no_upper_ceilings","stromal / mesothelial-lineage (unresolved)","LV_UF_vs_SV","COL8A1",0.547146522486967,0.342858831583646,-0.177889388938168,1.2721824339121,1.59583616370542,0.129496472430752,NA,16.5018537469261,4,6,6,6000,"PASS"
"sens_i_no_upper_ceilings","stromal / mesothelial-lineage (unresolved)","LV_UF_vs_SV","VCAN",0.182403139145919,1.04464347661368,-2.0266901112003,2.39149638949214,0.174608029657351,0.863512065948777,NA,16.5009961034532,4,6,6,6000,"PASS"
"sens_i_no_upper_ceilings","stromal / mesothelial-lineage (unresolved)","LV_UF_vs_SV","EDIL3",2.92612835383613,0.999096958933328,0.812972295064608,5.03928441260765,2.92877315627121,0.00961273079526244,NA,16.4634063933199,4,6,6,6000,"PASS"
"sens_i_no_upper_ceilings","stromal / mesothelial-lineage (unresolved)","LV_UF_vs_SV","LOX",0.423087718438793,0.575880747393783,-0.794714473036647,1.64088990991423,0.734679393873692,0.472846716342869,NA,16.5018467553141,4,6,6,6000,"PASS"
"sens_i_no_upper_ceilings","stromal / mesothelial-lineage (unresolved)","LV_UF_vs_SV","INHBA",1.6214710990178,0.454395258461331,0.660565919558113,2.58237627847749,3.56841553432668,0.00246092506554357,NA,16.5006137930783,4,6,6,6000,"PASS"
"sens_i_no_upper_ceilings","stromal / mesothelial-lineage (unresolved)","LV_UF_vs_SV","ISM1",0.523829172089936,1.07141242084453,-1.71248919490052,2.76014753908039,0.488914597123142,0.630271792660353,NA,19.8077765848493,4,6,6,6000,"PASS"
"sens_i_no_upper_ceilings","stromal / mesothelial-lineage (unresolved)","LV_UF_vs_SV","COMP",1.24668792956534,1.7286547143488,-2.41075715823964,4.90413301737031,0.721189673806532,0.480952321516955,NA,16.3936827953453,4,6,6,6000,"PASS"
"sens_i_no_upper_ceilings","stromal / mesothelial-lineage (unresolved)","LV_NOT_UF_vs_SV","COL11A1",-0.42852941389312,0.698405094876886,-1.92530255043419,1.06824372264795,-0.613582886259815,0.549251181978999,NA,14.1162851186197,4,6,6,6000,"INSUFFICIENT DATA"
"sens_i_no_upper_ceilings","stromal / mesothelial-lineage (unresolved)","LV_NOT_UF_vs_SV","THBS3",0.917010941955121,0.245663226376009,0.397508947358926,1.43651293655132,3.73279694923308,0.00173053194286965,NA,16.5004569275714,4,6,6,6000,"PASS"
"sens_i_no_upper_ceilings","stromal / mesothelial-lineage (unresolved)","LV_NOT_UF_vs_SV","COL3A1",1.24789459716918,0.574822113489568,0.0323311876100105,2.46345800672835,2.17092308713316,0.0448402535674644,NA,16.5018661562026,4,6,6,6000,"PASS"
"sens_i_no_upper_ceilings","stromal / mesothelial-lineage (unresolved)","LV_NOT_UF_vs_SV","FN1",1.7707538636394,0.91003468243577,-0.153676055503043,3.69518378278184,1.94580920685337,0.0689141077894998,NA,16.5018638824525,4,6,6,6000,"PASS"
"sens_i_no_upper_ceilings","stromal / mesothelial-lineage (unresolved)","LV_NOT_UF_vs_SV","COL8A1",1.37113856869413,0.314112396735733,0.706892100824853,2.03538503656342,4.36512083872861,0.000449580320498823,NA,16.5018537469261,4,6,6,6000,"PASS"
"sens_i_no_upper_ceilings","stromal / mesothelial-lineage (unresolved)","LV_NOT_UF_vs_SV","VCAN",1.59300163022109,0.940646322248236,-0.396170262353743,3.58217352279592,1.69351816144208,0.109147210995322,NA,16.5009961034532,4,6,6,6000,"PASS"
"sens_i_no_upper_ceilings","stromal / mesothelial-lineage (unresolved)","LV_NOT_UF_vs_SV","EDIL3",3.6605265351469,0.938706554306197,1.67510017096451,5.64595289932928,3.89954295978301,0.00121561038139849,NA,16.4634063933199,4,6,6,6000,"PASS"
"sens_i_no_upper_ceilings","stromal / mesothelial-lineage (unresolved)","LV_NOT_UF_vs_SV","LOX",0.59036134260918,0.519751417728008,-0.508745405439171,1.68946809065753,1.13585326075652,0.272245902754224,NA,16.5018467553141,4,6,6,6000,"PASS"
"sens_i_no_upper_ceilings","stromal / mesothelial-lineage (unresolved)","LV_NOT_UF_vs_SV","INHBA",1.93315958159958,0.421250211246973,1.04234590716474,2.82397325603441,4.58910056300529,0.000280593584692746,NA,16.5006137930783,4,6,6,6000,"PASS"
"sens_i_no_upper_ceilings","stromal / mesothelial-lineage (unresolved)","LV_NOT_UF_vs_SV","ISM1",2.06737058894664,0.673903224925859,0.660758036995951,3.47398314089734,3.06775589206312,0.00612037257552333,NA,19.8077765848493,4,6,6,6000,"PASS"
"sens_i_no_upper_ceilings","stromal / mesothelial-lineage (unresolved)","LV_NOT_UF_vs_SV","COMP",2.39152667197221,1.41260150710657,-0.597220820692385,5.3802741646368,1.69299456353461,0.109370753059867,NA,16.3936827953453,4,6,6,6000,"PASS"
"sens_j_pooled_fixed_ceiling","stromal / mesothelial-lineage (unresolved)","LV_UF_vs_LV_NOT_UF","COL11A1",-4.63184134098502,2.81248770723534,-10.585691265598,1.32200858362799,-1.64688411937562,0.118744598807308,NA,16.2811818852278,4,6,6,3904,"INSUFFICIENT DATA"
"sens_j_pooled_fixed_ceiling","stromal / mesothelial-lineage (unresolved)","LV_UF_vs_LV_NOT_UF","THBS3",-0.817434058161378,0.438910122423716,-1.7412490307802,0.106380914457445,-1.86241787646046,0.0793728004595019,NA,17.5496624332889,4,6,6,3904,"PASS"
"sens_j_pooled_fixed_ceiling","stromal / mesothelial-lineage (unresolved)","LV_UF_vs_LV_NOT_UF","COL3A1",-1.72209381174954,0.869656989297633,-3.55217505248496,0.107987428985879,-1.98019889789004,0.0635368635071613,NA,17.5975517165276,4,6,6,3904,"PASS"
"sens_j_pooled_fixed_ceiling","stromal / mesothelial-lineage (unresolved)","LV_UF_vs_LV_NOT_UF","FN1",-2.69571653821705,1.22289817564166,-5.26918302042591,-0.122250056008197,-2.20436712713435,0.0410708044609999,NA,17.594328646635,4,6,6,3904,"PASS"
"sens_j_pooled_fixed_ceiling","stromal / mesothelial-lineage (unresolved)","LV_UF_vs_LV_NOT_UF","COL8A1",-2.0589608648286,0.672141735843988,-3.47349512867907,-0.64442660097813,-3.06328376148704,0.00683274402336565,NA,17.5808847994061,4,6,6,3904,"PASS"
"sens_j_pooled_fixed_ceiling","stromal / mesothelial-lineage (unresolved)","LV_UF_vs_LV_NOT_UF","VCAN",-1.32895084130484,1.25486243581112,-3.97000626625366,1.31210458364398,-1.0590410577123,0.303928086216745,NA,17.5650436242266,4,6,6,3904,"PASS"
"sens_j_pooled_fixed_ceiling","stromal / mesothelial-lineage (unresolved)","LV_UF_vs_LV_NOT_UF","EDIL3",-2.34900566727907,1.15320455298517,-4.77394990601428,0.0759385714561409,-2.03693755908131,0.0568265069068647,NA,17.7799234783922,4,6,6,3904,"PASS"
"sens_j_pooled_fixed_ceiling","stromal / mesothelial-lineage (unresolved)","LV_UF_vs_LV_NOT_UF","LOX",-1.60752833156652,0.707391448612588,-3.09631696873084,-0.118739694402212,-2.27247351479776,0.0358730073936884,NA,17.569528883664,4,6,6,3904,"PASS"
"sens_j_pooled_fixed_ceiling","stromal / mesothelial-lineage (unresolved)","LV_UF_vs_LV_NOT_UF","INHBA",0.643714750449693,0.749411533216874,-0.933600202859794,2.22102970375918,0.858960293400512,0.401938895382004,NA,17.5558941551474,4,6,6,3904,"PASS"
"sens_j_pooled_fixed_ceiling","stromal / mesothelial-lineage (unresolved)","LV_UF_vs_LV_NOT_UF","ISM1",-2.30433509935283,1.2063409268138,-4.77723630198509,0.168566103279427,-1.91018562674406,0.0665706406130368,NA,27.5489878372794,4,6,6,3904,"INSUFFICIENT DATA"
"sens_j_pooled_fixed_ceiling","stromal / mesothelial-lineage (unresolved)","LV_UF_vs_LV_NOT_UF","COMP",-4.8526596226343,1.98998850658258,-8.98841232509785,-0.716906920170755,-2.43853650741321,0.0236135221011912,NA,21.2237500310414,4,6,6,3904,"PASS"
"sens_j_pooled_fixed_ceiling","stromal / mesothelial-lineage (unresolved)","LV_UF_vs_SV","COL11A1",-5.91837344049301,2.36961290193047,-10.9346867780504,-0.902060102935654,-2.49761192457699,0.0235737704044513,NA,16.2811818852278,4,6,6,3904,"INSUFFICIENT DATA"
"sens_j_pooled_fixed_ceiling","stromal / mesothelial-lineage (unresolved)","LV_UF_vs_SV","THBS3",-0.323542114077417,0.42086819702931,-1.20938256762572,0.562298339470886,-0.768749257751316,0.452264272606137,NA,17.5496624332889,4,6,6,3904,"PASS"
"sens_j_pooled_fixed_ceiling","stromal / mesothelial-lineage (unresolved)","LV_UF_vs_SV","COL3A1",-0.447443576998527,0.827203579289994,-2.18818707858351,1.29329992458645,-0.540911074614277,0.595350362711445,NA,17.5975517165276,4,6,6,3904,"PASS"
"sens_j_pooled_fixed_ceiling","stromal / mesothelial-lineage (unresolved)","LV_UF_vs_SV","FN1",-0.660598330895985,1.12074595258627,-3.01909571154555,1.69789904975358,-0.589427362527223,0.563067625242455,NA,17.594328646635,4,6,6,3904,"PASS"
"sens_j_pooled_fixed_ceiling","stromal / mesothelial-lineage (unresolved)","LV_UF_vs_SV","COL8A1",-1.32312788413094,0.650348909737399,-2.69179875698815,0.0455429887262648,-2.03448927847853,0.0572714257609555,NA,17.5808847994061,4,6,6,3904,"PASS"
"sens_j_pooled_fixed_ceiling","stromal / mesothelial-lineage (unresolved)","LV_UF_vs_SV","VCAN",0.561184973121292,1.19963373454348,-1.96363296082199,3.08600290706457,0.467796925813238,0.645681558435299,NA,17.5650436242266,4,6,6,3904,"PASS"
"sens_j_pooled_fixed_ceiling","stromal / mesothelial-lineage (unresolved)","LV_UF_vs_SV","EDIL3",1.95504496624147,1.19135132923285,-0.550113840714689,4.46020377319762,1.64103142227607,0.11836099254665,NA,17.7799234783922,4,6,6,3904,"PASS"
"sens_j_pooled_fixed_ceiling","stromal / mesothelial-lineage (unresolved)","LV_UF_vs_SV","LOX",-1.3588546726805,0.696080746651924,-2.82383860512239,0.106129259761389,-1.95215092389274,0.067044024086772,NA,17.569528883664,4,6,6,3904,"PASS"
"sens_j_pooled_fixed_ceiling","stromal / mesothelial-lineage (unresolved)","LV_UF_vs_SV","INHBA",1.45152184605698,0.725171666734244,-0.0747745384493839,2.97781823056335,2.00162514979908,0.0610256114197675,NA,17.5558941551474,4,6,6,3904,"PASS"
"sens_j_pooled_fixed_ceiling","stromal / mesothelial-lineage (unresolved)","LV_UF_vs_SV","ISM1",-0.00955718320779107,0.665194328897102,-1.37315168568271,1.35403731926713,-0.0143675055432853,0.988640330287549,NA,27.5489878372794,4,6,6,3904,"INSUFFICIENT DATA"
"sens_j_pooled_fixed_ceiling","stromal / mesothelial-lineage (unresolved)","LV_UF_vs_SV","COMP",-1.9283600818504,2.11614033564336,-6.32629156888132,2.46957140518051,-0.91126285406026,0.372391403861641,NA,21.2237500310414,4,6,6,3904,"PASS"
"sens_j_pooled_fixed_ceiling","stromal / mesothelial-lineage (unresolved)","LV_NOT_UF_vs_SV","COL11A1",-1.28653209950799,1.06440216186722,-3.53980087465246,0.966736675636483,-1.20868985952744,0.24404402955914,NA,16.2811818852278,4,6,6,3904,"INSUFFICIENT DATA"
"sens_j_pooled_fixed_ceiling","stromal / mesothelial-lineage (unresolved)","LV_NOT_UF_vs_SV","THBS3",0.493891944083961,0.364018701878652,-0.272292087516298,1.26007597568422,1.35677629070993,0.192049291659485,NA,17.5496624332889,4,6,6,3904,"PASS"
"sens_j_pooled_fixed_ceiling","stromal / mesothelial-lineage (unresolved)","LV_NOT_UF_vs_SV","COL3A1",1.27465023475101,0.739293165689109,-0.281097112285484,2.83039758178751,1.72414719073304,0.102202759706176,NA,17.5975517165276,4,6,6,3904,"PASS"
"sens_j_pooled_fixed_ceiling","stromal / mesothelial-lineage (unresolved)","LV_NOT_UF_vs_SV","FN1",2.03511820732107,1.00731651454946,-0.0846783046070736,4.15491471924921,2.02033638675259,0.0588403057706222,NA,17.594328646635,4,6,6,3904,"PASS"
"sens_j_pooled_fixed_ceiling","stromal / mesothelial-lineage (unresolved)","LV_NOT_UF_vs_SV","COL8A1",0.735832980697659,0.542796217815024,-0.40649133490772,1.87815729630304,1.35563394980843,0.192375741709019,NA,17.5808847994061,4,6,6,3904,"PASS"
"sens_j_pooled_fixed_ceiling","stromal / mesothelial-lineage (unresolved)","LV_NOT_UF_vs_SV","VCAN",1.89013581442613,1.08403426411844,-0.39138484662531,4.17165647547757,1.74361261169474,0.0987022112655601,NA,17.5650436242266,4,6,6,3904,"PASS"
"sens_j_pooled_fixed_ceiling","stromal / mesothelial-lineage (unresolved)","LV_NOT_UF_vs_SV","EDIL3",4.30405063352054,1.00709654138175,2.18634051041003,6.42176075663105,4.27372198857454,0.000468446265896376,NA,17.7799234783922,4,6,6,3904,"PASS"
"sens_j_pooled_fixed_ceiling","stromal / mesothelial-lineage (unresolved)","LV_NOT_UF_vs_SV","LOX",0.248673658886022,0.580715005249081,-0.973509480225029,1.47085679799707,0.428219792218664,0.67369453841147,NA,17.569528883664,4,6,6,3904,"PASS"
"sens_j_pooled_fixed_ceiling","stromal / mesothelial-lineage (unresolved)","LV_NOT_UF_vs_SV","INHBA",0.80780709560729,0.676394209812485,-0.615825520359455,2.23143971157404,1.19428446294837,0.248253948696686,NA,17.5558941551474,4,6,6,3904,"PASS"
"sens_j_pooled_fixed_ceiling","stromal / mesothelial-lineage (unresolved)","LV_NOT_UF_vs_SV","ISM1",2.29477791614504,0.756152793284759,0.744725928083592,3.84482990420649,3.03480716665269,0.00520667467941479,NA,27.5489878372794,4,6,6,3904,"INSUFFICIENT DATA"
"sens_j_pooled_fixed_ceiling","stromal / mesothelial-lineage (unresolved)","LV_NOT_UF_vs_SV","COMP",2.9242995407839,1.15951704630477,0.514498809802395,5.3341002717654,2.52199788705416,0.0197189055780124,NA,21.2237500310414,4,6,6,3904,"PASS"
"lodo_out_LV_NOT_UF-1","stromal / mesothelial-lineage (unresolved)","LV_UF_vs_LV_NOT_UF","COL11A1",-0.269254615459307,1.96716352131766,-4.41368365566253,3.87517442474391,-0.136874546798709,0.892707990628984,NA,17.3250168835765,4,5,6,2739,"INSUFFICIENT DATA"
"lodo_out_LV_NOT_UF-1","stromal / mesothelial-lineage (unresolved)","LV_UF_vs_LV_NOT_UF","THBS3",-0.809946913688958,0.553992755733482,-1.9637495772942,0.343855749916288,-1.46201715691497,0.158897685573008,NA,20.5004930472381,4,5,6,2739,"PASS"
"lodo_out_LV_NOT_UF-1","stromal / mesothelial-lineage (unresolved)","LV_UF_vs_LV_NOT_UF","COL3A1",-0.195620013616024,0.833839250009167,-1.94540734209927,1.55416731486722,-0.234601589711534,0.81712309698453,NA,18.298168598442,4,5,6,2739,"PASS"
"lodo_out_LV_NOT_UF-1","stromal / mesothelial-lineage (unresolved)","LV_UF_vs_LV_NOT_UF","FN1",-0.575129650978287,0.92649488952494,-2.51982274054707,1.3695634385905,-0.620758578898568,0.542440096568739,NA,18.2355194359049,4,5,6,2739,"PASS"
"lodo_out_LV_NOT_UF-1","stromal / mesothelial-lineage (unresolved)","LV_UF_vs_LV_NOT_UF","COL8A1",-1.61706895789843,0.735689402298621,-3.16119913450083,-0.0729387812960303,-2.19803214895578,0.0410827851136997,NA,18.2465927740019,4,5,6,2739,"PASS"
"lodo_out_LV_NOT_UF-1","stromal / mesothelial-lineage (unresolved)","LV_UF_vs_LV_NOT_UF","VCAN",0.863634553730991,0.99241417558719,-1.21848829612365,2.94575740358563,0.870236011310496,0.395412067546671,NA,18.3518898402935,4,5,6,2739,"PASS"
"lodo_out_LV_NOT_UF-1","stromal / mesothelial-lineage (unresolved)","LV_UF_vs_LV_NOT_UF","EDIL3",0.00298278231889185,14.0087969181912,-28.7640398648584,28.7700054294962,0.0002129220900489,0.999831705178497,NA,26.5396788028794,4,5,6,2739,"PASS"
"lodo_out_LV_NOT_UF-1","stromal / mesothelial-lineage (unresolved)","LV_UF_vs_LV_NOT_UF","LOX",-0.123468520232766,0.848525970354879,-1.90260860639787,1.65567156593234,-0.145509418151489,0.88588111903243,NA,18.514875311111,4,5,6,2739,"PASS"
"lodo_out_LV_NOT_UF-1","stromal / mesothelial-lineage (unresolved)","LV_UF_vs_LV_NOT_UF","INHBA",1.92713592731719,0.856151382261768,0.142896284911115,3.71137556972326,2.25092894462905,0.035622794071585,NA,20.2946642758955,4,5,6,2739,"PASS"
"lodo_out_LV_NOT_UF-1","stromal / mesothelial-lineage (unresolved)","LV_UF_vs_LV_NOT_UF","ISM1",0.515707807144122,1.96796463822079,-3.57452734085092,4.60594295513916,0.262051358610979,0.795811022448335,NA,21.201866605318,4,5,6,2739,"INSUFFICIENT DATA"
"lodo_out_LV_NOT_UF-1","stromal / mesothelial-lineage (unresolved)","LV_UF_vs_LV_NOT_UF","COMP",1.82081714151982,2.99016555607563,-4.4664392953261,8.10807357836573,0.608935226954291,0.550262187125054,NA,17.7965517620997,4,5,6,2739,"PASS"
"lodo_out_LV_NOT_UF-1","stromal / mesothelial-lineage (unresolved)","LV_UF_vs_SV","COL11A1",-3.03550392720384,1.47974138042886,-6.15302978744953,0.0820219330418555,-2.05137463029119,0.0556651830994124,NA,17.3250168835765,4,5,6,2739,"INSUFFICIENT DATA"
"lodo_out_LV_NOT_UF-1","stromal / mesothelial-lineage (unresolved)","LV_UF_vs_SV","THBS3",-1.4422000620788,0.495347964593439,-2.47386301262161,-0.410537111535986,-2.91148882233219,0.00848302403649995,NA,20.5004930472381,4,5,6,2739,"PASS"
"lodo_out_LV_NOT_UF-1","stromal / mesothelial-lineage (unresolved)","LV_UF_vs_SV","COL3A1",-0.826987823344352,0.81238128155892,-2.53174623133864,0.877770584649933,-1.01797990933199,0.321959289380543,NA,18.298168598442,4,5,6,2739,"PASS"
"lodo_out_LV_NOT_UF-1","stromal / mesothelial-lineage (unresolved)","LV_UF_vs_SV","FN1",-1.17234745735846,0.899541603331288,-3.06046617183399,0.715771257117078,-1.30327208104315,0.208697968220764,NA,18.2355194359049,4,5,6,2739,"PASS"
"lodo_out_LV_NOT_UF-1","stromal / mesothelial-lineage (unresolved)","LV_UF_vs_SV","COL8A1",-2.11734952593846,0.705059162835241,-3.59719023891098,-0.637508812965933,-3.00308064563547,0.00755069521756347,NA,18.2465927740019,4,5,6,2739,"PASS"
"lodo_out_LV_NOT_UF-1","stromal / mesothelial-lineage (unresolved)","LV_UF_vs_SV","VCAN",0.96923787078491,0.904471364734755,-0.928377602552304,2.86685334412212,1.07160702767981,0.297787488092935,NA,18.3518898402935,4,5,6,2739,"PASS"
"lodo_out_LV_NOT_UF-1","stromal / mesothelial-lineage (unresolved)","LV_UF_vs_SV","EDIL3",1.3757360229542,1.0424855185117,-0.765004876889805,3.5164769227982,1.31966919302463,0.198216744192851,NA,26.5396788028794,4,5,6,2739,"PASS"
"lodo_out_LV_NOT_UF-1","stromal / mesothelial-lineage (unresolved)","LV_UF_vs_SV","LOX",-1.52574961377738,0.794845184727841,-3.19233493921317,0.140835711658418,-1.91955571109083,0.0704588593783025,NA,18.514875311111,4,5,6,2739,"PASS"
"lodo_out_LV_NOT_UF-1","stromal / mesothelial-lineage (unresolved)","LV_UF_vs_SV","INHBA",2.54260304426046,0.754106651634672,0.971027023564037,4.11417906495687,3.37167566251918,0.00298696719833387,NA,20.2946642758955,4,5,6,2739,"PASS"
"lodo_out_LV_NOT_UF-1","stromal / mesothelial-lineage (unresolved)","LV_UF_vs_SV","ISM1",0.782265415122275,1.67696865137954,-2.70316109445145,4.267691924696,0.466475872687754,0.645632389893202,NA,21.201866605318,4,5,6,2739,"INSUFFICIENT DATA"
"lodo_out_LV_NOT_UF-1","stromal / mesothelial-lineage (unresolved)","LV_UF_vs_SV","COMP",-2.30137986484559,1.91344692345649,-6.32467933119813,1.72191960150694,-1.20274037217,0.244834844543037,NA,17.7965517620997,4,5,6,2739,"PASS"
"lodo_out_LV_NOT_UF-1","stromal / mesothelial-lineage (unresolved)","LV_NOT_UF_vs_SV","COL11A1",-2.76624931174453,1.32936068032138,-5.56695243007903,0.03445380658997,-2.0808869652108,0.0525801756336064,NA,17.3250168835765,4,5,6,2739,"INSUFFICIENT DATA"
"lodo_out_LV_NOT_UF-1","stromal / mesothelial-lineage (unresolved)","LV_NOT_UF_vs_SV","THBS3",-0.632253148389839,0.463656832616594,-1.59791286674392,0.333406569964246,-1.36362305893734,0.187473987380022,NA,20.5004930472381,4,5,6,2739,"PASS"
"lodo_out_LV_NOT_UF-1","stromal / mesothelial-lineage (unresolved)","LV_NOT_UF_vs_SV","COL3A1",-0.631367809728328,0.752281254865962,-2.21000806587538,0.94727244641872,-0.839270958360942,0.412148368998562,NA,18.298168598442,4,5,6,2739,"PASS"
"lodo_out_LV_NOT_UF-1","stromal / mesothelial-lineage (unresolved)","LV_NOT_UF_vs_SV","FN1",-0.597217806380168,0.820030638890671,-2.31844469571903,1.12400908295869,-0.728287185937441,0.475686885893662,NA,18.2355194359049,4,5,6,2739,"PASS"
"lodo_out_LV_NOT_UF-1","stromal / mesothelial-lineage (unresolved)","LV_NOT_UF_vs_SV","COL8A1",-0.500280568040026,0.598054173929234,-1.75552971845841,0.754968582378356,-0.836513797325696,0.413687515758223,NA,18.2465927740019,4,5,6,2739,"PASS"
"lodo_out_LV_NOT_UF-1","stromal / mesothelial-lineage (unresolved)","LV_NOT_UF_vs_SV","VCAN",0.105603317053919,0.894579455647254,-1.77125855315425,1.98246518726209,0.118048001647335,0.907312097032933,NA,18.3518898402935,4,5,6,2739,"PASS"
"lodo_out_LV_NOT_UF-1","stromal / mesothelial-lineage (unresolved)","LV_NOT_UF_vs_SV","EDIL3",1.37275324063531,1.01604507519301,-0.71369228779373,3.45919876906434,1.3510751384475,0.188077893034026,NA,26.5396788028794,4,5,6,2739,"PASS"
"lodo_out_LV_NOT_UF-1","stromal / mesothelial-lineage (unresolved)","LV_NOT_UF_vs_SV","LOX",-1.40228109354461,0.738599320466274,-2.95093335000562,0.146371162916404,-1.89856807972604,0.0733205208888777,NA,18.514875311111,4,5,6,2739,"PASS"
"lodo_out_LV_NOT_UF-1","stromal / mesothelial-lineage (unresolved)","LV_NOT_UF_vs_SV","INHBA",0.615467116943268,0.821378830221558,-1.09630570814147,2.32723994202801,0.749309690362062,0.462268306058823,NA,20.2946642758955,4,5,6,2739,"PASS"
"lodo_out_LV_NOT_UF-1","stromal / mesothelial-lineage (unresolved)","LV_NOT_UF_vs_SV","ISM1",0.266557607978153,1.63293064835498,-3.1273399257592,3.66045514171551,0.163238780683481,0.871876402801175,NA,21.201866605318,4,5,6,2739,"INSUFFICIENT DATA"
"lodo_out_LV_NOT_UF-1","stromal / mesothelial-lineage (unresolved)","LV_NOT_UF_vs_SV","COMP",-4.12219700636541,2.5556445793078,-9.4958101158119,1.25141610308107,-1.6129774225029,0.124340708287076,NA,17.7965517620997,4,5,6,2739,"PASS"
"lodo_out_LV_NOT_UF-2","stromal / mesothelial-lineage (unresolved)","LV_UF_vs_LV_NOT_UF","COL11A1",-1.18309645730584,1.80357473156609,-4.96877703638836,2.60258412177667,-0.655973072032636,0.520033587973481,NA,18.2344610186082,4,5,6,3321,"INSUFFICIENT DATA"
"lodo_out_LV_NOT_UF-2","stromal / mesothelial-lineage (unresolved)","LV_UF_vs_LV_NOT_UF","THBS3",-1.52247960698126,0.623788060220667,-2.82704459840805,-0.217914615554469,-2.44070014171589,0.0244970173961854,NA,19.2261002285996,4,5,6,3321,"PASS"
"lodo_out_LV_NOT_UF-2","stromal / mesothelial-lineage (unresolved)","LV_UF_vs_LV_NOT_UF","COL3A1",-1.95059280909422,1.11737887396817,-4.29747028805771,0.396284669869268,-1.74568613613307,0.0978457082910845,NA,18.0696492440659,4,5,6,3321,"PASS"
"lodo_out_LV_NOT_UF-2","stromal / mesothelial-lineage (unresolved)","LV_UF_vs_LV_NOT_UF","FN1",-2.98134678062593,1.33269517387188,-5.78077148579404,-0.181922075457806,-2.23708079617653,0.0381408555130418,NA,18.0417146655622,4,5,6,3321,"PASS"
"lodo_out_LV_NOT_UF-2","stromal / mesothelial-lineage (unresolved)","LV_UF_vs_LV_NOT_UF","COL8A1",-2.68983519808857,0.8942928897313,-4.56851376144065,-0.81115663473649,-3.00777880376166,0.0075491152789548,NA,18.0215566760021,4,5,6,3321,"PASS"
"lodo_out_LV_NOT_UF-2","stromal / mesothelial-lineage (unresolved)","LV_UF_vs_LV_NOT_UF","VCAN",-0.615650121157358,1.12233353857815,-2.97370226660244,1.74240202428773,-0.548544706181824,0.590062233402564,NA,17.987561811963,4,5,6,3321,"PASS"
"lodo_out_LV_NOT_UF-2","stromal / mesothelial-lineage (unresolved)","LV_UF_vs_LV_NOT_UF","EDIL3",-2.77619587806883,1.2010211916392,-5.26939080372208,-0.283000952415575,-2.31152946958394,0.0307262937096212,NA,21.6363522671447,4,5,6,3321,"PASS"
"lodo_out_LV_NOT_UF-2","stromal / mesothelial-lineage (unresolved)","LV_UF_vs_LV_NOT_UF","LOX",-1.75072633142594,1.03693074748721,-3.92936274584942,0.427910082997548,-1.68837343831154,0.108602423328292,NA,17.9855168665039,4,5,6,3321,"PASS"
"lodo_out_LV_NOT_UF-2","stromal / mesothelial-lineage (unresolved)","LV_UF_vs_LV_NOT_UF","INHBA",1.08890399843776,0.867870752707775,-0.728215824910829,2.90602382178635,1.25468451960197,0.224887165814074,NA,18.9008030734159,4,5,6,3321,"PASS"
"lodo_out_LV_NOT_UF-2","stromal / mesothelial-lineage (unresolved)","LV_UF_vs_LV_NOT_UF","ISM1",-1.58485776733392,1.43174410674061,-4.52135306907039,1.35163753440256,-1.10694205750347,0.277999413693084,NA,27.2380678602654,4,5,6,3321,"INSUFFICIENT DATA"
"lodo_out_LV_NOT_UF-2","stromal / mesothelial-lineage (unresolved)","LV_UF_vs_LV_NOT_UF","COMP",-4.30761033568015,1.79249630504519,-8.02623654978648,-0.588984121573819,-2.40313484806405,0.0251794138356581,NA,21.8765733589352,4,5,6,3321,"PASS"
"lodo_out_LV_NOT_UF-2","stromal / mesothelial-lineage (unresolved)","LV_UF_vs_SV","COL11A1",-3.03200279862817,1.48659820497048,-6.15235365238453,0.0883480551281939,-2.03955768848005,0.0561541914727497,NA,18.2344610186082,4,5,6,3321,"INSUFFICIENT DATA"
"lodo_out_LV_NOT_UF-2","stromal / mesothelial-lineage (unresolved)","LV_UF_vs_SV","THBS3",-1.3898128135612,0.5864811542515,-2.61635565841371,-0.163269968708699,-2.36974846248037,0.0284073510170298,NA,19.2261002285996,4,5,6,3321,"PASS"
"lodo_out_LV_NOT_UF-2","stromal / mesothelial-lineage (unresolved)","LV_UF_vs_SV","COL3A1",-0.789524605706776,1.04304398723759,-2.98027341995894,1.40122420854538,-0.756942770743313,0.458841113058409,NA,18.0696492440659,4,5,6,3321,"PASS"
"lodo_out_LV_NOT_UF-2","stromal / mesothelial-lineage (unresolved)","LV_UF_vs_SV","FN1",-1.13203257716981,1.21268822506804,-3.67937381729672,1.41530866295711,-0.933490202814735,0.362892860402395,NA,18.0417146655622,4,5,6,3321,"PASS"
"lodo_out_LV_NOT_UF-2","stromal / mesothelial-lineage (unresolved)","LV_UF_vs_SV","COL8A1",-2.06784355871309,0.858056009257389,-3.87039778815758,-0.265289329268602,-2.40991676114794,0.0268598457432867,NA,18.0215566760021,4,5,6,3321,"PASS"
"lodo_out_LV_NOT_UF-2","stromal / mesothelial-lineage (unresolved)","LV_UF_vs_SV","VCAN",1.02966254579989,1.066798147151,-1.21170828842925,3.27103338002903,0.965189664558116,0.347248065623453,NA,17.987561811963,4,5,6,3321,"PASS"
"lodo_out_LV_NOT_UF-2","stromal / mesothelial-lineage (unresolved)","LV_UF_vs_SV","EDIL3",1.44683446388502,1.28317490444941,-1.21690301449575,4.11057194226579,1.12754267471107,0.271862450591072,NA,21.6363522671447,4,5,6,3321,"PASS"
"lodo_out_LV_NOT_UF-2","stromal / mesothelial-lineage (unresolved)","LV_UF_vs_SV","LOX",-1.462851178863,1.00460072897972,-3.5735608240494,0.647858466323402,-1.45615181899049,0.162586109239671,NA,17.9855168665039,4,5,6,3321,"PASS"
"lodo_out_LV_NOT_UF-2","stromal / mesothelial-lineage (unresolved)","LV_UF_vs_SV","INHBA",2.54325365293225,0.830572846037419,0.804226985008766,4.28228032085573,3.0620476759695,0.00644280335654168,NA,18.9008030734159,4,5,6,3321,"PASS"
"lodo_out_LV_NOT_UF-2","stromal / mesothelial-lineage (unresolved)","LV_UF_vs_SV","ISM1",0.815719668906214,1.49909266777475,-2.25890697356662,3.89034631137904,0.544142257807894,0.59077055795384,NA,27.2380678602654,4,5,6,3321,"INSUFFICIENT DATA"
"lodo_out_LV_NOT_UF-2","stromal / mesothelial-lineage (unresolved)","LV_UF_vs_SV","COMP",-2.28131069450299,1.84846278212111,-6.11604225743483,1.55342086842884,-1.23416642010243,0.230235154531349,NA,21.8765733589352,4,5,6,3321,"PASS"
"lodo_out_LV_NOT_UF-2","stromal / mesothelial-lineage (unresolved)","LV_NOT_UF_vs_SV","COL11A1",-1.84890634132233,1.1156679073078,-4.1906791858184,0.492866503173748,-1.65721925782009,0.114580215141539,NA,18.2344610186082,4,5,6,3321,"INSUFFICIENT DATA"
"lodo_out_LV_NOT_UF-2","stromal / mesothelial-lineage (unresolved)","LV_NOT_UF_vs_SV","THBS3",0.132666793420056,0.500869042943438,-0.914830362075841,1.18016394891595,0.264873214444274,0.793926047310771,NA,19.2261002285996,4,5,6,3321,"PASS"
"lodo_out_LV_NOT_UF-2","stromal / mesothelial-lineage (unresolved)","LV_NOT_UF_vs_SV","COL3A1",1.16106820338744,0.947461608643025,-0.828924952300383,3.15106135907527,1.22545145132619,0.236138690612022,NA,18.0696492440659,4,5,6,3321,"PASS"
"lodo_out_LV_NOT_UF-2","stromal / mesothelial-lineage (unresolved)","LV_NOT_UF_vs_SV","FN1",1.84931420345612,1.08328418087284,-0.426204278270421,4.12483268518266,1.70713672008583,0.104948143261364,NA,18.0417146655622,4,5,6,3321,"PASS"
"lodo_out_LV_NOT_UF-2","stromal / mesothelial-lineage (unresolved)","LV_NOT_UF_vs_SV","COL8A1",0.621991639375478,0.692287607158466,-0.832325958557891,2.07630923730885,0.898458433957064,0.380788750997912,NA,18.0215566760021,4,5,6,3321,"PASS"
"lodo_out_LV_NOT_UF-2","stromal / mesothelial-lineage (unresolved)","LV_NOT_UF_vs_SV","VCAN",1.64531266695725,0.99834759680003,-0.452241769058864,3.74286710297336,1.64803588673015,0.116701702292295,NA,17.987561811963,4,5,6,3321,"PASS"
"lodo_out_LV_NOT_UF-2","stromal / mesothelial-lineage (unresolved)","LV_NOT_UF_vs_SV","EDIL3",4.22303034195385,1.02177644845199,2.10192883752861,6.34413184637909,4.13302767777807,0.000448733357393606,NA,21.6363522671447,4,5,6,3321,"PASS"
"lodo_out_LV_NOT_UF-2","stromal / mesothelial-lineage (unresolved)","LV_NOT_UF_vs_SV","LOX",0.287875152562938,0.840421655200948,-1.4778871473089,2.05363745243478,0.342536571709479,0.735917711849811,NA,17.9855168665039,4,5,6,3321,"PASS"
"lodo_out_LV_NOT_UF-2","stromal / mesothelial-lineage (unresolved)","LV_NOT_UF_vs_SV","INHBA",1.45434965449449,0.834583205943667,-0.29307377580596,3.20177308479494,1.74260594286708,0.0976501787926057,NA,18.9008030734159,4,5,6,3321,"PASS"
"lodo_out_LV_NOT_UF-2","stromal / mesothelial-lineage (unresolved)","LV_NOT_UF_vs_SV","ISM1",2.40057743624013,1.16502395895548,0.0111229479856934,4.79003192449457,2.06053911405599,0.0490150483846399,NA,27.2380678602654,4,5,6,3321,"INSUFFICIENT DATA"
"lodo_out_LV_NOT_UF-2","stromal / mesothelial-lineage (unresolved)","LV_NOT_UF_vs_SV","COMP",2.02629964117716,1.17044494905021,-0.401848889704605,4.45444817205892,1.73122165448401,0.0974934726398172,NA,21.8765733589352,4,5,6,3321,"PASS"
"lodo_out_LV_NOT_UF-3","stromal / mesothelial-lineage (unresolved)","LV_UF_vs_LV_NOT_UF","COL11A1",-0.946366540332387,1.73519666509826,-4.59114879412264,2.69841571345787,-0.545394397861408,0.592158675754739,NA,18.0504817721552,4,5,6,3630,"INSUFFICIENT DATA"
"lodo_out_LV_NOT_UF-3","stromal / mesothelial-lineage (unresolved)","LV_UF_vs_LV_NOT_UF","THBS3",-1.54253747102982,0.605224026576236,-2.81019232783731,-0.274882614222328,-2.54870494774635,0.0197154291286247,NA,18.8013658706831,4,5,6,3630,"PASS"
"lodo_out_LV_NOT_UF-3","stromal / mesothelial-lineage (unresolved)","LV_UF_vs_LV_NOT_UF","COL3A1",-2.07744484766162,1.15123621132502,-4.51987905395173,0.364989358628484,-1.80453396724776,0.090185746029,NA,15.8465215857313,4,5,6,3630,"PASS"
"lodo_out_LV_NOT_UF-3","stromal / mesothelial-lineage (unresolved)","LV_UF_vs_LV_NOT_UF","FN1",-3.10046599424883,1.31296798190091,-5.88641619744359,-0.314515791054061,-2.36141782357859,0.0313812520876537,NA,15.8195608180485,4,5,6,3630,"PASS"
"lodo_out_LV_NOT_UF-3","stromal / mesothelial-lineage (unresolved)","LV_UF_vs_LV_NOT_UF","COL8A1",-2.65082564210395,0.906866425926757,-4.56301635954413,-0.738634924663781,-2.92306073564802,0.00942991109197733,NA,17.1329283911387,4,5,6,3630,"PASS"
"lodo_out_LV_NOT_UF-3","stromal / mesothelial-lineage (unresolved)","LV_UF_vs_LV_NOT_UF","VCAN",-0.74051988596371,1.14993926945411,-3.18115309147647,1.70011331954905,-0.643964342843291,0.528852911758491,NA,15.7717147911656,4,5,6,3630,"PASS"
"lodo_out_LV_NOT_UF-3","stromal / mesothelial-lineage (unresolved)","LV_UF_vs_LV_NOT_UF","EDIL3",-2.62027606006725,1.26219095869744,-5.2464821470429,0.00593002690840594,-2.07597435396885,0.050473584770682,NA,20.8259611782547,4,5,6,3630,"PASS"
"lodo_out_LV_NOT_UF-3","stromal / mesothelial-lineage (unresolved)","LV_UF_vs_LV_NOT_UF","LOX",-1.79217941940874,1.05553842629978,-4.02576625725051,0.441407418433038,-1.69788173955095,0.108460850318602,NA,16.3654966897061,4,5,6,3630,"PASS"
"lodo_out_LV_NOT_UF-3","stromal / mesothelial-lineage (unresolved)","LV_UF_vs_LV_NOT_UF","INHBA",1.02671754504047,0.854794852842147,-0.769537503038034,2.82297259311897,1.20112743031464,0.245316376992628,NA,17.944571417903,4,5,6,3630,"PASS"
"lodo_out_LV_NOT_UF-3","stromal / mesothelial-lineage (unresolved)","LV_UF_vs_LV_NOT_UF","ISM1",-1.02783691102519,1.4886064584013,-4.09977249873534,2.04409867668495,-0.690469200388293,0.496507000015391,NA,24.0587748996946,4,5,6,3630,"INSUFFICIENT DATA"
"lodo_out_LV_NOT_UF-3","stromal / mesothelial-lineage (unresolved)","LV_UF_vs_LV_NOT_UF","COMP",-4.0924445961723,2.00811843020108,-8.27453250120929,0.0896433088646882,-2.03794982139699,0.0546543518712012,NA,20.5183583200408,4,5,6,3630,"PASS"
"lodo_out_LV_NOT_UF-3","stromal / mesothelial-lineage (unresolved)","LV_UF_vs_SV","COL11A1",-3.06177110710481,1.47211240290492,-6.15394461666405,0.0304024024544303,-2.07984872694709,0.0520619170252013,NA,18.0504817721552,4,5,6,3630,"INSUFFICIENT DATA"
"lodo_out_LV_NOT_UF-3","stromal / mesothelial-lineage (unresolved)","LV_UF_vs_SV","THBS3",-1.40456063818943,0.578927530377191,-2.61713691308352,-0.191984363295346,-2.42614241764304,0.0254991928013011,NA,18.8013658706831,4,5,6,3630,"PASS"
"lodo_out_LV_NOT_UF-3","stromal / mesothelial-lineage (unresolved)","LV_UF_vs_SV","COL3A1",-0.810028826407145,1.07004532199877,-3.08021045466088,1.46015280184659,-0.757004221927787,0.460155690489846,NA,15.8465215857313,4,5,6,3630,"PASS"
"lodo_out_LV_NOT_UF-3","stromal / mesothelial-lineage (unresolved)","LV_UF_vs_SV","FN1",-1.14812335120603,1.18911535128928,-3.6712741059945,1.37502740358244,-0.965527314033239,0.34881011319067,NA,15.8195608180485,4,5,6,3630,"PASS"
"lodo_out_LV_NOT_UF-3","stromal / mesothelial-lineage (unresolved)","LV_UF_vs_SV","COL8A1",-2.0881517309411,0.873581319336848,-3.93015849401866,-0.246144967863538,-2.39033468861978,0.0285826331391112,NA,17.1329283911387,4,5,6,3630,"PASS"
"lodo_out_LV_NOT_UF-3","stromal / mesothelial-lineage (unresolved)","LV_UF_vs_SV","VCAN",1.00382429917817,1.09360323473571,-1.31724120336718,3.32488980172352,0.917905385878603,0.372492811677045,NA,15.7717147911656,4,5,6,3630,"PASS"
"lodo_out_LV_NOT_UF-3","stromal / mesothelial-lineage (unresolved)","LV_UF_vs_SV","EDIL3",1.42764211199688,1.3578860146353,-1.39767405152125,4.25295827551501,1.05137109934836,0.305135415576628,NA,20.8259611782547,4,5,6,3630,"PASS"
"lodo_out_LV_NOT_UF-3","stromal / mesothelial-lineage (unresolved)","LV_UF_vs_SV","LOX",-1.48667170498964,1.0248128430657,-3.65524124304705,0.681897833067768,-1.45067630157943,0.165767065099893,NA,16.3654966897061,4,5,6,3630,"PASS"
"lodo_out_LV_NOT_UF-3","stromal / mesothelial-lineage (unresolved)","LV_UF_vs_SV","INHBA",2.54089821822222,0.836217365082595,0.783681666992126,4.29811476945232,3.03856189110741,0.00708478949668546,NA,17.944571417903,4,5,6,3630,"PASS"
"lodo_out_LV_NOT_UF-3","stromal / mesothelial-lineage (unresolved)","LV_UF_vs_SV","ISM1",0.81850055604362,1.63419148858393,-2.55386892588472,4.19087003797196,0.500859637173165,0.621021469215683,NA,24.0587748996946,4,5,6,3630,"INSUFFICIENT DATA"
"lodo_out_LV_NOT_UF-3","stromal / mesothelial-lineage (unresolved)","LV_UF_vs_SV","COMP",-2.2967734555062,2.078746198691,-6.62595006403756,2.03240315302517,-1.10488401948852,0.281998216774376,NA,20.5183583200408,4,5,6,3630,"PASS"
"lodo_out_LV_NOT_UF-3","stromal / mesothelial-lineage (unresolved)","LV_NOT_UF_vs_SV","COL11A1",-2.11540456677242,0.931400655258767,-4.07181253351061,-0.158996600034235,-2.27120794346522,0.0356047128027352,NA,18.0504817721552,4,5,6,3630,"INSUFFICIENT DATA"
"lodo_out_LV_NOT_UF-3","stromal / mesothelial-lineage (unresolved)","LV_NOT_UF_vs_SV","THBS3",0.137976832840385,0.48093491277996,-0.869351778091767,1.14530544377254,0.286892943668476,0.777332093613661,NA,18.8013658706831,4,5,6,3630,"PASS"
"lodo_out_LV_NOT_UF-3","stromal / mesothelial-lineage (unresolved)","LV_NOT_UF_vs_SV","COL3A1",1.26741602125448,0.972328817511501,-0.795452693514626,3.33028473602358,1.30348499234878,0.211029953168378,NA,15.8465215857313,4,5,6,3630,"PASS"
"lodo_out_LV_NOT_UF-3","stromal / mesothelial-lineage (unresolved)","LV_NOT_UF_vs_SV","FN1",1.9523426430428,1.06408015142243,-0.305499402563578,4.21018468864917,1.83477028533327,0.0854150057764924,NA,15.8195608180485,4,5,6,3630,"PASS"
"lodo_out_LV_NOT_UF-3","stromal / mesothelial-lineage (unresolved)","LV_NOT_UF_vs_SV","COL8A1",0.562673911162858,0.701520543140695,-0.916530779115938,2.04187860144165,0.802077596535914,0.433493057980353,NA,17.1329283911387,4,5,6,3630,"PASS"
"lodo_out_LV_NOT_UF-3","stromal / mesothelial-lineage (unresolved)","LV_NOT_UF_vs_SV","VCAN",1.74434418514188,1.0215026991767,-0.423695009062774,3.91238337934653,1.70762562502063,0.107310555517606,NA,15.7717147911656,4,5,6,3630,"PASS"
"lodo_out_LV_NOT_UF-3","stromal / mesothelial-lineage (unresolved)","LV_NOT_UF_vs_SV","EDIL3",4.04791817206413,1.07197701330162,1.81748502085859,6.27835132326967,3.77612404168707,0.00112112906866855,NA,20.8259611782547,4,5,6,3630,"PASS"
"lodo_out_LV_NOT_UF-3","stromal / mesothelial-lineage (unresolved)","LV_NOT_UF_vs_SV","LOX",0.305507714419098,0.853011233205948,-1.49951862621256,2.11053405505076,0.358152041293619,0.724807391552084,NA,16.3654966897061,4,5,6,3630,"PASS"
"lodo_out_LV_NOT_UF-3","stromal / mesothelial-lineage (unresolved)","LV_NOT_UF_vs_SV","INHBA",1.51418067318175,0.82243448025823,-0.214072698917664,3.24243404528117,1.84109580705606,0.0822022975039173,NA,17.944571417903,4,5,6,3630,"PASS"
"lodo_out_LV_NOT_UF-3","stromal / mesothelial-lineage (unresolved)","LV_NOT_UF_vs_SV","ISM1",1.84633746706881,1.18340861972254,-0.595782163147514,4.28845709728514,1.56018592082057,0.131774858284363,NA,24.0587748996946,4,5,6,3630,"INSUFFICIENT DATA"
"lodo_out_LV_NOT_UF-3","stromal / mesothelial-lineage (unresolved)","LV_NOT_UF_vs_SV","COMP",1.7956711406661,1.30215033955634,-0.91617448740926,4.50751676874147,1.37900447138686,0.1827416685998,NA,20.5183583200408,4,5,6,3630,"PASS"
"lodo_out_LV_NOT_UF-4","stromal / mesothelial-lineage (unresolved)","LV_UF_vs_LV_NOT_UF","COL11A1",-1.03459873153827,1.7108677257055,-4.63041354754442,2.56121608446788,-0.604721636859237,0.552952457958232,NA,17.9017118699909,4,5,6,3653,"INSUFFICIENT DATA"
"lodo_out_LV_NOT_UF-4","stromal / mesothelial-lineage (unresolved)","LV_UF_vs_LV_NOT_UF","THBS3",-1.667510454015,0.55020930724152,-2.82372743560801,-0.511293472421994,-3.03068383625694,0.00720836094861956,NA,17.9415223231483,4,5,6,3653,"PASS"
"lodo_out_LV_NOT_UF-4","stromal / mesothelial-lineage (unresolved)","LV_UF_vs_LV_NOT_UF","COL3A1",-2.187188459177,1.06013273156499,-4.4211088895047,0.0467319711507042,-2.06312699726593,0.0544577771907606,NA,17.2806698836975,4,5,6,3653,"PASS"
"lodo_out_LV_NOT_UF-4","stromal / mesothelial-lineage (unresolved)","LV_UF_vs_LV_NOT_UF","FN1",-3.1823685712004,1.25901268216517,-5.83565976711651,-0.529077375284293,-2.5276699879842,0.0215157590896894,NA,17.2555367590118,4,5,6,3653,"PASS"
"lodo_out_LV_NOT_UF-4","stromal / mesothelial-lineage (unresolved)","LV_UF_vs_LV_NOT_UF","COL8A1",-2.80700136947226,0.893399341295421,-4.68982630026819,-0.924176438676337,-3.14193355616553,0.00586381690851042,NA,17.2505031791893,4,5,6,3653,"PASS"
"lodo_out_LV_NOT_UF-4","stromal / mesothelial-lineage (unresolved)","LV_UF_vs_LV_NOT_UF","VCAN",-0.824161320426425,1.08399720870291,-3.10897240274776,1.46064976189491,-0.760298378823874,0.457360714869352,NA,17.2199360402253,4,5,6,3653,"PASS"
"lodo_out_LV_NOT_UF-4","stromal / mesothelial-lineage (unresolved)","LV_UF_vs_LV_NOT_UF","EDIL3",-2.71595714149909,1.24325018802772,-5.30395792881182,-0.127956354186354,-2.18456201949799,0.0405916081342826,NA,20.6693823361895,4,5,6,3653,"PASS"
"lodo_out_LV_NOT_UF-4","stromal / mesothelial-lineage (unresolved)","LV_UF_vs_LV_NOT_UF","LOX",-1.89507428335882,0.998406153787395,-3.99952674066832,0.209378173950674,-1.89809956215712,0.0745809435728648,NA,17.2147995409802,4,5,6,3653,"PASS"
"lodo_out_LV_NOT_UF-4","stromal / mesothelial-lineage (unresolved)","LV_UF_vs_LV_NOT_UF","INHBA",1.02794774710982,0.855846443828732,-0.772678811340194,2.82857430555984,1.20108899735702,0.245587518108885,NA,17.6499051210872,4,5,6,3653,"PASS"
"lodo_out_LV_NOT_UF-4","stromal / mesothelial-lineage (unresolved)","LV_UF_vs_LV_NOT_UF","ISM1",-1.09796805983756,1.4537331877201,-4.0920326653754,1.89609654570028,-0.755274811851484,0.45714337439182,NA,24.9925820269823,4,5,6,3653,"INSUFFICIENT DATA"
"lodo_out_LV_NOT_UF-4","stromal / mesothelial-lineage (unresolved)","LV_UF_vs_LV_NOT_UF","COMP",-4.04476480389801,2.0404516248296,-8.29310661593444,0.203577008138427,-1.98228899655281,0.0609428183874361,NA,20.6025184215365,4,5,6,3653,"PASS"
"lodo_out_LV_NOT_UF-4","stromal / mesothelial-lineage (unresolved)","LV_UF_vs_SV","COL11A1",-3.14390220874425,1.45521116102713,-6.20239105310019,-0.0854133643883097,-2.16044399118351,0.0445468114503869,NA,17.9017118699909,4,5,6,3653,"INSUFFICIENT DATA"
"lodo_out_LV_NOT_UF-4","stromal / mesothelial-lineage (unresolved)","LV_UF_vs_SV","THBS3",-1.47389223677669,0.529351153562476,-2.58627762342759,-0.361506850125793,-2.7843374418995,0.0122667030623379,NA,17.9415223231483,4,5,6,3653,"PASS"
"lodo_out_LV_NOT_UF-4","stromal / mesothelial-lineage (unresolved)","LV_UF_vs_SV","COL3A1",-0.856534373141363,0.982637484701519,-2.92715618050698,1.21408743422426,-0.871668734886029,0.395338551730474,NA,17.2806698836975,4,5,6,3653,"PASS"
"lodo_out_LV_NOT_UF-4","stromal / mesothelial-lineage (unresolved)","LV_UF_vs_SV","FN1",-1.20673856885716,1.1390447830345,-3.60720485278863,1.1937277150743,-1.05943031110886,0.304009198628741,NA,17.2555367590118,4,5,6,3653,"PASS"
"lodo_out_LV_NOT_UF-4","stromal / mesothelial-lineage (unresolved)","LV_UF_vs_SV","COL8A1",-2.13483813586926,0.85953197331854,-3.94628812623278,-0.323388145505742,-2.48372160912983,0.0235542049576582,NA,17.2505031791893,4,5,6,3653,"PASS"
"lodo_out_LV_NOT_UF-4","stromal / mesothelial-lineage (unresolved)","LV_UF_vs_SV","VCAN",0.938381662634597,1.03240043036232,-1.23767555019502,3.11443887546422,0.908931878597995,0.375932409788466,NA,17.2199360402253,4,5,6,3653,"PASS"
"lodo_out_LV_NOT_UF-4","stromal / mesothelial-lineage (unresolved)","LV_UF_vs_SV","EDIL3",1.36062673710947,1.3470531742602,-1.44345462085756,4.1647080950765,1.01007648629514,0.324137682447264,NA,20.6693823361895,4,5,6,3653,"PASS"
"lodo_out_LV_NOT_UF-4","stromal / mesothelial-lineage (unresolved)","LV_UF_vs_SV","LOX",-1.54404184632651,0.9706194021745,-3.58992505554937,0.501841362896344,-1.59077991112413,0.129854581927034,NA,17.2147995409802,4,5,6,3653,"PASS"
"lodo_out_LV_NOT_UF-4","stromal / mesothelial-lineage (unresolved)","LV_UF_vs_SV","INHBA",2.50173035821539,0.852149164331025,0.708882554594097,4.29457816183667,2.9357892525534,0.00896836245373101,NA,17.6499051210872,4,5,6,3653,"PASS"
"lodo_out_LV_NOT_UF-4","stromal / mesothelial-lineage (unresolved)","LV_UF_vs_SV","ISM1",0.758710494373602,1.60737716926515,-2.55179457691393,4.06921556566113,0.472017712383252,0.641009418546225,NA,24.9925820269823,4,5,6,3653,"INSUFFICIENT DATA"
"lodo_out_LV_NOT_UF-4","stromal / mesothelial-lineage (unresolved)","LV_UF_vs_SV","COMP",-2.36383719066817,2.13257096633561,-6.80397695834098,2.07630257700464,-1.1084447964374,0.280442340146494,NA,20.6025184215365,4,5,6,3653,"PASS"
"lodo_out_LV_NOT_UF-4","stromal / mesothelial-lineage (unresolved)","LV_NOT_UF_vs_SV","COL11A1",-2.10930347720598,0.911058568832725,-4.02412006462344,-0.19448688978852,-2.3152226973821,0.0326765906770155,NA,17.9017118699909,4,5,6,3653,"INSUFFICIENT DATA"
"lodo_out_LV_NOT_UF-4","stromal / mesothelial-lineage (unresolved)","LV_NOT_UF_vs_SV","THBS3",0.193618217238308,0.432357645123237,-0.714943751513729,1.10218018599034,0.447819575812335,0.659643650566042,NA,17.9415223231483,4,5,6,3653,"PASS"
"lodo_out_LV_NOT_UF-4","stromal / mesothelial-lineage (unresolved)","LV_NOT_UF_vs_SV","COL3A1",1.33065408603563,0.891716688760703,-0.548378670689122,3.20968684276039,1.49223862557172,0.153667837702063,NA,17.2806698836975,4,5,6,3653,"PASS"
"lodo_out_LV_NOT_UF-4","stromal / mesothelial-lineage (unresolved)","LV_NOT_UF_vs_SV","FN1",1.97563000234324,1.01653739240223,-0.166659548657886,4.11791955334436,1.94348974972237,0.0684512623666492,NA,17.2555367590118,4,5,6,3653,"PASS"
"lodo_out_LV_NOT_UF-4","stromal / mesothelial-lineage (unresolved)","LV_NOT_UF_vs_SV","COL8A1",0.672163233603,0.684474587962886,-0.770356095820413,2.11468256302641,0.982013423761244,0.339666447392619,NA,17.2505031791893,4,5,6,3653,"PASS"
"lodo_out_LV_NOT_UF-4","stromal / mesothelial-lineage (unresolved)","LV_NOT_UF_vs_SV","VCAN",1.76254298306102,0.960587949506143,-0.26215041555223,3.78723638167427,1.83485851968805,0.0838622585195092,NA,17.2199360402253,4,5,6,3653,"PASS"
"lodo_out_LV_NOT_UF-4","stromal / mesothelial-lineage (unresolved)","LV_NOT_UF_vs_SV","EDIL3",4.07658387860856,1.05231151441742,1.88604889696427,6.26711886025284,3.87393259767324,0.000898867760400143,NA,20.6693823361895,4,5,6,3653,"PASS"
"lodo_out_LV_NOT_UF-4","stromal / mesothelial-lineage (unresolved)","LV_NOT_UF_vs_SV","LOX",0.351032437032312,0.800944628224179,-1.33720825002794,2.03927312409256,0.438273039936115,0.666638523937623,NA,17.2147995409802,4,5,6,3653,"PASS"
"lodo_out_LV_NOT_UF-4","stromal / mesothelial-lineage (unresolved)","LV_NOT_UF_vs_SV","INHBA",1.47378261110556,0.827231456979792,-0.266640501198912,3.21420572341003,1.78158434216986,0.0920314815712644,NA,17.6499051210872,4,5,6,3653,"PASS"
"lodo_out_LV_NOT_UF-4","stromal / mesothelial-lineage (unresolved)","LV_NOT_UF_vs_SV","ISM1",1.85667855421116,1.15581420047269,-0.523801177176514,4.23715828559884,1.60638150444236,0.120752529071332,NA,24.9925820269823,4,5,6,3653,"INSUFFICIENT DATA"
"lodo_out_LV_NOT_UF-4","stromal / mesothelial-lineage (unresolved)","LV_NOT_UF_vs_SV","COMP",1.68092761322983,1.30361789126146,-1.03328247975747,4.39513770621714,1.28943275824733,0.211536305955371,NA,20.6025184215365,4,5,6,3653,"PASS"
"lodo_out_LV_NOT_UF-5","stromal / mesothelial-lineage (unresolved)","LV_UF_vs_LV_NOT_UF","COL11A1",-0.939726686347739,1.73614232992078,-4.58618508196595,2.70673170927047,-0.541272838149518,0.594929825959525,NA,18.0719952756684,4,5,6,3649,"INSUFFICIENT DATA"
"lodo_out_LV_NOT_UF-5","stromal / mesothelial-lineage (unresolved)","LV_UF_vs_LV_NOT_UF","THBS3",-1.51833012382391,0.603318845600037,-2.78325563432467,-0.25340461332314,-2.51662969737641,0.0212443816242653,NA,18.5314040951003,4,5,6,3649,"PASS"
"lodo_out_LV_NOT_UF-5","stromal / mesothelial-lineage (unresolved)","LV_UF_vs_LV_NOT_UF","COL3A1",-2.03328713516697,1.11526899206903,-4.38078248104468,0.314208210710735,-1.82313607714929,0.085372178887629,NA,17.5410443407401,4,5,6,3649,"PASS"
"lodo_out_LV_NOT_UF-5","stromal / mesothelial-lineage (unresolved)","LV_UF_vs_LV_NOT_UF","FN1",-3.05783590178466,1.3105330758666,-5.81663812309023,-0.299033680479096,-2.3332764033923,0.0317802404853587,NA,17.5150615121803,4,5,6,3649,"PASS"
"lodo_out_LV_NOT_UF-5","stromal / mesothelial-lineage (unresolved)","LV_UF_vs_LV_NOT_UF","COL8A1",-2.73620653395365,0.880090474238057,-4.58900981441504,-0.883403253492263,-3.10900596478167,0.00621420506046159,NA,17.499003164395,4,5,6,3649,"PASS"
"lodo_out_LV_NOT_UF-5","stromal / mesothelial-lineage (unresolved)","LV_UF_vs_LV_NOT_UF","VCAN",-0.625203688946099,1.12283360702456,-2.98931455659613,1.73890717870394,-0.556808849534573,0.584720716424906,NA,17.4715294453559,4,5,6,3649,"PASS"
"lodo_out_LV_NOT_UF-5","stromal / mesothelial-lineage (unresolved)","LV_UF_vs_LV_NOT_UF","EDIL3",-2.65822435587821,1.22316536969182,-5.20123192249672,-0.115216789259687,-2.17323382573196,0.0412959578839703,NA,21.0959214250682,4,5,6,3649,"PASS"
"lodo_out_LV_NOT_UF-5","stromal / mesothelial-lineage (unresolved)","LV_UF_vs_LV_NOT_UF","LOX",-1.75044142099775,1.03423666454847,-3.92803786375389,0.427155021758379,-1.69249600309033,0.108309720976081,NA,17.4687938106013,4,5,6,3649,"PASS"
"lodo_out_LV_NOT_UF-5","stromal / mesothelial-lineage (unresolved)","LV_UF_vs_LV_NOT_UF","INHBA",0.989894676733202,0.812170648625853,-0.715310654966122,2.69510000843253,1.21882596768062,0.238503737779755,NA,18.1637390312675,4,5,6,3649,"PASS"
"lodo_out_LV_NOT_UF-5","stromal / mesothelial-lineage (unresolved)","LV_UF_vs_LV_NOT_UF","ISM1",-1.00790127167368,1.47703736709216,-4.05191540646995,2.0361128631226,-0.68238034739631,0.501353439071583,NA,24.6803916294247,4,5,6,3649,"INSUFFICIENT DATA"
"lodo_out_LV_NOT_UF-5","stromal / mesothelial-lineage (unresolved)","LV_UF_vs_LV_NOT_UF","COMP",-4.05324622041703,1.97699113183204,-8.15990774332044,0.0534153024863748,-2.05020961154286,0.0527907485180715,NA,21.403698391761,4,5,6,3649,"PASS"
"lodo_out_LV_NOT_UF-5","stromal / mesothelial-lineage (unresolved)","LV_UF_vs_SV","COL11A1",-3.0614546022657,1.47162825524301,-6.15234819668933,0.0294389921579254,-2.08031790050142,0.0519965085913322,NA,18.0719952756684,4,5,6,3649,"INSUFFICIENT DATA"
"lodo_out_LV_NOT_UF-5","stromal / mesothelial-lineage (unresolved)","LV_UF_vs_SV","THBS3",-1.40090346455427,0.579930355909769,-2.61679238772304,-0.185014541385501,-2.41564086149034,0.0262248127974913,NA,18.5314040951003,4,5,6,3649,"PASS"
"lodo_out_LV_NOT_UF-5","stromal / mesothelial-lineage (unresolved)","LV_UF_vs_SV","COL3A1",-0.802141460169207,1.03855926339733,-2.98817286118615,1.38388994084774,-0.772359833896474,0.450183284972978,NA,17.5410443407401,4,5,6,3649,"PASS"
"lodo_out_LV_NOT_UF-5","stromal / mesothelial-lineage (unresolved)","LV_UF_vs_SV","FN1",-1.13890390747849,1.1895865067085,-3.64310159434144,1.36529377938447,-0.957394776298999,0.351397617094715,NA,17.5150615121803,4,5,6,3649,"PASS"
"lodo_out_LV_NOT_UF-5","stromal / mesothelial-lineage (unresolved)","LV_UF_vs_SV","COL8A1",-2.08879506719545,0.846267995850944,-3.87039385136544,-0.307196283025456,-2.46824301218565,0.0241472155941802,NA,17.499003164395,4,5,6,3649,"PASS"
"lodo_out_LV_NOT_UF-5","stromal / mesothelial-lineage (unresolved)","LV_UF_vs_SV","VCAN",1.01664668634903,1.07393125811707,-1.24450095168039,3.27779432437845,0.946658995782956,0.356722627035871,NA,17.4715294453559,4,5,6,3649,"PASS"
"lodo_out_LV_NOT_UF-5","stromal / mesothelial-lineage (unresolved)","LV_UF_vs_SV","EDIL3",1.43009357543054,1.32109957996716,-1.31652295848873,4.17671010934982,1.08250248286817,0.291248018066946,NA,21.0959214250682,4,5,6,3649,"PASS"
"lodo_out_LV_NOT_UF-5","stromal / mesothelial-lineage (unresolved)","LV_UF_vs_SV","LOX",-1.48185559524162,1.00698174001996,-3.6020665006877,0.638355310204458,-1.47158139651296,0.158919976144906,NA,17.4687938106013,4,5,6,3649,"PASS"
"lodo_out_LV_NOT_UF-5","stromal / mesothelial-lineage (unresolved)","LV_UF_vs_SV","INHBA",2.54971027083694,0.797968628206065,0.874323008753526,4.22509753292035,3.19525126767077,0.00497129847328801,NA,18.1637390312675,4,5,6,3649,"PASS"
"lodo_out_LV_NOT_UF-5","stromal / mesothelial-lineage (unresolved)","LV_UF_vs_SV","ISM1",0.834479906793566,1.63167942877782,-2.52823477823451,4.19719459182164,0.511423930507365,0.613599632052775,NA,24.6803916294247,4,5,6,3649,"INSUFFICIENT DATA"
"lodo_out_LV_NOT_UF-5","stromal / mesothelial-lineage (unresolved)","LV_UF_vs_SV","COMP",-2.28725315412152,2.05687777852323,-6.55985746395918,1.98535115571614,-1.11200246218017,0.278471824342225,NA,21.403698391761,4,5,6,3649,"PASS"
"lodo_out_LV_NOT_UF-5","stromal / mesothelial-lineage (unresolved)","LV_NOT_UF_vs_SV","COL11A1",-2.12172791591797,0.920822283631033,-4.05575146292285,-0.18770436891308,-2.30416656246791,0.0332945932590188,NA,18.0719952756684,4,5,6,3649,"INSUFFICIENT DATA"
"lodo_out_LV_NOT_UF-5","stromal / mesothelial-lineage (unresolved)","LV_NOT_UF_vs_SV","THBS3",0.117426659269635,0.476500568957541,-0.881610135019566,1.11646345355884,0.246435506942906,0.808054261534447,NA,18.5314040951003,4,5,6,3649,"PASS"
"lodo_out_LV_NOT_UF-5","stromal / mesothelial-lineage (unresolved)","LV_NOT_UF_vs_SV","COL3A1",1.23114567499776,0.942900071153099,-0.753535639017162,3.21582698901269,1.30570111580558,0.208520217987483,NA,17.5410443407401,4,5,6,3649,"PASS"
"lodo_out_LV_NOT_UF-5","stromal / mesothelial-lineage (unresolved)","LV_NOT_UF_vs_SV","FN1",1.91893199430617,1.06258528882367,-0.317915521499498,4.15577951011184,1.80590867809822,0.0881481695316439,NA,17.5150615121803,4,5,6,3649,"PASS"
"lodo_out_LV_NOT_UF-5","stromal / mesothelial-lineage (unresolved)","LV_NOT_UF_vs_SV","COL8A1",0.647411466758203,0.677483615187692,-0.778855379005955,2.07367831252236,0.955611991559151,0.352284633916177,NA,17.499003164395,4,5,6,3649,"PASS"
"lodo_out_LV_NOT_UF-5","stromal / mesothelial-lineage (unresolved)","LV_NOT_UF_vs_SV","VCAN",1.64185037529513,0.996898895545763,-0.457106672448913,3.74080742303917,1.64695776335099,0.11743388687493,NA,17.4715294453559,4,5,6,3649,"PASS"
"lodo_out_LV_NOT_UF-5","stromal / mesothelial-lineage (unresolved)","LV_NOT_UF_vs_SV","EDIL3",4.08831793130875,1.03711438329999,1.9321174783436,6.24451838427389,3.94201256596224,0.000740961561695247,NA,21.0959214250682,4,5,6,3649,"PASS"
"lodo_out_LV_NOT_UF-5","stromal / mesothelial-lineage (unresolved)","LV_NOT_UF_vs_SV","LOX",0.268585825756133,0.834179998769979,-1.48778915127379,2.02496080278606,0.321975863904876,0.751292030603398,NA,17.4687938106013,4,5,6,3649,"PASS"
"lodo_out_LV_NOT_UF-5","stromal / mesothelial-lineage (unresolved)","LV_NOT_UF_vs_SV","INHBA",1.55981559410374,0.783559535596811,-0.0853188367750255,3.2049500249825,1.99067910381012,0.0617792552196339,NA,18.1637390312675,4,5,6,3649,"PASS"
"lodo_out_LV_NOT_UF-5","stromal / mesothelial-lineage (unresolved)","LV_NOT_UF_vs_SV","ISM1",1.84238117846724,1.17127502452256,-0.571489864890105,4.25625222182459,1.57297060032356,0.128458903987786,NA,24.6803916294247,4,5,6,3649,"INSUFFICIENT DATA"
"lodo_out_LV_NOT_UF-5","stromal / mesothelial-lineage (unresolved)","LV_NOT_UF_vs_SV","COMP",1.76599306629552,1.27423681261387,-0.880887440740083,4.41287357333112,1.38592218401923,0.180041984158015,NA,21.403698391761,4,5,6,3649,"PASS"
"lodo_out_LV_NOT_UF-6","stromal / mesothelial-lineage (unresolved)","LV_UF_vs_LV_NOT_UF","COL11A1",-1.06440936960012,1.74273442747867,-4.71977281326101,2.59095407406078,-0.610769692052315,0.548814847952757,NA,18.4207801147524,4,5,6,3627,"INSUFFICIENT DATA"
"lodo_out_LV_NOT_UF-6","stromal / mesothelial-lineage (unresolved)","LV_UF_vs_LV_NOT_UF","THBS3",-1.75208801900451,0.561713896225643,-2.92685773784095,-0.577318300168067,-3.11918225768922,0.0055919155676128,NA,19.2201985268083,4,5,6,3627,"PASS"
"lodo_out_LV_NOT_UF-6","stromal / mesothelial-lineage (unresolved)","LV_UF_vs_LV_NOT_UF","COL3A1",-2.20273912522222,1.03294276388816,-4.37056464258401,-0.034913607860434,-2.1324890422106,0.0467782272505657,NA,18.2712132022813,4,5,6,3627,"PASS"
"lodo_out_LV_NOT_UF-6","stromal / mesothelial-lineage (unresolved)","LV_UF_vs_LV_NOT_UF","FN1",-3.19337663228496,1.26737931889747,-5.85347763979692,-0.533275624772996,-2.51966919821838,0.0212705662504192,NA,18.2453432768699,4,5,6,3627,"PASS"
"lodo_out_LV_NOT_UF-6","stromal / mesothelial-lineage (unresolved)","LV_UF_vs_LV_NOT_UF","COL8A1",-2.88364586909321,0.845911902720666,-4.65925770089824,-1.10803403728818,-3.40891984120176,0.00308489255274257,NA,18.2267030182398,4,5,6,3627,"PASS"
"lodo_out_LV_NOT_UF-6","stromal / mesothelial-lineage (unresolved)","LV_UF_vs_LV_NOT_UF","VCAN",-0.898770311674853,1.01012764607652,-3.01932902383035,1.22178840048064,-0.889759145951312,0.385207834302145,NA,18.1964059895927,4,5,6,3627,"PASS"
"lodo_out_LV_NOT_UF-6","stromal / mesothelial-lineage (unresolved)","LV_UF_vs_LV_NOT_UF","EDIL3",-2.81788732779936,1.22268724981769,-5.35462839783972,-0.281146257758998,-2.30466730410374,0.031074220810104,NA,21.8450961244599,4,5,6,3627,"PASS"
"lodo_out_LV_NOT_UF-6","stromal / mesothelial-lineage (unresolved)","LV_UF_vs_LV_NOT_UF","LOX",-1.96984781902354,0.958482550230393,-3.9820341655545,0.0423385275074173,-2.05517337644805,0.0545101718518927,NA,18.1905284336166,4,5,6,3627,"PASS"
"lodo_out_LV_NOT_UF-6","stromal / mesothelial-lineage (unresolved)","LV_UF_vs_LV_NOT_UF","INHBA",0.932843043296029,0.837878896513339,-0.821348999996433,2.68703508658849,1.11333875000058,0.27950697170517,NA,18.9216912950596,4,5,6,3627,"PASS"
"lodo_out_LV_NOT_UF-6","stromal / mesothelial-lineage (unresolved)","LV_UF_vs_LV_NOT_UF","ISM1",-0.976105025756238,1.48811369645276,-4.0478548660542,2.09564481454173,-0.655934441086725,0.518122340728908,NA,23.9360748540321,4,5,6,3627,"INSUFFICIENT DATA"
"lodo_out_LV_NOT_UF-6","stromal / mesothelial-lineage (unresolved)","LV_UF_vs_LV_NOT_UF","COMP",-4.24612837263572,1.9487449890576,-8.28626499899078,-0.205991746280653,-2.1789040620903,0.0402676890681693,NA,22.1240202769673,4,5,6,3627,"PASS"
"lodo_out_LV_NOT_UF-6","stromal / mesothelial-lineage (unresolved)","LV_UF_vs_SV","COL11A1",-3.13507521830554,1.4794003188581,-6.23809869613854,-0.0320517404725362,-2.11915272583245,0.0479095341199837,NA,18.4207801147524,4,5,6,3627,"INSUFFICIENT DATA"
"lodo_out_LV_NOT_UF-6","stromal / mesothelial-lineage (unresolved)","LV_UF_vs_SV","THBS3",-1.46398012451529,0.535327642759855,-2.58356557290118,-0.344394676129403,-2.73473665019018,0.0130720839449383,NA,19.2201985268083,4,5,6,3627,"PASS"
"lodo_out_LV_NOT_UF-6","stromal / mesothelial-lineage (unresolved)","LV_UF_vs_SV","COL3A1",-0.843962151976029,0.956457550130578,-2.85126899988083,1.16334469592878,-0.88238328178894,0.389031273150396,NA,18.2712132022813,4,5,6,3627,"PASS"
"lodo_out_LV_NOT_UF-6","stromal / mesothelial-lineage (unresolved)","LV_UF_vs_SV","FN1",-1.19334258519568,1.14589951192009,-3.5984697643403,1.21178459394894,-1.04140247271429,0.311292565213211,NA,18.2453432768699,4,5,6,3627,"PASS"
"lodo_out_LV_NOT_UF-6","stromal / mesothelial-lineage (unresolved)","LV_UF_vs_SV","COL8A1",-2.12869022866643,0.810622103058344,-3.83022698761705,-0.427153469715816,-2.62599578846325,0.0170166967898436,NA,18.2267030182398,4,5,6,3627,"PASS"
"lodo_out_LV_NOT_UF-6","stromal / mesothelial-lineage (unresolved)","LV_UF_vs_SV","VCAN",0.942530628177071,0.958861044854299,-1.07040422249256,2.9554654788467,0.982968943451332,0.338512896587954,NA,18.1964059895927,4,5,6,3627,"PASS"
"lodo_out_LV_NOT_UF-6","stromal / mesothelial-lineage (unresolved)","LV_UF_vs_SV","EDIL3",1.36678349519446,1.32232213701784,-1.37667266932909,4.110239659718,1.03362369647451,0.312620089240859,NA,21.8450961244599,4,5,6,3627,"PASS"
"lodo_out_LV_NOT_UF-6","stromal / mesothelial-lineage (unresolved)","LV_UF_vs_SV","LOX",-1.54298885619908,0.928245087114237,-3.4916963105776,0.405718598179449,-1.66226450063525,0.113595031593578,NA,18.1905284336166,4,5,6,3627,"PASS"
"lodo_out_LV_NOT_UF-6","stromal / mesothelial-lineage (unresolved)","LV_UF_vs_SV","INHBA",2.53098736078004,0.820259379425965,0.81368372321058,4.24829099834949,3.08559392829044,0.0061087527477446,NA,18.9216912950596,4,5,6,3627,"PASS"
"lodo_out_LV_NOT_UF-6","stromal / mesothelial-lineage (unresolved)","LV_UF_vs_SV","ISM1",0.787377573605969,1.65830761486519,-2.63568490022886,4.2104400474408,0.47480791051543,0.63922750846511,NA,23.9360748540321,4,5,6,3627,"INSUFFICIENT DATA"
"lodo_out_LV_NOT_UF-6","stromal / mesothelial-lineage (unresolved)","LV_UF_vs_SV","COMP",-2.34948779949529,2.03018013200346,-6.55845570215148,1.8594801031609,-1.15728046120554,0.259500210943248,NA,22.1240202769673,4,5,6,3627,"PASS"
"lodo_out_LV_NOT_UF-6","stromal / mesothelial-lineage (unresolved)","LV_NOT_UF_vs_SV","COL11A1",-2.07066584870542,0.925582314584219,-4.01206305959606,-0.129268637814779,-2.23714932327287,0.0378589496192874,NA,18.4207801147524,4,5,6,3627,"INSUFFICIENT DATA"
"lodo_out_LV_NOT_UF-6","stromal / mesothelial-lineage (unresolved)","LV_NOT_UF_vs_SV","THBS3",0.288107894489219,0.442914393008141,-0.638204273393791,1.21442006237223,0.650482122589147,0.52308127871774,NA,19.2201985268083,4,5,6,3627,"PASS"
"lodo_out_LV_NOT_UF-6","stromal / mesothelial-lineage (unresolved)","LV_NOT_UF_vs_SV","COL3A1",1.35877697324619,0.868497448941008,-0.463928986269868,3.18148293276226,1.56451463951103,0.1348515631454,NA,18.2712132022813,4,5,6,3627,"PASS"
"lodo_out_LV_NOT_UF-6","stromal / mesothelial-lineage (unresolved)","LV_NOT_UF_vs_SV","FN1",2.00003404708927,1.02313558197587,-0.147424059456908,4.14749215363545,1.95480841671719,0.0661032155868132,NA,18.2453432768699,4,5,6,3627,"PASS"
"lodo_out_LV_NOT_UF-6","stromal / mesothelial-lineage (unresolved)","LV_NOT_UF_vs_SV","COL8A1",0.754955640426776,0.646755429390836,-0.602616689525092,2.11252797037864,1.16729695046836,0.25813515775507,NA,18.2267030182398,4,5,6,3627,"PASS"
"lodo_out_LV_NOT_UF-6","stromal / mesothelial-lineage (unresolved)","LV_NOT_UF_vs_SV","VCAN",1.84130093985192,0.894972960841282,-0.0375137986883713,3.72011567839222,2.05738164214602,0.0542714069466077,NA,18.1964059895927,4,5,6,3627,"PASS"
"lodo_out_LV_NOT_UF-6","stromal / mesothelial-lineage (unresolved)","LV_NOT_UF_vs_SV","EDIL3",4.18467082299381,1.03504848679559,2.03722877979839,6.33211286618924,4.04297081381099,0.000549440725127832,NA,21.8450961244599,4,5,6,3627,"PASS"
"lodo_out_LV_NOT_UF-6","stromal / mesothelial-lineage (unresolved)","LV_NOT_UF_vs_SV","LOX",0.426858962824462,0.767066348767596,-1.18347857905619,2.03719650470511,0.556482452281048,0.584662729574378,NA,18.1905284336166,4,5,6,3627,"PASS"
"lodo_out_LV_NOT_UF-6","stromal / mesothelial-lineage (unresolved)","LV_NOT_UF_vs_SV","INHBA",1.59814431748401,0.808884161623374,-0.0953440448194656,3.29163267978748,1.97573941153285,0.0629514906357261,NA,18.9216912950596,4,5,6,3627,"PASS"
"lodo_out_LV_NOT_UF-6","stromal / mesothelial-lineage (unresolved)","LV_NOT_UF_vs_SV","ISM1",1.76348259936221,1.17601123632077,-0.664028373736087,4.1909935724605,1.49954570577011,0.146807223795207,NA,23.9360748540321,4,5,6,3627,"INSUFFICIENT DATA"
"lodo_out_LV_NOT_UF-6","stromal / mesothelial-lineage (unresolved)","LV_NOT_UF_vs_SV","COMP",1.89664057314042,1.25841477870085,-0.712303987140118,4.50558513342096,1.50716648059272,0.145915066988779,NA,22.1240202769673,4,5,6,3627,"PASS"
"lodo_out_LV_UF-1","stromal / mesothelial-lineage (unresolved)","LV_UF_vs_LV_NOT_UF","COL11A1",-4.30229662526204,3.64421563309722,-12.0585554664461,3.45396221592206,-1.18058234155741,0.255852198057963,NA,15.2529203939621,3,6,6,3483,"INSUFFICIENT DATA"
"lodo_out_LV_UF-1","stromal / mesothelial-lineage (unresolved)","LV_UF_vs_LV_NOT_UF","THBS3",-1.91202678702164,0.723270177855144,-3.4231158431998,-0.400937730843474,-2.64358582112669,0.0157854244712288,NA,19.5215683128249,3,6,6,3483,"PASS"
"lodo_out_LV_UF-1","stromal / mesothelial-lineage (unresolved)","LV_UF_vs_LV_NOT_UF","COL3A1",-2.15498468790334,1.26162827628258,-4.80571967237577,0.495750296569084,-1.70809796230396,0.104819749247825,NA,17.9855802880293,3,6,6,3483,"PASS"
"lodo_out_LV_UF-1","stromal / mesothelial-lineage (unresolved)","LV_UF_vs_LV_NOT_UF","FN1",-3.50500593340767,1.55396471686213,-6.77039511696069,-0.239616749854645,-2.25552478468443,0.036820378733721,NA,17.9516454618873,3,6,6,3483,"PASS"
"lodo_out_LV_UF-1","stromal / mesothelial-lineage (unresolved)","LV_UF_vs_LV_NOT_UF","COL8A1",-2.75125497466232,1.04618850343858,-4.94964891131721,-0.552861038007422,-2.62978895831829,0.0170251466187675,NA,17.9506229709856,3,6,6,3483,"PASS"
"lodo_out_LV_UF-1","stromal / mesothelial-lineage (unresolved)","LV_UF_vs_LV_NOT_UF","VCAN",-0.478498213144618,1.19475224105643,-2.98955093369219,2.03255450740296,-0.40049995028385,0.693527136847454,NA,17.9033738234809,3,6,6,3483,"PASS"
"lodo_out_LV_UF-1","stromal / mesothelial-lineage (unresolved)","LV_UF_vs_LV_NOT_UF","EDIL3",-2.51172454924176,1.46275400998461,-5.54912365866046,0.52567456017694,-1.71712026225667,0.100309305074161,NA,21.5313370046357,3,6,6,3483,"PASS"
"lodo_out_LV_UF-1","stromal / mesothelial-lineage (unresolved)","LV_UF_vs_LV_NOT_UF","LOX",-1.46330128047842,1.12646869414058,-3.83089983330147,0.904297272344626,-1.29901637576784,0.210425432152664,NA,17.8971076373278,3,6,6,3483,"PASS"
"lodo_out_LV_UF-1","stromal / mesothelial-lineage (unresolved)","LV_UF_vs_LV_NOT_UF","INHBA",-1.65313783786547,0.817667693053122,-3.36164552965498,0.0553698539240437,-2.02177223328068,0.0571479780382916,NA,19.4870502586463,3,6,6,3483,"PASS"
"lodo_out_LV_UF-1","stromal / mesothelial-lineage (unresolved)","LV_UF_vs_LV_NOT_UF","ISM1",-5.85636780979795,3.6402857688327,-13.4061588643243,1.69342324472843,-1.60876595456841,0.121934640991816,NA,21.9849105241652,3,6,6,3483,"INSUFFICIENT DATA"
"lodo_out_LV_UF-1","stromal / mesothelial-lineage (unresolved)","LV_UF_vs_LV_NOT_UF","COMP",-5.31687578015719,2.93373119597394,-11.4365701925393,0.802818632224945,-1.81232547394039,0.0849787089250188,NA,19.9980439419148,3,6,6,3483,"INSUFFICIENT DATA"
"lodo_out_LV_UF-1","stromal / mesothelial-lineage (unresolved)","LV_UF_vs_SV","COL11A1",-6.39557971351529,2.94434560631844,-12.6622524189116,-0.128907008118957,-2.17215659051391,0.0460027734055669,NA,15.2529203939621,3,6,6,3483,"INSUFFICIENT DATA"
"lodo_out_LV_UF-1","stromal / mesothelial-lineage (unresolved)","LV_UF_vs_SV","THBS3",-1.8078497754563,0.711961226881545,-3.29531165526762,-0.320387895644983,-2.53925313232976,0.0197486750860337,NA,19.5215683128249,3,6,6,3483,"PASS"
"lodo_out_LV_UF-1","stromal / mesothelial-lineage (unresolved)","LV_UF_vs_SV","COL3A1",-1.0409167771996,1.1915861991446,-3.54449036100825,1.46265680660904,-0.873555583261073,0.393874750589297,NA,17.9855802880293,3,6,6,3483,"PASS"
"lodo_out_LV_UF-1","stromal / mesothelial-lineage (unresolved)","LV_UF_vs_SV","FN1",-1.74157968417619,1.43199442619079,-4.75066931114903,1.26750994279665,-1.21619166410369,0.239662487070487,NA,17.9516454618873,3,6,6,3483,"PASS"
"lodo_out_LV_UF-1","stromal / mesothelial-lineage (unresolved)","LV_UF_vs_SV","COL8A1",-2.21045671041655,1.02811398557843,-4.37087000558942,-0.0500434152436879,-2.15001132308586,0.0454352903571635,NA,17.9506229709856,3,6,6,3483,"PASS"
"lodo_out_LV_UF-1","stromal / mesothelial-lineage (unresolved)","LV_UF_vs_SV","VCAN",1.1172857745009,1.15559536732676,-1.31146957013208,3.54604111913389,0.966848609894931,0.346499900299906,NA,17.9033738234809,3,6,6,3483,"PASS"
"lodo_out_LV_UF-1","stromal / mesothelial-lineage (unresolved)","LV_UF_vs_SV","EDIL3",1.4830267209112,1.64099168519685,-1.92448175225501,4.89053519407741,0.903738108053422,0.376134982675299,NA,21.5313370046357,3,6,6,3483,"PASS"
"lodo_out_LV_UF-1","stromal / mesothelial-lineage (unresolved)","LV_UF_vs_SV","LOX",-1.27080824876244,1.1197922161382,-3.62437425923558,1.08275776171071,-1.13486076295926,0.271404921133012,NA,17.8971076373278,3,6,6,3483,"PASS"
"lodo_out_LV_UF-1","stromal / mesothelial-lineage (unresolved)","LV_UF_vs_SV","INHBA",-0.206832424819857,0.811722443447222,-1.90291758265384,1.48925273301413,-0.254806832667434,0.801542008855962,NA,19.4870502586463,3,6,6,3483,"PASS"
"lodo_out_LV_UF-1","stromal / mesothelial-lineage (unresolved)","LV_UF_vs_SV","ISM1",-3.98999045627804,4.42227965555499,-13.1616021110491,5.18162119849297,-0.902247430522867,0.376704697927778,NA,21.9849105241652,3,6,6,3483,"INSUFFICIENT DATA"
"lodo_out_LV_UF-1","stromal / mesothelial-lineage (unresolved)","LV_UF_vs_SV","COMP",-3.61437450325661,3.16460493665992,-10.2156661194932,2.98691711298001,-1.14212502843132,0.266893157605312,NA,19.9980439419148,3,6,6,3483,"INSUFFICIENT DATA"
"lodo_out_LV_UF-1","stromal / mesothelial-lineage (unresolved)","LV_NOT_UF_vs_SV","COL11A1",-2.09328308825325,0.960149765755973,-4.13684221298491,-0.0497239635215849,-2.18016309841528,0.0453045579473582,NA,15.2529203939621,3,6,6,3483,"INSUFFICIENT DATA"
"lodo_out_LV_UF-1","stromal / mesothelial-lineage (unresolved)","LV_NOT_UF_vs_SV","THBS3",0.104177011565334,0.459445585678856,-0.855717669129952,1.06407169226062,0.226745048407434,0.82297946564555,NA,19.5215683128249,3,6,6,3483,"PASS"
"lodo_out_LV_UF-1","stromal / mesothelial-lineage (unresolved)","LV_NOT_UF_vs_SV","COL3A1",1.11406791070374,0.922984134035703,-0.825161242760027,3.05329706416751,1.20702823550447,0.243056942981998,NA,17.9855802880293,3,6,6,3483,"PASS"
"lodo_out_LV_UF-1","stromal / mesothelial-lineage (unresolved)","LV_NOT_UF_vs_SV","FN1",1.76342624923148,1.04624598501212,-0.435079473403566,3.96193197186652,1.68547958557858,0.109199526842475,NA,17.9516454618873,3,6,6,3483,"PASS"
"lodo_out_LV_UF-1","stromal / mesothelial-lineage (unresolved)","LV_NOT_UF_vs_SV","COL8A1",0.540798264245762,0.674611430032235,-0.876787259306133,1.95838378779766,0.801644087500743,0.433243244871001,NA,17.9506229709856,3,6,6,3483,"PASS"
"lodo_out_LV_UF-1","stromal / mesothelial-lineage (unresolved)","LV_NOT_UF_vs_SV","VCAN",1.59578398764552,0.962095787470845,-0.426286498215093,3.61785447350613,1.65865395985208,0.114601675055457,NA,17.9033738234809,3,6,6,3483,"PASS"
"lodo_out_LV_UF-1","stromal / mesothelial-lineage (unresolved)","LV_NOT_UF_vs_SV","EDIL3",3.99475127015295,1.0526597839053,1.80891013190956,6.18059240839635,3.79491202307803,0.00102333122319794,NA,21.5313370046357,3,6,6,3483,"PASS"
"lodo_out_LV_UF-1","stromal / mesothelial-lineage (unresolved)","LV_NOT_UF_vs_SV","LOX",0.192493031715987,0.802857047959957,-1.49494239792461,1.87992846135658,0.239760032256188,0.81324080765207,NA,17.8971076373278,3,6,6,3483,"PASS"
"lodo_out_LV_UF-1","stromal / mesothelial-lineage (unresolved)","LV_NOT_UF_vs_SV","INHBA",1.44630541304561,0.574905070532326,0.24504756294555,2.64756326314567,2.51572909542514,0.0207806718786133,NA,19.4870502586463,3,6,6,3483,"PASS"
"lodo_out_LV_UF-1","stromal / mesothelial-lineage (unresolved)","LV_NOT_UF_vs_SV","ISM1",1.86637735351991,1.20594573950937,-0.634700565786284,4.36745527282611,1.54764621025091,0.135983003391777,NA,21.9849105241652,3,6,6,3483,"INSUFFICIENT DATA"
"lodo_out_LV_UF-1","stromal / mesothelial-lineage (unresolved)","LV_NOT_UF_vs_SV","COMP",1.70250127690058,1.31092468211244,-1.03205683912138,4.43705939292253,1.29870258767051,0.20882247302554,NA,19.9980439419148,3,6,6,3483,"INSUFFICIENT DATA"
"lodo_out_LV_UF-2","stromal / mesothelial-lineage (unresolved)","LV_UF_vs_LV_NOT_UF","COL11A1",-0.0371668736466459,1.91946996388645,-4.09002519676327,4.01569144946998,-0.0193630920753728,0.984779169429019,NA,16.8293334705488,3,6,6,3316,"INSUFFICIENT DATA"
"lodo_out_LV_UF-2","stromal / mesothelial-lineage (unresolved)","LV_UF_vs_LV_NOT_UF","THBS3",-1.14435568123754,0.608413137635761,-2.41778030367824,0.129068941203172,-1.88088588238643,0.0754045411959975,NA,18.9997155516248,3,6,6,3316,"PASS"
"lodo_out_LV_UF-2","stromal / mesothelial-lineage (unresolved)","LV_UF_vs_LV_NOT_UF","COL3A1",-1.4531855794599,0.976300125487008,-3.5036282787464,0.597257119826593,-1.48846194067117,0.153860092698445,NA,18.0846232744659,3,6,6,3316,"PASS"
"lodo_out_LV_UF-2","stromal / mesothelial-lineage (unresolved)","LV_UF_vs_LV_NOT_UF","FN1",-2.4174029650594,1.29967651514374,-5.14719683777706,0.312390907658252,-1.86000357542203,0.079245441387653,NA,18.066955878836,3,6,6,3316,"PASS"
"lodo_out_LV_UF-2","stromal / mesothelial-lineage (unresolved)","LV_UF_vs_LV_NOT_UF","COL8A1",-2.1042365528423,0.723659410588109,-3.62455434733088,-0.58391875835372,-2.90777197401774,0.00938427650409231,NA,18.005652527988,3,6,6,3316,"PASS"
"lodo_out_LV_UF-2","stromal / mesothelial-lineage (unresolved)","LV_UF_vs_LV_NOT_UF","VCAN",-0.117685905487664,0.988124354293737,-2.19364752687148,1.95827571589615,-0.119100298435393,0.90651495782532,NA,18.001283894462,3,6,6,3316,"PASS"
"lodo_out_LV_UF-2","stromal / mesothelial-lineage (unresolved)","LV_UF_vs_LV_NOT_UF","EDIL3",-1.8947272374037,1.25639661978893,-4.50863280098087,0.719178326173475,-1.5080645773482,0.146536572183747,NA,20.8577096657954,3,6,6,3316,"PASS"
"lodo_out_LV_UF-2","stromal / mesothelial-lineage (unresolved)","LV_UF_vs_LV_NOT_UF","LOX",-1.16933320835884,0.896488755279749,-3.05287934910629,0.714212932388614,-1.30434788107738,0.208558936793006,NA,17.9875888022816,3,6,6,3316,"PASS"
"lodo_out_LV_UF-2","stromal / mesothelial-lineage (unresolved)","LV_UF_vs_LV_NOT_UF","INHBA",1.48969906436012,0.755601986427831,-0.0918456331644226,3.07124376188467,1.97153937008927,0.0634093138076107,NA,18.9908518081607,3,6,6,3316,"PASS"
"lodo_out_LV_UF-2","stromal / mesothelial-lineage (unresolved)","LV_UF_vs_LV_NOT_UF","ISM1",-0.104436649873024,1.61059068940107,-3.4169052251747,3.20803192542865,-0.0648436940312012,0.948800123580704,NA,25.7047066096004,3,6,6,3316,"INSUFFICIENT DATA"
"lodo_out_LV_UF-2","stromal / mesothelial-lineage (unresolved)","LV_UF_vs_LV_NOT_UF","COMP",-3.11586587872133,2.04257373304082,-7.33593060056798,1.10419884312533,-1.52546066186932,0.140470749253148,NA,23.5362785138185,3,6,6,3316,"PASS"
"lodo_out_LV_UF-2","stromal / mesothelial-lineage (unresolved)","LV_UF_vs_SV","COL11A1",-2.15816088006265,1.71827315269367,-5.78620288087736,1.46988112075207,-1.25600570356313,0.226271285713478,NA,16.8293334705488,3,6,6,3316,"INSUFFICIENT DATA"
"lodo_out_LV_UF-2","stromal / mesothelial-lineage (unresolved)","LV_UF_vs_SV","THBS3",-1.01992226179137,0.594416210051091,-2.26405094842421,0.224206424841478,-1.71583857328471,0.102453451273557,NA,18.9997155516248,3,6,6,3316,"PASS"
"lodo_out_LV_UF-2","stromal / mesothelial-lineage (unresolved)","LV_UF_vs_SV","COL3A1",-0.379442197478089,0.928380072515345,-2.32924235847119,1.57035796351501,-0.408714284926466,0.687548547533023,NA,18.0846232744659,3,6,6,3316,"PASS"
"lodo_out_LV_UF-2","stromal / mesothelial-lineage (unresolved)","LV_UF_vs_SV","FN1",-0.6962737913771,1.19932194731853,-3.2152865342086,1.8227389514544,-0.580556199220606,0.568711037075845,NA,18.066955878836,3,6,6,3316,"PASS"
"lodo_out_LV_UF-2","stromal / mesothelial-lineage (unresolved)","LV_UF_vs_SV","COL8A1",-1.57245106540101,0.70855965750013,-3.06104616966246,-0.0838559611395664,-2.21922183793074,0.039557075458723,NA,18.005652527988,3,6,6,3316,"PASS"
"lodo_out_LV_UF-2","stromal / mesothelial-lineage (unresolved)","LV_UF_vs_SV","VCAN",1.47450847675975,0.963944191960192,-0.550652768350417,3.49966972186993,1.52966166408589,0.143483389365677,NA,18.001283894462,3,6,6,3316,"PASS"
"lodo_out_LV_UF-2","stromal / mesothelial-lineage (unresolved)","LV_UF_vs_SV","EDIL3",2.16789321097646,1.39966881695381,-0.744087011014001,5.07987343296693,1.54886154833012,0.136455562834571,NA,20.8577096657954,3,6,6,3316,"PASS"
"lodo_out_LV_UF-2","stromal / mesothelial-lineage (unresolved)","LV_UF_vs_SV","LOX",-0.964909806262628,0.890257047063494,-2.83536296632085,0.905543353795594,-1.08385528589229,0.292743724972488,NA,17.9875888022816,3,6,6,3316,"PASS"
"lodo_out_LV_UF-2","stromal / mesothelial-lineage (unresolved)","LV_UF_vs_SV","INHBA",2.996337202345,0.764020626732731,1.39717151364556,4.59550289104445,3.92180145077834,0.000916745356784144,NA,18.9908518081607,3,6,6,3316,"PASS"
"lodo_out_LV_UF-2","stromal / mesothelial-lineage (unresolved)","LV_UF_vs_SV","ISM1",1.8416201215571,1.8195748585276,-1.90066187407708,5.58390211719128,1.01211561202123,0.320915650621057,NA,25.7047066096004,3,6,6,3316,"INSUFFICIENT DATA"
"lodo_out_LV_UF-2","stromal / mesothelial-lineage (unresolved)","LV_UF_vs_SV","COMP",-1.3006805970613,2.18901394062547,-5.82329848694849,3.2219372928259,-0.594185616145346,0.558056710275584,NA,23.5362785138185,3,6,6,3316,"PASS"
"lodo_out_LV_UF-2","stromal / mesothelial-lineage (unresolved)","LV_NOT_UF_vs_SV","COL11A1",-2.120994006416,0.893987026404603,-4.00859987099858,-0.233388141833426,-2.3725109467708,0.0298630158746567,NA,16.8293334705488,3,6,6,3316,"INSUFFICIENT DATA"
"lodo_out_LV_UF-2","stromal / mesothelial-lineage (unresolved)","LV_NOT_UF_vs_SV","THBS3",0.124433419446169,0.419248806908239,-0.753065307357231,1.00193214624957,0.296800891012205,0.769838803243106,NA,18.9997155516248,3,6,6,3316,"PASS"
"lodo_out_LV_UF-2","stromal / mesothelial-lineage (unresolved)","LV_NOT_UF_vs_SV","COL3A1",1.07374338198181,0.74626398009807,-0.493573357805838,2.64106012176946,1.43882514849599,0.167283233584128,NA,18.0846232744659,3,6,6,3316,"PASS"
"lodo_out_LV_UF-2","stromal / mesothelial-lineage (unresolved)","LV_NOT_UF_vs_SV","FN1",1.7211291736823,0.947400305836472,-0.26875640149653,3.71101474886114,1.81668631842239,0.0858935619216113,NA,18.066955878836,3,6,6,3316,"PASS"
"lodo_out_LV_UF-2","stromal / mesothelial-lineage (unresolved)","LV_NOT_UF_vs_SV","COL8A1",0.531785487441291,0.497991367043998,-0.514432008995874,1.57800298387846,1.06786085589774,0.299692013889914,NA,18.005652527988,3,6,6,3316,"PASS"
"lodo_out_LV_UF-2","stromal / mesothelial-lineage (unresolved)","LV_NOT_UF_vs_SV","VCAN",1.59219438224742,0.812215100981621,-0.11419750114198,3.29858626563682,1.96031122829794,0.0656238507537778,NA,18.001283894462,3,6,6,3316,"PASS"
"lodo_out_LV_UF-2","stromal / mesothelial-lineage (unresolved)","LV_NOT_UF_vs_SV","EDIL3",4.06262044838016,0.982691680037691,2.01815199847057,6.10708889828975,4.13417609094272,0.00047711117156636,NA,20.8577096657954,3,6,6,3316,"PASS"
"lodo_out_LV_UF-2","stromal / mesothelial-lineage (unresolved)","LV_NOT_UF_vs_SV","LOX",0.204423402096212,0.650952471833256,-1.16324463490994,1.57209143910237,0.314037369764495,0.757105579504916,NA,17.9875888022816,3,6,6,3316,"PASS"
"lodo_out_LV_UF-2","stromal / mesothelial-lineage (unresolved)","LV_NOT_UF_vs_SV","INHBA",1.50663813798488,0.699471545006888,0.0425796350357119,2.97069664093404,2.1539663031897,0.0442985165113471,NA,18.9908518081607,3,6,6,3316,"PASS"
"lodo_out_LV_UF-2","stromal / mesothelial-lineage (unresolved)","LV_NOT_UF_vs_SV","ISM1",1.94605677143012,1.14911864925453,-0.417311798870148,4.30942534173039,1.69352118050873,0.102442434945445,NA,25.7047066096004,3,6,6,3316,"INSUFFICIENT DATA"
"lodo_out_LV_UF-2","stromal / mesothelial-lineage (unresolved)","LV_NOT_UF_vs_SV","COMP",1.81518528166003,1.17663784202827,-0.615810362321475,4.24618092564153,1.5426881720301,0.136246038224792,NA,23.5362785138185,3,6,6,3316,"PASS"
"lodo_out_LV_UF-3","stromal / mesothelial-lineage (unresolved)","LV_UF_vs_LV_NOT_UF","COL11A1",-0.936830359525728,1.83731668014694,-4.7958018363755,2.92214111732404,-0.509890521132592,0.616299109510732,NA,18.0710544175192,3,6,6,3475,"INSUFFICIENT DATA"
"lodo_out_LV_UF-3","stromal / mesothelial-lineage (unresolved)","LV_UF_vs_LV_NOT_UF","THBS3",-1.83700380397873,0.640966071161802,-3.17727124757308,-0.496736360384382,-2.86599226796672,0.009793009705739,NA,19.2740660933607,3,6,6,3475,"PASS"
"lodo_out_LV_UF-3","stromal / mesothelial-lineage (unresolved)","LV_UF_vs_LV_NOT_UF","COL3A1",-2.18936406721697,1.34481536418269,-5.04950275880179,0.670774624367841,-1.62800346094168,0.12382301632945,NA,15.3870666790585,3,6,6,3475,"PASS"
"lodo_out_LV_UF-3","stromal / mesothelial-lineage (unresolved)","LV_UF_vs_LV_NOT_UF","FN1",-3.48110142651707,1.61612396813596,-6.91873475186825,-0.0434681011658915,-2.15398168404877,0.0475042896335289,NA,15.361837812741,3,6,6,3475,"PASS"
"lodo_out_LV_UF-3","stromal / mesothelial-lineage (unresolved)","LV_UF_vs_LV_NOT_UF","COL8A1",-2.5285805209577,1.01867315029259,-4.68113187705661,-0.37602916485878,-2.48222947687531,0.0240367141897294,NA,16.660714791972,3,6,6,3475,"PASS"
"lodo_out_LV_UF-3","stromal / mesothelial-lineage (unresolved)","LV_UF_vs_LV_NOT_UF","VCAN",-2.30425894115684,1.26297374293926,-4.98224388223847,0.373725999924783,-1.82447097894074,0.0868627686475102,NA,15.9559970829281,3,6,6,3475,"PASS"
"lodo_out_LV_UF-3","stromal / mesothelial-lineage (unresolved)","LV_UF_vs_LV_NOT_UF","EDIL3",-3.66853411766064,1.39283728164183,-6.56185106639938,-0.775217168921898,-2.63385692357136,0.0153738257706552,NA,21.394255345321,3,6,6,3475,"PASS"
"lodo_out_LV_UF-3","stromal / mesothelial-lineage (unresolved)","LV_UF_vs_LV_NOT_UF","LOX",-2.50965776485403,1.2350552896606,-5.12162784885323,0.102312319145164,-2.0320205790493,0.0585909950123137,NA,16.4836951079009,3,6,6,3475,"PASS"
"lodo_out_LV_UF-3","stromal / mesothelial-lineage (unresolved)","LV_UF_vs_LV_NOT_UF","INHBA",1.398746074101,0.801419951409929,-0.281578011958708,3.0790701601607,1.74533472948883,0.0974943420072895,NA,18.5222957397977,3,6,6,3475,"PASS"
"lodo_out_LV_UF-3","stromal / mesothelial-lineage (unresolved)","LV_UF_vs_LV_NOT_UF","ISM1",-0.959345799423624,1.55653187507128,-4.1686247523862,2.24993315353896,-0.616335466551041,0.543365444065066,NA,24.4674721255176,3,6,6,3475,"INSUFFICIENT DATA"
"lodo_out_LV_UF-3","stromal / mesothelial-lineage (unresolved)","LV_UF_vs_LV_NOT_UF","COMP",-4.44518858342213,2.30770363928402,-9.27029030648368,0.379913139639413,-1.92623892762993,0.0689368801743527,NA,19.294051598221,3,6,6,3475,"INSUFFICIENT DATA"
"lodo_out_LV_UF-3","stromal / mesothelial-lineage (unresolved)","LV_UF_vs_SV","COL11A1",-3.04499790253044,1.57232461297159,-6.34739857159799,0.257402766537103,-1.93662166031707,0.0685881759861695,NA,18.0710544175192,3,6,6,3475,"INSUFFICIENT DATA"
"lodo_out_LV_UF-3","stromal / mesothelial-lineage (unresolved)","LV_UF_vs_SV","THBS3",-1.73306301066214,0.62795369161892,-3.04612141863092,-0.420004602693348,-2.75985798601509,0.0123557820067357,NA,19.2740660933607,3,6,6,3475,"PASS"
"lodo_out_LV_UF-3","stromal / mesothelial-lineage (unresolved)","LV_UF_vs_SV","COL3A1",-1.0912930839097,1.26955729797852,-3.79137373872809,1.6087875709087,-0.859585530836087,0.40321150842907,NA,15.3870666790585,3,6,6,3475,"PASS"
"lodo_out_LV_UF-3","stromal / mesothelial-lineage (unresolved)","LV_UF_vs_SV","FN1",-1.73348954106552,1.47222501303328,-4.86503753305287,1.39805845092184,-1.17746236188036,0.256932021245335,NA,15.361837812741,3,6,6,3475,"PASS"
"lodo_out_LV_UF-3","stromal / mesothelial-lineage (unresolved)","LV_UF_vs_SV","COL8A1",-1.99745224937813,0.997136396857856,-4.104494437204,0.109589938447741,-2.00318858650876,0.0617013345503944,NA,16.660714791972,3,6,6,3475,"PASS"
"lodo_out_LV_UF-3","stromal / mesothelial-lineage (unresolved)","LV_UF_vs_SV","VCAN",-0.714812270155235,1.19260468703963,-3.24358803482217,1.8139634945117,-0.599370669865131,0.55734132921655,NA,15.9559970829281,3,6,6,3475,"PASS"
"lodo_out_LV_UF-3","stromal / mesothelial-lineage (unresolved)","LV_UF_vs_SV","EDIL3",0.344630354639086,1.46309710806242,-2.69463612408245,3.38389683336063,0.235548517415553,0.816023164319328,NA,21.394255345321,3,6,6,3475,"PASS"
"lodo_out_LV_UF-3","stromal / mesothelial-lineage (unresolved)","LV_UF_vs_SV","LOX",-2.3163407798139,1.22790292710083,-4.91318461222548,0.280503052597673,-1.88642011407445,0.0769826580653553,NA,16.4836951079009,3,6,6,3475,"PASS"
"lodo_out_LV_UF-3","stromal / mesothelial-lineage (unresolved)","LV_UF_vs_SV","INHBA",2.86094587660456,0.81099578453937,1.1605442980602,4.56134745514893,3.52769512634338,0.00232052998261741,NA,18.5222957397977,3,6,6,3475,"PASS"
"lodo_out_LV_UF-3","stromal / mesothelial-lineage (unresolved)","LV_UF_vs_SV","ISM1",0.933358936775334,1.7426359327538,-2.6596319368661,4.52634981041676,0.53560179681386,0.597069253983113,NA,24.4674721255176,3,6,6,3475,"INSUFFICIENT DATA"
"lodo_out_LV_UF-3","stromal / mesothelial-lineage (unresolved)","LV_UF_vs_SV","COMP",-2.70831965148697,2.40776848559167,-7.74264367420512,2.32600437123118,-1.12482560831485,0.2744621830529,NA,19.294051598221,3,6,6,3475,"INSUFFICIENT DATA"
"lodo_out_LV_UF-3","stromal / mesothelial-lineage (unresolved)","LV_NOT_UF_vs_SV","COL11A1",-2.10816754300471,0.932203124342539,-4.06610179916157,-0.150233286847852,-2.26148946292317,0.0362937829760064,NA,18.0710544175192,3,6,6,3475,"INSUFFICIENT DATA"
"lodo_out_LV_UF-3","stromal / mesothelial-lineage (unresolved)","LV_NOT_UF_vs_SV","THBS3",0.103940793316595,0.449247115767488,-0.835440104490447,1.04332169112364,0.231366634683951,0.819468457151837,NA,19.2740660933607,3,6,6,3475,"PASS"
"lodo_out_LV_UF-3","stromal / mesothelial-lineage (unresolved)","LV_NOT_UF_vs_SV","COL3A1",1.09807098330728,0.984799617482862,-0.996390133392171,3.19253210000673,1.11501970940437,0.28195471419466,NA,15.3870666790585,3,6,6,3475,"PASS"
"lodo_out_LV_UF-3","stromal / mesothelial-lineage (unresolved)","LV_NOT_UF_vs_SV","FN1",1.74761188545156,1.11307113424891,-0.61998521725944,4.11520898816255,1.57008104125423,0.136762142127135,NA,15.361837812741,3,6,6,3475,"PASS"
"lodo_out_LV_UF-3","stromal / mesothelial-lineage (unresolved)","LV_NOT_UF_vs_SV","COL8A1",0.531128271579569,0.68350285759783,-0.91317700199823,1.97543354515737,0.777068106849206,0.448012004739985,NA,16.660714791972,3,6,6,3475,"PASS"
"lodo_out_LV_UF-3","stromal / mesothelial-lineage (unresolved)","LV_NOT_UF_vs_SV","VCAN",1.58944667100161,0.909925107420958,-0.339940815324466,3.51883415732768,1.74678845329002,0.0998913625290113,NA,15.9559970829281,3,6,6,3475,"PASS"
"lodo_out_LV_UF-3","stromal / mesothelial-lineage (unresolved)","LV_NOT_UF_vs_SV","EDIL3",4.01316447229973,1.00167916003999,1.93239356736974,6.09393537722971,4.00643702334739,0.000620866244436685,NA,21.394255345321,3,6,6,3475,"PASS"
"lodo_out_LV_UF-3","stromal / mesothelial-lineage (unresolved)","LV_NOT_UF_vs_SV","LOX",0.193316985040129,0.805757572049717,-1.51074816149113,1.89738213157138,0.239919538761965,0.813350727532501,NA,16.4836951079009,3,6,6,3475,"PASS"
"lodo_out_LV_UF-3","stromal / mesothelial-lineage (unresolved)","LV_NOT_UF_vs_SV","INHBA",1.46219980250357,0.739709720725552,-0.0887374536015881,3.01313705860872,1.97672108603542,0.0631551036000115,NA,18.5222957397977,3,6,6,3475,"PASS"
"lodo_out_LV_UF-3","stromal / mesothelial-lineage (unresolved)","LV_NOT_UF_vs_SV","ISM1",1.89270473619896,1.20101477524542,-0.583564142146817,4.36897361454473,1.57592127525009,0.127886982210137,NA,24.4674721255176,3,6,6,3475,"INSUFFICIENT DATA"
"lodo_out_LV_UF-3","stromal / mesothelial-lineage (unresolved)","LV_NOT_UF_vs_SV","COMP",1.73686893193516,1.32015084332758,-1.02339109470211,4.49712895857244,1.31565944961048,0.203708414587738,NA,19.294051598221,3,6,6,3475,"INSUFFICIENT DATA"
"lodo_out_LV_UF-4","stromal / mesothelial-lineage (unresolved)","LV_UF_vs_LV_NOT_UF","COL11A1",-1.02173550466295,1.81203534996347,-4.82182933659289,2.778358327267,-0.56386069106408,0.579633778451671,NA,18.4643672239934,3,6,6,3632,"INSUFFICIENT DATA"
"lodo_out_LV_UF-4","stromal / mesothelial-lineage (unresolved)","LV_UF_vs_LV_NOT_UF","THBS3",-1.55750053479823,0.637082614214493,-2.8911465170404,-0.223854552556063,-2.44473871998311,0.0244419782834744,NA,18.954485626789,3,6,6,3632,"PASS"
"lodo_out_LV_UF-4","stromal / mesothelial-lineage (unresolved)","LV_UF_vs_LV_NOT_UF","COL3A1",-2.13021484774045,1.37072615838138,-5.05809152273081,0.797661827249914,-1.55407762135065,0.141511355264778,NA,14.6414982940909,3,6,6,3632,"PASS"
"lodo_out_LV_UF-4","stromal / mesothelial-lineage (unresolved)","LV_UF_vs_LV_NOT_UF","FN1",-2.67813455809045,1.54914681662191,-5.98735761968085,0.631088503499945,-1.72878033854172,0.104886089429611,NA,14.6296720939039,3,6,6,3632,"PASS"
"lodo_out_LV_UF-4","stromal / mesothelial-lineage (unresolved)","LV_UF_vs_LV_NOT_UF","COL8A1",-3.55764454279725,0.964919965980974,-5.59555707507598,-1.51973201051852,-3.68698406937866,0.00186453371485066,NA,16.7720909046543,3,6,6,3632,"PASS"
"lodo_out_LV_UF-4","stromal / mesothelial-lineage (unresolved)","LV_UF_vs_LV_NOT_UF","VCAN",-0.476037678680438,1.25031856247165,-3.13890886020449,2.18683350284361,-0.380733113119108,0.70869090407915,NA,15.1383519311002,3,6,6,3632,"PASS"
"lodo_out_LV_UF-4","stromal / mesothelial-lineage (unresolved)","LV_UF_vs_LV_NOT_UF","EDIL3",-2.76423552489543,1.39842410528683,-5.68708001050326,0.158608960712398,-1.97667897345667,0.062467506814036,NA,19.4011586565749,3,6,6,3632,"PASS"
"lodo_out_LV_UF-4","stromal / mesothelial-lineage (unresolved)","LV_UF_vs_LV_NOT_UF","LOX",-2.2171781057523,1.21798017023971,-4.81047457923962,0.376118367735021,-1.82037290912211,0.0884658333213268,NA,15.1860090500508,3,6,6,3632,"PASS"
"lodo_out_LV_UF-4","stromal / mesothelial-lineage (unresolved)","LV_UF_vs_LV_NOT_UF","INHBA",1.27924638443293,0.855817380067724,-0.520919156989896,3.07941192585576,1.49476560563855,0.15258714773511,NA,17.7036326304324,3,6,6,3632,"PASS"
"lodo_out_LV_UF-4","stromal / mesothelial-lineage (unresolved)","LV_UF_vs_LV_NOT_UF","ISM1",-1.05441281352082,1.52054396171579,-4.18258446416888,2.07375883712724,-0.693444477811096,0.494285708778611,NA,25.5553741484035,3,6,6,3632,"INSUFFICIENT DATA"
"lodo_out_LV_UF-4","stromal / mesothelial-lineage (unresolved)","LV_UF_vs_LV_NOT_UF","COMP",-4.04901558782021,2.15578985324029,-8.55167411984178,0.453642944201369,-1.87820514218224,0.075305922483881,NA,19.6087047416259,3,6,6,3632,"PASS"
"lodo_out_LV_UF-4","stromal / mesothelial-lineage (unresolved)","LV_UF_vs_SV","COL11A1",-3.10428320099956,1.54178605347363,-6.33762612230562,0.129059720306496,-2.01343318290216,0.0588795300822872,NA,18.4643672239934,3,6,6,3632,"INSUFFICIENT DATA"
"lodo_out_LV_UF-4","stromal / mesothelial-lineage (unresolved)","LV_UF_vs_SV","THBS3",-1.42460185624277,0.622674737439483,-2.72808690402383,-0.121116808461705,-2.28787482546813,0.0338102553750203,NA,18.954485626789,3,6,6,3632,"PASS"
"lodo_out_LV_UF-4","stromal / mesothelial-lineage (unresolved)","LV_UF_vs_SV","COL3A1",-1.00650646010312,1.29139647632263,-3.76493461008068,1.75192168987443,-0.779393841130216,0.448163211603099,NA,14.6414982940909,3,6,6,3632,"PASS"
"lodo_out_LV_UF-4","stromal / mesothelial-lineage (unresolved)","LV_UF_vs_SV","FN1",-0.90050062940901,1.41782743456853,-3.92920468346436,2.12820342464634,-0.635127101827486,0.535153714894584,NA,14.6296720939039,3,6,6,3632,"PASS"
"lodo_out_LV_UF-4","stromal / mesothelial-lineage (unresolved)","LV_UF_vs_SV","COL8A1",-3.00263110603626,0.939826507475821,-4.98754621327583,-1.0177159987967,-3.19487807818989,0.00537711529100277,NA,16.7720909046543,3,6,6,3632,"PASS"
"lodo_out_LV_UF-4","stromal / mesothelial-lineage (unresolved)","LV_UF_vs_SV","VCAN",1.14444217418505,1.20867851922251,-1.42974595128141,3.7186302996515,0.946854069121053,0.358583270625268,NA,15.1383519311002,3,6,6,3632,"PASS"
"lodo_out_LV_UF-4","stromal / mesothelial-lineage (unresolved)","LV_UF_vs_SV","EDIL3",1.30028480410808,1.50281542353158,-1.84074784610839,4.44131745432454,0.865232538705545,0.397484132268335,NA,19.4011586565749,3,6,6,3632,"PASS"
"lodo_out_LV_UF-4","stromal / mesothelial-lineage (unresolved)","LV_UF_vs_SV","LOX",-1.99379278272026,1.20805199234966,-4.56595039915596,0.578364833715435,-1.65041968006885,0.119381928547392,NA,15.1860090500508,3,6,6,3632,"PASS"
"lodo_out_LV_UF-4","stromal / mesothelial-lineage (unresolved)","LV_UF_vs_SV","INHBA",2.77829576594953,0.866271011557558,0.956141576447086,4.60044995545198,3.20719004662773,0.00496419713578549,NA,17.7036326304324,3,6,6,3632,"PASS"
"lodo_out_LV_UF-4","stromal / mesothelial-lineage (unresolved)","LV_UF_vs_SV","ISM1",0.888935823591159,1.71659612010029,-2.64256833131066,4.42043997849298,0.51784797436174,0.609018667848434,NA,25.5553741484035,3,6,6,3632,"INSUFFICIENT DATA"
"lodo_out_LV_UF-4","stromal / mesothelial-lineage (unresolved)","LV_UF_vs_SV","COMP",-2.25970296486231,2.26062022536734,-6.98131390022848,2.46190797050387,-0.999594243873987,0.329683333897689,NA,19.6087047416259,3,6,6,3632,"PASS"
"lodo_out_LV_UF-4","stromal / mesothelial-lineage (unresolved)","LV_NOT_UF_vs_SV","COL11A1",-2.08254769633662,0.916191150861131,-4.00392982683775,-0.161165565835488,-2.27304934606629,0.0351794657389075,NA,18.4643672239934,3,6,6,3632,"INSUFFICIENT DATA"
"lodo_out_LV_UF-4","stromal / mesothelial-lineage (unresolved)","LV_NOT_UF_vs_SV","THBS3",0.132898678555462,0.460697251191004,-0.831508486814201,1.09730584392512,0.288472914070768,0.776115743985375,NA,18.954485626789,3,6,6,3632,"PASS"
"lodo_out_LV_UF-4","stromal / mesothelial-lineage (unresolved)","LV_NOT_UF_vs_SV","COL3A1",1.12370838763732,1.01208894235284,-1.03811772855041,3.28553450382506,1.11028620174922,0.284777850510501,NA,14.6414982940909,3,6,6,3632,"PASS"
"lodo_out_LV_UF-4","stromal / mesothelial-lineage (unresolved)","LV_NOT_UF_vs_SV","FN1",1.77763392868144,1.11952934086117,-0.61385813207982,4.1691259894427,1.58784041096595,0.133695412777155,NA,14.6296720939039,3,6,6,3632,"PASS"
"lodo_out_LV_UF-4","stromal / mesothelial-lineage (unresolved)","LV_NOT_UF_vs_SV","COL8A1",0.555013436760982,0.629698344793065,-0.774910488177539,1.8849373616995,0.881395737102299,0.390560145392617,NA,16.7720909046543,3,6,6,3632,"PASS"
"lodo_out_LV_UF-4","stromal / mesothelial-lineage (unresolved)","LV_NOT_UF_vs_SV","VCAN",1.62047985286548,1.01751956009126,-0.546586680840799,3.78754638657177,1.59257857678937,0.131916561625528,NA,15.1383519311002,3,6,6,3632,"PASS"
"lodo_out_LV_UF-4","stromal / mesothelial-lineage (unresolved)","LV_NOT_UF_vs_SV","EDIL3",4.06452032900351,1.09681081667412,1.77207740331937,6.35696325468764,3.70576244071739,0.00145738830493428,NA,19.4011586565749,3,6,6,3632,"PASS"
"lodo_out_LV_UF-4","stromal / mesothelial-lineage (unresolved)","LV_NOT_UF_vs_SV","LOX",0.223385323032038,0.845290442063627,-1.57638841387923,2.02315905994331,0.26427049439561,0.795124372189971,NA,15.1860090500508,3,6,6,3632,"PASS"
"lodo_out_LV_UF-4","stromal / mesothelial-lineage (unresolved)","LV_NOT_UF_vs_SV","INHBA",1.4990493815166,0.795547061552319,-0.174340806788922,3.17243956982212,1.88430006716582,0.0760531538721995,NA,17.7036326304324,3,6,6,3632,"PASS"
"lodo_out_LV_UF-4","stromal / mesothelial-lineage (unresolved)","LV_NOT_UF_vs_SV","ISM1",1.94334863711198,1.18337810537321,-0.49118133007748,4.37787860430144,1.64220432023212,0.112798044885496,NA,25.5553741484035,3,6,6,3632,"INSUFFICIENT DATA"
"lodo_out_LV_UF-4","stromal / mesothelial-lineage (unresolved)","LV_NOT_UF_vs_SV","COMP",1.7893126229579,1.3088260999997,-0.944347616345262,4.52297286226106,1.36711257741446,0.187059287372013,NA,19.6087047416259,3,6,6,3632,"PASS"
"lodo_out_SV-1","stromal / mesothelial-lineage (unresolved)","LV_UF_vs_LV_NOT_UF","COL11A1",-0.958720400247239,1.87392517116906,-4.90361961985365,2.98617881935918,-0.511610823632374,0.615315194710213,NA,17.5090040869104,4,6,5,3540,"INSUFFICIENT DATA"
"lodo_out_SV-1","stromal / mesothelial-lineage (unresolved)","LV_UF_vs_LV_NOT_UF","THBS3",-1.49501781420053,0.597140902793191,-2.7443989176984,-0.245636710702665,-2.50362654309465,0.0215209641681356,NA,19.1014599493402,4,6,5,3540,"PASS"
"lodo_out_SV-1","stromal / mesothelial-lineage (unresolved)","LV_UF_vs_LV_NOT_UF","COL3A1",-1.90392009546289,1.09442984659478,-4.20438114460756,0.396540953681788,-1.73964562588161,0.099110682817447,NA,17.8754111513654,4,6,5,3540,"PASS"
"lodo_out_SV-1","stromal / mesothelial-lineage (unresolved)","LV_UF_vs_LV_NOT_UF","FN1",-2.8867135062258,1.31843522890258,-5.65835592271424,-0.115071089737361,-2.18949967578506,0.0420973501790789,NA,17.8461378322899,4,6,5,3540,"PASS"
"lodo_out_SV-1","stromal / mesothelial-lineage (unresolved)","LV_UF_vs_LV_NOT_UF","COL8A1",-2.60291223164906,0.886562473408564,-4.46681516240053,-0.739009300897594,-2.93596030705163,0.00889698017460287,NA,17.8259683758509,4,6,5,3540,"PASS"
"lodo_out_SV-1","stromal / mesothelial-lineage (unresolved)","LV_UF_vs_LV_NOT_UF","VCAN",-0.578333156095624,1.08972339385459,-2.86968466728877,1.71301835509753,-0.530715555302464,0.602178539334174,NA,17.7911851227153,4,6,5,3540,"PASS"
"lodo_out_SV-1","stromal / mesothelial-lineage (unresolved)","LV_UF_vs_LV_NOT_UF","EDIL3",-2.5006987028076,1.18954575228234,-4.9701903808518,-0.0312070247634137,-2.10222994618711,0.0474138968535614,NA,21.6187605391049,4,6,5,3540,"PASS"
"lodo_out_SV-1","stromal / mesothelial-lineage (unresolved)","LV_UF_vs_LV_NOT_UF","LOX",-1.6489336722068,1.00662420863154,-3.76553244251786,0.467665098104272,-1.63808267083944,0.118966044963542,NA,17.7935987579729,4,6,5,3540,"PASS"
"lodo_out_SV-1","stromal / mesothelial-lineage (unresolved)","LV_UF_vs_LV_NOT_UF","INHBA",1.13170988631902,0.801507208441195,-0.547780116582136,2.81119988922018,1.41197717799696,0.174394371634615,NA,18.685012136368,4,6,5,3540,"PASS"
"lodo_out_SV-1","stromal / mesothelial-lineage (unresolved)","LV_UF_vs_LV_NOT_UF","ISM1",-1.01433676570911,1.49855151118108,-4.12550397396695,2.09683044254873,-0.676878144088398,0.505669091879124,NA,21.5974896746717,4,6,5,3540,"INSUFFICIENT DATA"
"lodo_out_SV-1","stromal / mesothelial-lineage (unresolved)","LV_UF_vs_LV_NOT_UF","COMP",-3.94174434153863,1.88056173672137,-7.84042208671981,-0.0430665963574488,-2.09604623159609,0.0477279478908913,NA,22.1340095984754,4,6,5,3540,"PASS"
"lodo_out_SV-1","stromal / mesothelial-lineage (unresolved)","LV_UF_vs_SV","COL11A1",-2.97866879578505,1.63410078225118,-6.41870098054903,0.461363388978925,-1.82281829134282,0.0854535662135632,NA,17.5090040869104,4,6,5,3540,"INSUFFICIENT DATA"
"lodo_out_SV-1","stromal / mesothelial-lineage (unresolved)","LV_UF_vs_SV","THBS3",-1.54180751737474,0.598860466626995,-2.79478641588241,-0.288828618867082,-2.57456887421335,0.0185141938147841,NA,19.1014599493402,4,6,5,3540,"PASS"
"lodo_out_SV-1","stromal / mesothelial-lineage (unresolved)","LV_UF_vs_SV","COL3A1",-0.947212912543166,1.08306162791282,-3.22377828271183,1.3293524576255,-0.874569727272628,0.393407214463375,NA,17.8754111513654,4,6,5,3540,"PASS"
"lodo_out_SV-1","stromal / mesothelial-lineage (unresolved)","LV_UF_vs_SV","FN1",-1.2549895082212,1.26241879813107,-3.90887299947533,1.39889398303294,-0.994115035421783,0.333455723773792,NA,17.8461378322899,4,6,5,3540,"PASS"
"lodo_out_SV-1","stromal / mesothelial-lineage (unresolved)","LV_UF_vs_SV","COL8A1",-2.08093386329012,0.887942494310518,-3.9477381406255,-0.214129585954738,-2.34354575507275,0.030904060120285,NA,17.8259683758509,4,6,5,3540,"PASS"
"lodo_out_SV-1","stromal / mesothelial-lineage (unresolved)","LV_UF_vs_SV","VCAN",0.874040761596166,1.12213884481344,-1.48547042475808,3.23355194795041,0.778906073554094,0.446272281204374,NA,17.7911851227153,4,6,5,3540,"PASS"
"lodo_out_SV-1","stromal / mesothelial-lineage (unresolved)","LV_UF_vs_SV","EDIL3",1.09405511372253,1.32727751624611,-1.6613670922213,3.84947731966636,0.824285125251584,0.418779430862759,NA,21.6187605391049,4,6,5,3540,"PASS"
"lodo_out_SV-1","stromal / mesothelial-lineage (unresolved)","LV_UF_vs_SV","LOX",-1.67616315919467,1.03083078249118,-3.84366037206793,0.491334053678585,-1.62603134060854,0.121522264408849,NA,17.7935987579729,4,6,5,3540,"PASS"
"lodo_out_SV-1","stromal / mesothelial-lineage (unresolved)","LV_UF_vs_SV","INHBA",2.29309782147566,0.867251288959501,0.475846704491487,4.11034893845983,2.6440984875639,0.016150621805946,NA,18.685012136368,4,6,5,3540,"PASS"
"lodo_out_SV-1","stromal / mesothelial-lineage (unresolved)","LV_UF_vs_SV","ISM1",2.1539479056373,1.86484909905099,-1.71769569288264,6.02559150415724,1.15502530833912,0.26069974260412,NA,21.5974896746717,4,6,5,3540,"INSUFFICIENT DATA"
"lodo_out_SV-1","stromal / mesothelial-lineage (unresolved)","LV_UF_vs_SV","COMP",-2.67357513013231,1.97397170429503,-6.76590531152249,1.41875505125787,-1.3544141105544,0.189270502582557,NA,22.1340095984754,4,6,5,3540,"PASS"
"lodo_out_SV-1","stromal / mesothelial-lineage (unresolved)","LV_NOT_UF_vs_SV","COL11A1",-2.01994839553781,1.03772729476279,-4.20452313643855,0.164626345362918,-1.94651177215065,0.0678208225230522,NA,17.5090040869104,4,6,5,3540,"INSUFFICIENT DATA"
"lodo_out_SV-1","stromal / mesothelial-lineage (unresolved)","LV_NOT_UF_vs_SV","THBS3",-0.0467897031742121,0.491467516484276,-1.07507335483212,0.981493948483693,-0.0952040605021535,0.925144415988117,NA,19.1014599493402,4,6,5,3540,"PASS"
"lodo_out_SV-1","stromal / mesothelial-lineage (unresolved)","LV_NOT_UF_vs_SV","COL3A1",0.956707182919722,0.967488846554144,-1.07692742043535,2.99034178627479,0.988856033149299,0.335930854512268,NA,17.8754111513654,4,6,5,3540,"PASS"
"lodo_out_SV-1","stromal / mesothelial-lineage (unresolved)","LV_NOT_UF_vs_SV","FN1",1.6317239980046,1.12569083604864,-0.73472708024953,3.99817507625874,1.44953120852633,0.164535631498978,NA,17.8461378322899,4,6,5,3540,"PASS"
"lodo_out_SV-1","stromal / mesothelial-lineage (unresolved)","LV_NOT_UF_vs_SV","COL8A1",0.521978368358942,0.710108663310109,-0.970949268885822,2.01490600560371,0.73506830056936,0.471858698791792,NA,17.8259683758509,4,6,5,3540,"PASS"
"lodo_out_SV-1","stromal / mesothelial-lineage (unresolved)","LV_NOT_UF_vs_SV","VCAN",1.45237391769179,1.02815790879649,-0.709524405636659,3.61427224102024,1.41259810897323,0.175028591404889,NA,17.7911851227153,4,6,5,3540,"PASS"
"lodo_out_SV-1","stromal / mesothelial-lineage (unresolved)","LV_NOT_UF_vs_SV","EDIL3",3.59475381653014,1.0730666109517,1.3670723165559,5.82243531650437,3.34998198605952,0.00294712535071358,NA,21.6187605391049,4,6,5,3540,"PASS"
"lodo_out_SV-1","stromal / mesothelial-lineage (unresolved)","LV_NOT_UF_vs_SV","LOX",-0.0272294869878765,0.841972267093025,-1.79761951922028,1.74316054524453,-0.032340123365213,0.974560817734115,NA,17.7935987579729,4,6,5,3540,"PASS"
"lodo_out_SV-1","stromal / mesothelial-lineage (unresolved)","LV_NOT_UF_vs_SV","INHBA",1.16138793515663,0.824820268832987,-0.566952597662022,2.88972846797529,1.40804970372497,0.175537326498989,NA,18.685012136368,4,6,5,3540,"PASS"
"lodo_out_SV-1","stromal / mesothelial-lineage (unresolved)","LV_NOT_UF_vs_SV","ISM1",3.16828467134641,1.41004012915121,0.240877385436425,6.09569195725639,2.24694645623567,0.0352079290082047,NA,21.5974896746717,4,6,5,3540,"INSUFFICIENT DATA"
"lodo_out_SV-1","stromal / mesothelial-lineage (unresolved)","LV_NOT_UF_vs_SV","COMP",1.26816921140632,1.25482584670809,-1.33326710791819,3.86960553073083,1.01063363871029,0.323112971468294,NA,22.1340095984754,4,6,5,3540,"PASS"
"lodo_out_SV-2","stromal / mesothelial-lineage (unresolved)","LV_UF_vs_LV_NOT_UF","COL11A1",-0.901067328147911,1.80177318455996,-4.69124471382254,2.88911005752672,-0.500100309999881,0.623169078824142,NA,17.6879602612783,4,6,5,2945,"INSUFFICIENT DATA"
"lodo_out_SV-2","stromal / mesothelial-lineage (unresolved)","LV_UF_vs_LV_NOT_UF","THBS3",-1.47017176363609,0.605469291059374,-2.73654324145325,-0.203800285818922,-2.42815248493242,0.0251647230390998,NA,19.1994219569914,4,6,5,2945,"PASS"
"lodo_out_SV-2","stromal / mesothelial-lineage (unresolved)","LV_UF_vs_LV_NOT_UF","COL3A1",-1.88880596775125,1.08754827965134,-4.17425616865258,0.396644233150086,-1.73675597037107,0.099574698450413,NA,17.9347442917424,4,6,5,2945,"PASS"
"lodo_out_SV-2","stromal / mesothelial-lineage (unresolved)","LV_UF_vs_LV_NOT_UF","FN1",-2.87700383017126,1.29845228627617,-5.60598127647483,-0.148026383867696,-2.2157177900023,0.0399115232958017,NA,17.9056764128906,4,6,5,2945,"PASS"
"lodo_out_SV-2","stromal / mesothelial-lineage (unresolved)","LV_UF_vs_LV_NOT_UF","COL8A1",-2.58795896794433,0.883691313567538,-4.44536284461604,-0.730555091272616,-2.92857803195611,0.00901620419912662,NA,17.8875002236525,4,6,5,2945,"PASS"
"lodo_out_SV-2","stromal / mesothelial-lineage (unresolved)","LV_UF_vs_LV_NOT_UF","VCAN",-0.547519267213349,1.05445642837755,-2.76417792505018,1.66913939062349,-0.519243140331359,0.609969475798597,NA,17.8508071488701,4,6,5,2945,"PASS"
"lodo_out_SV-2","stromal / mesothelial-lineage (unresolved)","LV_UF_vs_LV_NOT_UF","EDIL3",-2.47984136432828,1.17831115131829,-4.92557115050002,-0.0341115781565406,-2.10457260083964,0.0471519707886362,NA,21.6846559159187,4,6,5,2945,"PASS"
"lodo_out_SV-2","stromal / mesothelial-lineage (unresolved)","LV_UF_vs_LV_NOT_UF","LOX",-1.62315423562491,1.0218773009425,-3.77130367361634,0.524995202366522,-1.58840423808987,0.129746790736507,NA,17.8533338075635,4,6,5,2945,"PASS"
"lodo_out_SV-2","stromal / mesothelial-lineage (unresolved)","LV_UF_vs_LV_NOT_UF","INHBA",1.1261789302984,0.804680240514579,-0.559505670850802,2.81186353144761,1.39953595676493,0.177972490485175,NA,18.7583796146726,4,6,5,2945,"PASS"
"lodo_out_SV-2","stromal / mesothelial-lineage (unresolved)","LV_UF_vs_LV_NOT_UF","ISM1",-0.986694524180332,1.35468955437557,-3.7896053761359,1.81621632777523,-0.728354714918532,0.473772100292684,NA,22.9228493820624,4,6,5,2945,"INSUFFICIENT DATA"
"lodo_out_SV-2","stromal / mesothelial-lineage (unresolved)","LV_UF_vs_LV_NOT_UF","COMP",-3.91396740089445,1.77960689280597,-7.60409450953645,-0.22384029225246,-2.19934380829643,0.0386304107265169,NA,22.0568757912383,4,6,5,2945,"PASS"
"lodo_out_SV-2","stromal / mesothelial-lineage (unresolved)","LV_UF_vs_SV","COL11A1",-3.01412188092947,1.60993591982463,-6.40075387656261,0.37251011470367,-1.87219990796764,0.0778081076937398,NA,17.6879602612783,4,6,5,2945,"INSUFFICIENT DATA"
"lodo_out_SV-2","stromal / mesothelial-lineage (unresolved)","LV_UF_vs_SV","THBS3",-1.36008495478728,0.608722598562545,-2.63326089963757,-0.0869090099369847,-2.2343263713209,0.0375409601667285,NA,19.1994219569914,4,6,5,2945,"PASS"
"lodo_out_SV-2","stromal / mesothelial-lineage (unresolved)","LV_UF_vs_SV","COL3A1",-0.929105982058165,1.07647240270638,-3.19128055863766,1.33306859452133,-0.863102462935681,0.399476414373441,NA,17.9347442917424,4,6,5,2945,"PASS"
"lodo_out_SV-2","stromal / mesothelial-lineage (unresolved)","LV_UF_vs_SV","FN1",-1.31886125706955,1.24600975192517,-3.93761941000092,1.29989689586182,-1.05846784508052,0.303913258571312,NA,17.9056764128906,4,6,5,2945,"PASS"
"lodo_out_SV-2","stromal / mesothelial-lineage (unresolved)","LV_UF_vs_SV","COL8A1",-2.10381112985056,0.886007759414601,-3.96608387354674,-0.241538386154386,-2.37448386596589,0.028975155133769,NA,17.8875002236525,4,6,5,2945,"PASS"
"lodo_out_SV-2","stromal / mesothelial-lineage (unresolved)","LV_UF_vs_SV","VCAN",0.795163936218925,1.08411709111228,-1.48384681420202,3.07417468663987,0.733466839272044,0.47279741404546,NA,17.8508071488701,4,6,5,2945,"PASS"
"lodo_out_SV-2","stromal / mesothelial-lineage (unresolved)","LV_UF_vs_SV","EDIL3",1.01090507940596,1.31147521262706,-1.71122310189774,3.73303326070965,0.770815238955969,0.44913413832456,NA,21.6846559159187,4,6,5,2945,"PASS"
"lodo_out_SV-2","stromal / mesothelial-lineage (unresolved)","LV_UF_vs_SV","LOX",-1.48337187098062,1.04460299546531,-3.67929435165742,0.712550609696177,-1.42003409660899,0.172825134515362,NA,17.8533338075635,4,6,5,2945,"PASS"
"lodo_out_SV-2","stromal / mesothelial-lineage (unresolved)","LV_UF_vs_SV","INHBA",2.34140546656357,0.873997762902814,0.510511036470458,4.17229989665668,2.67896048015849,0.0149565898547338,NA,18.7583796146726,4,6,5,2945,"PASS"
"lodo_out_SV-2","stromal / mesothelial-lineage (unresolved)","LV_UF_vs_SV","ISM1",-0.0439387290750954,1.45814301373106,-3.06089923023867,2.97302177208848,-0.0301333467714296,0.976221532403104,NA,22.9228493820624,4,6,5,2945,"INSUFFICIENT DATA"
"lodo_out_SV-2","stromal / mesothelial-lineage (unresolved)","LV_UF_vs_SV","COMP",-2.70271232680841,1.85800232757651,-6.55539731281648,1.14997265919966,-1.45463344512259,0.159854824873035,NA,22.0568757912383,4,6,5,2945,"PASS"
"lodo_out_SV-2","stromal / mesothelial-lineage (unresolved)","LV_NOT_UF_vs_SV","COL11A1",-2.11305455278156,1.04779674114976,-4.31718076973337,0.0910716641702591,-2.01666455887512,0.0591730999478951,NA,17.6879602612783,4,6,5,2945,"INSUFFICIENT DATA"
"lodo_out_SV-2","stromal / mesothelial-lineage (unresolved)","LV_NOT_UF_vs_SV","THBS3",0.110086808848809,0.499054639861948,-0.933712721739628,1.15388633943725,0.220590692993581,0.827739951617392,NA,19.1994219569914,4,6,5,2945,"PASS"
"lodo_out_SV-2","stromal / mesothelial-lineage (unresolved)","LV_NOT_UF_vs_SV","COL3A1",0.959699985693083,0.962033973639928,-1.06198565297498,2.98138562436115,0.997573902782234,0.331755954103766,NA,17.9347442917424,4,6,5,2945,"PASS"
"lodo_out_SV-2","stromal / mesothelial-lineage (unresolved)","LV_NOT_UF_vs_SV","FN1",1.55814257310171,1.10538156350875,-0.765055120227744,3.88134026643117,1.40959703376614,0.175791313361513,NA,17.9056764128906,4,6,5,2945,"PASS"
"lodo_out_SV-2","stromal / mesothelial-lineage (unresolved)","LV_NOT_UF_vs_SV","COL8A1",0.484147838093767,0.707089674954968,-1.00206242928318,1.97035810547072,0.684705003116613,0.502306442480592,NA,17.8875002236525,4,6,5,2945,"PASS"
"lodo_out_SV-2","stromal / mesothelial-lineage (unresolved)","LV_NOT_UF_vs_SV","VCAN",1.34268320343227,0.989728650995057,-0.737905926753989,3.42327233361854,1.3566174951916,0.191812995303452,NA,17.8508071488701,4,6,5,2945,"PASS"
"lodo_out_SV-2","stromal / mesothelial-lineage (unresolved)","LV_NOT_UF_vs_SV","EDIL3",3.49074644373424,1.05358388266331,1.30390345139113,5.67758943607735,3.31321169692736,0.00320524556026991,NA,21.6846559159187,4,6,5,2945,"PASS"
"lodo_out_SV-2","stromal / mesothelial-lineage (unresolved)","LV_NOT_UF_vs_SV","LOX",0.13978236464429,0.857500018090884,-1.66281974838887,1.94238447767745,0.163011500519262,0.872340358820217,NA,17.8533338075635,4,6,5,2945,"PASS"
"lodo_out_SV-2","stromal / mesothelial-lineage (unresolved)","LV_NOT_UF_vs_SV","INHBA",1.21522653626516,0.831670031264375,-0.526997634721217,2.95745070725155,1.46118832058632,0.160513093179601,NA,18.7583796146726,4,6,5,2945,"PASS"
"lodo_out_SV-2","stromal / mesothelial-lineage (unresolved)","LV_NOT_UF_vs_SV","ISM1",0.942755795105237,1.1047763013323,-1.34307380621251,3.22858539642298,0.853345418405814,0.402297087491259,NA,22.9228493820624,4,6,5,2945,"INSUFFICIENT DATA"
"lodo_out_SV-2","stromal / mesothelial-lineage (unresolved)","LV_NOT_UF_vs_SV","COMP",1.21125507408604,1.18149602443703,-1.23865143400433,3.66116158217642,1.02518760032493,0.31638736279311,NA,22.0568757912383,4,6,5,2945,"PASS"
"lodo_out_SV-3","stromal / mesothelial-lineage (unresolved)","LV_UF_vs_LV_NOT_UF","COL11A1",-1.02541084476358,1.75335213033372,-4.7160552796003,2.66523359007315,-0.584828812777273,0.566112067186215,NA,17.536687932113,4,6,5,3346,"INSUFFICIENT DATA"
"lodo_out_SV-3","stromal / mesothelial-lineage (unresolved)","LV_UF_vs_LV_NOT_UF","THBS3",-1.54267567434871,0.608593370565068,-2.8161400006406,-0.269211348056822,-2.53482168712479,0.0201600727656392,NA,19.074409002787,4,6,5,3346,"PASS"
"lodo_out_SV-3","stromal / mesothelial-lineage (unresolved)","LV_UF_vs_LV_NOT_UF","COL3A1",-1.94138792203513,1.09612424019613,-4.24577958008392,0.363003736013653,-1.77113857247401,0.0936243510337524,NA,17.8358549075979,4,6,5,3346,"PASS"
"lodo_out_SV-3","stromal / mesothelial-lineage (unresolved)","LV_UF_vs_LV_NOT_UF","FN1",-2.93750117973954,1.30190159688265,-5.67485984828147,-0.200142511197611,-2.25631582814958,0.0368728983185901,NA,17.8035548562459,4,6,5,3346,"PASS"
"lodo_out_SV-3","stromal / mesothelial-lineage (unresolved)","LV_UF_vs_LV_NOT_UF","COL8A1",-2.63248147599819,0.898451151461283,-4.52165665801212,-0.743306293984264,-2.93002181778787,0.0090256562107628,NA,17.789876865552,4,6,5,3346,"PASS"
"lodo_out_SV-3","stromal / mesothelial-lineage (unresolved)","LV_UF_vs_LV_NOT_UF","VCAN",-0.619207788368441,1.06875033258179,-2.86672109848095,1.62830552174407,-0.579375528120414,0.569611610781472,NA,17.7626898478329,4,6,5,3346,"PASS"
"lodo_out_SV-3","stromal / mesothelial-lineage (unresolved)","LV_UF_vs_LV_NOT_UF","EDIL3",-2.55902703615556,1.07455947224254,-4.78211765313804,-0.335936419173088,-2.3814661749852,0.0259193597952866,NA,22.9636001788679,4,6,5,3346,"PASS"
"lodo_out_SV-3","stromal / mesothelial-lineage (unresolved)","LV_UF_vs_LV_NOT_UF","LOX",-1.68610623997283,1.03003997510861,-3.85228863481503,0.480076154869359,-1.63693281884041,0.119246526182239,NA,17.7542927644807,4,6,5,3346,"PASS"
"lodo_out_SV-3","stromal / mesothelial-lineage (unresolved)","LV_UF_vs_LV_NOT_UF","INHBA",1.09108706711692,0.818728313116515,-0.623532331898811,2.80570646613265,1.33266072473256,0.19853971483546,NA,18.8374543153007,4,6,5,3346,"PASS"
"lodo_out_SV-3","stromal / mesothelial-lineage (unresolved)","LV_UF_vs_LV_NOT_UF","ISM1",-1.0823241686891,1.60636689747888,-4.39918300590209,2.2345346685239,-0.673771459302205,0.50694822787757,NA,23.7992543628762,4,6,5,3346,"INSUFFICIENT DATA"
"lodo_out_SV-3","stromal / mesothelial-lineage (unresolved)","LV_UF_vs_LV_NOT_UF","COMP",-4.01394403709879,1.95125651378024,-8.06110260133858,0.0332145271409949,-2.05710730944463,0.051748968244555,NA,21.9531996825682,4,6,5,3346,"PASS"
"lodo_out_SV-3","stromal / mesothelial-lineage (unresolved)","LV_UF_vs_SV","COL11A1",-3.36017634377289,1.50501826818153,-6.52810091505371,-0.192251772492068,-2.23264821086384,0.0388704790168345,NA,17.536687932113,4,6,5,3346,"INSUFFICIENT DATA"
"lodo_out_SV-3","stromal / mesothelial-lineage (unresolved)","LV_UF_vs_SV","THBS3",-1.36980136219227,0.610511318073412,-2.64727893912031,-0.0923237852642371,-2.24369527908991,0.0369144622838778,NA,19.074409002787,4,6,5,3346,"PASS"
"lodo_out_SV-3","stromal / mesothelial-lineage (unresolved)","LV_UF_vs_SV","COL3A1",-0.57836614692111,1.07375425633384,-2.83572919059156,1.67899689674934,-0.538639212379791,0.59679513467274,NA,17.8358549075979,4,6,5,3346,"PASS"
"lodo_out_SV-3","stromal / mesothelial-lineage (unresolved)","LV_UF_vs_SV","FN1",-0.76079618708835,1.23108837154554,-3.34926403570341,1.82767166152671,-0.61798665690687,0.544409262062578,NA,17.8035548562459,4,6,5,3346,"PASS"
"lodo_out_SV-3","stromal / mesothelial-lineage (unresolved)","LV_UF_vs_SV","COL8A1",-2.12986017248829,0.90005449610602,-4.02240671075918,-0.2373136342174,-2.36636801627332,0.0295265551655942,NA,17.789876865552,4,6,5,3346,"PASS"
"lodo_out_SV-3","stromal / mesothelial-lineage (unresolved)","LV_UF_vs_SV","VCAN",1.41757457200615,1.11755410041607,-0.932569927493883,3.76771907150619,1.26846169816601,0.221006076792698,NA,17.7626898478329,4,6,5,3346,"PASS"
"lodo_out_SV-3","stromal / mesothelial-lineage (unresolved)","LV_UF_vs_SV","EDIL3",3.73498609051899,1.42667825919619,0.783418370537029,6.68655381050096,2.61795963206402,0.015389640729727,NA,22.9636001788679,4,6,5,3346,"PASS"
"lodo_out_SV-3","stromal / mesothelial-lineage (unresolved)","LV_UF_vs_SV","LOX",-1.59145293489767,1.05252714979682,-3.80492603990304,0.622020170107691,-1.51203029318996,0.148121875746608,NA,17.7542927644807,4,6,5,3346,"PASS"
"lodo_out_SV-3","stromal / mesothelial-lineage (unresolved)","LV_UF_vs_SV","INHBA",2.7561242469073,0.917502032139102,0.834648272839962,4.67760022097463,3.00394347953819,0.00734731946041814,NA,18.8374543153007,4,6,5,3346,"PASS"
"lodo_out_SV-3","stromal / mesothelial-lineage (unresolved)","LV_UF_vs_SV","ISM1",1.11624150338299,1.87491951996073,-2.75513021661765,4.98761322338364,0.595354356013303,0.557226049200175,NA,23.7992543628762,4,6,5,3346,"INSUFFICIENT DATA"
"lodo_out_SV-3","stromal / mesothelial-lineage (unresolved)","LV_UF_vs_SV","COMP",-2.64019365871837,2.05803014773409,-6.90881455968298,1.62842724224624,-1.28287414138478,0.212915656398517,NA,21.9531996825682,4,6,5,3346,"PASS"
"lodo_out_SV-3","stromal / mesothelial-lineage (unresolved)","LV_NOT_UF_vs_SV","COL11A1",-2.33476549900931,0.975406602896308,-4.38790638748393,-0.281624610534691,-2.39363306756035,0.028102819199313,NA,17.536687932113,4,6,5,3346,"INSUFFICIENT DATA"
"lodo_out_SV-3","stromal / mesothelial-lineage (unresolved)","LV_NOT_UF_vs_SV","THBS3",0.172874312156436,0.499612637455853,-0.872550928302385,1.21829955261526,0.346016692125229,0.733117485803255,NA,19.074409002787,4,6,5,3346,"PASS"
"lodo_out_SV-3","stromal / mesothelial-lineage (unresolved)","LV_NOT_UF_vs_SV","COL3A1",1.36302177511402,0.980113465366631,-0.697479407788409,3.42352295801645,1.39067753201835,0.181432450881083,NA,17.8358549075979,4,6,5,3346,"PASS"
"lodo_out_SV-3","stromal / mesothelial-lineage (unresolved)","LV_NOT_UF_vs_SV","FN1",2.17670499265119,1.1358263089425,-0.211466279422289,4.56487626472467,1.91640656279374,0.0715096794788259,NA,17.8035548562459,4,6,5,3346,"PASS"
"lodo_out_SV-3","stromal / mesothelial-lineage (unresolved)","LV_NOT_UF_vs_SV","COL8A1",0.502621303509904,0.716973118828878,-1.00495962624864,2.01020223326845,0.701032284628603,0.492351618368626,NA,17.789876865552,4,6,5,3346,"PASS"
"lodo_out_SV-3","stromal / mesothelial-lineage (unresolved)","LV_NOT_UF_vs_SV","VCAN",2.03678236037459,1.04010048158278,-0.150482153091974,4.22404687384116,1.95825537670658,0.0660950544936558,NA,17.7626898478329,4,6,5,3346,"PASS"
"lodo_out_SV-3","stromal / mesothelial-lineage (unresolved)","LV_NOT_UF_vs_SV","EDIL3",6.29401312667456,1.21958111247327,3.77089607468844,8.81713017866068,5.16079911561645,3.147798861626e-05,NA,22.9636001788679,4,6,5,3346,"PASS"
"lodo_out_SV-3","stromal / mesothelial-lineage (unresolved)","LV_NOT_UF_vs_SV","LOX",0.0946533050751601,0.859679330807285,-1.71325927754874,1.90256588769906,0.110103036891995,0.913562673719855,NA,17.7542927644807,4,6,5,3346,"PASS"
"lodo_out_SV-3","stromal / mesothelial-lineage (unresolved)","LV_NOT_UF_vs_SV","INHBA",1.66503717979037,0.875074216770289,-0.167584464795778,3.49765882437653,1.90273824537497,0.0724734072536306,NA,18.8374543153007,4,6,5,3346,"PASS"
"lodo_out_SV-3","stromal / mesothelial-lineage (unresolved)","LV_NOT_UF_vs_SV","ISM1",2.19856567207209,1.41693173628387,-0.727143615511447,5.12427495965563,1.55163838579703,0.133946434027328,NA,23.7992543628762,4,6,5,3346,"INSUFFICIENT DATA"
"lodo_out_SV-3","stromal / mesothelial-lineage (unresolved)","LV_NOT_UF_vs_SV","COMP",1.37375037838043,1.30679986126867,-1.33672167536028,4.08422243212113,1.05123241828841,0.304586524757713,NA,21.9531996825682,4,6,5,3346,"PASS"
"lodo_out_SV-4","stromal / mesothelial-lineage (unresolved)","LV_UF_vs_LV_NOT_UF","COL11A1",-1.02681418196478,1.84852639401228,-4.9200199857811,2.86639162185153,-0.55547715482496,0.585639492014111,NA,17.4015318900826,4,6,5,3532,"INSUFFICIENT DATA"
"lodo_out_SV-4","stromal / mesothelial-lineage (unresolved)","LV_UF_vs_LV_NOT_UF","THBS3",-1.54559418240421,0.608628998193844,-2.81897189808149,-0.272216466726918,-2.53946852185959,0.0199441420488387,NA,19.1102917154848,4,6,5,3532,"PASS"
"lodo_out_SV-4","stromal / mesothelial-lineage (unresolved)","LV_UF_vs_LV_NOT_UF","COL3A1",-1.94442869294217,1.10981292451304,-4.27720228322802,0.388344897343669,-1.7520328426481,0.0969027549035184,NA,17.8777736224205,4,6,5,3532,"PASS"
"lodo_out_SV-4","stromal / mesothelial-lineage (unresolved)","LV_UF_vs_LV_NOT_UF","FN1",-2.94108316628008,1.3289320997136,-5.73476194455104,-0.147404388009118,-2.21311771076484,0.0401630528976559,NA,17.8488212665185,4,6,5,3532,"PASS"
"lodo_out_SV-4","stromal / mesothelial-lineage (unresolved)","LV_UF_vs_LV_NOT_UF","COL8A1",-2.63527687656621,0.898758138945379,-4.52478246537459,-0.745771287757827,-2.93213130693703,0.00896893138826523,NA,17.8308450253409,4,6,5,3532,"PASS"
"lodo_out_SV-4","stromal / mesothelial-lineage (unresolved)","LV_UF_vs_LV_NOT_UF","VCAN",-0.623708759711442,1.09085557784199,-2.91742278508431,1.67000526566142,-0.571761076700277,0.574636603185331,NA,17.7931218153337,4,6,5,3532,"PASS"
"lodo_out_SV-4","stromal / mesothelial-lineage (unresolved)","LV_UF_vs_LV_NOT_UF","EDIL3",-2.56358634595529,1.18909392035531,-5.03188306940302,-0.0952896225075666,-2.15591577929291,0.0424729172758291,NA,21.6569365977553,4,6,5,3532,"PASS"
"lodo_out_SV-4","stromal / mesothelial-lineage (unresolved)","LV_UF_vs_LV_NOT_UF","LOX",-1.69012111319912,1.02997626549866,-3.85582140165207,0.475579175253834,-1.64093209699435,0.118368363493865,NA,17.7936165307447,4,6,5,3532,"PASS"
"lodo_out_SV-4","stromal / mesothelial-lineage (unresolved)","LV_UF_vs_LV_NOT_UF","INHBA",1.0889592971534,0.811824216688066,-0.612357673026585,2.79027626733338,1.34137326131504,0.195904979302497,NA,18.6518235893057,4,6,5,3532,"PASS"
"lodo_out_SV-4","stromal / mesothelial-lineage (unresolved)","LV_UF_vs_LV_NOT_UF","ISM1",-1.08425996342863,1.47457666113817,-4.13079525888487,1.96227533202761,-0.735302539368641,0.469418826680626,NA,23.5387980628179,4,6,5,3532,"INSUFFICIENT DATA"
"lodo_out_SV-4","stromal / mesothelial-lineage (unresolved)","LV_UF_vs_LV_NOT_UF","COMP",-4.01708846743323,1.88761225963736,-7.9325606847588,-0.101616250107661,-2.1281322193812,0.0448134220037282,NA,21.9223600289014,4,6,5,3532,"PASS"
"lodo_out_SV-4","stromal / mesothelial-lineage (unresolved)","LV_UF_vs_SV","COL11A1",-2.65443642304567,1.65376131758913,-6.13744493221285,0.828572086121512,-1.60509040501403,0.126467803963474,NA,17.4015318900826,4,6,5,3532,"INSUFFICIENT DATA"
"lodo_out_SV-4","stromal / mesothelial-lineage (unresolved)","LV_UF_vs_SV","THBS3",-1.37158124267981,0.610581247727103,-2.64904346806412,-0.0941190172955106,-2.24635336867213,0.0366918738662457,NA,19.1102917154848,4,6,5,3532,"PASS"
"lodo_out_SV-4","stromal / mesothelial-lineage (unresolved)","LV_UF_vs_SV","COL3A1",-0.832185385433405,1.09307496374033,-3.12977658417974,1.46540581331293,-0.761325081114108,0.456388823725314,NA,17.8777736224205,4,6,5,3532,"PASS"
"lodo_out_SV-4","stromal / mesothelial-lineage (unresolved)","LV_UF_vs_SV","FN1",-1.24986904823303,1.26916249619136,-3.91790026860262,1.41816217213657,-0.984798283894906,0.337885375119364,NA,17.8488212665185,4,6,5,3532,"PASS"
"lodo_out_SV-4","stromal / mesothelial-lineage (unresolved)","LV_UF_vs_SV","COL8A1",-2.08831412624592,0.89956936509243,-3.9795251976221,-0.197103054869742,-2.32145980875121,0.0323167319643169,NA,17.8308450253409,4,6,5,3532,"PASS"
"lodo_out_SV-4","stromal / mesothelial-lineage (unresolved)","LV_UF_vs_SV","VCAN",0.826151871945926,1.12126623865564,-1.53150586939262,3.18380961328447,0.736802592876119,0.470846704223834,NA,17.7931218153337,4,6,5,3532,"PASS"
"lodo_out_SV-4","stromal / mesothelial-lineage (unresolved)","LV_UF_vs_SV","EDIL3",1.05821485573853,1.32743435552752,-1.69724610008022,3.81367581155729,0.797188087932227,0.433995403940035,NA,21.6569365977553,4,6,5,3532,"PASS"
"lodo_out_SV-4","stromal / mesothelial-lineage (unresolved)","LV_UF_vs_SV","LOX",-1.42577115804665,1.05081873589439,-3.63529628563438,0.783753969541077,-1.35681931559121,0.191803581088837,NA,17.7936165307447,4,6,5,3532,"PASS"
"lodo_out_SV-4","stromal / mesothelial-lineage (unresolved)","LV_UF_vs_SV","INHBA",2.318609358725,0.880657662208691,0.473040090359142,4.16417862709085,2.63281574466737,0.0165602113115625,NA,18.6518235893057,4,6,5,3532,"PASS"
"lodo_out_SV-4","stromal / mesothelial-lineage (unresolved)","LV_UF_vs_SV","ISM1",0.441558935415427,1.60720043526117,-2.87898246601734,3.7621003368482,0.274737939169157,0.785914557040196,NA,23.5387980628179,4,6,5,3532,"INSUFFICIENT DATA"
"lodo_out_SV-4","stromal / mesothelial-lineage (unresolved)","LV_UF_vs_SV","COMP",-2.71891610359448,1.98203212082167,-6.8302433442933,1.39241113710434,-1.37178205894429,0.184008263595612,NA,21.9223600289014,4,6,5,3532,"PASS"
"lodo_out_SV-4","stromal / mesothelial-lineage (unresolved)","LV_NOT_UF_vs_SV","COL11A1",-1.62762224108089,1.02652477092944,-3.78959959173653,0.534355109574757,-1.58556547993207,0.130841704078424,NA,17.4015318900826,4,6,5,3532,"INSUFFICIENT DATA"
"lodo_out_SV-4","stromal / mesothelial-lineage (unresolved)","LV_NOT_UF_vs_SV","THBS3",0.174012939724392,0.499645902928783,-0.871349605285879,1.21937548473466,0.34827252401026,0.731442736061215,NA,19.1102917154848,4,6,5,3532,"PASS"
"lodo_out_SV-4","stromal / mesothelial-lineage (unresolved)","LV_NOT_UF_vs_SV","COL3A1",1.11224330750877,0.983649168849219,-0.955340113548354,3.17982672856589,1.13073171078871,0.273109613503204,NA,17.8777736224205,4,6,5,3532,"PASS"
"lodo_out_SV-4","stromal / mesothelial-lineage (unresolved)","LV_NOT_UF_vs_SV","FN1",1.69121411804705,1.13379338196435,-0.69224438282029,4.07467261891439,1.49164225594345,0.153256056227071,NA,17.8488212665185,4,6,5,3532,"PASS"
"lodo_out_SV-4","stromal / mesothelial-lineage (unresolved)","LV_NOT_UF_vs_SV","COL8A1",0.546962750320285,0.717965373035042,-0.962452882357563,2.05637838299813,0.761823300764658,0.456124642753604,NA,17.8308450253409,4,6,5,3532,"PASS"
"lodo_out_SV-4","stromal / mesothelial-lineage (unresolved)","LV_NOT_UF_vs_SV","VCAN",1.44986063165737,1.02649087981413,-0.708515395171757,3.60823665848649,1.41244375392785,0.175071474317285,NA,17.7931218153337,4,6,5,3532,"PASS"
"lodo_out_SV-4","stromal / mesothelial-lineage (unresolved)","LV_NOT_UF_vs_SV","EDIL3",3.62180120169383,1.06895207830567,1.40289244500275,5.8407099583849,3.38817920391203,0.0026874273430613,NA,21.6569365977553,4,6,5,3532,"PASS"
"lodo_out_SV-4","stromal / mesothelial-lineage (unresolved)","LV_NOT_UF_vs_SV","LOX",0.264349955152467,0.864354690325412,-1.55310280067111,2.08180271097604,0.305835044468775,0.763279493526833,NA,17.7936165307447,4,6,5,3532,"PASS"
"lodo_out_SV-4","stromal / mesothelial-lineage (unresolved)","LV_NOT_UF_vs_SV","INHBA",1.2296500615716,0.837754104723816,-0.526007439037572,2.98530756218077,1.46779353826858,0.158821866136561,NA,18.6518235893057,4,6,5,3532,"PASS"
"lodo_out_SV-4","stromal / mesothelial-lineage (unresolved)","LV_NOT_UF_vs_SV","ISM1",1.52581889884406,1.22563850581625,-1.00640005310745,4.05803785079557,1.24491756060478,0.225414180946777,NA,23.5387980628179,4,6,5,3532,"INSUFFICIENT DATA"
"lodo_out_SV-4","stromal / mesothelial-lineage (unresolved)","LV_NOT_UF_vs_SV","COMP",1.29817236383875,1.25475464039507,-1.30456392850293,3.90090865618042,1.03460256056914,0.312133368093105,NA,21.9223600289014,4,6,5,3532,"PASS"
"lodo_out_SV-5","stromal / mesothelial-lineage (unresolved)","LV_UF_vs_LV_NOT_UF","COL11A1",-1.04030159134469,1.66700991546847,-4.54707758291987,2.46647440023048,-0.62405243165716,0.540561583328393,NA,17.6821481252127,4,6,5,3511,"INSUFFICIENT DATA"
"lodo_out_SV-5","stromal / mesothelial-lineage (unresolved)","LV_UF_vs_LV_NOT_UF","THBS3",-1.56240312190857,0.601478409102096,-2.8195726004436,-0.305233643373539,-2.59760466587814,0.0174870045340871,NA,19.3964503002584,4,6,5,3511,"PASS"
"lodo_out_SV-5","stromal / mesothelial-lineage (unresolved)","LV_UF_vs_LV_NOT_UF","COL3A1",-1.96652545765248,1.10315540675571,-4.28260243450823,0.349551519203271,-1.78263683032281,0.0913608002563756,NA,18.1714599172039,4,6,5,3511,"PASS"
"lodo_out_SV-5","stromal / mesothelial-lineage (unresolved)","LV_UF_vs_LV_NOT_UF","FN1",-2.96575677833371,1.32076468548833,-5.73902851208559,-0.192485044581826,-2.24548461275459,0.0374293220241913,NA,18.141624543536,4,6,5,3511,"PASS"
"lodo_out_SV-5","stromal / mesothelial-lineage (unresolved)","LV_UF_vs_LV_NOT_UF","COL8A1",-2.65604848388214,0.894351901112712,-4.53408050706971,-0.778016460694568,-2.96980246877946,0.00816192496679922,NA,18.1254311359872,4,6,5,3511,"PASS"
"lodo_out_SV-5","stromal / mesothelial-lineage (unresolved)","LV_UF_vs_LV_NOT_UF","VCAN",-0.65485540392103,1.08597639718454,-2.9355889759269,1.62587816808484,-0.603010715167273,0.553986926210042,NA,18.0905355133768,4,6,5,3511,"PASS"
"lodo_out_SV-5","stromal / mesothelial-lineage (unresolved)","LV_UF_vs_LV_NOT_UF","EDIL3",-2.59723384506869,1.24177192953023,-5.17458518505077,-0.0198825050866045,-2.0915546432518,0.0484061322673354,NA,21.6988290836584,4,6,5,3511,"PASS"
"lodo_out_SV-5","stromal / mesothelial-lineage (unresolved)","LV_UF_vs_LV_NOT_UF","LOX",-1.7214514737006,1.02764321134737,-3.87968974796543,0.436786800564225,-1.67514508410323,0.111106157416683,NA,18.0888627669803,4,6,5,3511,"PASS"
"lodo_out_SV-5","stromal / mesothelial-lineage (unresolved)","LV_UF_vs_LV_NOT_UF","INHBA",1.07886047366106,0.816698216413965,-0.629707053149169,2.78742800047129,1.32100260779095,0.202083014148247,NA,19.1326010461747,4,6,5,3511,"PASS"
"lodo_out_SV-5","stromal / mesothelial-lineage (unresolved)","LV_UF_vs_LV_NOT_UF","ISM1",-1.09676262201202,1.48838753659869,-4.17237579764099,1.97885055361696,-0.736879740687946,0.468500683703577,NA,23.461949924566,4,6,5,3511,"INSUFFICIENT DATA"
"lodo_out_SV-5","stromal / mesothelial-lineage (unresolved)","LV_UF_vs_LV_NOT_UF","COMP",-4.03830258119851,1.50567773852183,-7.13974587335051,-0.936859289046518,-2.68204973606307,0.0127946905206337,NA,24.9299401721365,4,6,5,3511,"PASS"
"lodo_out_SV-5","stromal / mesothelial-lineage (unresolved)","LV_UF_vs_SV","COL11A1",-3.32203763554846,1.42635365797253,-6.3225613378132,-0.321513933283723,-2.32904204155829,0.0319308003588173,NA,17.6821481252127,4,6,5,3511,"INSUFFICIENT DATA"
"lodo_out_SV-5","stromal / mesothelial-lineage (unresolved)","LV_UF_vs_SV","THBS3",-1.56874030994,0.602297466748218,-2.82762172735476,-0.30985889252523,-2.60459390342378,0.0172266868342567,NA,19.3964503002584,4,6,5,3511,"PASS"
"lodo_out_SV-5","stromal / mesothelial-lineage (unresolved)","LV_UF_vs_SV","COL3A1",-0.754859998410512,1.08327076426512,-3.02918912869502,1.51946913187399,-0.696834091080271,0.49472538421923,NA,18.1714599172039,4,6,5,3511,"PASS"
"lodo_out_SV-5","stromal / mesothelial-lineage (unresolved)","LV_UF_vs_SV","FN1",-1.10341731747433,1.25488125757822,-3.73835051874323,1.53151588379457,-0.879300181440118,0.390737154230117,NA,18.141624543536,4,6,5,3511,"PASS"
"lodo_out_SV-5","stromal / mesothelial-lineage (unresolved)","LV_UF_vs_SV","COL8A1",-2.04174894764553,0.893371659062799,-3.91772257977034,-0.165775315520718,-2.28544181688889,0.0345425913269407,NA,18.1254311359872,4,6,5,3511,"PASS"
"lodo_out_SV-5","stromal / mesothelial-lineage (unresolved)","LV_UF_vs_SV","VCAN",1.07633617055424,1.11920156377963,-1.2741758543585,3.42684819546697,0.961700023827134,0.348879551059812,NA,18.0905355133768,4,6,5,3511,"PASS"
"lodo_out_SV-5","stromal / mesothelial-lineage (unresolved)","LV_UF_vs_SV","EDIL3",1.26433547117058,1.38982344228705,-1.62030318600392,4.14897412834507,0.909709415384461,0.3729704522328,NA,21.6988290836584,4,6,5,3511,"PASS"
"lodo_out_SV-5","stromal / mesothelial-lineage (unresolved)","LV_UF_vs_SV","LOX",-1.54308133372715,1.04821566559497,-3.74452551609555,0.658362848641257,-1.47210291200074,0.158178645782849,NA,18.0888627669803,4,6,5,3511,"PASS"
"lodo_out_SV-5","stromal / mesothelial-lineage (unresolved)","LV_UF_vs_SV","INHBA",2.67626122408196,0.900223505171174,0.792955228189931,4.559567219974,2.972885298716,0.00777542215173555,NA,19.1326010461747,4,6,5,3511,"PASS"
"lodo_out_SV-5","stromal / mesothelial-lineage (unresolved)","LV_UF_vs_SV","ISM1",0.60570171422979,1.63821347748975,-2.7795127087387,3.99091613719828,0.369733079694785,0.714897778548685,NA,23.461949924566,4,6,5,3511,"INSUFFICIENT DATA"
"lodo_out_SV-5","stromal / mesothelial-lineage (unresolved)","LV_UF_vs_SV","COMP",2.21938140157662,2.0856198721669,-2.07664529591654,6.51540809906979,1.06413514331869,0.297466532110325,NA,24.9299401721365,4,6,5,3511,"PASS"
"lodo_out_SV-5","stromal / mesothelial-lineage (unresolved)","LV_NOT_UF_vs_SV","COL11A1",-2.28173604420377,0.914338700116249,-4.20516851571048,-0.358303572697055,-2.49550417576514,0.0227131490293583,NA,17.6821481252127,4,6,5,3511,"INSUFFICIENT DATA"
"lodo_out_SV-5","stromal / mesothelial-lineage (unresolved)","LV_NOT_UF_vs_SV","THBS3",-0.00633718803142941,0.504060031321942,-1.0598893640328,1.04721498796994,-0.0125722882943319,0.990097445725239,NA,19.3964503002584,4,6,5,3511,"PASS"
"lodo_out_SV-5","stromal / mesothelial-lineage (unresolved)","LV_NOT_UF_vs_SV","COL3A1",1.21166545924197,0.97948401032975,-0.844763174140446,3.26809409262438,1.23704465459733,0.231819377790078,NA,18.1714599172039,4,6,5,3511,"PASS"
"lodo_out_SV-5","stromal / mesothelial-lineage (unresolved)","LV_NOT_UF_vs_SV","FN1",1.86233946085937,1.13258675010387,-0.515806210807816,4.24048513252657,1.64432389897603,0.117326101663997,NA,18.141624543536,4,6,5,3511,"PASS"
"lodo_out_SV-5","stromal / mesothelial-lineage (unresolved)","LV_NOT_UF_vs_SV","COL8A1",0.614299536236609,0.713402329551139,-0.883760029183603,2.11235910165682,0.861084286931213,0.400439566625013,NA,18.1254311359872,4,6,5,3511,"PASS"
"lodo_out_SV-5","stromal / mesothelial-lineage (unresolved)","LV_NOT_UF_vs_SV","VCAN",1.73119157447527,1.03224488720228,-0.436696765342481,3.89907991429301,1.67711324700029,0.110714118708804,NA,18.0905355133768,4,6,5,3511,"PASS"
"lodo_out_SV-5","stromal / mesothelial-lineage (unresolved)","LV_NOT_UF_vs_SV","EDIL3",3.86156931623926,1.12309999305497,1.53052671236178,6.19261192011675,3.43831300874227,0.00238086051130868,NA,21.6988290836584,4,6,5,3511,"PASS"
"lodo_out_SV-5","stromal / mesothelial-lineage (unresolved)","LV_NOT_UF_vs_SV","LOX",0.178370139973456,0.856432551124489,-1.6202945042854,1.97703478423231,0.208271088878228,0.837344398869537,NA,18.0888627669803,4,6,5,3511,"PASS"
"lodo_out_SV-5","stromal / mesothelial-lineage (unresolved)","LV_NOT_UF_vs_SV","INHBA",1.5974007504209,0.855838284284058,-0.193049468938389,3.38785096978019,1.8664749868688,0.0773787064707118,NA,19.1326010461747,4,6,5,3511,"PASS"
"lodo_out_SV-5","stromal / mesothelial-lineage (unresolved)","LV_NOT_UF_vs_SV","ISM1",1.7024643362418,1.21525978677579,-0.808755974404645,4.21368464688825,1.40090567857809,0.174330668027568,NA,23.461949924566,4,6,5,3511,"INSUFFICIENT DATA"
"lodo_out_SV-5","stromal / mesothelial-lineage (unresolved)","LV_NOT_UF_vs_SV","COMP",6.25768398277514,1.4469156745204,3.27728067452378,9.23808729102649,4.32484359176586,0.000215478479336749,NA,24.9299401721365,4,6,5,3511,"PASS"
"lodo_out_SV-6","stromal / mesothelial-lineage (unresolved)","LV_UF_vs_LV_NOT_UF","COL11A1",-1.02206850273546,1.79096982028871,-4.82260858826989,2.77847158279896,-0.570678797128308,0.576243029407727,NA,15.8028259983471,4,6,5,3651,"INSUFFICIENT DATA"
"lodo_out_SV-6","stromal / mesothelial-lineage (unresolved)","LV_UF_vs_LV_NOT_UF","THBS3",-1.54424601909091,0.608915609437045,-2.81939589569873,-0.26909614248309,-2.53605917660511,0.0202224407700678,NA,18.8525794318461,4,6,5,3651,"PASS"
"lodo_out_SV-6","stromal / mesothelial-lineage (unresolved)","LV_UF_vs_LV_NOT_UF","COL3A1",-1.94651244344672,1.1116163305895,-4.28485043873475,0.391825551841303,-1.75106499417337,0.0972531837709781,NA,17.6918924488997,4,6,5,3651,"PASS"
"lodo_out_SV-6","stromal / mesothelial-lineage (unresolved)","LV_UF_vs_LV_NOT_UF","FN1",-2.94313834967537,1.32550439722656,-5.73168468553237,-0.154592013818375,-2.22039123810792,0.0397263076629112,NA,17.6671957567953,4,6,5,3651,"PASS"
"lodo_out_SV-6","stromal / mesothelial-lineage (unresolved)","LV_UF_vs_LV_NOT_UF","COL8A1",-2.63915107791532,0.900078786152308,-4.53282180720494,-0.7454803486257,-2.93213340711791,0.00903832124285775,NA,17.6520491016635,4,6,5,3651,"PASS"
"lodo_out_SV-6","stromal / mesothelial-lineage (unresolved)","LV_UF_vs_LV_NOT_UF","VCAN",-0.62528421143008,1.10025543931906,-2.94036091941365,1.68979249655349,-0.568308221059161,0.576995218373618,NA,17.6254753857586,4,6,5,3651,"PASS"
"lodo_out_SV-6","stromal / mesothelial-lineage (unresolved)","LV_UF_vs_LV_NOT_UF","EDIL3",-2.5679156069186,1.27963537225025,-5.23716742472238,0.101336210885172,-2.00675572323614,0.0584836241951821,NA,20.0024307202463,4,6,5,3651,"PASS"
"lodo_out_SV-6","stromal / mesothelial-lineage (unresolved)","LV_UF_vs_LV_NOT_UF","LOX",-1.69419341834256,1.02375605506794,-3.84838166967915,0.459994832994024,-1.65487999797972,0.115654044208427,NA,17.6170038698666,4,6,5,3651,"PASS"
"lodo_out_SV-6","stromal / mesothelial-lineage (unresolved)","LV_UF_vs_LV_NOT_UF","INHBA",1.08565062033288,0.810155472993498,-0.615500792036928,2.78680203270269,1.34005219556369,0.196776235460246,NA,18.1371461158624,4,6,5,3651,"PASS"
"lodo_out_SV-6","stromal / mesothelial-lineage (unresolved)","LV_UF_vs_LV_NOT_UF","ISM1",-1.07792440967914,1.46563039722632,-4.0938942855838,1.93804546622552,-0.735468104181718,0.468785450431612,NA,25.4243283138195,4,6,5,3651,"INSUFFICIENT DATA"
"lodo_out_SV-6","stromal / mesothelial-lineage (unresolved)","LV_UF_vs_LV_NOT_UF","COMP",-4.01310597361448,1.99199795366038,-8.15663599231446,0.130424045085507,-2.01461350210739,0.0569782311601649,NA,20.9217600733494,4,6,5,3651,"PASS"
"lodo_out_SV-6","stromal / mesothelial-lineage (unresolved)","LV_UF_vs_SV","COL11A1",-3.18983184188595,1.5306256749434,-6.43790680533386,0.0582431215619637,-2.08400518435306,0.0537598655206279,NA,15.8028259983471,4,6,5,3651,"INSUFFICIENT DATA"
"lodo_out_SV-6","stromal / mesothelial-lineage (unresolved)","LV_UF_vs_SV","THBS3",-1.4607138115194,0.602895235060111,-2.72325622738077,-0.198171395658036,-2.42283190606701,0.0256454774868821,NA,18.8525794318461,4,6,5,3651,"PASS"
"lodo_out_SV-6","stromal / mesothelial-lineage (unresolved)","LV_UF_vs_SV","COL3A1",-0.940931445000182,1.09685488576135,-3.24821803670844,1.36635514670808,-0.857844968568526,0.402450295780739,NA,17.6918924488997,4,6,5,3651,"PASS"
"lodo_out_SV-6","stromal / mesothelial-lineage (unresolved)","LV_UF_vs_SV","FN1",-1.34211282113428,1.26706086643845,-4.00770785334058,1.32348221107203,-1.05923310922449,0.303761331420844,NA,17.6671957567953,4,6,5,3651,"PASS"
"lodo_out_SV-6","stromal / mesothelial-lineage (unresolved)","LV_UF_vs_SV","COL8A1",-2.15842590954974,0.899238718916323,-4.05032922607517,-0.266522593024305,-2.40028133146988,0.0276448770615553,NA,17.6520491016635,4,6,5,3651,"PASS"
"lodo_out_SV-6","stromal / mesothelial-lineage (unresolved)","LV_UF_vs_SV","VCAN",0.889143201078927,1.12090106699467,-1.46937452073239,3.24766092289024,0.793239677666536,0.43818691110991,NA,17.6254753857586,4,6,5,3651,"PASS"
"lodo_out_SV-6","stromal / mesothelial-lineage (unresolved)","LV_UF_vs_SV","EDIL3",1.45254321390622,1.40474020776929,-1.47767068486755,4.38275711268,1.03402978420674,0.313462931983548,NA,20.0024307202463,4,6,5,3651,"PASS"
"lodo_out_SV-6","stromal / mesothelial-lineage (unresolved)","LV_UF_vs_SV","LOX",-1.35019912946211,1.03284373659007,-3.52350968700626,0.823111428082051,-1.30726370469146,0.207928893200688,NA,17.6170038698666,4,6,5,3651,"PASS"
"lodo_out_SV-6","stromal / mesothelial-lineage (unresolved)","LV_UF_vs_SV","INHBA",2.68691372523951,0.853820194074083,0.894075834887265,4.47975161559175,3.14693157164467,0.00553698550402478,NA,18.1371461158624,4,6,5,3651,"PASS"
"lodo_out_SV-6","stromal / mesothelial-lineage (unresolved)","LV_UF_vs_SV","ISM1",0.703612139370745,1.61147690155412,-2.61248023971828,4.01970451845976,0.436625643651593,0.666068600725753,NA,25.4243283138195,4,6,5,3651,"INSUFFICIENT DATA"
"lodo_out_SV-6","stromal / mesothelial-lineage (unresolved)","LV_UF_vs_SV","COMP",-2.47165231713412,2.09056889237737,-6.82021851209863,1.87691387783039,-1.18228694885218,0.250355012549418,NA,20.9217600733494,4,6,5,3651,"PASS"
"lodo_out_SV-6","stromal / mesothelial-lineage (unresolved)","LV_NOT_UF_vs_SV","COL11A1",-2.16776333915049,0.97091159356452,-4.22809310520831,-0.107433573092659,-2.23270929456301,0.0403987586585049,NA,15.8028259983471,4,6,5,3651,"INSUFFICIENT DATA"
"lodo_out_SV-6","stromal / mesothelial-lineage (unresolved)","LV_NOT_UF_vs_SV","THBS3",0.0835322075715064,0.486604461469117,-0.935481937217488,1.1025463523605,0.171663464242216,0.865531333564412,NA,18.8525794318461,4,6,5,3651,"PASS"
"lodo_out_SV-6","stromal / mesothelial-lineage (unresolved)","LV_NOT_UF_vs_SV","COL3A1",1.00558099844654,0.980646864636938,-1.05725647563464,3.06841847252772,1.02542621070719,0.318979251002773,NA,17.6918924488997,4,6,5,3651,"PASS"
"lodo_out_SV-6","stromal / mesothelial-lineage (unresolved)","LV_NOT_UF_vs_SV","FN1",1.6010255285411,1.12398853177458,-0.763579302935431,3.96563036001762,1.42441446979299,0.171751186207118,NA,17.6671957567953,4,6,5,3651,"PASS"
"lodo_out_SV-6","stromal / mesothelial-lineage (unresolved)","LV_NOT_UF_vs_SV","COL8A1",0.480725168365582,0.712469396037047,-1.01823521326673,1.97968554999789,0.674730972361071,0.508588371785454,NA,17.6520491016635,4,6,5,3651,"PASS"
"lodo_out_SV-6","stromal / mesothelial-lineage (unresolved)","LV_NOT_UF_vs_SV","VCAN",1.51442741250901,1.02627861672636,-0.64499269720227,3.67384752222028,1.4756493878239,0.157679381791711,NA,17.6254753857586,4,6,5,3651,"PASS"
"lodo_out_SV-6","stromal / mesothelial-lineage (unresolved)","LV_NOT_UF_vs_SV","EDIL3",4.02045882082483,1.11499974146791,1.6946282355619,6.34628940608775,3.60579350048266,0.00176416559712754,NA,20.0024307202463,4,6,5,3651,"PASS"
"lodo_out_SV-6","stromal / mesothelial-lineage (unresolved)","LV_NOT_UF_vs_SV","LOX",0.343994288880458,0.846067631539968,-1.43630184971343,2.12429042747435,0.406580131489415,0.689213119870562,NA,17.6170038698666,4,6,5,3651,"PASS"
"lodo_out_SV-6","stromal / mesothelial-lineage (unresolved)","LV_NOT_UF_vs_SV","INHBA",1.60126310490663,0.80844251698183,-0.0962914700218267,3.29881767983509,1.98067651227035,0.0630004337378225,NA,18.1371461158624,4,6,5,3651,"PASS"
"lodo_out_SV-6","stromal / mesothelial-lineage (unresolved)","LV_NOT_UF_vs_SV","ISM1",1.78153654904989,1.1738910259151,-0.634092915551102,4.19716601365087,1.51763367273474,0.141444253795183,NA,25.4243283138195,4,6,5,3651,"INSUFFICIENT DATA"
"lodo_out_SV-6","stromal / mesothelial-lineage (unresolved)","LV_NOT_UF_vs_SV","COMP",1.54145365648036,1.3048826317709,-1.17281637863072,4.25572369159144,1.18129678405513,0.250739468301922,NA,20.9217600733494,4,6,5,3651,"PASS"
