"Module","ID","Description","GeneRatio","BgRatio","RichFactor","FoldEnrichment","zScore","pvalue","p.adjust","qvalue","geneID","Count"
"turquoise","GO:0009887","animal organ morphogenesis","137/840","313/4319",0.437699680511182,2.25050585729499,11.2864191334513,9.58949492056848e-25,3.23165978823158e-21,2.65679480325645e-21,"ABLIM1/ACTA2/ADAMTS1/ADGRG6/AHI1/ALDH1A2/ALDH1A3/AQP1/BBS7/BCAR3/BMP1/BMP2/BMP7/BTRC/CAV1/CD34/CDH2/COL18A1/COL1A1/COL1A2/COL3A1/COL5A1/COL5A2/COL6A1/COL8A1/CPE/CRIP1/CTHRC1/CYP26B1/DCN/DKK1/DSP/EFEMP1/EFEMP2/EFNA1/EFNB2/EGFR/ERRFI1/FAT1/FBN2/FGF1/FGF2/FGF9/FHL1/FHL2/FLRT2/FOXC1/FRAS1/FST/FZD6/GATA5/GJA1/HACD1/HAND1/HAND2/HAS2/HEG1/HES1/HOXA5/HOXB5/HOXC4/HOXC8/HYAL1/ID3/ID4/IGFBP5/IL6/ISL1/ITGA6/ITGB4/JAG1/KLK5/LAMA5/LAMB1/LIF/LZTS2/MAGED1/MEIS1/MEIS2/MEIS3P1/MFAP2/MFAP5/MGP/MSX1/NDRG4/NECTIN3/NFIB/NKX3-1/NPR2/OSR1/PARVA/PDGFC/PDGFRA/PERP/PHLDA2/PKD2/PKP2/PRICKLE1/PRRX1/PTK7/RAB23/RBPMS2/RDH10/SAPCD2/SEMA3C/SERPINE1/SERPINH1/SFRP4/SHROOM2/SLC40A1/SLIT2/SLIT3/SMPD3/SNAI2/SPARC/SPRY1/SULF1/TACSTD2/TEAD2/TEK/TENM3/TGFB3/THRA/THY1/TLE1/TNFRSF11B/TPM1/TSKU/TTC8/TUFT1/VEGFC/WNT2/WNT2B/WNT5A/WT1/YAP1/ZFPM2",137
"turquoise","GO:0045229","external encapsulating structure organization","69/840","117/4319",0.58974358974359,3.03226495726496,10.9496183759874,1.17159508938452e-21,1.97413772561291e-18,1.62296751329476e-18,"ABI3BP/ADAMTS1/AEBP1/ANTXR1/BMP1/BMP2/CAV1/CAV2/COL12A1/COL16A1/COL17A1/COL18A1/COL1A1/COL1A2/COL3A1/COL4A1/COL4A5/COL5A1/COL5A2/COL6A1/COL8A1/CRISPLD2/CTSK/CTSV/DDR2/DPP4/ECM2/EFEMP2/EGFLAM/FBLN1/FLRT2/FMOD/FOXC1/FSCN1/GAS6/HAS1/HAS2/IL6/KLK5/KLK7/LAMB1/LAMB2/LAMC1/LOX/LOXL4/LUM/MATN2/MELTF/MFAP4/MMP23B/P3H4/PDGFRA/PDPN/PHLDB1/PHLDB2/PLOD2/POSTN/PRICKLE1/PXDN/SERPINH1/SH3PXD2B/SLC2A10/SMOC2/SMPD3/SULF1/TGM1/TNFRSF11B/VTN/WT1",69
"turquoise","GO:0030198","extracellular matrix organization","68/840","116/4319",0.586206896551724,3.01408045977011,10.8038827743421,3.77235908503737e-21,3.17821252914398e-18,2.61285502942588e-18,"ABI3BP/ADAMTS1/AEBP1/ANTXR1/BMP1/BMP2/CAV1/CAV2/COL12A1/COL16A1/COL17A1/COL18A1/COL1A1/COL1A2/COL3A1/COL4A1/COL4A5/COL5A1/COL5A2/COL6A1/COL8A1/CRISPLD2/CTSK/CTSV/DDR2/DPP4/ECM2/EFEMP2/EGFLAM/FBLN1/FLRT2/FMOD/FOXC1/FSCN1/GAS6/HAS1/HAS2/IL6/KLK5/KLK7/LAMB1/LAMB2/LAMC1/LOX/LOXL4/LUM/MATN2/MELTF/MFAP4/MMP23B/P3H4/PDGFRA/PDPN/PHLDB1/PHLDB2/PLOD2/POSTN/PRICKLE1/PXDN/SERPINH1/SH3PXD2B/SLC2A10/SMOC2/SMPD3/SULF1/TNFRSF11B/VTN/WT1",68
"turquoise","GO:0043062","extracellular structure organization","68/840","116/4319",0.586206896551724,3.01408045977011,10.8038827743421,3.77235908503737e-21,3.17821252914398e-18,2.61285502942588e-18,"ABI3BP/ADAMTS1/AEBP1/ANTXR1/BMP1/BMP2/CAV1/CAV2/COL12A1/COL16A1/COL17A1/COL18A1/COL1A1/COL1A2/COL3A1/COL4A1/COL4A5/COL5A1/COL5A2/COL6A1/COL8A1/CRISPLD2/CTSK/CTSV/DDR2/DPP4/ECM2/EFEMP2/EGFLAM/FBLN1/FLRT2/FMOD/FOXC1/FSCN1/GAS6/HAS1/HAS2/IL6/KLK5/KLK7/LAMB1/LAMB2/LAMC1/LOX/LOXL4/LUM/MATN2/MELTF/MFAP4/MMP23B/P3H4/PDGFRA/PDPN/PHLDB1/PHLDB2/PLOD2/POSTN/PRICKLE1/PXDN/SERPINH1/SH3PXD2B/SLC2A10/SMOC2/SMPD3/SULF1/TNFRSF11B/VTN/WT1",68
"turquoise","GO:0072359","circulatory system development","149/840","387/4319",0.385012919896641,1.97960809646856,9.92327076234629,3.74693675058285e-20,2.52543536989284e-17,2.0761973742177e-17,"ACACB/ACKR3/ACTA2/ADAMTS1/ADGRF5/ADGRG6/AHI1/ALDH1A2/AMHR2/AMOT/ANTXR1/ANXA3/AQP1/BBS7/BICC1/BMP2/BMP7/C3/CALD1/CARD10/CAV1/CBY1/CD34/CDH11/CDH2/CHI3L1/CLIC3/CLIC4/COL18A1/COL1A1/COL1A2/COL3A1/COL4A1/COL5A1/COL6A1/COL8A1/CPE/CRIP1/CSPG4/CXADR/DAW1/DCN/DDAH1/DKK1/DSG2/DSP/EFEMP2/EFNA1/EFNB2/EGFR/EPAS1/ERBB2/ERBB3/ERRFI1/FGF1/FGF2/FGF9/FGFBP1/FHL2/FLRT2/FLRT3/FOXC1/FZD8/GADD45A/GATA5/GJA1/GNA11/GPER1/HAND1/HAND2/HAS2/HDAC9/HEG1/HES1/HOXA5/HSPB7/HYAL1/ID1/ID3/IGFBP7/IL6/IMMP2L/ISL1/ITGA3/JAG1/JAM3/KLF5/LIF/LMNA/LMO4/LOX/MEIS1/MFGE8/MSX1/NDRG4/NEBL/NKX3-1/NPR2/NXN/OSR1/PARVA/PCSK5/PDGFD/PDGFRA/PDGFRB/PDLIM1/PDLIM3/PDPN/PI16/PKD2/PKP2/PLCD3/PRICKLE1/PRRX1/PTGIS/PTK7/PTPN14/PXDN/RAMP1/RGS4/SEMA3C/SERPINB7/SERPINE1/SH3PXD2B/SIK1/SLC2A10/SLIT2/SLIT3/SMOC2/SNAI2/SORBS2/SPARC/SPRY1/SULF1/SVEP1/TEAD2/TEK/THBS2/THY1/TJP1/TPM1/VCAM1/VEGFC/WARS2/WNT2/WNT5A/WT1/YAP1/ZFPM2",149
"turquoise","GO:0035295","tube development","132/840","353/4319",0.373937677053824,1.92266288951841,8.88807679992597,1.40828885669347e-16,7.90988907842832e-14,6.50283556283721e-14,"ACKR3/ADAMTS1/ADGRF5/AHI1/ALDH1A2/AMOT/ANXA3/AQP1/ATOH8/BBS7/BMP2/BMP7/BTRC/C3/CALD1/CARD10/CAV1/CBY1/CD24/CD34/CDH2/CHI3L1/CLIC3/CLIC4/COBL/COL18A1/COL3A1/COL4A1/COL6A1/COL8A1/CRISPLD2/CSPG4/CTHRC1/DCN/DDAH1/EFEMP2/EFNA1/EFNB2/EGFR/EPAS1/ERBB2/ERRFI1/FGF1/FGF2/FGF9/FGFBP1/FOXC1/FZD6/FZD8/GADD45A/GATA5/GJA1/GJB2/HAND1/HAND2/HAS2/HDAC9/HEG1/HES1/HOXA5/HYAL1/ID1/IGFBP5/IGFBP7/IL6/ISL1/ITGA3/JAG1/JAM3/KLF5/LAMA5/LIF/LMO4/LOX/LZTS2/MAGED1/MEIS1/MFGE8/NDRG4/NFIB/NKX3-1/NPR2/NPY/OSR1/PARVA/PCSK5/PDGFC/PDGFRA/PDGFRB/PDPN/PERP/PHGDH/PKD2/PKDCC/PLCD3/PLXNA2/PODXL/PRICKLE1/PRRX1/PTGIS/PTK7/PXDN/RAMP1/RARRES2/RBPMS2/RDH10/SEMA3C/SERPINE1/SERPINE2/SLIT2/SMOC2/SMPD3/SPARC/SPRY1/SULF1/TACSTD2/TEAD2/TEK/TGFB3/THBS2/THRA/THY1/TJP1/TTC8/VEGFC/WARS2/WNT2/WNT2B/WNT5A/WT1/YAP1/ZFPM2",132
"turquoise","GO:0007507","heart development","85/840","189/4319",0.44973544973545,2.3123897707231,9.06509710454042,2.48013771618768e-16,1.19400915765036e-13,9.81612401354282e-14,"ACACB/ADAMTS1/ADGRG6/AHI1/ALDH1A2/BBS7/BICC1/BMP2/BMP7/CBY1/CDH11/COL3A1/COL5A1/COL6A1/CPE/CRIP1/CXADR/DAW1/DKK1/DSG2/DSP/EFNA1/EFNB2/EGFR/ERBB2/ERBB3/FGF2/FGF9/FHL2/FLRT2/FLRT3/FOXC1/GATA5/GJA1/GNA11/GPER1/HAND1/HAND2/HAS2/HDAC9/HEG1/HES1/HSPB7/ID3/ISL1/ITGA3/JAG1/LMNA/LMO4/LOX/MEIS1/MSX1/NDRG4/NEBL/NKX3-1/OSR1/PARVA/PCSK5/PDGFRA/PDGFRB/PDLIM1/PDLIM3/PI16/PKD2/PKP2/PRICKLE1/PTK7/RGS4/SEMA3C/SH3PXD2B/SIK1/SLIT2/SLIT3/SNAI2/SORBS2/SPRY1/TEAD2/TEK/TPM1/VCAM1/WNT2/WNT5A/WT1/YAP1/ZFPM2",85
"turquoise","GO:0097435","supramolecular fiber organization","107/840","276/4319",0.38768115942029,1.99332729468599,8.38009201357414,9.57082480217214e-15,4.03170994791502e-12,3.31452774727856e-12,"AEBP1/AMOT/APOA1/ARHGAP28/ARHGEF10/ARHGEF5/ASAP3/BACE1/BAIAP2L1/BAIAP2L2/BCAR1/BMP1/CALD1/CAMSAP2/CAP2/CDC42EP1/CDC42EP2/CDC42EP4/CDC42EP5/CGNL1/CLIP3/CNN3/COBL/COL12A1/COL18A1/COL1A1/COL1A2/COL3A1/COL5A1/COL5A2/COL6A1/CRYAB/CTTN/DBN1/DDR2/DIAPH3/DPYSL3/DSP/DSTN/EFEMP2/EML2/ESPNL/FAM171A1/FAT1/FERMT2/FLNC/FMOD/FOXC1/FSCN1/HSPA1B/KANK1/KANK2/KRT19/KRT5/KRT6A/KRT7/KRT8/KRT80/LIMA1/LIMCH1/LOX/LOXL4/LUM/MFAP4/MFAP5/MID1/MYL9/MYO1B/MYO1C/MYO1D/MYO5C/NCKAP1/NEBL/NME7/P3H4/PAWR/PDGFRA/PDGFRB/PDLIM1/PFN2/PHLDB2/PKP2/PLOD2/PLS3/PPFIBP1/PXDN/RGS4/RHOD/RHPN2/RND3/SERPINH1/SHROOM2/SHROOM3/SLIT2/SPTBN1/SSH3/TACSTD2/TGFB3/TJP1/TMOD1/TNFAIP6/TNNT1/TPM1/TPM2/TPPP3/TTC8/WASF3",107
"turquoise","GO:0048646","anatomical structure formation involved in morphogenesis","138/840","396/4319",0.348484848484849,1.79179292929293,8.12276344599312,2.28851826929098e-14,8.56922951945622e-12,7.0448889880396e-12,"ACKR3/ADAMTS1/ADGRG6/AHI1/ALDH1A3/AMOT/ANXA3/AQP1/ATOH8/BMP2/BMP7/C3/CACNA1H/CALD1/CARD10/CAV1/CD34/CDH11/CHI3L1/CLIC3/CLIC4/CNTNAP1/COBL/COL12A1/COL18A1/COL1A1/COL3A1/COL4A1/COL5A1/COL5A2/COL6A1/COL8A1/CSPG4/CTHRC1/DCN/DDAH1/DKK1/EFNA1/EFNB2/EHD2/EPAS1/ERBB2/FBN2/FGF1/FGF2/FGF9/FGFBP1/FHL2/FLNC/FOXC1/FZD6/FZD8/GADD45A/GATA5/GDF15/GJA1/GPC1/HAND1/HAND2/HDAC9/HES1/HOXA5/HYAL1/ID1/IGFBP7/IL6/ISL1/ITGA3/ITGB4/JAG1/JAM3/KLF5/KLK5/KRT19/KRT8/LAMB1/LAMB3/LMO4/MEIS1/MFAP2/MFGE8/MSX1/MYL9/NEBL/NFIB/NKX3-1/NPR2/OSR1/PARVA/PDGFRA/PDGFRB/PDPN/PERP/PHLDB1/PHLDB2/PLCD3/PLXNA2/PLXNA3/PMP22/PODXL/PRICKLE1/PTGIS/PTPN14/PXDN/RAMP1/RDH10/RFX2/SEMA3C/SERPINE1/SH3PXD2A/SLC40A1/SLIT2/SMOC2/SMPD3/SNAI2/SPARC/SPRY1/SPTBN1/SULF1/TANC1/TEAD2/TEAD4/TEK/THBS2/THY1/TJP1/TM4SF1/TMOD1/TNNT1/TPM1/VEGFC/VTN/WARS2/WNT2/WNT2B/WNT5A/WT1/YAP1",138
"turquoise","GO:0007155","cell adhesion","162/840","497/4319",0.325955734406439,1.67595573440644,7.87054592438407,7.64159468325573e-14,2.57521740825718e-11,2.11712391645569e-11,"ABI3BP/ACKR3/ANOS1/ANTXR1/APOA1/AXL/BAIAP2L1/BCAR1/BMP2/BMP7/C1QTNF1/CAV1/CD200/CD24/CD34/CDC42EP1/CDH1/CDH11/CDH2/CDH3/CERCAM/CLDN1/CLDN11/CLDN12/CLDN15/CNN3/CNTNAP1/COL12A1/COL16A1/COL17A1/COL18A1/COL1A1/COL3A1/COL5A1/COL6A1/COL6A2/COL6A3/COL8A1/CTNNAL1/CTTN/CXADR/DDR2/DPP4/DSC3/DSG2/DSP/ECM2/EFEMP2/EFNA1/EFNB2/EFNB3/EGFLAM/EGFR/EPDR1/ERBB2/ERBB3/FAT1/FBLN1/FBLN2/FERMT2/FEZ1/FLRT2/FLRT3/FSTL3/GAS6/GATA5/GPC4/HACD1/HAS1/HAS2/HES1/HYAL1/IGFBP2/IGFBP7/IGSF9/IL6/ISLR/ITGA3/ITGA6/ITGB4/JAG1/JAM3/KANK1/KITLG/LAMA4/LAMA5/LAMB1/LAMB2/LAMB3/LAMC1/LAMC2/LIF/LIMCH1/LRRN2/MELTF/MFAP4/MFGE8/MSLN/MUC1/MUC16/MYH10/MYL9/NECTIN3/NLGN2/NT5E/NTM/NTNG1/NUAK1/PARVA/PAWR/PDE5A/PDGFRA/PDLIM1/PDPN/PDZD2/PERP/PHLDB2/PKP2/PLAU/PLXNA2/PLXNA3/PLXNB1/PODXL/POSTN/PPFIBP1/PRICKLE1/PRKCZ/PTK7/PTPRF/PTPRK/PXDN/RHOD/RND3/SCARF2/SERPINE1/SERPINE2/SGCE/SNAI2/SPARCL1/SPRY4/STXBP1/STXBP6/SVEP1/TACSTD2/TEK/TENM3/TGFB1I1/THBS2/THY1/TJP1/TLN2/TMEM47/TNFAIP6/TNFRSF21/TNFSF4/TPBG/TPM1/TYRO3/VCAM1/VTN/WNT5A/YES1",162
"turquoise","GO:0060429","epithelium development","122/840","343/4319",0.355685131195335,1.82881438289602,7.86022356819771,1.82012506547267e-13,5.5762013369481e-11,4.58427671992734e-11,"ACTA2/AHI1/AKR1C2/ALDH1A2/ALDH1A3/AQP1/ATOH8/BBS7/BMP2/BMP7/BTRC/C3/CAV1/CBY1/CCND1/CD24/CD34/CDH2/CDH3/CLDN1/CLIC4/CNN3/COBL/COL18A1/COL4A1/COL5A1/COL6A1/CTHRC1/CYP26B1/DKK1/DSP/EFNB2/EGFR/EPAS1/ERRFI1/EVPL/FAT1/FERMT2/FGF1/FGF2/FLRT3/FOXC1/FRAS1/FRMD6/FST/FSTL1/FZD6/GATA5/GJA1/GSTM3/HAND1/HAND2/HEG1/HES1/HOXA5/HOXB5/ID3/ID4/IGFBP5/JAG1/KANK2/KLF5/KLK5/KRT19/KRT5/KRT6A/KRT7/KRT80/LAMA5/LAMB2/LDB2/LIF/LMO4/LZTS2/MAGED1/MSX1/NDRG4/NFIB/NKX3-1/NPR2/NPY/OSR1/PDPN/PERP/PHGDH/PHLDB2/PKD2/PLXNA2/PODXL/PPL/PRICKLE1/PTK7/RDH10/RILPL1/S1PR3/SAPCD2/SEMA3C/SERPINE1/SERPINE2/SFRP4/SLC40A1/SLIT2/SNAI2/SPRR2F/SPRY1/SULF1/TACSTD2/TAGLN/TEAD2/TGFB1I1/TGM1/THRA/TJP1/TMOD1/TTC8/UPK1B/VEGFC/WNT2/WNT2B/WNT5A/WT1/YAP1",122
"turquoise","GO:0007167","enzyme-linked receptor protein signaling pathway","116/840","323/4319",0.359133126934985,1.84654282765738,7.7712557827736,3.6831557027345e-13,1.0343528931846e-10,8.50356649964666e-11,"AFAP1L2/AHI1/AMHR2/ATOH8/AXL/BAMBI/BCAR1/BCAR3/BMP2/BMP7/CAV1/CAV2/CDH3/COL1A1/COL1A2/COL3A1/COL4A1/COL4A5/COL6A1/CRIM1/CSPG4/DCN/DDR2/DKK1/DKK3/DOK4/EFEMP1/EFNA1/EFNB2/EFNB3/EGFR/EPHB6/ERBB2/ERBB3/ERRFI1/FARP1/FBN2/FERMT2/FGF1/FGF2/FGF9/FGFBP1/FLRT2/FLRT3/FMOD/FOXC1/FST/FSTL1/FSTL3/GAS6/GDF15/GPC1/GPER1/GPRC5A/GRB10/GRB7/HES1/HIVEP1/HTRA1/ID1/IGFBP2/IGFBP3/IGFBP4/IGFBP5/IGFBP6/ITGA3/KANK1/LIF/LOX/MAP1LC3A/MSX1/MYO1C/NBL1/NDN/NDRG4/NGEF/NKX3-1/NPR2/PDGFC/PDGFD/PDGFRA/PDGFRB/PDGFRL/PLAT/PMEPA1/PRICKLE1/PRKCZ/PTPN3/PTPRF/PTPRK/RARRES2/RBPMS2/RHBDF1/ROR2/SFRP4/SLC2A10/SLC39A14/SMOC2/SMPD3/SPRY1/SPRY4/SPTBN1/SULF1/SVEP1/TEK/TGFB1I1/TGFB3/TNFAIP6/TSC22D1/TYRO3/VASN/VEGFC/VPS13A/VTN/WNT5A/YES1",116
"turquoise","GO:0001944","vasculature development","104/840","280/4319",0.371428571428571,1.9097619047619,7.73434577687498,6.29210572250311e-13,1.53833585454913e-10,1.26468841767087e-10,"ACKR3/ACTA2/ADAMTS1/ADGRF5/ALDH1A2/AMHR2/AMOT/ANTXR1/ANXA3/AQP1/BMP2/BMP7/C3/CALD1/CARD10/CAV1/CD34/CDH2/CHI3L1/CLIC3/CLIC4/COL18A1/COL1A1/COL1A2/COL3A1/COL4A1/COL5A1/COL8A1/CSPG4/DCN/DDAH1/EFEMP2/EFNA1/EFNB2/EPAS1/ERBB2/ERRFI1/FGF1/FGF2/FGF9/FGFBP1/FOXC1/FZD8/GADD45A/GJA1/GPER1/HAND1/HAND2/HAS2/HDAC9/HEG1/HES1/HOXA5/HYAL1/ID1/IGFBP7/IL6/IMMP2L/ISL1/JAG1/JAM3/KLF5/LIF/LOX/MEIS1/MFGE8/NKX3-1/NPR2/OSR1/PARVA/PDGFD/PDGFRA/PDGFRB/PDPN/PKD2/PLCD3/PRICKLE1/PRRX1/PTGIS/PTK7/PTPN14/PXDN/RAMP1/SEMA3C/SERPINB7/SERPINE1/SLC2A10/SLIT2/SMOC2/SPARC/SULF1/SVEP1/TEAD2/TEK/THBS2/THY1/TJP1/VEGFC/WARS2/WNT2/WNT5A/WT1/YAP1/ZFPM2",104
"turquoise","GO:0034330","cell junction organization","95/840","247/4319",0.384615384615385,1.9775641025641,7.77398297065801,6.39071274886878e-13,1.53833585454913e-10,1.26468841767087e-10,"ABHD17C/AGAP1/AMOT/ARHGAP44/C3/CAP2/CAPRIN2/CAV1/CBLN3/CDC20/CDH1/CDH11/CDH2/CDH3/CLDN1/CLDN11/CLDN15/CNTNAP1/COL16A1/COL17A1/COL4A1/COL4A5/CTTN/CXADR/DBN1/DCLK1/DIXDC1/DKK1/DSG2/DSP/EFNA1/EFNB2/EFNB3/ERBB2/FARP1/FERMT2/FLRT2/FLRT3/FSCN1/GJA1/GJB2/GPC4/HEG1/IGSF9/ITGA3/ITGA6/ITGB4/JAM3/LAMA5/LAMB2/LAMC1/LGI2/LIMCH1/LRRN1/MPDZ/MYO1C/NECTIN3/NGEF/NLGN2/NTNG1/NUMBL/PALM/PERP/PFN2/PHLDB2/PKP2/PLXNA2/PLXNA3/PLXNB1/PPFIBP1/PRICKLE1/PTK7/PTPRF/PTPRK/RAB17/RHOD/ROR2/RTN4R/SEZ6L2/SNAI2/SPARC/SPARCL1/SVEP1/SYBU/TANC1/TEK/TGFB3/THBS2/THY1/TJP1/TLN2/TPBG/VLDLR/WASF3/WNT5A",95
"turquoise","GO:0001501","skeletal system development","70/840","164/4319",0.426829268292683,2.19461382113821,7.66333291160709,2.98678085599072e-12,6.71030098979249e-10,5.516636640679e-10,"BGN/BMP1/BMP2/BMP7/BNC2/CDH11/CHI3L1/COL18A1/COL1A1/COL1A2/COL3A1/COL5A2/COL6A1/CTSK/CYP26B1/DDR2/EFEMP1/ERRFI1/FBN2/FGF2/FGF9/FOXC1/FST/GJA1/GNA11/HAND1/HAND2/HAS2/HOXA5/HOXB5/HOXC4/HOXC8/HYAL1/KIAA1217/LAMA5/LOX/LRRC17/MGP/MSX1/NFIB/NPR2/OGN/OSR1/PCSK5/PDGFC/PDGFRA/PITX1/PKDCC/PLS3/PLXNB1/PRRX1/PTHLH/RAB23/RDH10/SERPINH1/SFRP4/SH3PXD2B/SLC2A10/SLC39A14/SMPD3/SNAI2/SULF1/TEAD4/TEK/TGFB3/THRA/TNFRSF11B/TSKU/WNT2B/WNT5A",70
"turquoise","GO:0035239","tube morphogenesis","106/840","297/4319",0.356902356902357,1.83507295173962,7.32715461849533,6.98553814126984e-12,1.47132897100496e-09,1.2096010781462e-09,"ACKR3/ADAMTS1/ADGRF5/AHI1/AMOT/ANXA3/AQP1/ATOH8/BBS7/BMP2/BMP7/BTRC/C3/CALD1/CARD10/CAV1/CD34/CDH2/CHI3L1/CLIC3/CLIC4/COBL/COL18A1/COL3A1/COL4A1/COL8A1/CSPG4/CTHRC1/DCN/DDAH1/EFEMP2/EFNA1/EFNB2/EGFR/EPAS1/ERBB2/FGF1/FGF2/FGF9/FGFBP1/FOXC1/FZD6/FZD8/GADD45A/GJA1/HAND1/HAND2/HAS2/HDAC9/HEG1/HES1/HOXA5/HYAL1/ID1/IGFBP7/IL6/ISL1/JAG1/JAM3/KLF5/LAMA5/LMO4/LOX/LZTS2/MAGED1/MEIS1/MFGE8/NDRG4/NFIB/NKX3-1/NPR2/OSR1/PARVA/PDGFRA/PDGFRB/PERP/PKD2/PLCD3/PODXL/PRICKLE1/PRRX1/PTGIS/PXDN/RAMP1/RBPMS2/RDH10/SERPINE1/SLIT2/SMOC2/SPARC/SPRY1/SULF1/TACSTD2/TEAD2/TEK/THBS2/THY1/TJP1/VEGFC/WARS2/WNT2/WNT2B/WNT5A/WT1/YAP1/ZFPM2",106
"turquoise","GO:0120036","plasma membrane bounded cell projection organization","137/840","419/4319",0.326968973747017,1.68116547334924,7.20910053625796,7.76331030708311e-12,1.53896210205118e-09,1.26520326490667e-09,"ABCC4/ABLIM1/ABLIM3/AHI1/ANOS1/ARHGAP44/ARL3/ATL1/ATP9A/BBOF1/BBS7/BMP7/CAMSAP2/CAPRIN2/CAV1/CBY1/CDC14B/CDC42EP1/CDC42EP2/CDC42EP4/CDC42EP5/CDH1/CDH11/CNTNAP1/COBL/CRABP2/CSPG4/CTHRC1/CTTN/DAW1/DBN1/DCLK1/DDR2/DKK1/DNALI1/DPYSL3/EFNA1/EFNB2/EFNB3/EGFR/EHD2/EMP1/EPHB6/ERBB2/FARP1/FEZ1/FLRT2/FLRT3/FNBP1L/FSCN1/HES1/IGSF9/IL6/ISL1/ITGA3/ITGA6/ITGB4/KANK1/KLF5/LAMA5/LAMB1/LAMB2/LIMA1/LMO4/MATN2/MGARP/NBL1/NCKAP1/NCS1/NDN/NDRG4/NFIB/NGEF/NLGN2/NPR2/NPY/NR2F1/NTNG1/NUMBL/PALM/PAQR3/PARVA/PDPN/PFN2/PHGDH/PKD2/PLXNA2/PLXNA3/PLXNB1/PMP22/POC1A/PODXL/POSTN/PRICKLE1/PRKCZ/PRRX1/PTK7/PTPDC1/PTPRF/PTPRK/RAB17/RAB23/RAB6B/RAP1GAP/RFX2/RHOD/RILPL1/ROR1/ROR2/RTN4R/SEMA3B/SEMA3C/SEMA4F/SLIT2/SLIT3/SPAG16/STXBP1/SYT4/TACSTD2/TANC1/TENM3/TGFB3/THY1/TNFRSF21/TPBG/TPM1/TSKU/TTC8/TUBB2B/TUBB3/UCHL1/VLDLR/VPS13A/WASF3/WEE1/WNT5A/YAP1",137
"turquoise","GO:0030030","cell projection organization","140/840","432/4319",0.324074074074074,1.66628086419753,7.17208934580142,9.25621723462112e-12,1.7329695600374e-09,1.42469963517677e-09,"ABCC4/ABLIM1/ABLIM3/AHI1/ANO1/ANOS1/ARHGAP44/ARL3/ATL1/ATP9A/BBOF1/BBS7/BMP7/CAMSAP2/CAPRIN2/CAV1/CBY1/CDC14B/CDC42EP1/CDC42EP2/CDC42EP4/CDC42EP5/CDH1/CDH11/CNTNAP1/COBL/CRABP2/CSPG4/CTHRC1/CTTN/DAW1/DBN1/DCLK1/DDR2/DIAPH3/DKK1/DNALI1/DPYSL3/EFNA1/EFNB2/EFNB3/EGFR/EHD2/EMP1/EPHB6/ERBB2/FARP1/FEZ1/FLRT2/FLRT3/FNBP1L/FSCN1/HES1/IGSF9/IL6/ISL1/ITGA3/ITGA6/ITGB4/KANK1/KLF5/LAMA5/LAMB1/LAMB2/LIMA1/LMO4/MATN2/MGARP/NBL1/NCKAP1/NCS1/NDN/NDRG4/NFIB/NGEF/NLGN2/NPR2/NPY/NR2F1/NTNG1/NUMBL/PALM/PAQR3/PARVA/PDPN/PFN2/PHGDH/PKD2/PLXNA2/PLXNA3/PLXNB1/PMP22/POC1A/PODXL/POSTN/PRICKLE1/PRKCZ/PRRX1/PTK7/PTPDC1/PTPRF/PTPRK/RAB17/RAB23/RAB6B/RAP1GAP/RFX2/RHOD/RILPL1/ROR1/ROR2/RTN4R/SEMA3B/SEMA3C/SEMA4F/SLIT2/SLIT3/SPAG16/STXBP1/SYT4/TACSTD2/TANC1/TENM3/TGFB3/THY1/TNFRSF21/TPBG/TPM1/TSKU/TTC8/TUBB2B/TUBB3/UCHL1/VLDLR/VPS13A/WASF3/WEE1/WNT5A/WTIP/YAP1",140
"turquoise","GO:0060541","respiratory system development","39/840","70/4319",0.557142857142857,2.86464285714286,7.72778559103942,1.2325771832852e-11,2.03792776500254e-09,1.67541023816545e-09,"ALDH1A2/ALDH1A3/BMP2/CHI3L1/COL3A1/COL6A1/CRISPLD2/DISP1/EGFR/EPAS1/ERRFI1/FGF1/FGF2/FGF9/HEG1/HES1/HOXA5/IGFBP5/ITGA3/LAMA5/LIF/LOX/MSX1/NFIB/PDGFRA/PDPN/PKDCC/PTK7/RDH10/SMPD3/SPRY1/TGFB3/THRA/WNT2/WNT2B/WNT5A/WT1/YAP1/ZFPM2",39
"turquoise","GO:0030324","lung development","35/840","59/4319",0.593220338983051,3.05014124293785,7.79038168888811,1.23266978465972e-11,2.03792776500254e-09,1.67541023816545e-09,"ALDH1A2/BMP2/CHI3L1/COL3A1/COL6A1/CRISPLD2/EGFR/EPAS1/ERRFI1/FGF1/FGF2/FGF9/HEG1/HES1/HOXA5/IGFBP5/ITGA3/LAMA5/LIF/LOX/NFIB/PDGFRA/PDPN/PKDCC/PTK7/RDH10/SMPD3/SPRY1/TGFB3/THRA/WNT2/WNT2B/WNT5A/YAP1/ZFPM2",35
"turquoise","GO:0061061","muscle structure development","83/840","214/4319",0.38785046728972,1.99419781931464,7.32954237173262,1.26992531350307e-11,2.03792776500254e-09,1.67541023816545e-09,"BMP2/CACNA1H/CAV1/CAV2/CBY1/CDH2/CNTNAP1/COL3A1/COL6A1/COL6A3/CRYAB/CXADR/CYP26B1/DISP1/DKK1/DSP/EFEMP2/EFNB2/EHD2/EPAS1/ERBB3/FGF9/FHL1/FHL2/FLNC/FOXC1/GDF15/GJA1/GPC1/GPER1/HAND1/HDAC9/HEG1/HES1/HSPB2/ID3/IGFBP3/IGFBP5/ISL1/JAG1/JPH1/KLF5/KRT19/KRT8/LAMA5/LAMB1/LAMB2/LAMC1/LIF/LMNA/LOX/LRRC8A/MAMSTR/MEIS1/MSX1/MYL6B/MYL9/NEBL/NUPR1/PDGFRA/PDGFRB/PDLIM1/PDLIM3/PI16/PITX1/PKP2/PRICKLE1/RBPMS2/RGS4/SGCE/SIK1/SORBS2/SPEG/TAGLN/TANC1/TEAD4/TMOD1/TNNT1/TPM1/UCHL1/WNT2/WT1/ZFPM2",83
"turquoise","GO:0030323","respiratory tube development","36/840","62/4319",0.580645161290323,2.98548387096774,7.736849176907,1.50093182261407e-11,2.29915465554974e-09,1.89016868761734e-09,"ALDH1A2/BMP2/CHI3L1/COL3A1/COL6A1/CRISPLD2/EGFR/EPAS1/ERRFI1/FGF1/FGF2/FGF9/HEG1/HES1/HOXA5/IGFBP5/ITGA3/LAMA5/LIF/LOX/NFIB/PCSK5/PDGFRA/PDPN/PKDCC/PTK7/RDH10/SMPD3/SPRY1/TGFB3/THRA/WNT2/WNT2B/WNT5A/YAP1/ZFPM2",36
"turquoise","GO:0048729","tissue morphogenesis","78/840","197/4319",0.395939086294416,2.03578680203046,7.31144538013977,1.65051846947556e-11,2.41836836614463e-09,1.98817602364287e-09,"ACTA2/AHI1/ALDH1A2/ALDH1A3/BBS7/BMP2/BMP7/BTRC/CLIC4/COBL/COL3A1/COL4A1/COL5A1/CTHRC1/DKK1/DSP/EFEMP2/EFNB2/EGFR/FAT1/FERMT2/FGF1/FGF2/FLRT3/FOXC1/FRAS1/FST/FZD6/GATA5/GJA1/HAND1/HAND2/HEG1/HES1/HOXA5/ID4/IGFBP5/ISL1/ITGA3/ITGB4/JAG1/KRT6A/LAMA5/LIF/LMO4/LZTS2/MAGED1/MSX1/NDRG4/NKX3-1/OSR1/PDPN/PERP/PHLDB2/PKD2/PKP2/PODXL/PRICKLE1/PTK7/RDH10/SAPCD2/SEMA3C/SLIT2/SNAI2/SPRY1/SULF1/TACSTD2/TEAD2/TGFB1I1/TPM1/TTC8/VEGFC/WNT2/WNT2B/WNT5A/WT1/YAP1/ZFPM2",78
"turquoise","GO:0001568","blood vessel development","97/840","267/4319",0.363295880149813,1.86794631710362,7.19395181642776,1.8843101761243e-11,2.64588553897453e-09,2.17522122085928e-09,"ACKR3/ACTA2/ADAMTS1/ADGRF5/ALDH1A2/AMHR2/AMOT/ANTXR1/ANXA3/AQP1/BMP7/C3/CALD1/CARD10/CAV1/CD34/CDH2/CHI3L1/CLIC3/CLIC4/COL18A1/COL1A1/COL1A2/COL3A1/COL4A1/COL5A1/COL8A1/CSPG4/DCN/DDAH1/EFEMP2/EFNA1/EFNB2/EPAS1/ERBB2/FGF1/FGF2/FGF9/FGFBP1/FOXC1/FZD8/GADD45A/GJA1/GPER1/HAND1/HAND2/HAS2/HDAC9/HEG1/HES1/HOXA5/HYAL1/ID1/IGFBP7/IL6/ISL1/JAG1/JAM3/KLF5/LOX/MEIS1/MFGE8/NKX3-1/NPR2/OSR1/PARVA/PDGFD/PDGFRA/PDGFRB/PKD2/PLCD3/PRICKLE1/PRRX1/PTGIS/PTK7/PXDN/RAMP1/SEMA3C/SERPINB7/SERPINE1/SLC2A10/SLIT2/SMOC2/SPARC/SULF1/TEAD2/TEK/THBS2/THY1/TJP1/VEGFC/WARS2/WNT2/WNT5A/WT1/YAP1/ZFPM2",97
"turquoise","GO:0070848","response to growth factor","88/840","235/4319",0.374468085106383,1.92539007092199,7.16753211383413,2.76415280851148e-11,3.65609996878697e-09,3.00573328684907e-09,"ACTA2/AMHR2/ANXA3/BAMBI/BCAR1/BMP2/BMP7/CAV1/CAV2/CDH3/CLDN1/COL1A1/COL1A2/COL3A1/CRIM1/CTSK/DCN/DDR2/DKK1/DKK3/EGFR/ERBB2/FBN2/FERMT2/FEZ1/FGF1/FGF2/FGF9/FGFBP1/FLRT2/FLRT3/FMOD/FOXC1/FST/FSTL1/FSTL3/GAS1/GAS6/GATA5/GDF15/GPC1/GRB10/HAS1/HAS2/HES1/HIVEP1/HTRA1/HYAL1/ID1/ITGA3/LOX/MEIS2/MSX1/MT1G/MXRA5/MYO1C/NBL1/NDN/NPR2/PDGFD/PDGFRA/PDGFRB/PMEPA1/POSTN/PTPRK/RAP1GAP/RBPMS2/SFRP4/SLC2A10/SLIT2/SMOC2/SMPD3/SNAI2/SPRY1/SPRY4/SULF1/TGFB1I1/TGFB3/TNFAIP6/TPR/TSC22D1/VASN/VCAM1/VEGFC/VTN/WNT2/WNT5A/YES1",88
"turquoise","GO:0009790","embryo development","113/840","330/4319",0.342424242424242,1.76063131313131,7.06403593117914,2.82072994624514e-11,3.65609996878697e-09,3.00573328684907e-09,"ADCY9/ADGRF5/AHI1/ALDH1A2/ALDH1A3/AMOT/APOA1/ARNT2/ATOH8/BBS7/BMP2/BMP7/CBY1/CCDC24/COBL/COL12A1/COL18A1/COL1A1/COL3A1/COL5A1/COL5A2/COL6A1/COL8A1/CRABP2/CTHRC1/CYP26B1/DBN1/DIAPH3/DISP1/DKK1/DSC3/EFEMP1/EFNA1/EGFR/EPAS1/FBN2/FGF2/FGF9/FLRT3/FOXC1/FRAS1/FZD6/GJA1/HAND1/HAND2/HEG1/HES1/HOXA5/HOXB5/HOXC4/HYAL1/ID3/ISL1/ITGA3/ITGB4/JAG1/KIAA1217/KITLG/KRT19/KRT8/LAMA4/LAMA5/LAMB1/LAMB3/LIF/LMO4/MEIS1/MEIS2/MEIS3P1/MFAP2/MFAP5/MSX1/NDRG4/NKX3-1/NXN/OSR1/PCSK5/PDGFRA/PHGDH/PHLDA2/PHLDB1/PHLDB2/PITX1/PKD2/PKDCC/PLCD3/PLXNA2/PRICKLE1/PRRX1/PTK7/RARRES2/RBPMS2/RDH10/SEMA3C/SH3PXD2A/SLC2A10/SPARC/SULF1/TEAD2/TEAD3/TEAD4/TGFB1I1/TGFB3/TM4SF1/TUBB2B/VEGFC/VTN/WNT2/WNT2B/WNT5A/WT1/YAP1/ZFPM2",113
"turquoise","GO:0009719","response to endogenous stimulus","142/840","454/4319",0.312775330396476,1.60818649045521,6.73044367243269,1.22695150494991e-10,1.53141724877081e-08,1.25900053061527e-08,"ACTA2/AKR1C2/ALDH1A2/AMHR2/ANXA3/AQP1/BAMBI/BCAR1/BCAR3/BCHE/BMP2/BMP7/CACNA1H/CAV1/CAV2/CCND1/CD24/CDH3/CLDN1/COL1A1/COL1A2/COL3A1/COL6A1/CRIM1/CTSK/CYP26B1/DCN/DDR2/DHCR24/DKK1/DKK3/DSG2/EGFR/ERBB2/ERRFI1/FAT1/FBN2/FBXO32/FERMT2/FEZ1/FGF1/FGF2/FGF9/FGFBP1/FHL2/FLRT2/FLRT3/FMOD/FOSB/FOXC1/FST/FSTL1/FSTL3/GAS1/GAS6/GATA5/GDF15/GJB2/GPC1/GPER1/GRB10/GSTM3/HAS1/HAS2/HDAC9/HES1/HIVEP1/HSPA1B/HTRA1/HYAL1/ID1/IGFBP2/IGFBP5/IGFBP7/IL6/ISL1/ITGA3/KANK1/KANK2/KRT19/LOX/MAOB/MEIS2/MGARP/MSX1/MT1G/MXRA5/MYO1C/NBL1/NDN/NKX3-1/NPR2/NQO1/PAPPA/PAQR7/PDGFD/PDGFRA/PDGFRB/PKD2/PMEPA1/POSTN/PRKCZ/PTPRK/RAMP1/RAP1GAP/RARRES2/RBFOX2/RBPMS2/RERG/SCNN1A/SFRP4/SLC2A1/SLC2A10/SLC39A14/SLIT2/SLIT3/SMOC2/SMPD3/SNAI2/SPRY1/SPRY4/SULF1/TEK/TGFB1I1/TGFB3/THRA/TIMP3/TNFAIP6/TNFRSF11B/TNFSF4/TPR/TSC22D1/VASN/VCAM1/VEGFC/VGF/VTN/WNT2/WNT5A/WT1/YAP1/YES1",142
"turquoise","GO:0071363","cellular response to growth factor stimulus","83/840","223/4319",0.37219730941704,1.91371449925262,6.88393437872843,1.53277484185696e-10,1.84480400609213e-08,1.51664036983741e-08,"ACTA2/AMHR2/BAMBI/BCAR1/BMP2/BMP7/CAV1/CAV2/CDH3/CLDN1/COL1A1/COL1A2/COL3A1/CRIM1/CTSK/DCN/DDR2/DKK1/DKK3/EGFR/ERBB2/FBN2/FERMT2/FEZ1/FGF1/FGF2/FGF9/FGFBP1/FLRT2/FLRT3/FMOD/FOXC1/FST/FSTL1/FSTL3/GAS1/GAS6/GATA5/GDF15/GPC1/GRB10/HAS1/HAS2/HES1/HIVEP1/HTRA1/HYAL1/ID1/ITGA3/LOX/MSX1/MT1G/MYO1C/NBL1/NDN/PDGFD/PDGFRA/PDGFRB/PMEPA1/POSTN/PTPRK/RAP1GAP/RBPMS2/SFRP4/SLC2A10/SLIT2/SMOC2/SMPD3/SNAI2/SPRY1/SPRY4/SULF1/TGFB1I1/TGFB3/TNFAIP6/TSC22D1/VASN/VCAM1/VEGFC/VTN/WNT2/WNT5A/YES1",83
"turquoise","GO:0061448","connective tissue development","48/840","103/4319",0.466019417475728,2.39611650485437,7.04601754472086,2.39437822316305e-10,2.7824326248481e-08,2.28747857835396e-08,"ACTA2/BGN/BMP1/BMP2/BMP7/CD34/CHI3L1/COL1A1/COL3A1/COL5A1/COL6A1/CRIP1/CTSK/EFEMP1/ERRFI1/FGF2/FGF9/HAND1/HAND2/HOXA5/HOXC4/HYAL1/ID4/LOX/MGP/MSX1/NFIB/NPR2/OGN/OSR1/PDGFD/PDGFRB/PITX1/PKDCC/PRRX1/PTHLH/SERPINB7/SERPINH1/SH3PXD2B/SLC39A14/SMPD3/SNAI2/SULF1/THRA/TSKU/WNT2B/WNT5A/WT1",48
"turquoise","GO:0072001","renal system development","51/840","113/4319",0.451327433628319,2.32057522123894,6.98910361934885,2.7503050709065e-10,3.08950936298496e-08,2.53993085846523e-08,"ACTA2/ADAMTS1/AHI1/ALDH1A2/AQP1/ARL3/BICC1/BMP2/BMP7/CD24/CD34/COL4A1/CYP26B1/EFNB2/FGF1/FGF2/FOXC1/FRAS1/HAS2/HES1/ID3/ITGA3/JAG1/KANK2/LAMA5/LAMB2/LIF/LZTS2/MAGED1/NKX3-1/OSR1/PCSK5/PDGFD/PDGFRA/PDGFRB/PKD2/PODXL/PRICKLE1/PTK7/RDH10/SERPINB7/SLIT2/SPRY1/SULF1/TACSTD2/TEK/TTC8/WNT2B/WNT5A/WT1/YAP1",51
"turquoise","GO:0022008","neurogenesis","151/840","499/4319",0.302605210420842,1.55589512358049,6.48731824411365,4.41647638062948e-10,4.8011372266843e-08,3.9470851727731e-08,"ADGRG6/AHI1/ALDH1A2/ANO1/ANOS1/ARHGAP44/ARHGEF10/ARL3/ATL1/ATP9A/AXL/BCHE/BMP2/BMP7/C3/CAMSAP2/CAPRIN2/CCND1/CDH1/CDH11/CDH2/CNTNAP1/COBL/COL3A1/COL6A1/CRABP2/CSPG4/CTHRC1/CTTN/DBN1/DCLK1/DDR2/DIAPH3/DIXDC1/DKK1/DPYSL3/EFNA1/EFNB2/EFNB3/EGFR/EML1/EPHB6/ERBB2/ERBB3/FARP1/FEZ1/FGF1/FGF2/FGF9/FLRT2/FLRT3/FZD8/GAS6/GDPD5/GJA1/GJC2/GPC1/GPER1/HAND2/HDAC9/HES1/HOXC8/ID1/ID3/ID4/IGSF9/IL33/IL6/ISL1/ITGA3/ITGA6/ITGB4/JAG1/KANK1/LAMB1/LAMB2/LIF/LMO4/MATN2/MEIS1/MGARP/MYRF/NAV2/NBL1/NCKAP1/NCS1/NDN/NDRG4/NFIB/NGEF/NLGN2/NPR2/NPY/NR2F1/NR2F6/NTM/NTNG1/NUMBL/PAQR3/PHGDH/PLXNA2/PLXNA3/PLXNB1/PMP22/POSTN/PRICKLE1/PRKCZ/PRRX1/PTK7/PTPRF/PTPRK/RAB17/RAB6B/RAP1GAP/ROR1/ROR2/RRAS2/RTN4R/SEMA3B/SEMA3C/SEMA4F/SERPINE2/SH3GL3/SLIT2/SLIT3/SMARCA1/STXBP1/SYT4/TEAD3/TENM3/THY1/TMEM98/TNFRSF21/TPBG/TSKU/TTC8/TUBB2B/TUBB3/TYRO3/UCHL1/VCAM1/VEGFC/VLDLR/VPS13A/VTN/WASF3/WEE1/WNT2/WNT2B/WNT5A/YAP1",151
"turquoise","GO:0030029","actin filament-based process","93/840","267/4319",0.348314606741573,1.79091760299625,6.55550120393023,7.18363491380493e-10,7.56526551860082e-08,6.21951549116269e-08,"ACTA2/AMOT/ANTXR1/APOA1/AQP1/ARHGAP28/ARHGAP44/ARHGEF10/ARHGEF5/ASAP3/BAIAP2L1/BAIAP2L2/BCAR1/CALD1/CAP2/CAV1/CDC42EP1/CDC42EP2/CDC42EP4/CDC42EP5/CGNL1/CNN3/COBL/CTTN/CXADR/DBN1/DIAPH3/DIXDC1/DPYSL3/DSG2/DSP/DSTN/EHD2/EPDR1/ESPNL/FAM171A1/FARP1/FAT1/FERMT2/FLNC/FNBP1L/FRMD6/FSCN1/GJA1/JAM3/KANK1/KANK2/KRT19/KRT8/LIMA1/LIMCH1/MYH10/MYL6B/MYL9/MYO1B/MYO1C/MYO1D/MYO5C/NCKAP1/NEBL/NGEF/PARVA/PAWR/PDGFRA/PDGFRB/PDLIM1/PDLIM3/PDPN/PFN2/PHLDB2/PKP2/PLS3/PTK7/RGS4/RHOD/RHPN2/RND3/RTKN/SHROOM2/SHROOM3/SLIT2/SPTBN1/SSH3/TACSTD2/TGFB3/TJP1/TLN2/TMOD1/TNNT1/TPM1/TPM2/TTC8/WASF3",93
"turquoise","GO:0048699","generation of neurons","129/840","411/4319",0.313868613138686,1.61380778588808,6.42731779737644,8.0417744775808e-10,8.13778815655201e-08,6.69019472998435e-08,"AHI1/ALDH1A2/ANOS1/ARHGAP44/ARL3/ATL1/ATP9A/AXL/BCHE/BMP2/BMP7/C3/CAMSAP2/CAPRIN2/CCND1/CDH1/CDH11/CNTNAP1/COBL/COL3A1/CRABP2/CTHRC1/CTTN/DBN1/DCLK1/DDR2/DIAPH3/DIXDC1/DKK1/DPYSL3/EFNA1/EFNB2/EFNB3/EGFR/EML1/EPHB6/ERBB2/FARP1/FEZ1/FGF2/FLRT2/FLRT3/FZD8/GAS6/GDPD5/GJA1/HAND2/HDAC9/HES1/HOXC8/ID1/ID3/ID4/IGSF9/IL6/ISL1/ITGA3/ITGA6/JAG1/KANK1/LAMB1/LAMB2/LIF/LMO4/MATN2/MEIS1/MGARP/NBL1/NCKAP1/NCS1/NDN/NDRG4/NFIB/NGEF/NLGN2/NPR2/NPY/NR2F1/NR2F6/NTM/NTNG1/NUMBL/PAQR3/PHGDH/PLXNA2/PLXNA3/PLXNB1/PMP22/POSTN/PRICKLE1/PRKCZ/PRRX1/PTK7/PTPRF/PTPRK/RAB17/RAB6B/RAP1GAP/ROR1/ROR2/RTN4R/SEMA3B/SEMA3C/SEMA4F/SH3GL3/SLIT2/SLIT3/SMARCA1/STXBP1/SYT4/TEAD3/TENM3/THY1/TNFRSF21/TPBG/TSKU/TTC8/TUBB2B/TUBB3/TYRO3/UCHL1/VCAM1/VEGFC/VLDLR/VPS13A/WEE1/WNT2/WNT2B/WNT5A",129
"turquoise","GO:0030199","collagen fibril organization","21/840","29/4319",0.724137931034483,3.72327586206897,7.22962443614971,8.21023137456286e-10,8.13778815655201e-08,6.69019472998435e-08,"AEBP1/BMP1/COL12A1/COL18A1/COL1A1/COL1A2/COL3A1/COL5A1/COL5A2/COL6A1/DDR2/EFEMP2/FMOD/FOXC1/LOX/LOXL4/LUM/P3H4/PLOD2/PXDN/SERPINH1",21
"turquoise","GO:0051216","cartilage development","37/840","72/4319",0.513888888888889,2.64224537037037,6.90425640661482,9.40654075868134e-10,9.05715495907318e-08,7.44601963213513e-08,"BGN/BMP1/BMP2/BMP7/CHI3L1/COL1A1/COL3A1/COL6A1/CTSK/EFEMP1/ERRFI1/FGF2/FGF9/HAND1/HAND2/HOXA5/HOXC4/HYAL1/MGP/MSX1/NFIB/NPR2/OGN/OSR1/PITX1/PKDCC/PRRX1/PTHLH/SERPINH1/SLC39A14/SMPD3/SNAI2/SULF1/THRA/TSKU/WNT2B/WNT5A",37
"turquoise","GO:0030334","regulation of cell migration","113/840","348/4319",0.324712643678161,1.66956417624521,6.40008343329163,1.16735735486913e-09,1.09277619053027e-07,8.98387297665364e-08,"ACKR3/ACTA2/ADAMTS1/AMOT/ANXA3/AQP1/ATOH8/BCAR1/BDKRB1/BMP2/BMP7/CARD10/CAV1/CD200/CDH1/CDH11/CEMIP/CLDN1/CLIC4/COL1A1/COL3A1/DCN/DDR2/DPP4/DPYSL3/EFNA1/EGFR/FAM83H/FAT1/FBLN1/FBN2/FERMT2/FGF1/FGF2/FGF9/FGFBP1/FLRT2/GADD45A/GAS6/GDF15/GJA1/GPER1/GRB7/HAS1/HAS2/HDAC9/IGFBP3/IGFBP5/IL1R1/IL33/IL6/ITGA3/ITGA6/JAG1/JAM3/KANK1/KITLG/KRT5/LAMA4/LAMA5/LAMB1/LAMC2/LDB2/LIMCH1/LMNA/LMO4/MTUS1/MYO1C/NBL1/NDRG4/NTNG1/PDGFC/PDGFD/PDGFRA/PDGFRB/PDPN/PERP/PFN2/PHLDA2/PHLDB2/PLAU/PLXNA2/PLXNA3/PLXNB1/PODN/PODXL/POSTN/PTPRK/RARRES2/RHOD/ROR2/RRAS2/SEMA3B/SEMA3C/SEMA4F/SERPINE1/SERPINE2/SH3RF2/SLIT2/SMOC2/SMPD3/SNAI2/SPARC/SULF1/TACSTD2/TEK/THY1/TJP1/TNFAIP6/TPM1/VEGFC/VTN/WNT5A",113
"turquoise","GO:0031589","cell-substrate adhesion","54/840","127/4319",0.425196850393701,2.18622047244095,6.6666919223197,1.23341292217261e-09,1.12340582370857e-07,9.23568367328113e-08,"ABI3BP/ANTXR1/APOA1/AXL/CD34/CDH11/COL16A1/COL17A1/COL1A1/COL3A1/COL8A1/CTTN/ECM2/EFEMP2/EFNA1/EGFLAM/EPDR1/FBLN1/FBLN2/FERMT2/GAS6/HACD1/HAS2/ITGA3/ITGA6/ITGB4/JAG1/JAM3/KANK1/LAMA5/LAMB1/LAMC1/LIMCH1/MELTF/MSLN/PARVA/PDPN/PHLDB2/PKP2/PLAU/POSTN/PRKCZ/PTPRK/RHOD/SERPINE1/SGCE/SPRY4/SVEP1/TACSTD2/TEK/THY1/TYRO3/VCAM1/VTN",54
"turquoise","GO:0071495","cellular response to endogenous stimulus","117/840","365/4319",0.320547945205479,1.64815068493151,6.35854620827244,1.37741294474783e-09,1.22154779573689e-07,1.00425231871919e-07,"ACTA2/AKR1C2/ALDH1A2/AMHR2/AQP1/BAMBI/BCAR1/BCAR3/BMP2/BMP7/CACNA1H/CAV1/CAV2/CDH3/CLDN1/COL1A1/COL1A2/COL3A1/COL6A1/CRIM1/CTSK/CYP26B1/DCN/DDR2/DKK1/DKK3/EGFR/ERBB2/ERRFI1/FAT1/FBN2/FBXO32/FERMT2/FEZ1/FGF1/FGF2/FGF9/FGFBP1/FLRT2/FLRT3/FMOD/FOSB/FOXC1/FST/FSTL1/FSTL3/GAS1/GAS6/GATA5/GDF15/GJB2/GPC1/GPER1/GRB10/HAS1/HAS2/HDAC9/HES1/HIVEP1/HSPA1B/HTRA1/HYAL1/ID1/IGFBP2/IGFBP7/ISL1/ITGA3/KANK1/KANK2/LOX/MGARP/MSX1/MT1G/MYO1C/NBL1/NDN/NKX3-1/PAQR7/PDGFD/PDGFRA/PDGFRB/PKD2/PMEPA1/POSTN/PRKCZ/PTPRK/RAMP1/RAP1GAP/RARRES2/RBFOX2/RBPMS2/SCNN1A/SFRP4/SLC2A10/SLC39A14/SLIT2/SLIT3/SMOC2/SMPD3/SNAI2/SPRY1/SPRY4/SULF1/TGFB1I1/TGFB3/THRA/TNFAIP6/TNFSF4/TSC22D1/VASN/VCAM1/VEGFC/VTN/WNT2/WNT5A/WT1/YES1",117
"turquoise","GO:0048598","embryonic morphogenesis","67/840","173/4319",0.38728323699422,1.99128131021195,6.538213053301,1.49409969003459e-09,1.29105537318373e-07,1.06139551529582e-07,"AHI1/ALDH1A2/ALDH1A3/AMOT/APOA1/ATOH8/BBS7/BMP7/COBL/COL12A1/COL5A1/COL5A2/COL6A1/COL8A1/CRABP2/CTHRC1/CYP26B1/DKK1/EFEMP1/EFNA1/FBN2/FGF2/FGF9/FLRT3/FOXC1/FRAS1/FZD6/GJA1/HAND1/HAND2/HES1/HOXA5/HOXB5/HOXC4/HYAL1/ITGA3/ITGB4/LAMA5/LAMB1/LAMB3/LMO4/MFAP2/MFAP5/MSX1/NDRG4/OSR1/PDGFRA/PHLDB1/PHLDB2/PITX1/PKD2/PRICKLE1/PRRX1/PTK7/RBPMS2/RDH10/SPARC/SULF1/TEAD2/TGFB1I1/TGFB3/VEGFC/VTN/WNT2/WNT2B/WNT5A/YAP1",67
"turquoise","GO:0002009","morphogenesis of an epithelium","63/840","159/4319",0.39622641509434,2.0372641509434,6.54779408004691,1.61379838707782e-09,1.35962514111306e-07,1.11776772494443e-07,"AHI1/ALDH1A2/ALDH1A3/BBS7/BMP2/BMP7/BTRC/CLIC4/COBL/COL4A1/COL5A1/CTHRC1/EFNB2/EGFR/FAT1/FERMT2/FGF1/FGF2/FLRT3/FRAS1/FST/FZD6/GJA1/HAND1/HAND2/HES1/HOXA5/ID4/IGFBP5/JAG1/KRT6A/LAMA5/LIF/LMO4/LZTS2/MAGED1/NDRG4/NKX3-1/OSR1/PDPN/PERP/PHLDB2/PKD2/PODXL/PRICKLE1/PTK7/RDH10/SAPCD2/SEMA3C/SLIT2/SNAI2/SPRY1/SULF1/TACSTD2/TEAD2/TGFB1I1/TTC8/VEGFC/WNT2/WNT2B/WNT5A/WT1/YAP1",63
"turquoise","GO:0003007","heart morphogenesis","42/840","89/4319",0.471910112359551,2.42640449438202,6.68068916836912,2.0405953754483e-09,1.67726985738067e-07,1.3789080945263e-07,"ADAMTS1/ADGRG6/AHI1/ALDH1A2/BBS7/BMP2/BMP7/COL5A1/CPE/DKK1/DSP/EFNA1/FHL2/FLRT2/FOXC1/GATA5/GJA1/HAND1/HAND2/HAS2/HEG1/HES1/ISL1/JAG1/MSX1/NDRG4/PARVA/PKD2/PKP2/PRICKLE1/SEMA3C/SLIT2/SLIT3/SNAI2/SPRY1/TEAD2/TEK/TPM1/WNT2/WNT5A/YAP1/ZFPM2",42
"turquoise","GO:0001822","kidney development","48/840","109/4319",0.440366972477064,2.26422018348624,6.56823478298324,2.60183774218548e-09,2.08766504551549e-07,1.71629998431884e-07,"ACTA2/ADAMTS1/AHI1/ALDH1A2/AQP1/ARL3/BICC1/BMP2/BMP7/CD24/CD34/CYP26B1/EFNB2/FGF1/FGF2/FOXC1/FRAS1/HAS2/HES1/ID3/ITGA3/JAG1/KANK2/LAMA5/LAMB2/LIF/LZTS2/MAGED1/NKX3-1/OSR1/PCSK5/PDGFD/PDGFRA/PDGFRB/PKD2/PODXL/PTK7/RDH10/SERPINB7/SLIT2/SPRY1/SULF1/TACSTD2/TEK/WNT2B/WNT5A/WT1/YAP1",48
"turquoise","GO:0030182","neuron differentiation","120/840","381/4319",0.31496062992126,1.61942257217848,6.22107456665884,2.76160737504369e-09,2.16432950090633e-07,1.77932695498531e-07,"AHI1/ALDH1A2/ANOS1/ARHGAP44/ARL3/ATL1/ATP9A/BMP2/BMP7/C3/CAMSAP2/CAPRIN2/CCND1/CDH1/CDH11/CNTNAP1/COBL/CRABP2/CTHRC1/CTTN/DBN1/DCLK1/DDR2/DIAPH3/DIXDC1/DKK1/DPYSL3/EFNA1/EFNB2/EFNB3/EGFR/EPHB6/ERBB2/FARP1/FEZ1/FGF2/FLRT2/FLRT3/FZD8/GDPD5/HAND2/HDAC9/HES1/HOXC8/ID1/ID3/ID4/IGSF9/IL6/ISL1/ITGA3/ITGA6/JAG1/KANK1/LAMB1/LAMB2/LIF/LMO4/MATN2/MEIS1/MGARP/NBL1/NCKAP1/NCS1/NDN/NDRG4/NFIB/NGEF/NLGN2/NPR2/NPY/NR2F1/NR2F6/NTM/NTNG1/NUMBL/PAQR3/PHGDH/PLXNA2/PLXNA3/PLXNB1/PMP22/POSTN/PRICKLE1/PRKCZ/PRRX1/PTK7/PTPRF/PTPRK/RAB17/RAB6B/RAP1GAP/ROR1/ROR2/RTN4R/SEMA3B/SEMA3C/SEMA4F/SH3GL3/SLIT2/SLIT3/SMARCA1/STXBP1/SYT4/TENM3/THY1/TNFRSF21/TPBG/TSKU/TTC8/TUBB2B/TUBB3/UCHL1/VCAM1/VLDLR/VPS13A/WEE1/WNT2/WNT2B/WNT5A",120
"turquoise","GO:0000902","cell morphogenesis","99/840","297/4319",0.333333333333333,1.71388888888889,6.26385306627165,3.00556136273223e-09,2.30198677100173e-07,1.89249701117494e-07,"ANO1/ANOS1/ARHGAP44/ATL1/ATP9A/BAMBI/BMP7/CAP2/CAPRIN2/CDC42EP1/CDC42EP2/CDC42EP4/CDC42EP5/CDH1/CDH11/CDH2/CDH3/CLIC4/CNTNAP1/COBL/COL18A1/COL6A1/CRABP2/CTTN/DBN1/DCLK1/DKK1/EFNA1/EFNB2/EFNB3/EGFR/EPHB6/ERBB2/FAM171A1/FARP1/FAT1/FERMT2/FEZ1/FLRT2/FLRT3/FRMD6/HEG1/HES1/IGSF9/ISL1/KANK1/LAMB2/LIF/LMO4/MATN2/MFAP2/MSX1/MYH10/NBL1/NCKAP1/NDN/NFIB/NGEF/NPR2/NTNG1/NUMBL/PALM/PALMD/PARVA/PDPN/PLXNA2/PLXNA3/PLXNB1/POSTN/PRICKLE1/PRKCZ/PTK7/RILPL1/RTN4R/SEMA3B/SEMA3C/SEMA4F/SH3D19/SHROOM3/SLIT2/SLIT3/SPARC/STXBP1/SYT4/THY1/TPBG/TPM1/TSKU/TTC8/TUBB2B/TUBB3/UCHL1/VLDLR/VPS13A/WASF3/WEE1/WNT5A/WTIP/YAP1",99
"turquoise","GO:0048568","embryonic organ development","56/840","137/4319",0.408759124087591,2.10170316301703,6.43852836462245,3.54216877318665e-09,2.59502364470413e-07,2.13340691327855e-07,"AHI1/ALDH1A2/ALDH1A3/BBS7/BMP7/COBL/COL18A1/CTHRC1/EFEMP1/EFNA1/EGFR/EPAS1/FBN2/FGF9/FOXC1/FZD6/GJA1/HAND1/HAND2/HES1/HOXA5/HOXB5/HOXC4/HYAL1/ID3/KITLG/KRT19/KRT8/LIF/MFAP2/MFAP5/MSX1/NDRG4/OSR1/PCSK5/PDGFRA/PHLDA2/PKD2/PKDCC/PLCD3/PRICKLE1/PRRX1/PTK7/RARRES2/RBPMS2/RDH10/SPARC/TEAD2/TEAD3/TEAD4/TGFB3/TUBB2B/WNT2/WNT5A/YAP1/ZFPM2",56
"turquoise","GO:0060537","muscle tissue development","56/840","137/4319",0.408759124087591,2.10170316301703,6.43852836462245,3.54216877318665e-09,2.59502364470413e-07,2.13340691327855e-07,"ALDH1A2/BMP2/BMP7/CAV1/CAV2/CBY1/CNTNAP1/COL3A1/COL6A1/CXADR/CYP26B1/DKK1/DSG2/DSP/EFEMP2/EFNB2/ERBB3/FGF2/FGF9/FHL2/FOXC1/GATA5/GJA1/GPC1/HAND1/HDAC9/HEG1/IGFBP5/ISL1/KLF5/LMNA/LOX/MEIS1/MSX1/MYL6B/NDRG4/NEBL/NPR2/NUPR1/OSR1/PDGFRA/PDGFRB/PI16/PITX1/PKD2/PKP2/PRICKLE1/RGS4/SEMA3C/SIK1/SORBS2/TPM1/WNT2/WT1/YAP1/ZFPM2",56
"turquoise","GO:0007169","cell surface receptor protein tyrosine kinase signaling pathway","78/840","217/4319",0.359447004608295,1.84815668202765,6.2988588219624,3.78333953825743e-09,2.71273494551649e-07,2.23017909623596e-07,"AFAP1L2/AHI1/AXL/BCAR1/BCAR3/BMP2/CAV2/CDH3/COL1A1/COL4A1/COL4A5/COL6A1/CRIM1/CSPG4/DCN/DDR2/DOK4/EFEMP1/EFNA1/EFNB2/EFNB3/EGFR/EPHB6/ERBB2/ERBB3/ERRFI1/FGF1/FGF2/FGF9/FGFBP1/FLRT2/FLRT3/FOXC1/GDF15/GPC1/GPER1/GPRC5A/GRB10/GRB7/IGFBP2/IGFBP3/IGFBP4/IGFBP5/IGFBP6/KANK1/LOX/MYO1C/NDN/NDRG4/NGEF/NKX3-1/NPR2/PDGFC/PDGFD/PDGFRA/PDGFRB/PDGFRL/PLAT/PRICKLE1/PRKCZ/PTPN3/RARRES2/RHBDF1/ROR2/SLC39A14/SMOC2/SMPD3/SPRY1/SPRY4/SULF1/SVEP1/TEK/TYRO3/VEGFC/VPS13A/VTN/WNT5A/YES1",78
"turquoise","GO:0048738","cardiac muscle tissue development","37/840","75/4319",0.493333333333333,2.53655555555556,6.59545799748852,4.10894775754566e-09,2.88482373811018e-07,2.37165581093425e-07,"ALDH1A2/BMP2/BMP7/CBY1/CXADR/DKK1/DSG2/DSP/EFNB2/ERBB3/FGF2/FGF9/FHL2/FOXC1/GATA5/GJA1/HAND1/HEG1/ISL1/LMNA/MEIS1/MSX1/NDRG4/NEBL/PDGFRA/PDGFRB/PI16/PKP2/PRICKLE1/RGS4/SIK1/SORBS2/TPM1/WNT2/WT1/YAP1/ZFPM2",37
"turquoise","GO:0007423","sensory organ development","65/840","171/4319",0.380116959064327,1.95443469785575,6.25717999930798,6.48032594513629e-09,4.37668916540943e-07,3.59814021032567e-07,"AHI1/ALDH1A2/ALDH1A3/AQP1/BBS7/BCAR3/BMP2/BMP7/BNC2/CLIC4/COL4A1/COL5A1/COL5A2/COL8A1/CRYAB/CTHRC1/CYP26B1/DIAPH3/EFEMP1/EGFR/FAT1/FBN2/FGF2/FGF9/FOXC1/FZD6/GJA1/GJB2/HAND2/HES1/JAG1/LAMB2/MEIS1/MEIS2/MEIS3P1/MFAP2/MFAP5/MSX1/NECTIN3/NFIB/OSR1/PDGFRA/PDGFRB/PRICKLE1/PRRX1/PTK7/PXDN/RDH10/ROR1/SALL2/SH3PXD2B/SHROOM2/SIX5/SPARC/SPRY1/TENM3/TGFB3/THY1/TMOD1/TSKU/TTC8/WNT2/WNT2B/WNT5A/WT1",65
"turquoise","GO:0072006","nephron development","31/840","58/4319",0.53448275862069,2.74813218390805,6.58546196493132,6.49360410298135e-09,4.37668916540943e-07,3.59814021032567e-07,"ACTA2/AHI1/AQP1/BMP2/BMP7/CD24/CD34/FGF1/FGF2/FOXC1/HES1/ITGA3/JAG1/LAMA5/LAMB2/LIF/LZTS2/MAGED1/OSR1/PDGFD/PDGFRA/PDGFRB/PKD2/PODXL/SERPINB7/SULF1/TACSTD2/TEK/WNT2B/WT1/YAP1",31
"turquoise","GO:0040012","regulation of locomotion","116/840","370/4319",0.313513513513514,1.61198198198198,6.04852776587842,7.19585200722152e-09,4.75490613026206e-07,3.90907791186936e-07,"ACKR3/ACTA2/ADAMTS1/AMOT/ANXA3/AQP1/ATOH8/BCAR1/BDKRB1/BMP2/BMP7/CARD10/CAV1/CD200/CDH1/CDH11/CEMIP/CLDN1/CLIC4/COL1A1/COL3A1/DCN/DDR2/DPP4/DPYSL3/EFNA1/EFNB2/EGFR/FAM83H/FAT1/FBLN1/FBN2/FERMT2/FGF1/FGF2/FGF9/FGFBP1/FLRT2/GADD45A/GAS6/GDF15/GJA1/GPER1/GRB7/HAS1/HAS2/HDAC9/IGFBP3/IGFBP5/IL1R1/IL33/IL6/ITGA3/ITGA6/JAG1/JAM3/KANK1/KITLG/KRT5/LAMA4/LAMA5/LAMB1/LAMC2/LDB2/LIMCH1/LMNA/LMO4/MTUS1/MYO1C/NBL1/NDRG4/NTNG1/PDGFC/PDGFD/PDGFRA/PDGFRB/PDPN/PERP/PFN2/PHLDA2/PHLDB2/PLAU/PLXNA2/PLXNA3/PLXNB1/PODN/PODXL/POSTN/PTPRK/RARRES2/RHOD/ROR2/RRAS2/SEMA3B/SEMA3C/SEMA4F/SERPINE1/SERPINE2/SH3RF2/SLIT2/SMOC2/SMPD3/SNAI2/SPARC/SULF1/TACSTD2/TEK/THY1/TJP1/TNFAIP6/TPBG/TPM1/TUBB2B/VEGFC/VTN/WNT5A",116
"turquoise","GO:2000145","regulation of cell motility","113/840","358/4319",0.315642458100559,1.62292830540037,6.04687380373684,7.5423616754986e-09,4.88803054739044e-07,4.01852144330209e-07,"ACKR3/ACTA2/ADAMTS1/AMOT/ANXA3/AQP1/ATOH8/BCAR1/BDKRB1/BMP2/BMP7/CARD10/CAV1/CD200/CDH1/CDH11/CEMIP/CLDN1/CLIC4/COL1A1/COL3A1/DCN/DDR2/DPP4/DPYSL3/EFNA1/EGFR/FAM83H/FAT1/FBLN1/FBN2/FERMT2/FGF1/FGF2/FGF9/FGFBP1/FLRT2/GADD45A/GAS6/GDF15/GJA1/GPER1/GRB7/HAS1/HAS2/HDAC9/IGFBP3/IGFBP5/IL1R1/IL33/IL6/ITGA3/ITGA6/JAG1/JAM3/KANK1/KITLG/KRT5/LAMA4/LAMA5/LAMB1/LAMC2/LDB2/LIMCH1/LMNA/LMO4/MTUS1/MYO1C/NBL1/NDRG4/NTNG1/PDGFC/PDGFD/PDGFRA/PDGFRB/PDPN/PERP/PFN2/PHLDA2/PHLDB2/PLAU/PLXNA2/PLXNA3/PLXNB1/PODN/PODXL/POSTN/PTPRK/RARRES2/RHOD/ROR2/RRAS2/SEMA3B/SEMA3C/SEMA4F/SERPINE1/SERPINE2/SH3RF2/SLIT2/SMOC2/SMPD3/SNAI2/SPARC/SULF1/TACSTD2/TEK/THY1/TJP1/TNFAIP6/TPM1/VEGFC/VTN/WNT5A",113
"turquoise","GO:0030036","actin cytoskeleton organization","82/840","239/4319",0.343096234309623,1.76408647140865,5.97124824849221,1.78894451189297e-08,1.13749868020365e-06,9.35154310884272e-07,"AMOT/ANTXR1/APOA1/AQP1/ARHGAP28/ARHGAP44/ARHGEF10/ARHGEF5/ASAP3/BAIAP2L1/BAIAP2L2/BCAR1/CALD1/CAP2/CDC42EP1/CDC42EP2/CDC42EP4/CDC42EP5/CGNL1/CNN3/COBL/CTTN/CXADR/DBN1/DIAPH3/DIXDC1/DPYSL3/DSTN/EHD2/ESPNL/FAM171A1/FARP1/FAT1/FERMT2/FLNC/FSCN1/JAM3/KANK1/KANK2/KRT19/KRT8/LIMA1/LIMCH1/MYH10/MYL9/MYO1B/MYO1C/MYO1D/MYO5C/NCKAP1/NEBL/NGEF/PARVA/PAWR/PDGFRA/PDGFRB/PDLIM1/PDLIM3/PFN2/PHLDB2/PLS3/PTK7/RGS4/RHOD/RHPN2/RND3/RTKN/SHROOM2/SHROOM3/SLIT2/SPTBN1/SSH3/TACSTD2/TGFB3/TJP1/TLN2/TMOD1/TNNT1/TPM1/TPM2/TTC8/WASF3",82
"turquoise","GO:0031175","neuron projection development","92/840","279/4319",0.329749103942652,1.69545997610514,5.90115888671951,2.12756214645431e-08,1.32775637658352e-06,1.09156794726467e-06,"ANOS1/ARHGAP44/ATL1/ATP9A/BMP7/CAMSAP2/CAPRIN2/CDH1/CDH11/CNTNAP1/COBL/CRABP2/CTHRC1/CTTN/DBN1/DCLK1/DDR2/DKK1/DPYSL3/EFNA1/EFNB2/EFNB3/EGFR/EPHB6/ERBB2/FARP1/FEZ1/FLRT2/FLRT3/HES1/IGSF9/IL6/ISL1/ITGA3/ITGA6/KANK1/LAMB1/LAMB2/LMO4/MATN2/MGARP/NBL1/NCKAP1/NCS1/NDN/NDRG4/NFIB/NGEF/NLGN2/NPR2/NPY/NR2F1/NTNG1/NUMBL/PAQR3/PHGDH/PLXNA2/PLXNA3/PLXNB1/PMP22/POSTN/PRICKLE1/PRKCZ/PRRX1/PTK7/PTPRF/PTPRK/RAB17/RAB6B/ROR1/ROR2/RTN4R/SEMA3B/SEMA3C/SEMA4F/SLIT2/SLIT3/STXBP1/SYT4/TENM3/THY1/TNFRSF21/TPBG/TSKU/TTC8/TUBB2B/TUBB3/UCHL1/VLDLR/VPS13A/WEE1/WNT5A",92
"turquoise","GO:0007010","cytoskeleton organization","138/840","470/4319",0.293617021276596,1.50968085106383,5.75078376924672,2.62879041678278e-08,1.6107315826469e-06,1.32420600516216e-06,"ABLIM1/ABLIM3/AMOT/ANTXR1/APOA1/AQP1/ARHGAP28/ARHGAP44/ARHGEF10/ARHGEF5/ASAP3/BAIAP2L1/BAIAP2L2/BBOF1/BCAR1/CALD1/CAMSAP2/CAP2/CDC14B/CDC20/CDC42EP1/CDC42EP2/CDC42EP4/CDC42EP5/CEP44/CGN/CGNL1/CLIC4/CLIP3/CNN3/CNTNAP1/COBL/CRYAB/CTTN/CXADR/DAW1/DBN1/DIAPH3/DIXDC1/DPYSL3/DSP/DSTN/EFHC1/EHD2/EML1/EML2/ESPNL/EVPL/FAM171A1/FAM83H/FARP1/FAT1/FERMT2/FLNC/FSCN1/GADD45A/GJA1/HSPA1B/JAM3/KANK1/KANK2/KIF20A/KRT19/KRT5/KRT6A/KRT7/KRT8/KRT80/LIMA1/LIMCH1/LMNA/LZTS2/MAST4/MID1/MISP/MYH10/MYL9/MYO1B/MYO1C/MYO1D/MYO5C/NCKAP1/NEBL/NGEF/NME7/PALM/PARVA/PAWR/PDGFRA/PDGFRB/PDLIM1/PDLIM3/PFN2/PHLDB1/PHLDB2/PKD2/PKP2/PLS3/PLXNA3/PLXNB1/PPFIBP1/PPL/PRICKLE1/PRKCZ/PTK7/RGS4/RHOD/RHPN2/RND3/RTKN/SAPCD2/SH3D19/SHROOM2/SHROOM3/SLIT2/SORBS2/SPAG16/SPRY1/SPTBN1/SSH3/TACC2/TACSTD2/TGFB3/THY1/TJP1/TLN2/TMOD1/TNNT1/TPM1/TPM2/TPPP3/TPR/TTC8/TUBB2B/TUBB3/WASF3/WEE1/WTIP",138
"turquoise","GO:0003156","regulation of animal organ formation","12/840","13/4319",0.923076923076923,4.74615384615385,6.64620939445621,2.93912093885366e-08,1.73769080069068e-06,1.42858103620736e-06,"BMP2/BMP7/DKK1/FGF1/FGF2/GATA5/SPRY1/SULF1/WNT2/WNT2B/WNT5A/WT1",12
"turquoise","GO:0046688","response to copper ion","12/840","13/4319",0.923076923076923,4.74615384615385,6.64620939445621,2.93912093885366e-08,1.73769080069068e-06,1.42858103620736e-06,"AQP1/ATP7B/BACE1/MAP1LC3A/MT1A/MT1E/MT1F/MT1G/MT1H/MT1M/MT1X/MT2A",12
"turquoise","GO:0051017","actin filament bundle assembly","31/840","61/4319",0.508196721311475,2.6129781420765,6.23367733555458,3.14426424580835e-08,1.74308601427618e-06,1.43301652024829e-06,"AMOT/APOA1/ARHGAP28/ARHGEF10/ARHGEF5/ASAP3/BAIAP2L1/BAIAP2L2/CALD1/CGNL1/DIAPH3/DPYSL3/ESPNL/FAM171A1/FERMT2/FSCN1/LIMA1/LIMCH1/MYO1B/PAWR/PDLIM1/PFN2/PHLDB2/PLS3/RHOD/RHPN2/TACSTD2/TGFB3/TJP1/TPM1/TTC8",31
"turquoise","GO:0061572","actin filament bundle organization","31/840","61/4319",0.508196721311475,2.6129781420765,6.23367733555458,3.14426424580835e-08,1.74308601427618e-06,1.43301652024829e-06,"AMOT/APOA1/ARHGAP28/ARHGEF10/ARHGEF5/ASAP3/BAIAP2L1/BAIAP2L2/CALD1/CGNL1/DIAPH3/DPYSL3/ESPNL/FAM171A1/FERMT2/FSCN1/LIMA1/LIMCH1/MYO1B/PAWR/PDLIM1/PFN2/PHLDB2/PLS3/RHOD/RHPN2/TACSTD2/TGFB3/TJP1/TPM1/TTC8",31
"turquoise","GO:0048880","sensory system development","52/840","130/4319",0.4,2.05666666666667,6.0104674718226,3.14543542370942e-08,1.74308601427618e-06,1.43301652024829e-06,"AHI1/ALDH1A2/ALDH1A3/AQP1/BBS7/BCAR3/BMP7/C3/CLIC4/COL4A1/COL5A1/COL5A2/COL8A1/CRYAB/EFEMP1/EGFR/FAT1/FBN2/FGF2/FGF9/FOXC1/GJA1/HES1/ISL1/JAG1/LAMB2/MEIS1/MEIS2/MEIS3P1/MFAP2/MFAP5/NECTIN3/NFIB/PDGFRA/PDGFRB/PRICKLE1/PXDN/RDH10/SALL2/SH3PXD2B/SHROOM2/SIX5/SPRY1/TENM3/THY1/TMOD1/TSKU/TTC8/WNT2/WNT2B/WNT5A/WT1",52
"turquoise","GO:0048514","blood vessel morphogenesis","79/840","230/4319",0.343478260869565,1.76605072463768,5.86633200343,3.15514085670168e-08,1.74308601427618e-06,1.43301652024829e-06,"ACKR3/ADAMTS1/ADGRF5/AMOT/ANXA3/AQP1/C3/CALD1/CARD10/CAV1/CD34/CDH2/CHI3L1/CLIC3/CLIC4/COL18A1/COL3A1/COL4A1/COL8A1/CSPG4/DCN/DDAH1/EFEMP2/EFNA1/EFNB2/EPAS1/ERBB2/FGF1/FGF2/FGF9/FGFBP1/FOXC1/FZD8/GADD45A/GJA1/HAND1/HAND2/HAS2/HDAC9/HEG1/HES1/HOXA5/HYAL1/ID1/IGFBP7/IL6/ISL1/JAG1/JAM3/KLF5/LOX/MEIS1/MFGE8/NPR2/PARVA/PDGFRA/PDGFRB/PKD2/PLCD3/PRRX1/PTGIS/PXDN/RAMP1/SERPINE1/SLIT2/SMOC2/SPARC/SULF1/TEAD2/TEK/THBS2/THY1/TJP1/VEGFC/WARS2/WNT5A/WT1/YAP1/ZFPM2",79
"turquoise","GO:0043588","skin development","38/840","83/4319",0.457831325301205,2.35401606425703,6.11981980910216,3.43524528470771e-08,1.86722203378467e-06,1.53507055846361e-06,"CDH3/CLDN1/CLIC4/COL1A1/COL1A2/COL3A1/COL5A1/COL5A2/COL6A1/CYP26B1/DHCR24/DKK1/DSP/EGFR/ERRFI1/EVPL/FOXC1/FRAS1/FST/FZD6/IGFBP5/ITGA3/ITGA6/ITGB4/JAG1/KLK5/KRT5/KRT6A/KRT7/KRT80/LAMA5/LDB2/PPL/SLC2A10/SPRR2F/TGM1/WNT5A/YAP1",38
"turquoise","GO:0030855","epithelial cell differentiation","73/840","208/4319",0.350961538461538,1.80452724358974,5.84322260845059,3.96721396314143e-08,2.12214461202962e-06,1.744646140516e-06,"ACTA2/AHI1/AKR1C2/ATOH8/BMP2/BMP7/CAV1/CCND1/CD24/CD34/CDH2/CDH3/CLDN1/CLIC4/CNN3/COL18A1/COL4A1/COL6A1/CYP26B1/DSP/EPAS1/ERRFI1/EVPL/FAT1/FGF2/FOXC1/FRMD6/FST/FSTL1/GATA5/GJA1/GSTM3/HEG1/HES1/HOXA5/HOXB5/ID3/JAG1/KLF5/KLK5/KRT19/KRT5/KRT6A/KRT7/KRT80/LAMB2/LIF/MSX1/NFIB/NPR2/NPY/OSR1/PDPN/PODXL/PPL/PTK7/RILPL1/S1PR3/SERPINE1/SFRP4/SPRR2F/SPRY1/TAGLN/TGFB1I1/TGM1/THRA/TJP1/TMOD1/TTC8/UPK1B/WNT5A/WT1/YAP1",73
"turquoise","GO:0042692","muscle cell differentiation","50/840","124/4319",0.403225806451613,2.07325268817204,5.95800128551511,4.29003853553129e-08,2.24593373910397e-06,1.84641499338487e-06,"BMP2/CACNA1H/CAV2/CBY1/CDH2/CNTNAP1/COL6A1/CXADR/CYP26B1/DKK1/EFEMP2/EFNB2/EHD2/FGF9/FHL2/FLNC/GDF15/GPER1/HDAC9/HES1/IGFBP5/ISL1/KLF5/KRT19/KRT8/LAMB1/LAMB2/LAMC1/LMNA/LOX/MAMSTR/MEIS1/MSX1/MYL9/NEBL/PDGFRA/PDGFRB/PI16/PRICKLE1/RBPMS2/RGS4/SIK1/SORBS2/SPEG/TANC1/TMOD1/TNNT1/TPM1/UCHL1/WT1",50
"turquoise","GO:0045926","negative regulation of growth","35/840","74/4319",0.472972972972973,2.43186936936937,6.10427596195742,4.33191967482961e-08,2.24593373910397e-06,1.84641499338487e-06,"BDKRB1/CAPRIN2/CDH1/CRYAB/DCBLD2/DNAJB2/FHL1/GDF15/GJA1/HSPA1B/HYAL1/IGFBP5/MEG3/MSX1/MT1A/MT1E/MT1F/MT1G/MT1H/MT1M/MT1X/MT2A/PI16/PLXNA3/RERG/RGS4/RTN4R/SEMA4F/SERPINE2/SH3BP4/SLIT2/SLIT3/WNT5A/WT1/WWC1",35
"turquoise","GO:0035051","cardiocyte differentiation","27/840","50/4319",0.54,2.7765,6.20784527878445,4.71427413062993e-08,2.40713694245801e-06,1.97894250587209e-06,"BMP2/BMP7/CBY1/CXADR/DKK1/EFNB2/EGFR/FHL2/GPER1/HAND2/HES1/ISL1/JAG1/LMNA/MEIS1/NEBL/PDGFRA/PDGFRB/PI16/PRICKLE1/RGS4/SEMA3C/SIK1/SORBS2/SPRY1/VCAM1/WT1",27
"turquoise","GO:0060485","mesenchyme development","48/840","118/4319",0.406779661016949,2.09152542372881,5.90680000068125,5.81293448736622e-08,2.92381928692898e-06,2.4037146222699e-06,"ACTA2/ALDH1A2/BAMBI/BMP2/BMP7/BNC2/CDH2/COL1A1/DKK1/EFNA1/ERBB3/FERMT2/FGF9/FOXC1/GATA5/HAND1/HAND2/HAS2/HES1/HOXA5/IL6/ISL1/JAG1/KITLG/LAMA5/MSX1/OSR1/PDPN/PHLDB1/PHLDB2/PKD2/PRICKLE1/PTK7/RDH10/SEMA3B/SEMA3C/SEMA4F/SNAI2/SPRY1/TEAD2/TGFB1I1/TGFB3/VASN/WNT2/WNT5A/WT1/YAP1/ZFPM2",48
"turquoise","GO:0007015","actin filament organization","60/840","161/4319",0.372670807453416,1.91614906832298,5.82090601878781,5.957396701311e-08,2.95241571814972e-06,2.42722416684993e-06,"AMOT/APOA1/ARHGAP28/ARHGEF10/ARHGEF5/ASAP3/BAIAP2L1/BAIAP2L2/BCAR1/CALD1/CAP2/CDC42EP1/CDC42EP2/CDC42EP4/CDC42EP5/CGNL1/CNN3/COBL/CTTN/DBN1/DIAPH3/DPYSL3/DSTN/ESPNL/FAM171A1/FAT1/FERMT2/FSCN1/KANK1/KANK2/LIMA1/LIMCH1/MYO1B/MYO1C/MYO1D/MYO5C/NCKAP1/NEBL/PAWR/PDLIM1/PFN2/PHLDB2/PLS3/RGS4/RHOD/RHPN2/RND3/SHROOM2/SHROOM3/SLIT2/SPTBN1/SSH3/TACSTD2/TGFB3/TJP1/TMOD1/TPM1/TPM2/TTC8/WASF3",60
"turquoise","GO:0007389","pattern specification process","51/840","129/4319",0.395348837209302,2.0327519379845,5.85110120338659,6.74930877826597e-08,3.2493100832509e-06,2.67130536908211e-06,"AHI1/ALDH1A2/BBS7/BICC1/BMP1/BMP2/BMP7/C3/CAPRIN2/COBL/CYP26B1/DAW1/DISP1/DKK1/FGF1/FGF2/FOXC1/FST/GATA5/GJA1/HAND1/HAND2/HES1/HES4/HOXA5/HOXB5/HOXC4/HOXC8/ISL1/LAMA5/MEIS1/MEIS2/MEIS3P1/MID1/MSX1/NBL1/NDRG4/NKX3-1/OSR1/PCSK5/PKD2/PLXNA2/PRICKLE1/SEMA3C/SHROOM3/SPRY1/TTC8/WNT2/WNT2B/WNT5A/WT1",51
"turquoise","GO:0150063","visual system development","51/840","129/4319",0.395348837209302,2.0327519379845,5.85110120338659,6.74930877826597e-08,3.2493100832509e-06,2.67130536908211e-06,"AHI1/ALDH1A2/ALDH1A3/AQP1/BBS7/BCAR3/BMP7/C3/CLIC4/COL4A1/COL5A1/COL5A2/COL8A1/CRYAB/EFEMP1/EGFR/FAT1/FBN2/FGF2/FGF9/FOXC1/GJA1/HES1/JAG1/LAMB2/MEIS1/MEIS2/MEIS3P1/MFAP2/MFAP5/NECTIN3/NFIB/PDGFRA/PDGFRB/PRICKLE1/PXDN/RDH10/SALL2/SH3PXD2B/SHROOM2/SIX5/SPRY1/TENM3/THY1/TMOD1/TSKU/TTC8/WNT2/WNT2B/WNT5A/WT1",51
"turquoise","GO:0001654","eye development","50/840","126/4319",0.396825396825397,2.04034391534391,5.82309024109433,7.91567870075628e-08,3.75716017204911e-06,3.08881635884218e-06,"AHI1/ALDH1A2/ALDH1A3/AQP1/BBS7/BCAR3/BMP7/CLIC4/COL4A1/COL5A1/COL5A2/COL8A1/CRYAB/EFEMP1/EGFR/FAT1/FBN2/FGF2/FGF9/FOXC1/GJA1/HES1/JAG1/LAMB2/MEIS1/MEIS2/MEIS3P1/MFAP2/MFAP5/NECTIN3/NFIB/PDGFRA/PDGFRB/PRICKLE1/PXDN/RDH10/SALL2/SH3PXD2B/SHROOM2/SIX5/SPRY1/TENM3/THY1/TMOD1/TSKU/TTC8/WNT2/WNT2B/WNT5A/WT1",50
"turquoise","GO:2000027","regulation of animal organ morphogenesis","20/840","32/4319",0.625,3.21354166666667,6.17503888016735,1.02095512484205e-07,4.77863718155238e-06,3.92858755640977e-06,"AHI1/BMP2/BMP7/CD34/DKK1/FGF1/FGF2/GATA5/MAGED1/MSX1/SAPCD2/SNAI2/SPRY1/SULF1/TACSTD2/TNFRSF11B/WNT2/WNT2B/WNT5A/WT1",20
"turquoise","GO:0014706","striated muscle tissue development","50/840","127/4319",0.393700787401575,2.0242782152231,5.75655829778795,1.06685494951562e-07,4.92507010940772e-06,4.04897220926476e-06,"ALDH1A2/BMP2/BMP7/CAV1/CAV2/CBY1/CNTNAP1/COL6A1/CXADR/CYP26B1/DKK1/DSG2/DSP/EFNB2/ERBB3/FGF2/FGF9/FHL2/FOXC1/GATA5/GJA1/GPC1/HAND1/HDAC9/HEG1/ISL1/KLF5/LMNA/LOX/MEIS1/MSX1/MYL6B/NDRG4/NEBL/NUPR1/PDGFRA/PDGFRB/PI16/PITX1/PKP2/PRICKLE1/RGS4/SEMA3C/SIK1/SORBS2/TPM1/WNT2/WT1/YAP1/ZFPM2",50
"turquoise","GO:0048666","neuron development","99/840","316/4319",0.313291139240506,1.61083860759494,5.54154638006456,1.10471533706433e-07,5.03093335933351e-06,4.13600393620671e-06,"AHI1/ANOS1/ARHGAP44/ARL3/ATL1/ATP9A/BMP7/C3/CAMSAP2/CAPRIN2/CDH1/CDH11/CNTNAP1/COBL/CRABP2/CTHRC1/CTTN/DBN1/DCLK1/DDR2/DKK1/DPYSL3/EFNA1/EFNB2/EFNB3/EGFR/EPHB6/ERBB2/FARP1/FEZ1/FLRT2/FLRT3/HAND2/HES1/IGSF9/IL6/ISL1/ITGA3/ITGA6/KANK1/LAMB1/LAMB2/LIF/LMO4/MATN2/MGARP/NBL1/NCKAP1/NCS1/NDN/NDRG4/NFIB/NGEF/NLGN2/NPR2/NPY/NR2F1/NR2F6/NTM/NTNG1/NUMBL/PAQR3/PHGDH/PLXNA2/PLXNA3/PLXNB1/PMP22/POSTN/PRICKLE1/PRKCZ/PRRX1/PTK7/PTPRF/PTPRK/RAB17/RAB6B/ROR1/ROR2/RTN4R/SEMA3B/SEMA3C/SEMA4F/SLIT2/SLIT3/STXBP1/SYT4/TENM3/THY1/TNFRSF21/TPBG/TSKU/TTC8/TUBB2B/TUBB3/UCHL1/VLDLR/VPS13A/WEE1/WNT5A",99
"turquoise","GO:0071280","cellular response to copper ion","11/840","12/4319",0.916666666666667,4.71319444444444,6.32855599086258,1.41167937266976e-07,6.34314598119611e-06,5.21479313525165e-06,"AQP1/BACE1/MAP1LC3A/MT1A/MT1E/MT1F/MT1G/MT1H/MT1M/MT1X/MT2A",11
"turquoise","GO:0071711","basement membrane organization","13/840","16/4319",0.8125,4.17760416666667,6.25644833020568,1.642456560242e-07,7.28299816844148e-06,5.98745937196251e-06,"CAV1/CAV2/COL3A1/COL4A1/COL6A1/FLRT2/LAMB1/LAMB2/LAMC1/PHLDB1/PHLDB2/PRICKLE1/PXDN",13
"turquoise","GO:0040011","locomotion","127/840","437/4319",0.290617848970252,1.49426010678871,5.35454113504425,2.03374093696635e-07,8.83017442787998e-06,7.25941561586135e-06,"ACKR3/ACTA2/ADAMTS1/AMOT/ANOS1/ANXA3/APOA1/AQP1/ARHGEF5/ATOH8/BCAR1/BDKRB1/BMP2/BMP7/CARD10/CAV1/CD200/CDH1/CDH11/CEMIP/CLDN1/CLIC4/COL1A1/COL3A1/COL6A1/CXADR/CXCL6/DCN/DDR2/DPP4/DPYSL3/EFNA1/EFNB2/EGFR/FAM83H/FAT1/FBLN1/FBN2/FERMT2/FGF1/FGF2/FGF9/FGFBP1/FLRT2/FLRT3/GADD45A/GAS6/GDF15/GJA1/GPER1/GRB7/HAS1/HAS2/HDAC9/IGFBP3/IGFBP5/IL1R1/IL33/IL6/ITGA3/ITGA6/JAG1/JAM3/KANK1/KITLG/KRT5/LAMA4/LAMA5/LAMB1/LAMC2/LDB2/LIMCH1/LMNA/LMO4/LOX/MTUS1/MYO1C/NBL1/NDRG4/NTNG1/PARVA/PDGFC/PDGFD/PDGFRA/PDGFRB/PDPN/PERP/PFN2/PHLDA2/PHLDB2/PLAU/PLXNA2/PLXNA3/PLXNB1/PODN/PODXL/POSTN/PTPRK/RARRES2/RHOD/ROR2/RRAS2/SEMA3B/SEMA3C/SEMA4F/SERPINE1/SERPINE2/SH3RF2/SLIT2/SLIT3/SMOC2/SMPD3/SNAI2/SPARC/SULF1/TACSTD2/TEK/THY1/TJP1/TNFAIP6/TPBG/TPM1/TUBB2B/VCAM1/VEGFC/VTN/WNT5A",127
"turquoise","GO:0051146","striated muscle cell differentiation","39/840","91/4319",0.428571428571429,2.20357142857143,5.70136472046829,2.04377924443513e-07,8.83017442787998e-06,7.25941561586135e-06,"BMP2/CACNA1H/CAV2/CBY1/CDH2/CNTNAP1/COL6A1/CXADR/CYP26B1/DKK1/EFNB2/EHD2/FHL2/FLNC/GDF15/HDAC9/IGFBP5/ISL1/KLF5/KRT19/KRT8/LMNA/MAMSTR/MEIS1/MSX1/MYL9/NEBL/PDGFRA/PDGFRB/PI16/PRICKLE1/RGS4/SIK1/SORBS2/TANC1/TMOD1/TNNT1/TPM1/WT1",39
"turquoise","GO:0032970","regulation of actin filament-based process","51/840","133/4319",0.383458646616541,1.97161654135338,5.5920990598963,2.14341339031828e-07,9.14342167768684e-06,7.51694076391434e-06,"ACTA2/AMOT/APOA1/ARHGAP28/ARHGAP44/ARHGEF10/ARHGEF5/ASAP3/BAIAP2L1/BAIAP2L2/CAV1/CDC42EP1/CDC42EP2/CDC42EP4/CDC42EP5/CGNL1/CTTN/DIXDC1/DSG2/DSP/DSTN/FERMT2/FRMD6/FSCN1/JAM3/KANK1/KANK2/LIMA1/LIMCH1/NCKAP1/NGEF/PDGFRA/PDGFRB/PDPN/PFN2/PHLDB2/PKP2/RGS4/RHOD/RHPN2/RND3/SLIT2/SPTBN1/SSH3/TACSTD2/TGFB3/TJP1/TMOD1/TPM1/TTC8/WASF3",51
"turquoise","GO:0034329","cell junction assembly","54/840","144/4319",0.375,1.928125,5.56561581972422,2.21358574814786e-07,9.32472996407285e-06,7.66599695937521e-06,"AMOT/CAV1/CDH1/CDH11/CDH2/CDH3/CLDN1/CLDN11/CLDN15/CNTNAP1/COL16A1/COL17A1/CTTN/DCLK1/DKK1/EFNB3/FARP1/FERMT2/FLRT2/FLRT3/FSCN1/GJA1/GJB2/GPC4/ITGA6/ITGB4/JAM3/LAMC1/LGI2/LIMCH1/LRRN1/MPDZ/MYO1C/NECTIN3/NLGN2/PHLDB2/PKP2/PLXNA2/PLXNA3/PLXNB1/PRICKLE1/PTPRK/RAB17/RHOD/RTN4R/SNAI2/TEK/THBS2/THY1/TJP1/TLN2/TPBG/VLDLR/WNT5A",54
"turquoise","GO:0048732","gland development","49/840","126/4319",0.388888888888889,1.99953703703704,5.59468295064581,2.25083300799201e-07,9.36457683571983e-06,7.69875565566596e-06,"ALDH1A2/ALDH1A3/APOA1/ATP7B/BMP2/BMP7/BTRC/CAV1/CCND1/CDH1/CLDN1/COBL/CRIP1/DKK3/EGFR/ERRFI1/FGF1/FGF2/FOXC1/GJA1/HAND2/HES1/HOXA5/ID4/IGFBP5/IGSF3/IL6/ISL1/LAMA5/LMO4/MSX1/NFIB/NKX3-1/PDGFRA/PERP/PITX1/PKD2/PTPN3/RAP1GAP/SEMA3C/SERPINE2/SNAI2/SULF1/TGFB3/THRA/VTN/WNT2/WNT5A/WT1",49
"turquoise","GO:0016055","Wnt signaling pathway","55/840","148/4319",0.371621621621622,1.9107545045045,5.53943968906649,2.4195053994136e-07,9.92781646941478e-06,8.16180320084326e-06,"ANKRD6/APCDD1L/BAMBI/BICC1/BMP2/BTRC/CAPRIN2/CAV1/CBY1/CCND1/CD24/CDH2/CDH3/COL1A1/COL6A1/CPE/CTHRC1/DIXDC1/DKK1/DKK3/EGFR/FERMT2/FGF2/FGF9/FZD6/FZD8/GPC4/GRB10/IGFBP2/IGFBP4/IGFBP6/ISL1/ITGA3/KANK1/LZTS2/NXN/PKD2/PLEKHA4/PRICKLE1/PTK7/ROR1/ROR2/SFRP4/SNAI2/SULF1/TGFB1I1/TLE1/TMEM132A/TPBG/TSKU/WNT2/WNT2B/WNT5A/YAP1/ZNRF3",55
"turquoise","GO:0032835","glomerulus development","18/840","28/4319",0.642857142857143,3.30535714285714,6.01300716468583,2.4451298722891e-07,9.92781646941478e-06,8.16180320084326e-06,"ACTA2/AQP1/BMP7/CD24/CD34/FOXC1/HES1/JAG1/LAMB2/OSR1/PDGFD/PDGFRA/PDGFRB/PODXL/SERPINB7/SULF1/TEK/WT1",18
"turquoise","GO:0050808","synapse organization","59/840","163/4319",0.361963190184049,1.86109406952965,5.50630645631741,2.53771130949219e-07,1.01810560868913e-05,8.36999519621984e-06,"ABHD17C/AGAP1/AMOT/ARHGAP44/C3/CAP2/CAPRIN2/CBLN3/CDC20/CDH1/CDH2/CNTNAP1/COL4A1/COL4A5/CTTN/DBN1/DCLK1/DIXDC1/DKK1/EFNA1/EFNB3/ERBB2/FARP1/FLRT2/FLRT3/GPC4/IGSF9/ITGA3/LAMA5/LAMB2/LGI2/LRRN1/NECTIN3/NGEF/NLGN2/NTNG1/PALM/PFN2/PLXNA2/PLXNA3/PLXNB1/PPFIBP1/PRICKLE1/PTK7/PTPRF/RAB17/ROR2/RTN4R/SEZ6L2/SPARC/SPARCL1/SYBU/TANC1/THBS2/TLN2/TPBG/VLDLR/WASF3/WNT5A",59
"turquoise","GO:0048858","cell projection morphogenesis","66/840","190/4319",0.347368421052632,1.78605263157895,5.4445216948237,2.87395420486006e-07,1.13943831416216e-05,9.36748912345717e-06,"ANO1/ANOS1/ARHGAP44/ATL1/ATP9A/BMP7/CAPRIN2/CDH1/CDH11/CNTNAP1/COBL/CRABP2/CTTN/DBN1/DCLK1/EFNA1/EFNB2/EFNB3/EGFR/EPHB6/ERBB2/FARP1/FEZ1/FLRT2/FLRT3/IGSF9/ISL1/KANK1/LAMB2/LMO4/MATN2/NBL1/NCKAP1/NDN/NFIB/NGEF/NPR2/NTNG1/NUMBL/PDPN/PLXNA2/PLXNA3/PLXNB1/POSTN/PRICKLE1/PRKCZ/PTK7/RTN4R/SEMA3B/SEMA3C/SEMA4F/SLIT2/SLIT3/STXBP1/SYT4/THY1/TPBG/TSKU/TTC8/TUBB2B/TUBB3/UCHL1/VLDLR/VPS13A/WEE1/WNT5A",66
"turquoise","GO:0040007","growth","84/840","262/4319",0.320610687022901,1.64847328244275,5.32100879806776,3.72972233123516e-07,1.46153072747238e-05,1.20154579875287e-05,"ACACB/BCAR1/BDKRB1/BNC2/CAPRIN2/CDH1/CLIC4/COBL/COL3A1/COL6A1/CRABP2/CRYAB/CTTN/DCBLD2/DCLK1/DDR2/DNAJB2/EGFR/ERBB2/FGF1/FGF2/FGF9/FHL1/FLRT3/FOXC1/GAS1/GDF15/GJA1/HEG1/HOXA5/HSPA1B/HYAL1/IGFBP3/IGFBP4/IGFBP5/IGFBP7/KLF5/LAMB2/LZTS2/MEG3/MEIS1/MSX1/MT1A/MT1E/MT1F/MT1G/MT1H/MT1M/MT1X/MT2A/NDN/NDRG4/NPR2/PHLDA2/PI16/PKDCC/PLXNA3/POSTN/PRICKLE1/PRKCZ/PTK7/RDH10/RERG/RGS4/RTN4R/SEMA4F/SERPINE2/SH3BP4/SLIT2/SLIT3/SMPD3/SORBS2/SPRY1/SYT4/TNFAIP6/TSKU/TTC8/VPS13A/WNT2/WNT5A/WT1/WWC1/YAP1/ZFPM2",84
"turquoise","GO:0072073","kidney epithelium development","27/840","54/4319",0.5,2.57083333333333,5.70717537738234,3.80153514098728e-07,1.47254866955484e-05,1.21060381017284e-05,"AHI1/AQP1/BMP2/BMP7/CD24/CD34/EFNB2/FGF1/FGF2/FOXC1/HES1/JAG1/KANK2/LAMA5/LAMB2/LIF/LZTS2/MAGED1/OSR1/PKD2/PODXL/SLIT2/SPRY1/TACSTD2/WNT2B/WT1/YAP1",27
"turquoise","GO:0008544","epidermis development","39/840","93/4319",0.419354838709677,2.15618279569892,5.53805134932992,4.08044870195122e-07,1.56262637790632e-05,1.28465801238464e-05,"BNC1/CDH3/CLDN1/CLIC4/COL17A1/COL6A1/CRABP2/CYP26B1/DKK1/DSP/EGFR/EMP1/ERRFI1/EVPL/FGF2/FOXC1/FST/FZD6/HES1/IGFBP5/JAG1/KLK5/KLK7/KRT5/KRT6A/KRT7/KRT80/LAMA5/LAMB3/LAMC2/LDB2/PPL/PTHLH/SFRP4/SPRR2F/SVEP1/TGM1/WNT5A/YAP1",39
"turquoise","GO:0120039","plasma membrane bounded cell projection morphogenesis","65/840","188/4319",0.345744680851064,1.77770390070922,5.35697169959646,4.32009733386087e-07,1.63581213652934e-05,1.34482509553185e-05,"ANOS1/ARHGAP44/ATL1/ATP9A/BMP7/CAPRIN2/CDH1/CDH11/CNTNAP1/COBL/CRABP2/CTTN/DBN1/DCLK1/EFNA1/EFNB2/EFNB3/EGFR/EPHB6/ERBB2/FARP1/FEZ1/FLRT2/FLRT3/IGSF9/ISL1/KANK1/LAMB2/LMO4/MATN2/NBL1/NCKAP1/NDN/NFIB/NGEF/NPR2/NTNG1/NUMBL/PDPN/PLXNA2/PLXNA3/PLXNB1/POSTN/PRICKLE1/PRKCZ/PTK7/RTN4R/SEMA3B/SEMA3C/SEMA4F/SLIT2/SLIT3/STXBP1/SYT4/THY1/TPBG/TSKU/TTC8/TUBB2B/TUBB3/UCHL1/VLDLR/VPS13A/WEE1/WNT5A",65
"turquoise","GO:0051094","positive regulation of developmental process","125/840","434/4319",0.288018433179723,1.48089477726574,5.18983034821685,4.48267330611068e-07,1.67738293262019e-05,1.37900105533542e-05,"ABCB10/ACACB/ADIRF/AHI1/AMOT/ANXA3/AQP1/ATOH8/AXL/BAMBI/BMP1/BMP2/BMP7/BNC1/C3/CAPRIN2/CCND1/CD24/CD34/CDC20/CHI3L1/CLIC3/COBL/COL1A1/CRABP2/CTHRC1/CYP26B1/DBN1/DCN/DDAH1/DDR2/DKK1/EFEMP2/EFNB2/EGFR/EHD2/ERBB3/FAXDC2/FBN2/FERMT2/FGF1/FGF2/FGF9/FLRT2/FLRT3/FOXC1/FST/GAS6/GATA5/GDF15/GDPD5/GJA1/GJC2/GPC1/GPER1/HES1/HOXA5/HSPA1B/HYAL1/ID4/IGFBP3/IL33/IL6/ISL1/JAG1/KITLG/KLF5/LAMB1/LAMB2/LAMC1/LIF/LRRC8A/LRRN1/MAGED1/MAMSTR/MEDAG/MSX1/MYRF/NBL1/NELL1/NLGN2/NUMBL/OSR1/PDE5A/PDPN/PHLDB1/PHLDB2/PKDCC/PLA2G2A/PLXNA2/PLXNA3/PLXNB1/PRKCZ/PTGIS/RARRES2/ROR2/SERPINE1/SERPINE2/SFRP4/SH3GL3/SLIT2/SMOC2/SNAI2/SPRY1/SYT4/TACSTD2/TEAD4/TEK/TGFB1I1/TGFB3/THBS2/TJP1/TNFSF4/TP53BP1/TPBG/VEGFC/VLDLR/WARS2/WNT2/WNT2B/WNT5A/WT1/YAP1/ZBTB7C/ZFPM2",125
"turquoise","GO:0003008","system process","140/840","499/4319",0.280561122244489,1.44255177020708,5.16459679361347,4.52943165781714e-07,1.67738293262019e-05,1.37900105533542e-05,"ABCC4/ABLIM1/ACACB/ACTA2/ADGRF5/ALDH1A3/AMOT/ANO1/APOA1/AQP1/BACE1/BBS7/BCHE/BDKRB1/BEGAIN/C1QTNF1/CACNA1H/CALD1/CAMK2N1/CAV1/CCND2/CD34/CDH3/CEMIP/CLDN15/CNTNAP1/COL18A1/COL1A1/COL1A2/COL6A1/CRYAB/CTTN/CXADR/DAW1/DDAH1/DIAPH3/DKK1/DSG2/DSP/EFEMP1/EGFR/EML2/EPAS1/ESPNL/FBXO32/FERMT2/FOXC1/GAS6/GATA5/GJA1/GJB2/GNA11/GPER1/HAND2/HAS2/HEG1/HOXA5/HSPB7/IGFBP5/IMMP2L/ISL1/ITGA3/ITPR3/JAM3/LAMB2/LIMA1/LMCD1/LMNA/LRRN4/LUM/MEIS1/MEIS2/MYL6B/MYL9/MYRF/NAV2/NDN/NDRG4/NKX3-1/NLGN2/NMU/NPR2/NPY/NR2F6/ORMDL3/PCSK5/PDE5A/PI16/PIEZO2/PKP2/POSTN/PRKCZ/PTGS1/RAB11FIP5/RDH10/RGS4/RHPN2/ROR1/SCNN1A/SERPINE2/SLC22A5/SLC24A3/SLC25A23/SLC2A1/SLC2A10/SLC4A4/SLC6A9/SLC7A2/SLIT2/SNAI2/SORBS2/SPAG16/SULF1/SVEP1/SYT4/TACSTD2/TANC1/TEK/THRA/TIMP3/TJP1/TMEM98/TMOD1/TNFRSF21/TNNT1/TPBG/TPM1/TPM2/TRPC1/TTC8/TUSC3/UCHL1/UNC13B/USP53/VEGFC/VLDLR/VPS13A/WASF3/YAP1/YES1",140
"turquoise","GO:0045595","regulation of cell differentiation","135/840","478/4319",0.282426778242678,1.45214435146443,5.15018289411197,5.01054563701921e-07,1.83538465182117e-05,1.50889658085064e-05,"ABCB10/ADIRF/AHI1/ATOH8/AXL/BAMBI/BMP2/BMP7/BNC1/CAPRIN2/CAV1/CCND1/CD24/CD34/CDH1/COL1A1/COL5A1/COL5A2/CRABP2/CRIM1/CTHRC1/CYP26B1/DBN1/DDR2/DIXDC1/DKK1/EFEMP1/EFEMP2/EFNA1/EFNB2/EFNB3/EGFR/ERBB2/ERRFI1/FAXDC2/FBN2/FERMT2/FGF2/FGF9/FOXC1/FST/FSTL3/GAS6/GATA5/GDPD5/GJA1/GJC2/GNA11/GPC1/GPER1/HAND2/HDAC9/HES1/HOXA5/HSPA1B/ID3/ID4/IGFBP3/IGFBP5/IL33/IL6/ISL1/JAG1/KITLG/KLF5/LAMB1/LAMB2/LAMC1/LIF/LOX/LRRC17/LRRC8A/MAMSTR/MEDAG/MEIS1/MEIS2/MSX1/MYRF/NBL1/NELL1/NPR2/NUMBL/OSR1/PDE5A/PDGFRA/PDPN/PHLDB1/PHLDB2/PI16/PKDCC/PKP2/PLA2G2A/PLXNA2/PLXNA3/PLXNB1/PRICKLE1/PRKCZ/PTHLH/RAP1GAP/RARRES2/RBPMS2/RGS4/ROR2/RTN4R/S1PR3/SEMA4F/SERPINE1/SERPINE2/SFRP4/SH3GL3/SIK1/SLIT2/SNAI2/SPRY1/SYT4/TACSTD2/TEAD2/TGFB1I1/TGFB3/THY1/TMEM98/TNFAIP6/TNFRSF11B/TNFRSF21/TNFSF4/TRIM6/TSC22D1/TSKU/VASN/VEGFC/WNT2/WNT5A/YAP1/ZBTB7C/ZFPM2",135
"turquoise","GO:0048645","animal organ formation","16/840","24/4319",0.666666666666667,3.42777777777778,5.859852930269,5.61888901328309e-07,2.03609204029721e-05,1.67390106202163e-05,"BMP2/BMP7/DKK1/FGF1/FGF2/GATA5/HAND2/HES1/ISL1/RDH10/SPRY1/SULF1/WNT2/WNT2B/WNT5A/WT1",16
"turquoise","GO:0044087","regulation of cellular component biogenesis","97/840","318/4319",0.30503144654088,1.56837002096436,5.17385430261553,6.20181529598623e-07,2.21827643449135e-05,1.82367751853233e-05,"AMOT/ANTXR1/APOA1/ARHGAP28/ARHGAP44/ARHGEF10/ARHGEF5/ASAP3/BAIAP2L1/BAIAP2L2/BMP7/CAMSAP2/CAV1/CDC42EP1/CDC42EP2/CDC42EP4/CDC42EP5/CGNL1/CLDN1/CLIP3/COBL/COL16A1/CRYAB/CTTN/DCLK1/DKK1/DNAJB2/DPYSL3/EFNB3/EML2/FARP1/FERMT2/FEZ1/FLRT2/FLRT3/FNBP1L/FSCN1/GPC4/HAS2/HES1/HSPA1B/HSPA2/HYAL1/ISL1/JAM3/KANK1/KANK2/KLF5/LCAT/LDB2/LIMCH1/LMO4/LRRN1/MYO1C/NCKAP1/NECTIN3/NLGN2/NME7/NUPR1/ORMDL3/PALM/PFN2/PHLDB1/PHLDB2/PODXL/PRICKLE1/PRKCZ/RAB17/RAP1GAP/RHPN2/RTN4R/SLIT2/SMPD3/SNAI2/SNCAIP/SNX7/SPTBN1/SSH3/STXBP1/STXBP6/TACSTD2/TEK/TGFB3/THBS2/THRA/THY1/TJP1/TMOD1/TPBG/TPM1/TPPP3/TPR/TTC8/UNC13B/VLDLR/WNT5A/YAP1",97
"turquoise","GO:0048812","neuron projection morphogenesis","63/840","182/4319",0.346153846153846,1.77980769230769,5.28121923176174,6.25330152156316e-07,2.21827643449135e-05,1.82367751853233e-05,"ANOS1/ARHGAP44/ATL1/ATP9A/BMP7/CAPRIN2/CDH1/CDH11/CNTNAP1/COBL/CRABP2/CTTN/DBN1/DCLK1/EFNA1/EFNB2/EFNB3/EGFR/EPHB6/ERBB2/FARP1/FEZ1/FLRT2/FLRT3/IGSF9/ISL1/LAMB2/LMO4/MATN2/NBL1/NCKAP1/NDN/NFIB/NGEF/NPR2/NTNG1/NUMBL/PLXNA2/PLXNA3/PLXNB1/POSTN/PRICKLE1/PRKCZ/PTK7/RTN4R/SEMA3B/SEMA3C/SEMA4F/SLIT2/SLIT3/STXBP1/SYT4/THY1/TPBG/TSKU/TTC8/TUBB2B/TUBB3/UCHL1/VLDLR/VPS13A/WEE1/WNT5A",63
"turquoise","GO:0110110","positive regulation of animal organ morphogenesis","10/840","11/4319",0.909090909090909,4.67424242424242,5.99487387259833,6.72859306413245e-07,2.36201652355483e-05,1.94184834921015e-05,"BMP2/CD34/DKK1/FGF1/FGF2/GATA5/MSX1/SPRY1/WNT2/WNT2B",10
"turquoise","GO:0048736","appendage development","31/840","68/4319",0.455882352941176,2.34399509803922,5.48858426528859,7.2278190915954e-07,2.48548472843638e-05,2.04335336724802e-05,"ALDH1A2/BBS7/BMP7/COL3A1/COL6A1/CRABP2/CYP26B1/DKK1/ERRFI1/FBN2/FERMT2/FGF9/FRAS1/FZD6/GJA1/HAND2/ITGA6/ITGB4/MSX1/NPR2/OSR1/PCSK5/PITX1/PKDCC/PLXNA2/PRICKLE1/PRRX1/RDH10/SEMA3C/WNT5A/ZNRF3",31
"turquoise","GO:0060173","limb development","31/840","68/4319",0.455882352941176,2.34399509803922,5.48858426528859,7.2278190915954e-07,2.48548472843638e-05,2.04335336724802e-05,"ALDH1A2/BBS7/BMP7/COL3A1/COL6A1/CRABP2/CYP26B1/DKK1/ERRFI1/FBN2/FERMT2/FGF9/FRAS1/FZD6/GJA1/HAND2/ITGA6/ITGB4/MSX1/NPR2/OSR1/PCSK5/PITX1/PKDCC/PLXNA2/PRICKLE1/PRRX1/RDH10/SEMA3C/WNT5A/ZNRF3",31
"turquoise","GO:0022603","regulation of anatomical structure morphogenesis","88/840","282/4319",0.312056737588652,1.60449172576832,5.15868830217746,7.33937185930154e-07,2.49835183493396e-05,2.0539316037939e-05,"ADAMTS1/AHI1/AMOT/ANXA3/AQP1/ARHGAP44/BAMBI/BMP2/BMP7/C3/CAPRIN2/CD34/CDC42EP1/CDC42EP2/CDC42EP4/CDC42EP5/CDH1/CHI3L1/CLIC3/CRABP2/DBN1/DCN/DDAH1/DKK1/EFNA1/EFNB2/EFNB3/ERBB2/FAM171A1/FERMT2/FGF1/FGF2/FOXC1/GADD45A/GATA5/GJA1/HES1/HOXA5/HYAL1/IL6/ISL1/JAG1/KANK1/LIF/MAGED1/MSX1/MYH10/NGEF/NTNG1/OSR1/PALM/PALMD/PARVA/PDPN/PHLDB1/PHLDB2/PLXNA2/PLXNA3/PLXNB1/PTGIS/RTN4R/SAPCD2/SEMA4F/SERPINE1/SH3D19/SHROOM3/SLIT2/SMOC2/SNAI2/SPARC/SPRY1/SULF1/SYT4/TACSTD2/TEK/THBS2/THY1/TJP1/TNFRSF11B/TPM1/VEGFC/WARS2/WASF3/WNT2/WNT2B/WNT5A/WT1/WTIP",88
"turquoise","GO:0048562","embryonic organ morphogenesis","34/840","78/4319",0.435897435897436,2.24123931623932,5.4352864374569,7.73052679329836e-07,2.60518752934155e-05,2.14176279157487e-05,"AHI1/ALDH1A3/BBS7/BMP7/CTHRC1/EFEMP1/EFNA1/FBN2/FGF9/FZD6/GJA1/HAND1/HAND2/HES1/HOXA5/HOXB5/HOXC4/HYAL1/MFAP2/MFAP5/MSX1/NDRG4/OSR1/PDGFRA/PKD2/PRRX1/PTK7/RBPMS2/RDH10/SPARC/TEAD2/TGFB3/WNT5A/YAP1",34
"turquoise","GO:0001503","ossification","53/840","146/4319",0.363013698630137,1.86649543378995,5.23325939310772,9.51732738144518e-07,3.17558349262082e-05,2.61069366002748e-05,"BAMBI/BMP1/BMP2/BMP7/CDH11/CLEC3B/COL1A1/COL1A2/COL5A2/COL6A1/CRIM1/CTHRC1/CTSK/DDR2/DKK1/EGFR/FBN2/FERMT2/FGF2/FGF9/FHL2/FOXC1/FSTL3/GJA1/HAND2/ID3/ID4/IGFBP2/IGFBP3/IGFBP5/IL6/JAG1/LOX/MGP/NELL1/NPR2/OSR1/PKDCC/PLXNB1/PRICKLE1/PTHLH/ROR2/RRAS2/SLC24A3/SMPD3/SNAI2/TEK/THRA/TNFAIP6/TUFT1/VEGFC/WNT5A/YAP1",53
"turquoise","GO:0090287","regulation of cellular response to growth factor stimulus","43/840","110/4319",0.390909090909091,2.00992424242424,5.2716846685994,1.06798607281407e-06,3.52854222096413e-05,2.90086619571376e-05,"BAMBI/BMP2/CAV1/CAV2/CDH3/CRIM1/DCN/DKK1/DKK3/FBN2/FGF1/FGF2/FGF9/FGFBP1/FST/FSTL1/FSTL3/GDF15/GPC1/GRB10/HES1/HTRA1/ITGA3/LOX/MSX1/NBL1/PMEPA1/RBPMS2/SFRP4/SLC2A10/SLIT2/SMOC2/SPRY1/SPRY4/SULF1/TGFB1I1/TGFB3/TNFAIP6/TSC22D1/VASN/VEGFC/VTN/WNT5A",43
"turquoise","GO:2000026","regulation of multicellular organismal development","124/840","438/4319",0.28310502283105,1.45563165905632,4.94234291110435,1.39234941169161e-06,4.55555098776768e-05,3.74518513190834e-05,"ABCB10/ACACB/ADAMTS1/AHI1/AMOT/ANXA3/AQP1/ATOH8/AXL/BMP1/BMP2/BMP7/C3/CAPRIN2/CAV1/CCND1/CD24/CD34/CDH1/CDH3/CHI3L1/CLIC3/CRABP2/CTSK/CYP26B1/DBN1/DCN/DDAH1/DDR2/DKK1/EFEMP1/EFNA1/EFNB3/EGFR/ERBB2/ERRFI1/FAXDC2/FBN2/FGF1/FGF2/FGF9/FLRT2/FLRT3/FOXC1/FST/FSTL3/GADD45A/GAS6/GJA1/GJC2/GPER1/HES1/HOXA5/HSPA1B/HYAL1/ID4/IL33/IL6/ISL1/JAG1/KITLG/LAMA4/LAMA5/LIF/LOX/LRRC17/LRRN1/MEIS1/MEIS2/MGP/MSX1/MYRF/NELL1/NLGN2/NUMBL/NUPR1/OSR1/PHLDA2/PHLDB1/PHLDB2/PI16/PKDCC/PLXNA2/PLXNA3/PLXNB1/PRKCZ/PTGIS/PTHLH/RGS4/ROR2/RTN4R/S1PR3/SEMA4F/SERPINE1/SERPINE2/SFRP4/SLIT2/SMOC2/SMPD3/SNAI2/SPARC/SPRY1/SULF1/SYT4/TEK/THBS2/THY1/TJP1/TMEM98/TNFAIP6/TNFRSF11B/TNFRSF21/TNFSF4/TPBG/TSC22D1/VEGFC/WARS2/WASF3/WNT2/WNT2B/WNT5A/WT1/YAP1/ZFPM2",124
"turquoise","GO:0090596","sensory organ morphogenesis","34/840","80/4319",0.425,2.18520833333333,5.25728752138315,1.57723949190138e-06,5.11086258433429e-05,4.20171492174538e-05,"AHI1/ALDH1A3/AQP1/BCAR3/BMP7/COL5A1/COL5A2/COL8A1/CTHRC1/CYP26B1/EFEMP1/FAT1/FBN2/FGF2/FGF9/FZD6/JAG1/MEIS1/MFAP2/MFAP5/MSX1/NECTIN3/OSR1/PRRX1/PTK7/SHROOM2/SPARC/TENM3/THY1/TSKU/TTC8/WNT2/WNT2B/WNT5A",34
"turquoise","GO:0032956","regulation of actin cytoskeleton organization","44/840","115/4319",0.382608695652174,1.96724637681159,5.16545313612031,1.59905984908042e-06,5.13222065847716e-05,4.21927370704729e-05,"AMOT/APOA1/ARHGAP28/ARHGAP44/ARHGEF10/ARHGEF5/ASAP3/BAIAP2L1/BAIAP2L2/CDC42EP1/CDC42EP2/CDC42EP4/CDC42EP5/CGNL1/CTTN/DIXDC1/DSTN/FERMT2/FSCN1/JAM3/KANK1/KANK2/LIMA1/LIMCH1/NCKAP1/NGEF/PDGFRA/PDGFRB/PFN2/PHLDB2/RGS4/RHOD/RHPN2/RND3/SLIT2/SPTBN1/SSH3/TACSTD2/TGFB3/TJP1/TMOD1/TPM1/TTC8/WASF3",44
"turquoise","GO:0061437","renal system vasculature development","13/840","18/4319",0.722222222222222,3.71342592592593,5.66791396271469,1.69898232472079e-06,5.35100040589632e-05,4.39913573897208e-05,"ACTA2/AQP1/BMP7/CD34/HES1/OSR1/PDGFD/PDGFRA/PDGFRB/PKD2/SERPINB7/TEK/WT1",13
"turquoise","GO:0061440","kidney vasculature development","13/840","18/4319",0.722222222222222,3.71342592592593,5.66791396271469,1.69898232472079e-06,5.35100040589632e-05,4.39913573897208e-05,"ACTA2/AQP1/BMP7/CD34/HES1/OSR1/PDGFD/PDGFRA/PDGFRB/PKD2/SERPINB7/TEK/WT1",13
"turquoise","GO:1903053","regulation of extracellular matrix organization","18/840","31/4319",0.580645161290323,2.98548387096774,5.45096721130071,2.11786710957297e-06,6.60852977709342e-05,5.43296903742305e-05,"AEBP1/ANTXR1/BMP2/COL6A1/DDR2/DPP4/EFEMP2/FSCN1/HAS2/IL6/LAMB1/LAMB2/LAMC1/MELTF/PDPN/PHLDB1/PHLDB2/SLC2A10",18
"turquoise","GO:0072012","glomerulus vasculature development","12/840","16/4319",0.75,3.85625,5.62372769100934,2.29317417143318e-06,7.03284784826142e-05,5.78180713310138e-05,"ACTA2/AQP1/BMP7/CD34/HES1/OSR1/PDGFD/PDGFRA/PDGFRB/SERPINB7/TEK/WT1",12
"turquoise","GO:0055001","muscle cell development","27/840","58/4319",0.46551724137931,2.39353448275862,5.24964211373953,2.29558831842361e-06,7.03284784826142e-05,5.78180713310138e-05,"CAV2/CNTNAP1/COL6A1/CXADR/EFEMP2/FHL2/FLNC/HDAC9/HES1/ISL1/KRT19/KRT8/LMNA/LOX/MEIS1/MYL9/NEBL/PDGFRA/PDGFRB/PI16/PRICKLE1/RGS4/SORBS2/TMOD1/TNNT1/TPM1/UCHL1",27
"turquoise","GO:0007178","cell surface receptor protein serine/threonine kinase signaling pathway","45/840","120/4319",0.375,1.928125,5.06614836686449,2.32264713452632e-06,7.05164039941773e-05,5.79725676441277e-05,"AMHR2/ATOH8/BAMBI/BMP2/BMP7/CAV1/CAV2/CDH3/COL1A2/COL3A1/CRIM1/DKK1/DKK3/FBN2/FERMT2/FGF9/FMOD/FST/FSTL1/FSTL3/GDF15/HES1/HIVEP1/HTRA1/ID1/ITGA3/LOX/MAP1LC3A/MSX1/NBL1/PMEPA1/PTPRK/RBPMS2/SFRP4/SLC2A10/SMPD3/SPRY1/SPTBN1/SULF1/TGFB1I1/TGFB3/TNFAIP6/TSC22D1/VASN/WNT5A",45
"turquoise","GO:0042476","odontogenesis","24/840","49/4319",0.489795918367347,2.51836734693878,5.25187892762741,2.73627625503412e-06,8.17951942862285e-05,6.72450261943943e-05,"AQP1/BMP2/BMP7/CD34/COL1A1/COL1A2/FOXC1/FST/HACD1/HAND1/HAND2/ID3/KLK5/LAMA5/LAMB1/MSX1/OSR1/PDGFRA/PERP/SERPINE1/SMPD3/TGFB3/TNFRSF11B/TUFT1",24
"turquoise","GO:0007409","axonogenesis","47/840","128/4319",0.3671875,1.88795572916667,5.01061709468049,2.755233053168e-06,8.17951942862285e-05,6.72450261943943e-05,"ANOS1/ATL1/BMP7/CDH1/CDH11/CNTNAP1/COBL/CRABP2/CTTN/DCLK1/EFNA1/EFNB2/EFNB3/EPHB6/ERBB2/FEZ1/FLRT2/FLRT3/IGSF9/ISL1/LAMB2/LMO4/MATN2/NDN/NFIB/NPR2/NTNG1/NUMBL/PLXNA2/PLXNA3/PLXNB1/PRICKLE1/PTK7/RTN4R/SEMA3B/SEMA3C/SEMA4F/SLIT2/SLIT3/STXBP1/THY1/TSKU/TTC8/TUBB2B/TUBB3/UCHL1/WNT5A",47
"turquoise","GO:0007417","central nervous system development","88/840","290/4319",0.303448275862069,1.56022988505747,4.85311279422268,2.76695909454898e-06,8.17951942862285e-05,6.72450261943943e-05,"ACKR3/AHI1/ALDH1A2/ALDH1A3/ANXA3/AQP1/ARNT2/AXL/BBS7/BMP2/BMP7/C3/CCDC85C/CDH1/CDH11/CDH2/CNTNAP1/COL3A1/COL4A1/CYP26B1/DCLK1/DIXDC1/DKK1/EFHC1/EGFR/EML1/ERBB2/FEZ1/FGF2/FGF9/FOXC1/FZD6/HES1/ID3/ID4/IL33/IL6/IMMP2L/ISL1/LAMB1/LAMB2/LIF/LMO4/MAOB/MEIS1/MEIS2/MEIS3P1/MGARP/MSX1/MYRF/NAV2/NCKAP1/NDN/NFIB/NNAT/NPY/NUMBL/PDGFC/PHGDH/PITX1/PKD2/PLXNA2/PLXNA3/ROR1/ROR2/RTN4R/SERPINE2/SH3GL3/SHROOM2/SLC2A1/SLIT2/SMARCA1/SPTBN1/TACC2/TMEM98/TNFRSF21/TRNP1/TSKU/TTC8/TUBB2B/TYRO3/VLDLR/VPS13A/VTN/WASF3/WNT2/WNT2B/WNT5A",88
"turquoise","GO:0003002","regionalization","43/840","114/4319",0.37719298245614,1.93940058479532,4.99429279255396,3.27053945888196e-06,9.58410258820191e-05,7.87923098926985e-05,"AHI1/ALDH1A2/BBS7/BICC1/BMP1/BMP2/C3/CAPRIN2/COBL/CYP26B1/DAW1/DISP1/DKK1/FGF1/FGF2/FOXC1/GATA5/GJA1/HAND1/HAND2/HES1/HES4/HOXA5/HOXB5/HOXC4/HOXC8/ISL1/LAMA5/MSX1/NBL1/NDRG4/NKX3-1/OSR1/PCSK5/PKD2/PLXNA2/PRICKLE1/SEMA3C/SPRY1/WNT2/WNT2B/WNT5A/WT1",43
"turquoise","GO:0060070","canonical Wnt signaling pathway","39/840","100/4319",0.39,2.00525,4.99715783396256,3.64580092031898e-06,0.000105011530781837,8.63315161698565e-05,"ANKRD6/BAMBI/BICC1/BMP2/BTRC/CAPRIN2/CAV1/CBY1/CDH2/CDH3/COL1A1/COL6A1/CTHRC1/DIXDC1/DKK1/DKK3/EGFR/FGF2/FGF9/FZD6/FZD8/IGFBP2/IGFBP4/IGFBP6/ISL1/KANK1/LZTS2/PLEKHA4/PRICKLE1/PTK7/SFRP4/SNAI2/TLE1/TPBG/WNT2/WNT2B/WNT5A/YAP1/ZNRF3",39
"turquoise","GO:0060562","epithelial tube morphogenesis","39/840","100/4319",0.39,2.00525,4.99715783396256,3.64580092031898e-06,0.000105011530781837,8.63315161698565e-05,"AHI1/BBS7/BMP2/BMP7/BTRC/CLIC4/COBL/COL4A1/CTHRC1/EFNB2/FGF1/FGF2/FZD6/GJA1/HAND1/HAND2/HES1/HOXA5/LAMA5/LMO4/LZTS2/MAGED1/NDRG4/NKX3-1/OSR1/PERP/PKD2/PODXL/PRICKLE1/RDH10/SLIT2/SPRY1/TACSTD2/TEAD2/WNT2/WNT2B/WNT5A/WT1/YAP1",39
"turquoise","GO:0051093","negative regulation of developmental process","86/840","284/4319",0.302816901408451,1.55698356807512,4.7712649210511,3.9846922546535e-06,0.00011380010930663,9.35567351850849e-05,"ADAMTS1/AMOT/BAMBI/BMP2/BMP7/CAV1/CCND1/CDH1/CDH3/COL5A1/COL5A2/CRIM1/CTSK/DCN/DIXDC1/DKK1/EFEMP1/EFNA1/EFNB3/EGFR/ERBB2/FERMT2/FGF9/FOXC1/FST/FSTL3/GADD45A/GAS6/GDF15/GPER1/HAND2/HES1/HOXA5/ID3/ID4/IGFBP5/IL6/ISL1/JAG1/KANK1/LRRC17/MEIS1/MEIS2/MGARP/MSX1/NFIB/NGEF/NKX3-1/NPR2/OSR1/PI16/PKP2/PLXNA3/PRICKLE1/PTHLH/RAP1GAP/RBPMS2/RGS4/RTN4R/S1PR3/SEMA4F/SERPINE1/SNAI2/SPARC/SPRY1/SULF1/SYT4/TACSTD2/TEK/TGFB1I1/THBS2/THY1/TMEM98/TNFAIP6/TNFRSF11B/TNFSF4/TRIM6/TSC22D1/TSKU/VASN/VEGFC/WNT5A/WT1/WWC1/YAP1/ZFPM2",86
"turquoise","GO:0085029","extracellular matrix assembly","15/840","24/4319",0.625,3.21354166666667,5.34275778467747,4.3049698081277e-06,0.000121913850868827,0.000100227160857958,"ANTXR1/COL1A2/COL3A1/COL6A1/EFEMP2/GAS6/HAS1/HAS2/LOX/MFAP4/PHLDB1/PHLDB2/PRICKLE1/PXDN/SMPD3",15
"turquoise","GO:0051493","regulation of cytoskeleton organization","56/840","164/4319",0.341463414634146,1.75569105691057,4.84768554068144,4.36807678590182e-06,0.000122670156404076,0.000100848930706084,"AMOT/APOA1/ARHGAP28/ARHGAP44/ARHGEF10/ARHGEF5/ASAP3/BAIAP2L1/BAIAP2L2/CAMSAP2/CDC42EP1/CDC42EP2/CDC42EP4/CDC42EP5/CGNL1/CLIC4/CLIP3/CTTN/DIAPH3/DIXDC1/DSTN/EML2/FERMT2/FSCN1/HSPA1B/JAM3/KANK1/KANK2/LIMA1/LIMCH1/MID1/NCKAP1/NGEF/NME7/PDGFRA/PDGFRB/PFN2/PHLDB1/PHLDB2/PLXNA3/PLXNB1/RGS4/RHOD/RHPN2/RND3/SLIT2/SPTBN1/SSH3/TACSTD2/TGFB3/TJP1/TMOD1/TPM1/TPR/TTC8/WASF3",56
"turquoise","GO:0061564","axon development","51/840","145/4319",0.351724137931034,1.80844827586207,4.86534639152011,4.4916299439137e-06,0.000124636149415434,0.000102465202330602,"ANOS1/ATL1/BMP7/CAMSAP2/CDH1/CDH11/CNTNAP1/COBL/CRABP2/CTTN/DCLK1/EFNA1/EFNB2/EFNB3/EPHB6/ERBB2/FEZ1/FLRT2/FLRT3/IGSF9/ISL1/LAMB2/LMO4/MATN2/MGARP/NDN/NFIB/NPR2/NTNG1/NUMBL/PLXNA2/PLXNA3/PLXNB1/PRICKLE1/PTK7/PTPRF/RTN4R/SEMA3B/SEMA3C/SEMA4F/SLIT2/SLIT3/STXBP1/THY1/TNFRSF21/TSKU/TTC8/TUBB2B/TUBB3/UCHL1/WNT5A",51
"turquoise","GO:0003206","cardiac chamber morphogenesis","23/840","47/4319",0.48936170212766,2.51613475177305,5.13481566039528,4.51205051296229e-06,0.000124636149415434,0.000102465202330602,"ADAMTS1/ADGRG6/BMP2/BMP7/CPE/DSP/FHL2/FOXC1/HAND1/HAND2/HEG1/HES1/ISL1/JAG1/PARVA/PKP2/SEMA3C/SLIT2/SLIT3/TEK/TPM1/WNT2/ZFPM2",23
"turquoise","GO:0048565","digestive tract development","22/840","44/4319",0.5,2.57083333333333,5.14567241812667,4.64386317867466e-06,0.000125137548877576,0.000102877410165791,"AHI1/ALDH1A2/BBS7/COBL/COL3A1/EGFR/FGF9/GATA5/HES1/HOXA5/KLF5/NPR2/NPY/PCSK5/PDGFC/PDGFRA/PKDCC/RARRES2/RBPMS2/TGFB3/WNT5A/YAP1",22
"turquoise","GO:0031032","actomyosin structure organization","31/840","73/4319",0.424657534246575,2.18344748858447,5.01042049501442,4.6658545128469e-06,0.000125137548877576,0.000102877410165791,"AMOT/APOA1/ARHGAP28/ARHGEF10/ARHGEF5/ASAP3/CGNL1/CNN3/FAM171A1/FERMT2/FLNC/KRT19/KRT8/LIMCH1/MYH10/MYL9/NEBL/PDGFRA/PDGFRB/PDLIM1/PFN2/PHLDB2/RHPN2/RTKN/TACSTD2/TGFB3/TJP1/TMOD1/TNNT1/TPM1/TTC8",31
"turquoise","GO:0045216","cell-cell junction organization","31/840","73/4319",0.424657534246575,2.18344748858447,5.01042049501442,4.6658545128469e-06,0.000125137548877576,0.000102877410165791,"AMOT/CAV1/CDH1/CDH11/CDH2/CDH3/CLDN1/CLDN11/CLDN15/CNTNAP1/CXADR/DSG2/DSP/EFNB2/FERMT2/FSCN1/GJA1/GJB2/HEG1/JAM3/MPDZ/MYO1C/NLGN2/NUMBL/PERP/PKP2/SNAI2/SVEP1/TGFB3/TJP1/TLN2",31
"turquoise","GO:0061326","renal tubule development","21/840","41/4319",0.51219512195122,2.63353658536585,5.16361853987201,4.67873328147614e-06,0.000125137548877576,0.000102877410165791,"AHI1/AQP1/BMP2/CD24/COL4A1/FGF1/FGF2/HES1/JAG1/LAMA5/LIF/LZTS2/MAGED1/OSR1/PKD2/PRICKLE1/TACSTD2/TTC8/WNT2B/WT1/YAP1",21
"turquoise","GO:0141091","transforming growth factor beta receptor superfamily signaling pathway","42/840","112/4319",0.375,1.928125,4.88970855126025,5.06881332501911e-06,0.000134503156734759,0.00011057701343929,"AMHR2/BAMBI/BMP2/BMP7/CAV1/CAV2/CDH3/COL1A2/COL3A1/CRIM1/DKK1/DKK3/FBN2/FERMT2/FGF9/FMOD/FST/FSTL1/FSTL3/GDF15/HES1/HIVEP1/HTRA1/ID1/ITGA3/LOX/MSX1/NBL1/PMEPA1/PTPRK/RBPMS2/SFRP4/SLC2A10/SMPD3/SPRY1/SULF1/TGFB1I1/TGFB3/TNFAIP6/TSC22D1/VASN/WNT5A",42
"turquoise","GO:0030178","negative regulation of Wnt signaling pathway","27/840","60/4319",0.45,2.31375,5.03487023495973,5.15149117883646e-06,0.000135629103692804,0.000111502670910342,"ANKRD6/APCDD1L/BICC1/BMP2/CAV1/CBY1/CDH2/CTHRC1/DKK1/DKK3/FGF9/FZD6/GRB10/IGFBP2/IGFBP4/IGFBP6/ISL1/LZTS2/NXN/PRICKLE1/SFRP4/SNAI2/TLE1/TPBG/TSKU/WNT5A/ZNRF3",27
"turquoise","GO:0003205","cardiac chamber development","26/840","57/4319",0.456140350877193,2.3453216374269,5.02354827429197,5.66672982435352e-06,0.000145173078705459,0.000119348912432537,"ADAMTS1/ADGRG6/BMP2/BMP7/CPE/DSP/FHL2/FOXC1/HAND1/HAND2/HEG1/HES1/ISL1/JAG1/LMO4/PARVA/PKP2/PTK7/SEMA3C/SLIT2/SLIT3/TEK/TPM1/WNT2/WNT5A/ZFPM2",26
"turquoise","GO:0035107","appendage morphogenesis","26/840","57/4319",0.456140350877193,2.3453216374269,5.02354827429197,5.66672982435352e-06,0.000145173078705459,0.000119348912432537,"ALDH1A2/BMP7/COL3A1/COL6A1/CRABP2/CYP26B1/DKK1/ERRFI1/FBN2/FGF9/FRAS1/FZD6/GJA1/HAND2/MSX1/NPR2/OSR1/PCSK5/PITX1/PKDCC/PLXNA2/PRICKLE1/PRRX1/RDH10/SEMA3C/WNT5A",26
"turquoise","GO:0035108","limb morphogenesis","26/840","57/4319",0.456140350877193,2.3453216374269,5.02354827429197,5.66672982435352e-06,0.000145173078705459,0.000119348912432537,"ALDH1A2/BMP7/COL3A1/COL6A1/CRABP2/CYP26B1/DKK1/ERRFI1/FBN2/FGF9/FRAS1/FZD6/GJA1/HAND2/MSX1/NPR2/OSR1/PCSK5/PITX1/PKDCC/PLXNA2/PRICKLE1/PRRX1/RDH10/SEMA3C/WNT5A",26
"turquoise","GO:0008285","negative regulation of cell population proliferation","76/840","245/4319",0.310204081632653,1.59496598639456,4.71105761704693,5.68630456650463e-06,0.000145173078705459,0.000119348912432537,"ACKR3/ADAMTS1/ALDH1A2/ATOH8/BCHE/BMP2/BMP7/CAV1/CAV2/CD200/COL18A1/DDAH1/DHCR24/DNAJB2/EFEMP2/EFNB2/ERBB2/FBLN1/FBXO2/FGF2/FGFBP1/GPER1/HES1/HSPA1B/IGFBP3/IGFBP5/IGFBP6/IGFBP7/IL33/IL6/KANK2/LIF/LMNA/LZTS2/MAGED1/MSX1/NDRG4/NELL1/NFIB/NKX3-1/NUPR1/OGN/P3H2/PAWR/PDE5A/PDPN/PKD2/PLXNB1/PMP22/PODN/PTHLH/PTPN14/PTPRK/RAP1GAP/RARRES1/RERG/SERPINE2/SFRP4/SH3BP4/SIX5/SLIT3/SNAI2/SPARC/SPEG/SPRY1/SULF1/TGFB1I1/TGFB3/TNFRSF21/TPBG/TPM1/TSC22D1/WNT5A/WT1/WWC1/ZBTB7C",76
"turquoise","GO:0060828","regulation of canonical Wnt signaling pathway","34/840","84/4319",0.404761904761905,2.08115079365079,4.91646503416452,5.90302755050245e-06,0.000149572953723258,0.000122966114071408,"ANKRD6/BAMBI/BICC1/BMP2/BTRC/CAPRIN2/CAV1/CBY1/CDH2/CDH3/COL1A1/CTHRC1/DKK1/DKK3/EGFR/FGF2/FGF9/FZD6/IGFBP2/IGFBP4/IGFBP6/ISL1/KANK1/LZTS2/PLEKHA4/PRICKLE1/PTK7/SFRP4/SNAI2/TLE1/TPBG/WNT5A/YAP1/ZNRF3",34
"turquoise","GO:0048592","eye morphogenesis","25/840","54/4319",0.462962962962963,2.3804012345679,5.01529460169811,6.17685481793401e-06,0.000155343289077893,0.000127709991208188,"AHI1/ALDH1A3/AQP1/BCAR3/BMP7/COL5A1/COL5A2/COL8A1/EFEMP1/FAT1/FBN2/FGF2/JAG1/MEIS1/MFAP2/MFAP5/NECTIN3/SHROOM2/TENM3/THY1/TSKU/TTC8/WNT2/WNT2B/WNT5A",25
"turquoise","GO:0030111","regulation of Wnt signaling pathway","42/840","113/4319",0.371681415929204,1.91106194690265,4.82176724819544,6.59275492788637e-06,0.000164574697088719,0.000135299266824148,"ANKRD6/APCDD1L/BAMBI/BICC1/BMP2/BTRC/CAPRIN2/CAV1/CBY1/CDH2/CDH3/COL1A1/CTHRC1/DIXDC1/DKK1/DKK3/EGFR/FGF2/FGF9/FZD6/GRB10/IGFBP2/IGFBP4/IGFBP6/ISL1/ITGA3/KANK1/LZTS2/NXN/PLEKHA4/PRICKLE1/PTK7/SFRP4/SNAI2/SULF1/TLE1/TMEM132A/TPBG/TSKU/WNT5A/YAP1/ZNRF3",42
"turquoise","GO:0055002","striated muscle cell development","23/840","48/4319",0.479166666666667,2.46371527777778,5.01032833133497,7.09408447851918e-06,0.000175787240386835,0.000144517262751258,"CAV2/CNTNAP1/COL6A1/CXADR/FHL2/FLNC/HDAC9/ISL1/KRT19/KRT8/LMNA/MEIS1/MYL9/NEBL/PDGFRA/PDGFRB/PI16/PRICKLE1/RGS4/SORBS2/TMOD1/TNNT1/TPM1",23
"turquoise","GO:0030335","positive regulation of cell migration","68/840","214/4319",0.317757009345794,1.63380062305296,4.67257967342917,7.32363911991803e-06,0.000176619888428465,0.000145201794891057,"ACKR3/ACTA2/ADAMTS1/AMOT/ANXA3/AQP1/ATOH8/BCAR1/BDKRB1/BMP2/BMP7/CAV1/CEMIP/CLDN1/COL1A1/DDR2/EGFR/FAM83H/FAT1/FBLN1/FERMT2/FGF1/FGF2/FGF9/FGFBP1/GAS6/GPER1/GRB7/HAS2/HDAC9/IGFBP5/IL1R1/IL6/ITGA3/ITGA6/JAM3/KITLG/LAMB1/LAMC2/MYO1C/PDGFC/PDGFD/PDGFRA/PDGFRB/PDPN/PERP/PLAU/PODXL/POSTN/RARRES2/RHOD/ROR2/RRAS2/SEMA3B/SEMA3C/SEMA4F/SERPINE1/SH3RF2/SMOC2/SNAI2/SPARC/TEK/THY1/TJP1/TNFAIP6/VEGFC/VTN/WNT5A",68
"turquoise","GO:0043009","chordate embryonic development","63/840","194/4319",0.324742268041237,1.66971649484536,4.68957657496272,7.3298764512852e-06,0.000176619888428465,0.000145201794891057,"ADCY9/ADGRF5/ALDH1A2/AMOT/ARNT2/BMP2/BMP7/CBY1/CCDC24/COBL/COL1A1/COL3A1/CTHRC1/DBN1/DIAPH3/DKK1/DSC3/EGFR/EPAS1/FGF9/FOXC1/FZD6/GJA1/HAND1/HAND2/HEG1/HES1/HOXA5/HOXB5/HOXC4/HYAL1/ISL1/KIAA1217/KRT19/KRT8/LIF/LMO4/MSX1/NKX3-1/NXN/OSR1/PCSK5/PDGFRA/PHGDH/PHLDA2/PKD2/PLCD3/PLXNA2/PRICKLE1/PRRX1/RDH10/SEMA3C/SH3PXD2A/SLC2A10/SULF1/TEAD2/TEAD4/TGFB3/TM4SF1/WNT2/WNT5A/YAP1/ZFPM2",63
"turquoise","GO:0001525","angiogenesis","64/840","198/4319",0.323232323232323,1.66195286195286,4.68502701743248,7.35745323943441e-06,0.000176619888428465,0.000145201794891057,"ACKR3/ADAMTS1/AMOT/ANXA3/AQP1/C3/CALD1/CARD10/CAV1/CD34/CHI3L1/CLIC3/CLIC4/COL18A1/COL4A1/COL8A1/CSPG4/DCN/DDAH1/EFNA1/EFNB2/EPAS1/ERBB2/FGF1/FGF2/FGF9/FGFBP1/FOXC1/FZD8/GADD45A/HAND1/HAND2/HDAC9/HOXA5/HYAL1/ID1/IGFBP7/IL6/ISL1/JAG1/JAM3/KLF5/MEIS1/MFGE8/NPR2/PARVA/PDGFRA/PDGFRB/PLCD3/PTGIS/PXDN/RAMP1/SERPINE1/SLIT2/SMOC2/SPARC/SULF1/TEK/THBS2/THY1/TJP1/VEGFC/WARS2/WNT5A",64
"turquoise","GO:0009792","embryo development ending in birth or egg hatching","64/840","198/4319",0.323232323232323,1.66195286195286,4.68502701743248,7.35745323943441e-06,0.000176619888428465,0.000145201794891057,"ADCY9/ADGRF5/ALDH1A2/AMOT/ARNT2/BMP2/BMP7/CBY1/CCDC24/COBL/COL1A1/COL3A1/CTHRC1/DBN1/DIAPH3/DKK1/DSC3/EGFR/EPAS1/FGF2/FGF9/FOXC1/FZD6/GJA1/HAND1/HAND2/HEG1/HES1/HOXA5/HOXB5/HOXC4/HYAL1/ISL1/KIAA1217/KRT19/KRT8/LIF/LMO4/MSX1/NKX3-1/NXN/OSR1/PCSK5/PDGFRA/PHGDH/PHLDA2/PKD2/PLCD3/PLXNA2/PRICKLE1/PRRX1/RDH10/SEMA3C/SH3PXD2A/SLC2A10/SULF1/TEAD2/TEAD4/TGFB3/TM4SF1/WNT2/WNT5A/YAP1/ZFPM2",64
"turquoise","GO:0055123","digestive system development","22/840","45/4319",0.488888888888889,2.5137037037037,5.0151464450712,7.44214366671871e-06,0.000176619888428465,0.000145201794891057,"AHI1/ALDH1A2/BBS7/COBL/COL3A1/EGFR/FGF9/GATA5/HES1/HOXA5/KLF5/NPR2/NPY/PCSK5/PDGFC/PDGFRA/PKDCC/RARRES2/RBPMS2/TGFB3/WNT5A/YAP1",22
"turquoise","GO:0072009","nephron epithelium development","22/840","45/4319",0.488888888888889,2.5137037037037,5.0151464450712,7.44214366671871e-06,0.000176619888428465,0.000145201794891057,"AHI1/AQP1/BMP2/CD24/CD34/FGF1/FGF2/FOXC1/HES1/JAG1/LAMA5/LAMB2/LIF/LZTS2/MAGED1/OSR1/PKD2/PODXL/TACSTD2/WNT2B/WT1/YAP1",22
"turquoise","GO:0098742","cell-cell adhesion via plasma-membrane adhesion molecules","27/840","61/4319",0.442622950819672,2.27581967213115,4.93066084837336,7.56260432566709e-06,0.000178223612430057,0.000146520239861287,"APOA1/BMP2/CDH1/CDH11/CDH2/CDH3/CLDN1/CLDN11/CLDN12/CLDN15/CXADR/DSC3/DSG2/FAT1/FLRT3/GATA5/GPC4/IGSF9/ITGA3/NECTIN3/NTNG1/PTK7/PTPRF/SCARF2/SPARCL1/TENM3/VCAM1",27
"turquoise","GO:0048705","skeletal system morphogenesis","29/840","68/4319",0.426470588235294,2.19276960784314,4.87101218692932,8.56193738698415e-06,0.000200174318960388,0.000164566236921363,"BMP1/BMP7/COL1A1/COL3A1/CYP26B1/FBN2/FOXC1/HAS2/HOXA5/HOXB5/HOXC4/HOXC8/HYAL1/LAMA5/MGP/MSX1/NPR2/OSR1/PDGFRA/PRRX1/RAB23/RDH10/SERPINH1/SFRP4/SMPD3/TEK/TGFB3/THRA/TSKU",29
"turquoise","GO:0040017","positive regulation of locomotion","70/840","223/4319",0.31390134529148,1.61397608370703,4.62570209163258,8.61284161699e-06,0.000200174318960388,0.000164566236921363,"ACKR3/ACTA2/ADAMTS1/AMOT/ANXA3/AQP1/ATOH8/BCAR1/BDKRB1/BMP2/BMP7/CAV1/CEMIP/CLDN1/COL1A1/DDR2/EGFR/FAM83H/FAT1/FBLN1/FERMT2/FGF1/FGF2/FGF9/FGFBP1/GAS6/GPER1/GRB7/HAS2/HDAC9/IGFBP5/IL1R1/IL6/ITGA3/ITGA6/JAM3/KITLG/LAMB1/LAMC2/MYO1C/PDGFC/PDGFD/PDGFRA/PDGFRB/PDPN/PERP/PLAU/PODXL/POSTN/RARRES2/RHOD/ROR2/RRAS2/SEMA3B/SEMA3C/SEMA4F/SERPINE1/SH3RF2/SLIT2/SMOC2/SNAI2/SPARC/TEK/THY1/TJP1/TNFAIP6/TPBG/VEGFC/VTN/WNT5A",70
"turquoise","GO:1902903","regulation of supramolecular fiber organization","46/840","129/4319",0.356589147286822,1.83346253229974,4.72201837280877,8.77162023761076e-06,0.000201791862006274,0.00016589604273013,"AEBP1/AMOT/APOA1/ARHGAP28/ARHGEF10/ARHGEF5/ASAP3/BAIAP2L1/BAIAP2L2/CAMSAP2/CDC42EP1/CDC42EP2/CDC42EP4/CDC42EP5/CGNL1/CLIP3/COL6A1/CRYAB/CTTN/DIAPH3/DSTN/EFEMP2/EML2/FERMT2/HSPA1B/KANK1/KANK2/LIMA1/LIMCH1/MID1/NCKAP1/NME7/PFN2/PHLDB2/RGS4/RHPN2/SLIT2/SPTBN1/SSH3/TACSTD2/TGFB3/TJP1/TMOD1/TPM1/TTC8/WASF3",46
"turquoise","GO:0120035","regulation of plasma membrane bounded cell projection organization","62/840","191/4319",0.324607329842932,1.66902268760908,4.64666574174124,8.81531187386033e-06,0.000201791862006274,0.00016589604273013,"ARHGAP44/BMP7/CAMSAP2/CAPRIN2/CAV1/CDC42EP1/CDC42EP2/CDC42EP4/CDC42EP5/CDH1/COBL/CRABP2/DBN1/DDR2/DKK1/DPYSL3/EFNA1/EFNB2/EFNB3/FEZ1/FNBP1L/FSCN1/HES1/ITGA3/ITGA6/KANK1/KLF5/MGARP/NCKAP1/NCS1/NDRG4/NGEF/NR2F1/NTNG1/PALM/PAQR3/PDPN/PFN2/PLXNA2/PLXNA3/PLXNB1/PMP22/PODXL/PRRX1/PTK7/PTPRF/RAB17/RAP1GAP/ROR1/ROR2/RTN4R/SEMA4F/SLIT2/TACSTD2/TENM3/TGFB3/THY1/TSKU/TUBB2B/VLDLR/WNT5A/YAP1",62
"turquoise","GO:0045596","negative regulation of cell differentiation","64/840","199/4319",0.321608040201005,1.6536013400335,4.63814809849836,8.86207583885119e-06,0.000201791862006274,0.00016589604273013,"BAMBI/BMP2/BMP7/CAV1/CCND1/CDH1/COL5A1/COL5A2/CRIM1/DIXDC1/DKK1/EFEMP1/EFNA1/EFNB3/EGFR/ERBB2/FERMT2/FGF9/FST/FSTL3/GPER1/HAND2/HES1/HOXA5/ID3/ID4/IGFBP5/IL6/ISL1/JAG1/LRRC17/MEIS1/MEIS2/MSX1/NPR2/OSR1/PI16/PKP2/PLXNA3/PRICKLE1/PTHLH/RAP1GAP/RBPMS2/RGS4/RTN4R/S1PR3/SEMA4F/SNAI2/SPRY1/SYT4/TGFB1I1/THY1/TMEM98/TNFAIP6/TNFRSF11B/TNFSF4/TRIM6/TSC22D1/TSKU/VASN/VEGFC/WNT5A/YAP1/ZFPM2",64
"turquoise","GO:0007411","axon guidance","27/840","62/4319",0.435483870967742,2.23911290322581,4.82846009761072,1.09624793323148e-05,0.00024794332449598,0.000203837835412594,"ANOS1/BMP7/EFNA1/EFNB2/EFNB3/EPHB6/ERBB2/FEZ1/FLRT2/FLRT3/IGSF9/ISL1/LAMB2/LMO4/MATN2/NFIB/PLXNA3/PTK7/SEMA3B/SEMA3C/SEMA4F/SLIT2/SLIT3/TTC8/TUBB2B/TUBB3/WNT5A",27
"turquoise","GO:0043010","camera-type eye development","39/840","104/4319",0.375,1.928125,4.70736743721919,1.10496601128274e-05,0.000248249030534856,0.000204089160820784,"AHI1/ALDH1A2/ALDH1A3/AQP1/BCAR3/BMP7/CLIC4/COL4A1/COL8A1/CRYAB/EFEMP1/EGFR/FAT1/FBN2/FGF2/FOXC1/GJA1/HES1/JAG1/LAMB2/MEIS1/NECTIN3/NFIB/PDGFRA/PDGFRB/PRICKLE1/RDH10/SHROOM2/SIX5/SPRY1/TENM3/THY1/TMOD1/TSKU/TTC8/WNT2/WNT2B/WNT5A/WT1",39
"turquoise","GO:0001656","metanephros development","17/840","31/4319",0.548387096774194,2.81962365591398,4.9956129235438,1.17670347252432e-05,0.000262615278305096,0.000215899863344999,"AQP1/BMP7/CD34/FRAS1/HES1/ID3/LAMB2/LIF/NKX3-1/OSR1/PDGFRA/PDGFRB/PKD2/RDH10/SPRY1/WT1/YAP1",17
"turquoise","GO:0055007","cardiac muscle cell differentiation","18/840","34/4319",0.529411764705882,2.72205882352941,4.9529708887968,1.24862489341176e-05,0.000276833282289318,0.000227588692483363,"BMP2/CBY1/CXADR/DKK1/EFNB2/FHL2/ISL1/LMNA/MEIS1/NEBL/PDGFRA/PDGFRB/PI16/PRICKLE1/RGS4/SIK1/SORBS2/WT1",18
"turquoise","GO:0042573","retinoic acid metabolic process","9/840","11/4319",0.818181818181818,4.20681818181818,5.23222703148634,1.44546067088327e-05,0.00031837924580893,0.00026174423706672,"ADH1A/ADH1B/ALDH1A2/ALDH1A3/CRABP2/CYP26B1/CYP2S1/RBP1/RDH10",9
"turquoise","GO:0048667","cell morphogenesis involved in neuron differentiation","55/840","166/4319",0.331325301204819,1.70356425702811,4.54182706673268,1.4743045593696e-05,0.00032262378993997,0.000265233738910511,"ANOS1/ARHGAP44/ATL1/BMP7/CAPRIN2/CDH1/CDH11/CNTNAP1/COBL/CRABP2/CTTN/DBN1/DCLK1/EFNA1/EFNB2/EFNB3/EPHB6/ERBB2/FARP1/FEZ1/FLRT2/FLRT3/HES1/IGSF9/ISL1/LAMB2/LMO4/MATN2/NDN/NFIB/NGEF/NPR2/NTNG1/NUMBL/PLXNA2/PLXNA3/PLXNB1/PRICKLE1/PTK7/RTN4R/SEMA3B/SEMA3C/SEMA4F/SLIT2/SLIT3/STXBP1/THY1/TPBG/TSKU/TTC8/TUBB2B/TUBB3/UCHL1/VLDLR/WNT5A",55
"turquoise","GO:0060322","head development","67/840","214/4319",0.313084112149533,1.60977414330218,4.4954488268756,1.49150026873603e-05,0.00032428102617035,0.000266596177067113,"AHI1/ALDH1A2/ALDH1A3/ANXA3/AQP1/ARNT2/AXL/BBS7/BMP2/BMP7/CCDC85C/CDH1/CDH2/COL1A1/COL3A1/COL4A1/CRISPLD2/DCLK1/DIAPH3/DIXDC1/DKK1/EFHC1/EGFR/EML1/FEZ1/FGF2/FGF9/FLRT3/FOXC1/FZD6/HES1/ID4/IMMP2L/ISL1/LAMB1/MAOB/MEIS1/MEIS2/MEIS3P1/MGARP/MSX1/NFIB/NNAT/NPY/NUMBL/PDGFRA/PHGDH/PITX1/PLXNA2/PLXNA3/PRICKLE1/RTN4R/SERPINE2/SHROOM2/SLC2A1/SLIT2/SMARCA1/TACC2/TGFB3/TRNP1/TSKU/TTC8/TUBB2B/TYRO3/WNT2/WNT2B/WNT5A",67
"turquoise","GO:0030308","negative regulation of cell growth","24/840","53/4319",0.452830188679245,2.32830188679245,4.78055199878047,1.51575663443728e-05,0.000327442298593182,0.000269195105387242,"BDKRB1/CAPRIN2/CDH1/CRYAB/DCBLD2/DNAJB2/FHL1/GJA1/HSPA1B/HYAL1/MEG3/MSX1/PI16/PLXNA3/RERG/RGS4/RTN4R/SEMA4F/SERPINE2/SH3BP4/SLIT2/SLIT3/WNT5A/WT1",24
"turquoise","GO:0097485","neuron projection guidance","27/840","63/4319",0.428571428571429,2.20357142857143,4.72819176515969,1.56995692914639e-05,0.000336990754854989,0.000277045031009943,"ANOS1/BMP7/EFNA1/EFNB2/EFNB3/EPHB6/ERBB2/FEZ1/FLRT2/FLRT3/IGSF9/ISL1/LAMB2/LMO4/MATN2/NFIB/PLXNA3/PTK7/SEMA3B/SEMA3C/SEMA4F/SLIT2/SLIT3/TTC8/TUBB2B/TUBB3/WNT5A",27
"turquoise","GO:0071772","response to BMP","23/840","50/4319",0.46,2.36516666666667,4.77047196533666,1.66065564140783e-05,0.000351975440977635,0.000289364160753751,"AMHR2/BAMBI/BMP2/BMP7/CAV1/CRIM1/DKK1/FST/FSTL1/FSTL3/GATA5/HES1/HIVEP1/HTRA1/ITGA3/MSX1/NBL1/RBPMS2/SFRP4/SMPD3/SULF1/TNFAIP6/WNT5A",23
"turquoise","GO:0071773","cellular response to BMP stimulus","23/840","50/4319",0.46,2.36516666666667,4.77047196533666,1.66065564140783e-05,0.000351975440977635,0.000289364160753751,"AMHR2/BAMBI/BMP2/BMP7/CAV1/CRIM1/DKK1/FST/FSTL1/FSTL3/GATA5/HES1/HIVEP1/HTRA1/ITGA3/MSX1/NBL1/RBPMS2/SFRP4/SMPD3/SULF1/TNFAIP6/WNT5A",23
"turquoise","GO:2000147","positive regulation of cell motility","68/840","219/4319",0.310502283105023,1.59649923896499,4.45137077986754,1.74847626849474e-05,0.000368272814051704,0.000302762469649878,"ACKR3/ACTA2/ADAMTS1/AMOT/ANXA3/AQP1/ATOH8/BCAR1/BDKRB1/BMP2/BMP7/CAV1/CEMIP/CLDN1/COL1A1/DDR2/EGFR/FAM83H/FAT1/FBLN1/FERMT2/FGF1/FGF2/FGF9/FGFBP1/GAS6/GPER1/GRB7/HAS2/HDAC9/IGFBP5/IL1R1/IL6/ITGA3/ITGA6/JAM3/KITLG/LAMB1/LAMC2/MYO1C/PDGFC/PDGFD/PDGFRA/PDGFRB/PDPN/PERP/PLAU/PODXL/POSTN/RARRES2/RHOD/ROR2/RRAS2/SEMA3B/SEMA3C/SEMA4F/SERPINE1/SH3RF2/SMOC2/SNAI2/SPARC/TEK/THY1/TJP1/TNFAIP6/VEGFC/VTN/WNT5A",68
"turquoise","GO:0090090","negative regulation of canonical Wnt signaling pathway","22/840","47/4319",0.468085106382979,2.40673758865248,4.76431147814012,1.79967071154795e-05,0.000376701260740162,0.000309691619012371,"ANKRD6/BICC1/BMP2/CAV1/CBY1/CDH2/CTHRC1/DKK1/DKK3/FZD6/IGFBP2/IGFBP4/IGFBP6/ISL1/LZTS2/PRICKLE1/SFRP4/SNAI2/TLE1/TPBG/WNT5A/ZNRF3",22
"turquoise","GO:0031344","regulation of cell projection organization","62/840","195/4319",0.317948717948718,1.63478632478632,4.45696565231785,1.84229129751134e-05,0.000383242078556372,0.000315068921055871,"ARHGAP44/BMP7/CAMSAP2/CAPRIN2/CAV1/CDC42EP1/CDC42EP2/CDC42EP4/CDC42EP5/CDH1/COBL/CRABP2/DBN1/DDR2/DKK1/DPYSL3/EFNA1/EFNB2/EFNB3/FEZ1/FNBP1L/FSCN1/HES1/ITGA3/ITGA6/KANK1/KLF5/MGARP/NCKAP1/NCS1/NDRG4/NGEF/NR2F1/NTNG1/PALM/PAQR3/PDPN/PFN2/PLXNA2/PLXNA3/PLXNB1/PMP22/PODXL/PRRX1/PTK7/PTPRF/RAB17/RAP1GAP/ROR1/ROR2/RTN4R/SEMA4F/SLIT2/TACSTD2/TENM3/TGFB3/THY1/TSKU/TUBB2B/VLDLR/WNT5A/YAP1",62
"turquoise","GO:0030510","regulation of BMP signaling pathway","17/840","32/4319",0.53125,2.73151041666667,4.83033335461561,2.060385404118e-05,0.000425981522201083,0.000350205643115181,"BAMBI/CAV1/CRIM1/DKK1/FST/FSTL1/FSTL3/HES1/HTRA1/ITGA3/MSX1/NBL1/RBPMS2/SFRP4/SULF1/TNFAIP6/WNT5A",17
"turquoise","GO:0030038","contractile actin filament bundle assembly","19/840","38/4319",0.5,2.57083333333333,4.77862598706528,2.09280324052965e-05,0.000427439207308176,0.000351404027373144,"AMOT/APOA1/ARHGAP28/ARHGEF10/ARHGEF5/ASAP3/CGNL1/FAM171A1/FERMT2/LIMCH1/PDLIM1/PFN2/PHLDB2/RHPN2/TACSTD2/TGFB3/TJP1/TPM1/TTC8",19
"turquoise","GO:0043149","stress fiber assembly","19/840","38/4319",0.5,2.57083333333333,4.77862598706528,2.09280324052965e-05,0.000427439207308176,0.000351404027373144,"AMOT/APOA1/ARHGAP28/ARHGEF10/ARHGEF5/ASAP3/CGNL1/FAM171A1/FERMT2/LIMCH1/PDLIM1/PFN2/PHLDB2/RHPN2/TACSTD2/TGFB3/TJP1/TPM1/TTC8",19
"turquoise","GO:0110053","regulation of actin filament organization","35/840","92/4319",0.380434782608696,1.95606884057971,4.55429021258255,2.177362204045e-05,0.000442030760700702,0.000363399956946508,"AMOT/APOA1/ARHGAP28/ARHGEF10/ARHGEF5/ASAP3/BAIAP2L1/BAIAP2L2/CDC42EP1/CDC42EP2/CDC42EP4/CDC42EP5/CGNL1/CTTN/DSTN/FERMT2/KANK1/KANK2/LIMA1/LIMCH1/NCKAP1/PFN2/PHLDB2/RGS4/RHPN2/SLIT2/SPTBN1/SSH3/TACSTD2/TGFB3/TJP1/TMOD1/TPM1/TTC8/WASF3",35
"turquoise","GO:0010648","negative regulation of cell communication","117/840","430/4319",0.272093023255814,1.39901162790698,4.28405024590667,2.32151694633756e-05,0.000468473778991471,0.000385139149244277,"ACKR3/ANKRD6/APCDD1L/APOA1/ARHGAP44/BAMBI/BCHE/BICC1/BMP2/BMP7/BTRC/CAV1/CAV2/CBY1/CDH2/CDH3/CGNL1/CNKSR3/CRIM1/CTHRC1/CTTN/CYP26B1/DCN/DEPTOR/DKK1/DKK3/DYRK3/EFNA1/EGFR/ERBB3/ERRFI1/FBLN1/FBN2/FGF2/FGF9/FHL2/FST/FSTL3/FZD6/GAS6/GDF15/GJA1/GPC1/GPER1/GPRC5A/GRB10/HEG1/HSPA1B/HTRA1/IGFBP2/IGFBP3/IGFBP4/IGFBP5/IGFBP6/IL6/ISL1/ITGA3/ITGA6/KANK1/KANK2/LIF/LMNA/LOX/LZTS2/MUC1/NBL1/NDRG4/NKX3-1/NLRP2/NXN/PALM/PAQR3/PAWR/PKIA/PMEPA1/PRICKLE1/PRKCZ/PTPN3/PXDN/RAB11FIP5/RBPMS2/RGS11/RGS4/RGS5/SERPINE1/SERPINE2/SFRP4/SH3BP4/SH3RF2/SLC2A10/SLIT2/SLIT3/SMPD3/SNAI2/SPRY1/SPRY4/STXBP1/SULF1/SYT4/TGFB3/THY1/TLE1/TMEM14A/TNFAIP6/TNFRSF11B/TPBG/TSKU/TSPAN6/TYRO3/UCHL1/VASN/VPS13A/WNT5A/WTIP/WWC1/YAP1/ZNRF3",117
"turquoise","GO:0031345","negative regulation of cell projection organization","26/840","61/4319",0.426229508196721,2.19153005464481,4.60490672657805,2.53472084759207e-05,0.000508452931927696,0.000418006595918693,"ARHGAP44/CDH1/DKK1/DPYSL3/EFNA1/EFNB2/EFNB3/HES1/ITGA3/KANK1/MGARP/NGEF/NR2F1/PAQR3/PFN2/PLXNA3/PMP22/RAP1GAP/RTN4R/SEMA4F/SLIT2/TACSTD2/THY1/TSKU/WNT5A/YAP1",26
"turquoise","GO:0023057","negative regulation of signaling","117/840","431/4319",0.271461716937355,1.3957656612529,4.25468453201396,2.60705987766298e-05,0.000519869336551731,0.000427392189225099,"ACKR3/ANKRD6/APCDD1L/APOA1/ARHGAP44/BAMBI/BCHE/BICC1/BMP2/BMP7/BTRC/CAV1/CAV2/CBY1/CDH2/CDH3/CGNL1/CNKSR3/CRIM1/CTHRC1/CTTN/CYP26B1/DCN/DEPTOR/DKK1/DKK3/DYRK3/EFNA1/EGFR/ERBB3/ERRFI1/FBLN1/FBN2/FGF2/FGF9/FHL2/FST/FSTL3/FZD6/GAS6/GDF15/GJA1/GPC1/GPER1/GPRC5A/GRB10/HEG1/HSPA1B/HTRA1/IGFBP2/IGFBP3/IGFBP4/IGFBP5/IGFBP6/IL6/ISL1/ITGA3/ITGA6/KANK1/KANK2/LIF/LMNA/LOX/LZTS2/MUC1/NBL1/NDRG4/NKX3-1/NLRP2/NXN/PALM/PAQR3/PAWR/PKIA/PMEPA1/PRICKLE1/PRKCZ/PTPN3/PXDN/RAB11FIP5/RBPMS2/RGS11/RGS4/RGS5/SERPINE1/SERPINE2/SFRP4/SH3BP4/SH3RF2/SLC2A10/SLIT2/SLIT3/SMPD3/SNAI2/SPRY1/SPRY4/STXBP1/SULF1/SYT4/TGFB3/THY1/TLE1/TMEM14A/TNFAIP6/TNFRSF11B/TPBG/TSKU/TSPAN6/TYRO3/UCHL1/VASN/VPS13A/WNT5A/WTIP/WWC1/YAP1/ZNRF3",117
"turquoise","GO:0010975","regulation of neuron projection development","45/840","130/4319",0.346153846153846,1.77980769230769,4.43565498633353,2.62536296495604e-05,0.000520439599523638,0.000427861010759399,"ARHGAP44/BMP7/CAMSAP2/CAPRIN2/CDH1/COBL/CRABP2/DBN1/DDR2/DKK1/DPYSL3/EFNA1/EFNB2/EFNB3/FEZ1/HES1/ITGA3/ITGA6/KANK1/MGARP/NCS1/NDRG4/NGEF/NR2F1/NTNG1/PAQR3/PLXNA2/PLXNA3/PLXNB1/PMP22/PRRX1/PTK7/PTPRF/RAB17/ROR1/ROR2/RTN4R/SEMA4F/SLIT2/TENM3/THY1/TSKU/TUBB2B/VLDLR/WNT5A",45
"turquoise","GO:0060348","bone development","28/840","68/4319",0.411764705882353,2.1171568627451,4.56222614774969,2.69923768295347e-05,0.0005319550287458,0.000437328013637028,"BGN/BMP2/BNC2/COL1A1/COL3A1/COL6A1/CYP26B1/DDR2/FOXC1/GJA1/HAS2/LOX/LRRC17/MSX1/NPR2/OGN/PDGFC/PLS3/PLXNB1/RAB23/SERPINH1/SFRP4/SH3PXD2B/SMPD3/SULF1/TEK/TGFB3/TSKU",28
"turquoise","GO:0016049","cell growth","46/840","134/4319",0.343283582089552,1.76504975124378,4.42026283577507,2.72373752861982e-05,0.000533662527409813,0.000438731773275848,"BCAR1/BDKRB1/CAPRIN2/CDH1/COBL/CRABP2/CRYAB/CTTN/DCBLD2/DCLK1/DNAJB2/EGFR/ERBB2/FHL1/FLRT3/GJA1/HSPA1B/HYAL1/IGFBP3/IGFBP4/IGFBP5/IGFBP7/LAMB2/MEG3/MEIS1/MSX1/NDN/NPR2/PI16/PLXNA3/POSTN/PRICKLE1/PRKCZ/RERG/RGS4/RTN4R/SEMA4F/SERPINE2/SH3BP4/SLIT2/SLIT3/SORBS2/SYT4/WNT5A/WT1/YAP1",46
"turquoise","GO:0007160","cell-matrix adhesion","30/840","75/4319",0.4,2.05666666666667,4.53559950510636,2.74431299826244e-05,0.000534585826829158,0.000439490831239839,"CD34/CDH11/COL16A1/COL17A1/COL3A1/CTTN/ECM2/EFEMP2/EPDR1/FERMT2/ITGA3/ITGA6/ITGB4/JAG1/JAM3/LIMCH1/MSLN/PHLDB2/PLAU/POSTN/PRKCZ/PTPRK/RHOD/SERPINE1/SGCE/SVEP1/TEK/THY1/VCAM1/VTN",30
"turquoise","GO:0007517","muscle organ development","42/840","119/4319",0.352941176470588,1.81470588235294,4.42795741183746,2.87517294329788e-05,0.000556858207983555,0.00045780128171567,"BMP2/CACNA1H/CAV1/CAV2/CNTNAP1/COL3A1/COL6A1/COL6A3/CRYAB/CYP26B1/DISP1/DSP/EFEMP2/ERBB3/FHL1/FOXC1/GJA1/GPC1/HAND1/HDAC9/HEG1/ID3/ISL1/JPH1/KLF5/LAMA5/LIF/LMNA/LOX/MSX1/MYL6B/NUPR1/PITX1/PKP2/SGCE/SPEG/TAGLN/TEAD4/TPM1/WNT2/WT1/ZFPM2",42
"turquoise","GO:0034446","substrate adhesion-dependent cell spreading","20/840","42/4319",0.476190476190476,2.4484126984127,4.63448084400877,3.17233759764817e-05,0.000610901583089961,0.00050223113124872,"ANTXR1/APOA1/AXL/EFNA1/FBLN1/FERMT2/HAS2/KANK1/LAMA5/LAMB1/LAMC1/MELTF/PARVA/PDPN/PKP2/POSTN/SPRY4/TACSTD2/TEK/TYRO3",20
"turquoise","GO:0010092","specification of animal organ identity","10/840","14/4319",0.714285714285714,3.67261904761905,4.92116862937869,3.4437985163412e-05,0.000653116911449765,0.000536936970462527,"BMP2/DKK1/FGF1/FGF2/GATA5/ISL1/SPRY1/WNT2/WNT2B/WNT5A",10
"turquoise","GO:0022612","gland morphogenesis","18/840","36/4319",0.5,2.57083333333333,4.65008690376558,3.46098613886694e-05,0.000653116911449765,0.000536936970462527,"BMP7/BTRC/CAV1/CRIP1/EGFR/FGF1/ID4/IGFBP5/IL6/LAMA5/NFIB/NKX3-1/PERP/SEMA3C/SNAI2/SULF1/TGFB3/WNT5A",18
"turquoise","GO:0048706","embryonic skeletal system development","18/840","36/4319",0.5,2.57083333333333,4.65008690376558,3.46098613886694e-05,0.000653116911449765,0.000536936970462527,"BMP7/COL1A1/FGF9/HAND2/HOXA5/HOXB5/HOXC4/HYAL1/KIAA1217/OSR1/PCSK5/PDGFRA/PRRX1/RDH10/SLC2A10/SULF1/TGFB3/WNT5A",18
"turquoise","GO:0051492","regulation of stress fiber assembly","17/840","33/4319",0.515151515151515,2.64873737373737,4.67128233318297,3.48845828074058e-05,0.000653116911449765,0.000536936970462527,"AMOT/APOA1/ARHGAP28/ARHGEF10/ARHGEF5/ASAP3/CGNL1/FERMT2/LIMCH1/PFN2/PHLDB2/RHPN2/TACSTD2/TGFB3/TJP1/TPM1/TTC8",17
"turquoise","GO:0090288","negative regulation of cellular response to growth factor stimulus","17/840","33/4319",0.515151515151515,2.64873737373737,4.67128233318297,3.48845828074058e-05,0.000653116911449765,0.000536936970462527,"BAMBI/CAV1/CRIM1/DCN/DKK1/FGF2/FSTL3/GPC1/HTRA1/NBL1/RBPMS2/SLIT2/SPRY1/SPRY4/SULF1/TNFAIP6/WNT5A",17
"turquoise","GO:0042060","wound healing","51/840","155/4319",0.329032258064516,1.69177419354839,4.30951694865324,3.74315558481727e-05,0.000696930072974266,0.000572956411703348,"ANXA8/AQP1/AXL/C1QTNF1/CAV1/CD34/CD59/CLDN1/COL3A1/COL5A1/DCBLD2/DDR2/DSP/ERBB2/ERBB3/EVPL/FBLN1/FERMT2/FGF1/FGF2/FZD6/GAS6/GGCX/IL6/ITPR3/KANK1/KRT6A/MYL9/NPR2/PDGFRA/PDPN/PHLDB2/PLAT/PLAU/PPL/PROCR/PROS1/PRRG1/PTK7/SERPINE1/SERPINE2/SMOC2/STXBP1/SVEP1/TFPI2/TPM1/TSKU/TYRO3/VTN/WNT5A/YAP1",51
"turquoise","GO:0030509","BMP signaling pathway","22/840","49/4319",0.448979591836735,2.30850340136054,4.5259807873169,4.04814313176176e-05,0.000749573755716326,0.0006162355536609,"AMHR2/BAMBI/BMP2/BMP7/CAV1/CRIM1/DKK1/FST/FSTL1/FSTL3/HES1/HIVEP1/HTRA1/ITGA3/MSX1/NBL1/RBPMS2/SFRP4/SMPD3/SULF1/TNFAIP6/WNT5A",22
"turquoise","GO:0090092","regulation of transmembrane receptor protein serine/threonine kinase signaling pathway","34/840","91/4319",0.373626373626374,1.92106227106227,4.3631078413201,4.41667730771892e-05,0.000813344400383211,0.000668662333846201,"ATOH8/BAMBI/BMP2/BMP7/CAV1/CAV2/CDH3/CRIM1/DKK1/DKK3/FBN2/FGF9/FST/FSTL1/FSTL3/GDF15/HES1/HTRA1/ITGA3/LOX/MSX1/NBL1/PMEPA1/RBPMS2/SFRP4/SLC2A10/SPRY1/SULF1/TGFB1I1/TGFB3/TNFAIP6/TSC22D1/VASN/WNT5A",34
"turquoise","GO:1903055","positive regulation of extracellular matrix organization","9/840","12/4319",0.75,3.85625,4.86802894902147,4.78244783788972e-05,0.000875915718135236,0.000720103129824127,"BMP2/DDR2/EFEMP2/FSCN1/IL6/MELTF/PDPN/PHLDB1/PHLDB2",9
"turquoise","GO:0048608","reproductive structure development","35/840","95/4319",0.368421052631579,1.89429824561403,4.33047937311681,4.81488759955223e-05,0.000877090335702218,0.00072106880011502,"ADAMTS1/AMHR2/AXL/BMP7/C3/COL6A1/CRIP1/DHCR24/ERRFI1/FGF9/FOXC1/FST/GJA1/ID4/IMMP2L/KITLG/NKX3-1/NPR2/NUPR1/OSR1/PDGFRA/RDH10/ROR2/SERPINE2/SLIT2/SLIT3/SULF1/TFAP2C/TNFAIP6/TYRO3/VGF/WNT2B/WNT5A/WT1/ZFPM2",35
"turquoise","GO:0007163","establishment or maintenance of cell polarity","28/840","70/4319",0.4,2.05666666666667,4.37922651510348,5.0706972442505e-05,0.000918723102856139,0.000755295707236407,"AMOT/AQP1/CAP2/CLIC4/CYP26B1/DIAPH3/FAT1/FEZ1/FSCN1/GJA1/HES1/JAM3/KANK1/LMNA/MISP/PARVA/PDLIM1/PHLDB2/PRICKLE1/PRKCZ/PTK7/SAPCD2/SPRY1/TEK/TTC8/WEE1/WNT5A/WWC1",28
"turquoise","GO:0016331","morphogenesis of embryonic epithelium","19/840","40/4319",0.475,2.44229166666667,4.50262412862433,5.22973928654488e-05,0.000942471732388035,0.000774819803106453,"ALDH1A2/ALDH1A3/BMP7/COBL/CTHRC1/FZD6/HAND1/LAMA5/LMO4/OSR1/PRICKLE1/RDH10/SULF1/TEAD2/TGFB1I1/VEGFC/WNT2/WNT2B/WNT5A",19
"turquoise","GO:0043583","ear development","23/840","53/4319",0.433962264150943,2.2312893081761,4.43140420246802,5.26720979201755e-05,0.000944175372292507,0.000776220390402586,"AHI1/ALDH1A3/BMP2/CTHRC1/DIAPH3/FGF2/FGF9/FZD6/GJB2/HES1/JAG1/MSX1/OSR1/PRRX1/PTK7/RDH10/ROR1/SHROOM2/SPARC/TGFB3/TSKU/TTC8/WNT5A",23
"turquoise","GO:0120031","plasma membrane bounded cell projection assembly","51/840","157/4319",0.32484076433121,1.67022292993631,4.20312027629376,5.49943871822248e-05,0.000980587750286231,0.000806155539201424,"ABCC4/ABLIM1/ABLIM3/AHI1/ARHGAP44/ARL3/BBOF1/BBS7/CAV1/CBY1/CDC14B/CDC42EP1/CDC42EP2/CDC42EP4/CDC42EP5/COBL/CSPG4/CTTN/DAW1/DNALI1/DPYSL3/EHD2/EMP1/FNBP1L/FSCN1/ITGB4/KANK1/KLF5/LAMA5/NCKAP1/PALM/PARVA/PFN2/PMP22/POC1A/PODXL/PRICKLE1/PTPDC1/RAB17/RAB23/RAP1GAP/RFX2/RHOD/RILPL1/SLIT2/SPAG16/TACSTD2/TGFB3/TTC8/WASF3/YAP1",51
"turquoise","GO:0110020","regulation of actomyosin structure organization","17/840","34/4319",0.5,2.57083333333333,4.51801742475074,5.72829166806936e-05,0.00101601804849441,0.00083528330583704,"AMOT/APOA1/ARHGAP28/ARHGEF10/ARHGEF5/ASAP3/CGNL1/FERMT2/LIMCH1/PFN2/PHLDB2/RHPN2/TACSTD2/TGFB3/TJP1/TPM1/TTC8",17
"turquoise","GO:0009968","negative regulation of signal transduction","111/840","412/4319",0.269417475728155,1.38525485436893,4.03951076446051,6.14837286174376e-05,0.00106967765231464,0.00087939765137971,"ACKR3/ANKRD6/APCDD1L/APOA1/ARHGAP44/BAMBI/BICC1/BMP2/BMP7/BTRC/CAV1/CAV2/CBY1/CDH2/CDH3/CGNL1/CNKSR3/CRIM1/CTHRC1/CTTN/CYP26B1/DCN/DEPTOR/DKK1/DKK3/DYRK3/EFNA1/EGFR/ERBB3/ERRFI1/FBLN1/FBN2/FGF2/FGF9/FHL2/FST/FSTL3/FZD6/GAS6/GDF15/GPC1/GPER1/GPRC5A/GRB10/HEG1/HSPA1B/HTRA1/IGFBP2/IGFBP3/IGFBP4/IGFBP5/IGFBP6/IL6/ISL1/ITGA3/ITGA6/KANK1/KANK2/LIF/LMNA/LOX/LZTS2/MUC1/NBL1/NDRG4/NKX3-1/NLRP2/NXN/PALM/PAQR3/PAWR/PKIA/PMEPA1/PRICKLE1/PRKCZ/PTPN3/PXDN/RBPMS2/RGS11/RGS4/RGS5/SERPINE1/SERPINE2/SFRP4/SH3BP4/SH3RF2/SLC2A10/SLIT2/SLIT3/SMPD3/SNAI2/SPRY1/SPRY4/SULF1/TGFB3/THY1/TLE1/TMEM14A/TNFAIP6/TNFRSF11B/TPBG/TSKU/TSPAN6/TYRO3/UCHL1/VASN/WNT5A/WTIP/WWC1/YAP1/ZNRF3",111
"turquoise","GO:0031128","developmental induction","8/840","10/4319",0.8,4.11333333333333,4.84273965565143,6.15778826555018e-05,0.00106967765231464,0.00087939765137971,"BMP2/DKK1/FGF1/FGF2/GATA5/SPRY1/WNT2/WNT2B",8
"turquoise","GO:0061687","detoxification of inorganic compound","8/840","10/4319",0.8,4.11333333333333,4.84273965565143,6.15778826555018e-05,0.00106967765231464,0.00087939765137971,"MT1A/MT1E/MT1F/MT1G/MT1H/MT1M/MT1X/MT2A",8
"turquoise","GO:0097501","stress response to metal ion","8/840","10/4319",0.8,4.11333333333333,4.84273965565143,6.15778826555018e-05,0.00106967765231464,0.00087939765137971,"MT1A/MT1E/MT1F/MT1G/MT1H/MT1M/MT1X/MT2A",8
"turquoise","GO:0061458","reproductive system development","35/840","96/4319",0.364583333333333,1.87456597222222,4.25766413471609,6.19647165661595e-05,0.00107087740937414,0.000880383989215287,"ADAMTS1/AMHR2/AXL/BMP7/C3/COL6A1/CRIP1/DHCR24/ERRFI1/FGF9/FOXC1/FST/GJA1/ID4/IMMP2L/KITLG/NKX3-1/NPR2/NUPR1/OSR1/PDGFRA/RDH10/ROR2/SERPINE2/SLIT2/SLIT3/SULF1/TFAP2C/TNFAIP6/TYRO3/VGF/WNT2B/WNT5A/WT1/ZFPM2",35
"turquoise","GO:0009611","response to wounding","61/840","199/4319",0.306532663316583,1.57608877721943,4.088096065546,7.31462911475449e-05,0.00125766837330218,0.00103394757411567,"ANXA8/AQP1/AXL/C1QTNF1/CAV1/CD34/CD59/CLDN1/COL3A1/COL5A1/COL6A1/DCBLD2/DDR2/DPYSL3/DSP/ERBB2/ERBB3/EVPL/FBLN1/FERMT2/FGF1/FGF2/FLRT3/FZD6/GAS6/GGCX/IL33/IL6/ITGB4/ITPR3/KANK1/KRT6A/LAMB2/MATN2/MYL9/NFIB/NPR2/PDGFRA/PDPN/PHLDB2/PLAT/PLAU/PPL/PROCR/PROS1/PRRG1/PTK7/PTPRF/RTN4R/SERPINE1/SERPINE2/SMOC2/STXBP1/SVEP1/TFPI2/TPM1/TSKU/TYRO3/VTN/WNT5A/YAP1",61
"turquoise","GO:0050673","epithelial cell proliferation","48/840","147/4319",0.326530612244898,1.67891156462585,4.11484491523371,7.86780659433443e-05,0.00134256620518614,0.00110374332408243,"ALDH1A2/APOA1/ATOH8/BTRC/CAV1/CAV2/CCND1/CD34/CDH3/CLDN1/COL8A1/EFNB2/EGFR/ERBB2/ERRFI1/FGF1/FGF2/FGF9/FGFBP1/FST/HAS2/HES1/HOXA5/IGFBP3/IGFBP4/IGFBP5/IL6/JAG1/LAMA5/LAMB1/LAMC1/MAGED1/NFIB/NKX3-1/NUPR1/OSR1/PTPRK/RAP1GAP/SGPP2/SNAI2/SPARC/SULF1/TACSTD2/TEK/TGM1/WNT2/WNT5A/YAP1",48
"turquoise","GO:0043410","positive regulation of MAPK cascade","49/840","151/4319",0.324503311258278,1.66848785871965,4.10839214343722,7.9270759115224e-05,0.00134256620518614,0.00110374332408243,"ACKR3/ACTA2/ANKRD6/ARHGEF5/BCAR3/BMP2/C1QTNF1/CAV2/CD24/CDH2/CHI3L1/CSPG4/DKK1/DOK4/EFNA1/EGFR/ERBB2/FERMT2/FGF1/FGF2/FGF9/GADD45A/GAS6/GDF15/GPER1/HAND2/IGFBP3/IGFBP4/IGFBP6/IL6/LIF/MAGED1/MID1/NDRG4/PDE5A/PDGFC/PDGFD/PDGFRA/PDGFRB/PLA2G2A/PRKCZ/SH3RF2/TEK/TGFB3/TNFAIP8L3/TPBG/TPD52L1/WNT5A/WWC1",49
"turquoise","GO:0050803","regulation of synapse structure or activity","35/840","97/4319",0.360824742268041,1.85524054982818,4.18570661403033,7.92791319976383e-05,0.00134256620518614,0.00110374332408243,"ABHD17C/AGAP1/AMOT/ARHGAP44/CAP2/CAPRIN2/CDC20/CDH2/CNTNAP1/DBN1/DCLK1/DKK1/EFNA1/EFNB3/FARP1/FLRT2/FLRT3/GPC4/IGSF9/LRRN1/NECTIN3/NGEF/NLGN2/PRICKLE1/RAB17/ROR2/RTN4R/SPARC/SPARCL1/SYBU/TANC1/THBS2/TPBG/VLDLR/WNT5A",35
"turquoise","GO:0072080","nephron tubule development","18/840","38/4319",0.473684210526316,2.43552631578947,4.36700903410991,8.62535019062706e-05,0.00145337150712066,0.0011948379843016,"AHI1/AQP1/BMP2/CD24/FGF1/FGF2/HES1/JAG1/LAMA5/LIF/LZTS2/MAGED1/OSR1/PKD2/TACSTD2/WNT2B/WT1/YAP1",18
"turquoise","GO:0009967","positive regulation of signal transduction","125/840","478/4319",0.261506276150628,1.34457810320781,3.9249417737468,8.8992046021893e-05,0.00149205569698398,0.00122664082288359,"ACKR3/ACTA2/AFAP1L2/AKR1C2/ANKRD6/APOA1/ARHGEF5/ATOH8/AXL/BAMBI/BCAR3/BMP2/BMP7/C1QTNF1/C3/CAPRIN2/CARD10/CAV1/CAV2/CD24/CDH2/CDH3/CHI3L1/COL1A1/COL3A1/CSPG4/CTSK/CTSV/DCN/DDR2/DIXDC1/DKK1/DOK4/EFNA1/EGFR/ERBB2/ERBB3/FAS/FERMT2/FGF1/FGF2/FGF9/FGFBP1/FRMD6/GADD45A/GAS6/GATA5/GDF15/GJA1/GPER1/GRB10/HAND2/HES1/HSPA1B/IGFBP3/IGFBP4/IGFBP5/IGFBP6/IL1R1/IL6/JAG1/KANK1/KITLG/KLK5/LAMB1/LAMB2/LAMC1/LIF/LMCD1/MAGED1/MAOA/MID1/MID2/MSX1/NDFIP2/NDRG4/NKX3-1/NLGN2/NUPR1/PDE5A/PDGFC/PDGFD/PDGFRA/PDGFRB/PKD2/PLA2G2A/PLEKHA4/PLXNB1/PRKCZ/PROS1/PRRX1/PTGIS/PTK7/RGS4/ROR1/ROR2/RPL37/RTN4R/SCHIP1/SFRP4/SH3RF2/SLC2A10/SLC39A14/SLC44A2/SMOC2/STAMBPL1/SULF1/TEK/TFG/TGFB1I1/TGFB3/THRA/TMEM132A/TNFAIP8L3/TPBG/TPD52L1/TPR/TRIM6/TSC22D1/TSPAN6/TYRO3/VTN/WNT5A/WWC1/YAP1",125
"turquoise","GO:0032231","regulation of actin filament bundle assembly","17/840","35/4319",0.485714285714286,2.49738095238095,4.37013992966437,9.1464986997782e-05,0.00152592577318082,0.00125448590817177,"AMOT/APOA1/ARHGAP28/ARHGEF10/ARHGEF5/ASAP3/CGNL1/FERMT2/LIMCH1/PFN2/PHLDB2/RHPN2/TACSTD2/TGFB3/TJP1/TPM1/TTC8",17
"turquoise","GO:0001657","ureteric bud development","16/840","32/4319",0.5,2.57083333333333,4.3820981794317,9.49017717848813e-05,0.00157546291091158,0.00129521111401508,"BMP2/BMP7/FGF1/FGF2/FOXC1/HES1/LAMA5/LZTS2/MAGED1/OSR1/PKD2/SLIT2/SPRY1/TACSTD2/WNT2B/WT1",16
"turquoise","GO:0030031","cell projection assembly","51/840","160/4319",0.31875,1.63890625,4.04628450002876,9.5743100745221e-05,0.0015765145424628,0.00129607567570267,"ABCC4/ABLIM1/ABLIM3/AHI1/ARHGAP44/ARL3/BBOF1/BBS7/CAV1/CBY1/CDC14B/CDC42EP1/CDC42EP2/CDC42EP4/CDC42EP5/COBL/CSPG4/CTTN/DAW1/DNALI1/DPYSL3/EHD2/EMP1/FNBP1L/FSCN1/ITGB4/KANK1/KLF5/LAMA5/NCKAP1/PALM/PARVA/PFN2/PMP22/POC1A/PODXL/PRICKLE1/PTPDC1/RAB17/RAB23/RAP1GAP/RFX2/RHOD/RILPL1/SLIT2/SPAG16/TACSTD2/TGFB3/TTC8/WASF3/YAP1",51
"turquoise","GO:0007272","ensheathment of neurons","21/840","48/4319",0.4375,2.24947916666667,4.2769935951391,9.63685447321475e-05,0.0015765145424628,0.00129607567570267,"ADGRG6/ARHGEF10/CLDN11/CNTNAP1/COL6A1/ERBB2/ERBB3/GPC1/ID4/ITGB4/JAM3/MAL2/MALL/MYRF/ORMDL3/PLLP/PMP22/TMEM163/TMEM98/TNFRSF21/WASF3",21
"turquoise","GO:0008366","axon ensheathment","21/840","48/4319",0.4375,2.24947916666667,4.2769935951391,9.63685447321475e-05,0.0015765145424628,0.00129607567570267,"ADGRG6/ARHGEF10/CLDN11/CNTNAP1/COL6A1/ERBB2/ERBB3/GPC1/ID4/ITGB4/JAM3/MAL2/MALL/MYRF/ORMDL3/PLLP/PMP22/TMEM163/TMEM98/TNFRSF21/WASF3",21
"turquoise","GO:0071560","cellular response to transforming growth factor beta stimulus","35/840","98/4319",0.357142857142857,1.83630952380952,4.11458607472221,0.000100854875383939,0.00164193686011533,0.00134986032041966,"ACTA2/AMHR2/BAMBI/BMP2/CAV1/CAV2/CDH3/CLDN1/COL1A1/COL1A2/COL3A1/CTSK/DDR2/DKK3/FBN2/FERMT2/FMOD/GDF15/HTRA1/ID1/ITGA3/LOX/PDGFD/PMEPA1/POSTN/PTPRK/SLC2A10/SPRY1/TGFB1I1/TGFB3/TSC22D1/VASN/WNT2/WNT5A/YES1",35
"turquoise","GO:0007369","gastrulation","23/840","55/4319",0.418181818181818,2.15015151515151,4.21775695537825,0.000105874382337768,0.00171536859845325,0.0014102296270901,"AMOT/APOA1/ATOH8/BMP7/COL12A1/COL5A1/COL5A2/COL6A1/COL8A1/DKK1/FOXC1/GJA1/HAND1/ITGA3/ITGB4/LAMB1/LAMB3/OSR1/PHLDB1/PHLDB2/PRICKLE1/VTN/WNT5A",23
"turquoise","GO:0060560","developmental growth involved in morphogenesis","25/840","62/4319",0.403225806451613,2.07325268817204,4.18215141332266,0.000109279276647823,0.00175851573469378,0.00144570151919851,"CDH1/COBL/CRABP2/CTTN/DCLK1/FGF1/FLRT3/LAMB2/LZTS2/NDN/NPR2/PLXNA3/POSTN/PRICKLE1/PRKCZ/PTK7/RDH10/RTN4R/SEMA4F/SLIT2/SLIT3/SPRY1/SYT4/WNT5A/YAP1",25
"turquoise","GO:0048589","developmental growth","56/840","181/4319",0.30939226519337,1.59079189686924,3.98962725372454,0.000109581099194568,0.00175851573469378,0.00144570151919851,"ACACB/BNC2/CDH1/CLIC4/COBL/COL3A1/COL6A1/CRABP2/CTTN/DCLK1/DDR2/FGF1/FGF2/FGF9/FLRT3/FOXC1/GAS1/GDF15/GJA1/HEG1/HOXA5/KLF5/LAMB2/LZTS2/MEIS1/NDN/NDRG4/NPR2/PHLDA2/PI16/PKDCC/PLXNA3/POSTN/PRICKLE1/PRKCZ/PTK7/RDH10/RGS4/RTN4R/SEMA4F/SLIT2/SLIT3/SMPD3/SORBS2/SPRY1/SYT4/TNFAIP6/TSKU/TTC8/VPS13A/WNT2/WNT5A/WT1/WWC1/YAP1/ZFPM2",56
"turquoise","GO:0031424","keratinization","11/840","18/4319",0.611111111111111,3.14212962962963,4.47456712258674,0.00011756420869141,0.00187768428099551,0.00154367172499772,"CDH3/CYP26B1/EVPL/KLK5/KRT5/KRT6A/KRT7/KRT80/PPL/SPRR2F/TGM1",11
"turquoise","GO:0014909","smooth muscle cell migration","19/840","42/4319",0.452380952380952,2.32599206349206,4.24277198363159,0.000119806266329885,0.00190446753552694,0.00156569063048787,"ADAMTS1/DDR2/FAT1/FGF9/GRB10/HAS2/IGFBP3/IGFBP5/NDRG4/PARVA/PDGFD/PDGFRB/PLAT/PLAU/POSTN/SERPINE1/SLIT2/TPM1/VTN",19
"turquoise","GO:0007420","brain development","60/840","198/4319",0.303030303030303,1.55808080808081,3.94986382573466,0.000120527265026978,0.00190693372366627,0.00156771811984683,"AHI1/ALDH1A2/ALDH1A3/ANXA3/AQP1/ARNT2/AXL/BBS7/BMP2/BMP7/CCDC85C/CDH1/CDH2/COL3A1/COL4A1/DCLK1/DIXDC1/DKK1/EFHC1/EGFR/EML1/FEZ1/FGF2/FGF9/FOXC1/FZD6/HES1/ID4/IMMP2L/ISL1/LAMB1/MAOB/MEIS1/MEIS2/MEIS3P1/MGARP/MSX1/NFIB/NNAT/NPY/NUMBL/PHGDH/PITX1/PLXNA2/PLXNA3/RTN4R/SERPINE2/SHROOM2/SLC2A1/SLIT2/SMARCA1/TACC2/TRNP1/TSKU/TTC8/TUBB2B/TYRO3/WNT2/WNT2B/WNT5A",60
"turquoise","GO:0010810","regulation of cell-substrate adhesion","31/840","84/4319",0.369047619047619,1.89751984126984,4.08141486181743,0.000124749159568034,0.00196450779319754,0.00161505060493392,"ABI3BP/APOA1/COL16A1/COL1A1/COL8A1/ECM2/EFEMP2/EGFLAM/FBLN1/FBLN2/FERMT2/HACD1/HAS2/ITGA3/ITGA6/JAG1/KANK1/LIMCH1/MELTF/PDPN/PHLDB2/PKP2/PLAU/POSTN/PRKCZ/SERPINE1/SPRY4/TACSTD2/TEK/THY1/VTN",31
"turquoise","GO:0001101","response to acid chemical","18/840","39/4319",0.461538461538462,2.37307692307692,4.2321303428043,0.000131495427825556,0.00205157218413019,0.00168662751479952,"COL16A1/COL18A1/COL1A1/COL1A2/COL3A1/COL4A1/COL5A2/COL6A1/EGFR/KRT8/LRP11/NQO1/PDGFC/PDGFD/PDGFRA/PKD2/SH3BP4/STAMBPL1",18
"turquoise","GO:0046660","female sex differentiation","18/840","39/4319",0.461538461538462,2.37307692307692,4.2321303428043,0.000131495427825556,0.00205157218413019,0.00168662751479952,"ADAMTS1/AMHR2/AXL/FOXC1/FST/IMMP2L/KITLG/NPR2/NUPR1/PDGFRA/SLIT2/SLIT3/TNFAIP6/TYRO3/VGF/WNT5A/WT1/ZFPM2",18
"turquoise","GO:0071559","response to transforming growth factor beta","36/840","103/4319",0.349514563106796,1.79708737864078,4.02279583046998,0.000134025268913135,0.00207818988810349,0.00170851031875321,"ACTA2/AMHR2/BAMBI/BMP2/CAV1/CAV2/CDH3/CLDN1/COL1A1/COL1A2/COL3A1/CTSK/DDR2/DKK3/FBN2/FERMT2/FMOD/GDF15/HTRA1/ID1/ITGA3/LOX/MXRA5/PDGFD/PMEPA1/POSTN/PTPRK/SLC2A10/SPRY1/TGFB1I1/TGFB3/TSC22D1/VASN/WNT2/WNT5A/YES1",36
"turquoise","GO:0009725","response to hormone","76/840","266/4319",0.285714285714286,1.46904761904762,3.87992383162247,0.000134434835491561,0.00207818988810349,0.00170851031875321,"AKR1C2/ALDH1A2/ANXA3/AQP1/BCAR1/BCAR3/BCHE/BMP7/CACNA1H/CAV1/CAV2/CCND1/CD24/CLDN1/COL1A1/COL3A1/COL6A1/CTSK/CYP26B1/DDR2/DHCR24/DSG2/EGFR/ERRFI1/FAT1/FBXO32/FHL2/FOSB/GDF15/GJB2/GPER1/GRB10/GSTM3/HDAC9/HES1/HSPA1B/IGFBP2/IGFBP5/IGFBP7/IL6/ISL1/ITGA3/KANK1/KANK2/KRT19/LOX/MAOB/MGARP/MYO1C/NKX3-1/NPR2/NQO1/PAPPA/PAQR7/PMEPA1/PRKCZ/RAMP1/RARRES2/RBFOX2/RERG/SCNN1A/SFRP4/SLC2A1/SLC39A14/SLIT2/SLIT3/SNAI2/TEK/TGFB3/THRA/TIMP3/TNFRSF11B/TNFSF4/VGF/WT1/YAP1",76
"turquoise","GO:0001649","osteoblast differentiation","30/840","81/4319",0.37037037037037,1.90432098765432,4.0368107626167,0.000148415030940884,0.00228382947155607,0.001877569629591,"BAMBI/BMP2/BMP7/COL1A1/COL6A1/CRIM1/CTHRC1/DDR2/FBN2/FERMT2/FGF2/FGF9/FHL2/GJA1/HAND2/ID3/ID4/IGFBP2/IGFBP3/IGFBP5/IL6/JAG1/LOX/NELL1/PTHLH/RRAS2/SNAI2/TNFAIP6/VEGFC/YAP1",30
"turquoise","GO:0072163","mesonephric epithelium development","16/840","33/4319",0.484848484848485,2.49292929292929,4.22983935576317,0.000151388537881329,0.00230735892681887,0.00189691353908708,"BMP2/BMP7/FGF1/FGF2/FOXC1/HES1/LAMA5/LZTS2/MAGED1/OSR1/PKD2/SLIT2/SPRY1/TACSTD2/WNT2B/WT1",16
"turquoise","GO:0072164","mesonephric tubule development","16/840","33/4319",0.484848484848485,2.49292929292929,4.22983935576317,0.000151388537881329,0.00230735892681887,0.00189691353908708,"BMP2/BMP7/FGF1/FGF2/FOXC1/HES1/LAMA5/LZTS2/MAGED1/OSR1/PKD2/SLIT2/SPRY1/TACSTD2/WNT2B/WT1",16
"turquoise","GO:0048762","mesenchymal cell differentiation","34/840","96/4319",0.354166666666667,1.82100694444444,3.99692182492752,0.000152682801388905,0.00230735892681887,0.00189691353908708,"ALDH1A2/BAMBI/BMP2/BMP7/CDH2/COL1A1/EFNA1/FERMT2/FOXC1/GATA5/HAND2/HAS2/HES1/IL6/ISL1/JAG1/KITLG/LAMA5/MSX1/OSR1/PDPN/PHLDB1/PHLDB2/RDH10/SEMA3B/SEMA3C/SEMA4F/SNAI2/SPRY1/TGFB1I1/TGFB3/VASN/WNT2/WNT5A",34
"turquoise","GO:0050807","regulation of synapse organization","34/840","96/4319",0.354166666666667,1.82100694444444,3.99692182492752,0.000152682801388905,0.00230735892681887,0.00189691353908708,"ABHD17C/AGAP1/AMOT/ARHGAP44/CAP2/CAPRIN2/CDC20/CDH2/CNTNAP1/DBN1/DCLK1/DKK1/EFNA1/EFNB3/FARP1/FLRT2/FLRT3/GPC4/IGSF9/LRRN1/NECTIN3/NGEF/NLGN2/PRICKLE1/RAB17/ROR2/RTN4R/SPARC/SPARCL1/TANC1/THBS2/TPBG/VLDLR/WNT5A",34
"turquoise","GO:0010977","negative regulation of neuron projection development","20/840","46/4319",0.434782608695652,2.23550724637681,4.13915332424058,0.000156655124964793,0.00234634564947267,0.00192896509430332,"CDH1/DKK1/DPYSL3/EFNA1/EFNB2/EFNB3/HES1/KANK1/MGARP/NGEF/NR2F1/PAQR3/PLXNA3/PMP22/RTN4R/SEMA4F/SLIT2/THY1/TSKU/WNT5A",20
"turquoise","GO:0048839","inner ear development","20/840","46/4319",0.434782608695652,2.23550724637681,4.13915332424058,0.000156655124964793,0.00234634564947267,0.00192896509430332,"AHI1/ALDH1A3/BMP2/CTHRC1/DIAPH3/FGF2/FGF9/FZD6/GJB2/HES1/JAG1/MSX1/PRRX1/PTK7/ROR1/SPARC/TGFB3/TSKU/TTC8/WNT5A",20
"turquoise","GO:0002088","lens development in camera-type eye","14/840","27/4319",0.518518518518518,2.66604938271605,4.26671508311659,0.000158828490850902,0.00235793838840327,0.00193849565462358,"BCAR3/CRYAB/FAT1/FGF2/GJA1/MEIS1/NECTIN3/SHROOM2/SIX5/SPRY1/TMOD1/WNT2/WNT2B/WNT5A",14
"turquoise","GO:0055006","cardiac cell development","14/840","27/4319",0.518518518518518,2.66604938271605,4.26671508311659,0.000158828490850902,0.00235793838840327,0.00193849565462358,"CXADR/FHL2/ISL1/JAG1/LMNA/MEIS1/NEBL/PDGFRA/PDGFRB/PI16/PRICKLE1/RGS4/SORBS2/SPRY1",14
"turquoise","GO:0030900","forebrain development","38/840","112/4319",0.339285714285714,1.74449404761905,3.92227222734569,0.000179463510589258,0.00265259662581491,0.00218073850355922,"ALDH1A2/ALDH1A3/ANXA3/AQP1/AXL/BMP2/CCDC85C/CDH1/CDH2/COL3A1/DCLK1/DIXDC1/DKK1/EFHC1/EGFR/FEZ1/FGF2/HES1/ID4/ISL1/LAMB1/MGARP/MSX1/NFIB/NPY/NUMBL/PITX1/PLXNA3/RTN4R/SLC2A1/SLIT2/TACC2/TSKU/TTC8/TUBB2B/TYRO3/WNT2B/WNT5A",38
"turquoise","GO:0021983","pituitary gland development","8/840","11/4319",0.727272727272727,3.73939393939394,4.46958019037434,0.000187239951846619,0.00273172442433926,0.00224579062466373,"ALDH1A2/BMP2/CDH1/FGF2/HES1/ISL1/PITX1/WNT5A",8
"turquoise","GO:0071294","cellular response to zinc ion","8/840","11/4319",0.727272727272727,3.73939393939394,4.46958019037434,0.000187239951846619,0.00273172442433926,0.00224579062466373,"MT1A/MT1E/MT1F/MT1G/MT1H/MT1M/MT1X/MT2A",8
"turquoise","GO:0035272","exocrine system development","10/840","16/4319",0.625,3.21354166666667,4.35828641261665,0.000188059366898133,0.00273172442433926,0.00224579062466373,"BMP7/EGFR/FOXC1/IGSF3/LAMA5/NFIB/NKX3-1/SEMA3C/SNAI2/TGFB3",10
"turquoise","GO:0072210","metanephric nephron development","10/840","16/4319",0.625,3.21354166666667,4.35828641261665,0.000188059366898133,0.00273172442433926,0.00224579062466373,"AQP1/CD34/HES1/LAMB2/LIF/OSR1/PDGFRA/PDGFRB/PKD2/WT1",10
"turquoise","GO:0030856","regulation of epithelial cell differentiation","21/840","50/4319",0.42,2.1595,4.05178530861276,0.000195522361933582,0.00282794145800932,0.00232489205606139,"AHI1/ATOH8/BMP2/BMP7/CAV1/CCND1/CD24/ERRFI1/FGF2/FOXC1/FST/HES1/JAG1/LIF/MSX1/OSR1/S1PR3/SERPINE1/SFRP4/SPRY1/YAP1",21
"turquoise","GO:0035270","endocrine system development","17/840","37/4319",0.459459459459459,2.36238738738739,4.08913917935706,0.000216307041014463,0.00311519114623393,0.0025610442282954,"ALDH1A2/APOA1/BMP2/CDH1/CDH2/DKK3/FGF2/HES1/HOXA5/IL6/ISL1/PDGFRA/PITX1/RAP1GAP/THRA/WNT5A/WT1",17
"turquoise","GO:0007043","cell-cell junction assembly","20/840","47/4319",0.425531914893617,2.18794326241135,4.02330311362979,0.000223720452487802,0.00319465222408429,0.00262637034321095,"AMOT/CAV1/CDH1/CDH11/CDH2/CDH3/CLDN1/CLDN11/CLDN15/CNTNAP1/FSCN1/GJA1/GJB2/JAM3/MPDZ/MYO1C/PKP2/SNAI2/TJP1/TLN2",20
"turquoise","GO:0042552","myelination","20/840","47/4319",0.425531914893617,2.18794326241135,4.02330311362979,0.000223720452487802,0.00319465222408429,0.00262637034321095,"ADGRG6/ARHGEF10/CNTNAP1/COL6A1/ERBB2/ERBB3/GPC1/ID4/ITGB4/JAM3/MAL2/MALL/MYRF/ORMDL3/PLLP/PMP22/TMEM163/TMEM98/TNFRSF21/WASF3",20
"turquoise","GO:0048009","insulin-like growth factor receptor signaling pathway","11/840","19/4319",0.578947368421053,2.97675438596491,4.24276552618282,0.000230452929694474,0.00327690452772311,0.00269399116569334,"BMP2/CDH3/COL6A1/CRIM1/GRB10/IGFBP2/IGFBP3/IGFBP4/IGFBP5/IGFBP6/NKX3-1",11
"turquoise","GO:0042445","hormone metabolic process","24/840","61/4319",0.39344262295082,2.02295081967213,3.95339848298744,0.000234365920929489,0.00328663065998609,0.00270198716135667,"ADH1A/ADH1B/AKR1C2/ALDH1A2/ALDH1A3/BACE2/BCHE/BMP2/CACNA1H/CPA4/CPE/CRABP2/CTSK/CYP26B1/CYP2S1/DISP1/DKK3/DPP4/HSD17B6/PCSK5/PDGFRA/RBP1/RDH10/SCG5",24
"turquoise","GO:0061138","morphogenesis of a branching epithelium","24/840","61/4319",0.39344262295082,2.02295081967213,3.95339848298744,0.000234365920929489,0.00328663065998609,0.00270198716135667,"BMP2/BMP7/BTRC/CLIC4/COL4A1/FGF1/FGF2/HOXA5/LAMA5/MAGED1/NKX3-1/PKD2/RDH10/SEMA3C/SLIT2/SNAI2/SPRY1/SULF1/TACSTD2/WNT2/WNT2B/WNT5A/WT1/YAP1",24
"turquoise","GO:0001823","mesonephros development","16/840","34/4319",0.470588235294118,2.41960784313725,4.08306396070468,0.00023503797894856,0.00328663065998609,0.00270198716135667,"BMP2/BMP7/FGF1/FGF2/FOXC1/HES1/LAMA5/LZTS2/MAGED1/OSR1/PKD2/SLIT2/SPRY1/TACSTD2/WNT2B/WT1",16
"turquoise","GO:0032963","collagen metabolic process","16/840","34/4319",0.470588235294118,2.41960784313725,4.08306396070468,0.00023503797894856,0.00328663065998609,0.00270198716135667,"COL1A1/COL1A2/COL5A1/COL6A1/CTSK/DDR2/IL6/LARP6/MFAP4/MMP23B/P3H2/P3H4/SERPINB7/SERPINH1/SMPD3/TGFB3",16
"turquoise","GO:0033627","cell adhesion mediated by integrin","15/840","31/4319",0.483870967741935,2.48790322580645,4.08490434802998,0.000250837340964541,0.00349306545062191,0.00287170022365669,"COL16A1/DPP4/EFNA1/ITGA3/ITGA6/ITGB4/JAM3/LIF/MUC1/PLAU/PODXL/SERPINE1/SNAI2/VCAM1/VTN",15
"turquoise","GO:0014812","muscle cell migration","19/840","44/4319",0.431818181818182,2.22026515151515,3.99729532071258,0.000254461148040345,0.00350560921078733,0.00288201263245112,"ADAMTS1/DDR2/FAT1/FGF9/GRB10/HAS2/IGFBP3/IGFBP5/NDRG4/PARVA/PDGFD/PDGFRB/PLAT/PLAU/POSTN/SERPINE1/SLIT2/TPM1/VTN",19
"turquoise","GO:0055013","cardiac muscle cell development","12/840","22/4319",0.545454545454545,2.80454545454545,4.16917607771411,0.000254858829864361,0.00350560921078733,0.00288201263245112,"CXADR/FHL2/ISL1/LMNA/MEIS1/NEBL/PDGFRA/PDGFRB/PI16/PRICKLE1/RGS4/SORBS2",12
"turquoise","GO:1905330","regulation of morphogenesis of an epithelium","12/840","22/4319",0.545454545454545,2.80454545454545,4.16917607771411,0.000254858829864361,0.00350560921078733,0.00288201263245112,"BMP7/FGF1/FGF2/GJA1/LIF/MAGED1/SNAI2/SULF1/TACSTD2/WNT2/WNT2B/WNT5A",12
"turquoise","GO:0048754","branching morphogenesis of an epithelial tube","21/840","51/4319",0.411764705882353,2.1171568627451,3.94312720931743,0.000272617998454568,0.00373464493817843,0.00307030625559445,"BMP2/BMP7/BTRC/CLIC4/COL4A1/FGF1/FGF2/HOXA5/LAMA5/MAGED1/NKX3-1/PKD2/RDH10/SLIT2/SPRY1/TACSTD2/WNT2/WNT2B/WNT5A/WT1/YAP1",21
"turquoise","GO:0048588","developmental cell growth","23/840","58/4319",0.396551724137931,2.0389367816092,3.91382226254774,0.000274798842955309,0.00374927976015948,0.00308233775690762,"CDH1/COBL/CRABP2/CTTN/DCLK1/FLRT3/LAMB2/MEIS1/NDN/NPR2/PI16/PLXNA3/POSTN/PRICKLE1/PRKCZ/RGS4/RTN4R/SEMA4F/SLIT2/SLIT3/SORBS2/SYT4/WNT5A",23
"turquoise","GO:0048593","camera-type eye morphogenesis","18/840","41/4319",0.439024390243902,2.25731707317073,3.97438649840093,0.0002873382705057,0.00390455633711375,0.00320999290310273,"AHI1/ALDH1A3/AQP1/BCAR3/BMP7/COL8A1/FAT1/JAG1/MEIS1/NECTIN3/SHROOM2/TENM3/THY1/TSKU/TTC8/WNT2/WNT2B/WNT5A",18
"turquoise","GO:0010817","regulation of hormone levels","44/840","139/4319",0.316546762589928,1.62757793764988,3.69522318852093,0.000341144009706211,0.00461708960927684,0.00379577693319276,"ADH1A/ADH1B/AKR1C2/ALDH1A2/ALDH1A3/ANO1/AQP1/BACE2/BCHE/BMP2/C1QTNF1/CACNA1H/CPA4/CPE/CRABP2/CTSK/CYP26B1/CYP2S1/DISP1/DKK3/DPP4/EGFR/GJA1/GNA11/GPER1/HSD17B6/IL6/ISL1/LIF/LRRC8A/NKX3-1/NLGN2/NNAT/PCSK5/PDGFRA/PFKM/RAB11FIP5/RBP1/RDH10/SCG5/SLC39A14/SMPD3/SYBU/VGF",44
"turquoise","GO:0032526","response to retinoic acid","16/840","35/4319",0.457142857142857,2.35047619047619,3.94139508364705,0.000355941551117636,0.00477897620424874,0.00392886627192962,"ALDH1A2/AQP1/COL1A1/CYP26B1/DKK1/GJB2/HAND2/IGFBP2/IGFBP7/OSR1/PTK7/TEAD2/WNT2/WNT5A/YAP1/YES1",16
"turquoise","GO:0060993","kidney morphogenesis","16/840","35/4319",0.457142857142857,2.35047619047619,3.94139508364705,0.000355941551117636,0.00477897620424874,0.00392886627192962,"AHI1/BMP2/BMP7/FGF1/FGF2/FRAS1/HES1/LAMA5/LIF/LZTS2/MAGED1/OSR1/PKD2/TACSTD2/WNT2B/WT1",16
"turquoise","GO:0002065","columnar/cuboidal epithelial cell differentiation","19/840","45/4319",0.422222222222222,2.17092592592593,3.87946794374666,0.000361532366442766,0.0048347780750481,0.00397474180650526,"BMP2/BMP7/CAV1/CDH2/FGF2/FST/GATA5/GJA1/HES1/HOXA5/JAG1/KLF5/MSX1/NFIB/NPY/SERPINE1/TJP1/WNT5A/YAP1",19
"turquoise","GO:0030010","establishment of cell polarity","21/840","52/4319",0.403846153846154,2.07644230769231,3.83693866303465,0.00037511403322499,0.00498965965685351,0.00410207222140823,"AMOT/CYP26B1/DIAPH3/FAT1/FEZ1/FSCN1/GJA1/HES1/JAM3/KANK1/MISP/PHLDB2/PRICKLE1/PRKCZ/PTK7/SAPCD2/SPRY1/TTC8/WEE1/WNT5A/WWC1",21
"turquoise","GO:0006882","intracellular zinc ion homeostasis","10/840","17/4319",0.588235294117647,3.02450980392157,4.10925308196608,0.000377555849405829,0.00498965965685351,0.00410207222140823,"ATP7B/MT1A/MT1E/MT1F/MT1G/MT1H/MT1M/MT1X/MT2A/SLC39A14",10
"turquoise","GO:0010043","response to zinc ion","10/840","17/4319",0.588235294117647,3.02450980392157,4.10925308196608,0.000377555849405829,0.00498965965685351,0.00410207222140823,"CRIP1/MT1A/MT1E/MT1F/MT1G/MT1H/MT1M/MT1X/MT2A/VCAM1",10
"turquoise","GO:0009628","response to abiotic stimulus","91/840","340/4319",0.267647058823529,1.37615196078431,3.55033690305913,0.000383674309382803,0.00505071258835955,0.00415226472983362,"AK4/ANO1/AQP1/ARNT2/BACE1/BDKRB1/BMP2/BMP7/CAV1/CCND1/CCND2/CD24/CDH2/CHI3L1/COL18A1/COL1A1/COL3A1/COL6A1/COL6A2/COL6A3/CRIP1/CRYAB/DDAH1/DDR2/DPP4/EGFR/EPAS1/FAS/FGF1/FGF2/FOSB/GADD45A/GJA1/GNA11/HSPA1B/HSPA2/HSPB2/HYAL1/IGFBP2/IL33/KRT5/KRT8/LIF/LMNA/LRP11/LRRC8A/LRRN4/MAP1LC3A/MEIS2/MFAP4/MGARP/NDRG4/NKX3-1/NQO1/NR2F6/PALM/PDLIM1/PIEZO2/PKD2/PLAT/PLAU/PLOD2/POSTN/PPL/PRICKLE1/PTGIS/PTPRK/RAB11FIP5/SCARA3/SCARA5/SCNN1A/SERPINE2/SIK1/SLC25A23/SLC2A1/SNAI2/STRBP/TANC1/TEK/TGFB3/THRA/TP53BP1/TPR/USP53/VASN/VCAM1/VEGFC/VGF/VPS13A/WTIP/YAP1",91
"turquoise","GO:0072028","nephron morphogenesis","15/840","32/4319",0.46875,2.41015625,3.93386300424779,0.00038842754906424,0.00509338848383847,0.00418734920801589,"AHI1/BMP2/BMP7/FGF1/FGF2/HES1/LAMA5/LIF/LZTS2/MAGED1/OSR1/PKD2/TACSTD2/WNT2B/WT1",15
"turquoise","GO:0098609","cell-cell adhesion","80/840","292/4319",0.273972602739726,1.40867579908676,3.5533114803409,0.000400858322732805,0.00523601762639361,0.00430460671331188,"APOA1/BAIAP2L1/BMP2/BMP7/C1QTNF1/CAV1/CD200/CD24/CD34/CDC42EP1/CDH1/CDH11/CDH2/CDH3/CERCAM/CLDN1/CLDN11/CLDN12/CLDN15/CNN3/CXADR/DPP4/DSC3/DSG2/DSP/EFNB2/EFNB3/EGFR/ERBB2/FAT1/FLRT3/FSTL3/GATA5/GPC4/HAS2/HES1/IGFBP2/IGSF9/IL6/ITGA3/ITGA6/ITGB4/JAG1/JAM3/KITLG/LAMB1/MYL9/NECTIN3/NLGN2/NT5E/NTNG1/PARVA/PAWR/PDE5A/PDGFRA/PDLIM1/PDPN/PERP/PKP2/PODXL/PRICKLE1/PRKCZ/PTK7/PTPRF/SCARF2/SERPINE2/SPARCL1/STXBP1/STXBP6/TENM3/THY1/TJP1/TLN2/TMEM47/TNFRSF21/TNFSF4/TYRO3/VCAM1/WNT5A/YES1",80
"turquoise","GO:0061005","cell differentiation involved in kidney development","11/840","20/4319",0.55,2.82791666666667,4.025700074259,0.000422827561772796,0.00550165591959198,0.00452299184143873,"ACTA2/CD24/CD34/HES1/JAG1/LAMB2/LIF/OSR1/PODXL/WT1/YAP1",11
"turquoise","GO:0016101","diterpenoid metabolic process","12/840","23/4319",0.521739130434783,2.68260869565217,3.97528855473157,0.000439497854955049,0.00567474241838512,0.00466528878500379,"ADH1A/ADH1B/ALDH1A2/ALDH1A3/CRABP2/CYP26B1/CYP2S1/EGFR/HSD17B6/RARRES2/RBP1/RDH10",12
"turquoise","GO:0071300","cellular response to retinoic acid","12/840","23/4319",0.521739130434783,2.68260869565217,3.97528855473157,0.000439497854955049,0.00567474241838512,0.00466528878500379,"ALDH1A2/AQP1/COL1A1/CYP26B1/HAND2/OSR1/PTK7/TEAD2/WNT2/WNT5A/YAP1/YES1",12
"turquoise","GO:1901888","regulation of cell junction assembly","28/840","78/4319",0.358974358974359,1.8457264957265,3.70336782913658,0.000446854340574463,0.00574770659441199,0.00472527370185611,"CAV1/CLDN1/COL16A1/DCLK1/DKK1/EFNB3/FARP1/FERMT2/FLRT2/FLRT3/GPC4/LIMCH1/LRRN1/MYO1C/NECTIN3/NLGN2/PHLDB2/PRICKLE1/RAB17/RTN4R/SNAI2/TEK/THBS2/THY1/TJP1/TPBG/VLDLR/WNT5A",28
"turquoise","GO:0014044","Schwann cell development","8/840","12/4319",0.666666666666667,3.42777777777778,4.13776542810091,0.000466070898782061,0.00594946563975585,0.00489114276552785,"ADGRG6/ARHGEF10/CNTNAP1/COL6A1/ERBB2/ERBB3/ITGB4/LAMB2",8
"turquoise","GO:0071276","cellular response to cadmium ion","8/840","12/4319",0.666666666666667,3.42777777777778,4.13776542810091,0.000466070898782061,0.00594946563975585,0.00489114276552785,"MT1A/MT1E/MT1F/MT1G/MT1H/MT1M/MT1X/MT2A",8
"turquoise","GO:0051897","positive regulation of phosphatidylinositol 3-kinase/protein kinase B signal transduction","26/840","71/4319",0.366197183098592,1.88286384976526,3.68539805495015,0.000497738183925673,0.0063297270936963,0.0052037612714692,"AKR1C2/AXL/C1QTNF1/CHI3L1/DCN/DDR2/EGFR/ERBB3/FERMT2/FGF2/GAS6/GDF15/GPER1/IGFBP5/NKX3-1/PDGFC/PDGFD/PDGFRA/PDGFRB/PLXNB1/PROS1/ROR1/ROR2/TEK/TPBG/TYRO3",26
"turquoise","GO:0007229","integrin-mediated signaling pathway","16/840","36/4319",0.444444444444444,2.28518518518519,3.80449196724234,0.000526826501977525,0.00664945809612083,0.0054666168074309,"ADAMTS1/APOA1/BCAR1/COL16A1/COL3A1/DIAPH3/FERMT2/ITGA3/ITGA6/ITGB4/LAMA5/LAMB1/LAMB2/LAMC1/SLC2A10/THY1",16
"turquoise","GO:0048864","stem cell development","16/840","36/4319",0.444444444444444,2.28518518518519,3.80449196724234,0.000526826501977525,0.00664945809612083,0.0054666168074309,"ALDH1A2/BMP7/CDH2/FGF2/FOXC1/HAND2/HES1/ISL1/JAG1/KITLG/LAMA5/RDH10/SEMA3B/SEMA3C/SEMA4F/SNAI2",16
"turquoise","GO:0007267","cell-cell signaling","93/840","352/4319",0.264204545454545,1.35845170454545,3.44766157902678,0.000534627180466435,0.00672273730661151,0.00552686071872606,"ABCC4/ANGPTL2/ANO1/AQP1/ARHGAP44/BACE1/BCHE/BEGAIN/BMP2/C1QTNF1/CACNB3/CADPS2/CALB2/CD34/CDC20/CDH1/CDH11/CPE/CXADR/CXCL6/DBN1/DKK1/EFNA1/EFNB2/EFNB3/EGFR/FARP1/FAT1/FBXO2/FGF2/FGF9/FGFBP1/GDF15/GJA1/GJB2/GJC2/GNA11/GPER1/GRIN3B/HES1/HOXA5/IL6/ISL1/ITPR3/LIF/LRRC8A/MAOB/NKX3-1/NLGN2/NMU/NNAT/NPR2/NPY/NQO1/NSG1/NTNG1/PANX2/PCSK5/PDE7B/PFKM/PFN2/PKP2/PLAT/PMP22/PRKCZ/PTHLH/RAB11FIP5/RGS4/ROR2/SCG5/SEMA3B/SEMA4F/SERPINE2/SLC12A4/SLC6A9/SMPD3/SNCAIP/STXBP1/SYBU/SYT4/TEK/TFAP2C/THY1/TMEM132A/TNFAIP6/TPBG/TUBB2B/UNC13B/VGF/VPS13A/WNT2/WNT2B/WNT5A",93
"turquoise","GO:0000165","MAPK cascade","63/840","221/4319",0.285067873303167,1.46572398190045,3.49214694086569,0.000543338470629386,0.00680687972498525,0.00559603543219152,"ACKR3/ACTA2/ANKRD6/ARHGEF5/BCAR3/BMP2/C1QTNF1/CAV1/CAV2/CD24/CDC42EP5/CDH2/CHI3L1/CNKSR3/CRYAB/CSPG4/DKK1/DOK4/EFNA1/EGFR/ERBB2/FAS/FBLN1/FERMT2/FGF1/FGF2/FGF9/GADD45A/GAS6/GDF15/GPER1/GRB10/HAND2/IGFBP3/IGFBP4/IGFBP6/IL6/LIF/MAGED1/MAP1LC3A/MID1/NDRG4/NPR2/PAQR3/PDE5A/PDGFC/PDGFD/PDGFRA/PDGFRB/PLA2G2A/PRKCZ/PTPN3/SH3RF2/SPRY1/SPRY4/TEK/TGFB3/TNFAIP8L3/TPBG/TPD52L1/UCHL1/WNT5A/WWC1",63
"turquoise","GO:0090101","negative regulation of transmembrane receptor protein serine/threonine kinase signaling pathway","22/840","57/4319",0.385964912280702,1.98450292397661,3.67621974343427,0.000580012761955917,0.00723941854737571,0.00595163192775039,"BAMBI/BMP2/CAV1/CAV2/CDH3/CRIM1/DKK1/DKK3/FBN2/FST/FSTL3/GDF15/HTRA1/NBL1/PMEPA1/RBPMS2/SLC2A10/SPRY1/TGFB3/TNFAIP6/VASN/WNT5A",22
"turquoise","GO:0014032","neural crest cell development","15/840","33/4319",0.454545454545455,2.33712121212121,3.78839637834337,0.000585960058383336,0.0072866619806341,0.00599047144558143,"ALDH1A2/BMP7/CDH2/FOXC1/HAND2/HES1/ISL1/JAG1/KITLG/LAMA5/RDH10/SEMA3B/SEMA3C/SEMA4F/SNAI2",15
"turquoise","GO:0040008","regulation of growth","51/840","171/4319",0.298245614035088,1.53347953216374,3.49743933890347,0.000590266631001076,0.00731322995027068,0.0060123133622091,"ACACB/BCAR1/BDKRB1/CAPRIN2/CDH1/CRABP2/CRYAB/CTTN/DCBLD2/DNAJB2/EGFR/ERBB2/FGF2/FGF9/FHL1/FOXC1/GDF15/GJA1/HSPA1B/HYAL1/IGFBP3/IGFBP4/IGFBP5/IGFBP7/MEG3/MSX1/MT1A/MT1E/MT1F/MT1G/MT1H/MT1M/MT1X/MT2A/PI16/PLXNA3/RERG/RGS4/RTN4R/SEMA4F/SERPINE2/SH3BP4/SLIT2/SLIT3/SYT4/WNT2/WNT5A/WT1/WWC1/YAP1/ZFPM2",51
"turquoise","GO:0001945","lymph vessel development","9/840","15/4319",0.6,3.085,3.97437923557958,0.000617348141688619,0.0075929315236885,0.0062422601188031,"EFNB2/FGF2/FOXC1/HEG1/NPR2/PDPN/PTPN14/SVEP1/VEGFC",9
"turquoise","GO:0099172","presynapse organization","9/840","15/4319",0.6,3.085,3.97437923557958,0.000617348141688619,0.0075929315236885,0.0062422601188031,"CAP2/DKK1/EFNB3/FARP1/GPC4/NLGN2/PFN2/TLN2/WNT5A",9
"turquoise","GO:0060349","bone morphogenesis","14/840","30/4319",0.466666666666667,2.39944444444444,3.77913158916352,0.000642533654704905,0.00784542904476642,0.00644984202587075,"COL1A1/COL3A1/CYP26B1/FOXC1/HAS2/MSX1/NPR2/RAB23/SERPINH1/SFRP4/SMPD3/TEK/TGFB3/TSKU",14
"turquoise","GO:0060419","heart growth","14/840","30/4319",0.466666666666667,2.39944444444444,3.77913158916352,0.000642533654704905,0.00784542904476642,0.00644984202587075,"ACACB/FGF2/FGF9/FOXC1/HEG1/MEIS1/NDRG4/PI16/RGS4/SORBS2/WNT2/WT1/YAP1/ZFPM2",14
"turquoise","GO:0001704","formation of primary germ layer","17/840","40/4319",0.425,2.18520833333333,3.70004747475716,0.000669658587298949,0.00814710988879948,0.00669785826247704,"ATOH8/BMP7/COL12A1/COL5A1/COL5A2/COL6A1/COL8A1/DKK1/FOXC1/GJA1/HAND1/ITGA3/ITGB4/LAMB1/LAMB3/VTN/WNT5A",17
"turquoise","GO:0009636","response to toxic substance","27/840","76/4319",0.355263157894737,1.82664473684211,3.57225894920645,0.000678648489207752,0.00819729537143413,0.00673911648215356,"ATP7B/BMP7/CDH1/CLDN1/COL6A1/GJC2/GPX8/GSTM3/GSTT1/HP/INMT/MAOB/MT1A/MT1E/MT1F/MT1G/MT1H/MT1M/MT1X/MT2A/NQO1/NUPR1/NXN/PTGS1/PXDN/RAB40B/SLC22A5",27
"turquoise","GO:0021537","telencephalon development","27/840","76/4319",0.355263157894737,1.82664473684211,3.57225894920645,0.000678648489207752,0.00819729537143413,0.00673911648215356,"ALDH1A3/ANXA3/AQP1/BMP2/CCDC85C/CDH2/COL3A1/DIXDC1/EFHC1/EGFR/FEZ1/HES1/ID4/LAMB1/MGARP/NFIB/NPY/NUMBL/PLXNA3/RTN4R/SLC2A1/SLIT2/TACC2/TSKU/TTC8/TUBB2B/WNT5A",27
"turquoise","GO:0030048","actin filament-based movement","19/840","47/4319",0.404255319148936,2.07854609929078,3.65279893137463,0.000697052060224154,0.00838951943912642,0.00689714670116531,"ACTA2/CAV1/DSG2/DSP/EPDR1/FNBP1L/FRMD6/GJA1/LIMCH1/MYH10/MYL6B/MYO1B/MYO1C/MYO1D/MYO5C/PARVA/PDPN/PKP2/TPM1",19
"turquoise","GO:0060428","lung epithelium development","7/840","10/4319",0.7,3.59916666666667,4.04296172001521,0.000711611323405229,0.00850400765913341,0.00699126914222681,"COL6A1/ERRFI1/HOXA5/NFIB/THRA/WNT2/YAP1",7
"turquoise","GO:0072010","glomerular epithelium development","7/840","10/4319",0.7,3.59916666666667,4.04296172001521,0.000711611323405229,0.00850400765913341,0.00699126914222681,"CD24/CD34/FOXC1/JAG1/LAMB2/PODXL/WT1",7
"turquoise","GO:0022617","extracellular matrix disassembly","12/840","24/4319",0.5,2.57083333333333,3.79147234790288,0.000725181188236661,0.00855191131508639,0.00703065143879662,"CTSK/CTSV/DDR2/DPP4/FSCN1/IL6/KLK5/KLK7/LAMC1/MELTF/PDPN/SH3PXD2B",12
"turquoise","GO:0035050","embryonic heart tube development","12/840","24/4319",0.5,2.57083333333333,3.79147234790288,0.000725181188236661,0.00855191131508639,0.00703065143879662,"AHI1/BBS7/FOXC1/GJA1/HAND1/HAND2/HES1/NDRG4/PKD2/TEAD2/WNT5A/YAP1",12
"turquoise","GO:0045995","regulation of embryonic development","12/840","24/4319",0.5,2.57083333333333,3.79147234790288,0.000725181188236661,0.00855191131508639,0.00703065143879662,"AMOT/HES1/JAG1/LAMA4/LAMA5/MSX1/OSR1/PHLDA2/PHLDB1/PHLDB2/WNT2/WNT2B",12
"turquoise","GO:0022414","reproductive process","97/840","373/4319",0.260053619302949,1.337109025916,3.34657069535823,0.000731247604504125,0.00855191131508639,0.00703065143879662,"ADAMTS1/ADGRG2/AMHR2/AXL/BBOF1/BMP7/BNC1/C3/CA12/CACNA1H/CDC20/CLDN11/CLIC4/COL16A1/COL6A1/CRIP1/CXADR/CYP26B1/DHCR24/DNALI1/DSG2/EFHC1/EGFR/ERRFI1/FBLN1/FBN2/FGF9/FOSB/FOXC1/FST/GJA1/GJB2/HAND1/HAS2/HSPA2/ID4/IGFBP2/IGFBP5/IGFBP7/IMMP2L/ITGA3/ITGB4/JAM3/KITLG/KRT19/KRT8/LIF/LRRC8A/LZTFL1/MFGE8/MSX1/NDN/NECTIN3/NKX3-1/NME7/NPR2/NUPR1/OSR1/P3H4/PAPPA/PAQR7/PCSK5/PDE5A/PDGFRA/PLAT/PTHLH/RAI14/RDH10/RFX2/ROR2/SERPINE2/SGO2/SIX5/SLC2A1/SLIT2/SLIT3/SPACA6/SPAG16/STRBP/STXBP1/SULF1/TEAD3/TEAD4/TFAP2C/TGFB3/THRA/TNFAIP6/TPPP3/TYRO3/UCHL1/UNC13B/VGF/VPS13A/WNT2B/WNT5A/WT1/ZFPM2",97
"turquoise","GO:0003143","embryonic heart tube morphogenesis","11/840","21/4319",0.523809523809524,2.69325396825397,3.82166215397402,0.000733383492599396,0.00855191131508639,0.00703065143879662,"AHI1/BBS7/GJA1/HAND1/HAND2/HES1/NDRG4/PKD2/TEAD2/WNT5A/YAP1",11
"turquoise","GO:0010463","mesenchymal cell proliferation","11/840","21/4319",0.523809523809524,2.69325396825397,3.82166215397402,0.000733383492599396,0.00855191131508639,0.00703065143879662,"BMP2/BMP7/FGF9/HAND2/LMNA/MSX1/NFIB/OSR1/PRRX1/WNT2/WNT5A",11
"turquoise","GO:0050919","negative chemotaxis","11/840","21/4319",0.523809523809524,2.69325396825397,3.82166215397402,0.000733383492599396,0.00855191131508639,0.00703065143879662,"APOA1/DPP4/FLRT2/FLRT3/PLXNA3/SEMA3B/SEMA3C/SEMA4F/SLIT2/SLIT3/WNT5A",11
"turquoise","GO:0071774","response to fibroblast growth factor","16/840","37/4319",0.432432432432432,2.22342342342342,3.67204563105762,0.000763412757949379,0.00887138273892899,0.00729329357140749,"COL1A1/FGF1/FGF2/FGF9/FGFBP1/FLRT2/FLRT3/GPC1/HYAL1/NPR2/POSTN/SMOC2/SPRY1/SPRY4/SULF1/WNT5A",16
"turquoise","GO:0045597","positive regulation of cell differentiation","80/840","298/4319",0.268456375838926,1.38031319910515,3.34299895926704,0.000792302185794434,0.00917545830284276,0.00754327854227148,"ABCB10/ADIRF/AHI1/ATOH8/AXL/BAMBI/BMP2/BMP7/BNC1/CAPRIN2/CD24/CD34/COL1A1/CRABP2/CTHRC1/CYP26B1/DBN1/DDR2/DKK1/EFEMP2/EFNB2/EGFR/FAXDC2/FBN2/FERMT2/FGF2/FOXC1/GAS6/GATA5/GDPD5/GJA1/GJC2/GPC1/GPER1/HES1/HOXA5/HSPA1B/ID4/IGFBP3/IL33/IL6/ISL1/JAG1/KITLG/KLF5/LAMB1/LAMB2/LAMC1/LIF/LRRC8A/MAMSTR/MEDAG/MYRF/NBL1/NELL1/NUMBL/PDE5A/PDPN/PKDCC/PLA2G2A/PLXNA2/PLXNA3/PLXNB1/PRKCZ/RARRES2/ROR2/SERPINE1/SERPINE2/SFRP4/SH3GL3/SLIT2/SNAI2/TACSTD2/TGFB1I1/TGFB3/TNFSF4/VEGFC/WNT2/YAP1/ZBTB7C",80
"turquoise","GO:0030216","keratinocyte differentiation","18/840","44/4319",0.409090909090909,2.10340909090909,3.61450295490789,0.000811309637906959,0.0092997057134233,0.00764542415671721,"CDH3/CLIC4/CYP26B1/DSP/ERRFI1/EVPL/FOXC1/JAG1/KLK5/KRT5/KRT6A/KRT7/KRT80/PPL/SPRR2F/TGM1/WNT5A/YAP1",18
"turquoise","GO:0030326","embryonic limb morphogenesis","18/840","44/4319",0.409090909090909,2.10340909090909,3.61450295490789,0.000811309637906959,0.0092997057134233,0.00764542415671721,"ALDH1A2/BMP7/CRABP2/CYP26B1/DKK1/FBN2/FGF9/FRAS1/FZD6/GJA1/HAND2/MSX1/OSR1/PITX1/PRICKLE1/PRRX1/RDH10/WNT5A",18
"turquoise","GO:0035113","embryonic appendage morphogenesis","18/840","44/4319",0.409090909090909,2.10340909090909,3.61450295490789,0.000811309637906959,0.0092997057134233,0.00764542415671721,"ALDH1A2/BMP7/CRABP2/CYP26B1/DKK1/FBN2/FGF9/FRAS1/FZD6/GJA1/HAND2/MSX1/OSR1/PITX1/PRICKLE1/PRRX1/RDH10/WNT5A",18
"turquoise","GO:0008585","female gonad development","15/840","34/4319",0.441176470588235,2.26838235294118,3.64811049665861,0.00086300380530552,0.00979233274033537,0.00805042004452997,"ADAMTS1/AMHR2/FOXC1/FST/IMMP2L/KITLG/NPR2/NUPR1/PDGFRA/SLIT2/SLIT3/TNFAIP6/VGF/WT1/ZFPM2",15
"turquoise","GO:0014033","neural crest cell differentiation","15/840","34/4319",0.441176470588235,2.26838235294118,3.64811049665861,0.00086300380530552,0.00979233274033537,0.00805042004452997,"ALDH1A2/BMP7/CDH2/FOXC1/HAND2/HES1/ISL1/JAG1/KITLG/LAMA5/RDH10/SEMA3B/SEMA3C/SEMA4F/SNAI2",15
"turquoise","GO:0046545","development of primary female sexual characteristics","15/840","34/4319",0.441176470588235,2.26838235294118,3.64811049665861,0.00086300380530552,0.00979233274033537,0.00805042004452997,"ADAMTS1/AMHR2/FOXC1/FST/IMMP2L/KITLG/NPR2/NUPR1/PDGFRA/SLIT2/SLIT3/TNFAIP6/VGF/WT1/ZFPM2",15
"turquoise","GO:0043408","regulation of MAPK cascade","57/840","199/4319",0.28643216080402,1.47273869346734,3.35469335494285,0.00087421654622684,0.00988627436504849,0.00812765082892632,"ACKR3/ACTA2/ANKRD6/ARHGEF5/BCAR3/BMP2/C1QTNF1/CAV1/CAV2/CD24/CDH2/CHI3L1/CNKSR3/CSPG4/DKK1/DOK4/EFNA1/EGFR/ERBB2/FAS/FBLN1/FERMT2/FGF1/FGF2/FGF9/GADD45A/GAS6/GDF15/GPER1/HAND2/IGFBP3/IGFBP4/IGFBP6/IL6/LIF/MAGED1/MID1/NDRG4/PAQR3/PDE5A/PDGFC/PDGFD/PDGFRA/PDGFRB/PLA2G2A/PRKCZ/SH3RF2/SPRY1/SPRY4/TEK/TGFB3/TNFAIP8L3/TPBG/TPD52L1/UCHL1/WNT5A/WWC1",57
"turquoise","GO:0001667","ameboidal-type cell migration","28/840","81/4319",0.345679012345679,1.77736625514403,3.47009580458837,0.000894203076521531,0.0100784761467477,0.00828566272629702,"ACTA2/AMOT/AQP1/BMP7/CD248/CDH2/DDR2/FBN2/FGF2/GJA1/HAND2/HAS1/HAS2/ISL1/ITGA3/ITGB4/KANK1/KANK2/KITLG/LAMA5/PDLIM1/PFN2/SEMA3B/SEMA3C/SEMA4F/TACSTD2/TPBG/WNT5A",28
"turquoise","GO:0003231","cardiac ventricle development","17/840","41/4319",0.414634146341463,2.13191056910569,3.57797581791057,0.000940468811694164,0.0105042865497064,0.00863572768977894,"CPE/DSP/FOXC1/HAND1/HAND2/HEG1/HES1/ISL1/JAG1/LMO4/PKP2/PTK7/SEMA3C/SLIT2/SLIT3/TPM1/ZFPM2",17
"turquoise","GO:0021782","glial cell development","17/840","41/4319",0.414634146341463,2.13191056910569,3.57797581791057,0.000940468811694164,0.0105042865497064,0.00863572768977894,"ADGRG6/ANO1/ARHGEF10/CNTNAP1/COL6A1/EGFR/ERBB2/ERBB3/ID4/IL6/ITGB4/LAMB2/MYRF/PHGDH/ROR1/ROR2/WASF3",17
"turquoise","GO:0010562","positive regulation of phosphorus metabolic process","50/840","170/4319",0.294117647058824,1.51225490196078,3.34805523298813,0.000944925822510482,0.0105042865497064,0.00863572768977894,"ADGRF5/ARHGEF5/BMP2/C3/CARD10/CAV1/CCND1/CCND2/CD24/CEMIP/CHI3L1/CLIP3/CSPG4/DDR2/EEF1A2/EFNA1/EGFR/ERBB2/FAS/FAXDC2/FERMT2/FGF1/FGF2/GAS6/GPER1/GRB10/HES1/IL6/ITGA6/ITLN1/KITLG/LIF/LIMCH1/LMO4/MAGED1/NKX3-1/PDE5A/PDGFRB/PFN2/RARRES2/SLC4A4/SPATA18/TEK/TPD52L1/TRIM6/UCHL1/VEGFC/VTN/WNT5A/YES1",50
"turquoise","GO:0045937","positive regulation of phosphate metabolic process","50/840","170/4319",0.294117647058824,1.51225490196078,3.34805523298813,0.000944925822510482,0.0105042865497064,0.00863572768977894,"ADGRF5/ARHGEF5/BMP2/C3/CARD10/CAV1/CCND1/CCND2/CD24/CEMIP/CHI3L1/CLIP3/CSPG4/DDR2/EEF1A2/EFNA1/EGFR/ERBB2/FAS/FAXDC2/FERMT2/FGF1/FGF2/GAS6/GPER1/GRB10/HES1/IL6/ITGA6/ITLN1/KITLG/LIF/LIMCH1/LMO4/MAGED1/NKX3-1/PDE5A/PDGFRB/PFN2/RARRES2/SLC4A4/SPATA18/TEK/TPD52L1/TRIM6/UCHL1/VEGFC/VTN/WNT5A/YES1",50
"turquoise","GO:0045667","regulation of osteoblast differentiation","19/840","48/4319",0.395833333333333,2.03524305555556,3.54365885894323,0.000947567688756899,0.0105042865497064,0.00863572768977894,"BAMBI/BMP2/BMP7/CRIM1/CTHRC1/DDR2/FBN2/FERMT2/FGF2/HAND2/ID3/IGFBP5/IL6/JAG1/NELL1/SNAI2/TNFAIP6/VEGFC/YAP1",19
"turquoise","GO:0010001","glial cell differentiation","30/840","89/4319",0.337078651685393,1.73314606741573,3.4337531960306,0.000953321005347807,0.0105334156984331,0.00865967518921631,"ADGRG6/ANO1/ARHGEF10/BMP2/CDH2/CNTNAP1/COL6A1/EGFR/ERBB2/ERBB3/FGF2/GPC1/HES1/ID4/IL33/IL6/ITGB4/LAMB2/LIF/MYRF/NFIB/PHGDH/ROR1/ROR2/SERPINE2/TMEM98/TNFRSF21/VPS13A/VTN/WASF3",30
"turquoise","GO:0007422","peripheral nervous system development","14/840","31/4319",0.451612903225806,2.32204301075269,3.62955006027307,0.000965107089549903,0.0105597756226726,0.00868134606867855,"ADGRG6/ARHGEF10/CLDN1/CNTNAP1/COL6A1/ERBB2/ERBB3/GPC1/GSTM3/HAND2/ISL1/ITGB4/LAMB2/PMP22",14
"turquoise","GO:0061333","renal tubule morphogenesis","14/840","31/4319",0.451612903225806,2.32204301075269,3.62955006027307,0.000965107089549903,0.0105597756226726,0.00868134606867855,"AHI1/BMP2/COL4A1/FGF1/FGF2/HES1/LAMA5/LZTS2/MAGED1/OSR1/PKD2/TACSTD2/WNT2B/WT1",14
"turquoise","GO:0072088","nephron epithelium morphogenesis","14/840","31/4319",0.451612903225806,2.32204301075269,3.62955006027307,0.000965107089549903,0.0105597756226726,0.00868134606867855,"AHI1/BMP2/FGF1/FGF2/HES1/LAMA5/LIF/LZTS2/MAGED1/OSR1/PKD2/TACSTD2/WNT2B/WT1",14
"turquoise","GO:0009952","anterior/posterior pattern specification","22/840","59/4319",0.372881355932203,1.91723163841808,3.48541086377123,0.00100278480324973,0.0109009671947568,0.00896184465300637,"ALDH1A2/BMP2/COBL/DKK1/FOXC1/HES1/HES4/HOXA5/HOXB5/HOXC4/HOXC8/MSX1/NKX3-1/OSR1/PCSK5/PLXNA2/PRICKLE1/SEMA3C/WNT2/WNT2B/WNT5A/WT1",22
"turquoise","GO:0060071","Wnt signaling pathway, planar cell polarity pathway","8/840","13/4319",0.615384615384615,3.16410256410256,3.83942555025396,0.00100599430194937,0.0109009671947568,0.00896184465300637,"ANKRD6/CTHRC1/DKK1/FZD6/PLEKHA4/PRICKLE1/WNT5A/ZNRF3",8
"turquoise","GO:0072207","metanephric epithelium development","8/840","13/4319",0.615384615384615,3.16410256410256,3.83942555025396,0.00100599430194937,0.0109009671947568,0.00896184465300637,"AQP1/HES1/LAMB2/LIF/OSR1/PKD2/WT1/YAP1",8
"turquoise","GO:0035265","organ growth","20/840","52/4319",0.384615384615385,1.9775641025641,3.48449096985431,0.00107546193910141,0.0115792547436797,0.0095194747728768,"ACACB/BNC2/DDR2/FGF2/FGF9/FOXC1/HEG1/MEIS1/NDRG4/NPR2/PI16/RGS4/SMPD3/SORBS2/TSKU/WNT2/WT1/WWC1/YAP1/ZFPM2",20
"turquoise","GO:0098754","detoxification","20/840","52/4319",0.384615384615385,1.9775641025641,3.48449096985431,0.00107546193910141,0.0115792547436797,0.0095194747728768,"ATP7B/BMP7/GPX8/GSTM3/GSTT1/HP/MT1A/MT1E/MT1F/MT1G/MT1H/MT1M/MT1X/MT2A/NQO1/NXN/PTGS1/PXDN/RAB40B/SLC22A5",20
"turquoise","GO:0002062","chondrocyte differentiation","16/840","38/4319",0.421052631578947,2.16491228070175,3.54377512819918,0.00108473950741411,0.0116419494903998,0.00957101704161557,"BMP2/COL3A1/EFEMP1/FGF9/NFIB/NPR2/OSR1/PKDCC/PTHLH/SERPINH1/SLC39A14/SMPD3/SNAI2/SULF1/TSKU/WNT2B",16
"turquoise","GO:0003208","cardiac ventricle morphogenesis","12/840","25/4319",0.48,2.468,3.61675247660507,0.00115092021923328,0.0121586242596117,0.00999578293028209,"CPE/DSP/FOXC1/HAND1/HAND2/HEG1/ISL1/JAG1/PKP2/SEMA3C/TPM1/ZFPM2",12
"turquoise","GO:0006721","terpenoid metabolic process","12/840","25/4319",0.48,2.468,3.61675247660507,0.00115092021923328,0.0121586242596117,0.00999578293028209,"ADH1A/ADH1B/ALDH1A2/ALDH1A3/CRABP2/CYP26B1/CYP2S1/EGFR/HSD17B6/RARRES2/RBP1/RDH10",12
"turquoise","GO:0042698","ovulation cycle","12/840","25/4319",0.48,2.468,3.61675247660507,0.00115092021923328,0.0121586242596117,0.00999578293028209,"ADAMTS1/AXL/CA12/EGFR/HAS2/NPR2/PDGFRA/SLIT2/SLIT3/TGFB3/TNFAIP6/TYRO3",12
"turquoise","GO:0048146","positive regulation of fibroblast proliferation","12/840","25/4319",0.48,2.468,3.61675247660507,0.00115092021923328,0.0121586242596117,0.00999578293028209,"AQP1/CD248/DDR2/EGFR/FBLN1/GAS6/LIF/PDGFC/PDGFD/PDGFRA/WNT2/WNT5A",12
"turquoise","GO:0072171","mesonephric tubule morphogenesis","12/840","25/4319",0.48,2.468,3.61675247660507,0.00115092021923328,0.0121586242596117,0.00999578293028209,"BMP2/FGF1/FGF2/HES1/LAMA5/LZTS2/MAGED1/OSR1/PKD2/TACSTD2/WNT2B/WT1",12
"turquoise","GO:0014037","Schwann cell differentiation","9/840","16/4319",0.5625,2.8921875,3.7255657734203,0.00116929085213353,0.0122757326220872,0.0100920594288095,"ADGRG6/ARHGEF10/CNTNAP1/COL6A1/ERBB2/ERBB3/GPC1/ITGB4/LAMB2",9
"turquoise","GO:0060425","lung morphogenesis","9/840","16/4319",0.5625,2.8921875,3.7255657734203,0.00116929085213353,0.0122757326220872,0.0100920594288095,"COL6A1/HOXA5/LIF/NFIB/RDH10/SPRY1/WNT2/WNT2B/YAP1",9
"turquoise","GO:0001523","retinoid metabolic process","11/840","22/4319",0.5,2.57083333333333,3.62921351685147,0.00121190815533443,0.0126076281336151,0.0103649155857176,"ADH1A/ADH1B/ALDH1A2/ALDH1A3/CRABP2/CYP26B1/CYP2S1/HSD17B6/RARRES2/RBP1/RDH10",11
"turquoise","GO:0045103","intermediate filament-based process","11/840","22/4319",0.5,2.57083333333333,3.62921351685147,0.00121190815533443,0.0126076281336151,0.0103649155857176,"DSP/EVPL/FAM83H/KRT19/KRT5/KRT6A/KRT7/KRT80/PKP2/PPL/SYNC",11
"turquoise","GO:0042327","positive regulation of phosphorylation","46/840","155/4319",0.296774193548387,1.52591397849462,3.27626445882692,0.00121647087235678,0.0126076281336151,0.0103649155857176,"ARHGEF5/BMP2/C3/CARD10/CAV1/CCND1/CCND2/CD24/CEMIP/CHI3L1/CLIP3/CSPG4/DDR2/EEF1A2/EFNA1/EGFR/ERBB2/FAS/FAXDC2/FERMT2/FGF1/FGF2/GAS6/GPER1/GRB10/HES1/IL6/ITGA6/ITLN1/KITLG/LIF/LIMCH1/LMO4/MAGED1/NKX3-1/PDE5A/PDGFRB/PFN2/RARRES2/TEK/TPD52L1/TRIM6/VEGFC/VTN/WNT5A/YES1",46
"turquoise","GO:0001558","regulation of cell growth","35/840","110/4319",0.318181818181818,1.63598484848485,3.31976541841512,0.00122003067366298,0.0126076281336151,0.0103649155857176,"BCAR1/BDKRB1/CAPRIN2/CDH1/CRABP2/CRYAB/CTTN/DCBLD2/DNAJB2/EGFR/ERBB2/FHL1/GJA1/HSPA1B/HYAL1/IGFBP3/IGFBP4/IGFBP5/IGFBP7/MEG3/MSX1/PI16/PLXNA3/RERG/RGS4/RTN4R/SEMA4F/SERPINE2/SH3BP4/SLIT2/SLIT3/SYT4/WNT5A/WT1/YAP1",35
"turquoise","GO:0030857","negative regulation of epithelial cell differentiation","10/840","19/4319",0.526315789473684,2.70614035087719,3.66193873903953,0.00122709258985927,0.0126076281336151,0.0103649155857176,"CAV1/CCND1/FST/HES1/JAG1/MSX1/OSR1/S1PR3/SPRY1/YAP1",10
"turquoise","GO:0035850","epithelial cell differentiation involved in kidney development","10/840","19/4319",0.526315789473684,2.70614035087719,3.66193873903953,0.00122709258985927,0.0126076281336151,0.0103649155857176,"ACTA2/CD24/CD34/JAG1/LAMB2/LIF/OSR1/PODXL/WT1/YAP1",10
"turquoise","GO:0060324","face development","10/840","19/4319",0.526315789473684,2.70614035087719,3.66193873903953,0.00122709258985927,0.0126076281336151,0.0103649155857176,"ALDH1A2/ALDH1A3/COL1A1/CRISPLD2/DKK1/MSX1/PDGFRA/PRICKLE1/TGFB3/WNT5A",10
"turquoise","GO:0150115","cell-substrate junction organization","15/840","35/4319",0.428571428571429,2.20357142857143,3.51265023762973,0.00124330049594643,0.0127353272685091,0.0104698989132331,"CDH11/COL16A1/COL17A1/CTTN/FERMT2/ITGA6/ITGB4/LAMC1/LIMCH1/PHLDB2/PRICKLE1/PTPRK/RHOD/TEK/THY1",15
"turquoise","GO:0030177","positive regulation of Wnt signaling pathway","19/840","49/4319",0.387755102040816,1.9937074829932,3.43713357685114,0.00127134344841523,0.0129831133974525,0.0106736075158816,"ANKRD6/BAMBI/BMP2/CAPRIN2/CDH3/COL1A1/DIXDC1/DKK1/EGFR/FGF2/FGF9/KANK1/PLEKHA4/PTK7/SFRP4/SULF1/TMEM132A/WNT5A/YAP1",19
"turquoise","GO:0048144","fibroblast proliferation","17/840","42/4319",0.404761904761905,2.08115079365079,3.45935426287723,0.00129915625757266,0.0132270591783077,0.010874158912168,"AQP1/CAV1/CD248/COL3A1/DDR2/EGFR/FBLN1/GAS6/LIF/LZTS2/NUPR1/PAWR/PDGFC/PDGFD/PDGFRA/WNT2/WNT5A",17
"turquoise","GO:0051241","negative regulation of multicellular organismal process","90/840","348/4319",0.258620689655172,1.32974137931034,3.15185969301619,0.00137973861752953,0.0140051781357667,0.0115138618939053,"ADAMTS1/ADGRF5/AMOT/APOA1/AXL/BMP2/BMP7/C1QTNF1/CD200/CD24/CD34/CDH1/CDH3/CTSK/DCN/DKK1/EFEMP1/EFNA1/EFNB3/EGFR/ERBB2/FBLN1/FOXC1/FSTL3/GADD45A/GAS6/GATA5/GDF15/GJA1/GPER1/HDAC9/HES1/HOXA5/ID1/ID4/IGFBP5/IL33/IL6/LAMA4/LMNA/LRRC17/NFIB/NKX3-1/OSR1/PAWR/PDE5A/PDGFRA/PFN2/PI16/PLAT/PLAU/PLXNA3/PRICKLE1/PROCR/PROS1/PTHLH/RAB11FIP5/RAP1GAP/RGS4/RTN4R/SEMA4F/SERPINE1/SERPINE2/SLC2A10/SNAI2/SPARC/SPRY1/SULF1/SVEP1/SYT4/TACSTD2/TEK/TGFB3/THBS2/THY1/TMEM98/TNFAIP6/TNFRSF11B/TNFRSF21/TNFSF4/TNNT1/TSC22D1/TSKU/TYRO3/VASN/VTN/WNT5A/WT1/WWC1/ZFPM2",90
"turquoise","GO:0007044","cell-substrate junction assembly","14/840","32/4319",0.4375,2.24947916666667,3.48562782906387,0.00141363562103876,0.0142633294697623,0.0117260918833092,"CDH11/COL16A1/COL17A1/CTTN/FERMT2/ITGA6/ITGB4/LAMC1/LIMCH1/PHLDB2/PTPRK/RHOD/TEK/THY1",14
"turquoise","GO:0042475","odontogenesis of dentin-containing tooth","14/840","32/4319",0.4375,2.24947916666667,3.48562782906387,0.00141363562103876,0.0142633294697623,0.0117260918833092,"BMP2/BMP7/FOXC1/FST/HAND1/HAND2/KLK5/LAMA5/MSX1/PDGFRA/PERP/SERPINE1/SMPD3/TNFRSF11B",14
"turquoise","GO:1902904","negative regulation of supramolecular fiber organization","20/840","53/4319",0.377358490566038,1.94025157232704,3.38396081353068,0.00141834697387228,0.0142681471699988,0.0117300525851747,"ARHGAP28/CAMSAP2/CGNL1/CLIP3/CRYAB/DIAPH3/EML2/KANK1/KANK2/LIMA1/MID1/PFN2/PHLDB2/RHPN2/SLIT2/SPTBN1/SSH3/TACSTD2/TJP1/TMOD1",20
"turquoise","GO:0050878","regulation of body fluid levels","37/840","119/4319",0.310924369747899,1.59866946778711,3.25379129394863,0.00143634789297377,0.0144062273789333,0.0118435703455732,"ANO1/ANXA8/AQP1/ATP7B/AXL/C1QTNF1/CAV1/CCND1/CD59/COL3A1/EGFR/FBLN1/FZD6/GAS6/GGCX/GJA1/HAS2/HEG1/IL6/ITPR3/MYL9/PDGFRA/PDPN/PLAT/PLAU/PRICKLE1/PROCR/PROS1/PRRG1/SCNN1A/SERPINE1/SERPINE2/STXBP1/SVEP1/TFPI2/TYRO3/VTN",37
"turquoise","GO:0044057","regulation of system process","45/840","152/4319",0.296052631578947,1.52220394736842,3.22035642672053,0.00144784752513599,0.0144784752513599,0.0119029663787535,"ACACB/APOA1/AQP1/C1QTNF1/CACNA1H/CAV1/CLDN15/CTTN/CXADR/DSG2/DSP/EGFR/EPAS1/FBXO32/GAS6/GATA5/GJA1/GPER1/HAND2/HSPB7/IGFBP5/ISL1/LMCD1/LMNA/MYL9/MYRF/NKX3-1/NLGN2/NMU/ORMDL3/PDE5A/PI16/PKP2/PRKCZ/RGS4/SLC22A5/SVEP1/THRA/TMEM98/TNFRSF21/TNNT1/TPM1/TRPC1/UNC13B/WASF3",45
"turquoise","GO:0001763","morphogenesis of a branching structure","24/840","68/4319",0.352941176470588,1.81470588235294,3.32708199103114,0.00147532048798643,0.0147095563447168,0.0120929415271887,"BMP2/BMP7/BTRC/CLIC4/COL4A1/FGF1/FGF2/HOXA5/LAMA5/MAGED1/NKX3-1/PKD2/RDH10/SEMA3C/SLIT2/SNAI2/SPRY1/SULF1/TACSTD2/WNT2/WNT2B/WNT5A/WT1/YAP1",24
"turquoise","GO:0014910","regulation of smooth muscle cell migration","16/840","39/4319",0.41025641025641,2.10940170940171,3.41942432926236,0.00151344277432842,0.0150008886749611,0.0123324500991715,"ADAMTS1/DDR2/FAT1/FGF9/HAS2/IGFBP3/IGFBP5/NDRG4/PDGFD/PDGFRB/PLAU/POSTN/SERPINE1/SLIT2/TPM1/VTN",16
"turquoise","GO:0048145","regulation of fibroblast proliferation","16/840","39/4319",0.41025641025641,2.10940170940171,3.41942432926236,0.00151344277432842,0.0150008886749611,0.0123324500991715,"AQP1/CAV1/CD248/DDR2/EGFR/FBLN1/GAS6/LIF/LZTS2/NUPR1/PAWR/PDGFC/PDGFD/PDGFRA/WNT2/WNT5A",16
"turquoise","GO:0048644","muscle organ morphogenesis","13/840","29/4319",0.448275862068966,2.30488505747126,3.46414736357031,0.00159053030342936,0.0156270761590582,0.0128472479933285,"BMP2/COL3A1/DSP/EFEMP2/FOXC1/HAND1/HEG1/ISL1/LIF/PKP2/TPM1/WNT2/ZFPM2",13
"turquoise","GO:0071230","cellular response to amino acid stimulus","13/840","29/4319",0.448275862068966,2.30488505747126,3.46414736357031,0.00159053030342936,0.0156270761590582,0.0128472479933285,"COL16A1/COL1A1/COL1A2/COL3A1/COL4A1/COL5A2/COL6A1/EGFR/PDGFC/PDGFD/PDGFRA/SH3BP4/STAMBPL1",13
"turquoise","GO:0072078","nephron tubule morphogenesis","13/840","29/4319",0.448275862068966,2.30488505747126,3.46414736357031,0.00159053030342936,0.0156270761590582,0.0128472479933285,"AHI1/BMP2/FGF1/FGF2/HES1/LAMA5/LZTS2/MAGED1/OSR1/PKD2/TACSTD2/WNT2B/WT1",13
"turquoise","GO:0009612","response to mechanical stimulus","26/840","76/4319",0.342105263157895,1.75899122807018,3.27990137238454,0.00160429940697511,0.0156427644548221,0.0128601455708548,"AQP1/BACE1/BDKRB1/CDH2/CHI3L1/COL1A1/COL6A1/DDR2/EGFR/FAS/FGF2/FOSB/GADD45A/IGFBP2/IL33/KRT5/LRP11/MEIS2/PIEZO2/PKD2/POSTN/PPL/SERPINE2/SLC2A1/STRBP/USP53",26
"turquoise","GO:0031639","plasminogen activation","7/840","11/4319",0.636363636363636,3.2719696969697,3.70693334926235,0.0016292612236328,0.0156427644548221,0.0128601455708548,"CLEC3B/DHCR24/MELTF/PLAT/PLAU/SERPINE1/SERPINE2",7
"turquoise","GO:0035633","maintenance of blood-brain barrier","7/840","11/4319",0.636363636363636,3.2719696969697,3.70693334926235,0.0016292612236328,0.0156427644548221,0.0128601455708548,"CLDN1/CLDN12/GJA1/IL6/JAM3/LAMC1/TJP1",7
"turquoise","GO:0048048","embryonic eye morphogenesis","7/840","11/4319",0.636363636363636,3.2719696969697,3.70693334926235,0.0016292612236328,0.0156427644548221,0.0128601455708548,"ALDH1A3/BMP7/EFEMP1/FBN2/MFAP2/MFAP5/WNT5A",7
"turquoise","GO:0060343","trabecula formation","7/840","11/4319",0.636363636363636,3.2719696969697,3.70693334926235,0.0016292612236328,0.0156427644548221,0.0128601455708548,"ADAMTS1/ADGRG6/COL1A1/FBN2/FHL2/SLC40A1/TEK",7
"turquoise","GO:0060973","cell migration involved in heart development","7/840","11/4319",0.636363636363636,3.2719696969697,3.70693334926235,0.0016292612236328,0.0156427644548221,0.0128601455708548,"BMP7/FLRT3/HAND2/NDRG4/PDGFRB/SEMA3C/SNAI2",7
"turquoise","GO:0072109","glomerular mesangium development","7/840","11/4319",0.636363636363636,3.2719696969697,3.70693334926235,0.0016292612236328,0.0156427644548221,0.0128601455708548,"ACTA2/BMP7/CD34/PDGFD/PDGFRB/SERPINB7/WT1",7
"turquoise","GO:0097205","renal filtration","7/840","11/4319",0.636363636363636,3.2719696969697,3.70693334926235,0.0016292612236328,0.0156427644548221,0.0128601455708548,"ADGRF5/AQP1/CD34/GAS6/ITGA3/RHPN2/SULF1",7
"turquoise","GO:0051494","negative regulation of cytoskeleton organization","19/840","50/4319",0.38,1.95383333333333,3.33309865188887,0.00168471828529684,0.0161292631291203,0.0132601032503029,"ARHGAP28/CAMSAP2/CGNL1/CLIP3/DIAPH3/EML2/KANK1/KANK2/LIMA1/MID1/PFN2/PHLDB2/RHPN2/SLIT2/SPTBN1/SSH3/TACSTD2/TJP1/TMOD1",19
"turquoise","GO:0010038","response to metal ion","31/840","96/4319",0.322916666666667,1.66032986111111,3.21469489556182,0.00175101082192192,0.0167078472549445,0.0137357657270073,"AQP1/ATP7B/BACE1/CACNA1H/CAV1/CDH1/CLDN1/CLIC4/CRIP1/EGFR/FOSB/ITPR3/MAOB/MAP1LC3A/MT1A/MT1E/MT1F/MT1G/MT1H/MT1M/MT1X/MT2A/NQO1/PKD2/S100A16/SLC25A23/SMPD3/TNFRSF11B/TRPC1/VCAM1/WNT5A",31
"turquoise","GO:0044344","cellular response to fibroblast growth factor stimulus","15/840","36/4319",0.416666666666667,2.14236111111111,3.38169449898072,0.00175506763449565,0.0167078472549445,0.0137357657270073,"COL1A1/FGF1/FGF2/FGF9/FGFBP1/FLRT2/FLRT3/GPC1/HYAL1/POSTN/SMOC2/SPRY1/SPRY4/SULF1/WNT5A",15
"turquoise","GO:0051147","regulation of muscle cell differentiation","17/840","43/4319",0.395348837209302,2.0327519379845,3.3439913532736,0.00176708012943377,0.0167748170033572,0.013790822537197,"BMP2/CYP26B1/DKK1/EFEMP2/EFNB2/FGF9/GPER1/HDAC9/LAMB1/LAMB2/LAMC1/MAMSTR/MSX1/PI16/RBPMS2/RGS4/SIK1",17
"turquoise","GO:0003176","aortic valve development","8/840","14/4319",0.571428571428571,2.93809523809524,3.56866927778553,0.0019497944542114,0.0182016823010871,0.0149638693788728,"BMP2/CDH11/EFNA1/GATA5/JAG1/SLIT2/SLIT3/SNAI2",8
"turquoise","GO:0007431","salivary gland development","8/840","14/4319",0.571428571428571,2.93809523809524,3.56866927778553,0.0019497944542114,0.0182016823010871,0.0149638693788728,"BMP7/EGFR/LAMA5/NFIB/NKX3-1/SEMA3C/SNAI2/TGFB3",8
"turquoise","GO:0007435","salivary gland morphogenesis","8/840","14/4319",0.571428571428571,2.93809523809524,3.56866927778553,0.0019497944542114,0.0182016823010871,0.0149638693788728,"BMP7/EGFR/LAMA5/NFIB/NKX3-1/SEMA3C/SNAI2/TGFB3",8
"turquoise","GO:0040036","regulation of fibroblast growth factor receptor signaling pathway","8/840","14/4319",0.571428571428571,2.93809523809524,3.56866927778553,0.0019497944542114,0.0182016823010871,0.0149638693788728,"FGF2/FGFBP1/GPC1/SMOC2/SPRY1/SPRY4/SULF1/WNT5A",8
"turquoise","GO:0048286","lung alveolus development","8/840","14/4319",0.571428571428571,2.93809523809524,3.56866927778553,0.0019497944542114,0.0182016823010871,0.0149638693788728,"COL6A1/ERRFI1/HOXA5/IGFBP5/LIF/PKDCC/SMPD3/TGFB3",8
"turquoise","GO:1905314","semi-lunar valve development","8/840","14/4319",0.571428571428571,2.93809523809524,3.56866927778553,0.0019497944542114,0.0182016823010871,0.0149638693788728,"BMP2/CDH11/EFNA1/GATA5/JAG1/SLIT2/SLIT3/SNAI2",8
"turquoise","GO:0050678","regulation of epithelial cell proliferation","38/840","125/4319",0.304,1.56306666666667,3.13873289611959,0.001969539936087,0.0183352198469977,0.0150736525495231,"ALDH1A2/ATOH8/CAV1/CAV2/CCND1/CDH3/CLDN1/EFNB2/EGFR/ERBB2/FGF1/FGF2/FGF9/FGFBP1/HAS2/HES1/HOXA5/JAG1/LAMA5/LAMB1/LAMC1/MAGED1/NFIB/NKX3-1/NUPR1/OSR1/PTPRK/RAP1GAP/SGPP2/SNAI2/SPARC/SULF1/TACSTD2/TEK/TGM1/WNT2/WNT5A/YAP1",38
"turquoise","GO:0033002","muscle cell proliferation","26/840","77/4319",0.337662337662338,1.73614718614719,3.20242107019542,0.00198566794441686,0.0183530165481962,0.0150882834780111,"ADAMTS1/BMP2/CAV2/DDR2/EFEMP2/EGFR/FGF2/FGF9/FOXC1/GJA1/GPER1/IGFBP3/IGFBP5/IL6/NDRG4/OGN/PDGFD/PDGFRB/RBPMS2/SIX5/SMPD3/TGFB3/TPM1/WNT2/YAP1/ZFPM2",26
"turquoise","GO:0009913","epidermal cell differentiation","21/840","58/4319",0.362068965517241,1.86163793103448,3.24591233695185,0.00199567960647848,0.0183530165481962,0.0150882834780111,"CDH3/CLIC4/CYP26B1/DSP/ERRFI1/EVPL/FGF2/FOXC1/HES1/JAG1/KLK5/KRT5/KRT6A/KRT7/KRT80/PPL/SFRP4/SPRR2F/TGM1/WNT5A/YAP1",21
"turquoise","GO:0071248","cellular response to metal ion","21/840","58/4319",0.362068965517241,1.86163793103448,3.24591233695185,0.00199567960647848,0.0183530165481962,0.0150882834780111,"AQP1/BACE1/CACNA1H/CDH1/CLDN1/CLIC4/FOSB/MAP1LC3A/MT1A/MT1E/MT1F/MT1G/MT1H/MT1M/MT1X/MT2A/NQO1/PKD2/SLC25A23/SMPD3/WNT5A",21
"turquoise","GO:0051129","negative regulation of cellular component organization","64/840","236/4319",0.271186440677966,1.39435028248588,3.06127408797925,0.00201535329422663,0.0183530165481962,0.0150882834780111,"ANTXR1/APOA1/ARHGAP28/ARHGAP44/BMP7/CAMSAP2/CAV1/CDC20/CDH1/CGNL1/CLIP3/CRYAB/DIAPH3/DKK1/DNAJB2/DPP4/DPYSL3/EFNA1/EFNB2/EFNB3/EML2/FEZ1/HES1/HSPA1B/HSPA2/ISL1/ITGA3/JAM3/KANK1/KANK2/LIF/LIMA1/LMNA/LMO4/MGARP/MID1/NGEF/NR2F1/NUPR1/PAQR3/PFN2/PHLDB2/PLXNA3/PMP22/PRKCZ/RAP1GAP/RHPN2/RTN4R/SEMA4F/SH3GL3/SLIT2/SPTBN1/SSH3/STXBP1/TACSTD2/THRA/THY1/TJP1/TMEM14A/TMOD1/TPR/TSKU/WNT5A/YAP1",64
"turquoise","GO:0043200","response to amino acid","14/840","33/4319",0.424242424242424,2.18131313131313,3.34695340092356,0.00202350182510065,0.0183530165481962,0.0150882834780111,"COL16A1/COL1A1/COL1A2/COL3A1/COL4A1/COL5A2/COL6A1/EGFR/NQO1/PDGFC/PDGFD/PDGFRA/SH3BP4/STAMBPL1",14
"turquoise","GO:0071229","cellular response to acid chemical","14/840","33/4319",0.424242424242424,2.18131313131313,3.34695340092356,0.00202350182510065,0.0183530165481962,0.0150882834780111,"COL16A1/COL1A1/COL1A2/COL3A1/COL4A1/COL5A2/COL6A1/EGFR/PDGFC/PDGFD/PDGFRA/PKD2/SH3BP4/STAMBPL1",14
"turquoise","GO:0001738","morphogenesis of a polarized epithelium","10/840","20/4319",0.5,2.57083333333333,3.4595143104528,0.00203135761794575,0.0183530165481962,0.0150882834780111,"AHI1/CTHRC1/FAT1/FZD6/LAMA5/PTK7/SAPCD2/TTC8/WNT5A/YAP1",10
"turquoise","GO:0030514","negative regulation of BMP signaling pathway","10/840","20/4319",0.5,2.57083333333333,3.4595143104528,0.00203135761794575,0.0183530165481962,0.0150882834780111,"BAMBI/CAV1/CRIM1/DKK1/FSTL3/HTRA1/NBL1/RBPMS2/TNFAIP6/WNT5A",10
"turquoise","GO:0034332","adherens junction organization","10/840","20/4319",0.5,2.57083333333333,3.4595143104528,0.00203135761794575,0.0183530165481962,0.0150882834780111,"CDH1/CDH11/CDH2/CDH3/DSP/EFNB2/FERMT2/JAM3/NUMBL/TJP1",10
"turquoise","GO:0072132","mesenchyme morphogenesis","10/840","20/4319",0.5,2.57083333333333,3.4595143104528,0.00203135761794575,0.0183530165481962,0.0150882834780111,"ACTA2/BMP2/BMP7/FOXC1/GATA5/ISL1/MSX1/OSR1/SNAI2/WNT5A",10
"turquoise","GO:2000242","negative regulation of reproductive process","10/840","20/4319",0.5,2.57083333333333,3.4595143104528,0.00203135761794575,0.0183530165481962,0.0150882834780111,"BMP7/GJA1/LIF/NKX3-1/NPR2/PLAT/SULF1/WNT5A/WT1/ZFPM2",10
"turquoise","GO:0051258","protein polymerization","28/840","85/4319",0.329411764705882,1.69372549019608,3.17376989391571,0.00206540109697716,0.018610699724099,0.0153001285877959,"ARHGAP28/BAIAP2L1/BAIAP2L2/CAMSAP2/CDC42EP1/CDC42EP2/CDC42EP4/CDC42EP5/CLIP3/COBL/CTTN/DIAPH3/EML2/HSPA1B/KANK1/KANK2/KRT5/NCKAP1/NME7/PFN2/SLIT2/SPTBN1/SSH3/TMOD1/TPPP3/TRIM6/VTN/WASF3",28
"turquoise","GO:0051960","regulation of nervous system development","41/840","138/4319",0.297101449275362,1.52759661835749,3.0949612106164,0.00215721278140899,0.0193861521955955,0.0159376394124027,"BMP2/BMP7/CAPRIN2/CDH1/CRABP2/DBN1/DKK1/EFNB3/EGFR/FGF2/FLRT2/FLRT3/GJC2/GPER1/HES1/ID4/IL33/IL6/LIF/LRRN1/MYRF/NLGN2/NUMBL/PLXNA2/PLXNA3/PLXNB1/RTN4R/SEMA4F/SERPINE2/SLIT2/SYT4/THBS2/THY1/TMEM98/TNFRSF21/TPBG/VEGFC/WASF3/WNT2/WNT5A/YAP1",41
"turquoise","GO:0007266","Rho protein signal transduction","19/840","51/4319",0.372549019607843,1.91552287581699,3.23143802161848,0.00220639945974042,0.0197754419662905,0.0162576802296662,"APOA1/CDC42EP1/CDC42EP2/CDC42EP4/CDC42EP5/COL1A2/COL3A1/CTNNAL1/ERBB2/HEG1/ITGA3/KANK1/KANK2/PDPN/PLXNB1/RHOD/RTKN/RTN4R/TEK",19
"turquoise","GO:0007416","synapse assembly","23/840","66/4319",0.348484848484849,1.79179292929293,3.18485484367429,0.00222789709526697,0.0198100612428752,0.0162861412435569,"CDH1/CDH2/DCLK1/DKK1/EFNB3/FARP1/FLRT2/FLRT3/GPC4/LGI2/LRRN1/NECTIN3/NLGN2/PLXNA2/PLXNA3/PLXNB1/PRICKLE1/RAB17/RTN4R/THBS2/TPBG/VLDLR/WNT5A",23
"turquoise","GO:0016485","protein processing","23/840","66/4319",0.348484848484849,1.79179292929293,3.18485484367429,0.00222789709526697,0.0198100612428752,0.0162861412435569,"AEBP1/BACE1/BACE2/BCHE/BMP1/C1R/CLEC3B/CPE/DHCR24/DISP1/DPP4/GAS1/IMMP2L/MELTF/MYRF/PCSK5/PERP/PLAT/PLAU/SCG5/SERPINE1/SERPINE2/TMEM98",23
"turquoise","GO:0031214","biomineral tissue development","23/840","66/4319",0.348484848484849,1.79179292929293,3.18485484367429,0.00222789709526697,0.0198100612428752,0.0162861412435569,"BMP2/BMP7/CLEC3B/COL1A1/COL1A2/COL6A1/DDR2/FAM83H/FBN2/GAS6/GJA1/HACD1/LOX/MGP/NELL1/OSR1/PKDCC/PRICKLE1/PTHLH/ROR2/SLC24A3/SMPD3/TUFT1",23
"turquoise","GO:0051963","regulation of synapse assembly","17/840","44/4319",0.386363636363636,1.98655303030303,3.23171058910319,0.00236886155002475,0.021008061641009,0.0172710349021195,"DCLK1/DKK1/EFNB3/FARP1/FLRT2/FLRT3/GPC4/LRRN1/NECTIN3/NLGN2/PRICKLE1/RAB17/RTN4R/THBS2/TPBG/VLDLR/WNT5A",17
"turquoise","GO:0043491","phosphatidylinositol 3-kinase/protein kinase B signal transduction","35/840","114/4319",0.307017543859649,1.57858187134503,3.07601178531357,0.00243142813943051,0.0215063328868263,0.0176806709848904,"AKR1C2/AXL/C1QTNF1/CHI3L1/COL6A1/COL6A2/COL6A3/DCN/DDR2/EGFR/ERBB2/ERBB3/ERRFI1/FERMT2/FGF2/GAS6/GDF15/GPER1/IGFBP5/LOX/NKX3-1/PDGFC/PDGFD/PDGFRA/PDGFRB/PIK3C2B/PLXNB1/PROS1/ROR1/ROR2/SERPINE2/SMPD3/TEK/TPBG/TYRO3",35
"turquoise","GO:0007548","sex differentiation","27/840","82/4319",0.329268292682927,1.69298780487805,3.11284168685029,0.00248251113872736,0.0219006872709717,0.018004875494986,"ADAMTS1/AMHR2/AXL/DHCR24/FGF9/FOXC1/FST/GJA1/IMMP2L/KITLG/NKX3-1/NPR2/NUPR1/OSR1/PDGFRA/RDH10/ROR2/SLIT2/SLIT3/TFAP2C/TNFAIP6/TYRO3/VGF/WNT2B/WNT5A/WT1/ZFPM2",27
"turquoise","GO:0031401","positive regulation of protein modification process","53/840","190/4319",0.278947368421053,1.43425438596491,3.00782330657568,0.00250381841934897,0.0220309871363082,0.0181119969210567,"ARHGEF5/BMP2/BTRC/C3/CARD10/CAV1/CCND1/CCND2/CD24/CDC14B/CDC20/CEMIP/CHI3L1/CLIP3/CSPG4/DCUN1D4/DDR2/DNAJB2/EFNA1/EGFR/ERBB2/FAS/FAXDC2/FERMT2/FGF1/FGF2/GAS6/GPER1/HES1/IL6/ITLN1/KITLG/LIF/LIMCH1/MAGED1/NDFIP2/NDN/NKX3-1/NNMT/NUPR1/PDE5A/PDGFRB/PFN2/PRICKLE1/RAMP1/RARRES2/TEK/TPD52L1/TRIM6/VEGFC/VTN/WNT5A/YES1",53
"turquoise","GO:0048545","response to steroid hormone","32/840","102/4319",0.313725490196078,1.61307189542484,3.07867213267346,0.0025117321203901,0.0220430657440485,0.0181219269212356,"ANXA3/AQP1/BCHE/CAV1/CLDN1/COL1A1/DSG2/EGFR/ERRFI1/FBXO32/FOSB/GJB2/GPER1/HSPA1B/IGFBP2/IGFBP7/IL6/ISL1/KANK2/LOX/MAOB/MGARP/NKX3-1/PAPPA/PAQR7/PMEPA1/RBFOX2/SCNN1A/SLIT2/SLIT3/TGFB3/YAP1",32
"turquoise","GO:0008543","fibroblast growth factor receptor signaling pathway","12/840","27/4319",0.444444444444444,2.28518518518519,3.29133041980317,0.00262308399858781,0.0227829718434045,0.0187302145531284,"FGF1/FGF2/FGF9/FGFBP1/FLRT2/FLRT3/GPC1/SMOC2/SPRY1/SPRY4/SULF1/WNT5A",12
"turquoise","GO:0032355","response to estradiol","12/840","27/4319",0.444444444444444,2.28518518518519,3.29133041980317,0.00262308399858781,0.0227829718434045,0.0187302145531284,"ALDH1A2/BMP7/COL1A1/CRYAB/EGFR/ERRFI1/GJB2/GPER1/IGFBP2/NQO1/POSTN/STXBP1",12
"turquoise","GO:0055017","cardiac muscle tissue growth","12/840","27/4319",0.444444444444444,2.28518518518519,3.29133041980317,0.00262308399858781,0.0227829718434045,0.0187302145531284,"FGF2/FGF9/FOXC1/HEG1/MEIS1/NDRG4/PI16/RGS4/SORBS2/WNT2/YAP1/ZFPM2",12
"turquoise","GO:0060415","muscle tissue morphogenesis","12/840","27/4319",0.444444444444444,2.28518518518519,3.29133041980317,0.00262308399858781,0.0227829718434045,0.0187302145531284,"BMP2/COL3A1/DSP/EFEMP2/FOXC1/HAND1/HEG1/ISL1/PKP2/TPM1/WNT2/ZFPM2",12
"turquoise","GO:0032271","regulation of protein polymerization","22/840","63/4319",0.349206349206349,1.79550264550265,3.12510663541822,0.00267588309655871,0.0231818150010356,0.0190581093495941,"ARHGAP28/BAIAP2L1/BAIAP2L2/CAMSAP2/CDC42EP1/CDC42EP2/CDC42EP4/CDC42EP5/CLIP3/CTTN/EML2/HSPA1B/KANK1/KANK2/NCKAP1/NME7/PFN2/SLIT2/SPTBN1/SSH3/TMOD1/TPPP3",22
"turquoise","GO:0044703","multi-organism reproductive process","23/840","67/4319",0.343283582089552,1.76504975124378,3.10087456944881,0.00278399485109139,0.0240565708927641,0.0197772589691567,"COL16A1/DSG2/ERRFI1/FBLN1/FBN2/FOSB/GJA1/GJB2/IGFBP2/IGFBP5/IGFBP7/ITGA3/ITGB4/LIF/PAPPA/PCSK5/PTHLH/SERPINE2/SLC2A1/TEAD3/TEAD4/TGFB3/TPPP3",23
"turquoise","GO:0030282","bone mineralization","19/840","52/4319",0.365384615384615,1.8786858974359,3.13204327667396,0.00285754530495684,0.0246289710427227,0.0202478375088071,"BMP2/BMP7/CLEC3B/COL1A2/COL6A1/DDR2/FBN2/GJA1/LOX/MGP/NELL1/OSR1/PKDCC/PRICKLE1/PTHLH/ROR2/SLC24A3/SMPD3/TUFT1",19
"turquoise","GO:0043502","regulation of muscle adaptation","11/840","24/4319",0.458333333333333,2.35659722222222,3.27437720231135,0.00293090994352073,0.0251327392103431,0.0206619926914331,"ACACB/FBXO32/GATA5/HAND2/IGFBP5/LMCD1/LMNA/PDE5A/PI16/RGS4/TNNT1",11
"turquoise","GO:0060675","ureteric bud morphogenesis","11/840","24/4319",0.458333333333333,2.35659722222222,3.27437720231135,0.00293090994352073,0.0251327392103431,0.0206619926914331,"BMP2/FGF1/FGF2/HES1/LAMA5/LZTS2/MAGED1/PKD2/TACSTD2/WNT2B/WT1",11
"turquoise","GO:0043954","cellular component maintenance","10/840","21/4319",0.476190476190476,2.4484126984127,3.26905715069257,0.00321133409553334,0.0273287775301701,0.0224673879304725,"CBLN3/CLDN1/CNTNAP1/CTTN/FERMT2/ITGA3/NLGN2/PRICKLE1/TANC1/TJP1",10
"turquoise","GO:0045104","intermediate filament cytoskeleton organization","10/840","21/4319",0.476190476190476,2.4484126984127,3.26905715069257,0.00321133409553334,0.0273287775301701,0.0224673879304725,"DSP/EVPL/FAM83H/KRT19/KRT5/KRT6A/KRT7/KRT80/PKP2/PPL",10
"turquoise","GO:0055008","cardiac muscle tissue morphogenesis","10/840","21/4319",0.476190476190476,2.4484126984127,3.26905715069257,0.00321133409553334,0.0273287775301701,0.0224673879304725,"BMP2/DSP/FOXC1/HAND1/HEG1/ISL1/PKP2/TPM1/WNT2/ZFPM2",10
"turquoise","GO:0045109","intermediate filament organization","7/840","12/4319",0.583333333333333,2.99930555555556,3.40750190718036,0.00325772767842383,0.0275151435495948,0.0226206021622781,"DSP/KRT19/KRT5/KRT6A/KRT7/KRT80/PKP2",7
"turquoise","GO:0072243","metanephric nephron epithelium development","7/840","12/4319",0.583333333333333,2.99930555555556,3.40750190718036,0.00325772767842383,0.0275151435495948,0.0226206021622781,"AQP1/HES1/LAMB2/LIF/OSR1/PKD2/YAP1",7
"turquoise","GO:0120033","negative regulation of plasma membrane bounded cell projection assembly","7/840","12/4319",0.583333333333333,2.99930555555556,3.40750190718036,0.00325772767842383,0.0275151435495948,0.0226206021622781,"ARHGAP44/KANK1/PFN2/RAP1GAP/SLIT2/TACSTD2/YAP1",7
"turquoise","GO:0001570","vasculogenesis","13/840","31/4319",0.419354838709677,2.15618279569892,3.17419577251616,0.00329073023710031,0.0275864698980797,0.0226792405971407,"ACKR3/AMOT/CAV1/CD34/HAS2/HEG1/NPR2/PDGFRB/TEAD2/WARS2/WT1/YAP1/ZFPM2",13
"turquoise","GO:0009799","specification of symmetry","13/840","31/4319",0.419354838709677,2.15618279569892,3.17419577251616,0.00329073023710031,0.0275864698980797,0.0226792405971407,"AHI1/ALDH1A2/BBS7/BICC1/DAW1/DISP1/GJA1/HAND1/HAND2/NBL1/NDRG4/PKD2/WNT5A",13
"turquoise","GO:0009855","determination of bilateral symmetry","13/840","31/4319",0.419354838709677,2.15618279569892,3.17419577251616,0.00329073023710031,0.0275864698980797,0.0226792405971407,"AHI1/ALDH1A2/BBS7/BICC1/DAW1/DISP1/GJA1/HAND1/HAND2/NBL1/NDRG4/PKD2/WNT5A",13
"turquoise","GO:0007565","female pregnancy","22/840","64/4319",0.34375,1.76744791666667,3.03908511834717,0.00334772042589338,0.0279060724364229,0.0229419905209012,"COL16A1/DSG2/ERRFI1/FBLN1/FBN2/FOSB/GJA1/GJB2/IGFBP2/IGFBP5/IGFBP7/ITGA3/ITGB4/LIF/PAPPA/PCSK5/PTHLH/SLC2A1/TEAD3/TEAD4/TGFB3/TPPP3",22
"turquoise","GO:0031099","regeneration","22/840","64/4319",0.34375,1.76744791666667,3.03908511834717,0.00334772042589338,0.0279060724364229,0.0229419905209012,"ANXA3/AXL/CCND1/CLDN1/COL6A1/EGFR/GAS6/GJA1/IL6/KLF5/LAMB2/MATN2/NFIB/NNMT/POSTN/PRRX1/PTPN3/PTPRF/RTN4R/THY1/VTN/YAP1",22
"turquoise","GO:1902533","positive regulation of intracellular signal transduction","87/840","344/4319",0.252906976744186,1.30036337209302,2.85306308000126,0.00335369713256715,0.0279060724364229,0.0229419905209012,"ACKR3/ACTA2/AKR1C2/ANKRD6/APOA1/ARHGEF5/ATOH8/AXL/BCAR3/BMP2/BMP7/C1QTNF1/CARD10/CAV1/CAV2/CD24/CDH2/CHI3L1/COL3A1/CSPG4/DCN/DDR2/DKK1/DOK4/EFNA1/EGFR/ERBB2/ERBB3/FERMT2/FGF1/FGF2/FGF9/FRMD6/GADD45A/GAS6/GDF15/GJA1/GPER1/HAND2/HSPA1B/IGFBP3/IGFBP4/IGFBP5/IGFBP6/IL6/KITLG/LIF/LMCD1/MAGED1/MID1/MID2/MSX1/NDFIP2/NDRG4/NKX3-1/NUPR1/PDE5A/PDGFC/PDGFD/PDGFRA/PDGFRB/PLA2G2A/PLXNB1/PRKCZ/PROS1/PTGIS/ROR1/ROR2/RPL37/RTN4R/SCHIP1/SH3RF2/SLC44A2/STAMBPL1/TEK/TFG/TGFB3/THRA/TNFAIP8L3/TPBG/TPD52L1/TPR/TRIM6/TSPAN6/TYRO3/WNT5A/WWC1",87
"turquoise","GO:0032964","collagen biosynthetic process","9/840","18/4319",0.5,2.57083333333333,3.28122028245879,0.00341744006010555,0.0283070054623039,0.0232716034286378,"COL1A1/COL5A1/DDR2/IL6/LARP6/P3H4/SERPINB7/SERPINH1/TGFB3",9
"turquoise","GO:0010811","positive regulation of cell-substrate adhesion","18/840","49/4319",0.36734693877551,1.88877551020408,3.07418450669588,0.00341867988817736,0.0283070054623039,0.0232716034286378,"ABI3BP/APOA1/COL16A1/COL8A1/ECM2/EFEMP2/EGFLAM/FBLN1/FBLN2/FERMT2/HACD1/HAS2/ITGA3/ITGA6/PRKCZ/TEK/THY1/VTN",18
"turquoise","GO:0048806","genitalia development","8/840","15/4319",0.533333333333333,2.74222222222222,3.32098408813684,0.00347259023995173,0.0286127851066927,0.0235229893489974,"AXL/DHCR24/NPR2/PDGFRA/ROR2/TYRO3/WNT5A/WT1",8
"turquoise","GO:0060317","cardiac epithelial to mesenchymal transition","8/840","15/4319",0.533333333333333,2.74222222222222,3.32098408813684,0.00347259023995173,0.0286127851066927,0.0235229893489974,"BMP2/EFNA1/HAS2/JAG1/MSX1/SNAI2/SPRY1/WNT2",8
"turquoise","GO:0032535","regulation of cellular component size","31/840","100/4319",0.31,1.59391666666667,2.95239524849964,0.00357500443025389,0.0293847925120868,0.0241576679343472,"AMOT/AQP1/ARHGAP28/BAIAP2L1/BAIAP2L2/CDC42EP1/CDC42EP2/CDC42EP4/CDC42EP5/CDH1/COL6A1/CRABP2/CTTN/DEPTOR/DSTN/KANK1/KANK2/LIMA1/LRRC8A/NCKAP1/PFN2/PLXNA3/RTN4R/SEMA4F/SLC12A4/SLC12A8/SLIT2/SPTBN1/SSH3/TMOD1/WNT5A",31
"turquoise","GO:0042063","gliogenesis","38/840","129/4319",0.294573643410853,1.51459948320413,2.91548584388426,0.00363795123523949,0.0298294298363919,0.0245232107853767,"ADGRG6/ANO1/ARHGEF10/BMP2/CDH2/CNTNAP1/COL3A1/COL6A1/CSPG4/EGFR/ERBB2/ERBB3/FGF2/GJC2/GPC1/HES1/ID4/IL33/IL6/ITGB4/LAMB1/LAMB2/LIF/MATN2/MYRF/NDN/NFIB/PHGDH/ROR1/ROR2/RRAS2/SERPINE2/TMEM98/TNFRSF21/VEGFC/VPS13A/VTN/WASF3",38
"turquoise","GO:0001934","positive regulation of protein phosphorylation","42/840","146/4319",0.287671232876712,1.4791095890411,2.89361566074344,0.00372049152572858,0.030345718646991,0.0249476593718196,"ARHGEF5/BMP2/C3/CARD10/CAV1/CCND1/CCND2/CD24/CEMIP/CHI3L1/CLIP3/CSPG4/DDR2/EFNA1/EGFR/ERBB2/FAS/FAXDC2/FERMT2/FGF1/FGF2/GAS6/GPER1/HES1/IL6/ITLN1/KITLG/LIF/LIMCH1/MAGED1/NKX3-1/PDE5A/PDGFRB/PFN2/RARRES2/TEK/TPD52L1/TRIM6/VEGFC/VTN/WNT5A/YES1",42
"turquoise","GO:0010717","regulation of epithelial to mesenchymal transition","16/840","42/4319",0.380952380952381,1.95873015873016,3.06764540250005,0.00372793101479355,0.030345718646991,0.0249476593718196,"BAMBI/BMP2/BMP7/COL1A1/EFNA1/FERMT2/FOXC1/IL6/JAG1/PDPN/PHLDB1/PHLDB2/SPRY1/TGFB1I1/TGFB3/VASN",16
"turquoise","GO:0072089","stem cell proliferation","16/840","42/4319",0.380952380952381,1.95873015873016,3.06764540250005,0.00372793101479355,0.030345718646991,0.0249476593718196,"CD34/FBLN1/FERMT2/FGF2/FGF9/GJA1/KITLG/NFIB/PRRX1/SNAI2/TSC22D1/VEGFC/WNT2B/WNT5A/YAP1/ZNRF3",16
"turquoise","GO:0010927","cellular component assembly involved in morphogenesis","17/840","46/4319",0.369565217391304,1.90018115942029,3.01575555251488,0.00408920341126579,0.0331264795576099,0.0272337636094422,"CNTNAP1/FLNC/GPC1/ITGB4/KRT19/KRT8/MYL9/NEBL/PDGFRA/PDGFRB/PHLDB1/PHLDB2/PMP22/RFX2/TMOD1/TNNT1/TPM1",17
"turquoise","GO:0032989","cellular anatomical entity morphogenesis","17/840","46/4319",0.369565217391304,1.90018115942029,3.01575555251488,0.00408920341126579,0.0331264795576099,0.0272337636094422,"CNTNAP1/FLNC/GPC1/ITGB4/KRT19/KRT8/MYL9/NEBL/PDGFRA/PDGFRB/PHLDB1/PHLDB2/PMP22/RFX2/TMOD1/TNNT1/TPM1",17
"turquoise","GO:0007596","blood coagulation","27/840","85/4319",0.317647058823529,1.63323529411765,2.89702935907314,0.00437964813748667,0.0353942787130218,0.0290981544815472,"ANXA8/AXL/C1QTNF1/CAV1/CD59/COL3A1/FBLN1/FZD6/GAS6/GGCX/IL6/ITPR3/MYL9/PDGFRA/PDPN/PLAT/PLAU/PROCR/PROS1/PRRG1/SERPINE1/SERPINE2/STXBP1/SVEP1/TFPI2/TYRO3/VTN",27
"turquoise","GO:0051130","positive regulation of cellular component organization","88/840","352/4319",0.25,1.28541666666667,2.74519569359665,0.0045181614719069,0.0364263257424073,0.0299466154471391,"AHI1/AMOT/APOA1/ARHGEF10/ARHGEF5/AXL/BAIAP2L1/BAIAP2L2/BMP2/BMP7/C3/CAPRIN2/CAV1/CDC20/CDC42EP1/CDC42EP2/CDC42EP4/CDC42EP5/CLDN1/CLIP3/COBL/COL16A1/CRABP2/CTTN/DBN1/DCN/DDR2/DPYSL3/DSTN/EFEMP2/EFNB3/EHD2/FERMT2/FEZ1/FLRT2/FLRT3/FNBP1L/FSCN1/GAS6/GDF15/GPER1/HSPA1B/HYAL1/IL6/ITGA3/ITGA6/LIMCH1/LRRN1/MELTF/MLLT11/MSX1/NCKAP1/NDRG4/NLGN2/NPR2/PALM/PDGFRB/PDPN/PFN2/PHLDB1/PHLDB2/PLXNA2/PLXNA3/PLXNB1/PTK7/ROR1/ROR2/SERPINE1/SFRP4/SLIT2/SMPD3/SNX7/SYT4/TEK/TENM3/TGFB3/THBS2/THY1/TPBG/TPM1/TPPP3/TPR/TUBB2B/UNC13B/VLDLR/VTN/WASF3/WNT5A",88
"turquoise","GO:0072091","regulation of stem cell proliferation","13/840","32/4319",0.40625,2.08880208333333,3.03739265387996,0.00457505813230035,0.0367970069352081,0.0302513578802023,"FBLN1/FERMT2/FGF2/FGF9/GJA1/KITLG/NFIB/PRRX1/SNAI2/TSC22D1/VEGFC/WNT5A/YAP1",13
"turquoise","GO:0035567","non-canonical Wnt signaling pathway","10/840","22/4319",0.454545454545455,2.33712121212121,3.08925095598884,0.00487752237903243,0.0391363105174745,0.0321745335880034,"ANKRD6/CTHRC1/DKK1/FZD6/FZD8/PLEKHA4/PRICKLE1/SFRP4/WNT5A/ZNRF3",10
"turquoise","GO:0001837","epithelial to mesenchymal transition","21/840","62/4319",0.338709677419355,1.74153225806452,2.88953404474654,0.0050033879184133,0.039955965130457,0.0328483836399696,"BAMBI/BMP2/BMP7/COL1A1/EFNA1/FERMT2/FOXC1/HAS2/IL6/JAG1/MSX1/PDPN/PHLDB1/PHLDB2/SNAI2/SPRY1/TGFB1I1/TGFB3/VASN/WNT2/WNT5A",21
"turquoise","GO:1902905","positive regulation of supramolecular fiber organization","21/840","62/4319",0.338709677419355,1.74153225806452,2.88953404474654,0.0050033879184133,0.039955965130457,0.0328483836399696,"AMOT/APOA1/ARHGEF10/ARHGEF5/BAIAP2L1/BAIAP2L2/CDC42EP1/CDC42EP2/CDC42EP4/CDC42EP5/CTTN/DSTN/EFEMP2/FERMT2/HSPA1B/LIMCH1/NCKAP1/PFN2/TGFB3/TPM1/WASF3",21
"turquoise","GO:0060491","regulation of cell projection assembly","22/840","66/4319",0.333333333333333,1.71388888888889,2.87149884964669,0.00511919752988958,0.0406879614993582,0.0334501685667065,"ARHGAP44/CAV1/CDC42EP1/CDC42EP2/CDC42EP4/CDC42EP5/COBL/DPYSL3/FNBP1L/FSCN1/KANK1/KLF5/NCKAP1/PALM/PFN2/PODXL/RAB17/RAP1GAP/SLIT2/TACSTD2/TGFB3/YAP1",22
"turquoise","GO:0120032","regulation of plasma membrane bounded cell projection assembly","22/840","66/4319",0.333333333333333,1.71388888888889,2.87149884964669,0.00511919752988958,0.0406879614993582,0.0334501685667065,"ARHGAP44/CAV1/CDC42EP1/CDC42EP2/CDC42EP4/CDC42EP5/COBL/DPYSL3/FNBP1L/FSCN1/KANK1/KLF5/NCKAP1/PALM/PFN2/PODXL/RAB17/RAP1GAP/SLIT2/TACSTD2/TGFB3/YAP1",22
"turquoise","GO:0008406","gonad development","23/840","70/4319",0.328571428571429,1.68940476190476,2.85715420785988,0.00519881956810185,0.0410304963571504,0.0337317714858722,"ADAMTS1/AMHR2/FGF9/FOXC1/FST/GJA1/IMMP2L/KITLG/NKX3-1/NPR2/NUPR1/OSR1/PDGFRA/RDH10/SLIT2/SLIT3/TFAP2C/TNFAIP6/VGF/WNT2B/WNT5A/WT1/ZFPM2",23
"turquoise","GO:0044706","multi-multicellular organism process","23/840","70/4319",0.328571428571429,1.68940476190476,2.85715420785988,0.00519881956810185,0.0410304963571504,0.0337317714858722,"COL16A1/DSG2/ERRFI1/FBLN1/FBN2/FOSB/GJA1/GJB2/IGFBP2/IGFBP5/IGFBP7/ITGA3/ITGB4/LIF/PAPPA/PCSK5/PTHLH/SERPINE2/SLC2A1/TEAD3/TEAD4/TGFB3/TPPP3",23
"turquoise","GO:0045137","development of primary sexual characteristics","23/840","70/4319",0.328571428571429,1.68940476190476,2.85715420785988,0.00519881956810185,0.0410304963571504,0.0337317714858722,"ADAMTS1/AMHR2/FGF9/FOXC1/FST/GJA1/IMMP2L/KITLG/NKX3-1/NPR2/NUPR1/OSR1/PDGFRA/RDH10/SLIT2/SLIT3/TFAP2C/TNFAIP6/VGF/WNT2B/WNT5A/WT1/ZFPM2",23
"turquoise","GO:0050817","coagulation","27/840","86/4319",0.313953488372093,1.61424418604651,2.82696149732376,0.00523535238954924,0.0412222840018246,0.0338894429151343,"ANXA8/AXL/C1QTNF1/CAV1/CD59/COL3A1/FBLN1/FZD6/GAS6/GGCX/IL6/ITPR3/MYL9/PDGFRA/PDPN/PLAT/PLAU/PROCR/PROS1/PRRG1/SERPINE1/SERPINE2/STXBP1/SVEP1/TFPI2/TYRO3/VTN",27
"turquoise","GO:0042325","regulation of phosphorylation","64/840","245/4319",0.261224489795918,1.34312925170068,2.71696485483475,0.00526493089289487,0.0413585480397569,0.0340014675747744,"ARHGEF5/BMP2/C3/CARD10/CAV1/CCND1/CCND2/CD24/CEMIP/CHI3L1/CLIP3/CNKSR3/CSPG4/DDR2/DEPTOR/DKK1/EEF1A2/EFNA1/EGFR/ERBB2/ERRFI1/FAS/FAXDC2/FBLN1/FERMT2/FGF1/FGF2/GADD45A/GAS6/GPER1/GPRC5A/GRB10/HEG1/HES1/IGFBP3/IL6/ITGA6/ITLN1/KITLG/LDB2/LIF/LIMCH1/LMO4/MAGED1/MST1/NKX3-1/PAQR3/PDE5A/PDGFRB/PFN2/PKIA/PPP1R14C/PRKCZ/RARRES2/SLIT2/TEK/THY1/TPD52L1/TRIM6/UCHL1/VEGFC/VTN/WNT5A/YES1",64
"turquoise","GO:0006720","isoprenoid metabolic process","12/840","29/4319",0.413793103448276,2.12758620689655,2.99346272949789,0.00534655283109081,0.0416515983481942,0.0342423885217702,"ADH1A/ADH1B/ALDH1A2/ALDH1A3/CRABP2/CYP26B1/CYP2S1/EGFR/HSD17B6/RARRES2/RBP1/RDH10",12
"turquoise","GO:0003197","endocardial cushion development","9/840","19/4319",0.473684210526316,2.43552631578947,3.08111195189624,0.00538875278332721,0.0416515983481942,0.0342423885217702,"BMP2/BMP7/DKK1/ERBB3/GATA5/ISL1/JAG1/MSX1/SNAI2",9
"turquoise","GO:0009880","embryonic pattern specification","9/840","19/4319",0.473684210526316,2.43552631578947,3.08111195189624,0.00538875278332721,0.0416515983481942,0.0342423885217702,"BMP7/COBL/DISP1/LAMA5/MEIS1/MEIS2/MEIS3P1/WNT5A/WT1",9
"turquoise","GO:0021536","diencephalon development","9/840","19/4319",0.473684210526316,2.43552631578947,3.08111195189624,0.00538875278332721,0.0416515983481942,0.0342423885217702,"ALDH1A2/BMP2/CDH1/FGF2/HES1/ISL1/PITX1/PLXNA3/WNT5A",9
"turquoise","GO:0030838","positive regulation of actin filament polymerization","9/840","19/4319",0.473684210526316,2.43552631578947,3.08111195189624,0.00538875278332721,0.0416515983481942,0.0342423885217702,"BAIAP2L1/BAIAP2L2/CDC42EP1/CDC42EP2/CDC42EP4/CDC42EP5/CTTN/NCKAP1/PFN2",9
"turquoise","GO:0033628","regulation of cell adhesion mediated by integrin","9/840","19/4319",0.473684210526316,2.43552631578947,3.08111195189624,0.00538875278332721,0.0416515983481942,0.0342423885217702,"DPP4/EFNA1/JAM3/LIF/MUC1/PLAU/PODXL/SERPINE1/SNAI2",9
"turquoise","GO:0035987","endodermal cell differentiation","9/840","19/4319",0.473684210526316,2.43552631578947,3.08111195189624,0.00538875278332721,0.0416515983481942,0.0342423885217702,"COL12A1/COL5A1/COL5A2/COL6A1/COL8A1/DKK1/LAMB1/LAMB3/VTN",9
"turquoise","GO:0010755","regulation of plasminogen activation","6/840","10/4319",0.6,3.085,3.24318378437898,0.005452802474581,0.0416688080257097,0.034256536849498,"CLEC3B/MELTF/PLAT/PLAU/SERPINE1/SERPINE2",6
"turquoise","GO:0036303","lymph vessel morphogenesis","6/840","10/4319",0.6,3.085,3.24318378437898,0.005452802474581,0.0416688080257097,0.034256536849498,"FGF2/FOXC1/PDPN/PTPN14/SVEP1/VEGFC",6
"turquoise","GO:0099560","synaptic membrane adhesion","6/840","10/4319",0.6,3.085,3.24318378437898,0.005452802474581,0.0416688080257097,0.034256536849498,"FLRT3/GPC4/ITGA3/NTNG1/PTPRF/SPARCL1",6
"turquoise","GO:1900025","negative regulation of substrate adhesion-dependent cell spreading","6/840","10/4319",0.6,3.085,3.24318378437898,0.005452802474581,0.0416688080257097,0.034256536849498,"FBLN1/KANK1/MELTF/POSTN/SPRY4/TACSTD2",6
"turquoise","GO:2000050","regulation of non-canonical Wnt signaling pathway","6/840","10/4319",0.6,3.085,3.24318378437898,0.005452802474581,0.0416688080257097,0.034256536849498,"ANKRD6/DKK1/PLEKHA4/SFRP4/WNT5A/ZNRF3",6
"turquoise","GO:0030155","regulation of cell adhesion","75/840","295/4319",0.254237288135593,1.30720338983051,2.6857264311182,0.00550706726224101,0.0419882730175389,0.0345191736942566,"ABI3BP/APOA1/BMP2/BMP7/C1QTNF1/CAV1/CD24/CDH1/COL16A1/COL1A1/COL8A1/DPP4/ECM2/EFEMP2/EFNA1/EFNB2/EFNB3/EGFLAM/ERBB2/ERBB3/FBLN1/FBLN2/FERMT2/FSTL3/HACD1/HAS2/HES1/HYAL1/IGFBP2/IL6/ITGA3/ITGA6/JAG1/JAM3/KANK1/KITLG/LAMA4/LAMA5/LAMB1/LAMB2/LAMC1/LIF/LIMCH1/MELTF/MUC1/NUAK1/PAWR/PDE5A/PDPN/PHLDB2/PKP2/PLAU/PLXNA2/PLXNA3/PLXNB1/PODXL/POSTN/PRKCZ/RHOD/SERPINE1/SERPINE2/SNAI2/SPRY4/TACSTD2/TEK/TENM3/THY1/TJP1/TNFRSF21/TNFSF4/TPM1/VCAM1/VTN/WNT5A/YES1",75
"turquoise","GO:0046686","response to cadmium ion","8/840","16/4319",0.5,2.57083333333333,3.09284513422395,0.00577588962776992,0.0438395226251906,0.0360411130874595,"MT1A/MT1E/MT1F/MT1G/MT1H/MT1M/MT1X/MT2A",8
"turquoise","GO:0140448","signaling receptor ligand precursor processing","8/840","16/4319",0.5,2.57083333333333,3.09284513422395,0.00577588962776992,0.0438395226251906,0.0360411130874595,"BACE1/BACE2/BCHE/CPE/DISP1/DPP4/PCSK5/SCG5",8
"turquoise","GO:0044089","positive regulation of cellular component biogenesis","44/840","158/4319",0.278481012658228,1.43185654008439,2.71720831067557,0.00583709228415153,0.0438752374663578,0.0360704747810257,"AMOT/APOA1/ARHGEF10/ARHGEF5/BAIAP2L1/BAIAP2L2/BMP7/CAV1/CDC42EP1/CDC42EP2/CDC42EP4/CDC42EP5/CLDN1/COBL/COL16A1/CTTN/DPYSL3/FERMT2/FLRT2/FLRT3/FNBP1L/FSCN1/HSPA1B/HYAL1/LDB2/LIMCH1/LRRN1/NCKAP1/NLGN2/PALM/PFN2/PHLDB1/PHLDB2/SMPD3/SNX7/TEK/TGFB3/THBS2/THY1/TPBG/TPM1/TPPP3/TPR/UNC13B",44
"turquoise","GO:0003180","aortic valve morphogenesis","7/840","13/4319",0.538461538461538,2.76858974358974,3.1377295892034,0.00588474995097737,0.0438752374663578,0.0360704747810257,"CDH11/EFNA1/GATA5/JAG1/SLIT2/SLIT3/SNAI2",7
"turquoise","GO:0030212","hyaluronan metabolic process","7/840","13/4319",0.538461538461538,2.76858974358974,3.1377295892034,0.00588474995097737,0.0438752374663578,0.0360704747810257,"CEMIP/FGF2/HAS1/HAS2/HYAL1/SMPD3/TNFAIP6",7
"turquoise","GO:0034331","cell junction maintenance","7/840","13/4319",0.538461538461538,2.76858974358974,3.1377295892034,0.00588474995097737,0.0438752374663578,0.0360704747810257,"CBLN3/CLDN1/CNTNAP1/FERMT2/NLGN2/PRICKLE1/TJP1",7
"turquoise","GO:0048546","digestive tract morphogenesis","7/840","13/4319",0.538461538461538,2.76858974358974,3.1377295892034,0.00588474995097737,0.0438752374663578,0.0360704747810257,"AHI1/BBS7/EGFR/NPR2/PDGFRA/RBPMS2/WNT5A",7
"turquoise","GO:0048566","embryonic digestive tract development","7/840","13/4319",0.538461538461538,2.76858974358974,3.1377295892034,0.00588474995097737,0.0438752374663578,0.0360704747810257,"ALDH1A2/FGF9/PCSK5/PDGFRA/PKDCC/RARRES2/RBPMS2",7
"turquoise","GO:0060914","heart formation","7/840","13/4319",0.538461538461538,2.76858974358974,3.1377295892034,0.00588474995097737,0.0438752374663578,0.0360704747810257,"BMP2/DKK1/GATA5/HAND2/HES1/ISL1/WNT5A",7
"turquoise","GO:0072111","cell proliferation involved in kidney development","7/840","13/4319",0.538461538461538,2.76858974358974,3.1377295892034,0.00588474995097737,0.0438752374663578,0.0360704747810257,"BMP2/BMP7/OSR1/PDGFD/PDGFRB/SERPINB7/WT1",7
"turquoise","GO:0051648","vesicle localization","20/840","59/4319",0.338983050847458,1.74293785310734,2.82310765990709,0.00602773500552976,0.0448420904384885,0.0368653387581139,"AP1M2/ATP9A/BBS7/CADPS2/CDH2/CDH3/CDR2L/FNBP1L/MYO1C/MYO5C/NLGN2/PRKCZ/RAB17/SHROOM2/SMPD3/STXBP1/SYBU/SYT4/TFG/UNC13B",20
"turquoise","GO:0051495","positive regulation of cytoskeleton organization","21/840","63/4319",0.333333333333333,1.71388888888889,2.80448960946992,0.00616714032934063,0.045778112136295,0.0376348558934026,"AMOT/APOA1/ARHGEF10/ARHGEF5/BAIAP2L1/BAIAP2L2/CDC42EP1/CDC42EP2/CDC42EP4/CDC42EP5/CTTN/DSTN/FERMT2/HSPA1B/LIMCH1/NCKAP1/PFN2/PLXNA3/TGFB3/TPM1/WASF3",21
"turquoise","GO:1900024","regulation of substrate adhesion-dependent cell spreading","11/840","26/4319",0.423076923076923,2.17532051282051,2.95335935260246,0.00621040095876382,0.0459979147934815,0.0378155588744161,"APOA1/FBLN1/FERMT2/HAS2/KANK1/MELTF/PDPN/PKP2/POSTN/SPRY4/TACSTD2",11
"turquoise","GO:0048863","stem cell differentiation","25/840","79/4319",0.316455696202532,1.62710970464135,2.76393538941098,0.00632229876873954,0.046682388023738,0.0383782743334307,"ALDH1A2/BMP7/CDH2/FGF2/FOXC1/HAND2/HES1/ISL1/JAG1/KITLG/LAMA5/LIF/MSX1/OSR1/PDGFRA/PRICKLE1/RDH10/SEMA3B/SEMA3C/SEMA4F/SNAI2/TACSTD2/TEAD2/TRIM6/YAP1",25
"turquoise","GO:1990138","neuron projection extension","16/840","44/4319",0.363636363636364,1.86969696969697,2.84891822329849,0.00633051968155734,0.046682388023738,0.0383782743334307,"CDH1/CTTN/DCLK1/FLRT3/LAMB2/NDN/PLXNA3/POSTN/PRICKLE1/PRKCZ/RTN4R/SEMA4F/SLIT2/SLIT3/SYT4/WNT5A",16
"red","GO:0002684","positive regulation of immune system process","72/235","381/4319",0.188976377952756,3.47314458033171,12.1256916840082,3.09557101643624e-23,4.67532653984763e-20,4.20128904912488e-20,"BTN3A2/CADM1/CARD11/CBLB/CCL5/CD2/CD247/CD27/CD28/CD38/CD3D/CD3E/CD3G/CD40LG/CD5/CD6/CD7/CD8A/CD8B/CEACAM1/CTLA4/CXCL10/FYN/GBP5/GFI1/GPR68/HLA-DOA/ICOS/IDO1/IL18R1/IL18RAP/IL2RG/IL7R/ITK/KIR2DL4/KLRD1/LAG3/LAT/LAX1/LCK/LEF1/LIME1/LTA/NLRC3/NLRC5/OASL/PDE4B/PLCG1/PRKCH/PRKCQ/PVRIG/PYHIN1/RASGRP1/RHOH/RUNX3/SH2D1A/SH2D1B/SKAP1/SLA2/SLAMF1/SLAMF6/SOCS1/THBS1/THEMIS/TNFAIP3/TNFRSF4/TNIP3/TRAT1/UBASH3A/ZAP70/ZBP1/ZNF683",72
"red","GO:0042110","T cell activation","55/235","225/4319",0.244444444444444,4.4925768321513,12.9061198009716,3.7795687468453e-23,4.67532653984763e-20,4.20128904912488e-20,"ADORA2A/BCL11B/CARD11/CBLB/CCL5/CD2/CD247/CD27/CD28/CD3D/CD3E/CD3G/CD40LG/CD5/CD6/CD69/CD7/CD8A/CD8B/CEACAM1/CTLA4/EOMES/FYN/HLA-DOA/ICOS/IDO1/IL18R1/IL2RG/IL7R/ITK/LAG3/LAT/LAX1/LCK/LEF1/NKG7/NLRC3/PDCD1/PRKCQ/RASGRP1/RHOH/RORA/RUNX3/SH2D2A/SIT1/SLA2/SLAMF1/SLAMF6/SOCS1/STAT4/THEMIS/TIGIT/TNFRSF4/ZAP70/ZNF683",55
"red","GO:0046649","lymphocyte activation","62/235","293/4319",0.21160409556314,3.88901314356256,12.2851036784198,1.50685446593278e-22,1.24265264957256e-19,1.11665846738597e-19,"ADORA2A/BCL11B/CARD11/CBLB/CCL5/CD2/CD247/CD27/CD28/CD38/CD3D/CD3E/CD3G/CD40LG/CD5/CD6/CD69/CD7/CD8A/CD8B/CEACAM1/CTLA4/EOMES/FYN/HLA-DOA/ICOS/IDO1/IL18R1/IL2RG/IL7R/ITK/ITM2A/KLRD1/LAG3/LAT/LAX1/LCK/LEF1/NKG7/NLRC3/PDCD1/PRF1/PRKCQ/RASGRP1/RHOH/RORA/RUNX3/SH2D1A/SH2D2A/SIT1/SLA2/SLAMF1/SLAMF6/SOCS1/STAT4/TBC1D10C/THEMIS/TIGIT/TNFAIP3/TNFRSF4/ZAP70/ZNF683",62
"red","GO:0050776","regulation of immune response","64/235","323/4319",0.198142414860681,3.64160463737567,11.8382831461579,1.1783900407958e-21,7.28834240232205e-19,6.54936780568616e-19,"BTN3A2/CADM1/CARD11/CBLB/CCL5/CD247/CD28/CD38/CD3D/CD3E/CD3G/CD69/CD7/CD8A/CD8B/CD96/CEACAM1/CTLA4/FYN/GBP5/GFI1/HLA-DOA/IDO1/IL18R1/IL18RAP/IL7R/ITK/KIR2DL1/KIR2DL4/KIR3DL1/KIR3DL2/KLRB1/KLRD1/LAG3/LAT/LAX1/LCK/LIME1/LTA/NLRC3/NLRC5/OASL/PDCD1/PDE4B/PLCG1/PRKCH/PRKCQ/PVRIG/PYHIN1/RASGRP1/SH2D1A/SH2D1B/SKAP1/SLA2/SLAMF1/SLAMF6/THEMIS/TNFAIP3/TNIP3/TRAT1/UBASH3A/ZAP70/ZBP1/ZNF683",64
"red","GO:0045321","leukocyte activation","67/235","358/4319",0.187150837988827,3.43959348627125,11.5608280210145,2.94744987723848e-21,1.07883098070721e-18,9.69446892419534e-19,"ADORA2A/BCL11B/CARD11/CBLB/CCL5/CD2/CD247/CD27/CD28/CD38/CD3D/CD3E/CD3G/CD40LG/CD5/CD6/CD69/CD7/CD8A/CD8B/CEACAM1/CST7/CTLA4/EOMES/FYN/HLA-DOA/ICOS/IDO1/IL18R1/IL18RAP/IL2RG/IL7R/ITK/ITM2A/KLRD1/LAG3/LAT/LAX1/LCK/LEF1/NKG7/NLRC3/PDCD1/PRF1/PRKCQ/PTGDR/RASGRP1/RHOH/RORA/RUNX3/SH2D1A/SH2D1B/SH2D2A/SIT1/SLA2/SLAMF1/SLAMF6/SOCS1/STAT4/TBC1D10C/THBS1/THEMIS/TIGIT/TNFAIP3/TNFRSF4/ZAP70/ZNF683",67
"red","GO:0002250","adaptive immune response","49/235","194/4319",0.252577319587629,4.64204869488923,12.4499331659678,2.95151451523816e-21,1.07883098070721e-18,9.69446892419534e-19,"BTN3A2/CD247/CD27/CD28/CD3D/CD3E/CD3G/CD40LG/CD6/CD69/CD7/CD8A/CD8B/CEACAM1/CTLA4/EOMES/FYN/GZMM/HLA-DOA/IL18R1/IL18RAP/IL7R/ITK/KLRD1/LAG3/LAT/LAX1/LEF1/LIME1/LTA/MCOLN2/PDCD1/PRF1/PRKCQ/RORA/SH2D1A/SH2D1B/SIT1/SKAP1/SLA2/SLAMF1/SLAMF6/STAT4/TAP1/THEMIS/TNFAIP3/TRAT1/ZAP70/ZNF683",49
"red","GO:0050852","T cell receptor signaling pathway","28/235","57/4319",0.491228070175439,9.02814483016051,14.6345134208364,3.05247245955961e-21,1.07883098070721e-18,9.69446892419534e-19,"BTN3A2/CARD11/CBLB/CD247/CD28/CD3D/CD3E/CD3G/CD8A/CD8B/CEACAM1/CTLA4/FYN/ITK/LAT/LCK/LIME1/PDE4B/PLCG1/PVRIG/SH2D1A/SKAP1/SLA2/THEMIS/TRAT1/UBASH3A/ZAP70/ZNF683",28
"red","GO:0050778","positive regulation of immune response","56/235","257/4319",0.217898832684825,4.0047023760245,11.9132552231433,6.07511076336068e-21,1.87872800356929e-18,1.68824130687076e-18,"BTN3A2/CADM1/CARD11/CBLB/CCL5/CD247/CD28/CD38/CD3D/CD3E/CD3G/CD7/CD8A/CD8B/CEACAM1/CTLA4/FYN/GBP5/GFI1/HLA-DOA/IDO1/IL18R1/IL18RAP/ITK/KIR2DL4/KLRD1/LAG3/LAT/LAX1/LCK/LIME1/LTA/NLRC3/NLRC5/OASL/PDE4B/PLCG1/PRKCH/PRKCQ/PVRIG/PYHIN1/RASGRP1/SH2D1A/SH2D1B/SKAP1/SLA2/SLAMF1/SLAMF6/THEMIS/TNFAIP3/TNIP3/TRAT1/UBASH3A/ZAP70/ZBP1/ZNF683",56
"red","GO:0050851","antigen receptor-mediated signaling pathway","31/235","77/4319",0.402597402597403,7.39922630560929,13.5900133382922,3.26445304989126e-20,8.97361871714553e-18,8.06377174429279e-18,"BTN3A2/CARD11/CBLB/CD247/CD28/CD38/CD3D/CD3E/CD3G/CD8A/CD8B/CEACAM1/CTLA4/FYN/ITK/LAT/LAX1/LCK/LIME1/PDE4B/PLCG1/PRKCH/PVRIG/SH2D1A/SKAP1/SLA2/THEMIS/TRAT1/UBASH3A/ZAP70/ZNF683",31
"red","GO:0001775","cell activation","68/235","404/4319",0.168316831683168,3.09344849378555,10.6003318898283,6.66595109576534e-19,1.64915630109235e-16,1.48194618044804e-16,"ADORA2A/BCL11B/CARD11/CBLB/CCL5/CD2/CD247/CD27/CD28/CD38/CD3D/CD3E/CD3G/CD40LG/CD5/CD6/CD69/CD7/CD8A/CD8B/CEACAM1/CST7/CTLA4/CXCL10/EOMES/FYN/HLA-DOA/ICOS/IDO1/IL18R1/IL18RAP/IL2RG/IL7R/ITK/ITM2A/KLRD1/LAG3/LAT/LAX1/LCK/LEF1/NKG7/NLRC3/PDCD1/PRF1/PRKCQ/PTGDR/RASGRP1/RHOH/RORA/RUNX3/SH2D1A/SH2D1B/SH2D2A/SIT1/SLA2/SLAMF1/SLAMF6/SOCS1/STAT4/TBC1D10C/THBS1/THEMIS/TIGIT/TNFAIP3/TNFRSF4/ZAP70/ZNF683",68
"red","GO:0002768","immune response-regulating cell surface receptor signaling pathway","36/235","125/4319",0.288,5.29307234042553,11.6826504736917,1.0079623581645e-17,2.17485138935083e-15,1.95434035412881e-15,"BTN3A2/CARD11/CBLB/CD247/CD28/CD38/CD3D/CD3E/CD3G/CD8A/CD8B/CEACAM1/CTLA4/FYN/ITK/KIR2DL1/KLRD1/LAT/LAX1/LCK/LIME1/PDE4B/PLCG1/PRKCH/PRKCQ/PVRIG/SH2D1A/SKAP1/SLA2/THEMIS/TNFAIP3/TNIP3/TRAT1/UBASH3A/ZAP70/ZNF683",36
"red","GO:0002429","immune response-activating cell surface receptor signaling pathway","34/235","111/4319",0.306306306306306,5.62951888058271,11.8520061146968,1.05489962296726e-17,2.17485138935083e-15,1.95434035412881e-15,"BTN3A2/CARD11/CBLB/CD247/CD28/CD38/CD3D/CD3E/CD3G/CD8A/CD8B/CEACAM1/CTLA4/FYN/ITK/KLRD1/LAT/LAX1/LCK/LIME1/PDE4B/PLCG1/PRKCH/PVRIG/SH2D1A/SKAP1/SLA2/THEMIS/TNFAIP3/TNIP3/TRAT1/UBASH3A/ZAP70/ZNF683",34
"red","GO:0002764","immune response-regulating signaling pathway","43/235","195/4319",0.220512820512821,4.05274413529733,10.463591258755,2.82775291389591e-16,5.38143131459883e-14,4.83580093453292e-14,"BTN3A2/CARD11/CBLB/CD247/CD28/CD38/CD3D/CD3E/CD3G/CD8A/CD8B/CEACAM1/CTLA4/FYN/GBP5/GFI1/ITK/KIR2DL1/KIR2DL4/KIR3DL1/KIR3DL2/KLRD1/LAT/LAX1/LCK/LIME1/NLRC3/OASL/PDE4B/PLCG1/PRKCH/PRKCQ/PVRIG/SH2D1A/SKAP1/SLA2/THEMIS/TNFAIP3/TNIP3/TRAT1/UBASH3A/ZAP70/ZNF683",43
"red","GO:0051249","regulation of lymphocyte activation","40/235","185/4319",0.216216216216216,3.9737780333525,9.9161151327629,7.37862220898806e-15,1.30390795321689e-12,1.17170301544232e-12,"ADORA2A/CARD11/CBLB/CCL5/CD2/CD27/CD28/CD38/CD3E/CD40LG/CD5/CD6/CD69/CTLA4/FYN/HLA-DOA/ICOS/IDO1/IL2RG/IL7R/KLRD1/LAG3/LAT/LAX1/LCK/LEF1/PDCD1/PRKCQ/RASGRP1/RHOH/RUNX3/SIT1/SLAMF1/SOCS1/TBC1D10C/TIGIT/TNFAIP3/TNFRSF4/ZAP70/ZNF683",40
"red","GO:0050863","regulation of T cell activation","35/235","144/4319",0.243055555555556,4.46705082742317,10.1495222057548,9.99967114719837e-15,1.59299831899316e-12,1.43148212981898e-12,"ADORA2A/CARD11/CBLB/CCL5/CD2/CD27/CD28/CD3E/CD40LG/CD5/CD6/CD69/CTLA4/FYN/HLA-DOA/ICOS/IDO1/IL2RG/IL7R/LAG3/LAT/LAX1/LCK/LEF1/PDCD1/PRKCQ/RASGRP1/RHOH/RUNX3/SIT1/SLAMF1/SOCS1/TIGIT/ZAP70/ZNF683",35
"red","GO:0002694","regulation of leukocyte activation","43/235","214/4319",0.200934579439252,3.69292105786439,9.69184169365307,1.03023335100609e-14,1.59299831899316e-12,1.43148212981898e-12,"ADORA2A/CARD11/CBLB/CCL5/CD2/CD27/CD28/CD38/CD3E/CD40LG/CD5/CD6/CD69/CST7/CTLA4/FYN/HLA-DOA/ICOS/IDO1/IL2RG/IL7R/KLRD1/LAG3/LAT/LAX1/LCK/LEF1/PDCD1/PRKCQ/RASGRP1/RHOH/RORA/RUNX3/SIT1/SLAMF1/SOCS1/TBC1D10C/THBS1/TIGIT/TNFAIP3/TNFRSF4/ZAP70/ZNF683",43
"red","GO:0002253","activation of immune response","40/235","189/4319",0.211640211640212,3.88967691095351,9.74400610860182,1.59758649733739e-14,2.32495823200747e-12,2.08922766710623e-12,"BTN3A2/CARD11/CBLB/CD247/CD28/CD38/CD3D/CD3E/CD3G/CD8A/CD8B/CEACAM1/CTLA4/FYN/GBP5/GFI1/ITK/KLRD1/LAT/LAX1/LCK/LIME1/NLRC3/OASL/PDE4B/PLCG1/PRKCH/PVRIG/PYHIN1/SH2D1A/SKAP1/SLA2/THEMIS/TNFAIP3/TNIP3/TRAT1/UBASH3A/ZAP70/ZBP1/ZNF683",40
"red","GO:0002757","immune response-activating signaling pathway","38/235","173/4319",0.219653179190751,4.03694502521215,9.77862330660758,2.21753575977766e-14,3.04787970538329e-12,2.73885118400609e-12,"BTN3A2/CARD11/CBLB/CD247/CD28/CD38/CD3D/CD3E/CD3G/CD8A/CD8B/CEACAM1/CTLA4/FYN/GBP5/GFI1/ITK/KLRD1/LAT/LAX1/LCK/LIME1/NLRC3/OASL/PDE4B/PLCG1/PRKCH/PVRIG/SH2D1A/SKAP1/SLA2/THEMIS/TNFAIP3/TNIP3/TRAT1/UBASH3A/ZAP70/ZNF683",38
"red","GO:0050865","regulation of cell activation","44/235","237/4319",0.185654008438819,3.41208366998833,9.16141221882055,9.81082587673799e-14,1.27747280100262e-11,1.14794815798729e-11,"ADORA2A/CARD11/CBLB/CCL5/CD2/CD27/CD28/CD38/CD3E/CD40LG/CD5/CD6/CD69/CEACAM1/CST7/CTLA4/FYN/HLA-DOA/ICOS/IDO1/IL2RG/IL7R/KLRD1/LAG3/LAT/LAX1/LCK/LEF1/PDCD1/PRKCQ/RASGRP1/RHOH/RORA/RUNX3/SIT1/SLAMF1/SOCS1/TBC1D10C/THBS1/TIGIT/TNFAIP3/TNFRSF4/ZAP70/ZNF683",44
"red","GO:0007159","leukocyte cell-cell adhesion","35/235","156/4319",0.224358974358974,4.123431533006,9.53067077435703,1.35837017707611e-13,1.68030390904314e-11,1.50993569157091e-11,"ADORA2A/CARD11/CBLB/CCL5/CD27/CD28/CD3E/CD40LG/CD5/CD6/CD69/CTLA4/ETS1/FYN/HLA-DOA/ICOS/IDO1/IL2RG/IL7R/ITGB7/LAG3/LAX1/LCK/LEF1/PDCD1/PRKCQ/RASGRP1/RHOH/RUNX3/SELL/SKAP1/SLAMF1/SOCS1/TIGIT/ZAP70",35
"red","GO:0002449","lymphocyte mediated immunity","30/235","118/4319",0.254237288135593,4.67255679769203,9.7020959960772,2.68838096512494e-13,3.16716881319958e-11,2.8460454127037e-11,"BTN3A2/CADM1/CD2/CD27/CD28/CD40LG/CD7/CD8A/CD96/CEACAM1/GZMB/GZMM/IL18R1/IL18RAP/IL7R/KIR2DL4/KIR3DL1/KLRB1/KLRD1/LAG3/LTA/NKG7/PDCD1/PRF1/RASGRP1/SH2D1A/SH2D1B/SLA2/SLAMF1/SLAMF6",30
"red","GO:1903037","regulation of leukocyte cell-cell adhesion","33/235","144/4319",0.229166666666667,4.21179078014184,9.40226822908049,3.85243739614791e-13,4.33224096275906e-11,3.89298936873895e-11,"ADORA2A/CARD11/CBLB/CCL5/CD27/CD28/CD3E/CD40LG/CD5/CD6/CD69/CTLA4/ETS1/FYN/HLA-DOA/ICOS/IDO1/IL2RG/IL7R/LAG3/LAX1/LCK/LEF1/PDCD1/PRKCQ/RASGRP1/RHOH/RUNX3/SKAP1/SLAMF1/SOCS1/TIGIT/ZAP70",33
"red","GO:0030217","T cell differentiation","30/235","124/4319",0.241935483870968,4.44646533973919,9.34009209954601,1.10479895617346e-12,1.18837939894484e-10,1.06788805283219e-10,"BCL11B/CARD11/CD2/CD27/CD28/CD3D/CD3E/CD3G/CD69/CD8A/CTLA4/EOMES/HLA-DOA/IL18R1/IL2RG/IL7R/ITK/LAG3/LCK/LEF1/RASGRP1/RHOH/RORA/RUNX3/SLAMF6/SOCS1/STAT4/THEMIS/ZAP70/ZNF683",30
"red","GO:0030098","lymphocyte differentiation","33/235","153/4319",0.215686274509804,3.96403838130997,8.95369484790213,2.386620804468e-12,2.46020827927243e-10,2.2107645346651e-10,"BCL11B/CARD11/CD2/CD27/CD28/CD3D/CD3E/CD3G/CD40LG/CD69/CD8A/CTLA4/EOMES/HLA-DOA/IL18R1/IL2RG/IL7R/ITK/ITM2A/LAG3/LCK/LEF1/RASGRP1/RHOH/RORA/RUNX3/SLAMF1/SLAMF6/SOCS1/STAT4/THEMIS/ZAP70/ZNF683",33
"red","GO:0002443","leukocyte mediated immunity","32/235","148/4319",0.216216216216216,3.9737780333525,8.82981684705515,4.95798635990725e-12,4.73168425372467e-10,4.25193258046484e-10,"BTN3A2/CADM1/CD2/CD27/CD28/CD40LG/CD7/CD8A/CD96/CEACAM1/GZMB/GZMM/IL18R1/IL18RAP/IL7R/KIR2DL4/KIR3DL1/KLRB1/KLRD1/LAG3/LAT/LTA/NKG7/PDCD1/PRF1/PTGDR/RASGRP1/SH2D1A/SH2D1B/SLA2/SLAMF1/SLAMF6",32
"red","GO:0002252","immune effector process","41/235","233/4319",0.175965665236052,3.23402429001918,8.40909102523297,4.97266736446408e-12,4.73168425372467e-10,4.25193258046484e-10,"BTN3A2/CADM1/CD2/CD27/CD28/CD40LG/CD69/CD7/CD8A/CD96/CEACAM1/EOMES/FYN/GZMB/GZMM/IL18R1/IL18RAP/IL7R/ITM2A/KIR2DL4/KIR3DL1/KLRB1/KLRD1/LAG3/LAT/LEF1/LTA/NKG7/PDCD1/PRF1/PTGDR/RASGRP1/RORA/SH2D1A/SH2D1B/SLA2/SLAMF1/SLAMF6/STAT4/TNFRSF4/ZNF683",41
"red","GO:0046631","alpha-beta T cell activation","24/235","86/4319",0.27906976744186,5.12894606630381,9.27676777002058,8.78110918592496e-12,8.04609782443643e-10,7.23029341156862e-10,"ADORA2A/BCL11B/CARD11/CBLB/CD247/CD28/CD3D/CD3E/CD3G/CD69/EOMES/IL18R1/IL2RG/ITK/LEF1/NKG7/PRKCQ/RORA/RUNX3/SLAMF6/SOCS1/STAT4/ZAP70/ZNF683",24
"red","GO:0002228","natural killer cell mediated immunity","16/235","36/4319",0.444444444444444,8.16832151300236,10.3592203891659,9.85147577929411e-12,8.44413511820849e-10,7.58797318200074e-10,"CADM1/CD2/CD96/CEACAM1/GZMB/IL18RAP/KIR2DL4/KIR3DL1/KLRB1/KLRD1/LAG3/NKG7/RASGRP1/SH2D1A/SH2D1B/SLAMF6",16
"red","GO:0022407","regulation of cell-cell adhesion","35/235","179/4319",0.195530726256983,3.59360513491026,8.50085455490558,9.8981373657254e-12,8.44413511820849e-10,7.58797318200074e-10,"ADAM19/ADORA2A/CARD11/CBLB/CCL5/CD27/CD28/CD3E/CD40LG/CD5/CD6/CD69/CEACAM1/CTLA4/ETS1/FYN/HLA-DOA/ICOS/IDO1/IL2RG/IL7R/LAG3/LAX1/LCK/LEF1/PDCD1/PRKCQ/RASGRP1/RHOH/RUNX3/SKAP1/SLAMF1/SOCS1/TIGIT/ZAP70",35
"red","GO:0001906","cell killing","24/235","93/4319",0.258064516129032,4.74289636238847,8.75219355204041,5.48168554976484e-11,4.52056335003941e-09,4.06221750214153e-09,"CADM1/CD2/CEACAM1/CXCL10/CXCL9/GBP5/GNLY/GSDMB/GZMA/GZMB/GZMH/GZMM/IL18RAP/IL7R/KIR2DL4/KIR3DL1/KLRB1/KLRD1/LAG3/NKG7/PRF1/RASGRP1/SH2D1A/SLAMF6",24
"red","GO:0002715","regulation of natural killer cell mediated immunity","12/235","21/4319",0.571428571428571,10.5021276595745,10.4695902754686,9.72167502570897e-11,7.75852387535612e-09,6.97187696240996e-09,"CADM1/CD96/CEACAM1/IL18RAP/KIR2DL4/KLRB1/KLRD1/LAG3/RASGRP1/SH2D1A/SH2D1B/SLAMF6",12
"red","GO:0045087","innate immune response","45/235","301/4319",0.149501661129568,2.74764967837704,7.53989063275043,1.32853629288279e-10,1.027124621435e-08,9.2298310873962e-09,"APOBEC3D/APOBEC3F/APOBEC3H/CADM1/CCL5/CD2/CD6/CD96/CEACAM1/CXCL10/FYN/GBP4/GBP5/GFI1/GZMB/GZMM/HERC5/IFITM1/IL18RAP/ISG20/KIR2DL4/KIR3DL1/KLRB1/KLRD1/KLRG1/LAG3/LCK/MCOLN2/NKG7/NLRC3/NLRC5/OASL/PYHIN1/RASGRP1/SH2D1A/SH2D1B/SLAMF1/SLAMF6/STAT1/TNFAIP3/TNIP3/TRIM69/ZAP70/ZBP1/ZNF683",45
"red","GO:0140546","defense response to symbiont","50/235","367/4319",0.136239782016349,2.50391327033451,7.22403329773081,3.23599353064768e-10,2.42601454388556e-08,2.18003774696265e-08,"APOBEC3D/APOBEC3F/APOBEC3H/CADM1/CCL5/CD2/CD6/CD96/CEACAM1/CXCL10/CXCL9/FYN/GBP4/GBP5/GFI1/GNLY/GSDMB/GZMB/GZMM/HERC5/IFITM1/IL18RAP/ISG20/KIR2DL4/KIR3DL1/KLRB1/KLRD1/KLRG1/LAG3/LCK/MCOLN2/NKG7/NLRC3/NLRC5/OASL/PRF1/PYHIN1/RASGRP1/SH2D1A/SH2D1B/SLAMF1/SLAMF6/SLFN13/STAT1/TNFAIP3/TNIP3/TRIM69/ZAP70/ZBP1/ZNF683",50
"red","GO:0042267","natural killer cell mediated cytotoxicity","14/235","33/4319",0.424242424242424,7.79703417150226,9.40118769169183,4.41928056074533e-10,3.21567650214234e-08,2.88963484343472e-08,"CADM1/CD2/CEACAM1/GZMB/IL18RAP/KIR2DL4/KIR3DL1/KLRB1/KLRD1/LAG3/NKG7/RASGRP1/SH2D1A/SLAMF6",14
"red","GO:1903131","mononuclear cell differentiation","34/235","195/4319",0.174358974358974,3.20449536279324,7.55613224881117,5.40854836972322e-10,3.82307104762721e-08,3.43544485920464e-08,"BCL11B/CARD11/CD2/CD27/CD28/CD3D/CD3E/CD3G/CD40LG/CD69/CD8A/CTLA4/EOMES/GPR68/HLA-DOA/IL18R1/IL2RG/IL7R/ITK/ITM2A/LAG3/LCK/LEF1/RASGRP1/RHOH/RORA/RUNX3/SLAMF1/SLAMF6/SOCS1/STAT4/THEMIS/ZAP70/ZNF683",34
"red","GO:0098542","defense response to other organism","52/235","400/4319",0.13,2.38923404255319,6.99600585566619,7.61105232525574e-10,5.23048429241186e-08,4.70015862892986e-08,"APOBEC3D/APOBEC3F/APOBEC3H/CADM1/CCL5/CD2/CD6/CD96/CEACAM1/CXCL10/CXCL9/FYN/GBP4/GBP5/GFI1/GNLY/GSDMB/GZMB/GZMM/HERC5/IFITM1/IL18RAP/IL7R/ISG20/KIR2DL4/KIR3DL1/KLRB1/KLRD1/KLRG1/LAG3/LCK/LTA/MCOLN2/NKG7/NLRC3/NLRC5/OASL/PRF1/PYHIN1/RASGRP1/SH2D1A/SH2D1B/SLAMF1/SLAMF6/SLFN13/STAT1/TNFAIP3/TNIP3/TRIM69/ZAP70/ZBP1/ZNF683",52
"red","GO:0030155","regulation of cell adhesion","43/235","295/4319",0.145762711864407,2.6789325640101,7.1655191006872,8.47910458760646e-10,5.66954182425362e-08,5.09469954168559e-08,"ADAM19/ADORA2A/CARD11/CBLB/CCL5/CD27/CD28/CD3E/CD40LG/CD5/CD6/CD69/CEACAM1/CTLA4/CXCR3/CXCR4/EPHA1/EPHA4/ETS1/FYN/HLA-DOA/ICOS/IDO1/IL2RG/IL7R/LAG3/LAX1/LCK/LEF1/PDCD1/PRKCQ/RASGRP1/RHOH/RUNX3/S1PR1/SKAP1/SLAMF1/SOCS1/SPOCK2/TBCD/THBS1/TIGIT/ZAP70",43
"red","GO:0051707","response to other organism","59/235","494/4319",0.119433198380567,2.19502971832199,6.76953508939301,1.26717324268913e-09,8.07537748229531e-08,7.25660436650967e-08,"APOBEC3D/APOBEC3F/APOBEC3H/CADM1/CCL5/CD2/CD6/CD96/CEACAM1/CXCL10/CXCL9/CXCR4/FYN/GBP4/GBP5/GFI1/GNLY/GSDMB/GZMA/GZMB/GZMM/HERC5/IDO1/IFITM1/IL18RAP/IL7R/ISG20/KIR2DL4/KIR3DL1/KLRB1/KLRD1/KLRG1/LAG3/LCK/LTA/MCOLN2/NKG7/NLRC3/NLRC5/OASL/OCIAD2/PDE4B/PIM2/PRF1/PYHIN1/RASGRP1/RGS1/SH2D1A/SH2D1B/SLAMF1/SLAMF6/SLFN13/STAT1/TNFAIP3/TNIP3/TRIM69/ZAP70/ZBP1/ZNF683",59
"red","GO:1903039","positive regulation of leukocyte cell-cell adhesion","24/235","107/4319",0.224299065420561,4.12233048319745,7.84438607528217,1.27299806713628e-09,8.07537748229531e-08,7.25660436650967e-08,"CARD11/CCL5/CD27/CD28/CD3E/CD40LG/CD5/CD6/ETS1/FYN/HLA-DOA/ICOS/IL2RG/IL7R/LCK/LEF1/PRKCQ/RASGRP1/RHOH/RUNX3/SKAP1/SLAMF1/SOCS1/ZAP70",24
"red","GO:0043207","response to external biotic stimulus","59/235","495/4319",0.119191919191919,2.19059531485063,6.75212090567202,1.37428436763033e-09,8.49994881379356e-08,7.63812785377697e-08,"APOBEC3D/APOBEC3F/APOBEC3H/CADM1/CCL5/CD2/CD6/CD96/CEACAM1/CXCL10/CXCL9/CXCR4/FYN/GBP4/GBP5/GFI1/GNLY/GSDMB/GZMA/GZMB/GZMM/HERC5/IDO1/IFITM1/IL18RAP/IL7R/ISG20/KIR2DL4/KIR3DL1/KLRB1/KLRD1/KLRG1/LAG3/LCK/LTA/MCOLN2/NKG7/NLRC3/NLRC5/OASL/OCIAD2/PDE4B/PIM2/PRF1/PYHIN1/RASGRP1/RGS1/SH2D1A/SH2D1B/SLAMF1/SLAMF6/SLFN13/STAT1/TNFAIP3/TNIP3/TRIM69/ZAP70/ZBP1/ZNF683",59
"red","GO:0002717","positive regulation of natural killer cell mediated immunity","9/235","13/4319",0.692307692307692,12.7237315875614,10.1539007403191,2.12716681533357e-09,1.28356358564274e-07,1.15342138998318e-07,"CADM1/IL18RAP/KIR2DL4/KLRD1/LAG3/RASGRP1/SH2D1A/SH2D1B/SLAMF6",9
"red","GO:0042269","regulation of natural killer cell mediated cytotoxicity","10/235","17/4319",0.588235294117647,10.811013767209,9.72155026952188,2.61933443662362e-09,1.54291271338258e-07,1.38647476946092e-07,"CADM1/CEACAM1/IL18RAP/KIR2DL4/KLRB1/KLRD1/LAG3/RASGRP1/SH2D1A/SLAMF6",10
"red","GO:0002706","regulation of lymphocyte mediated immunity","19/235","71/4319",0.267605633802817,4.91824992508241,7.98475210786085,3.1754454237745e-09,1.82698883219026e-07,1.64174803794657e-07,"CADM1/CD28/CD7/CD96/CEACAM1/IL18R1/IL18RAP/IL7R/KIR2DL4/KLRB1/KLRD1/LAG3/LTA/PDCD1/RASGRP1/SH2D1A/SH2D1B/SLAMF1/SLAMF6",19
"red","GO:0001909","leukocyte mediated cytotoxicity","17/235","57/4319",0.298245614035088,5.48137364688317,8.16910060375467,3.58993005092613e-09,2.01851976045256e-07,1.81385939415215e-07,"CADM1/CD2/CEACAM1/GZMB/GZMM/IL18RAP/IL7R/KIR2DL4/KIR3DL1/KLRB1/KLRD1/LAG3/NKG7/PRF1/RASGRP1/SH2D1A/SLAMF6",17
"red","GO:0050870","positive regulation of T cell activation","22/235","96/4319",0.229166666666667,4.21179078014184,7.63316598473801,4.22529611979279e-09,2.32297391119275e-07,2.08744453918184e-07,"CARD11/CCL5/CD27/CD28/CD3E/CD40LG/CD5/CD6/FYN/HLA-DOA/ICOS/IL2RG/IL7R/LCK/LEF1/PRKCQ/RASGRP1/RHOH/RUNX3/SLAMF1/SOCS1/ZAP70",22
"red","GO:0022409","positive regulation of cell-cell adhesion","25/235","123/4319",0.203252032520325,3.73551288704376,7.38254264740639,5.04227460893282e-09,2.71186682228256e-07,2.43690708788698e-07,"ADAM19/CARD11/CCL5/CD27/CD28/CD3E/CD40LG/CD5/CD6/ETS1/FYN/HLA-DOA/ICOS/IL2RG/IL7R/LCK/LEF1/PRKCQ/RASGRP1/RHOH/RUNX3/SKAP1/SLAMF1/SOCS1/ZAP70",25
"red","GO:0098609","cell-cell adhesion","41/235","292/4319",0.14041095890411,2.58057417662489,6.70884682887822,7.05189265323019e-09,3.711996260445e-07,3.3356320903969e-07,"ADAM19/ADORA2A/CADM1/CARD11/CBLB/CCL5/CD2/CD27/CD28/CD3E/CD40LG/CD5/CD6/CD69/CEACAM1/CTLA4/CYFIP2/ETS1/FYN/HLA-DOA/ICOS/IDO1/IL2RG/IL7R/ITGB7/LAG3/LAX1/LCK/LEF1/PDCD1/PRKCQ/RASGRP1/RHOH/RUNX3/SELL/SKAP1/SLAMF1/SOCS1/TENM4/TIGIT/ZAP70",41
"red","GO:0002696","positive regulation of leukocyte activation","26/235","135/4319",0.192592592592593,3.53960598896769,7.19067685621664,8.13079410051602e-09,4.19074679264096e-07,3.76584147813374e-07,"CARD11/CCL5/CD2/CD27/CD28/CD38/CD3E/CD40LG/CD5/CD6/FYN/HLA-DOA/ICOS/IL2RG/IL7R/LCK/LEF1/PRKCQ/RASGRP1/RHOH/RUNX3/SLAMF1/SOCS1/THBS1/TNFRSF4/ZAP70",26
"red","GO:0002521","leukocyte differentiation","35/235","229/4319",0.152838427947598,2.80897519279011,6.74716113163609,1.1376215073715e-08,5.74382777395324e-07,5.16145354150076e-07,"BCL11B/CARD11/CD2/CD27/CD28/CD3D/CD3E/CD3G/CD40LG/CD69/CD8A/CEACAM1/CTLA4/EOMES/GPR68/HLA-DOA/IL18R1/IL2RG/IL7R/ITK/ITM2A/LAG3/LCK/LEF1/RASGRP1/RHOH/RORA/RUNX3/SLAMF1/SLAMF6/SOCS1/STAT4/THEMIS/ZAP70/ZNF683",35
"red","GO:0051251","positive regulation of lymphocyte activation","24/235","119/4319",0.201680672268908,3.70663329161452,7.18142514935805,1.22932291749908e-08,6.08268979578545e-07,5.46595789843802e-07,"CARD11/CCL5/CD27/CD28/CD38/CD3E/CD40LG/CD5/CD6/FYN/HLA-DOA/ICOS/IL2RG/IL7R/LCK/LEF1/PRKCQ/RASGRP1/RHOH/RUNX3/SLAMF1/SOCS1/TNFRSF4/ZAP70",24
"red","GO:0002683","negative regulation of immune system process","31/235","188/4319",0.164893617021277,3.03053417836125,6.82800789480686,1.37713513247284e-08,6.68045552497607e-07,6.00311537622834e-07,"ADORA2A/CBLB/CD69/CD96/CEACAM1/CST7/CTLA4/FYN/GPR68/HLA-DOA/IDO1/IL7R/KIR2DL4/KLRD1/LAG3/LAX1/NLRC3/NLRC5/PDCD1/PLCG1/PVRIG/RUNX3/SH2D1A/SLA2/SLAMF1/SOCS1/TBC1D10C/THBS1/TIGIT/TNFAIP3/UBASH3A",31
"red","GO:0050867","positive regulation of cell activation","26/235","145/4319",0.179310344827586,3.29549523110785,6.74398440025775,3.86687427438757e-08,1.8397397990067e-06,1.65320616751145e-06,"CARD11/CCL5/CD2/CD27/CD28/CD38/CD3E/CD40LG/CD5/CD6/FYN/HLA-DOA/ICOS/IL2RG/IL7R/LCK/LEF1/PRKCQ/RASGRP1/RHOH/RUNX3/SLAMF1/SOCS1/THBS1/TNFRSF4/ZAP70",26
"red","GO:0045580","regulation of T cell differentiation","17/235","67/4319",0.253731343283582,4.66325817719911,7.24837551374743,5.30216144310739e-08,2.47500894532975e-06,2.22406454177613e-06,"CARD11/CD2/CD27/CD28/CD69/CTLA4/HLA-DOA/IL2RG/IL7R/LAG3/LEF1/RASGRP1/RHOH/RUNX3/SOCS1/ZAP70/ZNF683",17
"red","GO:0045619","regulation of lymphocyte differentiation","17/235","72/4319",0.236111111111111,4.33942080378251,6.85375616489802,1.66792515437977e-07,7.64156820728806e-06,6.86677958294362e-06,"CARD11/CD2/CD27/CD28/CD69/CTLA4/HLA-DOA/IL2RG/IL7R/LAG3/LEF1/RASGRP1/RHOH/RUNX3/SOCS1/ZAP70/ZNF683",17
"red","GO:0006954","inflammatory response","39/235","303/4319",0.128712871287129,2.36557825995365,5.91253112237761,1.9810184933776e-07,8.91098136839307e-06,8.00748527849473e-06,"ADORA2A/APOL3/CCL5/CD28/CD40LG/CD6/CD96/CST7/CXCL10/CXCL9/CXCR3/CXCR4/CXCR6/ETS1/FYN/GBP5/GPR68/GSDMB/GZMA/GZMB/IDO1/IL18R1/IL18RAP/KLRG1/LAT/LTA/NKG7/NLRC3/PLCG1/PRKCQ/PTGDR/RASGRP1/RORA/SLAMF1/THBS1/TNFAIP3/TNFRSF4/TNIP3/ZBP1",39
"red","GO:0002460","adaptive immune response based on somatic recombination of immune receptors built from immunoglobulin superfamily domains","23/235","127/4319",0.181102362204724,3.32843022281789,6.38832253349869,2.06187669044349e-07,8.97935341205351e-06,8.06892499096158e-06,"BTN3A2/CD27/CD28/CD40LG/CD69/CD7/CD8A/CEACAM1/GZMM/IL18R1/IL7R/KLRD1/LEF1/LTA/PDCD1/PRF1/PRKCQ/RORA/SLA2/SLAMF1/SLAMF6/STAT4/TNFAIP3",23
"red","GO:0002703","regulation of leukocyte mediated immunity","19/235","90/4319",0.211111111111111,3.87995271867612,6.62247234528399,2.06880818305194e-07,8.97935341205351e-06,8.06892499096158e-06,"CADM1/CD28/CD7/CD96/CEACAM1/IL18R1/IL18RAP/IL7R/KIR2DL4/KLRB1/KLRD1/LAG3/LTA/PDCD1/RASGRP1/SH2D1A/SH2D1B/SLAMF1/SLAMF6",19
"red","GO:0002708","positive regulation of lymphocyte mediated immunity","14/235","50/4319",0.28,5.14604255319149,7.07274602644914,2.19828589314303e-07,9.36789250537425e-06,8.41806959594538e-06,"CADM1/CD28/CD7/IL18R1/IL18RAP/KIR2DL4/KLRD1/LAG3/LTA/RASGRP1/SH2D1A/SH2D1B/SLAMF1/SLAMF6",14
"red","GO:0002831","regulation of response to biotic stimulus","27/235","168/4319",0.160714285714286,2.95372340425532,6.19546255800261,2.2340568222194e-07,9.36789250537425e-06,8.41806959594538e-06,"APOBEC3F/CADM1/CCL5/CD96/CEACAM1/FYN/GBP5/GFI1/HERC5/IL18RAP/KIR2DL4/KLRB1/KLRD1/LAG3/NLRC3/NLRC5/OASL/PDCD1/PYHIN1/RASGRP1/SH2D1A/SH2D1B/SLAMF6/STAT1/TNFAIP3/TNIP3/ZBP1",27
"red","GO:0035710","CD4-positive, alpha-beta T cell activation","15/235","58/4319",0.258620689655172,4.75311812179017,6.90212541349614,2.53564201621611e-07,1.04552972468644e-05,9.39522094429549e-06,"CARD11/CBLB/CD28/CD3E/CD69/IL18R1/IL2RG/LEF1/NKG7/PRKCQ/RORA/RUNX3/SLAMF6/SOCS1/STAT4",15
"red","GO:0006968","cellular defense response","10/235","25/4319",0.4,7.35148936170213,7.63918350760521,2.98628540112395e-07,1.20593546089097e-05,1.08366408262848e-05,"ADORA2A/CXCL9/GNLY/ITK/KIR2DL4/KIR3DL2/KLRG1/PRF1/SH2D1A/TRAT1",10
"red","GO:0032103","positive regulation of response to external stimulus","31/235","214/4319",0.144859813084112,2.66233843706502,5.98276764417511,3.02215030619401e-07,1.20593546089097e-05,1.08366408262848e-05,"CADM1/CCL5/CD28/CXCL10/CXCR3/CXCR4/ETS1/FYN/GBP5/GFI1/IDO1/IL18RAP/KIR2DL4/KLRD1/LAG3/LTA/NKG7/NLRC3/NLRC5/OASL/PYHIN1/RASGRP1/S1PR1/SH2D1A/SH2D1B/SLAMF1/SLAMF6/THBS1/TNFAIP3/TNIP3/ZBP1",31
"red","GO:0032101","regulation of response to external stimulus","43/235","362/4319",0.11878453038674,2.18310802868226,5.64063561345861,4.3359527245451e-07,1.70272175246422e-05,1.53008056044098e-05,"ADORA2A/APOBEC3F/CADM1/CCL5/CD28/CD96/CEACAM1/CST7/CXCL10/CXCR3/CXCR4/EPHA4/ETS1/FYN/GBP5/GFI1/HERC5/HOPX/IDO1/IL18RAP/KIR2DL4/KLRB1/KLRD1/LAG3/LTA/NKG7/NLRC3/NLRC5/OASL/PLCG1/PYHIN1/RASGRP1/RORA/S1PR1/SH2D1A/SH2D1B/SLAMF1/SLAMF6/STAT1/THBS1/TNFAIP3/TNIP3/ZBP1",43
"red","GO:0045785","positive regulation of cell adhesion","28/235","185/4319",0.151351351351351,2.78164462334675,5.94092531877957,4.77337967260469e-07,1.84520957969125e-05,1.65812135995742e-05,"ADAM19/CARD11/CCL5/CD27/CD28/CD3E/CD40LG/CD5/CD6/EPHA1/EPHA4/ETS1/FYN/HLA-DOA/ICOS/IL2RG/IL7R/LCK/LEF1/PRKCQ/RASGRP1/RHOH/RUNX3/SKAP1/SLAMF1/SOCS1/SPOCK2/ZAP70",28
"red","GO:0001817","regulation of cytokine production","35/235","265/4319",0.132075471698113,2.42737856282617,5.75244689680225,4.89838343341543e-07,1.86440009450304e-05,1.67536612329933e-05,"BTN3A2/CADM1/CARD11/CD2/CD28/CD3E/CD40LG/CD6/CD7/CD96/CEACAM1/GBP5/IDO1/IL18R1/IL32/ITK/KIR2DL4/LAG3/LEF1/LTA/MCOLN2/NLRC3/PDE4B/PRKCQ/RORA/SLAMF1/SLAMF6/SOCS1/STAT1/THBS1/TIGIT/TNFAIP3/TRIB2/UBASH3A/ZNF683",35
"red","GO:0007155","cell adhesion","53/235","497/4319",0.106639839034205,1.95990410548397,5.45623523201989,5.41669875865908e-07,2.03044132256402e-05,1.82457221344306e-05,"ADAM19/ADORA2A/CADM1/CARD11/CBLB/CCL5/CD2/CD27/CD28/CD3E/CD40LG/CD5/CD6/CD69/CD96/CEACAM1/CTLA4/CXCR3/CXCR4/CYFIP2/EPHA1/EPHA4/ETS1/FBLN7/FYN/HAPLN3/HLA-DOA/ICOS/IDO1/IL2RG/IL32/IL7R/ITGB7/LAG3/LAX1/LCK/LEF1/PDCD1/PRKCQ/RASGRP1/RHOH/RUNX3/S1PR1/SELL/SKAP1/SLAMF1/SOCS1/SPOCK2/TBCD/TENM4/THBS1/TIGIT/ZAP70",53
"red","GO:0031347","regulation of defense response","35/235","267/4319",0.131086142322097,2.40919595186867,5.70196677926609,5.89241625287547e-07,2.17579668800208e-05,1.95518980770982e-05,"ADORA2A/APOBEC3F/CADM1/CCL5/CD28/CD96/CEACAM1/CST7/ETS1/FYN/GBP5/GFI1/HERC5/IDO1/IL18RAP/KIR2DL4/KLRB1/KLRD1/LAG3/LTA/NKG7/NLRC3/NLRC5/OASL/PLCG1/PYHIN1/RASGRP1/RORA/SH2D1A/SH2D1B/SLAMF6/STAT1/TNFAIP3/TNIP3/ZBP1",35
"red","GO:0001816","cytokine production","35/235","269/4319",0.130111524163569,2.39128371430831,5.65192920527306,7.0720186599589e-07,2.57296678893211e-05,2.31209031111969e-05,"BTN3A2/CADM1/CARD11/CD2/CD28/CD3E/CD40LG/CD6/CD7/CD96/CEACAM1/GBP5/IDO1/IL18R1/IL32/ITK/KIR2DL4/LAG3/LEF1/LTA/MCOLN2/NLRC3/PDE4B/PRKCQ/RORA/SLAMF1/SLAMF6/SOCS1/STAT1/THBS1/TIGIT/TNFAIP3/TRIB2/UBASH3A/ZNF683",35
"red","GO:0030097","hemopoiesis","40/235","334/4319",0.119760479041916,2.20104471907249,5.48088427017389,9.52114448791904e-07,3.38877154905106e-05,3.04517955648038e-05,"BCL11B/CARD11/CD2/CD27/CD28/CD3D/CD3E/CD3G/CD40LG/CD69/CD8A/CEACAM1/CTLA4/EOMES/ETS1/FLT3LG/GPR68/HLA-DOA/IL18R1/IL2RG/IL7R/ITK/ITM2A/LAG3/LCK/LEF1/N4BP2L2/RASGRP1/RHOH/RORA/RUNX3/SLAMF1/SLAMF6/SOCS1/STAT1/STAT4/TGFBR3/THEMIS/ZAP70/ZNF683",40
"red","GO:0050856","regulation of T cell receptor signaling pathway","9/235","22/4319",0.409090909090909,7.51856866537718,7.35213193057168,9.58827843304665e-07,3.38877154905106e-05,3.04517955648038e-05,"CARD11/CBLB/CEACAM1/LCK/PVRIG/SH2D1A/SLA2/TRAT1/UBASH3A",9
"red","GO:0033077","T cell differentiation in thymus","10/235","28/4319",0.357142857142857,6.56382978723404,7.08444735054222,1.03671650261178e-06,3.5622730936966e-05,3.2010895519241e-05,"BCL11B/CARD11/CD28/CD3D/CD3E/CD3G/IL2RG/IL7R/RASGRP1/ZAP70",10
"red","GO:0045058","T cell selection","10/235","28/4319",0.357142857142857,6.56382978723404,7.08444735054222,1.03671650261178e-06,3.5622730936966e-05,3.2010895519241e-05,"BCL11B/CARD11/CD28/CD3D/CD3E/CD3G/CD69/SLAMF6/THEMIS/ZAP70",10
"red","GO:0002697","regulation of immune effector process","23/235","139/4319",0.165467625899281,3.04108372876167,5.86695102962724,1.10869353196892e-06,3.70663215958257e-05,3.33081186275726e-05,"CADM1/CD28/CD40LG/CD69/CD7/CD96/CEACAM1/IL18R1/IL18RAP/IL7R/KIR2DL4/KLRB1/KLRD1/LAG3/LTA/PDCD1/RASGRP1/SH2D1A/SH2D1B/SLAMF1/SLAMF6/TNFRSF4/ZNF683",23
"red","GO:0045088","regulation of innate immune response","23/235","139/4319",0.165467625899281,3.04108372876167,5.86695102962724,1.10869353196892e-06,3.70663215958257e-05,3.33081186275726e-05,"CADM1/CCL5/CD96/CEACAM1/FYN/GBP5/GFI1/IL18RAP/KIR2DL4/KLRB1/KLRD1/LAG3/NLRC3/NLRC5/OASL/PYHIN1/RASGRP1/SH2D1A/SH2D1B/SLAMF6/TNFAIP3/TNIP3/ZBP1",23
"red","GO:0050854","regulation of antigen receptor-mediated signaling pathway","10/235","29/4319",0.344827586206897,6.33749082905356,6.91735203393048,1.50755796220506e-06,4.97293119799376e-05,4.46871918059942e-05,"CARD11/CBLB/CEACAM1/LCK/PRKCH/PVRIG/SH2D1A/SLA2/TRAT1/UBASH3A",10
"red","GO:0002705","positive regulation of leukocyte mediated immunity","14/235","58/4319",0.241379310344828,4.43624358033749,6.31938121134797,1.60617424866156e-06,5.22851985682725e-05,4.69839337004602e-05,"CADM1/CD28/CD7/IL18R1/IL18RAP/KIR2DL4/KLRD1/LAG3/LTA/RASGRP1/SH2D1A/SH2D1B/SLAMF1/SLAMF6",14
"red","GO:0031341","regulation of cell killing","12/235","43/4319",0.27906976744186,5.12894606630381,6.52659964438874,1.73130068204158e-06,5.56264660697515e-05,4.99864257070651e-05,"CADM1/CEACAM1/IL18RAP/IL7R/KIR2DL4/KLRB1/KLRD1/LAG3/PRF1/RASGRP1/SH2D1A/SLAMF6",12
"red","GO:0031349","positive regulation of defense response","25/235","164/4319",0.152439024390244,2.80163466528282,5.64203171275456,1.79957670002698e-06,5.70788814854711e-05,5.12915788185827e-05,"CADM1/CCL5/CD28/ETS1/FYN/GBP5/GFI1/IDO1/IL18RAP/KIR2DL4/KLRD1/LAG3/LTA/NKG7/NLRC3/NLRC5/OASL/PYHIN1/RASGRP1/SH2D1A/SH2D1B/SLAMF6/TNFAIP3/TNIP3/ZBP1",25
"red","GO:0045089","positive regulation of innate immune response","20/235","113/4319",0.176991150442478,3.25287139898324,5.82067528935972,1.95603759384446e-06,6.12561646477367e-05,5.50453217614857e-05,"CADM1/CCL5/FYN/GBP5/GFI1/IL18RAP/KIR2DL4/KLRD1/LAG3/NLRC3/NLRC5/OASL/PYHIN1/RASGRP1/SH2D1A/SH2D1B/SLAMF6/TNFAIP3/TNIP3/ZBP1",20
"red","GO:0001910","regulation of leukocyte mediated cytotoxicity","11/235","37/4319",0.297297297297297,5.46394479585969,6.5407677608098,2.37963683305094e-06,7.35902690621003e-05,6.61288551500472e-05,"CADM1/CEACAM1/IL18RAP/IL7R/KIR2DL4/KLRB1/KLRD1/LAG3/RASGRP1/SH2D1A/SLAMF6",11
"red","GO:0046632","alpha-beta T cell differentiation","14/235","62/4319",0.225806451612903,4.15003431708991,5.99227434073157,3.78518417771872e-06,0.000115611674761433,0.000103889655404054,"BCL11B/CD69/EOMES/IL18R1/IL2RG/ITK/LEF1/RORA/RUNX3/SLAMF6/SOCS1/STAT4/ZAP70/ZNF683",14
"red","GO:0002833","positive regulation of response to biotic stimulus","20/235","120/4319",0.166666666666667,3.06312056737589,5.49761949326712,5.15236667898465e-06,0.000155450672729366,0.000139689325109314,"CADM1/CCL5/FYN/GBP5/GFI1/IL18RAP/KIR2DL4/KLRD1/LAG3/NLRC3/NLRC5/OASL/PYHIN1/RASGRP1/SH2D1A/SH2D1B/SLAMF6/TNFAIP3/TNIP3/ZBP1",20
"red","GO:0001819","positive regulation of cytokine production","25/235","176/4319",0.142045454545455,2.61061411992263,5.2326628448489,6.70258996089414e-06,0.000199785633292194,0.000179529105864406,"BTN3A2/CADM1/CARD11/CD2/CD28/CD3E/CD40LG/CD6/CD7/GBP5/IDO1/IL18R1/IL32/ITK/KIR2DL4/LTA/MCOLN2/PDE4B/PRKCQ/RORA/SLAMF1/SLAMF6/STAT1/THBS1/TIGIT",25
"red","GO:1902105","regulation of leukocyte differentiation","19/235","112/4319",0.169642857142857,3.11781914893617,5.44683236729495,6.85396455766189e-06,0.000201865575186375,0.000181398159721578,"CARD11/CD2/CD27/CD28/CD69/CEACAM1/CTLA4/GPR68/HLA-DOA/IL2RG/IL7R/LAG3/LEF1/RASGRP1/RHOH/RUNX3/SOCS1/ZAP70/ZNF683",19
"red","GO:0031295","T cell costimulation","8/235","21/4319",0.380952380952381,7.00141843971631,6.61245506127897,7.49208368526573e-06,0.000218063706321734,0.000195953941093266,"CARD11/CD28/CD3E/CD40LG/CD5/FYN/ICOS/LCK",8
"red","GO:0002507","tolerance induction","6/235","11/4319",0.545454545454545,10.0247582205029,7.18830431182331,8.94008209189891e-06,0.000257183291806487,0.000231107140490704,"CBLB/CD3E/ICOS/IDO1/PDCD1/TNFAIP3",6
"red","GO:0031640","killing of cells of another organism","11/235","42/4319",0.261904761904762,4.81347517730496,5.9567356508037,9.34402213066518e-06,0.000259742817429951,0.000233407152453753,"CXCL10/CXCL9/GBP5/GNLY/GSDMB/GZMA/GZMB/GZMH/GZMM/NKG7/PRF1",11
"red","GO:0141060","disruption of anatomical structure in another organism","11/235","42/4319",0.261904761904762,4.81347517730496,5.9567356508037,9.34402213066518e-06,0.000259742817429951,0.000233407152453753,"CXCL10/CXCL9/GBP5/GNLY/GSDMB/GZMA/GZMB/GZMH/GZMM/NKG7/PRF1",11
"red","GO:0141061","disruption of cell in another organism","11/235","42/4319",0.261904761904762,4.81347517730496,5.9567356508037,9.34402213066518e-06,0.000259742817429951,0.000233407152453753,"CXCL10/CXCL9/GBP5/GNLY/GSDMB/GZMA/GZMB/GZMH/GZMM/NKG7/PRF1",11
"red","GO:0046634","regulation of alpha-beta T cell activation","12/235","50/4319",0.24,4.41089361702128,5.81865332227664,9.73991653683388e-06,0.000267739483468078,0.000240593026032669,"ADORA2A/CARD11/CBLB/CD28/CD3E/CD69/IL2RG/PRKCQ/RUNX3/SOCS1/ZAP70/ZNF683",12
"red","GO:0031294","lymphocyte costimulation","8/235","22/4319",0.363636363636364,6.68317214700193,6.40990891617629,1.1225372737815e-05,0.00030429288042331,0.000273440226121785,"CARD11/CD28/CD3E/CD40LG/CD5/FYN/ICOS/LCK",8
"red","GO:0051250","negative regulation of lymphocyte activation","13/235","59/4319",0.220338983050847,4.04954922466643,5.65703984483803,1.13156608726534e-05,0.00030429288042331,0.000273440226121785,"ADORA2A/CBLB/CD69/CTLA4/IDO1/LAG3/LAX1/PDCD1/RUNX3/SOCS1/TBC1D10C/TIGIT/TNFAIP3",13
"red","GO:1903706","regulation of hemopoiesis","21/235","137/4319",0.153284671532847,2.81717658021432,5.18439142655636,1.16029196532456e-05,0.000306218143444207,0.000275170284199534,"CARD11/CD2/CD27/CD28/CD69/CEACAM1/CTLA4/ETS1/GPR68/HLA-DOA/IL2RG/IL7R/LAG3/LEF1/RASGRP1/RHOH/RUNX3/SOCS1/STAT1/ZAP70/ZNF683",21
"red","GO:0046651","lymphocyte proliferation","19/235","116/4319",0.163793103448276,3.01030814380044,5.26434465951796,1.16348041567322e-05,0.000306218143444207,0.000275170284199534,"CARD11/CBLB/CCL5/CD28/CD38/CD3E/CD40LG/CD6/CTLA4/FYN/IDO1/IL7R/LEF1/PRKCQ/RASGRP1/SH2D2A/SLAMF1/TNFRSF4/ZAP70",19
"red","GO:0042098","T cell proliferation","16/235","87/4319",0.183908045977011,3.37999510882856,5.37892197710324,1.30385123607172e-05,0.000339550311372784,0.000305122859898447,"CARD11/CBLB/CCL5/CD28/CD3E/CD40LG/CD6/CTLA4/FYN/IDO1/PRKCQ/RASGRP1/SH2D2A/SLAMF1/TNFRSF4/ZAP70",16
"red","GO:0070661","leukocyte proliferation","20/235","129/4319",0.155038759689922,2.84941448127989,5.11510415103043,1.59080002176742e-05,0.000409962422276312,0.00036839579451456,"CARD11/CBLB/CCL5/CD28/CD38/CD3E/CD40LG/CD6/CTLA4/FYN/IDO1/IL7R/LEF1/PRKCQ/RASGRP1/SH2D2A/SLAMF1/TNFAIP3/TNFRSF4/ZAP70",20
"red","GO:0050866","negative regulation of cell activation","15/235","79/4319",0.189873417721519,3.48963102612443,5.35670818754849,1.63983397583645e-05,0.000414309333249693,0.000372301966482301,"ADORA2A/CBLB/CD69/CEACAM1/CST7/CTLA4/IDO1/LAG3/LAX1/PDCD1/RUNX3/SOCS1/TBC1D10C/TIGIT/TNFAIP3",15
"red","GO:0043368","positive T cell selection","8/235","23/4319",0.347826086956522,6.39259944495837,6.21959817947997,1.6411606571734e-05,0.000414309333249693,0.000372301966482301,"BCL11B/CD3D/CD3E/CD3G/CD69/SLAMF6/THEMIS/ZAP70",8
"red","GO:0032943","mononuclear cell proliferation","19/235","119/4319",0.159663865546218,2.93441802252816,5.13253061631731,1.69996409967134e-05,0.000420620013449951,0.000377972798539036,"CARD11/CBLB/CCL5/CD28/CD38/CD3E/CD40LG/CD6/CTLA4/FYN/IDO1/IL7R/LEF1/PRKCQ/RASGRP1/SH2D2A/SLAMF1/TNFRSF4/ZAP70",19
"red","GO:0002695","negative regulation of leukocyte activation","14/235","70/4319",0.2,3.67574468085106,5.41355693481769,1.70016173585267e-05,0.000420620013449951,0.000377972798539036,"ADORA2A/CBLB/CD69/CST7/CTLA4/IDO1/LAG3/LAX1/PDCD1/RUNX3/SOCS1/TBC1D10C/TIGIT/TNFAIP3",14
"red","GO:0042113","B cell activation","16/235","89/4319",0.179775280898876,3.30404016256275,5.26801797593029,1.76118386162597e-05,0.000431402858778479,0.000387662357035335,"CARD11/CD27/CD28/CD38/CD40LG/CTLA4/IL2RG/IL7R/ITM2A/LAX1/LEF1/RASGRP1/TBC1D10C/TNFAIP3/TNFRSF4/ZAP70",16
"red","GO:0002707","negative regulation of lymphocyte mediated immunity","7/235","18/4319",0.388888888888889,7.14728132387707,6.26854868682518,2.453956886978e-05,0.000595204837096429,0.000534856237904803,"CD96/CEACAM1/IL7R/KIR2DL4/KLRD1/PDCD1/SLAMF1",7
"red","GO:0030101","natural killer cell activation","9/235","31/4319",0.290322580645161,5.33575840768703,5.81100055519551,2.5213288624918e-05,0.000605608505417933,0.000544205064648204,"CD2/FYN/IL18R1/KLRD1/NKG7/RASGRP1/SH2D1A/SLAMF1/ZNF683",9
"red","GO:0002263","cell activation involved in immune response","18/235","112/4319",0.160714285714286,2.95372340425532,5.02479349116523,2.60473166509467e-05,0.000613724394232781,0.000551498072850119,"CD28/CD40LG/CD69/CEACAM1/EOMES/IL18R1/ITM2A/LAT/LEF1/NKG7/PTGDR/RASGRP1/RORA/SH2D1B/SLAMF1/SLAMF6/STAT4/ZNF683",18
"red","GO:0002366","leukocyte activation involved in immune response","18/235","112/4319",0.160714285714286,2.95372340425532,5.02479349116523,2.60473166509467e-05,0.000613724394232781,0.000551498072850119,"CD28/CD40LG/CD69/CEACAM1/EOMES/IL18R1/ITM2A/LAT/LEF1/NKG7/PTGDR/RASGRP1/RORA/SH2D1B/SLAMF1/SLAMF6/STAT4/ZNF683",18
"red","GO:0050777","negative regulation of immune response","13/235","65/4319",0.2,3.67574468085106,5.2135673680218,3.42484224101654e-05,0.000799345255120276,0.000718298591164542,"CD69/CD96/CEACAM1/FYN/IL7R/KIR2DL4/KLRD1/NLRC3/NLRC5/PDCD1/PLCG1/SLAMF1/TNFAIP3",13
"red","GO:0050868","negative regulation of T cell activation","11/235","48/4319",0.229166666666667,4.21179078014184,5.36704780315109,3.68632511128953e-05,0.000852333488348627,0.000765914277918691,"ADORA2A/CBLB/CD69/CTLA4/IDO1/LAG3/LAX1/PDCD1/RUNX3/SOCS1/TIGIT",11
"red","GO:0048525","negative regulation of viral process","9/235","33/4319",0.272727272727273,5.01237911025145,5.54964535324093,4.38219720536616e-05,0.00100384776722925,0.000902066325315139,"APOBEC3D/APOBEC3F/APOBEC3H/CCL5/IFITM1/IL32/ISG20/OASL/STAT1",9
"red","GO:0050860","negative regulation of T cell receptor signaling pathway","6/235","14/4319",0.428571428571429,7.87659574468085,6.18134975314913,5.05677006252384e-05,0.00114774762703523,0.00103137598957512,"CBLB/CEACAM1/PVRIG/SH2D1A/SLA2/UBASH3A",6
"red","GO:0071345","cellular response to cytokine stimulus","32/235","289/4319",0.110726643598616,2.03501435618052,4.36893069471247,6.64934597805279e-05,0.00149549835906387,0.00134386781872225,"ARID5B/CCL5/CEACAM1/CISH/CXCL10/CXCL9/CXCR3/CXCR4/CXCR6/GBP4/GBP5/GFI1/IFITM1/IL18R1/IL18RAP/IL2RG/IL7R/LEF1/MSC/NLRC5/OASL/PYHIN1/RORA/SOCS1/SOCS2/SPOCK2/STAT1/STAT4/THBS1/TNFAIP3/TNFRSF4/ZBP1",32
"red","GO:0002456","T cell mediated immunity","11/235","51/4319",0.215686274509804,3.96403838130997,5.10727319076133,6.71838988859796e-05,0.00149741410670192,0.0013455893261943,"BTN3A2/CD7/CD8A/CEACAM1/GZMM/IL18R1/IL7R/KLRD1/PDCD1/PRF1/SLAMF1",11
"red","GO:0010628","positive regulation of gene expression","37/235","356/4319",0.103932584269663,1.91014821898159,4.29989123014859,6.81764044146968e-05,0.00150596807608893,0.00135327599740451,"ADAM19/APOBEC3F/BTN3A2/CADM1/CARD11/CCL5/CD2/CD28/CD3E/CD40LG/CD6/CD7/ETS1/GBP5/IDO1/IL18R1/IL2RG/IL32/IL7R/ITK/KIR2DL4/LEF1/LTA/MCOLN2/PASK/PDE4B/PRKCH/PRKCQ/RORA/SLAMF1/SLAMF6/STAT1/TGFBR3/THBS1/TIGIT/TNFRSF4/ZNF683",37
"red","GO:0002520","immune system development","12/235","60/4319",0.2,3.67574468085106,5.00609237696017,6.89948533482944e-05,0.00151055988658124,0.00135740223820771,"BCL11B/CBLB/CD28/CD3E/CD40LG/ICOS/IDO1/IL7R/LEF1/LTA/PDCD1/TNFAIP3",12
"red","GO:2000514","regulation of CD4-positive, alpha-beta T cell activation","9/235","35/4319",0.257142857142857,4.72595744680851,5.30859465119243,7.28949125038654e-05,0.00158194748714529,0.00142155175630807,"CARD11/CBLB/CD28/CD3E/CD69/IL2RG/PRKCQ/RUNX3/SOCS1",9
"red","GO:0043124","negative regulation of canonical NF-kappaB signal transduction","7/235","21/4319",0.333333333333333,6.12624113475177,5.64817125773155,7.78678571407763e-05,0.00166073343591621,0.00149234949438584,"NLRC3/RHOH/RORA/STAT1/TGFBR3/TNFAIP3/TNIP3",7
"red","GO:0070229","negative regulation of lymphocyte apoptotic process","7/235","21/4319",0.333333333333333,6.12624113475177,5.64817125773155,7.78678571407763e-05,0.00166073343591621,0.00149234949438584,"BCL11B/CCL5/CD27/IDO1/IL7R/PDCD1/PRKCQ",7
"red","GO:0070233","negative regulation of T cell apoptotic process","6/235","15/4319",0.4,7.35148936170213,5.91040793251757,8.04692840744048e-05,0.00170154708376134,0.00152902499293876,"BCL11B/CCL5/CD27/IDO1/IL7R/PRKCQ",6
"red","GO:0031343","positive regulation of cell killing","8/235","28/4319",0.285714285714286,5.25106382978723,5.41289705789038,8.20161680011834e-05,0.00171955931894007,0.0015452109439652,"CADM1/IL18RAP/KLRD1/LAG3/PRF1/RASGRP1/SH2D1A/SLAMF6",8
"red","GO:0002710","negative regulation of T cell mediated immunity","5/235","10/4319",0.5,9.18936170212766,6.21862243802459,9.19975062328617e-05,0.00188100686297603,0.00169028910973296,"CEACAM1/IL7R/KLRD1/PDCD1/SLAMF1",5
"red","GO:0035739","CD4-positive, alpha-beta T cell proliferation","5/235","10/4319",0.5,9.18936170212766,6.21862243802459,9.19975062328617e-05,0.00188100686297603,0.00169028910973296,"CARD11/CBLB/CD28/CD3E/PRKCQ",5
"red","GO:2000561","regulation of CD4-positive, alpha-beta T cell proliferation","5/235","10/4319",0.5,9.18936170212766,6.21862243802459,9.19975062328617e-05,0.00188100686297603,0.00169028910973296,"CARD11/CBLB/CD28/CD3E/PRKCQ",5
"red","GO:0051607","defense response to virus","16/235","102/4319",0.156862745098039,2.88293700458907,4.61600700632549,0.000100003532026074,0.00202794047731562,0.00182232493217487,"APOBEC3D/APOBEC3F/APOBEC3H/CXCL10/CXCL9/GBP5/HERC5/IFITM1/ISG20/NLRC5/OASL/PRF1/SLFN13/STAT1/TNFAIP3/ZBP1",16
"red","GO:0034097","response to cytokine","34/235","322/4319",0.105590062111801,1.94061054579093,4.20826508366888,0.000101733155069086,0.00204624248488552,0.00183877127518964,"ARID5B/CCL5/CD38/CEACAM1/CISH/CXCL10/CXCL9/CXCR3/CXCR4/CXCR6/GBP4/GBP5/GFI1/IFITM1/IL18R1/IL18RAP/IL2RG/IL7R/LEF1/MSC/NLRC5/OASL/PYHIN1/RORA/SELL/SOCS1/SOCS2/SPOCK2/STAT1/STAT4/THBS1/TNFAIP3/TNFRSF4/ZBP1",34
"red","GO:0002704","negative regulation of leukocyte mediated immunity","7/235","22/4319",0.318181818181818,5.84777562862669,5.4676859017809,0.000108967683195492,0.00217408103407779,0.00195364810618742,"CD96/CEACAM1/IL7R/KIR2DL4/KLRD1/PDCD1/SLAMF1",7
"red","GO:0009615","response to virus","19/235","136/4319",0.139705882352941,2.56761576971214,4.45551109027394,0.000113693837790926,0.00225022843755801,0.00202207482454262,"APOBEC3D/APOBEC3F/APOBEC3H/CCL5/CXCL10/CXCL9/CXCR4/GBP5/HERC5/IFITM1/ISG20/NLRC5/OASL/PIM2/PRF1/SLFN13/STAT1/TNFAIP3/ZBP1",19
"red","GO:1903038","negative regulation of leukocyte cell-cell adhesion","11/235","54/4319",0.203703703703704,3.74381402679275,4.86658616933037,0.000116769778747534,0.00229276533826507,0.00206029885308932,"ADORA2A/CBLB/CD69/CTLA4/IDO1/LAG3/LAX1/PDCD1/RUNX3/SOCS1/TIGIT",11
"red","GO:0050858","negative regulation of antigen receptor-mediated signaling pathway","6/235","16/4319",0.375,6.89202127659574,5.66331878053908,0.000122935229435239,0.00239481698915575,0.0021520033532302,"CBLB/CEACAM1/PVRIG/SH2D1A/SLA2/UBASH3A",6
"red","GO:0002699","positive regulation of immune effector process","15/235","94/4319",0.159574468085106,2.93277501131734,4.54427134267926,0.000135555553199878,0.00262003467669138,0.00235438592399787,"CADM1/CD28/CD7/IL18R1/IL18RAP/KIR2DL4/KLRD1/LAG3/LTA/RASGRP1/SH2D1A/SH2D1B/SLAMF1/SLAMF6/TNFRSF4",15
"red","GO:0019221","cytokine-mediated signaling pathway","23/235","186/4319",0.123655913978495,2.27263784031114,4.25560181258312,0.000148488194924332,0.00284775034296742,0.00255901320016474,"CCL5/CEACAM1/CISH/CXCL10/CXCL9/CXCR3/CXCR4/CXCR6/GFI1/IFITM1/IL18R1/IL18RAP/IL2RG/IL7R/NLRC5/OASL/SOCS1/SOCS2/STAT1/STAT4/TNFAIP3/TNFRSF4/ZBP1",23
"red","GO:0032609","type II interferon production","10/235","47/4319",0.212765957446809,3.91036668175645,4.81186462163208,0.000163412640804758,0.00308612880420589,0.00277322215652591,"BTN3A2/CD2/CD3E/CD96/IL18R1/LTA/PDE4B/SLAMF1/SLAMF6/ZNF683",10
"red","GO:0032649","regulation of type II interferon production","10/235","47/4319",0.212765957446809,3.91036668175645,4.81186462163208,0.000163412640804758,0.00308612880420589,0.00277322215652591,"BTN3A2/CD2/CD3E/CD96/IL18R1/LTA/PDE4B/SLAMF1/SLAMF6/ZNF683",10
"red","GO:1901652","response to peptide","34/235","330/4319",0.103030303030303,1.89356544165055,4.0512001440882,0.000165748073435573,0.00310652070969399,0.00279154649996754,"ARID5B/CCL5/CD38/CEACAM1/CISH/CXCL10/CXCL9/CXCR3/CXCR4/CXCR6/GBP4/GBP5/GFI1/IFITM1/IL18R1/IL18RAP/IL2RG/IL7R/LEF1/MSC/NLRC5/OASL/PYHIN1/RORA/SELL/SOCS1/SOCS2/SPOCK2/STAT1/STAT4/THBS1/TNFAIP3/TNFRSF4/ZBP1",34
"red","GO:0046635","positive regulation of alpha-beta T cell activation","8/235","31/4319",0.258064516129032,4.74289636238847,5.01641715122256,0.000180541986594594,0.00333329011070914,0.00299532345394958,"CARD11/CD28/CD3E/IL2RG/PRKCQ/RUNX3/SOCS1/ZAP70",8
"red","GO:0070228","regulation of lymphocyte apoptotic process","8/235","31/4319",0.258064516129032,4.74289636238847,5.01641715122256,0.000180541986594594,0.00333329011070914,0.00299532345394958,"BCL11B/CCL5/CD27/CD3G/IDO1/IL7R/PDCD1/PRKCQ",8
"red","GO:0050671","positive regulation of lymphocyte proliferation","11/235","57/4319",0.192982456140351,3.54677118327734,4.64251179443738,0.000194661224652883,0.00356734718363876,0.0032056491732311,"CARD11/CCL5/CD28/CD38/CD3E/CD40LG/CD6/PRKCQ/SLAMF1/TNFRSF4/ZAP70",11
"red","GO:0032623","interleukin-2 production","7/235","24/4319",0.291666666666667,5.3604609929078,5.13793760622427,0.000201338411941522,0.00360950167495163,0.00324352956537372,"CARD11/CD28/CD3E/LAG3/PDE4B/PRKCQ/TNFAIP3",7
"red","GO:0032663","regulation of interleukin-2 production","7/235","24/4319",0.291666666666667,5.3604609929078,5.13793760622427,0.000201338411941522,0.00360950167495163,0.00324352956537372,"CARD11/CD28/CD3E/LAG3/PDE4B/PRKCQ/TNFAIP3",7
"red","GO:0045071","negative regulation of viral genome replication","7/235","24/4319",0.291666666666667,5.3604609929078,5.13793760622427,0.000201338411941522,0.00360950167495163,0.00324352956537372,"APOBEC3D/APOBEC3F/APOBEC3H/CCL5/IFITM1/ISG20/OASL",7
"red","GO:0002823","negative regulation of adaptive immune response based on somatic recombination of immune receptors built from immunoglobulin superfamily domains","6/235","18/4319",0.333333333333333,6.12624113475177,5.22736644714522,0.000259855162132792,0.00460523889008337,0.00413830767810751,"CD69/CEACAM1/IL7R/KLRD1/PDCD1/SLAMF1",6
"red","GO:0046629","gamma-delta T cell activation","5/235","12/4319",0.416666666666667,7.65780141843972,5.53944695431058,0.000264170805479838,0.00460523889008337,0.00413830767810751,"CD247/CD3E/CD3G/ITK/LEF1",5
"red","GO:0001912","positive regulation of leukocyte mediated cytotoxicity","7/235","25/4319",0.28,5.14604255319149,4.98660677685241,0.000266836454540666,0.00460523889008337,0.00413830767810751,"CADM1/IL18RAP/KLRD1/LAG3/RASGRP1/SH2D1A/SLAMF6",7
"red","GO:0070232","regulation of T cell apoptotic process","7/235","25/4319",0.28,5.14604255319149,4.98660677685241,0.000266836454540666,0.00460523889008337,0.00413830767810751,"BCL11B/CCL5/CD27/IDO1/IL7R/PDCD1/PRKCQ",7
"red","GO:0032946","positive regulation of mononuclear cell proliferation","11/235","59/4319",0.186440677966102,3.42654165164082,4.50133504895063,0.000268049474604691,0.00460523889008337,0.00413830767810751,"CARD11/CCL5/CD28/CD38/CD3E/CD40LG/CD6/PRKCQ/SLAMF1/TNFRSF4/ZAP70",11
"red","GO:0050792","regulation of viral process","11/235","59/4319",0.186440677966102,3.42654165164082,4.50133504895063,0.000268049474604691,0.00460523889008337,0.00413830767810751,"APOBEC3D/APOBEC3F/APOBEC3H/CCL5/CD28/CXCR4/IFITM1/IL32/ISG20/OASL/STAT1",11
"red","GO:0045582","positive regulation of T cell differentiation","9/235","41/4319",0.219512195121951,4.03435391800727,4.68241773347685,0.000271437293191406,0.0046312818162451,0.00416171007782395,"CD27/IL2RG/IL7R/LEF1/RASGRP1/RHOH/RUNX3/SOCS1/ZAP70",9
"red","GO:0045069","regulation of viral genome replication","8/235","33/4319",0.242424242424242,4.45544809800129,4.77933688555076,0.000289018960902574,0.00489748567995184,0.00440092318259724,"APOBEC3D/APOBEC3F/APOBEC3H/CCL5/CD28/IFITM1/ISG20/OASL",8
"red","GO:0042102","positive regulation of T cell proliferation","9/235","42/4319",0.214285714285714,3.93829787234043,4.58968863702431,0.000329350772193069,0.00550549871895712,0.00494728898201822,"CARD11/CCL5/CD28/CD3E/CD40LG/CD6/PRKCQ/SLAMF1/ZAP70",9
"red","GO:0050864","regulation of B cell activation","9/235","42/4319",0.214285714285714,3.93829787234043,4.58968863702431,0.000329350772193069,0.00550549871895712,0.00494728898201822,"CARD11/CD27/CD28/CD38/CTLA4/IL2RG/TBC1D10C/TNFAIP3/TNFRSF4",9
"red","GO:0070663","regulation of leukocyte proliferation","15/235","102/4319",0.147058823529412,2.70275344180225,4.17428825194255,0.000343915326205482,0.00571037930894203,0.00513139646023298,"CARD11/CBLB/CCL5/CD28/CD38/CD3E/CD40LG/CD6/CTLA4/IDO1/PRKCQ/SLAMF1/TNFAIP3/TNFRSF4/ZAP70",15
"red","GO:0002820","negative regulation of adaptive immune response","6/235","19/4319",0.315789473684211,5.80380739081747,5.03338953820776,0.000362679739147117,0.00598179783099979,0.00537529550230675,"CD69/CEACAM1/IL7R/KLRD1/PDCD1/SLAMF1",6
"red","GO:0019722","calcium-mediated signaling","12/235","71/4319",0.169014084507042,3.10626311057836,4.29221951980167,0.000369927433769078,0.00606093027248145,0.00544640460174481,"CD3E/CXCR3/CXCR4/CXCR6/LAT/MCOLN2/PLCG1/RCAN3/SLA2/TBC1D10C/TRAT1/ZAP70",12
"red","GO:0002285","lymphocyte activation involved in immune response","13/235","82/4319",0.158536585365854,2.91370005189414,4.19646829470759,0.000406234950600332,0.00661200834069224,0.00594160814174446,"CD28/CD40LG/CD69/CEACAM1/EOMES/IL18R1/ITM2A/LEF1/NKG7/RORA/SLAMF6/STAT4/ZNF683",13
"red","GO:0046641","positive regulation of alpha-beta T cell proliferation","5/235","13/4319",0.384615384615385,7.06873977086743,5.25612351255069,0.000410361753649446,0.00663552273548189,0.00596273838120145,"CARD11/CD28/CD3E/PRKCQ/ZAP70",5
"red","GO:0070665","positive regulation of leukocyte proliferation","11/235","62/4319",0.17741935483871,3.26074124914207,4.30058228406304,0.000421105121310384,0.00672346351054963,0.00604176272572898,"CARD11/CCL5/CD28/CD38/CD3E/CD40LG/CD6/PRKCQ/SLAMF1/TNFRSF4/ZAP70",11
"red","GO:0022408","negative regulation of cell-cell adhesion","12/235","72/4319",0.166666666666667,3.06312056737589,4.23430473079766,0.000422892865238904,0.00672346351054963,0.00604176272572898,"ADORA2A/CBLB/CD69/CEACAM1/CTLA4/IDO1/LAG3/LAX1/PDCD1/RUNX3/SOCS1/TIGIT",12
"red","GO:0050670","regulation of lymphocyte proliferation","14/235","93/4319",0.150537634408602,2.76668954472661,4.13113464673821,0.000423953236720187,0.00672346351054963,0.00604176272572898,"CARD11/CBLB/CCL5/CD28/CD38/CD3E/CD40LG/CD6/CTLA4/IDO1/PRKCQ/SLAMF1/TNFRSF4/ZAP70",14
"red","GO:0042100","B cell proliferation","8/235","35/4319",0.228571428571429,4.20085106382979,4.56044414872881,0.000445675323506798,0.0069877512881978,0.00627925401892259,"CARD11/CD38/CD40LG/CTLA4/IL7R/LEF1/RASGRP1/TNFRSF4",8
"red","GO:0008284","positive regulation of cell population proliferation","31/235","306/4319",0.101307189542484,1.86189681546377,3.75157638013376,0.000446267058825891,0.0069877512881978,0.00627925401892259,"CARD11/CCL5/CD28/CD38/CD3E/CD40LG/CD6/CDC25B/CXCL10/CXCR3/EPHA1/EPHA4/FLT3LG/HAPLN3/IL7R/LBH/LEF1/LTA/N4BP2L2/PLCG1/PPP1R16B/PRKCH/PRKCQ/S1PR1/SLAMF1/STAT1/TGFBR3/THBS1/TNFAIP3/TNFRSF4/ZAP70",31
"red","GO:0002819","regulation of adaptive immune response","13/235","83/4319",0.156626506024096,2.8785952319918,4.14502037449915,0.000458799433589486,0.00713880376541124,0.00641499108732866,"CD28/CD69/CD7/CEACAM1/IL18R1/IL7R/KLRD1/LTA/PDCD1/PRKCQ/SKAP1/SLAMF1/TNFAIP3",13
"red","GO:0045621","positive regulation of lymphocyte differentiation","9/235","44/4319",0.204545454545455,3.75928433268859,4.41252437178748,0.000475958727512495,0.00735951182416195,0.0066133212664894,"CD27/IL2RG/IL7R/LEF1/RASGRP1/RHOH/RUNX3/SOCS1/ZAP70",9
"red","GO:0042129","regulation of T cell proliferation","12/235","73/4319",0.164383561643836,3.02116001165841,4.17738512328174,0.000482126841503305,0.00740858264521227,0.00665741673262491,"CARD11/CBLB/CCL5/CD28/CD3E/CD40LG/CD6/CTLA4/IDO1/PRKCQ/SLAMF1/ZAP70",12
"red","GO:0032944","regulation of mononuclear cell proliferation","14/235","95/4319",0.147368421052632,2.70844344904815,4.03861858192508,0.000529928840959186,0.00809286390452486,0.0072723178174516,"CARD11/CBLB/CCL5/CD28/CD38/CD3E/CD40LG/CD6/CTLA4/IDO1/PRKCQ/SLAMF1/TNFRSF4/ZAP70",14
"red","GO:2000107","negative regulation of leukocyte apoptotic process","7/235","28/4319",0.25,4.59468085106383,4.57712191156446,0.000571188093121695,0.00866944381830107,0.00779043753744282,"BCL11B/CCL5/CD27/IDO1/IL7R/PDCD1/PRKCQ",7
"red","GO:0046640","regulation of alpha-beta T cell proliferation","6/235","21/4319",0.285714285714286,5.25106382978723,4.68388745418414,0.000661566775844559,0.00997997685024049,0.00896809390618556,"CARD11/CBLB/CD28/CD3E/PRKCQ/ZAP70",6
"red","GO:0080134","regulation of response to stress","38/235","414/4319",0.0917874396135266,1.68693596464179,3.52564263521444,0.000720602894960829,0.01080467613414,0.00970917584789328,"ADORA2A/APOBEC3F/CADM1/CCL5/CD28/CD96/CEACAM1/CST7/CXCR4/EPHA4/ETS1/FYN/GBP5/GFI1/HERC5/IDO1/IL18RAP/KIR2DL4/KLRB1/KLRD1/LAG3/LTA/NKG7/NLRC3/NLRC5/OASL/PLCG1/PYHIN1/RASGRP1/RORA/SH2D1A/SH2D1B/SLAMF6/STAT1/THBS1/TNFAIP3/TNIP3/ZBP1",38
"red","GO:0019079","viral genome replication","9/235","47/4319",0.191489361702128,3.51933001358081,4.16534282039304,0.000792917755806667,0.0117604264273491,0.010568021365171,"APOBEC3D/APOBEC3F/APOBEC3H/CCL5/CD28/CXCR6/IFITM1/ISG20/OASL",9
"red","GO:0002822","regulation of adaptive immune response based on somatic recombination of immune receptors built from immunoglobulin superfamily domains","12/235","77/4319",0.155844155844156,2.8642166344294,3.95903000104161,0.000793852551886542,0.0117604264273491,0.010568021365171,"CD28/CD69/CD7/CEACAM1/IL18R1/IL7R/KLRD1/LTA/PDCD1/PRKCQ/SLAMF1/TNFAIP3",12
"red","GO:0046633","alpha-beta T cell proliferation","6/235","22/4319",0.272727272727273,5.01237911025145,4.5254628873855,0.000868791435587961,0.0127182840925717,0.0114287605852493,"CARD11/CBLB/CD28/CD3E/PRKCQ/ZAP70",6
"red","GO:2000516","positive regulation of CD4-positive, alpha-beta T cell activation","6/235","22/4319",0.272727272727273,5.01237911025145,4.5254628873855,0.000868791435587961,0.0127182840925717,0.0114287605852493,"CARD11/CD28/CD3E/IL2RG/PRKCQ/SOCS1",6
"red","GO:0043367","CD4-positive, alpha-beta T cell differentiation","9/235","48/4319",0.1875,3.44601063829787,4.08739451645758,0.000930502981352134,0.0135415551521481,0.0121685591121716,"CD69/IL18R1/IL2RG/LEF1/RORA/RUNX3/SLAMF6/SOCS1/STAT4",9
"red","GO:0002832","negative regulation of response to biotic stimulus","8/235","39/4319",0.205128205128205,3.76999454446263,4.16794247358699,0.000964366985641727,0.0139523036402201,0.0125376612722396,"CD96/CEACAM1/KIR2DL4/KLRD1/NLRC3/NLRC5/PDCD1/TNFAIP3",8
"red","GO:0060284","regulation of cell development","27/235","265/4319",0.10188679245283,1.87254917703733,3.51644121361729,0.000976336339790202,0.014043349445587,0.0126194758239713,"CARD11/CD2/CD27/CD28/CD69/CEACAM1/CTLA4/CXCR4/EPHA4/ETS1/GPR68/HAPLN3/HLA-DOA/IL2RG/IL7R/LAG3/LEF1/LTA/PRKCH/RASGRP1/RHOH/RUNX3/SOCS1/STAT1/TENM4/ZAP70/ZNF683",27
"red","GO:0007162","negative regulation of cell adhesion","15/235","113/4319",0.132743362831858,2.43965354923743,3.71958907333426,0.00104235667369985,0.0149063029522163,0.0133949333425864,"ADORA2A/CBLB/CD69/CEACAM1/CTLA4/EPHA4/IDO1/LAG3/LAX1/PDCD1/RUNX3/SOCS1/TBCD/THBS1/TIGIT",15
"red","GO:0097696","cell surface receptor signaling pathway via STAT","9/235","49/4319",0.183673469387755,3.37568389057751,4.01148468678098,0.00108686886400203,0.01545352626173,0.0138866729629298,"CCL5/CISH/FYN/IL7R/OCIAD2/SOCS1/SOCS2/STAT1/STAT4",9
"red","GO:2000026","regulation of multicellular organismal development","39/235","438/4319",0.089041095890411,1.63646167298164,3.37031018921135,0.00110546463900363,0.0156281115251142,0.0140435567974476,"CARD11/CD2/CD27/CD28/CD69/CEACAM1/CST7/CTLA4/CXCL10/CXCR3/CXCR4/EPHA1/EPHA4/ETS1/FYN/GPR68/HAPLN3/HLA-DOA/HOPX/IL2RG/IL7R/LAG3/LEF1/LTA/PLCG1/PPP1R16B/PRKCH/RASGRP1/RHOH/RUNX3/S1PR1/SOCS1/STAT1/TENM4/TGFBR3/THBS1/TNFAIP3/ZAP70/ZNF683",39
"red","GO:0070227","lymphocyte apoptotic process","8/235","40/4319",0.2,3.67574468085106,4.07789375575874,0.00114990269391999,0.0161639730952162,0.014525086660042,"BCL11B/CCL5/CD27/CD3G/IDO1/IL7R/PDCD1/PRKCQ",8
"red","GO:0032633","interleukin-4 production","5/235","16/4319",0.3125,5.74335106382979,4.55923492150015,0.0012170459734671,0.0169155715638067,0.0152004795739947,"CD28/CD3E/CD40LG/LEF1/PRKCQ",5
"red","GO:0032673","regulation of interleukin-4 production","5/235","16/4319",0.3125,5.74335106382979,4.55923492150015,0.0012170459734671,0.0169155715638067,0.0152004795739947,"CD28/CD3E/CD40LG/LEF1/PRKCQ",5
"red","GO:0043067","regulation of programmed cell death","40/235","457/4319",0.087527352297593,1.60864099818427,3.3002402137796,0.00132554689752117,0.0183206872875272,0.0164631287713303,"ADORA2A/BCL11B/CARD11/CCL5/CD27/CD28/CD38/CD3E/CD3G/CD40LG/CTLA4/CXCL10/CXCR3/CXCR4/EPHA4/ETS1/FYN/GZMA/IDO1/IL7R/ITM2C/LCK/LEF1/LTA/MAL/PDCD1/PIM2/PLCG1/PLEKHF1/PLEKHN1/PRF1/PRKCH/PRKCQ/RNF144B/RNF157/SOCS2/STAT1/THBS1/TNFAIP3/ZBP1",40
"red","GO:0045824","negative regulation of innate immune response","7/235","32/4319",0.21875,4.02034574468085,4.11327069221258,0.00134723754435578,0.018414727539979,0.0165476341592288,"CD96/CEACAM1/KIR2DL4/KLRD1/NLRC3/NLRC5/TNFAIP3",7
"red","GO:0070231","T cell apoptotic process","7/235","32/4319",0.21875,4.02034574468085,4.11327069221258,0.00134723754435578,0.018414727539979,0.0165476341592288,"BCL11B/CCL5/CD27/IDO1/IL7R/PDCD1/PRKCQ",7
"red","GO:0002698","negative regulation of immune effector process","8/235","41/4319",0.195121951219512,3.58609237156201,3.99068965197163,0.00136286400318753,0.0184961989293469,0.0166208450575589,"CD69/CD96/CEACAM1/IL7R/KIR2DL4/KLRD1/PDCD1/SLAMF1",8
"red","GO:0001911","negative regulation of leukocyte mediated cytotoxicity","4/235","10/4319",0.4,7.35148936170213,4.82302720238789,0.0013831029918873,0.0184961989293469,0.0166208450575589,"CEACAM1/IL7R/KIR2DL4/KLRD1",4
"red","GO:0002418","immune response to tumor cell","4/235","10/4319",0.4,7.35148936170213,4.82302720238789,0.0013831029918873,0.0184961989293469,0.0166208450575589,"CEACAM1/NKG7/PDCD1/PRF1",4
"red","GO:0050857","positive regulation of antigen receptor-mediated signaling pathway","4/235","10/4319",0.4,7.35148936170213,4.82302720238789,0.0013831029918873,0.0184961989293469,0.0166208450575589,"CARD11/LCK/PRKCH/TRAT1",4
"red","GO:0050871","positive regulation of B cell activation","6/235","24/4319",0.25,4.59468085106383,4.23561773791692,0.00142978423274206,0.0190176676978702,0.0170894414236063,"CARD11/CD27/CD28/CD38/IL2RG/TNFRSF4",6
"red","GO:1903900","regulation of viral life cycle","9/235","51/4319",0.176470588235294,3.2433041301627,3.86539091900713,0.00146339696403112,0.0193606635776096,0.017397660501175,"APOBEC3D/APOBEC3F/APOBEC3H/CCL5/CD28/IFITM1/IL32/ISG20/OASL",9
"red","GO:0023057","negative regulation of signaling","38/235","431/4319",0.0881670533642691,1.62039788715012,3.25595354951196,0.00155082998628486,0.0204082626918551,0.0183390421670416,"CADM1/CBLB/CCDC88C/CCL5/CD38/CD3E/CEACAM1/CISH/DUSP2/DUSP5/EPHA4/FYN/LAX1/LBH/NLRC3/NLRC5/PDE4B/PIK3IP1/PRKCQ/PVRIG/RGS1/RHOH/RORA/SH2D1A/SLA2/SLAMF1/SOCS1/SOCS2/STAT1/STMN3/TBC1D10C/TGFBR3/THBS1/TNFAIP3/TNIP3/TRABD2A/TRAT1/UBASH3A",38
"red","GO:0007259","cell surface receptor signaling pathway via JAK-STAT","8/235","42/4319",0.19047619047619,3.50070921985816,3.90616513013462,0.00160604358695093,0.0210230255773365,0.0188914734371504,"CISH/FYN/IL7R/OCIAD2/SOCS1/SOCS2/STAT1/STAT4",8
"red","GO:0006816","calcium ion transport","15/235","118/4319",0.127118644067797,2.33627839884601,3.53015678647526,0.00163209451704217,0.0212423592995013,0.0190885686255145,"ADORA2A/ANO9/ATP2A3/CCL5/CXCL10/CXCL9/CXCR3/CXCR4/FYN/LCK/LIME1/MCOLN2/PDE4B/PLCG1/PLCH2",15
"red","GO:0032743","positive regulation of interleukin-2 production","5/235","17/4319",0.294117647058824,5.40550688360451,4.36533447489693,0.00164855819947625,0.0212423592995013,0.0190885686255145,"CARD11/CD28/CD3E/PDE4B/PRKCQ",5
"red","GO:0046636","negative regulation of alpha-beta T cell activation","5/235","17/4319",0.294117647058824,5.40550688360451,4.36533447489693,0.00164855819947625,0.0212423592995013,0.0190885686255145,"ADORA2A/CBLB/CD69/RUNX3/SOCS1",5
"red","GO:0031348","negative regulation of defense response","12/235","84/4319",0.142857142857143,2.62553191489362,3.60861724126841,0.00173951576943003,0.0222982487749736,0.0200374000820084,"ADORA2A/CD96/CEACAM1/CST7/FYN/KIR2DL4/KLRD1/NLRC3/NLRC5/PLCG1/RORA/TNFAIP3",12
"red","GO:0032613","interleukin-10 production","6/235","25/4319",0.24,4.41089361702128,4.10241453326814,0.00179703089954251,0.0227992535665034,0.0204876073405332,"CD28/CD40LG/IDO1/THBS1/TIGIT/TRIB2",6
"red","GO:0032653","regulation of interleukin-10 production","6/235","25/4319",0.24,4.41089361702128,4.10241453326814,0.00179703089954251,0.0227992535665034,0.0204876073405332,"CD28/CD40LG/IDO1/THBS1/TIGIT/TRIB2",6
"red","GO:0051241","negative regulation of multicellular organismal process","32/235","348/4319",0.0919540229885057,1.68999755441428,3.21973117988829,0.00191179045251036,0.0241314774464828,0.0216847552937803,"ADORA2A/CBLB/CD38/CD69/CD96/CEACAM1/CST7/CTLA4/CXCL10/CXCR3/EPHA4/FYN/GPR68/IDO1/IL18R1/LAG3/LAX1/LEF1/NLRC3/PDCD1/PDE4B/RUNX3/SLAMF1/SOCS1/SOCS2/STAT1/TBC1D10C/THBS1/TIGIT/TNFAIP3/TRIB2/ZNF683",32
"red","GO:0051090","regulation of DNA-binding transcription factor activity","15/235","120/4319",0.125,2.29734042553191,3.45703693986211,0.00193585953193984,0.0243112511777623,0.0218463015306276,"ARID5B/CARD11/CD40LG/EOMES/GFI1/IL18R1/IL18RAP/NEUROG2/NLRC3/NLRC5/PRKCH/PRKCQ/TNFAIP3/TNFRSF4/ZC4H2",15
"red","GO:0032729","positive regulation of type II interferon production","7/235","34/4319",0.205882352941176,3.78385481852315,3.90879605536372,0.0019618358522676,0.0245130398914648,0.022027630621952,"BTN3A2/CD2/CD3E/IL18R1/LTA/PDE4B/SLAMF6",7
"red","GO:0031342","negative regulation of cell killing","4/235","11/4319",0.363636363636364,6.68317214700193,4.52669975759768,0.00208132640076556,0.0258753844999698,0.0232518453235486,"CEACAM1/IL7R/KIR2DL4/KLRD1",4
"red","GO:0001913","T cell mediated cytotoxicity","5/235","18/4319",0.277777777777778,5.10520094562648,4.18618420746526,0.00218267475230066,0.0267323630554051,0.0240219336991089,"CEACAM1/GZMM/IL7R/KLRD1/PRF1",5
"red","GO:0045581","negative regulation of T cell differentiation","5/235","18/4319",0.277777777777778,5.10520094562648,4.18618420746526,0.00218267475230066,0.0267323630554051,0.0240219336991089,"CD69/CTLA4/LAG3/RUNX3/SOCS1",5
"red","GO:0045589","regulation of regulatory T cell differentiation","5/235","18/4319",0.277777777777778,5.10520094562648,4.18618420746526,0.00218267475230066,0.0267323630554051,0.0240219336991089,"CD28/CTLA4/IL2RG/LAG3/SOCS1",5
"red","GO:2000106","regulation of leukocyte apoptotic process","8/235","44/4319",0.181818181818182,3.34158607350097,3.74455995547715,0.00219490718385498,0.0267497555313164,0.024037562729073,"BCL11B/CCL5/CD27/CD3G/IDO1/IL7R/PDCD1/PRKCQ",8
"red","GO:0050853","B cell receptor signaling pathway","6/235","26/4319",0.230769230769231,4.24124386252046,3.97603611571067,0.00223160754734869,0.0270637111379444,0.0243196859649145,"CD38/CTLA4/ITK/LCK/LIME1/PRKCH",6
"red","GO:0043122","regulation of canonical NF-kappaB signal transduction","13/235","98/4319",0.13265306122449,2.43799392097264,3.4537809941864,0.0022492748273773,0.027144906941129,0.0243926492191058,"APOL3/CARD11/CD40LG/LIME1/LTA/NLRC3/PIM2/RHOH/RORA/STAT1/TGFBR3/TNFAIP3/TNIP3",13
"red","GO:0019058","viral life cycle","14/235","110/4319",0.127272727272727,2.33911025145068,3.41236593552478,0.00229380430052794,0.0275479215510006,0.0247548016490292,"APOBEC3D/APOBEC3F/APOBEC3H/CCL5/CD28/CXCR4/CXCR6/IFITM1/IL32/ISG20/ITGB7/OASL/SLAMF1/TNFRSF4",14
"red","GO:1902107","positive regulation of leukocyte differentiation","10/235","65/4319",0.153846153846154,2.82749590834697,3.56079303871424,0.00238196141661283,0.0283315987725968,0.0254590208091412,"CD27/GPR68/IL2RG/IL7R/LEF1/RASGRP1/RHOH/RUNX3/SOCS1/ZAP70",10
"red","GO:1903708","positive regulation of hemopoiesis","10/235","65/4319",0.153846153846154,2.82749590834697,3.56079303871424,0.00238196141661283,0.0283315987725968,0.0254590208091412,"CD27/GPR68/IL2RG/IL7R/LEF1/RASGRP1/RHOH/RUNX3/SOCS1/ZAP70",10
"red","GO:0009968","negative regulation of signal transduction","36/235","412/4319",0.087378640776699,1.60590787027474,3.10145782287452,0.0024393613399808,0.0288755021775718,0.0259477771344218,"CADM1/CBLB/CCDC88C/CCL5/CD3E/CEACAM1/CISH/DUSP2/DUSP5/EPHA4/FYN/LAX1/LBH/NLRC3/NLRC5/PDE4B/PIK3IP1/PRKCQ/PVRIG/RGS1/RHOH/RORA/SH2D1A/SLA2/SLAMF1/SOCS1/SOCS2/STAT1/STMN3/TBC1D10C/TGFBR3/THBS1/TNFAIP3/TNIP3/TRABD2A/UBASH3A",36
"red","GO:0042981","regulation of apoptotic process","38/235","442/4319",0.085972850678733,1.58007124289978,3.08728663894594,0.0024572970705712,0.0289492997742531,0.0260140922959718,"ADORA2A/BCL11B/CARD11/CCL5/CD27/CD28/CD38/CD3E/CD3G/CD40LG/CTLA4/CXCL10/CXCR3/EPHA4/ETS1/FYN/GZMA/IDO1/IL7R/ITM2C/LCK/LEF1/LTA/MAL/PDCD1/PIM2/PLCG1/PLEKHF1/PLEKHN1/PRKCH/PRKCQ/RNF144B/RNF157/SOCS2/STAT1/THBS1/TNFAIP3/ZBP1",38
"red","GO:0010648","negative regulation of cell communication","37/235","430/4319",0.086046511627907,1.58142503711034,3.04748354220516,0.00277303711718751,0.0325141887579238,0.0292175325093541,"CADM1/CBLB/CCDC88C/CCL5/CD38/CD3E/CEACAM1/CISH/DUSP2/DUSP5/EPHA4/FYN/LAX1/LBH/NLRC3/NLRC5/PDE4B/PIK3IP1/PRKCQ/PVRIG/RGS1/RHOH/RORA/SH2D1A/SLA2/SLAMF1/SOCS1/SOCS2/STAT1/STMN3/TBC1D10C/TGFBR3/THBS1/TNFAIP3/TNIP3/TRABD2A/UBASH3A",37
"red","GO:0045066","regulatory T cell differentiation","5/235","19/4319",0.263157894736842,4.83650615901456,4.01985933094778,0.00283267297128406,0.0329015630561351,0.0295656304193326,"CD28/CTLA4/IL2RG/LAG3/SOCS1",5
"red","GO:0045620","negative regulation of lymphocyte differentiation","5/235","19/4319",0.263157894736842,4.83650615901456,4.01985933094778,0.00283267297128406,0.0329015630561351,0.0295656304193326,"CD69/CTLA4/LAG3/RUNX3/SOCS1",5
"red","GO:0045595","regulation of cell differentiation","40/235","478/4319",0.0836820083682008,1.53796848571174,2.99144493869446,0.00308807710048201,0.035700480124264,0.0320807616144516,"BCL11B/CARD11/CD2/CD27/CD28/CD69/CEACAM1/CTLA4/CXCL10/CXCL9/CXCR4/EPHA4/ETS1/GPR68/HAPLN3/HLA-DOA/HOPX/IFITM1/IL2RG/IL7R/LAG3/LBH/LEF1/LTA/N4BP2L2/PLEKHB1/PRKCH/RASGRP1/RHOH/RORA/RUNX3/SOCS1/SOCS2/SPOCK2/STAT1/TENM4/TRIB2/ZAP70/ZC4H2/ZNF683",40
"red","GO:0070588","calcium ion transmembrane transport","12/235","91/4319",0.131868131868132,2.42356792144026,3.29202999324464,0.00346398253228588,0.0398599664412803,0.0358185121575901,"ANO9/ATP2A3/CXCL10/CXCL9/CXCR3/FYN/LCK/LIME1/MCOLN2/PDE4B/PLCG1/PLCH2",12
"red","GO:1902106","negative regulation of leukocyte differentiation","7/235","38/4319",0.184210526315789,3.38555431131019,3.54275301493366,0.00382210097189803,0.0437772120577579,0.0393385831025762,"CD69/CEACAM1/CTLA4/GPR68/LAG3/RUNX3/SOCS1",7
"red","GO:0002437","inflammatory response to antigenic stimulus","6/235","29/4319",0.206896551724138,3.80249449743214,3.63201392428971,0.00401465908202388,0.0457708136816916,0.0411300508427574,"CD28/CD6/FYN/LTA/PLCG1/RASGRP1",6
"red","GO:0002347","response to tumor cell","4/235","13/4319",0.307692307692308,5.65499181669394,4.03167920560859,0.00413636750719019,0.0467277315652444,0.0419899455668622,"CEACAM1/NKG7/PDCD1/PRF1",4
"red","GO:0032753","positive regulation of interleukin-4 production","4/235","13/4319",0.307692307692308,5.65499181669394,4.03167920560859,0.00413636750719019,0.0467277315652444,0.0419899455668622,"CD28/CD3E/CD40LG/PRKCQ",4
"tan","GO:0050853","B cell receptor signaling pathway","8/116","26/4319",0.307692307692308,11.4562334217507,8.88325477665283,2.21863830784895e-07,0.000408895040136562,0.000401456763283405,"BANK1/BLK/CD19/CD72/CD79A/CD79B/FCMR/STAP1",8
"tan","GO:0045321","leukocyte activation","24/116","358/4319",0.0670391061452514,2.49605085725294,4.90993867760249,1.83340762989573e-05,0.0168948513094892,0.0165875142936356,"BANK1/CCR7/CD19/CD1C/CD79A/CD79B/CLC/CXCR5/DNASE1L3/FCER2/FLT3/HLA-DOB/IL2RA/IRF4/KIT/KLRF1/LY9/NCK2/POU2AF1/SEMA6D/STAP1/TNFRSF13B/ZBTB16/ZBTB46",24
"tan","GO:0001775","cell activation","25/116","404/4319",0.0618811881188119,2.30400734038921,4.5729394826979,4.69684772673602e-05,0.0223282463928913,0.0219220695944143,"BANK1/CCR7/CD19/CD1C/CD79A/CD79B/CLC/CXCR5/DNASE1L3/FCER2/FLT3/HBB/HLA-DOB/IL2RA/IRF4/KIT/KLRF1/LY9/NCK2/POU2AF1/SEMA6D/STAP1/TNFRSF13B/ZBTB16/ZBTB46",25
"tan","GO:0002250","adaptive immune response","16/116","194/4319",0.0824742268041237,3.07074297902595,4.90236569584682,4.84606541354125e-05,0.0223282463928913,0.0219220695944143,"BACH2/BTLA/CD19/CD1B/CD1C/CD1E/CD79A/CD79B/CLC/FCER2/FCMR/HLA-DOB/IGLL1/IRF4/LY9/TNFRSF13B",16
"tan","GO:0046649","lymphocyte activation","20/116","293/4319",0.068259385665529,2.54148523008121,4.53969746319979,7.99143776754741e-05,0.0294564396111797,0.0289205926787663,"BANK1/CCR7/CD19/CD1C/CD79A/CD79B/CLC/CXCR5/FLT3/HLA-DOB/IL2RA/IRF4/KIT/KLRF1/LY9/NCK2/POU2AF1/SEMA6D/TNFRSF13B/ZBTB16",20
"tan","GO:0002768","immune response-regulating cell surface receptor signaling pathway","12/116","125/4319",0.096,3.57434482758621,4.85174683545047,0.000108578887022594,0.0333518147971067,0.0327451064547085,"BANK1/BLK/BTLA/CCR7/CD19/CD72/CD79A/CD79B/FCER2/FCMR/KIT/STAP1",12
"tan","GO:0050851","antigen receptor-mediated signaling pathway","9/116","77/4319",0.116883116883117,4.35188087774295,4.92991265704883,0.000185543474178171,0.0488509461300528,0.0479622905431995,"BANK1/BLK/CCR7/CD19/CD72/CD79A/CD79B/FCMR/STAP1",9
"greenyellow","GO:0007059","chromosome segregation","44/155","120/4319",0.366666666666667,10.2169892473118,19.7541603258659,6.9529263266442e-35,1.3933664358595e-31,1.29617184468283e-31,"ASPM/AURKA/BIRC5/CCNB1/CCNB2/CCNE1/CDCA5/CDCA8/CENPE/CENPF/CENPH/DLGAP5/ECT2/GPSM2/HJURP/ITGB3BP/KIF11/KIF2C/KIFC1/MAD2L1/NCAPD2/NCAPD3/NCAPG/NCAPG2/NDC80/NEK2/NUSAP1/OIP5/PRC1/PSMC3IP/PSRC1/PTTG1/PTTG3P/RACGAP1/SKA1/SMC4/SPC25/SPDL1/TOP2A/TPX2/TRIP13/TTK/UBE2C/ZWINT",44
"greenyellow","GO:0098813","nuclear chromosome segregation","39/155","94/4319",0.414893617021277,11.5608098833219,19.9709903723021,2.65558729335253e-33,2.66089846793924e-30,2.47528689290912e-30,"ASPM/AURKA/BIRC5/CCNB1/CCNB2/CCNE1/CDCA5/CDCA8/CENPE/CENPF/DLGAP5/ECT2/KIF11/KIF2C/KIFC1/MAD2L1/NCAPD2/NCAPD3/NCAPG/NCAPG2/NDC80/NEK2/NUSAP1/PRC1/PSMC3IP/PSRC1/PTTG1/PTTG3P/RACGAP1/SKA1/SMC4/SPC25/SPDL1/TOP2A/TPX2/TRIP13/TTK/UBE2C/ZWINT",39
"greenyellow","GO:0000280","nuclear division","43/155","130/4319",0.330769230769231,9.21672456575682,18.3513083598294,7.43236946647624e-32,4.96482280360613e-29,4.61850046495769e-29,"ANLN/ASPM/AURKA/BIRC5/CCNB1/CCNB2/CCNE1/CDCA5/CDCA8/CENPE/CENPF/CHEK1/DLGAP5/KIF11/KIF2C/KIFC1/LRP5/MAD2L1/NCAPD2/NCAPD3/NCAPG/NCAPG2/NDC80/NEK2/NUSAP1/PRC1/PSMC3IP/PSRC1/PTTG1/PTTG3P/RACGAP1/RAD54B/SKA1/SMC4/SPC25/SPDL1/TDRD9/TOP2A/TPX2/TRIP13/TTK/UBE2C/ZWINT",43
"greenyellow","GO:0048285","organelle fission","44/155","141/4319",0.312056737588652,8.69530999771219,17.9226930012284,2.23037648178537e-31,1.11741861737447e-28,1.03947282874786e-28,"ANLN/ASPM/AURKA/BIRC5/BNIP3/CCNB1/CCNB2/CCNE1/CDCA5/CDCA8/CENPE/CENPF/CHEK1/DLGAP5/KIF11/KIF2C/KIFC1/LRP5/MAD2L1/NCAPD2/NCAPD3/NCAPG/NCAPG2/NDC80/NEK2/NUSAP1/PRC1/PSMC3IP/PSRC1/PTTG1/PTTG3P/RACGAP1/RAD54B/SKA1/SMC4/SPC25/SPDL1/TDRD9/TOP2A/TPX2/TRIP13/TTK/UBE2C/ZWINT",44
"greenyellow","GO:0022402","cell cycle process","63/155","350/4319",0.18,5.01561290322581,15.1180967889892,2.3906011479655e-30,8.40634740290373e-28,7.81996073670686e-28,"ANLN/ASPM/AURKA/BIRC5/CCNA2/CCNB1/CCNB2/CCNE1/CCNO/CDC45/CDCA5/CDCA8/CDKN2A/CDKN2C/CDKN3/CENPA/CENPE/CENPF/CENPH/CEP55/CHEK1/DLGAP5/ECT2/EZH2/FOXM1/GMNN/GPSM2/HJURP/ITGB3BP/KIF11/KIF2C/KIFC1/LRP5/MAD2L1/MELK/NCAPD2/NCAPD3/NCAPG/NCAPG2/NDC80/NEK2/NUSAP1/OIP5/PLK4/PRC1/PSMC3IP/PSRC1/PTTG1/PTTG3P/RACGAP1/RAD54B/SKA1/SLF1/SMC4/SPC25/SPDL1/TDRD9/TOP2A/TPX2/TRIP13/TTK/UBE2C/ZWINT",63
"greenyellow","GO:0007049","cell cycle","71/155","459/4319",0.154684095860566,4.31019748401153,14.4716617251502,2.5168704799113e-30,8.40634740290373e-28,7.81996073670686e-28,"ADARB1/ANLN/ASPM/AURKA/BIRC5/BTG3/CABLES1/CCNA2/CCNB1/CCNB2/CCNE1/CCNO/CDC45/CDCA5/CDCA8/CDKN1C/CDKN2A/CDKN2C/CDKN3/CENPA/CENPE/CENPF/CENPH/CEP55/CHEK1/DDIAS/DLGAP5/E2F2/ECT2/EZH2/FOXM1/GMNN/GPSM2/HJURP/ITGB3BP/KIF11/KIF2C/KIFC1/LRP5/MAD2L1/MELK/NCAPD2/NCAPD3/NCAPG/NCAPG2/NDC80/NEK2/NUSAP1/OIP5/PBK/PLK4/PRC1/PSMC3IP/PSRC1/PTTG1/PTTG3P/RACGAP1/RAD54B/SKA1/SLF1/SMC4/SPC25/SPDL1/TDRD9/TFDP2/TOP2A/TPX2/TRIP13/TTK/UBE2C/ZWINT",71
"greenyellow","GO:0051276","chromosome organization","46/155","176/4319",0.261363636363636,7.28277126099707,16.4173071491658,4.95107070474345e-29,1.41742081318655e-26,1.31854830347378e-26,"BIRC5/CCNB1/CCNE1/CDC45/CDCA5/CDCA8/CENPA/CENPE/CENPF/CENPH/DLGAP5/EZH2/GINS2/HJURP/ITGB3BP/KIF11/KIF2C/KIFC1/MAD2L1/NCAPD2/NCAPD3/NCAPG/NCAPG2/NDC80/NEK2/NUSAP1/OIP5/POLQ/PRC1/PSMC3IP/PSRC1/PTTG1/PTTG3P/RACGAP1/RAD54B/SKA1/SLF1/SMC4/SPC25/SPDL1/TOP2A/TPX2/TRIP13/TTK/UBE2C/ZWINT",46
"greenyellow","GO:1903047","mitotic cell cycle process","50/155","227/4319",0.220264317180617,6.13755861872957,15.341001552522,7.40586572415978e-28,1.85516936390203e-25,1.7257616049325e-25,"ANLN/AURKA/BIRC5/CCNA2/CCNB1/CCNB2/CCNE1/CCNO/CDC45/CDCA5/CDCA8/CDKN2A/CDKN2C/CDKN3/CENPA/CENPE/CENPF/CENPH/CEP55/CHEK1/DLGAP5/ECT2/EZH2/FOXM1/GPSM2/KIF11/KIF2C/KIFC1/LRP5/MAD2L1/MELK/NCAPD2/NCAPD3/NCAPG/NCAPG2/NDC80/NEK2/NUSAP1/PRC1/PSRC1/RACGAP1/SKA1/SMC4/SPC25/SPDL1/TPX2/TRIP13/TTK/UBE2C/ZWINT",50
"greenyellow","GO:0000278","mitotic cell cycle","54/155","277/4319",0.194945848375451,5.43207173634564,14.7095815644186,2.13548318109063e-27,4.75500921656181e-25,4.42332247217721e-25,"ANLN/AURKA/BIRC5/BTG3/CCNA2/CCNB1/CCNB2/CCNE1/CCNO/CDC45/CDCA5/CDCA8/CDKN1C/CDKN2A/CDKN2C/CDKN3/CENPA/CENPE/CENPF/CENPH/CEP55/CHEK1/DLGAP5/ECT2/EZH2/FOXM1/GMNN/GPSM2/KIF11/KIF2C/KIFC1/LRP5/MAD2L1/MELK/NCAPD2/NCAPD3/NCAPG/NCAPG2/NDC80/NEK2/NUSAP1/PBK/PRC1/PSRC1/RACGAP1/SKA1/SMC4/SPC25/SPDL1/TPX2/TRIP13/TTK/UBE2C/ZWINT",54
"greenyellow","GO:0000070","mitotic sister chromatid segregation","30/155","65/4319",0.461538461538462,12.8605459057072,18.5872192578268,2.69106141411204e-27,5.25224980747604e-25,4.88587793310226e-25,"BIRC5/CCNB1/CDCA5/CDCA8/CENPE/CENPF/DLGAP5/KIF11/KIF2C/KIFC1/MAD2L1/NCAPD2/NCAPD3/NCAPG/NCAPG2/NDC80/NEK2/NUSAP1/PRC1/PSRC1/RACGAP1/SKA1/SMC4/SPC25/SPDL1/TPX2/TRIP13/TTK/UBE2C/ZWINT",30
"greenyellow","GO:0000819","sister chromatid segregation","31/155","71/4319",0.436619718309859,12.1661971830986,18.3018090868054,2.88297145120941e-27,5.25224980747604e-25,4.88587793310226e-25,"BIRC5/CCNB1/CDCA5/CDCA8/CENPE/CENPF/DLGAP5/KIF11/KIF2C/KIFC1/MAD2L1/NCAPD2/NCAPD3/NCAPG/NCAPG2/NDC80/NEK2/NUSAP1/PRC1/PSRC1/RACGAP1/SKA1/SMC4/SPC25/SPDL1/TOP2A/TPX2/TRIP13/TTK/UBE2C/ZWINT",31
"greenyellow","GO:0140014","mitotic nuclear division","34/155","94/4319",0.361702127659574,10.0786547700755,17.1681650375096,1.38813033641768e-26,2.31817766181752e-24,2.15647265420676e-24,"ANLN/AURKA/BIRC5/CCNB1/CDCA5/CDCA8/CENPE/CENPF/CHEK1/DLGAP5/KIF11/KIF2C/KIFC1/LRP5/MAD2L1/NCAPD2/NCAPD3/NCAPG/NCAPG2/NDC80/NEK2/NUSAP1/PRC1/PSRC1/RACGAP1/SKA1/SMC4/SPC25/SPDL1/TPX2/TRIP13/TTK/UBE2C/ZWINT",34
"greenyellow","GO:0051301","cell division","43/155","190/4319",0.226315789473684,6.30617996604414,14.4307247228361,2.75178999326574e-24,4.2419901126958e-22,3.94608913204341e-22,"ANLN/ASPM/AURKA/BIRC5/CABLES1/CCNA2/CCNB1/CCNB2/CCNE1/CCNO/CDCA5/CDCA8/CDKN2A/CENPA/CENPE/CENPF/CEP55/ECT2/GPSM2/ITGB3BP/KIF11/KIF2C/KIFC1/MAD2L1/NCAPD2/NCAPD3/NCAPG/NCAPG2/NDC80/NEK2/NUSAP1/OIP5/PRC1/PSRC1/PTTG1/RACGAP1/SMC4/SPC25/SPDL1/TOP2A/TPX2/UBE2C/ZWINT",43
"greenyellow","GO:0051726","regulation of cell cycle","53/155","320/4319",0.165625,4.61506048387097,12.9648251090918,3.03806073388737e-23,4.34876693622163e-21,4.04541771407107e-21,"ADARB1/ANLN/ASPM/AURKA/BIRC5/BTG3/CABLES1/CCNB1/CCNE1/CDC45/CDCA5/CDCA8/CDKN1C/CDKN2A/CDKN2C/CDKN3/CENPE/CENPF/CHEK1/DDIAS/DLGAP5/E2F2/ECT2/EZH2/FOXM1/GMNN/GPSM2/KIF11/KIF2C/LRP5/MAD2L1/NCAPD2/NCAPD3/NCAPG/NCAPG2/NDC80/NEK2/NUSAP1/PLK4/PRC1/PSRC1/RACGAP1/SKA1/SLF1/SMC4/SPC25/SPDL1/TFDP2/TPX2/TRIP13/TTK/UBE2C/ZWINT",53
"greenyellow","GO:0010564","regulation of cell cycle process","42/155","211/4319",0.199052132701422,5.54649136217704,13.06333872977,2.23274883079175e-21,2.98295243793778e-19,2.77487591532084e-19,"ANLN/AURKA/BIRC5/CCNB1/CCNE1/CDC45/CDCA5/CDCA8/CDKN2A/CDKN2C/CENPE/CENPF/CHEK1/DLGAP5/ECT2/EZH2/GPSM2/KIF11/KIF2C/LRP5/MAD2L1/NCAPD2/NCAPD3/NCAPG/NCAPG2/NDC80/NEK2/NUSAP1/PLK4/PRC1/PSRC1/RACGAP1/SKA1/SLF1/SMC4/SPC25/SPDL1/TPX2/TRIP13/TTK/UBE2C/ZWINT",42
"greenyellow","GO:1905818","regulation of chromosome separation","19/155","32/4319",0.59375,16.5445564516129,17.026617879397,2.69300804817976e-20,3.37299258034515e-18,3.13770871929366e-18,"BIRC5/CCNB1/CDCA8/CENPF/DLGAP5/MAD2L1/NCAPD2/NCAPD3/NCAPG/NCAPG2/NDC80/SKA1/SMC4/SPC25/SPDL1/TRIP13/TTK/UBE2C/ZWINT",19
"greenyellow","GO:0051983","regulation of chromosome segregation","21/155","42/4319",0.5,13.9322580645161,16.2472996457536,3.26494371913803e-20,3.84879247832506e-18,3.58031908767396e-18,"BIRC5/CCNB1/CDCA8/CENPE/CENPF/DLGAP5/KIF2C/MAD2L1/NCAPD2/NCAPD3/NCAPG/NCAPG2/NDC80/SKA1/SMC4/SPC25/SPDL1/TRIP13/TTK/UBE2C/ZWINT",21
"greenyellow","GO:0051304","chromosome separation","19/155","34/4319",0.558823529411765,15.5713472485768,16.4556696788088,1.3535097234937e-19,1.50690749215632e-17,1.40179281889318e-17,"BIRC5/CCNB1/CDCA8/CENPF/DLGAP5/MAD2L1/NCAPD2/NCAPD3/NCAPG/NCAPG2/NDC80/SKA1/SMC4/SPC25/SPDL1/TRIP13/TTK/UBE2C/ZWINT",19
"greenyellow","GO:0050000","chromosome localization","19/155","38/4319",0.5,13.9322580645161,15.4470429635962,2.28086674071568e-18,2.37460723390094e-16,2.20896596871445e-16,"BIRC5/CCNB1/CDCA5/CDCA8/CENPE/CENPF/DLGAP5/ECT2/KIF2C/KIFC1/NDC80/NEK2/PSRC1/RACGAP1/SKA1/SPC25/SPDL1/TTK/ZWINT",19
"greenyellow","GO:0051310","metaphase chromosome alignment","18/155","33/4319",0.545454545454545,15.1988269794721,15.7955648662723,2.36986749890313e-18,2.37460723390094e-16,2.20896596871445e-16,"BIRC5/CCNB1/CDCA5/CDCA8/CENPE/CENPF/ECT2/KIF2C/KIFC1/NDC80/NEK2/PSRC1/RACGAP1/SKA1/SPC25/SPDL1/TTK/ZWINT",18
"greenyellow","GO:1902850","microtubule cytoskeleton organization involved in mitosis","22/155","58/4319",0.379310344827586,10.5692992213571,14.1543578767293,6.78168853710529e-18,6.47166848969476e-16,6.02023578907943e-16,"AURKA/BIRC5/CCNB1/CDCA8/CENPA/CENPE/CENPH/DLGAP5/GPSM2/KIF11/KIFC1/MAD2L1/NDC80/NEK2/NUSAP1/PRC1/PSRC1/RACGAP1/SPC25/SPDL1/TPX2/TTK",22
"greenyellow","GO:0051303","establishment of chromosome localization","18/155","35/4319",0.514285714285714,14.3303225806452,15.2757224104611,9.75061638411769e-18,8.88192510625993e-16,8.26236440969972e-16,"BIRC5/CCNB1/CDCA5/CDCA8/CENPE/CENPF/ECT2/KIF2C/KIFC1/NDC80/NEK2/PSRC1/RACGAP1/SKA1/SPC25/SPDL1/TTK/ZWINT",18
"greenyellow","GO:0007088","regulation of mitotic nuclear division","19/155","45/4319",0.422222222222222,11.765017921147,14.0041115921339,1.2700787891942e-16,1.1066251711066e-14,1.02943228176793e-14,"AURKA/BIRC5/CCNB1/CDCA8/CENPF/CHEK1/DLGAP5/LRP5/MAD2L1/NDC80/NEK2/NUSAP1/SKA1/SPC25/SPDL1/TRIP13/TTK/UBE2C/ZWINT",19
"greenyellow","GO:0044772","mitotic cell cycle phase transition","29/155","135/4319",0.214814814814815,5.98571087216249,11.3540275472689,1.01012907378376e-15,8.43457776609444e-14,7.84622188452214e-14,"ANLN/AURKA/BIRC5/CCNA2/CCNB1/CCNB2/CCNE1/CCNO/CDCA5/CDCA8/CDKN2A/CDKN2C/CDKN3/CENPE/CENPF/CHEK1/DLGAP5/EZH2/FOXM1/MAD2L1/MELK/NDC80/SKA1/SPC25/SPDL1/TRIP13/TTK/UBE2C/ZWINT",29
"greenyellow","GO:0051783","regulation of nuclear division","19/155","50/4319",0.38,10.5885161290323,13.1560384943865,1.35887890397506e-15,1.08927732942641e-13,1.01329454271151e-13,"AURKA/BIRC5/CCNB1/CDCA8/CENPF/CHEK1/DLGAP5/LRP5/MAD2L1/NDC80/NEK2/NUSAP1/SKA1/SPC25/SPDL1/TRIP13/TTK/UBE2C/ZWINT",19
"greenyellow","GO:0007051","spindle organization","21/155","65/4319",0.323076923076923,9.00238213399504,12.5409093723004,1.8321404018186e-15,1.41215744817095e-13,1.31365208567641e-13,"ASPM/AURKA/BIRC5/CCNB1/CCNB2/CDCA8/CENPE/CENPH/DLGAP5/GPSM2/KIF11/KIFC1/NDC80/NEK2/PRC1/PSRC1/RACGAP1/SKA1/SPC25/TPX2/TTK",21
"greenyellow","GO:0090068","positive regulation of cell cycle process","24/155","91/4319",0.263736263736264,7.34888337468983,11.8087074617468,2.73824577608463e-15,2.03238686491615e-13,1.89061725904323e-13,"AURKA/BIRC5/CCNB1/CCNE1/CDCA5/CDCA8/DLGAP5/ECT2/EZH2/GPSM2/LRP5/MAD2L1/NCAPD2/NCAPD3/NCAPG/NCAPG2/NDC80/NUSAP1/PLK4/RACGAP1/SKA1/SLF1/SMC4/UBE2C",24
"greenyellow","GO:0030071","regulation of mitotic metaphase/anaphase transition","15/155","29/4319",0.517241379310345,14.412680756396,13.9809843096053,5.39742279193359e-15,3.72980526725342e-13,3.46963185644806e-13,"BIRC5/CCNB1/CDCA8/CENPE/CENPF/DLGAP5/MAD2L1/NDC80/SKA1/SPC25/SPDL1/TRIP13/TTK/UBE2C/ZWINT",15
"greenyellow","GO:1902099","regulation of metaphase/anaphase transition of cell cycle","15/155","29/4319",0.517241379310345,14.412680756396,13.9809843096053,5.39742279193359e-15,3.72980526725342e-13,3.46963185644806e-13,"BIRC5/CCNB1/CDCA8/CENPE/CENPF/DLGAP5/MAD2L1/NDC80/SKA1/SPC25/SPDL1/TRIP13/TTK/UBE2C/ZWINT",15
"greenyellow","GO:0044770","cell cycle phase transition","30/155","156/4319",0.192307692307692,5.35856079404467,10.6968032903119,7.54123040836651e-15,5.03754191278883e-13,4.68614703621652e-13,"ANLN/AURKA/BIRC5/CCNA2/CCNB1/CCNB2/CCNE1/CCNO/CDC45/CDCA5/CDCA8/CDKN2A/CDKN2C/CDKN3/CENPE/CENPF/CHEK1/DLGAP5/EZH2/FOXM1/MAD2L1/MELK/NDC80/SKA1/SPC25/SPDL1/TRIP13/TTK/UBE2C/ZWINT",30
"greenyellow","GO:0045787","positive regulation of cell cycle","26/155","114/4319",0.228070175438596,6.35506508205999,11.178563202228,7.8812024335294e-15,5.09481602477191e-13,4.73942597955198e-13,"AURKA/BIRC5/CCNB1/CCNE1/CDCA5/CDCA8/CHEK1/DLGAP5/ECT2/EZH2/GPSM2/LRP5/MAD2L1/NCAPD2/NCAPD3/NCAPG/NCAPG2/NDC80/NUSAP1/PLK4/PSRC1/RACGAP1/SKA1/SLF1/SMC4/UBE2C",26
"greenyellow","GO:0010965","regulation of mitotic sister chromatid separation","14/155","25/4319",0.56,15.6041290322581,14.1275369997172,1.03856693470346e-14,5.99209438799423e-13,5.57411448741348e-13,"BIRC5/CCNB1/CDCA8/CENPF/DLGAP5/MAD2L1/NDC80/SKA1/SPC25/SPDL1/TRIP13/TTK/UBE2C/ZWINT",14
"greenyellow","GO:0051306","mitotic sister chromatid separation","14/155","25/4319",0.56,15.6041290322581,14.1275369997172,1.03856693470346e-14,5.99209438799423e-13,5.57411448741348e-13,"BIRC5/CCNB1/CDCA8/CENPF/DLGAP5/MAD2L1/NDC80/SKA1/SPC25/SPDL1/TRIP13/TTK/UBE2C/ZWINT",14
"greenyellow","GO:0007091","metaphase/anaphase transition of mitotic cell cycle","15/155","30/4319",0.5,13.9322580645161,13.7122516313593,1.04652347095708e-14,5.99209438799423e-13,5.57411448741348e-13,"BIRC5/CCNB1/CDCA8/CENPE/CENPF/DLGAP5/MAD2L1/NDC80/SKA1/SPC25/SPDL1/TRIP13/TTK/UBE2C/ZWINT",15
"greenyellow","GO:0044784","metaphase/anaphase transition of cell cycle","15/155","30/4319",0.5,13.9322580645161,13.7122516313593,1.04652347095708e-14,5.99209438799423e-13,5.57411448741348e-13,"BIRC5/CCNB1/CDCA8/CENPE/CENPF/DLGAP5/MAD2L1/NDC80/SKA1/SPC25/SPDL1/TRIP13/TTK/UBE2C/ZWINT",15
"greenyellow","GO:0007052","mitotic spindle organization","18/155","49/4319",0.36734693877551,10.2359447004608,12.543456675297,1.61460349322547e-14,8.98795944562178e-13,8.36100229971434e-13,"AURKA/BIRC5/CCNB1/CDCA8/CENPE/CENPH/DLGAP5/GPSM2/KIF11/KIFC1/NDC80/NEK2/PRC1/PSRC1/RACGAP1/SPC25/TPX2/TTK",18
"greenyellow","GO:0033044","regulation of chromosome organization","23/155","90/4319",0.255555555555556,7.12093189964158,11.3206605288052,2.32433632008033e-14,1.25891080687594e-12,1.17109519853834e-12,"BIRC5/CCNB1/CDCA8/CENPE/CENPF/DLGAP5/MAD2L1/NCAPD2/NCAPD3/NCAPG/NCAPG2/NDC80/NEK2/SKA1/SLF1/SMC4/SPC25/SPDL1/TOP2A/TRIP13/TTK/UBE2C/ZWINT",23
"greenyellow","GO:1903046","meiotic cell cycle process","18/155","52/4319",0.346153846153846,9.6454094292804,12.0997869508598,5.43720928440285e-14,2.86741247524824e-12,2.66739546888572e-12,"ASPM/AURKA/CCNB2/CCNE1/NCAPD2/NCAPD3/NDC80/PSMC3IP/PTTG1/PTTG3P/RAD54B/SKA1/SMC4/TDRD9/TOP2A/TRIP13/TTK/ZWINT",18
"greenyellow","GO:0033045","regulation of sister chromatid segregation","15/155","33/4319",0.454545454545455,12.6656891495601,12.9775614519458,6.37563712325853e-14,3.27609661410515e-12,3.04757175311494e-12,"BIRC5/CCNB1/CDCA8/CENPE/CENPF/DLGAP5/MAD2L1/NDC80/SKA1/SPC25/SPDL1/TRIP13/TTK/UBE2C/ZWINT",15
"greenyellow","GO:0007346","regulation of mitotic cell cycle","29/155","162/4319",0.179012345679012,4.98809239346874,9.98124035652291,1.60572283366523e-13,8.04467139666278e-12,7.48351352216083e-12,"ANLN/AURKA/BIRC5/BTG3/CCNB1/CCNE1/CDCA5/CDCA8/CDKN1C/CDKN2A/CDKN2C/CENPE/CENPF/CHEK1/DLGAP5/EZH2/GMNN/LRP5/MAD2L1/NDC80/NEK2/NUSAP1/SKA1/SPC25/SPDL1/TRIP13/TTK/UBE2C/ZWINT",29
"greenyellow","GO:0045839","negative regulation of mitotic nuclear division","13/155","24/4319",0.541666666666667,15.0932795698925,13.3563537052997,1.76264927266338e-13,8.61548571321322e-12,8.01451055683403e-12,"BIRC5/CCNB1/CDCA8/CENPF/CHEK1/MAD2L1/NDC80/SKA1/SPC25/SPDL1/TRIP13/TTK/ZWINT",13
"greenyellow","GO:0007094","mitotic spindle assembly checkpoint signaling","12/155","20/4319",0.6,16.7187096774194,13.5925198404915,2.94075389594376e-13,1.30961573499362e-11,1.21826319291611e-11,"BIRC5/CCNB1/CDCA8/CENPF/MAD2L1/NDC80/SKA1/SPC25/SPDL1/TRIP13/TTK/ZWINT",12
"greenyellow","GO:0031577","spindle checkpoint signaling","12/155","20/4319",0.6,16.7187096774194,13.5925198404915,2.94075389594376e-13,1.30961573499362e-11,1.21826319291611e-11,"BIRC5/CCNB1/CDCA8/CENPF/MAD2L1/NDC80/SKA1/SPC25/SPDL1/TRIP13/TTK/ZWINT",12
"greenyellow","GO:0071173","spindle assembly checkpoint signaling","12/155","20/4319",0.6,16.7187096774194,13.5925198404915,2.94075389594376e-13,1.30961573499362e-11,1.21826319291611e-11,"BIRC5/CCNB1/CDCA8/CENPF/MAD2L1/NDC80/SKA1/SPC25/SPDL1/TRIP13/TTK/ZWINT",12
"greenyellow","GO:0071174","mitotic spindle checkpoint signaling","12/155","20/4319",0.6,16.7187096774194,13.5925198404915,2.94075389594376e-13,1.30961573499362e-11,1.21826319291611e-11,"BIRC5/CCNB1/CDCA8/CENPF/MAD2L1/NDC80/SKA1/SPC25/SPDL1/TRIP13/TTK/ZWINT",12
"greenyellow","GO:0045132","meiotic chromosome segregation","13/155","25/4319",0.52,14.4895483870968,13.0493296469265,3.55967456678919e-13,1.51778464507352e-11,1.41191123354617e-11,"ASPM/AURKA/CCNB2/CCNE1/NDC80/PSMC3IP/PTTG1/PTTG3P/SKA1/SMC4/TRIP13/TTK/ZWINT",13
"greenyellow","GO:0051784","negative regulation of nuclear division","13/155","25/4319",0.52,14.4895483870968,13.0493296469265,3.55967456678919e-13,1.51778464507352e-11,1.41191123354617e-11,"BIRC5/CCNB1/CDCA8/CENPF/CHEK1/MAD2L1/NDC80/SKA1/SPC25/SPDL1/TRIP13/TTK/ZWINT",13
"greenyellow","GO:0000226","microtubule cytoskeleton organization","30/155","180/4319",0.166666666666667,4.64408602150538,9.63449525767134,4.15871933243816e-13,1.73626532129293e-11,1.61515174073421e-11,"ASPM/AURKA/BIRC5/CCNB1/CCNB2/CDCA8/CENPA/CENPE/CENPH/CHEK1/DLGAP5/GPSM2/KIF11/KIF2C/KIFC1/MAD2L1/MAP7/NDC80/NEK2/NUSAP1/PLK4/PRC1/PSRC1/RACGAP1/SKA1/SPC25/SPDL1/TPX2/TTC12/TTK",30
"greenyellow","GO:0033046","negative regulation of sister chromatid segregation","12/155","21/4319",0.571428571428571,15.9225806451613,13.2242845066234,6.65142131378431e-13,2.46841635422662e-11,2.29623141261443e-11,"BIRC5/CCNB1/CDCA8/CENPF/MAD2L1/NDC80/SKA1/SPC25/SPDL1/TRIP13/TTK/ZWINT",12
"greenyellow","GO:0033048","negative regulation of mitotic sister chromatid segregation","12/155","21/4319",0.571428571428571,15.9225806451613,13.2242845066234,6.65142131378431e-13,2.46841635422662e-11,2.29623141261443e-11,"BIRC5/CCNB1/CDCA8/CENPF/MAD2L1/NDC80/SKA1/SPC25/SPDL1/TRIP13/TTK/ZWINT",12
"greenyellow","GO:0045841","negative regulation of mitotic metaphase/anaphase transition","12/155","21/4319",0.571428571428571,15.9225806451613,13.2242845066234,6.65142131378431e-13,2.46841635422662e-11,2.29623141261443e-11,"BIRC5/CCNB1/CDCA8/CENPF/MAD2L1/NDC80/SKA1/SPC25/SPDL1/TRIP13/TTK/ZWINT",12
"greenyellow","GO:1902100","negative regulation of metaphase/anaphase transition of cell cycle","12/155","21/4319",0.571428571428571,15.9225806451613,13.2242845066234,6.65142131378431e-13,2.46841635422662e-11,2.29623141261443e-11,"BIRC5/CCNB1/CDCA8/CENPF/MAD2L1/NDC80/SKA1/SPC25/SPDL1/TRIP13/TTK/ZWINT",12
"greenyellow","GO:1905819","negative regulation of chromosome separation","12/155","21/4319",0.571428571428571,15.9225806451613,13.2242845066234,6.65142131378431e-13,2.46841635422662e-11,2.29623141261443e-11,"BIRC5/CCNB1/CDCA8/CENPF/MAD2L1/NDC80/SKA1/SPC25/SPDL1/TRIP13/TTK/ZWINT",12
"greenyellow","GO:2000816","negative regulation of mitotic sister chromatid separation","12/155","21/4319",0.571428571428571,15.9225806451613,13.2242845066234,6.65142131378431e-13,2.46841635422662e-11,2.29623141261443e-11,"BIRC5/CCNB1/CDCA8/CENPF/MAD2L1/NDC80/SKA1/SPC25/SPDL1/TRIP13/TTK/ZWINT",12
"greenyellow","GO:1901990","regulation of mitotic cell cycle phase transition","23/155","106/4319",0.216981132075472,6.04607425441266,10.147583829612,1.02140310705404e-12,3.72162150279328e-11,3.46201895233055e-11,"ANLN/AURKA/BIRC5/CCNB1/CCNE1/CDCA5/CDCA8/CDKN2A/CDKN2C/CENPE/CENPF/CHEK1/DLGAP5/EZH2/MAD2L1/NDC80/SKA1/SPC25/SPDL1/TRIP13/TTK/UBE2C/ZWINT",23
"greenyellow","GO:0007080","mitotic metaphase chromosome alignment","12/155","22/4319",0.545454545454545,15.1988269794721,12.8805064175607,1.41845596465828e-12,4.98699254943015e-11,4.63912375514277e-11,"BIRC5/CCNB1/CDCA5/CDCA8/CENPE/KIF2C/KIFC1/NDC80/PSRC1/SKA1/SPDL1/TTK",12
"greenyellow","GO:0051985","negative regulation of chromosome segregation","12/155","22/4319",0.545454545454545,15.1988269794721,12.8805064175607,1.41845596465828e-12,4.98699254943015e-11,4.63912375514277e-11,"BIRC5/CCNB1/CDCA8/CENPF/MAD2L1/NDC80/SKA1/SPC25/SPDL1/TRIP13/TTK/ZWINT",12
"greenyellow","GO:0140694","non-membrane-bounded organelle assembly","23/155","110/4319",0.209090909090909,5.82621700879765,9.891576935827,2.34664622291647e-12,8.10806729435278e-11,7.54248722465531e-11,"ANLN/ASPM/AURKA/BIRC5/CCNB2/CDCA8/CENPA/CENPE/CENPF/CENPH/CSRP2/DLGAP5/GPSM2/KIF11/KIFC1/MYOM1/NDC80/NEK2/PLK4/PRC1/RACGAP1/SKA1/TPX2",23
"greenyellow","GO:0051321","meiotic cell cycle","19/155","72/4319",0.263888888888889,7.35313620071685,10.4873338011373,2.67925650449443e-12,9.10038988984208e-11,8.46559013284501e-11,"ASPM/AURKA/CCNB2/CCNE1/NCAPD2/NCAPD3/NDC80/NEK2/PSMC3IP/PTTG1/PTTG3P/RAD54B/SKA1/SMC4/TDRD9/TOP2A/TRIP13/TTK/ZWINT",19
"greenyellow","GO:0033047","regulation of mitotic sister chromatid segregation","12/155","23/4319",0.521739130434783,14.5380084151473,12.558517324765,2.87494452106715e-12,9.60231470036429e-11,8.93250306457882e-11,"BIRC5/CCNB1/CDCA8/CENPF/MAD2L1/NDC80/SKA1/SPC25/SPDL1/TRIP13/TTK/ZWINT",12
"greenyellow","GO:0140013","meiotic nuclear division","16/155","48/4319",0.333333333333333,9.28817204301075,11.1395179609131,2.92784126706829e-12,9.61867852328663e-11,8.94772542532862e-11,"ASPM/AURKA/CCNB2/CCNE1/NDC80/PSMC3IP/PTTG1/PTTG3P/RAD54B/SKA1/SMC4/TDRD9/TOP2A/TRIP13/TTK/ZWINT",16
"greenyellow","GO:1901987","regulation of cell cycle phase transition","24/155","125/4319",0.192,5.34998709677419,9.52095625666214,5.29289540304877e-12,1.71080038511447e-10,1.59146311694387e-10,"ANLN/AURKA/BIRC5/CCNB1/CCNE1/CDC45/CDCA5/CDCA8/CDKN2A/CDKN2C/CENPE/CENPF/CHEK1/DLGAP5/EZH2/MAD2L1/NDC80/SKA1/SPC25/SPDL1/TRIP13/TTK/UBE2C/ZWINT",24
"greenyellow","GO:0008608","attachment of spindle microtubules to kinetochore","11/155","20/4319",0.55,15.3254838709677,12.3877485962155,1.13719637432725e-11,3.61736751452667e-10,3.36503722461747e-10,"BIRC5/CCNB1/CDCA8/CENPE/ECT2/KIF2C/NDC80/NEK2/RACGAP1/SKA1/SPC25",11
"greenyellow","GO:0051225","spindle assembly","14/155","42/4319",0.333333333333333,9.28817204301075,10.4127534438737,7.26030564312085e-11,2.27338320450222e-09,2.11480284440247e-09,"ASPM/AURKA/BIRC5/CCNB2/CDCA8/GPSM2/KIF11/KIFC1/NDC80/NEK2/PRC1/RACGAP1/SKA1/TPX2",14
"greenyellow","GO:1905820","positive regulation of chromosome separation","10/155","18/4319",0.555555555555556,15.4802867383513,11.8762819861191,9.08663678376929e-11,2.8014800176421e-09,2.6060621447863e-09,"BIRC5/CDCA8/DLGAP5/NCAPD2/NCAPD3/NCAPG/NCAPG2/SKA1/SMC4/UBE2C",10
"greenyellow","GO:0007127","meiosis I","12/155","30/4319",0.4,11.1458064516129,10.7577385460093,1.47894772487158e-10,4.4906230918828e-09,4.17737866147938e-09,"AURKA/CCNB2/CCNE1/NDC80/PSMC3IP/PTTG1/PTTG3P/RAD54B/TDRD9/TOP2A/TRIP13/ZWINT",12
"greenyellow","GO:0061982","meiosis I cell cycle process","12/155","31/4319",0.387096774193548,10.7862643080125,10.5492651270098,2.33904058418631e-10,6.99610801892295e-09,6.50809292021879e-09,"AURKA/CCNB2/CCNE1/NDC80/PSMC3IP/PTTG1/PTTG3P/RAD54B/TDRD9/TOP2A/TRIP13/ZWINT",12
"greenyellow","GO:0051640","organelle localization","25/155","161/4319",0.15527950310559,4.32678821879383,8.29941837558248,2.37392886869641e-10,6.99610801892295e-09,6.50809292021879e-09,"ASPM/BIRC5/CCNB1/CDCA5/CDCA8/CENPA/CENPE/CENPF/DLGAP5/ECT2/GPSM2/KIF2C/KIFC1/MAD2L1/NDC80/NEK2/NUSAP1/PSRC1/RACGAP1/SKA1/SPC25/SPDL1/STX1B/TTK/ZWINT",25
"greenyellow","GO:0051984","positive regulation of chromosome segregation","9/155","15/4319",0.6,16.7187096774194,11.7646279803888,3.26694788132985e-10,9.48835297707973e-09,8.82649076710169e-09,"BIRC5/CCNB1/CDCA8/NCAPD2/NCAPD3/NCAPG/NCAPG2/SKA1/SMC4",9
"greenyellow","GO:0007017","microtubule-based process","30/155","235/4319",0.127659574468085,3.55717227179135,7.77683453447396,4.54782782884712e-10,1.30197813842995e-08,1.21115835862981e-08,"ASPM/AURKA/BIRC5/CCNB1/CCNB2/CDCA8/CENPA/CENPE/CENPH/CHEK1/DLGAP5/GPSM2/KIF11/KIF2C/KIFC1/MAD2L1/MAP7/NDC80/NEK2/NUSAP1/PLK4/PRC1/PSRC1/RACGAP1/SKA1/SPC25/SPDL1/TPX2/TTC12/TTK",30
"greenyellow","GO:0051656","establishment of organelle localization","22/155","132/4319",0.166666666666667,4.64408602150538,8.20306047152748,7.96384168758973e-10,2.24782235801828e-08,2.09102500055173e-08,"BIRC5/CCNB1/CDCA5/CDCA8/CENPA/CENPE/CENPF/ECT2/GPSM2/KIF2C/KIFC1/MAD2L1/NDC80/NEK2/NUSAP1/PSRC1/RACGAP1/SKA1/SPC25/SPDL1/TTK/ZWINT",22
"greenyellow","GO:2001251","negative regulation of chromosome organization","13/155","42/4319",0.30952380952381,8.6247311827957,9.57924684360515,1.02898209985984e-09,2.86400017794322e-08,2.66422119715172e-08,"BIRC5/CCNB1/CDCA8/CENPF/MAD2L1/NDC80/SKA1/SPC25/SPDL1/TOP2A/TRIP13/TTK/ZWINT",13
"greenyellow","GO:0007093","mitotic cell cycle checkpoint signaling","13/155","44/4319",0.295454545454545,8.23269794721408,9.30272996795124,1.96696730765974e-09,5.39972943089057e-08,5.02307008199769e-08,"BIRC5/CCNB1/CDCA8/CENPF/CHEK1/MAD2L1/NDC80/SKA1/SPC25/SPDL1/TRIP13/TTK/ZWINT",13
"greenyellow","GO:0030261","chromosome condensation","8/155","13/4319",0.615384615384615,17.1473945409429,11.2483527624897,2.54345035513168e-09,6.88793852930254e-08,6.40746881783528e-08,"CDCA5/NCAPD2/NCAPD3/NCAPG/NCAPG2/NUSAP1/SMC4/TOP2A",8
"greenyellow","GO:0034508","centromere complex assembly","8/155","14/4319",0.571428571428571,15.9225806451613,10.7888009906309,5.75500435679056e-09,1.53773716413444e-07,1.43047196012296e-07,"CENPA/CENPE/CENPF/CENPH/DLGAP5/HJURP/ITGB3BP/OIP5",8
"greenyellow","GO:0033043","regulation of organelle organization","35/155","342/4319",0.10233918128655,2.85163176759102,6.8840131041747,5.89297920267401e-09,1.5538855687051e-07,1.44549392907696e-07,"AURKA/BIRC5/BNIP3/CCNB1/CDCA8/CENPE/CENPF/CHEK1/DLGAP5/ECT2/GPSM2/LRP5/MAD2L1/NCAPD2/NCAPD3/NCAPG/NCAPG2/NDC80/NEK2/NUSAP1/PLK4/PSRC1/RHOF/SKA1/SLF1/SMC4/SPC25/SPDL1/SYDE1/TOP2A/TPX2/TRIP13/TTK/UBE2C/ZWINT",35
"greenyellow","GO:0045786","negative regulation of cell cycle","20/155","123/4319",0.16260162601626,4.53081563073695,7.6641088488157,7.8709732930695e-09,2.04849746484562e-07,1.90560406042735e-07,"BIRC5/BTG3/CCNB1/CDC45/CDCA8/CDKN1C/CDKN2A/CENPF/CHEK1/EZH2/GMNN/MAD2L1/NDC80/NEK2/SKA1/SPC25/SPDL1/TRIP13/TTK/ZWINT",20
"greenyellow","GO:0000075","cell cycle checkpoint signaling","14/155","58/4319",0.241379310344828,6.72591768631813,8.46944862210578,8.46733739502176e-09,2.17545437687482e-07,2.02370506431627e-07,"BIRC5/CCNB1/CDC45/CDCA8/CENPF/CHEK1/MAD2L1/NDC80/SKA1/SPC25/SPDL1/TRIP13/TTK/ZWINT",14
"greenyellow","GO:0045930","negative regulation of mitotic cell cycle","16/155","78/4319",0.205128205128205,5.71579818031431,8.10812029306192,8.80556397888893e-09,2.23371521692322e-07,2.07790190627745e-07,"BIRC5/BTG3/CCNB1/CDCA8/CDKN1C/CENPF/CHEK1/EZH2/MAD2L1/NDC80/SKA1/SPC25/SPDL1/TRIP13/TTK/ZWINT",16
"greenyellow","GO:0051653","spindle localization","8/155","15/4319",0.533333333333333,14.8610752688172,10.3742862672793,1.19587867209706e-08,2.99567607360313e-07,2.78671201089986e-07,"ASPM/CENPA/GPSM2/MAD2L1/NDC80/NUSAP1/SKA1/SPDL1",8
"greenyellow","GO:1901991","negative regulation of mitotic cell cycle phase transition","14/155","61/4319",0.229508196721311,6.39513484928609,8.18683807687759,1.71177209171003e-08,4.23505095282335e-07,3.93963401483882e-07,"BIRC5/CCNB1/CDCA8/CENPF/CHEK1/EZH2/MAD2L1/NDC80/SKA1/SPC25/SPDL1/TRIP13/TTK/ZWINT",14
"greenyellow","GO:0051383","kinetochore organization","7/155","12/4319",0.583333333333333,16.2543010752688,10.2081562438728,4.566907883063e-08,1.11610773142174e-06,1.03825338394154e-06,"CENPA/CENPE/CENPF/CENPH/DLGAP5/NDC80/SMC4",7
"greenyellow","GO:0010948","negative regulation of cell cycle process","16/155","89/4319",0.179775280898876,5.00935121420805,7.3731102657253,6.42036151468265e-08,1.55016921390651e-06,1.4420368094487e-06,"BIRC5/CCNB1/CDC45/CDCA8/CENPF/CHEK1/EZH2/MAD2L1/NDC80/NEK2/SKA1/SPC25/SPDL1/TRIP13/TTK/ZWINT",16
"greenyellow","GO:1901988","negative regulation of cell cycle phase transition","15/155","78/4319",0.192307692307692,5.35856079404467,7.49390323153783,6.63197688618605e-08,1.5822001999901e-06,1.47183346684655e-06,"BIRC5/CCNB1/CDC45/CDCA8/CENPF/CHEK1/EZH2/MAD2L1/NDC80/SKA1/SPC25/SPDL1/TRIP13/TTK/ZWINT",15
"greenyellow","GO:0007143","female meiotic nuclear division","7/155","13/4319",0.538461538461538,15.0039702233251,9.75523306549266,9.59823120520447e-08,2.26292415708585e-06,2.10507337020645e-06,"AURKA/CCNB2/NDC80/SKA1/TOP2A/TRIP13/TTK",7
"greenyellow","GO:0070925","organelle assembly","27/155","250/4319",0.108,3.00936774193548,6.31447710551179,1.46087782690084e-07,3.40418507570847e-06,3.16672537508126e-06,"ANLN/ASPM/AURKA/BIRC5/CCNB2/CCNO/CDCA8/CENPA/CENPE/CENPF/CENPH/CEP41/CSRP2/DLGAP5/FAM161A/GPSM2/KIF11/KIFC1/MYOM1/NDC80/NEK2/PLK4/PRC1/RACGAP1/SKA1/TPX2/TTC12",27
"greenyellow","GO:0051293","establishment of spindle localization","7/155","14/4319",0.5,13.9322580645161,9.34982774998683,1.86209619747298e-07,4.24050088606347e-06,3.94470378675197e-06,"CENPA/GPSM2/MAD2L1/NDC80/NUSAP1/SKA1/SPDL1",7
"greenyellow","GO:0090231","regulation of spindle checkpoint","7/155","14/4319",0.5,13.9322580645161,9.34982774998683,1.86209619747298e-07,4.24050088606347e-06,3.94470378675197e-06,"BIRC5/CCNB1/CDCA8/MAD2L1/NDC80/SKA1/ZWINT",7
"greenyellow","GO:0051988","regulation of attachment of spindle microtubules to kinetochore","6/155","11/4319",0.545454545454545,15.1988269794721,9.09625800313071,7.72847251597856e-07,1.74020886764281e-05,1.61882020411568e-05,"BIRC5/CCNB1/CDCA8/ECT2/NEK2/RACGAP1",6
"greenyellow","GO:0040001","establishment of mitotic spindle localization","6/155","12/4319",0.5,13.9322580645161,8.65424841539901,1.50002542436508e-06,3.3033526927776e-05,3.0729265778491e-05,"CENPA/GPSM2/MAD2L1/NDC80/NUSAP1/SPDL1",6
"greenyellow","GO:0051315","attachment of mitotic spindle microtubules to kinetochore","6/155","12/4319",0.5,13.9322580645161,8.65424841539901,1.50002542436508e-06,3.3033526927776e-05,3.0729265778491e-05,"BIRC5/CDCA8/CENPE/KIF2C/NDC80/SKA1",6
"greenyellow","GO:1901976","regulation of cell cycle checkpoint","7/155","18/4319",0.388888888888889,10.8362007168459,8.06734669666005,1.52888446100701e-06,3.33030919549788e-05,3.09800272361947e-05,"BIRC5/CCNB1/CDCA8/MAD2L1/NDC80/SKA1/ZWINT",7
"greenyellow","GO:0007010","cytoskeleton organization","37/155","470/4319",0.0787234042553192,2.19358956760467,5.28788248841866,2.04324787138913e-06,4.40286960673529e-05,4.09574644055478e-05,"ANLN/ASPM/AURKA/BIRC5/CCNB1/CCNB2/CDCA8/CENPA/CENPE/CENPH/CHEK1/CSRP2/DLGAP5/ECT2/GPSM2/KIF11/KIF2C/KIFC1/MAD2L1/MAP7/MYOM1/NDC80/NEK2/NUSAP1/PLK4/PRC1/PSRC1/RACGAP1/RHOF/SKA1/SPC25/SPDL1/SYDE1/TPX2/TTC12/TTK/ZMYM3",37
"greenyellow","GO:0019953","sexual reproduction","24/155","235/4319",0.102127659574468,2.84573781743308,5.61323058228803,2.20728524807651e-06,4.70574429483545e-05,4.37749403621892e-05,"ASPM/AURKA/CCDC34/CCNB2/CCNE1/HYAL3/NCAPD2/NCAPD3/NDC80/NEK2/PSMC3IP/PTTG1/PTTG3P/RACGAP1/RAD54B/SKA1/SMC4/TDRD9/TOP2A/TRIP13/TSPAN8/TTC12/TTK/ZWINT",24
"greenyellow","GO:0051294","establishment of spindle orientation","6/155","13/4319",0.461538461538462,12.8605459057072,8.2621133684956,2.70349094920482e-06,5.57884006897047e-05,5.18968681696959e-05,"CENPA/GPSM2/MAD2L1/NDC80/SKA1/SPDL1",6
"greenyellow","GO:0090266","regulation of mitotic cell cycle spindle assembly checkpoint","6/155","13/4319",0.461538461538462,12.8605459057072,8.2621133684956,2.70349094920482e-06,5.57884006897047e-05,5.18968681696959e-05,"BIRC5/CCNB1/CDCA8/MAD2L1/NDC80/SKA1",6
"greenyellow","GO:1903504","regulation of mitotic spindle checkpoint","6/155","13/4319",0.461538461538462,12.8605459057072,8.2621133684956,2.70349094920482e-06,5.57884006897047e-05,5.18968681696959e-05,"BIRC5/CCNB1/CDCA8/MAD2L1/NDC80/SKA1",6
"greenyellow","GO:0010639","negative regulation of organelle organization","16/155","116/4319",0.137931034482759,3.84338153503893,5.98875085753512,2.72817528322907e-06,5.57884006897047e-05,5.18968681696959e-05,"BIRC5/BNIP3/CCNB1/CDCA8/CENPF/CHEK1/MAD2L1/NDC80/SKA1/SPC25/SPDL1/TOP2A/TPX2/TRIP13/TTK/ZWINT",16
"greenyellow","GO:0090307","mitotic spindle assembly","8/155","27/4319",0.296296296296296,8.25615292712067,7.29642731025993,2.85432160722853e-06,5.77783888978381e-05,5.37480442998589e-05,"BIRC5/CDCA8/KIF11/KIFC1/NEK2/PRC1/RACGAP1/TPX2",8
"greenyellow","GO:0065004","protein-DNA complex assembly","11/155","56/4319",0.196428571428571,5.47338709677419,6.50016881154122,3.29081699914017e-06,6.5947972662769e-05,6.13477568997605e-05,"CDC45/CENPA/CENPE/CENPF/CENPH/CHAF1B/DLGAP5/GMNN/HJURP/ITGB3BP/OIP5",11
"greenyellow","GO:0044839","cell cycle G2/M phase transition","10/155","46/4319",0.217391304347826,6.05750350631136,6.65273875606549,3.55115841867915e-06,7.04606086240893e-05,6.55456129179862e-05,"AURKA/BIRC5/CCNA2/CCNB1/CCNB2/CENPF/CHEK1/FOXM1/MELK/NDC80",10
"greenyellow","GO:0000281","mitotic cytokinesis","8/155","28/4319",0.285714285714286,7.96129032258064,7.12920844021311,3.87539967298539e-06,7.61402053398307e-05,7.08290280790209e-05,"ANLN/BIRC5/CDCA8/CENPA/CEP55/ECT2/NUSAP1/RACGAP1",8
"greenyellow","GO:0071824","protein-DNA complex organization","11/155","60/4319",0.183333333333333,5.10849462365591,6.18238911577538,6.68873461914949e-06,0.000130138098803646,0.000121060286259721,"CDC45/CENPA/CENPE/CENPF/CENPH/CHAF1B/DLGAP5/GMNN/HJURP/ITGB3BP/OIP5",11
"greenyellow","GO:0045143","homologous chromosome segregation","6/155","16/4319",0.375,10.4491935483871,7.30501094068164,1.1532180123078e-05,0.000222216240063927,0.000206715495930883,"CCNE1/PSMC3IP/PTTG1/PTTG3P/TRIP13/ZWINT",6
"greenyellow","GO:0006259","DNA metabolic process","23/155","241/4319",0.0954356846473029,2.65926917414001,5.11391568271812,1.16583111281525e-05,0.000222507195245883,0.000206986155468252,"CBS/CCNA2/CCNE1/CDC45/CDCA5/CDKN2A/CENPF/CHAF1B/CHEK1/FOXM1/GINS2/GMNN/NEK2/PARPBP/POLQ/PSMC3IP/PTTG1/RAD54B/RBBP7/SLF1/TOP2A/TRIP13/TYMS",23
"greenyellow","GO:0061640","cytoskeleton-dependent cytokinesis","8/155","33/4319",0.242424242424242,6.75503421309873,6.40222015185067,1.48530431156552e-05,0.000280806588714841,0.000261218861547423,"ANLN/BIRC5/CDCA8/CENPA/CEP55/ECT2/NUSAP1/RACGAP1",8
"greenyellow","GO:0022414","reproductive process","30/155","373/4319",0.0804289544235925,2.24111389777739,4.83770433231537,1.55000046914395e-05,0.000290299153286399,0.000270049270128277,"AKR1C3/ASPM/AURKA/BMP6/BMPR1A/CBS/CCDC34/CCNB2/CCNE1/HYAL3/NCAPD2/NCAPD3/NDC80/NEK2/PLK4/PSMC3IP/PTTG1/PTTG3P/RACGAP1/RAD54B/SKA1/SMC4/SYDE1/TDRD9/TOP2A/TRIP13/TSPAN8/TTC12/TTK/ZWINT",30
"greenyellow","GO:0000132","establishment of mitotic spindle orientation","5/155","11/4319",0.454545454545455,12.6656891495601,7.47344259086578,2.16574043734726e-05,0.000398178333618707,0.000370403313813809,"CENPA/GPSM2/MAD2L1/NDC80/SPDL1",5
"greenyellow","GO:1901970","positive regulation of mitotic sister chromatid separation","5/155","11/4319",0.454545454545455,12.6656891495601,7.47344259086578,2.16574043734726e-05,0.000398178333618707,0.000370403313813809,"BIRC5/CDCA8/DLGAP5/SKA1/UBE2C",5
"greenyellow","GO:0000910","cytokinesis","10/155","56/4319",0.178571428571429,4.9758064516129,5.77714660913975,2.27588361267091e-05,0.000414624614526591,0.000385702380673702,"ANLN/AURKA/BIRC5/CDCA8/CENPA/CEP55/ECT2/NUSAP1/PRC1/RACGAP1",10
"greenyellow","GO:1901989","positive regulation of cell cycle phase transition","8/155","35/4319",0.228571428571429,6.36903225806452,6.15257777078003,2.36830763078427e-05,0.000427575539828079,0.000397749911248833,"BIRC5/CCNB1/CCNE1/CDCA5/DLGAP5/EZH2/SKA1/UBE2C",8
"greenyellow","GO:0045840","positive regulation of mitotic nuclear division","6/155","18/4319",0.333333333333333,9.28817204301075,6.7977016001737,2.51812101560842e-05,0.000446576505776927,0.000415425460516303,"AURKA/DLGAP5/LRP5/NUSAP1/SKA1/UBE2C",6
"greenyellow","GO:0070192","chromosome organization involved in meiotic cell cycle","6/155","18/4319",0.333333333333333,9.28817204301075,6.7977016001737,2.51812101560842e-05,0.000446576505776927,0.000415425460516303,"CCNE1/NCAPD2/NCAPD3/PSMC3IP/SMC4/TRIP13",6
"greenyellow","GO:0010638","positive regulation of organelle organization","17/155","161/4319",0.105590062111801,2.9422159887798,4.84529281893197,4.99785096341245e-05,0.0008785695904104,0.000817284769732544,"AURKA/BNIP3/DLGAP5/GPSM2/LRP5/NCAPD2/NCAPD3/NCAPG/NCAPG2/NEK2/NUSAP1/PLK4/PSRC1/SKA1/SLF1/SMC4/UBE2C",17
"greenyellow","GO:0051642","centrosome localization","5/155","13/4319",0.384615384615385,10.7171215880893,6.76899367149855,5.69005579724254e-05,0.000983006191178797,0.00091443637177101,"ASPM/AURKA/DLGAP5/GPSM2/MAD2L1",5
"greenyellow","GO:0061842","microtubule organizing center localization","5/155","13/4319",0.384615384615385,10.7171215880893,6.76899367149855,5.69005579724254e-05,0.000983006191178797,0.00091443637177101,"ASPM/AURKA/DLGAP5/GPSM2/MAD2L1",5
"greenyellow","GO:0000086","G2/M transition of mitotic cell cycle","8/155","40/4319",0.2,5.57290322580645,5.60534916776805,6.6413002367565e-05,0.00113753552773163,0.0010581864794688,"AURKA/BIRC5/CCNA2/CCNB1/CENPF/CHEK1/FOXM1/MELK",8
"greenyellow","GO:0007292","female gamete generation","8/155","41/4319",0.195121951219512,5.43697875688434,5.50694444591236,8.00298186933417e-05,0.00135915048018184,0.00126434263073959,"ASPM/AURKA/CCNB2/NDC80/SKA1/TOP2A/TRIP13/TTK",8
"greenyellow","GO:1901992","positive regulation of mitotic cell cycle phase transition","7/155","31/4319",0.225806451612903,6.29198751300728,5.70458528059896,8.51684850722885e-05,0.00143426591667955,0.00133421837295907,"BIRC5/CCNB1/CCNE1/CDCA5/DLGAP5/SKA1/UBE2C",7
"greenyellow","GO:0051785","positive regulation of nuclear division","6/155","22/4319",0.272727272727273,7.59941348973607,5.98667678179161,8.98114957592169e-05,0.00149985197917892,0.00139522946482082,"AURKA/DLGAP5/LRP5/NUSAP1/SKA1/UBE2C",6
"greenyellow","GO:0045931","positive regulation of mitotic cell cycle","8/155","42/4319",0.19047619047619,5.30752688172043,5.41171384226234,9.58858660348233e-05,0.0015880601283784,0.0014772846346035,"AURKA/BIRC5/CCNB1/CCNE1/CDCA5/DLGAP5/SKA1/UBE2C",8
"greenyellow","GO:2001252","positive regulation of chromosome organization","8/155","43/4319",0.186046511627907,5.184096024006,5.31947570971362,0.000114259158207931,0.00187684715613683,0.00174592725786235,"NCAPD2/NCAPD3/NCAPG/NCAPG2/NEK2/SKA1/SLF1/SMC4",8
"greenyellow","GO:0006302","double-strand break repair","10/155","73/4319",0.136986301369863,3.81705700397702,4.68294306800918,0.000234804841403397,0.00382560083066999,0.00355874517865141,"CDC45/CDCA5/CHEK1/FOXM1/GINS2/PARPBP/POLQ/RAD54B/SLF1/TRIP13",10
"greenyellow","GO:0090232","positive regulation of spindle checkpoint","4/155","10/4319",0.4,11.1458064516129,6.19655250275827,0.000283060139210183,0.00450200411886672,0.00418796580234949,"BIRC5/CDCA8/MAD2L1/NDC80",4
"greenyellow","GO:0090267","positive regulation of mitotic cell cycle spindle assembly checkpoint","4/155","10/4319",0.4,11.1458064516129,6.19655250275827,0.000283060139210183,0.00450200411886672,0.00418796580234949,"BIRC5/CDCA8/MAD2L1/NDC80",4
"greenyellow","GO:1901978","positive regulation of cell cycle checkpoint","4/155","10/4319",0.4,11.1458064516129,6.19655250275827,0.000283060139210183,0.00450200411886672,0.00418796580234949,"BIRC5/CDCA8/MAD2L1/NDC80",4
"greenyellow","GO:0006310","DNA recombination","10/155","77/4319",0.12987012987013,3.61876832844575,4.47310320061998,0.000366417501645571,0.00578189506533641,0.00537857766609454,"CDC45/CHEK1/GINS2/PARPBP/POLQ/PSMC3IP/RAD54B/SLF1/TOP2A/TRIP13",10
"greenyellow","GO:0032508","DNA duplex unwinding","5/155","19/4319",0.263157894736842,7.33276740237691,5.33688589352565,0.000431502082175009,0.00666612302779286,0.00620112610685007,"CDC45/GINS2/POLQ/RAD54B/TOP2A",5
"greenyellow","GO:0170034","L-amino acid biosynthetic process","4/155","11/4319",0.363636363636364,10.1325513196481,5.85062717860086,0.000432433130545445,0.00666612302779286,0.00620112610685007,"CBS/PSAT1/PSPH/PYCR1",4
"greenyellow","GO:0170038","proteinogenic amino acid biosynthetic process","4/155","11/4319",0.363636363636364,10.1325513196481,5.85062717860086,0.000432433130545445,0.00666612302779286,0.00620112610685007,"CBS/PSAT1/PSPH/PYCR1",4
"greenyellow","GO:0000082","G1/S transition of mitotic cell cycle","9/155","65/4319",0.138461538461538,3.85816377171216,4.47916285826505,0.000446762671223817,0.00683444574910327,0.006357707438629,"CCNA2/CCNB1/CCNB2/CCNE1/CCNO/CDKN2A/CDKN2C/CDKN3/EZH2",9
"greenyellow","GO:0007098","centrosome cycle","6/155","29/4319",0.206896551724138,5.7650723025584,4.96697135391336,0.000464176528832188,0.00704704366499776,0.00655547553877037,"AURKA/CHEK1/KIF11/NDC80/NEK2/PLK4",6
"greenyellow","GO:0032392","DNA geometric change","5/155","20/4319",0.25,6.96612903225806,5.15912113055925,0.000558827490328949,0.00829935879394015,0.00772043514238261,"CDC45/GINS2/POLQ/RAD54B/TOP2A",5
"greenyellow","GO:0006260","DNA replication","9/155","67/4319",0.134328358208955,3.74299470389986,4.36533472534113,0.000562018496610506,0.00829935879394015,0.00772043514238261,"CCNA2/CCNE1/CDC45/CHAF1B/CHEK1/GINS2/GMNN/POLQ/RBBP7",9
"greenyellow","GO:0044843","cell cycle G1/S phase transition","9/155","67/4319",0.134328358208955,3.74299470389986,4.36533472534113,0.000562018496610506,0.00829935879394015,0.00772043514238261,"CCNA2/CCNB1/CCNB2/CCNE1/CCNO/CDKN2A/CDKN2C/CDKN3/EZH2",9
"greenyellow","GO:0031023","microtubule organizing center organization","6/155","30/4319",0.2,5.57290322580645,4.84871237530929,0.000563229938111707,0.00829935879394015,0.00772043514238261,"AURKA/CHEK1/KIF11/NDC80/NEK2/PLK4",6
"greenyellow","GO:0007131","reciprocal meiotic recombination","4/155","12/4319",0.333333333333333,9.28817204301075,5.54643275845145,0.000630621929721035,0.00915772715334025,0.00851892782254732,"PSMC3IP/RAD54B/TOP2A/TRIP13",4
"greenyellow","GO:0140527","reciprocal homologous recombination","4/155","12/4319",0.333333333333333,9.28817204301075,5.54643275845145,0.000630621929721035,0.00915772715334025,0.00851892782254732,"PSMC3IP/RAD54B/TOP2A/TRIP13",4
"greenyellow","GO:0051338","regulation of transferase activity","15/155","165/4319",0.0909090909090909,2.53313782991202,3.87384048491719,0.000731678827541999,0.0105488084201019,0.00981297390062007,"ADARB1/CDKN1C/CDKN2A/CDKN2C/CDKN3/CENPE/ECT2/EZH2/LRP5/MAD2L1/PPP1R3F/PSRC1/RASIP1/TPX2/UBE2C",15
"greenyellow","GO:0010458","exit from mitosis","4/155","13/4319",0.307692307692308,8.57369727047146,5.2758739745015,0.000885609206053752,0.0124983158375473,0.0116264929868139,"ANLN/BIRC5/CDCA5/UBE2C",4
"greenyellow","GO:0035825","homologous recombination","4/155","13/4319",0.307692307692308,8.57369727047146,5.2758739745015,0.000885609206053752,0.0124983158375473,0.0116264929868139,"PSMC3IP/RAD54B/TOP2A/TRIP13",4
"greenyellow","GO:1901607","alpha-amino acid biosynthetic process","4/155","13/4319",0.307692307692308,8.57369727047146,5.2758739745015,0.000885609206053752,0.0124983158375473,0.0116264929868139,"CBS/PSAT1/PSPH/PYCR1",4
"greenyellow","GO:0071103","DNA conformation change","5/155","22/4319",0.227272727272727,6.33284457478006,4.8377051758301,0.000895554356496466,0.0125502862267057,0.011674838169711,"CDC45/GINS2/POLQ/RAD54B/TOP2A",5
"greenyellow","GO:0000724","double-strand break repair via homologous recombination","7/155","45/4319",0.155555555555556,4.33448028673835,4.33779436126376,0.000963340953830905,0.0133140363550147,0.0123853127349149,"CDC45/CHEK1/GINS2/PARPBP/POLQ/RAD54B/SLF1",7
"greenyellow","GO:0000725","recombinational repair","7/155","45/4319",0.155555555555556,4.33448028673835,4.33779436126376,0.000963340953830905,0.0133140363550147,0.0123853127349149,"CDC45/CHEK1/GINS2/PARPBP/POLQ/RAD54B/SLF1",7
"greenyellow","GO:0170033","L-amino acid metabolic process","7/155","46/4319",0.152173913043478,4.24025245441795,4.26229127790851,0.00110257468255094,0.0151339703002197,0.0140782967757586,"ALDH5A1/CBS/KYAT1/PPAT/PSAT1/PSPH/PYCR1",7
"greenyellow","GO:0032465","regulation of cytokinesis","6/155","35/4319",0.171428571428571,4.77677419354839,4.32794884284382,0.00132738183195754,0.0180957359948497,0.0168334638338475,"AURKA/BIRC5/CDCA8/ECT2/PRC1/RACGAP1",6
"greenyellow","GO:1904029","regulation of cyclin-dependent protein kinase activity","5/155","24/4319",0.208333333333333,5.80510752688172,4.55385245164195,0.00136390796642591,0.0184680511129563,0.0171798080266024,"CDKN1C/CDKN2A/CDKN2C/CDKN3/PSRC1",5
"greenyellow","GO:1901605","alpha-amino acid metabolic process","7/155","48/4319",0.145833333333333,4.06357526881721,4.11752453430029,0.00142820218636685,0.0192088401441555,0.0178689231512235,"ALDH5A1/CBS/KYAT1/PPAT/PSAT1/PSPH/PYCR1",7
"greenyellow","GO:2000241","regulation of reproductive process","7/155","49/4319",0.142857142857143,3.98064516129032,4.04805297753821,0.00161691894927398,0.0216020371623004,0.0200951821695735,"ASPM/AURKA/HYAL3/SYDE1/TRIP13/TTK/ZWINT",7
"greenyellow","GO:0051129","negative regulation of cellular component organization","18/155","236/4319",0.076271186440678,2.1252597047567,3.42981650845676,0.00173977355596799,0.0230894450739064,0.0214788356055721,"BIRC5/BMP6/BNIP3/CCNB1/CDCA8/CENPF/CHEK1/MAD2L1/NDC80/SKA1/SPC25/SPDL1/STX1B/TOP2A/TPX2/TRIP13/TTK/ZWINT",18
"greenyellow","GO:0032506","cytokinetic process","4/155","16/4319",0.25,6.96612903225806,4.61231295887708,0.0020720744222905,0.0271401120409814,0.0252469473813311,"ANLN/CEP55/ECT2/RACGAP1",4
"greenyellow","GO:0051445","regulation of meiotic cell cycle","4/155","16/4319",0.25,6.96612903225806,4.61231295887708,0.0020720744222905,0.0271401120409814,0.0252469473813311,"ASPM/TRIP13/TTK/ZWINT",4
"greenyellow","GO:0007276","gamete generation","14/155","165/4319",0.0848484848484849,2.36426197458456,3.44713512775429,0.00214519754211245,0.027915427755801,0.0259681807729402,"ASPM/AURKA/CCDC34/CCNB2/NDC80/PTTG1/RACGAP1/SKA1/TDRD9/TOP2A/TRIP13/TSPAN8/TTC12/TTK",14
"greenyellow","GO:2000779","regulation of double-strand break repair","5/155","28/4319",0.178571428571429,4.9758064516129,4.07170963974173,0.00280866825743434,0.0363133625025705,0.033780315680246,"CHEK1/FOXM1/PARPBP/POLQ/SLF1",5
"greenyellow","GO:0007163","establishment or maintenance of cell polarity","8/155","70/4319",0.114285714285714,3.18451612903226,3.55477991541701,0.0032724660347705,0.0420386021389749,0.0391061899296798,"CENPA/GPSM2/KIF2C/MAD2L1/MAP7/NDC80/SKA1/SPDL1",8
"greenyellow","GO:0045859","regulation of protein kinase activity","12/155","137/4319",0.0875912408759124,2.44068754414881,3.30590126284047,0.00341404096523889,0.0435779496454697,0.0405381599023673,"ADARB1/CDKN1C/CDKN2A/CDKN2C/CDKN3/CENPE/ECT2/EZH2/LRP5/PSRC1/RASIP1/TPX2",12
"greenyellow","GO:0048609","multicellular organismal reproductive process","16/155","212/4319",0.0754716981132075,2.10298234936092,3.17706389630963,0.00349844809799116,0.0443727214454069,0.041277492215472,"ASPM/AURKA/CBS/CCDC34/CCNB2/HYAL3/NDC80/PTTG1/RACGAP1/SKA1/TDRD9/TOP2A/TRIP13/TSPAN8/TTC12/TTK",16
"greenyellow","GO:0006468","protein phosphorylation","23/155","355/4319",0.0647887323943662,1.80530667878237,3.05534644697984,0.00355194329114541,0.0447678890280214,0.0416450947938995,"ADARB1/AURKA/BIRC5/BMP6/BMPR1A/CCNE1/CDKN1C/CDKN2A/CDKN2C/CDKN3/CENPE/CHEK1/ECT2/EZH2/LRP5/MELK/NEK2/PBK/PLK4/PSRC1/RASIP1/TPX2/TTK",23
"greenyellow","GO:0006281","DNA repair","12/155","138/4319",0.0869565217391304,2.42300140252454,3.27760486231553,0.00362520996573748,0.0454057548208619,0.0422384661139545,"CDC45/CDCA5/CHAF1B/CHEK1/FOXM1/GINS2/PARPBP/POLQ/PTTG1/RAD54B/SLF1/TRIP13",12
"greenyellow","GO:0034502","protein localization to chromosome","5/155","30/4319",0.166666666666667,4.64408602150538,3.86387468019262,0.00384387885344941,0.0478455479646746,0.0445080709346774,"CENPA/EZH2/SLF1/SPDL1/TTK",5
"green","GO:0006396","RNA processing","40/295","278/4319",0.143884892086331,2.10657236922327,5.16393938137759,3.11130489501307e-06,0.00862142586408122,0.00862142586408122,"DDX54/ERCC2/FDXACB1/FUS/HEATR1/HNRNPA3/MEPCE/NAT10/NVL/PDCD11/PRKDC/PUF60/RBM4B/RNU11/RNU4-2/RNU4ATAC/RNVU1-7/RPP14/RPP25L/RPPH1/SCARNA13/SCARNA16/SNHG10/SNORA49/SNORA70C/SNORA73A/SNORA73B/SNORD110/SNORD125/SNORD13/SNORD15B/SNORD33/SNORD3A/SNORD3C/SNORD3D/SNORD46/SNORD55/SNORD71/TAF15/ZNF326",40
"yellow","GO:0006338","chromatin remodeling","43/375","223/4319",0.192825112107623,2.22083109118087,5.77186996533548,2.56575350929062e-07,0.000790729580830096,0.000764148178961784,"ARID4A/ATAD2/BAZ1A/BCOR/CDC7/CSNK1G3/GATAD1/GLYR1/JAK2/KAT7/KDM6A/KDM6B/LMNB1/LRRK2/MAP4K3/MASTL/MSL1/MYBBP1A/NBN/NEK7/NFKBIZ/PCGF5/PCGF6/PHF2/PIM1/PIWIL4/PRIMPOL/PWWP2A/RB1/RNF8/SHPRH/SIRT1/SMARCC1/SMCHD1/SMG1/STK17B/STK35/STK38L/TASP1/TSPYL4/UHRF2/VRK2/XIST",43
"yellow","GO:0006325","chromatin organization","46/375","252/4319",0.182539682539683,2.10237037037037,5.56005663851625,5.10148116664578e-07,0.000790729580830096,0.000764148178961784,"ARID4A/ATAD2/BAZ1A/BCOR/CDC7/CSNK1G3/EID3/GATAD1/GLYR1/JAK2/KAT7/KDM6A/KDM6B/LMNB1/LRRK2/MAP4K3/MASTL/MSL1/MYBBP1A/NBN/NEK7/NFKBIZ/PCGF5/PCGF6/PHF2/PIM1/PIWIL4/PRIMPOL/PWWP2A/RB1/RNF8/SHPRH/SIRT1/SMARCC1/SMC6/SMCHD1/SMG1/STK17B/STK35/STK38L/TASP1/TBL1XR1/TSPYL4/UHRF2/VRK2/XIST",46
"yellow","GO:0043687","post-translational protein modification","41/375","246/4319",0.166666666666667,1.91955555555556,4.57906513067291,2.33971673657142e-05,0.0155130341409349,0.0149915433497796,"BCL10/BCL2/DCAF16/DDX3X/EID3/ESCO1/FBXO3/FBXO30/HERC3/HERC4/IFT80/JAK2/KCTD9/KLHL7/LRRK2/MIB1/NBN/OTUD6B/PELI1/PTPN22/RNF111/RNF180/RNF8/SENP6/SENP7/SHPRH/SIRT1/SMC6/SOCS4/SOCS5/STT3B/SUMO1P1/TPP2/TRIM24/UBD/UBE2W/UBR1/UHRF2/USP47/USP8/YOD1",41
"yellow","GO:0051052","regulation of DNA metabolic process","25/375","120/4319",0.208333333333333,2.39944444444444,4.79360061970654,2.41931139721807e-05,0.0155130341409349,0.0149915433497796,"BAZ1A/CDC7/CYP1B1/EID3/EREG/ESCO1/FIGNL1/GCH1/KAT7/KLF4/MIR221/NBN/NEK7/PELI1/POT1/RNF8/SIRT1/SMARCC1/SMC6/SMCHD1/SMG1/TADA1/WAPL/WRNIP1/XRN1",25
"yellow","GO:0006888","endoplasmic reticulum to Golgi vesicle-mediated transport","11/375","31/4319",0.354838709677419,4.08679569892473,5.3180185116252,3.13891476560697e-05,0.0155130341409349,0.0149915433497796,"BET1/LRRK2/SAR1B/SEC23A/SEC24B/SEC31B/SPAST/TMED10/TMED5/TMED7/TRAPPC13",11
"yellow","GO:2001234","negative regulation of apoptotic signaling pathway","16/375","60/4319",0.266666666666667,3.07128888888889,4.98139499833627,3.20673180733118e-05,0.0155130341409349,0.0149915433497796,"BCL2/DDX3X/FIGNL1/FZD1/ITGAV/KLF4/LRRK2/MIR221/NR4A2/NRG1/NRP1/PTGS2/RB1/RRM2B/SIRT1/USP47",16
"yellow","GO:0070647","protein modification by small protein conjugation or removal","38/375","225/4319",0.168888888888889,1.94514962962963,4.48958716845757,3.50294319311434e-05,0.0155130341409349,0.0149915433497796,"BCL10/BCL2/DCAF16/DDX3X/EID3/FBXO3/FBXO30/HERC3/HERC4/IFT80/KCTD9/KLHL7/LRRK2/MIB1/NBN/OTUD6B/PELI1/PTPN22/RNF111/RNF180/RNF8/SENP6/SENP7/SHPRH/SIRT1/SMC6/SOCS4/SOCS5/SUMO1P1/TPP2/TRIM24/UBD/UBE2W/UBR1/UHRF2/USP47/USP8/YOD1",38
"yellow","GO:0006281","DNA repair","26/375","138/4319",0.188405797101449,2.16993236714976,4.30674060914717,0.000102234448853989,0.0396158489309207,0.0382841107155858,"BTG2/CDC7/EID3/FIGNL1/JMY/KAT7/MIR221/NBN/PELI1/POT1/PRIMPOL/RAD51B/REV3L/RNF111/RNF8/RRM2B/SHPRH/SIRT1/SMARCC1/SMC6/SMCHD1/SMG1/TADA1/UBE2W/USP47/WRNIP1",26
